Date,Time,Lat,Long,Alt,DIN2,SSID,WIFI,INT,Registration
17/07/2025,00:00:00,44.94659,-67.50208,8043.0,0.0,SKT-4031,1.0,0.0,GPIX
17/07/2025,00:00:07,44.94463,-67.48626,8043.0,0.0,SKT-4031,1.0,0.0,GPIX
17/07/2025,00:00:14,44.94265,-67.47044,8043.0,0.0,SKT-4031,1.0,0.0,GPIX
17/07/2025,00:00:21,44.94067,-67.45464,8042.0,0.0,SKT-4031,1.0,0.0,GPIX
17/07/2025,00:00:28,44.93868,-67.43885,8043.0,0.0,SKT-4031,1.0,0.0,GPIX
17/07/2025,00:00:35,44.93668,-67.42306,8043.0,0.0,SKT-4031,1.0,0.0,GPIX
17/07/2025,00:00:42,44.93468,-67.40726,8044.0,0.0,SKT-4031,1.0,0.0,GPIX
17/07/2025,00:00:49,44.93268,-67.39146,8044.0,0.0,SKT-4031,1.0,0.0,GPIX
17/07/2025,00:00:56,44.93069,-67.37564,8044.0,0.0,SKT-4031,1.0,0.0,GPIX
17/07/2025,00:01:03,44.92869,-67.35983,8043.0,0.0,SKT-4031,1.0,0.0,GPIX
17/07/2025,00:01:10,44.92669,-67.34401,8043.0,0.0,SKT-4031,1.0,0.0,GPIX
17/07/2025,00:01:17,44.9247,-67.32819,8043.0,0.0,SKT-4031,1.0,0.0,GPIX
17/07/2025,00:01:24,44.92271,-67.31236,8043.0,0.0,SKT-4031,1.0,0.0,GPIX
17/07/2025,00:01:31,44.92072,-67.29652,8043.0,0.0,SKT-4031,1.0,0.0,GPIX
17/07/2025,00:01:38,44.91873,-67.28067,8043.0,0.0,SKT-4031,1.0,0.0,GPIX
17/07/2025,00:01:45,44.91673,-67.26482,8043.0,0.0,SKT-4031,1.0,0.0,GPIX
17/07/2025,00:01:53,44.91443,-67.24673,8044.0,0.0,SKT-4031,1.0,0.0,GPIX
17/07/2025,00:02:00,44.91243,-67.2309,8043.0,0.0,SKT-4031,1.0,0.0,GPIX
17/07/2025,00:02:07,44.91042,-67.21507,8043.0,0.0,SKT-4031,1.0,0.0,GPIX
17/07/2025,00:02:14,44.9084,-67.19925,8044.0,0.0,SKT-4031,1.0,0.0,GPIX
17/07/2025,00:02:21,44.90636,-67.18342,8043.0,0.0,SKT-4031,1.0,0.0,GPIX
17/07/2025,00:02:28,44.90435,-67.16759,8044.0,0.0,SKT-4031,1.0,0.0,GPIX
17/07/2025,00:02:35,44.90282,-67.15164,8043.0,0.0,SKT-4031,1.0,0.0,GPIX
17/07/2025,00:02:42,44.90194,-67.13559,8044.0,0.0,SKT-4031,1.0,0.0,GPIX
17/07/2025,00:02:49,44.90154,-67.1195,8044.0,0.0,SKT-4031,1.0,0.0,GPIX
17/07/2025,00:02:56,44.90142,-67.10339,8042.0,0.0,SKT-4031,1.0,0.0,GPIX
17/07/2025,00:03:03,44.90146,-67.08727,8042.0,0.0,SKT-4031,1.0,0.0,GPIX
17/07/2025,00:03:10,44.9016,-67.07117,8042.0,0.0,SKT-4031,1.0,0.0,GPIX
17/07/2025,00:03:17,44.90178,-67.05507,8041.0,0.0,SKT-4031,1.0,0.0,GPIX
17/07/2025,00:03:24,44.902,-67.03896,8042.0,0.0,SKT-4031,1.0,0.0,GPIX
17/07/2025,00:03:31,44.90221,-67.02285,8041.0,0.0,SKT-4031,1.0,0.0,GPIX
17/07/2025,00:03:38,44.90242,-67.00672,8041.0,0.0,SKT-4031,1.0,0.0,GPIX
17/07/2025,00:03:45,44.90259,-66.99059,8041.0,0.0,SKT-4031,1.0,0.0,GPIX
17/07/2025,00:03:52,44.90273,-66.97446,8042.0,0.0,SKT-4031,1.0,0.0,GPIX
17/07/2025,00:03:59,44.90283,-66.95833,8043.0,0.0,SKT-4031,1.0,0.0,GPIX
17/07/2025,00:04:06,44.90289,-66.9422,8043.0,0.0,SKT-4031,1.0,0.0,GPIX
17/07/2025,00:04:13,44.90292,-66.92608,8044.0,0.0,SKT-4031,1.0,0.0,GPIX
17/07/2025,00:04:21,44.90291,-66.90765,8044.0,0.0,SKT-4031,1.0,0.0,GPIX
17/07/2025,00:04:28,44.90287,-66.89154,8044.0,0.0,SKT-4031,1.0,0.0,GPIX
17/07/2025,00:04:35,44.90279,-66.87543,8044.0,0.0,SKT-4031,1.0,0.0,GPIX
17/07/2025,00:04:42,44.9027,-66.85931,8044.0,0.0,SKT-4031,1.0,0.0,GPIX
17/07/2025,00:04:49,44.9026,-66.84319,8044.0,0.0,SKT-4031,1.0,0.0,GPIX
17/07/2025,00:04:56,44.90248,-66.82708,8044.0,0.0,SKT-4031,1.0,0.0,GPIX
17/07/2025,00:05:03,44.90236,-66.81096,8044.0,0.0,SKT-4031,1.0,0.0,GPIX
17/07/2025,00:05:10,44.90224,-66.79482,8043.0,0.0,SKT-4031,1.0,0.0,GPIX
17/07/2025,00:05:19,44.90207,-66.77406,8043.0,0.0,SKT-4031,1.0,0.0,GPIX
17/07/2025,00:05:26,44.90195,-66.75792,8043.0,0.0,SKT-4031,1.0,0.0,GPIX
17/07/2025,00:05:33,44.90182,-66.74176,8043.0,0.0,SKT-4031,1.0,0.0,GPIX
17/07/2025,00:05:40,44.90171,-66.72559,8042.0,0.0,SKT-4031,1.0,0.0,GPIX
17/07/2025,00:05:47,44.90159,-66.7094,8042.0,0.0,SKT-4031,1.0,0.0,GPIX
17/07/2025,00:05:54,44.90147,-66.69322,8042.0,0.0,SKT-4031,1.0,0.0,GPIX
17/07/2025,00:06:02,44.90134,-66.67471,8042.0,0.0,SKT-4031,1.0,0.0,GPIX
17/07/2025,00:06:09,44.90122,-66.65852,8042.0,0.0,SKT-4031,1.0,0.0,GPIX
17/07/2025,00:06:16,44.90113,-66.64234,8043.0,0.0,SKT-4031,1.0,0.0,GPIX
17/07/2025,00:06:23,44.90103,-66.62616,8043.0,0.0,SKT-4031,1.0,0.0,GPIX
17/07/2025,00:06:30,44.90093,-66.60998,8043.0,0.0,SKT-4031,1.0,0.0,GPIX
17/07/2025,00:06:37,44.90084,-66.5938,8044.0,0.0,SKT-4031,1.0,0.0,GPIX
17/07/2025,00:06:45,44.90075,-66.57531,8044.0,0.0,SKT-4031,1.0,0.0,GPIX
17/07/2025,00:06:52,44.90068,-66.55913,8044.0,0.0,SKT-4031,1.0,0.0,GPIX
17/07/2025,00:06:59,44.90061,-66.54295,8044.0,0.0,SKT-4031,1.0,0.0,GPIX
17/07/2025,00:07:06,44.90055,-66.52676,8044.0,0.0,SKT-4031,1.0,0.0,GPIX
17/07/2025,00:07:14,44.90047,-66.50823,8043.0,0.0,SKT-4031,1.0,0.0,GPIX
17/07/2025,00:07:21,44.90041,-66.49201,8042.0,0.0,SKT-4031,1.0,0.0,GPIX
17/07/2025,00:07:28,44.90033,-66.47579,8042.0,0.0,SKT-4031,1.0,0.0,GPIX
17/07/2025,00:07:35,44.90025,-66.45957,8042.0,0.0,SKT-4031,1.0,0.0,GPIX
17/07/2025,00:07:43,44.90014,-66.44103,8042.0,0.0,SKT-4031,1.0,0.0,GPIX
17/07/2025,00:07:50,44.90005,-66.4248,8042.0,0.0,SKT-4031,1.0,0.0,GPIX
17/07/2025,00:07:57,44.89995,-66.40858,8042.0,0.0,SKT-4031,1.0,0.0,GPIX
17/07/2025,00:08:04,44.89985,-66.39235,8042.0,0.0,SKT-4031,1.0,0.0,GPIX
17/07/2025,00:08:11,44.89975,-66.37612,8041.0,0.0,SKT-4031,1.0,0.0,GPIX
17/07/2025,00:08:18,44.89965,-66.35988,8040.0,0.0,SKT-4031,1.0,0.0,GPIX
17/07/2025,00:08:25,44.89954,-66.34364,8040.0,0.0,SKT-4031,1.0,0.0,GPIX
17/07/2025,00:08:32,44.89942,-66.32738,8041.0,0.0,SKT-4031,1.0,0.0,GPIX
17/07/2025,00:08:39,44.89929,-66.31113,8041.0,0.0,SKT-4031,1.0,0.0,GPIX
17/07/2025,00:08:46,44.89915,-66.29489,8041.0,0.0,SKT-4031,1.0,0.0,GPIX
17/07/2025,00:08:53,44.89901,-66.27866,8042.0,0.0,SKT-4031,1.0,0.0,GPIX
17/07/2025,00:09:00,44.89887,-66.26244,8042.0,0.0,SKT-4031,1.0,0.0,GPIX
17/07/2025,00:09:07,44.89873,-66.24623,8043.0,0.0,SKT-4031,1.0,0.0,GPIX
17/07/2025,00:09:14,44.89859,-66.23002,8043.0,0.0,SKT-4031,1.0,0.0,GPIX
17/07/2025,00:09:21,44.89846,-66.21379,8043.0,0.0,SKT-4031,1.0,0.0,GPIX
17/07/2025,00:09:28,44.89832,-66.19756,8043.0,0.0,SKT-4031,1.0,0.0,GPIX
17/07/2025,00:09:35,44.89819,-66.18133,8042.0,0.0,SKT-4031,1.0,0.0,GPIX
17/07/2025,00:09:42,44.89806,-66.16508,8041.0,0.0,SKT-4031,1.0,0.0,GPIX
17/07/2025,00:09:49,44.89791,-66.14883,8041.0,0.0,SKT-4031,1.0,0.0,GPIX
17/07/2025,00:09:56,44.89777,-66.13258,8042.0,0.0,SKT-4031,1.0,0.0,GPIX
17/07/2025,00:10:03,44.89764,-66.11633,8042.0,0.0,SKT-4031,1.0,0.0,GPIX
17/07/2025,00:10:10,44.8975,-66.10008,8043.0,0.0,SKT-4031,1.0,0.0,GPIX
17/07/2025,00:10:18,44.89734,-66.08151,8042.0,0.0,SKT-4031,1.0,0.0,GPIX
17/07/2025,00:10:25,44.89719,-66.06526,8044.0,0.0,SKT-4031,1.0,0.0,GPIX
17/07/2025,00:10:32,44.89704,-66.04901,8043.0,0.0,SKT-4031,1.0,0.0,GPIX
17/07/2025,00:10:39,44.89689,-66.03275,8042.0,0.0,SKT-4031,1.0,0.0,GPIX
17/07/2025,00:10:46,44.89673,-66.01651,8043.0,0.0,SKT-4031,1.0,0.0,GPIX
17/07/2025,00:10:53,44.89656,-66.00028,8044.0,0.0,SKT-4031,1.0,0.0,GPIX
17/07/2025,00:11:00,44.8964,-65.98406,8045.0,0.0,SKT-4031,1.0,0.0,GPIX
17/07/2025,00:11:07,44.89625,-65.96786,8046.0,0.0,SKT-4031,1.0,0.0,GPIX
17/07/2025,00:11:14,44.8961,-65.95165,8046.0,0.0,SKT-4031,1.0,0.0,GPIX
17/07/2025,00:11:21,44.89593,-65.93546,8044.0,0.0,SKT-4031,1.0,0.0,GPIX
17/07/2025,00:11:28,44.89577,-65.91925,8043.0,0.0,SKT-4031,1.0,0.0,GPIX
17/07/2025,00:11:35,44.89561,-65.90305,8042.0,0.0,SKT-4031,1.0,0.0,GPIX
17/07/2025,00:11:42,44.89545,-65.88684,8041.0,0.0,SKT-4031,1.0,0.0,GPIX
17/07/2025,00:11:49,44.89527,-65.87064,8042.0,0.0,SKT-4031,1.0,0.0,GPIX
17/07/2025,00:11:56,44.89506,-65.85442,8040.0,0.0,SKT-4031,1.0,0.0,GPIX
17/07/2025,00:12:03,44.89484,-65.8382,8040.0,0.0,SKT-4031,1.0,0.0,GPIX
17/07/2025,00:12:10,44.89463,-65.82198,8040.0,0.0,SKT-4031,1.0,0.0,GPIX
17/07/2025,00:12:17,44.89442,-65.80577,8041.0,0.0,SKT-4031,1.0,0.0,GPIX
17/07/2025,00:12:24,44.89421,-65.78955,8042.0,0.0,SKT-4031,1.0,0.0,GPIX
17/07/2025,00:12:31,44.894,-65.77333,8043.0,0.0,SKT-4031,1.0,0.0,GPIX
17/07/2025,00:12:38,44.8938,-65.75709,8043.0,0.0,SKT-4031,1.0,0.0,GPIX
17/07/2025,00:12:45,44.8936,-65.74084,8043.0,0.0,SKT-4031,1.0,0.0,GPIX
17/07/2025,00:12:52,44.8934,-65.72458,8044.0,0.0,SKT-4031,1.0,0.0,GPIX
17/07/2025,00:13:00,44.89317,-65.70599,8045.0,0.0,SKT-4031,1.0,0.0,GPIX
17/07/2025,00:13:07,44.89296,-65.6897,8046.0,0.0,SKT-4031,1.0,0.0,GPIX
17/07/2025,00:13:14,44.89277,-65.67341,8045.0,0.0,SKT-4031,1.0,0.0,GPIX
17/07/2025,00:13:21,44.89256,-65.6571,8044.0,0.0,SKT-4031,1.0,0.0,GPIX
17/07/2025,00:13:28,44.89235,-65.64079,8044.0,0.0,SKT-4031,1.0,0.0,GPIX
17/07/2025,00:13:35,44.89214,-65.6245,8045.0,0.0,SKT-4031,1.0,0.0,GPIX
17/07/2025,00:13:42,44.89192,-65.60818,8044.0,0.0,SKT-4031,1.0,0.0,GPIX
17/07/2025,00:13:49,44.8917,-65.59184,8043.0,0.0,SKT-4031,1.0,0.0,GPIX
17/07/2025,00:13:57,44.89143,-65.57317,8043.0,0.0,SKT-4031,1.0,0.0,GPIX
17/07/2025,00:14:04,44.8912,-65.55682,8043.0,0.0,SKT-4031,1.0,0.0,GPIX
17/07/2025,00:14:11,44.89096,-65.54046,8042.0,0.0,SKT-4031,1.0,0.0,GPIX
17/07/2025,00:14:18,44.89073,-65.52409,8042.0,0.0,SKT-4031,1.0,0.0,GPIX
17/07/2025,00:14:25,44.8905,-65.50772,8042.0,0.0,SKT-4031,1.0,0.0,GPIX
17/07/2025,00:14:32,44.89025,-65.49135,8043.0,0.0,SKT-4031,1.0,0.0,GPIX
17/07/2025,00:14:39,44.89002,-65.47497,8043.0,0.0,SKT-4031,1.0,0.0,GPIX
17/07/2025,00:14:46,44.88978,-65.45858,8043.0,0.0,SKT-4031,1.0,0.0,GPIX
17/07/2025,00:14:53,44.88955,-65.44218,8043.0,0.0,SKT-4031,1.0,0.0,GPIX
17/07/2025,00:15:00,44.8893,-65.42577,8043.0,0.0,SKT-4031,1.0,0.0,GPIX
17/07/2025,00:15:08,44.88899,-65.40703,8043.0,0.0,SKT-4031,1.0,0.0,GPIX
17/07/2025,00:15:15,44.88873,-65.39062,8043.0,0.0,SKT-4031,1.0,0.0,GPIX
17/07/2025,00:15:22,44.88847,-65.3742,8043.0,0.0,SKT-4031,1.0,0.0,GPIX
17/07/2025,00:15:30,44.88815,-65.35544,8044.0,0.0,SKT-4031,1.0,0.0,GPIX
17/07/2025,00:15:37,44.88789,-65.33903,8044.0,0.0,SKT-4031,1.0,0.0,GPIX
17/07/2025,00:15:44,44.88763,-65.3226,8044.0,0.0,SKT-4031,1.0,0.0,GPIX
17/07/2025,00:15:51,44.88739,-65.30617,8044.0,0.0,SKT-4031,1.0,0.0,GPIX
17/07/2025,00:15:58,44.88714,-65.28973,8043.0,0.0,SKT-4031,1.0,0.0,GPIX
17/07/2025,00:16:05,44.88689,-65.2733,8043.0,0.0,SKT-4031,1.0,0.0,GPIX
17/07/2025,00:16:12,44.88663,-65.25686,8043.0,0.0,SKT-4031,1.0,0.0,GPIX
17/07/2025,00:16:19,44.88637,-65.24042,8043.0,0.0,SKT-4031,1.0,0.0,GPIX
17/07/2025,00:16:26,44.8861,-65.22398,8043.0,0.0,SKT-4031,1.0,0.0,GPIX
17/07/2025,00:16:33,44.88585,-65.20752,8043.0,0.0,SKT-4031,1.0,0.0,GPIX
17/07/2025,00:16:40,44.88559,-65.19105,8042.0,0.0,SKT-4031,1.0,0.0,GPIX
17/07/2025,00:16:47,44.88532,-65.17458,8042.0,0.0,SKT-4031,1.0,0.0,GPIX
17/07/2025,00:16:54,44.88504,-65.15813,8043.0,0.0,SKT-4031,1.0,0.0,GPIX
17/07/2025,00:17:01,44.88475,-65.14166,8042.0,0.0,SKT-4031,1.0,0.0,GPIX
17/07/2025,00:17:08,44.88445,-65.1252,8043.0,0.0,SKT-4031,1.0,0.0,GPIX
17/07/2025,00:17:15,44.88416,-65.10872,8043.0,0.0,SKT-4031,1.0,0.0,GPIX
17/07/2025,00:17:22,44.88386,-65.09224,8044.0,0.0,SKT-4031,1.0,0.0,GPIX
17/07/2025,00:17:29,44.88355,-65.07577,8044.0,0.0,SKT-4031,1.0,0.0,GPIX
17/07/2025,00:17:36,44.88324,-65.05929,8045.0,0.0,SKT-4031,1.0,0.0,GPIX
17/07/2025,00:17:43,44.88292,-65.0428,8045.0,0.0,SKT-4031,1.0,0.0,GPIX
17/07/2025,00:17:50,44.88258,-65.02632,8045.0,0.0,SKT-4031,1.0,0.0,GPIX
17/07/2025,00:17:57,44.88225,-65.00985,8045.0,0.0,SKT-4031,1.0,0.0,GPIX
17/07/2025,00:18:04,44.88193,-64.99338,8045.0,0.0,SKT-4031,1.0,0.0,GPIX
17/07/2025,00:18:12,44.88157,-64.97455,8044.0,0.0,SKT-4031,1.0,0.0,GPIX
17/07/2025,00:18:19,44.88125,-64.95805,8044.0,0.0,SKT-4031,1.0,0.0,GPIX
17/07/2025,00:18:26,44.88094,-64.94156,8044.0,0.0,SKT-4031,1.0,0.0,GPIX
17/07/2025,00:18:33,44.88061,-64.92506,8044.0,0.0,SKT-4031,1.0,0.0,GPIX
17/07/2025,00:18:40,44.88029,-64.90855,8045.0,0.0,SKT-4031,1.0,0.0,GPIX
17/07/2025,00:18:47,44.87996,-64.89203,8046.0,0.0,SKT-4031,1.0,0.0,GPIX
17/07/2025,00:18:54,44.87963,-64.87551,8045.0,0.0,SKT-4031,1.0,0.0,GPIX
17/07/2025,00:19:01,44.8793,-64.85898,8044.0,0.0,SKT-4031,1.0,0.0,GPIX
17/07/2025,00:19:08,44.87897,-64.84245,8044.0,0.0,SKT-4031,1.0,0.0,GPIX
17/07/2025,00:19:15,44.87863,-64.82591,8039.0,0.0,SKT-4031,1.0,0.0,GPIX
17/07/2025,00:19:22,44.87824,-64.80935,8016.0,0.0,SKT-4031,1.0,0.0,GPIX
17/07/2025,00:19:29,44.87774,-64.79273,7972.0,0.0,SKT-4031,1.0,0.0,GPIX
17/07/2025,00:19:36,44.87726,-64.77598,7904.0,0.0,SKT-4031,1.0,0.0,GPIX
17/07/2025,00:19:43,44.87684,-64.75901,7834.0,0.0,SKT-4031,1.0,0.0,GPIX
17/07/2025,00:19:50,44.87647,-64.74187,7769.0,0.0,SKT-4031,1.0,0.0,GPIX
17/07/2025,00:19:57,44.87614,-64.72459,7694.0,0.0,SKT-4031,1.0,0.0,GPIX
17/07/2025,00:20:04,44.87577,-64.70719,7614.0,0.0,SKT-4031,1.0,0.0,GPIX
17/07/2025,00:20:11,44.87534,-64.6897,7536.0,0.0,SKT-4031,1.0,0.0,GPIX
17/07/2025,00:20:18,44.87482,-64.6722,7459.0,0.0,SKT-4031,1.0,0.0,GPIX
17/07/2025,00:20:25,44.87421,-64.65471,7381.0,0.0,SKT-4031,1.0,0.0,GPIX
17/07/2025,00:20:32,44.87361,-64.63724,7301.0,0.0,SKT-4031,1.0,0.0,GPIX
17/07/2025,00:20:39,44.87314,-64.61975,7216.0,0.0,SKT-4031,1.0,0.0,GPIX
17/07/2025,00:20:46,44.87281,-64.60223,7133.0,0.0,SKT-4031,1.0,0.0,GPIX
17/07/2025,00:20:54,44.87253,-64.58223,7042.0,0.0,SKT-4031,1.0,0.0,GPIX
17/07/2025,00:21:01,44.8723,-64.56477,6962.0,0.0,SKT-4031,1.0,0.0,GPIX
17/07/2025,00:21:08,44.87209,-64.54733,6883.0,0.0,SKT-4031,1.0,0.0,GPIX
17/07/2025,00:21:15,44.87225,-64.52994,6802.0,0.0,SKT-4031,1.0,0.0,GPIX
17/07/2025,00:21:22,44.87351,-64.51266,6722.0,0.0,SKT-4031,1.0,0.0,GPIX
17/07/2025,00:21:29,44.87583,-64.49563,6642.0,0.0,SKT-4031,1.0,0.0,GPIX
17/07/2025,00:21:36,44.87881,-64.47881,6552.0,0.0,SKT-4031,1.0,0.0,GPIX
17/07/2025,00:21:43,44.88219,-64.4621,6465.0,0.0,SKT-4031,1.0,0.0,GPIX
17/07/2025,00:21:50,44.88581,-64.44553,6384.0,0.0,SKT-4031,1.0,0.0,GPIX
17/07/2025,00:21:57,44.88956,-64.42904,6303.0,0.0,SKT-4031,1.0,0.0,GPIX
17/07/2025,00:22:04,44.8932,-64.41254,6218.0,0.0,SKT-4031,1.0,0.0,GPIX
17/07/2025,00:22:11,44.89668,-64.39599,6136.0,0.0,SKT-4031,1.0,0.0,GPIX
17/07/2025,00:22:18,44.90009,-64.37944,6060.0,0.0,SKT-4031,1.0,0.0,GPIX
17/07/2025,00:22:25,44.90348,-64.36292,5983.0,0.0,SKT-4031,1.0,0.0,GPIX
17/07/2025,00:22:32,44.90684,-64.34638,5898.0,0.0,SKT-4031,1.0,0.0,GPIX
17/07/2025,00:22:39,44.91014,-64.32983,5811.0,0.0,SKT-4031,1.0,0.0,GPIX
17/07/2025,00:22:46,44.91323,-64.31322,5731.0,0.0,SKT-4031,1.0,0.0,GPIX
17/07/2025,00:22:53,44.91611,-64.29662,5655.0,0.0,SKT-4031,1.0,0.0,GPIX
17/07/2025,00:23:00,44.91897,-64.28008,5575.0,0.0,SKT-4031,1.0,0.0,GPIX
17/07/2025,00:23:07,44.92194,-64.26361,5492.0,0.0,SKT-4031,1.0,0.0,GPIX
17/07/2025,00:23:14,44.92509,-64.24725,5410.0,0.0,SKT-4031,1.0,0.0,GPIX
17/07/2025,00:23:21,44.92834,-64.23099,5330.0,0.0,SKT-4031,1.0,0.0,GPIX
17/07/2025,00:23:29,44.9321,-64.21248,5239.0,0.0,SKT-4031,1.0,0.0,GPIX
17/07/2025,00:23:36,44.93536,-64.19633,5160.0,0.0,SKT-4031,1.0,0.0,GPIX
17/07/2025,00:23:43,44.93854,-64.18021,5084.0,0.0,SKT-4031,1.0,0.0,GPIX
17/07/2025,00:23:50,44.94165,-64.16415,5007.0,0.0,SKT-4031,1.0,0.0,GPIX
17/07/2025,00:23:58,44.94513,-64.14591,4914.0,0.0,SKT-4031,1.0,0.0,GPIX
17/07/2025,00:24:05,44.94815,-64.13004,4834.0,0.0,SKT-4031,1.0,0.0,GPIX
17/07/2025,00:24:12,44.95116,-64.11424,4755.0,0.0,SKT-4031,1.0,0.0,GPIX
17/07/2025,00:24:19,44.95413,-64.09851,4677.0,0.0,SKT-4031,1.0,0.0,GPIX
17/07/2025,00:24:26,44.95707,-64.08285,4601.0,0.0,SKT-4031,1.0,0.0,GPIX
17/07/2025,00:24:33,44.96,-64.06728,4526.0,0.0,SKT-4031,1.0,0.0,GPIX
17/07/2025,00:24:40,44.96292,-64.05181,4450.0,0.0,SKT-4031,1.0,0.0,GPIX
17/07/2025,00:24:47,44.96585,-64.03642,4373.0,0.0,SKT-4031,1.0,0.0,GPIX
17/07/2025,00:24:54,44.96877,-64.02113,4298.0,0.0,SKT-4031,1.0,0.0,GPIX
17/07/2025,00:25:01,44.97174,-64.00592,4224.0,0.0,SKT-4031,1.0,0.0,GPIX
17/07/2025,00:25:08,44.97467,-63.99082,4149.0,0.0,SKT-4031,1.0,0.0,GPIX
17/07/2025,00:25:15,44.97751,-63.97581,4073.0,0.0,SKT-4031,1.0,0.0,GPIX
17/07/2025,00:25:22,44.98028,-63.96089,3999.0,0.0,SKT-4031,1.0,0.0,GPIX
17/07/2025,00:25:29,44.983,-63.94609,3928.0,0.0,SKT-4031,1.0,0.0,GPIX
17/07/2025,00:25:36,44.98569,-63.9314,3858.0,0.0,SKT-4031,1.0,0.0,GPIX
17/07/2025,00:25:43,44.98835,-63.91684,3786.0,0.0,SKT-4031,1.0,0.0,GPIX
17/07/2025,00:25:50,44.99103,-63.90239,3715.0,0.0,SKT-4031,1.0,0.0,GPIX
17/07/2025,00:25:57,44.99374,-63.88805,3643.0,0.0,SKT-4031,1.0,0.0,GPIX
17/07/2025,00:26:04,44.99647,-63.87383,3574.0,0.0,SKT-4031,1.0,0.0,GPIX
17/07/2025,00:26:12,44.99957,-63.8577,3495.0,0.0,SKT-4031,1.0,0.0,GPIX
17/07/2025,00:26:19,45.00222,-63.84368,3427.0,0.0,SKT-4031,1.0,0.0,GPIX
17/07/2025,00:26:26,45.00476,-63.82975,3359.0,0.0,SKT-4031,1.0,0.0,GPIX
17/07/2025,00:26:33,45.00723,-63.81595,3290.0,0.0,SKT-4031,1.0,0.0,GPIX
17/07/2025,00:26:40,45.00967,-63.80227,3222.0,0.0,SKT-4031,1.0,0.0,GPIX
17/07/2025,00:26:47,45.01212,-63.78872,3157.0,0.0,SKT-4031,1.0,0.0,GPIX
17/07/2025,00:26:54,45.0146,-63.77531,3091.0,0.0,SKT-4031,1.0,0.0,GPIX
17/07/2025,00:27:01,45.01707,-63.76205,3027.0,0.0,SKT-4031,1.0,0.0,GPIX
17/07/2025,00:27:08,45.01952,-63.74891,2963.0,0.0,SKT-4031,1.0,0.0,GPIX
17/07/2025,00:27:15,45.022,-63.73587,2898.0,0.0,SKT-4031,1.0,0.0,GPIX
17/07/2025,00:27:22,45.02452,-63.7229,2834.0,0.0,SKT-4031,1.0,0.0,GPIX
17/07/2025,00:27:29,45.02703,-63.70998,2773.0,0.0,SKT-4031,1.0,0.0,GPIX
17/07/2025,00:27:36,45.02949,-63.69715,2710.0,0.0,SKT-4031,1.0,0.0,GPIX
17/07/2025,00:27:43,45.03187,-63.68446,2647.0,0.0,SKT-4031,1.0,0.0,GPIX
17/07/2025,00:27:50,45.03422,-63.67189,2584.0,0.0,SKT-4031,1.0,0.0,GPIX
17/07/2025,00:27:57,45.03654,-63.65944,2523.0,0.0,SKT-4031,1.0,0.0,GPIX
17/07/2025,00:28:05,45.03914,-63.64536,2457.0,0.0,SKT-4031,1.0,0.0,GPIX
17/07/2025,00:28:12,45.04134,-63.63315,2402.0,0.0,SKT-4031,1.0,0.0,GPIX
17/07/2025,00:28:19,45.04352,-63.62107,2344.0,0.0,SKT-4031,1.0,0.0,GPIX
17/07/2025,00:28:26,45.0457,-63.60906,2283.0,0.0,SKT-4031,1.0,0.0,GPIX
17/07/2025,00:28:33,45.04787,-63.59713,2222.0,0.0,SKT-4031,1.0,1.0,GPIX
17/07/2025,00:28:40,45.05006,-63.58528,2163.0,0.0,SKT-4031,1.0,1.0,GPIX
17/07/2025,00:28:47,45.05226,-63.5735,2107.0,0.0,SKT-4031,1.0,1.0,GPIX
17/07/2025,00:28:55,45.05481,-63.56008,2045.0,0.0,SKT-4031,1.0,1.0,GPIX
17/07/2025,00:29:02,45.05704,-63.54833,1988.0,0.0,SKT-4031,1.0,1.0,GPIX
17/07/2025,00:29:09,45.05924,-63.53657,1930.0,0.0,SKT-4031,1.0,0.0,GPIX
17/07/2025,00:29:16,45.06142,-63.52478,1873.0,0.0,SKT-4031,1.0,0.0,GPIX
17/07/2025,00:29:24,45.06396,-63.51133,1808.0,0.0,SKT-4031,1.0,0.0,GPIX
17/07/2025,00:29:32,45.06655,-63.49789,1741.0,0.0,SKT-4031,1.0,0.0,GPIX
17/07/2025,00:29:40,45.06891,-63.48436,1663.0,0.0,SKT-4031,1.0,0.0,GPIX
17/07/2025,00:29:48,45.06941,-63.47054,1584.0,0.0,SKT-4031,1.0,0.0,GPIX
17/07/2025,00:29:56,45.06701,-63.45744,1543.0,0.0,SKT-4031,1.0,0.0,GPIX
17/07/2025,00:30:04,45.06298,-63.44563,1500.0,0.0,SKT-4031,1.0,0.0,GPIX
17/07/2025,00:30:12,45.05827,-63.43468,1440.0,0.0,SKT-4031,1.0,0.0,GPIX
17/07/2025,00:30:21,45.05263,-63.42294,1377.0,0.0,SKT-4031,1.0,0.0,GPIX
17/07/2025,00:30:28,45.04817,-63.41413,1333.0,0.0,SKT-4031,1.0,0.0,GPIX
17/07/2025,00:30:35,45.04371,-63.40555,1284.0,0.0,SKT-4031,1.0,0.0,GPIX
17/07/2025,00:30:42,45.03907,-63.39742,1235.0,0.0,SKT-4031,1.0,0.0,GPIX
17/07/2025,00:30:49,45.03352,-63.39106,1188.0,0.0,SKT-4031,1.0,0.0,GPIX
17/07/2025,00:30:56,45.02713,-63.38774,1147.0,0.0,SKT-4031,1.0,0.0,GPIX
17/07/2025,00:31:03,45.02069,-63.38763,1112.0,0.0,SKT-4031,1.0,1.0,GPIX
17/07/2025,00:31:11,45.01381,-63.38988,1060.0,0.0,SKT-4031,1.0,1.0,GPIX
17/07/2025,00:31:18,45.00811,-63.39279,1017.0,0.0,SKT-4031,1.0,1.0,GPIX
17/07/2025,00:31:25,45.00264,-63.39618,976.0,0.0,SKT-4031,1.0,1.0,GPIX
17/07/2025,00:31:33,44.99664,-63.40051,933.0,0.0,SKT-4031,1.0,1.0,GPIX
17/07/2025,00:31:40,44.99162,-63.40467,897.0,0.0,SKT-4031,1.0,1.0,GPIX
17/07/2025,00:31:48,44.98611,-63.40968,858.0,0.0,SKT-4031,1.0,1.0,GPIX
17/07/2025,00:31:55,44.98142,-63.41409,823.0,0.0,SKT-4031,1.0,1.0,GPIX
17/07/2025,00:32:02,44.97679,-63.41844,791.0,0.0,SKT-4031,1.0,1.0,GPIX
17/07/2025,00:32:10,44.97157,-63.42335,751.0,0.0,SKT-4031,1.0,1.0,GPIX
17/07/2025,00:32:17,44.967,-63.42764,711.0,0.0,SKT-4031,1.0,1.0,GPIX
17/07/2025,00:32:25,44.96175,-63.43252,667.0,0.0,SKT-4031,1.0,1.0,GPIX
17/07/2025,00:32:32,44.95726,-63.43676,626.0,0.0,SKT-4031,1.0,1.0,GPIX
17/07/2025,00:32:39,44.95289,-63.44097,594.0,0.0,SKT-4031,1.0,1.0,GPIX
17/07/2025,00:32:47,44.94806,-63.4457,560.0,0.0,SKT-4031,1.0,1.0,GPIX
17/07/2025,00:32:54,44.94401,-63.44967,534.0,0.0,SKT-4031,1.0,1.0,GPIX
17/07/2025,00:33:01,44.94012,-63.45345,510.0,0.0,SKT-4031,1.0,1.0,GPIX
17/07/2025,00:33:09,44.93583,-63.45764,474.0,0.0,SKT-4031,1.0,1.0,GPIX
17/07/2025,00:33:16,44.93217,-63.46123,445.0,0.0,SKT-4031,1.0,1.0,GPIX
17/07/2025,00:33:24,44.9281,-63.46524,415.0,0.0,SKT-4031,1.0,1.0,GPIX
17/07/2025,00:33:31,44.92462,-63.46868,390.0,0.0,SKT-4031,1.0,1.0,GPIX
17/07/2025,00:33:38,44.92118,-63.47211,365.0,0.0,SKT-4031,1.0,1.0,GPIX
17/07/2025,00:33:46,44.91719,-63.47604,339.0,0.0,SKT-4031,1.0,1.0,GPIX
17/07/2025,00:33:54,44.91316,-63.48003,311.0,0.0,SKT-4031,1.0,1.0,GPIX
17/07/2025,00:34:01,44.90965,-63.48356,286.0,0.0,SKT-4031,1.0,1.0,GPIX
17/07/2025,00:34:08,44.90613,-63.48706,261.0,0.0,SKT-4031,1.0,1.0,GPIX
17/07/2025,00:34:16,44.90213,-63.49107,229.0,0.0,SKT-4031,1.0,1.0,GPIX
17/07/2025,00:34:23,44.89865,-63.49465,199.0,0.0,SKT-4031,1.0,1.0,GPIX
17/07/2025,00:34:31,44.89465,-63.49858,170.0,0.0,SKT-4031,1.0,1.0,GPIX
17/07/2025,00:34:38,44.89119,-63.50201,146.0,0.0,SKT-4031,1.0,1.0,GPIX
17/07/2025,00:34:45,44.88774,-63.50543,125.0,0.0,SKT-4031,1.0,1.0,GPIX
17/07/2025,00:34:53,44.88382,-63.50933,120.0,0.0,SKT-4031,1.0,1.0,GPIX
17/07/2025,00:35:00,44.88089,-63.5122,120.0,1.0,SKT-4031,1.0,1.0,GPIX
17/07/2025,00:35:07,44.87875,-63.51431,121.0,1.0,SKT-4031,1.0,1.0,GPIX
17/07/2025,00:35:15,44.87708,-63.51597,122.0,1.0,SKT-4031,1.0,1.0,GPIX
17/07/2025,00:35:22,44.87604,-63.51701,122.0,1.0,SKT-4031,1.0,1.0,GPIX
17/07/2025,00:35:30,44.87527,-63.51777,123.0,1.0,SKT-4031,1.0,1.0,GPIX
17/07/2025,00:35:37,44.87484,-63.51835,123.0,1.0,SKT-4031,1.0,1.0,GPIX
17/07/2025,00:35:45,44.87453,-63.51915,123.0,1.0,SKT-4031,1.0,1.0,GPIX
17/07/2025,00:35:52,44.87444,-63.51981,123.0,1.0,SKT-4031,1.0,1.0,GPIX
17/07/2025,00:36:00,44.87449,-63.52039,123.0,1.0,SKT-4031,1.0,1.0,GPIX
17/07/2025,00:36:08,44.87468,-63.52087,124.0,1.0,SKT-4031,1.0,1.0,GPIX
17/07/2025,00:36:15,44.87488,-63.52116,124.0,1.0,SKT-4031,1.0,1.0,GPIX
17/07/2025,00:36:22,44.87512,-63.52118,124.0,1.0,SKT-4031,1.0,1.0,GPIX
17/07/2025,00:36:30,44.87537,-63.52096,124.0,1.0,SKT-4031,1.0,1.0,GPIX
17/07/2025,00:36:37,44.87565,-63.52067,124.0,1.0,SKT-4031,1.0,1.0,GPIX
17/07/2025,00:36:44,44.87601,-63.5203,124.0,1.0,SKT-4031,1.0,1.0,GPIX
17/07/2025,00:36:52,44.8765,-63.51982,123.0,1.0,SKT-4031,1.0,1.0,GPIX
17/07/2025,00:36:59,44.87697,-63.51936,123.0,1.0,SKT-4031,1.0,1.0,GPIX
17/07/2025,00:37:07,44.87756,-63.51878,122.0,1.0,SKT-4031,1.0,1.0,GPIX
17/07/2025,00:37:14,44.87808,-63.51826,122.0,1.0,SKT-4031,1.0,1.0,GPIX
17/07/2025,00:37:21,44.87861,-63.51774,121.0,1.0,SKT-4031,1.0,1.0,GPIX
17/07/2025,00:37:29,44.8792,-63.51717,120.0,1.0,SKT-4031,1.0,1.0,GPIX
17/07/2025,00:37:36,44.87971,-63.51666,119.0,1.0,SKT-4031,1.0,1.0,GPIX
17/07/2025,00:37:43,44.88022,-63.51616,118.0,1.0,SKT-4031,1.0,1.0,GPIX
17/07/2025,00:37:51,44.88079,-63.51559,116.0,1.0,SKT-4031,1.0,1.0,GPIX
17/07/2025,00:37:59,44.88136,-63.51503,115.0,1.0,SKT-4031,1.0,1.0,GPIX
17/07/2025,00:38:06,44.88184,-63.51456,115.0,1.0,SKT-4031,1.0,1.0,GPIX
17/07/2025,00:38:13,44.88228,-63.51412,114.0,1.0,SKT-4031,1.0,1.0,GPIX
17/07/2025,00:38:21,44.88268,-63.51373,114.0,1.0,SKT-4031,1.0,1.0,GPIX
17/07/2025,00:38:28,44.88294,-63.51347,115.0,1.0,SKT-4031,1.0,1.0,GPIX
17/07/2025,00:38:36,44.8832,-63.51324,115.0,1.0,SKT-4031,1.0,1.0,GPIX
17/07/2025,00:38:43,44.8834,-63.51319,115.0,1.0,SKT-4031,1.0,1.0,GPIX
17/07/2025,00:38:50,44.88356,-63.51334,115.0,1.0,SKT-4031,1.0,1.0,GPIX
17/07/2025,00:38:58,44.88374,-63.51357,116.0,1.0,SKT-4031,1.0,1.0,GPIX
17/07/2025,00:39:06,44.88393,-63.51371,116.0,1.0,SKT-4031,1.0,1.0,GPIX
17/07/2025,00:39:13,44.88408,-63.51384,115.0,1.0,SKT-4031,1.0,1.0,GPIX
17/07/2025,00:39:21,44.88425,-63.514,115.0,1.0,SKT-4031,1.0,1.0,GPIX
17/07/2025,00:39:28,44.88433,-63.51408,115.0,1.0,SKT-4031,1.0,1.0,GPIX
17/07/2025,00:39:35,44.88436,-63.51411,116.0,1.0,SKT-4031,1.0,1.0,GPIX
17/07/2025,00:39:43,44.88436,-63.51411,116.0,1.0,SKT-4031,1.0,1.0,GPIX
17/07/2025,00:39:50,44.88436,-63.51411,117.0,1.0,SKT-4031,1.0,1.0,GPIX
17/07/2025,00:39:57,44.88436,-63.51411,118.0,1.0,SKT-4031,1.0,1.0,GPIX
17/07/2025,00:40:05,44.88435,-63.51411,119.0,1.0,SKT-4031,1.0,1.0,GPIX
17/07/2025,00:40:22,44.88437,-63.51411,117.0,1.0,SKT-4031,1.0,1.0,GPIX
17/07/2025,00:40:29,44.88437,-63.51411,116.0,1.0,SKT-4031,1.0,1.0,GPIX
17/07/2025,00:40:37,44.88437,-63.51411,116.0,1.0,SKT-4031,1.0,1.0,GPIX
17/07/2025,00:40:44,44.88437,-63.5141,115.0,1.0,SKT-4031,1.0,1.0,GPIX
17/07/2025,00:40:52,44.88437,-63.51411,115.0,1.0,SKT-4031,1.0,1.0,GPIX
17/07/2025,00:41:00,44.88437,-63.51411,116.0,1.0,SKT-4031,1.0,1.0,GPIX
17/07/2025,00:41:07,44.88437,-63.5141,117.0,1.0,SKT-4031,1.0,1.0,GPIX
17/07/2025,00:41:15,44.88437,-63.5141,118.0,1.0,SKT-4031,1.0,1.0,GPIX
17/07/2025,00:41:22,44.88437,-63.5141,118.0,1.0,SKT-4031,1.0,1.0,GPIX
17/07/2025,00:41:30,44.88437,-63.51411,117.0,1.0,SKT-4031,1.0,1.0,GPIX
17/07/2025,00:41:37,44.88437,-63.51411,117.0,1.0,SKT-4031,1.0,1.0,GPIX
17/07/2025,00:41:45,44.88437,-63.5141,117.0,1.0,SKT-4031,1.0,1.0,GPIX
17/07/2025,00:41:52,44.88437,-63.5141,116.0,1.0,SKT-4031,1.0,1.0,GPIX
17/07/2025,00:42:00,44.88436,-63.5141,115.0,1.0,SKT-4031,1.0,1.0,GPIX
17/07/2025,00:42:07,44.88436,-63.51409,115.0,1.0,SKT-4031,1.0,1.0,GPIX
17/07/2025,00:42:15,44.88437,-63.5141,116.0,1.0,SKT-4031,1.0,1.0,GPIX
17/07/2025,00:42:22,44.88437,-63.5141,116.0,1.0,SKT-4031,1.0,1.0,GPIX
17/07/2025,00:42:30,44.88437,-63.51411,117.0,1.0,SKT-4031,1.0,1.0,GPIX
17/07/2025,00:42:37,44.88438,-63.51411,116.0,1.0,SKT-4031,1.0,1.0,GPIX
17/07/2025,00:42:44,44.88438,-63.51411,116.0,1.0,SKT-4031,1.0,1.0,GPIX
17/07/2025,00:42:52,44.88438,-63.5141,116.0,1.0,SKT-4031,1.0,1.0,GPIX
17/07/2025,00:42:59,44.88437,-63.51411,115.0,1.0,SKT-4031,1.0,1.0,GPIX
17/07/2025,00:43:07,44.88437,-63.51411,115.0,1.0,SKT-4031,1.0,1.0,GPIX
17/07/2025,00:43:14,44.88437,-63.51411,116.0,1.0,SKT-4031,1.0,1.0,GPIX
17/07/2025,00:43:22,44.88437,-63.5141,116.0,1.0,SKT-4031,1.0,1.0,GPIX
17/07/2025,00:43:30,44.88436,-63.5141,115.0,1.0,SKT-4031,1.0,1.0,GPIX
17/07/2025,00:43:38,44.88437,-63.5141,115.0,1.0,SKT-4031,1.0,1.0,GPIX
17/07/2025,00:43:45,44.88437,-63.51411,116.0,1.0,SKT-4031,1.0,1.0,GPIX
17/07/2025,00:43:52,44.88436,-63.51411,116.0,1.0,SKT-4031,1.0,1.0,GPIX
17/07/2025,00:44:00,44.88436,-63.51411,115.0,1.0,SKT-4031,1.0,1.0,GPIX
17/07/2025,00:44:07,44.88436,-63.51411,115.0,1.0,SKT-4031,1.0,1.0,GPIX
17/07/2025,00:44:14,44.88436,-63.51411,116.0,1.0,SKT-4031,1.0,1.0,GPIX
17/07/2025,00:44:22,44.88436,-63.5141,117.0,1.0,SKT-4031,1.0,1.0,GPIX
17/07/2025,00:44:29,44.88435,-63.5141,117.0,1.0,SKT-4031,1.0,1.0,GPIX
17/07/2025,00:44:37,44.88436,-63.5141,118.0,1.0,SKT-4031,1.0,1.0,GPIX
17/07/2025,00:44:44,44.88436,-63.5141,118.0,1.0,SKT-4031,1.0,1.0,GPIX
17/07/2025,00:44:51,44.88437,-63.51411,118.0,1.0,SKT-4031,1.0,1.0,GPIX
17/07/2025,00:44:59,44.88437,-63.51411,119.0,1.0,SKT-4031,1.0,1.0,GPIX
17/07/2025,00:45:06,44.88438,-63.51411,120.0,1.0,SKT-4031,1.0,1.0,GPIX
17/07/2025,00:45:14,44.88438,-63.5141,120.0,1.0,SKT-4031,1.0,1.0,GPIX
17/07/2025,00:45:21,44.88438,-63.5141,120.0,1.0,SKT-4031,1.0,1.0,GPIX
17/07/2025,00:45:29,44.88438,-63.5141,121.0,1.0,SKT-4031,1.0,1.0,GPIX
17/07/2025,00:45:36,44.88438,-63.5141,122.0,1.0,SKT-4031,1.0,1.0,GPIX
17/07/2025,00:45:43,44.88439,-63.5141,122.0,1.0,SKT-4031,1.0,1.0,GPIX
17/07/2025,00:45:51,44.88439,-63.5141,121.0,1.0,SKT-4031,1.0,1.0,GPIX
17/07/2025,00:45:58,44.88438,-63.5141,121.0,1.0,SKT-4031,1.0,1.0,GPIX
17/07/2025,00:46:06,44.88438,-63.5141,120.0,1.0,SKT-4031,1.0,1.0,GPIX
17/07/2025,00:46:13,44.88438,-63.5141,120.0,1.0,SKT-4031,1.0,1.0,GPIX
17/07/2025,00:46:20,44.88438,-63.5141,120.0,1.0,SKT-4031,1.0,1.0,GPIX
17/07/2025,00:46:29,44.88437,-63.5141,119.0,1.0,SKT-4031,1.0,1.0,GPIX
17/07/2025,00:46:36,44.88437,-63.5141,119.0,1.0,SKT-4031,1.0,1.0,GPIX
17/07/2025,00:46:43,44.88437,-63.51411,118.0,1.0,SKT-4031,1.0,1.0,GPIX
17/07/2025,00:46:51,44.88437,-63.51411,117.0,1.0,SKT-4031,1.0,1.0,GPIX
17/07/2025,00:46:59,44.88437,-63.51411,116.0,1.0,SKT-4031,1.0,1.0,GPIX
17/07/2025,00:47:06,44.88437,-63.51411,115.0,1.0,SKT-4031,1.0,1.0,GPIX
17/07/2025,00:47:13,44.88437,-63.51411,115.0,1.0,SKT-4031,1.0,1.0,GPIX
17/07/2025,00:47:21,44.88437,-63.51411,115.0,1.0,SKT-4031,1.0,1.0,GPIX
17/07/2025,00:47:28,44.88437,-63.51411,115.0,1.0,SKT-4031,1.0,1.0,GPIX
17/07/2025,00:47:36,44.88437,-63.51411,116.0,1.0,SKT-4031,1.0,1.0,GPIX
17/07/2025,00:47:43,44.88437,-63.5141,116.0,1.0,SKT-4031,1.0,1.0,GPIX
17/07/2025,00:47:51,44.88437,-63.51409,116.0,1.0,SKT-4031,1.0,1.0,GPIX
17/07/2025,00:47:58,44.88437,-63.51409,116.0,1.0,SKT-4031,1.0,1.0,GPIX
17/07/2025,00:48:06,44.88437,-63.5141,116.0,1.0,SKT-4031,1.0,1.0,GPIX
17/07/2025,00:48:14,44.88438,-63.5141,116.0,1.0,SKT-4031,1.0,1.0,GPIX
17/07/2025,00:48:21,44.88438,-63.5141,116.0,1.0,SKT-4031,1.0,1.0,GPIX
17/07/2025,00:48:29,44.88437,-63.51409,115.0,1.0,SKT-4031,1.0,1.0,GPIX
17/07/2025,00:48:36,44.88437,-63.51408,115.0,1.0,SKT-4031,1.0,1.0,GPIX
17/07/2025,00:48:44,44.88437,-63.51408,115.0,1.0,SKT-4031,1.0,1.0,GPIX
17/07/2025,00:48:51,44.88437,-63.51407,116.0,1.0,SKT-4031,1.0,1.0,GPIX
17/07/2025,00:48:58,44.88436,-63.51407,116.0,1.0,SKT-4031,1.0,1.0,GPIX
17/07/2025,00:49:06,44.88437,-63.51408,116.0,1.0,SKT-4031,1.0,1.0,GPIX
17/07/2025,00:49:13,44.88437,-63.51408,115.0,1.0,SKT-4031,1.0,1.0,GPIX
17/07/2025,00:49:20,44.88438,-63.51408,115.0,1.0,SKT-4031,1.0,1.0,GPIX
17/07/2025,00:49:28,44.88438,-63.51409,115.0,1.0,SKT-4031,1.0,1.0,GPIX
17/07/2025,00:49:35,44.88438,-63.51409,115.0,1.0,SKT-4031,1.0,1.0,GPIX
17/07/2025,00:49:43,44.88438,-63.51409,115.0,1.0,SKT-4031,1.0,1.0,GPIX
17/07/2025,00:49:50,44.88439,-63.5141,115.0,1.0,SKT-4031,1.0,1.0,GPIX
17/07/2025,00:49:57,44.88438,-63.5141,114.0,1.0,SKT-4031,1.0,1.0,GPIX
17/07/2025,00:50:04,44.88438,-63.5141,114.0,1.0,SKT-4031,1.0,1.0,GPIX
17/07/2025,00:50:12,44.88438,-63.5141,115.0,1.0,SKT-4031,1.0,1.0,GPIX
17/07/2025,00:50:20,44.88437,-63.5141,116.0,1.0,SKT-4031,1.0,1.0,GPIX
17/07/2025,00:50:27,44.88437,-63.51409,117.0,1.0,SKT-4031,1.0,1.0,GPIX
17/07/2025,00:50:35,44.88437,-63.51409,117.0,1.0,SKT-4031,1.0,1.0,GPIX
17/07/2025,00:50:42,44.88437,-63.51409,117.0,1.0,SKT-4031,1.0,1.0,GPIX
17/07/2025,00:50:50,44.88437,-63.51409,117.0,1.0,SKT-4031,1.0,1.0,GPIX
17/07/2025,00:50:57,44.88436,-63.51409,117.0,1.0,SKT-4031,1.0,1.0,GPIX
17/07/2025,00:51:05,44.88436,-63.51409,116.0,1.0,SKT-4031,1.0,1.0,GPIX
17/07/2025,00:51:13,44.88436,-63.5141,116.0,1.0,SKT-4031,1.0,1.0,GPIX
17/07/2025,00:51:20,44.88437,-63.5141,116.0,1.0,SKT-4031,1.0,1.0,GPIX
17/07/2025,00:51:27,44.88437,-63.51411,116.0,1.0,SKT-4031,1.0,1.0,GPIX
17/07/2025,00:51:35,44.88437,-63.51411,116.0,1.0,SKT-4031,1.0,1.0,GPIX
17/07/2025,00:51:42,44.88437,-63.51411,116.0,1.0,SKT-4031,1.0,1.0,GPIX
17/07/2025,00:51:50,44.88437,-63.5141,115.0,1.0,SKT-4031,1.0,1.0,GPIX
17/07/2025,00:51:58,44.88437,-63.5141,114.0,1.0,SKT-4031,1.0,1.0,GPIX
17/07/2025,00:52:05,44.88436,-63.5141,115.0,1.0,SKT-4031,1.0,1.0,GPIX
17/07/2025,00:52:13,44.88436,-63.5141,116.0,1.0,SKT-4031,1.0,1.0,GPIX
17/07/2025,00:52:20,44.88436,-63.5141,116.0,1.0,SKT-4031,1.0,1.0,GPIX
17/07/2025,00:52:28,44.88437,-63.51411,116.0,1.0,SKT-4031,1.0,1.0,GPIX
17/07/2025,00:52:35,44.88437,-63.51411,116.0,1.0,SKT-4031,1.0,1.0,GPIX
17/07/2025,00:52:43,44.88436,-63.51411,116.0,1.0,SKT-4031,1.0,1.0,GPIX
17/07/2025,00:52:50,44.88437,-63.51411,116.0,1.0,SKT-4031,1.0,1.0,GPIX
17/07/2025,00:52:58,44.88437,-63.51411,115.0,1.0,SKT-4031,1.0,1.0,GPIX
17/07/2025,00:53:06,44.88437,-63.51411,116.0,1.0,SKT-4031,1.0,1.0,GPIX
17/07/2025,00:53:13,44.88437,-63.51411,117.0,1.0,SKT-4031,1.0,1.0,GPIX
17/07/2025,00:53:21,44.88437,-63.51411,117.0,1.0,SKT-4031,1.0,1.0,GPIX
17/07/2025,00:53:28,44.88437,-63.51411,117.0,1.0,SKT-4031,1.0,1.0,GPIX
17/07/2025,00:53:36,44.88438,-63.5141,117.0,1.0,SKT-4031,1.0,1.0,GPIX
17/07/2025,00:53:43,44.88438,-63.5141,116.0,1.0,SKT-4031,1.0,1.0,GPIX
17/07/2025,00:53:51,44.88437,-63.5141,116.0,1.0,SKT-4031,1.0,1.0,GPIX
17/07/2025,00:53:59,44.88437,-63.5141,115.0,1.0,SKT-4031,1.0,1.0,GPIX
17/07/2025,00:54:06,44.88437,-63.5141,115.0,1.0,SKT-4031,1.0,1.0,GPIX
17/07/2025,00:54:13,44.88437,-63.51409,116.0,1.0,SKT-4031,1.0,1.0,GPIX
17/07/2025,00:54:21,44.88437,-63.51409,116.0,1.0,SKT-4031,1.0,1.0,GPIX
17/07/2025,00:54:28,44.88437,-63.51409,117.0,1.0,SKT-4031,1.0,1.0,GPIX
17/07/2025,00:54:35,44.88437,-63.51409,118.0,1.0,SKT-4031,1.0,1.0,GPIX
17/07/2025,00:54:43,44.88437,-63.51409,119.0,1.0,SKT-4031,1.0,1.0,GPIX
17/07/2025,00:54:50,44.88437,-63.51409,119.0,1.0,SKT-4031,1.0,1.0,GPIX
17/07/2025,00:54:57,44.88437,-63.51409,119.0,1.0,SKT-4031,1.0,1.0,GPIX
17/07/2025,00:55:05,44.88438,-63.51409,119.0,1.0,SKT-4031,1.0,1.0,GPIX
17/07/2025,00:55:12,44.88438,-63.51409,118.0,1.0,SKT-4031,1.0,1.0,GPIX
17/07/2025,00:55:19,44.88438,-63.51409,117.0,1.0,SKT-4031,1.0,1.0,GPIX
17/07/2025,00:55:27,44.88438,-63.5141,117.0,1.0,SKT-4031,1.0,1.0,GPIX
17/07/2025,00:55:35,44.88438,-63.5141,117.0,1.0,SKT-4031,1.0,1.0,GPIX
17/07/2025,00:55:42,44.88438,-63.5141,117.0,1.0,SKT-4031,1.0,1.0,GPIX
17/07/2025,00:55:49,44.88437,-63.5141,117.0,1.0,SKT-4031,1.0,1.0,GPIX
17/07/2025,00:55:57,44.88437,-63.5141,116.0,1.0,SKT-4031,1.0,1.0,GPIX
17/07/2025,00:56:04,44.88437,-63.5141,115.0,1.0,SKT-4031,1.0,1.0,GPIX
17/07/2025,00:56:11,44.88437,-63.5141,115.0,1.0,SKT-4031,1.0,1.0,GPIX
17/07/2025,00:56:19,44.88436,-63.5141,116.0,1.0,SKT-4031,1.0,1.0,GPIX
17/07/2025,00:56:26,44.88436,-63.51411,117.0,1.0,SKT-4031,1.0,1.0,GPIX
17/07/2025,00:56:33,44.88436,-63.51411,117.0,1.0,SKT-4031,1.0,1.0,GPIX
17/07/2025,00:56:41,44.88436,-63.51411,117.0,1.0,SKT-4031,1.0,1.0,GPIX
17/07/2025,00:56:49,44.88436,-63.51411,118.0,1.0,SKT-4031,1.0,1.0,GPIX
17/07/2025,00:56:56,44.88436,-63.51411,118.0,1.0,SKT-4031,1.0,1.0,GPIX
17/07/2025,00:57:03,44.88436,-63.51411,118.0,1.0,SKT-4031,1.0,1.0,GPIX
17/07/2025,00:57:11,44.88436,-63.51411,118.0,1.0,SKT-4031,1.0,1.0,GPIX
17/07/2025,00:57:18,44.88436,-63.51411,119.0,1.0,SKT-4031,1.0,1.0,GPIX
17/07/2025,00:57:26,44.88436,-63.51411,118.0,1.0,SKT-4031,1.0,1.0,GPIX
17/07/2025,00:57:33,44.88436,-63.51411,118.0,1.0,SKT-4031,1.0,1.0,GPIX
17/07/2025,00:57:41,44.88436,-63.51411,118.0,1.0,SKT-4031,1.0,1.0,GPIX
17/07/2025,00:57:48,44.88437,-63.51412,118.0,1.0,SKT-4031,1.0,1.0,GPIX
17/07/2025,00:57:55,44.88437,-63.51412,119.0,1.0,SKT-4031,1.0,1.0,GPIX
17/07/2025,00:58:03,44.88437,-63.51412,119.0,1.0,SKT-4031,1.0,1.0,GPIX
17/07/2025,00:58:10,44.88437,-63.51411,118.0,1.0,SKT-4031,1.0,1.0,GPIX
17/07/2025,00:58:17,44.88437,-63.51411,119.0,1.0,SKT-4031,1.0,1.0,GPIX
17/07/2025,00:58:25,44.88437,-63.5141,118.0,1.0,SKT-4031,1.0,1.0,GPIX
17/07/2025,00:58:32,44.88437,-63.5141,118.0,1.0,SKT-4031,1.0,1.0,GPIX
17/07/2025,00:58:40,44.88437,-63.5141,118.0,1.0,SKT-4031,1.0,1.0,GPIX
17/07/2025,00:58:47,44.88437,-63.5141,118.0,1.0,SKT-4031,1.0,1.0,GPIX
17/07/2025,00:58:55,44.88438,-63.5141,119.0,1.0,SKT-4031,1.0,1.0,GPIX
17/07/2025,00:59:02,44.88438,-63.5141,119.0,1.0,SKT-4031,1.0,1.0,GPIX
17/07/2025,00:59:10,44.88437,-63.5141,118.0,1.0,SKT-4031,1.0,1.0,GPIX
17/07/2025,00:59:18,44.88437,-63.51411,117.0,1.0,SKT-4031,1.0,1.0,GPIX
17/07/2025,00:59:25,44.88438,-63.51411,117.0,1.0,SKT-4031,1.0,1.0,GPIX
17/07/2025,00:59:33,44.88438,-63.51411,117.0,1.0,SKT-4031,1.0,1.0,GPIX
17/07/2025,00:59:40,44.88438,-63.51411,116.0,1.0,SKT-4031,1.0,1.0,GPIX
17/07/2025,00:59:48,44.88437,-63.5141,116.0,1.0,SKT-4031,1.0,1.0,GPIX
17/07/2025,00:59:55,44.88437,-63.5141,115.0,1.0,SKT-4031,1.0,1.0,GPIX
17/07/2025,01:00:02,44.88437,-63.5141,114.0,1.0,SKT-4031,1.0,1.0,GPIX
17/07/2025,01:00:10,44.88437,-63.5141,115.0,1.0,SKT-4031,1.0,1.0,GPIX
17/07/2025,01:00:17,44.88437,-63.5141,115.0,1.0,SKT-4031,1.0,1.0,GPIX
17/07/2025,01:00:24,44.88437,-63.5141,115.0,1.0,SKT-4031,1.0,1.0,GPIX
17/07/2025,01:00:32,44.88437,-63.5141,115.0,1.0,SKT-4031,1.0,1.0,GPIX
17/07/2025,01:00:39,44.88437,-63.5141,115.0,1.0,SKT-4031,1.0,1.0,GPIX
17/07/2025,01:00:47,44.88437,-63.5141,115.0,1.0,SKT-4031,1.0,1.0,GPIX
17/07/2025,01:00:54,44.88437,-63.5141,115.0,1.0,SKT-4031,1.0,1.0,GPIX
17/07/2025,01:01:02,44.88437,-63.5141,115.0,1.0,SKT-4031,1.0,1.0,GPIX
17/07/2025,01:01:10,44.88436,-63.5141,115.0,1.0,SKT-4031,1.0,1.0,GPIX
17/07/2025,01:01:17,44.88436,-63.5141,116.0,1.0,SKT-4031,1.0,1.0,GPIX
17/07/2025,01:01:24,44.88437,-63.5141,116.0,1.0,SKT-4031,1.0,1.0,GPIX
17/07/2025,01:01:32,44.88437,-63.5141,116.0,1.0,SKT-4031,1.0,1.0,GPIX
17/07/2025,01:01:39,44.88437,-63.5141,115.0,1.0,SKT-4031,1.0,1.0,GPIX
17/07/2025,01:01:46,44.88437,-63.5141,115.0,1.0,SKT-4031,1.0,1.0,GPIX
17/07/2025,01:01:54,44.88436,-63.5141,115.0,1.0,SKT-4031,1.0,1.0,GPIX
17/07/2025,01:02:01,44.88436,-63.5141,116.0,1.0,SKT-4031,1.0,1.0,GPIX
17/07/2025,01:02:08,44.88436,-63.5141,116.0,1.0,SKT-4031,1.0,1.0,GPIX
17/07/2025,01:02:16,44.88436,-63.5141,117.0,1.0,SKT-4031,1.0,1.0,GPIX
17/07/2025,01:02:23,44.88436,-63.5141,118.0,1.0,SKT-4031,1.0,1.0,GPIX
17/07/2025,01:02:30,44.88435,-63.5141,118.0,1.0,SKT-4031,1.0,1.0,GPIX
17/07/2025,01:02:38,44.88435,-63.5141,118.0,1.0,SKT-4031,1.0,1.0,GPIX
17/07/2025,01:02:45,44.88436,-63.51411,118.0,1.0,SKT-4031,1.0,1.0,GPIX
17/07/2025,01:02:52,44.88436,-63.51411,119.0,1.0,SKT-4031,1.0,1.0,GPIX
17/07/2025,01:03:00,44.88436,-63.51411,119.0,1.0,SKT-4031,1.0,1.0,GPIX
17/07/2025,01:03:07,44.88436,-63.51411,119.0,1.0,SKT-4031,1.0,1.0,GPIX
17/07/2025,01:03:15,44.88437,-63.51411,118.0,1.0,SKT-4031,1.0,1.0,GPIX
17/07/2025,01:03:22,44.88437,-63.5141,117.0,1.0,SKT-4031,1.0,1.0,GPIX
17/07/2025,01:03:29,44.88437,-63.5141,117.0,1.0,SKT-4031,1.0,1.0,GPIX
17/07/2025,01:03:37,44.88437,-63.5141,117.0,1.0,SKT-4031,1.0,1.0,GPIX
17/07/2025,01:03:44,44.88437,-63.5141,117.0,1.0,SKT-4031,1.0,1.0,GPIX
17/07/2025,01:03:51,44.88437,-63.5141,117.0,1.0,SKT-4031,1.0,1.0,GPIX
17/07/2025,01:03:59,44.88437,-63.5141,116.0,1.0,SKT-4031,1.0,1.0,GPIX
17/07/2025,01:04:06,44.88437,-63.5141,116.0,1.0,SKT-4031,1.0,1.0,GPIX
17/07/2025,01:04:13,44.88437,-63.5141,115.0,1.0,SKT-4031,1.0,1.0,GPIX
17/07/2025,01:04:21,44.88438,-63.5141,115.0,1.0,SKT-4031,1.0,1.0,GPIX
17/07/2025,01:04:28,44.88438,-63.5141,115.0,1.0,SKT-4031,1.0,1.0,GPIX
17/07/2025,01:04:35,44.88438,-63.5141,115.0,1.0,SKT-4031,1.0,1.0,GPIX
17/07/2025,01:04:43,44.88438,-63.5141,116.0,1.0,SKT-4031,1.0,1.0,GPIX
17/07/2025,01:04:51,44.88438,-63.5141,116.0,1.0,SKT-4031,1.0,1.0,GPIX
17/07/2025,01:04:59,44.88438,-63.5141,116.0,1.0,SKT-4031,1.0,1.0,GPIX
17/07/2025,01:05:06,44.88438,-63.5141,117.0,1.0,SKT-4031,1.0,1.0,GPIX
17/07/2025,01:05:13,44.88437,-63.5141,117.0,1.0,SKT-4031,1.0,1.0,GPIX
17/07/2025,01:05:21,44.88437,-63.5141,117.0,1.0,SKT-4031,1.0,1.0,GPIX
17/07/2025,01:05:28,44.88437,-63.5141,116.0,1.0,SKT-4031,1.0,1.0,GPIX
17/07/2025,01:05:36,44.88437,-63.5141,115.0,1.0,SKT-4031,1.0,1.0,GPIX
17/07/2025,01:05:44,44.88436,-63.5141,115.0,1.0,SKT-4031,1.0,1.0,GPIX
17/07/2025,01:05:51,44.88437,-63.5141,114.0,1.0,SKT-4031,1.0,1.0,GPIX
17/07/2025,01:05:58,44.88437,-63.5141,114.0,1.0,SKT-4031,1.0,1.0,GPIX
17/07/2025,01:06:06,44.88437,-63.5141,115.0,1.0,SKT-4031,1.0,1.0,GPIX
17/07/2025,01:06:13,44.88437,-63.51409,116.0,1.0,SKT-4031,1.0,1.0,GPIX
17/07/2025,01:06:21,44.88437,-63.51409,116.0,1.0,SKT-4031,1.0,1.0,GPIX
17/07/2025,01:06:28,44.88437,-63.51409,116.0,1.0,SKT-4031,1.0,1.0,GPIX
17/07/2025,01:06:35,44.88437,-63.51409,116.0,1.0,SKT-4031,1.0,1.0,GPIX
17/07/2025,01:06:43,44.88437,-63.51408,116.0,1.0,SKT-4031,1.0,1.0,GPIX
17/07/2025,01:06:50,44.88437,-63.51408,116.0,1.0,SKT-4031,1.0,1.0,GPIX
17/07/2025,01:06:57,44.88436,-63.51408,116.0,1.0,SKT-4031,1.0,1.0,GPIX
17/07/2025,01:07:05,44.88436,-63.51409,116.0,1.0,SKT-4031,1.0,1.0,GPIX
17/07/2025,01:07:12,44.88436,-63.51409,117.0,1.0,SKT-4031,1.0,1.0,GPIX
17/07/2025,01:07:19,44.88436,-63.51409,117.0,1.0,SKT-4031,1.0,1.0,GPIX
17/07/2025,01:07:27,44.88437,-63.51409,117.0,1.0,SKT-4031,1.0,1.0,GPIX
17/07/2025,01:07:34,44.88437,-63.5141,117.0,1.0,SKT-4031,1.0,1.0,GPIX
17/07/2025,01:07:41,44.88437,-63.5141,117.0,1.0,SKT-4031,1.0,1.0,GPIX
17/07/2025,01:07:49,44.88437,-63.5141,117.0,1.0,SKT-4031,1.0,1.0,GPIX
17/07/2025,01:07:56,44.88437,-63.5141,117.0,1.0,SKT-4031,1.0,1.0,GPIX
17/07/2025,01:08:04,44.88437,-63.51411,116.0,1.0,SKT-4031,1.0,1.0,GPIX
17/07/2025,01:08:11,44.88436,-63.5141,115.0,1.0,SKT-4031,1.0,1.0,GPIX
17/07/2025,01:08:18,44.88436,-63.5141,115.0,1.0,SKT-4031,1.0,1.0,GPIX
17/07/2025,01:08:26,44.88436,-63.5141,114.0,1.0,SKT-4031,1.0,1.0,GPIX
17/07/2025,01:08:33,44.88436,-63.5141,114.0,1.0,SKT-4031,1.0,1.0,GPIX
17/07/2025,01:08:41,44.88436,-63.5141,115.0,1.0,SKT-4031,1.0,1.0,GPIX
17/07/2025,01:08:48,44.88436,-63.5141,116.0,1.0,SKT-4031,1.0,1.0,GPIX
17/07/2025,01:08:55,44.88435,-63.5141,116.0,1.0,SKT-4031,1.0,1.0,GPIX
17/07/2025,01:09:03,44.88435,-63.51411,116.0,1.0,SKT-4031,1.0,1.0,GPIX
17/07/2025,01:09:10,44.88435,-63.51411,117.0,1.0,SKT-4031,1.0,1.0,GPIX
17/07/2025,01:09:17,44.88435,-63.51411,117.0,1.0,SKT-4031,1.0,1.0,GPIX
17/07/2025,01:09:25,44.88435,-63.51412,117.0,1.0,SKT-4031,1.0,1.0,GPIX
17/07/2025,01:09:32,44.88435,-63.51412,117.0,1.0,SKT-4031,1.0,1.0,GPIX
17/07/2025,01:09:40,44.88435,-63.51411,117.0,1.0,SKT-4031,1.0,1.0,GPIX
17/07/2025,01:09:47,44.88435,-63.51411,117.0,1.0,SKT-4031,1.0,1.0,GPIX
17/07/2025,01:09:54,44.88435,-63.51411,116.0,1.0,SKT-4031,1.0,1.0,GPIX
17/07/2025,01:10:02,44.88435,-63.5141,116.0,1.0,SKT-4031,1.0,1.0,GPIX
17/07/2025,01:10:09,44.88435,-63.5141,117.0,1.0,SKT-4031,1.0,1.0,GPIX
17/07/2025,01:10:16,44.88435,-63.5141,117.0,1.0,SKT-4031,1.0,1.0,GPIX
17/07/2025,01:10:24,44.88436,-63.5141,118.0,1.0,SKT-4031,1.0,1.0,GPIX
17/07/2025,01:10:31,44.88437,-63.5141,118.0,1.0,SKT-4031,1.0,1.0,GPIX
17/07/2025,01:10:38,44.88437,-63.5141,118.0,1.0,SKT-4031,1.0,1.0,GPIX
17/07/2025,01:10:46,44.88437,-63.5141,117.0,1.0,SKT-4031,1.0,1.0,GPIX
17/07/2025,01:10:53,44.88437,-63.5141,116.0,1.0,SKT-4031,1.0,1.0,GPIX
17/07/2025,01:11:01,44.88437,-63.51411,116.0,1.0,SKT-4031,1.0,1.0,GPIX
17/07/2025,01:11:08,44.88437,-63.51411,116.0,1.0,SKT-4031,1.0,1.0,GPIX
17/07/2025,01:11:16,44.88436,-63.5141,116.0,1.0,SKT-4031,1.0,1.0,GPIX
17/07/2025,01:11:23,44.88437,-63.5141,116.0,1.0,SKT-4031,1.0,1.0,GPIX
17/07/2025,01:11:30,44.88437,-63.51409,116.0,1.0,SKT-4031,1.0,1.0,GPIX
17/07/2025,01:11:38,44.88437,-63.51409,117.0,1.0,SKT-4031,1.0,1.0,GPIX
17/07/2025,01:11:45,44.88437,-63.5141,117.0,1.0,SKT-4031,1.0,1.0,GPIX
17/07/2025,01:11:53,44.88437,-63.5141,117.0,1.0,SKT-4031,1.0,1.0,GPIX
17/07/2025,01:12:00,44.88437,-63.5141,117.0,1.0,SKT-4031,1.0,1.0,GPIX
17/07/2025,01:12:07,44.88437,-63.5141,116.0,1.0,SKT-4031,1.0,1.0,GPIX
17/07/2025,01:12:15,44.88437,-63.5141,117.0,1.0,SKT-4031,1.0,1.0,GPIX
17/07/2025,01:12:23,44.88437,-63.51411,117.0,1.0,SKT-4031,1.0,1.0,GPIX
17/07/2025,01:12:30,44.88437,-63.5141,117.0,1.0,SKT-4031,1.0,1.0,GPIX
17/07/2025,01:12:38,44.88438,-63.5141,118.0,1.0,SKT-4031,1.0,1.0,GPIX
17/07/2025,01:12:45,44.88438,-63.51411,118.0,1.0,SKT-4031,1.0,1.0,GPIX
17/07/2025,01:12:52,44.88437,-63.51411,118.0,1.0,SKT-4031,1.0,1.0,GPIX
17/07/2025,01:13:00,44.88437,-63.51411,118.0,1.0,SKT-4031,1.0,1.0,GPIX
17/07/2025,01:13:07,44.88437,-63.5141,118.0,1.0,SKT-4031,1.0,1.0,GPIX
17/07/2025,01:13:14,44.88437,-63.5141,118.0,1.0,SKT-4031,1.0,1.0,GPIX
17/07/2025,01:13:22,44.88437,-63.5141,118.0,1.0,SKT-4031,1.0,1.0,GPIX
17/07/2025,01:13:29,44.88437,-63.5141,119.0,1.0,SKT-4031,1.0,1.0,GPIX
17/07/2025,01:13:36,44.88438,-63.5141,118.0,1.0,SKT-4031,1.0,1.0,GPIX
17/07/2025,01:13:44,44.88438,-63.5141,118.0,1.0,SKT-4031,1.0,1.0,GPIX
17/07/2025,01:13:51,44.88438,-63.5141,117.0,1.0,SKT-4031,1.0,1.0,GPIX
17/07/2025,01:13:59,44.88438,-63.5141,117.0,1.0,SKT-4031,1.0,1.0,GPIX
17/07/2025,01:14:07,44.88438,-63.5141,116.0,1.0,SKT-4031,1.0,1.0,GPIX
17/07/2025,01:14:14,44.88438,-63.5141,116.0,1.0,SKT-4031,1.0,1.0,GPIX
17/07/2025,01:14:21,44.88438,-63.5141,117.0,1.0,SKT-4031,1.0,1.0,GPIX
17/07/2025,01:14:29,44.88438,-63.5141,117.0,1.0,SKT-4031,1.0,1.0,GPIX
17/07/2025,01:14:36,44.88437,-63.5141,117.0,1.0,SKT-4031,1.0,1.0,GPIX
17/07/2025,01:14:43,44.88437,-63.5141,117.0,1.0,SKT-4031,1.0,1.0,GPIX
17/07/2025,01:14:51,44.88437,-63.5141,117.0,1.0,SKT-4031,1.0,1.0,GPIX
17/07/2025,01:14:58,44.88437,-63.5141,118.0,1.0,SKT-4031,1.0,1.0,GPIX
17/07/2025,01:15:05,44.88437,-63.5141,117.0,1.0,SKT-4031,1.0,1.0,GPIX
17/07/2025,01:15:13,44.88437,-63.51411,117.0,1.0,SKT-4031,1.0,1.0,GPIX
17/07/2025,01:15:20,44.88437,-63.5141,117.0,1.0,SKT-4031,1.0,1.0,GPIX
17/07/2025,01:15:27,44.88437,-63.5141,117.0,1.0,SKT-4031,1.0,1.0,GPIX
17/07/2025,01:15:35,44.88437,-63.5141,118.0,1.0,SKT-4031,1.0,1.0,GPIX
17/07/2025,01:15:42,44.88437,-63.5141,118.0,1.0,SKT-4031,1.0,1.0,GPIX
17/07/2025,01:15:50,44.88437,-63.5141,118.0,1.0,SKT-4031,1.0,1.0,GPIX
17/07/2025,01:15:57,44.88437,-63.5141,118.0,1.0,SKT-4031,1.0,1.0,GPIX
17/07/2025,01:16:05,44.88437,-63.5141,118.0,1.0,SKT-4031,1.0,1.0,GPIX
17/07/2025,01:16:12,44.88437,-63.5141,118.0,1.0,SKT-4031,1.0,1.0,GPIX
17/07/2025,01:16:19,44.88438,-63.5141,118.0,1.0,SKT-4031,1.0,1.0,GPIX
17/07/2025,01:16:27,44.88437,-63.5141,118.0,1.0,SKT-4031,1.0,1.0,GPIX
17/07/2025,01:16:34,44.88437,-63.5141,118.0,1.0,SKT-4031,1.0,1.0,GPIX
17/07/2025,01:16:41,44.88437,-63.5141,117.0,1.0,SKT-4031,1.0,1.0,GPIX
17/07/2025,01:16:49,44.88437,-63.5141,118.0,1.0,SKT-4031,1.0,1.0,GPIX
17/07/2025,01:16:56,44.88437,-63.5141,118.0,1.0,SKT-4031,1.0,1.0,GPIX
17/07/2025,01:17:04,44.88438,-63.5141,119.0,1.0,SKT-4031,1.0,1.0,GPIX
17/07/2025,01:17:11,44.88438,-63.51409,118.0,1.0,SKT-4031,1.0,1.0,GPIX
17/07/2025,01:17:18,44.88438,-63.51409,119.0,1.0,SKT-4031,1.0,1.0,GPIX
17/07/2025,01:17:26,44.88438,-63.5141,119.0,1.0,SKT-4031,1.0,1.0,GPIX
17/07/2025,01:17:34,44.88437,-63.51411,119.0,1.0,SKT-4031,1.0,1.0,GPIX
17/07/2025,01:17:41,44.88437,-63.51411,119.0,1.0,SKT-4031,1.0,1.0,GPIX
17/07/2025,01:17:48,44.88437,-63.51411,118.0,1.0,SKT-4031,1.0,1.0,GPIX
17/07/2025,01:17:56,44.88437,-63.51411,118.0,1.0,SKT-4031,1.0,1.0,GPIX
17/07/2025,01:18:03,44.88437,-63.5141,118.0,1.0,SKT-4031,1.0,1.0,GPIX
17/07/2025,01:18:10,44.88436,-63.5141,118.0,1.0,SKT-4031,1.0,1.0,GPIX
17/07/2025,01:18:18,44.88436,-63.51411,118.0,1.0,SKT-4031,1.0,1.0,GPIX
17/07/2025,01:18:25,44.88436,-63.51411,119.0,1.0,SKT-4031,1.0,1.0,GPIX
17/07/2025,01:18:32,44.88436,-63.51411,119.0,1.0,SKT-4031,1.0,1.0,GPIX
17/07/2025,01:18:40,44.88435,-63.51411,119.0,1.0,SKT-4031,1.0,1.0,GPIX
17/07/2025,01:18:47,44.88435,-63.51411,119.0,1.0,SKT-4031,1.0,1.0,GPIX
17/07/2025,01:18:55,44.88435,-63.51411,118.0,1.0,SKT-4031,1.0,1.0,GPIX
17/07/2025,01:19:02,44.88435,-63.51411,118.0,1.0,SKT-4031,1.0,1.0,GPIX
17/07/2025,01:19:09,44.88435,-63.5141,119.0,1.0,SKT-4031,1.0,1.0,GPIX
17/07/2025,01:19:17,44.88435,-63.5141,119.0,1.0,SKT-4031,1.0,1.0,GPIX
17/07/2025,01:19:24,44.88436,-63.5141,119.0,1.0,SKT-4031,1.0,1.0,GPIX
17/07/2025,01:19:32,44.88436,-63.5141,119.0,1.0,SKT-4031,1.0,1.0,GPIX
17/07/2025,01:19:39,44.88436,-63.5141,118.0,1.0,SKT-4031,1.0,1.0,GPIX
17/07/2025,01:19:47,44.88436,-63.5141,118.0,1.0,SKT-4031,1.0,1.0,GPIX
17/07/2025,01:19:54,44.88437,-63.5141,119.0,1.0,SKT-4031,1.0,1.0,GPIX
17/07/2025,01:20:01,44.88437,-63.5141,118.0,1.0,SKT-4031,1.0,1.0,GPIX
17/07/2025,01:20:09,44.88437,-63.51409,117.0,1.0,SKT-4031,1.0,1.0,GPIX
17/07/2025,01:20:16,44.88437,-63.51409,117.0,1.0,SKT-4031,1.0,1.0,GPIX
17/07/2025,01:20:23,44.88437,-63.51409,117.0,1.0,SKT-4031,1.0,1.0,GPIX
17/07/2025,01:20:31,44.88437,-63.51409,116.0,1.0,SKT-4031,1.0,1.0,GPIX
17/07/2025,01:20:38,44.88437,-63.51409,116.0,1.0,SKT-4031,1.0,1.0,GPIX
17/07/2025,01:20:46,44.88437,-63.51409,116.0,1.0,SKT-4031,1.0,1.0,GPIX
17/07/2025,01:20:53,44.88437,-63.51409,116.0,1.0,SKT-4031,1.0,1.0,GPIX
17/07/2025,01:21:00,44.88437,-63.51409,117.0,1.0,SKT-4031,1.0,1.0,GPIX
17/07/2025,01:21:08,44.88438,-63.51409,117.0,1.0,SKT-4031,1.0,1.0,GPIX
17/07/2025,01:21:15,44.88438,-63.51409,117.0,1.0,SKT-4031,1.0,1.0,GPIX
17/07/2025,01:21:22,44.88437,-63.51409,118.0,1.0,SKT-4031,1.0,1.0,GPIX
17/07/2025,01:21:30,44.88437,-63.5141,118.0,1.0,SKT-4031,1.0,1.0,GPIX
17/07/2025,01:21:38,44.88437,-63.5141,118.0,1.0,SKT-4031,1.0,1.0,GPIX
17/07/2025,01:21:45,44.88437,-63.5141,118.0,1.0,SKT-4031,1.0,1.0,GPIX
17/07/2025,01:21:52,44.88437,-63.51409,117.0,1.0,SKT-4031,1.0,1.0,GPIX
17/07/2025,01:22:00,44.88437,-63.51409,117.0,1.0,SKT-4031,1.0,1.0,GPIX
17/07/2025,01:22:07,44.88437,-63.51409,117.0,1.0,SKT-4031,1.0,1.0,GPIX
17/07/2025,01:22:14,44.88437,-63.51409,118.0,1.0,SKT-4031,1.0,1.0,GPIX
17/07/2025,01:22:22,44.88438,-63.5141,119.0,1.0,SKT-4031,1.0,1.0,GPIX
17/07/2025,01:22:29,44.88438,-63.51411,119.0,1.0,SKT-4031,1.0,1.0,GPIX
17/07/2025,01:22:36,44.88438,-63.51411,118.0,1.0,SKT-4031,1.0,1.0,GPIX
17/07/2025,01:22:44,44.88438,-63.51412,118.0,1.0,SKT-4031,1.0,1.0,GPIX
17/07/2025,01:22:51,44.88438,-63.51412,118.0,1.0,SKT-4031,1.0,1.0,GPIX
17/07/2025,01:22:58,44.88438,-63.51411,118.0,1.0,SKT-4031,1.0,1.0,GPIX
17/07/2025,01:23:06,44.88437,-63.51411,118.0,1.0,SKT-4031,1.0,1.0,GPIX
17/07/2025,01:23:14,44.88437,-63.5141,118.0,1.0,SKT-4031,1.0,1.0,GPIX
17/07/2025,01:23:21,44.88437,-63.5141,118.0,1.0,SKT-4031,1.0,1.0,GPIX
17/07/2025,01:23:28,44.88437,-63.5141,118.0,1.0,SKT-4031,1.0,1.0,GPIX
17/07/2025,01:23:36,44.88437,-63.5141,118.0,1.0,SKT-4031,1.0,1.0,GPIX
17/07/2025,01:23:43,44.88437,-63.51409,117.0,1.0,SKT-4031,1.0,1.0,GPIX
17/07/2025,01:23:50,44.88437,-63.51409,117.0,1.0,SKT-4031,1.0,1.0,GPIX
17/07/2025,01:23:58,44.88436,-63.51409,117.0,1.0,SKT-4031,1.0,1.0,GPIX
17/07/2025,01:24:05,44.88435,-63.5141,116.0,1.0,SKT-4031,1.0,1.0,GPIX
17/07/2025,01:24:12,44.88435,-63.5141,116.0,1.0,SKT-4031,1.0,1.0,GPIX
17/07/2025,01:24:20,44.88436,-63.5141,115.0,1.0,SKT-4031,1.0,1.0,GPIX
17/07/2025,01:24:27,44.88436,-63.5141,116.0,1.0,SKT-4031,1.0,1.0,GPIX
17/07/2025,01:24:35,44.88435,-63.51411,116.0,1.0,SKT-4031,1.0,1.0,GPIX
17/07/2025,01:24:42,44.88435,-63.51411,116.0,1.0,SKT-4031,1.0,1.0,GPIX
17/07/2025,01:24:49,44.88435,-63.51411,116.0,1.0,SKT-4031,1.0,1.0,GPIX
17/07/2025,01:24:57,44.88435,-63.5141,116.0,1.0,SKT-4031,1.0,1.0,GPIX
17/07/2025,01:25:04,44.88436,-63.51411,116.0,1.0,SKT-4031,1.0,1.0,GPIX
17/07/2025,01:25:12,44.88436,-63.51411,116.0,1.0,SKT-4031,1.0,1.0,GPIX
17/07/2025,01:25:19,44.88436,-63.51411,116.0,1.0,SKT-4031,1.0,1.0,GPIX
17/07/2025,01:25:26,44.88436,-63.51411,116.0,1.0,SKT-4031,1.0,1.0,GPIX
17/07/2025,01:25:34,44.88436,-63.51411,116.0,1.0,SKT-4031,1.0,1.0,GPIX
17/07/2025,01:25:42,44.88436,-63.51411,116.0,1.0,SKT-4031,1.0,1.0,GPIX
17/07/2025,01:25:49,44.88437,-63.5141,115.0,1.0,SKT-4031,1.0,1.0,GPIX
17/07/2025,01:25:56,44.88437,-63.5141,115.0,1.0,SKT-4031,1.0,1.0,GPIX
17/07/2025,01:26:04,44.88437,-63.5141,116.0,1.0,SKT-4031,1.0,1.0,GPIX
17/07/2025,01:26:11,44.88437,-63.5141,116.0,1.0,SKT-4031,1.0,1.0,GPIX
17/07/2025,01:26:18,44.88437,-63.51409,115.0,1.0,SKT-4031,1.0,1.0,GPIX
17/07/2025,01:26:26,44.88437,-63.51409,114.0,1.0,SKT-4031,1.0,1.0,GPIX
17/07/2025,01:26:33,44.88437,-63.51409,115.0,1.0,SKT-4031,1.0,1.0,GPIX
17/07/2025,01:26:40,44.88437,-63.5141,116.0,1.0,SKT-4031,1.0,1.0,GPIX
17/07/2025,01:26:48,44.88437,-63.5141,116.0,1.0,SKT-4031,1.0,1.0,GPIX
17/07/2025,01:26:55,44.88438,-63.5141,116.0,1.0,SKT-4031,1.0,1.0,GPIX
17/07/2025,01:27:02,44.88438,-63.5141,116.0,1.0,SKT-4031,1.0,1.0,GPIX
17/07/2025,01:27:10,44.88438,-63.5141,116.0,1.0,SKT-4031,1.0,1.0,GPIX
17/07/2025,01:27:17,44.88437,-63.5141,116.0,1.0,SKT-4031,1.0,1.0,GPIX
17/07/2025,01:27:25,44.88437,-63.5141,116.0,1.0,SKT-4031,1.0,1.0,GPIX
17/07/2025,01:27:32,44.88437,-63.5141,117.0,1.0,SKT-4031,1.0,1.0,GPIX
17/07/2025,01:27:40,44.88437,-63.5141,117.0,1.0,SKT-4031,1.0,1.0,GPIX
17/07/2025,01:27:47,44.88437,-63.5141,117.0,1.0,SKT-4031,1.0,1.0,GPIX
17/07/2025,01:27:54,44.88437,-63.5141,118.0,1.0,SKT-4031,1.0,1.0,GPIX
17/07/2025,01:28:02,44.88437,-63.5141,118.0,1.0,SKT-4031,1.0,1.0,GPIX
17/07/2025,01:28:09,44.88437,-63.5141,118.0,1.0,SKT-4031,1.0,1.0,GPIX
17/07/2025,01:28:17,44.88437,-63.5141,117.0,1.0,SKT-4031,1.0,1.0,GPIX
17/07/2025,01:28:24,44.88437,-63.5141,117.0,1.0,SKT-4031,1.0,1.0,GPIX
17/07/2025,01:28:31,44.88437,-63.5141,116.0,1.0,SKT-4031,1.0,1.0,GPIX
17/07/2025,01:28:39,44.88437,-63.5141,116.0,1.0,SKT-4031,1.0,1.0,GPIX
17/07/2025,01:28:46,44.88437,-63.51411,117.0,1.0,SKT-4031,1.0,1.0,GPIX
17/07/2025,01:28:53,44.88437,-63.51411,117.0,1.0,SKT-4031,1.0,1.0,GPIX
17/07/2025,01:29:01,44.88437,-63.51411,116.0,1.0,SKT-4031,1.0,1.0,GPIX
17/07/2025,01:29:08,44.88437,-63.5141,116.0,1.0,SKT-4031,1.0,1.0,GPIX
17/07/2025,01:29:15,44.88437,-63.5141,116.0,1.0,SKT-4031,1.0,1.0,GPIX
17/07/2025,01:29:23,44.88437,-63.5141,116.0,1.0,SKT-4031,1.0,1.0,GPIX
17/07/2025,01:29:30,44.88437,-63.5141,117.0,1.0,SKT-4031,1.0,1.0,GPIX
17/07/2025,01:29:37,44.88437,-63.51409,117.0,1.0,SKT-4031,1.0,1.0,GPIX
17/07/2025,01:29:45,44.88437,-63.51409,117.0,1.0,SKT-4031,1.0,1.0,GPIX
17/07/2025,01:29:53,44.88436,-63.51409,116.0,1.0,SKT-4031,1.0,1.0,GPIX
17/07/2025,01:30:00,44.88436,-63.51409,116.0,1.0,SKT-4031,1.0,1.0,GPIX
17/07/2025,01:30:08,44.88436,-63.5141,116.0,1.0,SKT-4031,1.0,1.0,GPIX
17/07/2025,01:30:15,44.88436,-63.5141,116.0,1.0,SKT-4031,1.0,1.0,GPIX
17/07/2025,01:30:22,44.88436,-63.5141,117.0,1.0,SKT-4031,1.0,1.0,GPIX
17/07/2025,01:30:30,44.88437,-63.51411,119.0,1.0,SKT-4031,1.0,1.0,GPIX
17/07/2025,01:30:37,44.88437,-63.51411,119.0,1.0,SKT-4031,1.0,1.0,GPIX
17/07/2025,01:30:45,44.88437,-63.5141,119.0,1.0,SKT-4031,1.0,1.0,GPIX
17/07/2025,01:30:52,44.88437,-63.5141,119.0,1.0,SKT-4031,1.0,1.0,GPIX
17/07/2025,01:31:00,44.88437,-63.5141,119.0,1.0,SKT-4031,1.0,1.0,GPIX
17/07/2025,01:31:07,44.88437,-63.5141,118.0,1.0,SKT-4031,1.0,1.0,GPIX
17/07/2025,01:31:14,44.88437,-63.5141,117.0,1.0,SKT-4031,1.0,1.0,GPIX
17/07/2025,01:31:22,44.88437,-63.5141,116.0,1.0,SKT-4031,1.0,1.0,GPIX
17/07/2025,01:31:30,44.88437,-63.5141,116.0,1.0,SKT-4031,1.0,1.0,GPIX
17/07/2025,01:31:38,44.88437,-63.5141,115.0,1.0,SKT-4031,1.0,1.0,GPIX
17/07/2025,01:31:45,44.88437,-63.5141,115.0,1.0,SKT-4031,1.0,1.0,GPIX
17/07/2025,01:31:52,44.88437,-63.5141,115.0,1.0,SKT-4031,1.0,1.0,GPIX
17/07/2025,01:32:00,44.88437,-63.5141,115.0,1.0,SKT-4031,1.0,1.0,GPIX
17/07/2025,01:32:07,44.88437,-63.5141,115.0,1.0,SKT-4031,1.0,1.0,GPIX
17/07/2025,01:32:15,44.88437,-63.51409,115.0,1.0,SKT-4031,1.0,1.0,GPIX
17/07/2025,01:32:23,44.88437,-63.51408,115.0,1.0,SKT-4031,1.0,1.0,GPIX
17/07/2025,01:32:30,44.88438,-63.51408,115.0,1.0,SKT-4031,1.0,1.0,GPIX
17/07/2025,01:32:37,44.88438,-63.51408,115.0,1.0,SKT-4031,1.0,1.0,GPIX
17/07/2025,01:32:45,44.88438,-63.51409,115.0,1.0,SKT-4031,1.0,1.0,GPIX
17/07/2025,01:32:52,44.88438,-63.51409,115.0,1.0,SKT-4031,1.0,1.0,GPIX
17/07/2025,01:33:00,44.88438,-63.51409,114.0,1.0,SKT-4031,1.0,1.0,GPIX
17/07/2025,01:33:07,44.88438,-63.51409,114.0,1.0,SKT-4031,1.0,1.0,GPIX
17/07/2025,01:33:14,44.88437,-63.51409,114.0,1.0,SKT-4031,1.0,1.0,GPIX
17/07/2025,01:33:22,44.88437,-63.51409,113.0,1.0,SKT-4031,1.0,1.0,GPIX
17/07/2025,01:33:29,44.88437,-63.51409,114.0,1.0,SKT-4031,1.0,1.0,GPIX
17/07/2025,01:33:37,44.88437,-63.5141,115.0,1.0,SKT-4031,1.0,1.0,GPIX
17/07/2025,01:33:44,44.88437,-63.5141,116.0,1.0,SKT-4031,1.0,1.0,GPIX
17/07/2025,01:33:52,44.88437,-63.51409,115.0,1.0,SKT-4031,1.0,1.0,GPIX
17/07/2025,01:33:59,44.88437,-63.51409,115.0,1.0,SKT-4031,1.0,1.0,GPIX
17/07/2025,01:34:07,44.88436,-63.51408,115.0,1.0,SKT-4031,1.0,1.0,GPIX
17/07/2025,01:34:14,44.88436,-63.51408,114.0,1.0,SKT-4031,1.0,1.0,GPIX
17/07/2025,01:34:21,44.88436,-63.51408,113.0,1.0,SKT-4031,1.0,1.0,GPIX
17/07/2025,01:34:29,44.88436,-63.51408,113.0,1.0,SKT-4031,1.0,1.0,GPIX
17/07/2025,01:34:36,44.88436,-63.51409,114.0,1.0,SKT-4031,1.0,1.0,GPIX
17/07/2025,01:34:43,44.88436,-63.51409,115.0,1.0,SKT-4031,1.0,1.0,GPIX
17/07/2025,01:34:51,44.88437,-63.5141,118.0,1.0,SKT-4031,1.0,1.0,GPIX
17/07/2025,01:34:58,44.88437,-63.5141,119.0,1.0,SKT-4031,1.0,1.0,GPIX
17/07/2025,01:35:05,44.88437,-63.5141,119.0,1.0,SKT-4031,1.0,1.0,GPIX
17/07/2025,01:35:13,44.88437,-63.51409,119.0,1.0,SKT-4031,1.0,1.0,GPIX
17/07/2025,01:35:20,44.88437,-63.51409,118.0,1.0,SKT-4031,1.0,1.0,GPIX
17/07/2025,01:35:28,44.88437,-63.51408,118.0,1.0,SKT-4031,1.0,1.0,GPIX
17/07/2025,01:35:35,44.88437,-63.51409,118.0,1.0,SKT-4031,1.0,1.0,GPIX
17/07/2025,01:35:42,44.88437,-63.51409,118.0,1.0,SKT-4031,1.0,1.0,GPIX
17/07/2025,01:35:50,44.88437,-63.51409,119.0,1.0,SKT-4031,1.0,1.0,GPIX
17/07/2025,01:35:57,44.88438,-63.51409,119.0,1.0,SKT-4031,1.0,1.0,GPIX
17/07/2025,01:36:05,44.88438,-63.51409,119.0,1.0,SKT-4031,1.0,1.0,GPIX
17/07/2025,01:36:12,44.88437,-63.5141,119.0,1.0,SKT-4031,1.0,1.0,GPIX
17/07/2025,01:36:20,44.88438,-63.5141,118.0,1.0,SKT-4031,1.0,1.0,GPIX
17/07/2025,01:36:28,44.88438,-63.5141,117.0,1.0,SKT-4031,1.0,1.0,GPIX
17/07/2025,01:36:35,44.88438,-63.5141,116.0,1.0,SKT-4031,1.0,1.0,GPIX
17/07/2025,01:36:42,44.88438,-63.5141,116.0,1.0,SKT-4031,1.0,1.0,GPIX
17/07/2025,01:36:50,44.88437,-63.5141,115.0,1.0,SKT-4031,1.0,1.0,GPIX
17/07/2025,01:36:57,44.88437,-63.5141,115.0,1.0,SKT-4031,1.0,1.0,GPIX
17/07/2025,01:37:05,44.88437,-63.5141,115.0,1.0,SKT-4031,1.0,1.0,GPIX
17/07/2025,01:37:12,44.88438,-63.5141,115.0,1.0,SKT-4031,1.0,1.0,GPIX
17/07/2025,01:37:19,44.88438,-63.5141,114.0,1.0,SKT-4031,1.0,1.0,GPIX
17/07/2025,01:37:27,44.88437,-63.5141,115.0,1.0,SKT-4031,1.0,1.0,GPIX
17/07/2025,01:37:34,44.88437,-63.5141,115.0,1.0,SKT-4031,1.0,1.0,GPIX
17/07/2025,01:37:41,44.88437,-63.5141,114.0,1.0,SKT-4031,1.0,1.0,GPIX
17/07/2025,01:37:49,44.88437,-63.5141,114.0,1.0,SKT-4031,1.0,1.0,GPIX
17/07/2025,01:37:57,44.88437,-63.5141,115.0,1.0,SKT-4031,1.0,1.0,GPIX
17/07/2025,01:38:04,44.88437,-63.5141,115.0,1.0,SKT-4031,1.0,1.0,GPIX
17/07/2025,01:38:12,44.88437,-63.5141,115.0,1.0,SKT-4031,1.0,1.0,GPIX
17/07/2025,01:38:19,44.88437,-63.5141,116.0,1.0,SKT-4031,1.0,1.0,GPIX
17/07/2025,01:38:26,44.88437,-63.5141,116.0,1.0,SKT-4031,1.0,1.0,GPIX
17/07/2025,01:38:34,44.88437,-63.51409,116.0,1.0,SKT-4031,1.0,1.0,GPIX
17/07/2025,01:38:42,44.88437,-63.51409,117.0,1.0,SKT-4031,1.0,1.0,GPIX
17/07/2025,01:38:49,44.88436,-63.51409,117.0,1.0,SKT-4031,1.0,1.0,GPIX
17/07/2025,01:38:56,44.88437,-63.5141,117.0,1.0,SKT-4031,1.0,1.0,GPIX
17/07/2025,01:39:04,44.88437,-63.51409,117.0,1.0,SKT-4031,1.0,1.0,GPIX
17/07/2025,01:39:11,44.88437,-63.51409,117.0,1.0,SKT-4031,1.0,1.0,GPIX
17/07/2025,01:39:19,44.88437,-63.51409,117.0,1.0,SKT-4031,1.0,1.0,GPIX
17/07/2025,01:39:26,44.88437,-63.51409,118.0,1.0,SKT-4031,1.0,1.0,GPIX
17/07/2025,01:39:33,44.88437,-63.51409,117.0,1.0,SKT-4031,1.0,1.0,GPIX
17/07/2025,01:39:41,44.88437,-63.51409,117.0,1.0,SKT-4031,1.0,1.0,GPIX
17/07/2025,01:39:49,44.88436,-63.5141,117.0,1.0,SKT-4031,1.0,1.0,GPIX
17/07/2025,01:39:56,44.88436,-63.5141,117.0,1.0,SKT-4031,1.0,1.0,GPIX
17/07/2025,01:40:04,44.88436,-63.51411,117.0,1.0,SKT-4031,1.0,1.0,GPIX
17/07/2025,01:40:11,44.88436,-63.5141,117.0,1.0,SKT-4031,1.0,1.0,GPIX
17/07/2025,01:40:18,44.88437,-63.5141,117.0,1.0,SKT-4031,1.0,1.0,GPIX
17/07/2025,01:40:26,44.88437,-63.51409,116.0,1.0,SKT-4031,1.0,1.0,GPIX
17/07/2025,01:40:33,44.88437,-63.51409,116.0,1.0,SKT-4031,1.0,1.0,GPIX
17/07/2025,01:40:41,44.88437,-63.51409,116.0,1.0,SKT-4031,1.0,1.0,GPIX
17/07/2025,01:40:48,44.88437,-63.51409,117.0,1.0,SKT-4031,1.0,1.0,GPIX
17/07/2025,01:40:56,44.88438,-63.51409,117.0,1.0,SKT-4031,1.0,1.0,GPIX
17/07/2025,01:41:03,44.88438,-63.51409,118.0,1.0,SKT-4031,1.0,1.0,GPIX
17/07/2025,01:41:11,44.88437,-63.51409,118.0,1.0,SKT-4031,1.0,1.0,GPIX
17/07/2025,01:41:18,44.88437,-63.51409,117.0,1.0,SKT-4031,1.0,1.0,GPIX
17/07/2025,01:41:25,44.88438,-63.51409,117.0,1.0,SKT-4031,1.0,1.0,GPIX
17/07/2025,01:41:33,44.88438,-63.51409,118.0,1.0,SKT-4031,1.0,1.0,GPIX
17/07/2025,01:41:40,44.88437,-63.5141,118.0,1.0,SKT-4031,1.0,1.0,GPIX
17/07/2025,01:41:47,44.88438,-63.5141,119.0,1.0,SKT-4031,1.0,1.0,GPIX
17/07/2025,01:41:55,44.88438,-63.5141,119.0,1.0,SKT-4031,1.0,1.0,GPIX
17/07/2025,01:42:02,44.88438,-63.5141,118.0,1.0,SKT-4031,1.0,1.0,GPIX
17/07/2025,01:42:09,44.88438,-63.5141,118.0,1.0,SKT-4031,1.0,1.0,GPIX
17/07/2025,01:42:17,44.88438,-63.5141,117.0,1.0,SKT-4031,1.0,1.0,GPIX
17/07/2025,01:42:24,44.88438,-63.5141,116.0,1.0,SKT-4031,1.0,1.0,GPIX
17/07/2025,01:42:32,44.88438,-63.5141,116.0,1.0,SKT-4031,1.0,1.0,GPIX
17/07/2025,01:42:39,44.88438,-63.5141,116.0,1.0,SKT-4031,1.0,1.0,GPIX
17/07/2025,01:42:47,44.88438,-63.5141,116.0,1.0,SKT-4031,1.0,1.0,GPIX
17/07/2025,01:42:54,44.88438,-63.5141,116.0,1.0,SKT-4031,1.0,1.0,GPIX
17/07/2025,01:43:02,44.88438,-63.5141,116.0,1.0,SKT-4031,1.0,1.0,GPIX
17/07/2025,01:43:09,44.88438,-63.5141,116.0,1.0,SKT-4031,1.0,1.0,GPIX
17/07/2025,01:43:16,44.88438,-63.5141,116.0,1.0,SKT-4031,1.0,1.0,GPIX
17/07/2025,01:43:24,44.88438,-63.5141,117.0,1.0,SKT-4031,1.0,1.0,GPIX
17/07/2025,01:43:31,44.88438,-63.51409,117.0,1.0,SKT-4031,1.0,1.0,GPIX
17/07/2025,01:43:38,44.88438,-63.51409,116.0,1.0,SKT-4031,1.0,1.0,GPIX
17/07/2025,01:43:46,44.88438,-63.5141,115.0,1.0,SKT-4031,1.0,1.0,GPIX
17/07/2025,01:43:53,44.88438,-63.5141,115.0,1.0,SKT-4031,1.0,1.0,GPIX
17/07/2025,01:44:01,44.88438,-63.5141,115.0,1.0,SKT-4031,1.0,1.0,GPIX
17/07/2025,01:44:08,44.88438,-63.51409,115.0,1.0,SKT-4031,1.0,1.0,GPIX
17/07/2025,01:44:16,44.88438,-63.51409,115.0,1.0,SKT-4031,1.0,1.0,GPIX
17/07/2025,01:44:24,44.88438,-63.51409,115.0,1.0,SKT-4031,1.0,1.0,GPIX
17/07/2025,01:44:31,44.88438,-63.51409,115.0,1.0,SKT-4031,1.0,1.0,GPIX
17/07/2025,01:44:39,44.88438,-63.5141,115.0,1.0,SKT-4031,1.0,1.0,GPIX
17/07/2025,01:44:46,44.88438,-63.5141,115.0,1.0,SKT-4031,1.0,1.0,GPIX
17/07/2025,01:44:53,44.88438,-63.5141,115.0,1.0,SKT-4031,1.0,1.0,GPIX
17/07/2025,01:45:01,44.88438,-63.5141,116.0,1.0,SKT-4031,1.0,1.0,GPIX
17/07/2025,01:45:08,44.88438,-63.5141,116.0,1.0,SKT-4031,1.0,1.0,GPIX
17/07/2025,01:45:15,44.88438,-63.5141,116.0,1.0,SKT-4031,1.0,1.0,GPIX
17/07/2025,01:45:23,44.88438,-63.5141,117.0,1.0,SKT-4031,1.0,1.0,GPIX
17/07/2025,01:45:30,44.88438,-63.5141,118.0,1.0,SKT-4031,1.0,1.0,GPIX
17/07/2025,01:45:38,44.88438,-63.5141,118.0,1.0,SKT-4031,1.0,1.0,GPIX
17/07/2025,01:45:46,44.88438,-63.5141,117.0,1.0,SKT-4031,1.0,1.0,GPIX
17/07/2025,01:45:53,44.88438,-63.51411,118.0,1.0,SKT-4031,1.0,1.0,GPIX
17/07/2025,01:46:00,44.88438,-63.51411,118.0,1.0,SKT-4031,1.0,1.0,GPIX
17/07/2025,01:46:08,44.88438,-63.51411,118.0,1.0,SKT-4031,1.0,1.0,GPIX
17/07/2025,01:46:15,44.88438,-63.51411,118.0,1.0,SKT-4031,1.0,1.0,GPIX
17/07/2025,01:46:22,44.88438,-63.5141,117.0,1.0,SKT-4031,1.0,1.0,GPIX
17/07/2025,01:46:30,44.88438,-63.5141,118.0,1.0,SKT-4031,1.0,1.0,GPIX
17/07/2025,01:46:37,44.88438,-63.51411,119.0,1.0,SKT-4031,1.0,1.0,GPIX
17/07/2025,01:46:45,44.88438,-63.51411,120.0,1.0,SKT-4031,1.0,1.0,GPIX
17/07/2025,01:46:52,44.88438,-63.51411,120.0,1.0,SKT-4031,1.0,1.0,GPIX
17/07/2025,01:46:59,44.88437,-63.51411,121.0,1.0,SKT-4031,1.0,1.0,GPIX
17/07/2025,01:47:07,44.88438,-63.51411,121.0,1.0,SKT-4031,1.0,1.0,GPIX
17/07/2025,01:47:14,44.88438,-63.5141,120.0,1.0,SKT-4031,1.0,1.0,GPIX
17/07/2025,01:47:21,44.88438,-63.5141,120.0,1.0,SKT-4031,1.0,1.0,GPIX
17/07/2025,01:47:29,44.88438,-63.51411,121.0,1.0,SKT-4031,1.0,1.0,GPIX
17/07/2025,01:47:36,44.88438,-63.51411,122.0,1.0,SKT-4031,1.0,1.0,GPIX
17/07/2025,01:47:43,44.88438,-63.51412,122.0,1.0,SKT-4031,1.0,1.0,GPIX
17/07/2025,01:47:51,44.88438,-63.51412,122.0,1.0,SKT-4031,1.0,1.0,GPIX
18/07/2025,13:36:50,45.31396,-74.30024,6587.0,0.0,SKT-4031,1.0,0.0,GPIX
18/07/2025,13:36:58,45.31479,-74.28301,6621.0,0.0,SKT-4031,1.0,0.0,GPIX
18/07/2025,13:37:06,45.31561,-74.26575,6653.0,0.0,SKT-4031,1.0,0.0,GPIX
18/07/2025,13:37:13,45.31632,-74.25062,6681.0,0.0,SKT-4031,1.0,0.0,GPIX
18/07/2025,13:37:20,45.31705,-74.23546,6708.0,0.0,SKT-4031,1.0,0.0,GPIX
18/07/2025,13:37:27,45.31784,-74.22028,6734.0,0.0,SKT-4031,1.0,0.0,GPIX
18/07/2025,13:37:34,45.31865,-74.20506,6761.0,0.0,SKT-4031,1.0,0.0,GPIX
18/07/2025,13:37:41,45.3195,-74.18983,6789.0,0.0,SKT-4031,1.0,0.0,GPIX
18/07/2025,13:37:48,45.3204,-74.17459,6818.0,0.0,SKT-4031,1.0,0.0,GPIX
18/07/2025,13:37:55,45.32133,-74.15936,6847.0,0.0,SKT-4031,1.0,0.0,GPIX
18/07/2025,13:38:03,45.32245,-74.14193,6881.0,0.0,SKT-4031,1.0,0.0,GPIX
18/07/2025,13:38:10,45.32346,-74.12669,6912.0,0.0,SKT-4031,1.0,0.0,GPIX
18/07/2025,13:38:17,45.32451,-74.11143,6942.0,0.0,SKT-4031,1.0,0.0,GPIX
18/07/2025,13:38:24,45.32558,-74.09618,6971.0,0.0,SKT-4031,1.0,0.0,GPIX
18/07/2025,13:38:31,45.32668,-74.08092,7001.0,0.0,SKT-4031,1.0,0.0,GPIX
18/07/2025,13:38:38,45.32779,-74.06566,7031.0,0.0,SKT-4031,1.0,0.0,GPIX
18/07/2025,13:38:45,45.32889,-74.0504,7061.0,0.0,SKT-4031,1.0,0.0,GPIX
18/07/2025,13:38:52,45.32999,-74.03514,7091.0,0.0,SKT-4031,1.0,0.0,GPIX
18/07/2025,13:38:59,45.33109,-74.0199,7122.0,0.0,SKT-4031,1.0,0.0,GPIX
18/07/2025,13:39:06,45.33218,-74.00466,7150.0,0.0,SKT-4031,1.0,0.0,GPIX
18/07/2025,13:39:13,45.33326,-73.98943,7177.0,0.0,SKT-4031,1.0,0.0,GPIX
18/07/2025,13:39:20,45.33433,-73.97421,7205.0,0.0,SKT-4031,1.0,0.0,GPIX
18/07/2025,13:39:27,45.33539,-73.95899,7231.0,0.0,SKT-4031,1.0,0.0,GPIX
18/07/2025,13:39:34,45.33643,-73.94377,7258.0,0.0,SKT-4031,1.0,0.0,GPIX
18/07/2025,13:39:41,45.33746,-73.92855,7284.0,0.0,SKT-4031,1.0,0.0,GPIX
18/07/2025,13:39:48,45.33846,-73.91334,7311.0,0.0,SKT-4031,1.0,0.0,GPIX
18/07/2025,13:39:56,45.33959,-73.89595,7341.0,0.0,SKT-4031,1.0,0.0,GPIX
18/07/2025,13:40:03,45.34056,-73.88074,7368.0,0.0,SKT-4031,1.0,0.0,GPIX
18/07/2025,13:40:10,45.34151,-73.86555,7395.0,0.0,SKT-4031,1.0,0.0,GPIX
18/07/2025,13:40:17,45.34245,-73.85034,7421.0,0.0,SKT-4031,1.0,0.0,GPIX
18/07/2025,13:40:25,45.34351,-73.83296,7451.0,0.0,SKT-4031,1.0,0.0,GPIX
18/07/2025,13:40:32,45.34443,-73.81775,7478.0,0.0,SKT-4031,1.0,0.0,GPIX
18/07/2025,13:40:39,45.34534,-73.80253,7504.0,0.0,SKT-4031,1.0,0.0,GPIX
18/07/2025,13:40:46,45.34624,-73.78729,7530.0,0.0,SKT-4031,1.0,0.0,GPIX
18/07/2025,13:40:54,45.34727,-73.76985,7555.0,0.0,SKT-4031,1.0,0.0,GPIX
18/07/2025,13:41:01,45.34818,-73.75454,7576.0,0.0,SKT-4031,1.0,0.0,GPIX
18/07/2025,13:41:08,45.34908,-73.7392,7598.0,0.0,SKT-4031,1.0,0.0,GPIX
18/07/2025,13:41:15,45.34999,-73.72383,7621.0,0.0,SKT-4031,1.0,0.0,GPIX
18/07/2025,13:41:22,45.35089,-73.70844,7643.0,0.0,SKT-4031,1.0,0.0,GPIX
18/07/2025,13:41:29,45.35179,-73.69304,7665.0,0.0,SKT-4031,1.0,0.0,GPIX
18/07/2025,13:41:36,45.35268,-73.67761,7688.0,0.0,SKT-4031,1.0,0.0,GPIX
18/07/2025,13:41:43,45.35358,-73.66216,7709.0,0.0,SKT-4031,1.0,0.0,GPIX
18/07/2025,13:41:50,45.3545,-73.64671,7729.0,0.0,SKT-4031,1.0,0.0,GPIX
18/07/2025,13:41:57,45.35541,-73.63123,7749.0,0.0,SKT-4031,1.0,0.0,GPIX
18/07/2025,13:42:04,45.35633,-73.61573,7768.0,0.0,SKT-4031,1.0,0.0,GPIX
18/07/2025,13:42:11,45.35727,-73.60022,7789.0,0.0,SKT-4031,1.0,0.0,GPIX
18/07/2025,13:42:18,45.3582,-73.5847,7809.0,0.0,SKT-4031,1.0,0.0,GPIX
18/07/2025,13:42:25,45.35899,-73.56915,7828.0,0.0,SKT-4031,1.0,0.0,GPIX
18/07/2025,13:42:32,45.35923,-73.55352,7847.0,0.0,SKT-4031,1.0,0.0,GPIX
18/07/2025,13:42:39,45.35903,-73.53786,7865.0,0.0,SKT-4031,1.0,0.0,GPIX
18/07/2025,13:42:46,45.35851,-73.52217,7875.0,0.0,SKT-4031,1.0,0.0,GPIX
18/07/2025,13:42:53,45.3578,-73.5064,7881.0,0.0,SKT-4031,1.0,0.0,GPIX
18/07/2025,13:43:00,45.35698,-73.49052,7883.0,0.0,SKT-4031,1.0,0.0,GPIX
18/07/2025,13:43:07,45.35611,-73.47456,7884.0,0.0,SKT-4031,1.0,0.0,GPIX
18/07/2025,13:43:14,45.35521,-73.4585,7885.0,0.0,SKT-4031,1.0,0.0,GPIX
18/07/2025,13:43:21,45.3543,-73.44232,7886.0,0.0,SKT-4031,1.0,0.0,GPIX
18/07/2025,13:43:29,45.35326,-73.42372,7887.0,0.0,SKT-4031,1.0,0.0,GPIX
18/07/2025,13:43:36,45.35238,-73.40733,7887.0,0.0,SKT-4031,1.0,0.0,GPIX
18/07/2025,13:43:43,45.35151,-73.39085,7888.0,0.0,SKT-4031,1.0,0.0,GPIX
18/07/2025,13:43:50,45.35065,-73.37428,7889.0,0.0,SKT-4031,1.0,0.0,GPIX
18/07/2025,13:43:57,45.34982,-73.35761,7890.0,0.0,SKT-4031,1.0,0.0,GPIX
18/07/2025,13:44:04,45.34899,-73.34087,7890.0,0.0,SKT-4031,1.0,0.0,GPIX
18/07/2025,13:44:11,45.34818,-73.32404,7890.0,0.0,SKT-4031,1.0,0.0,GPIX
18/07/2025,13:44:18,45.34738,-73.30716,7890.0,0.0,SKT-4031,1.0,0.0,GPIX
18/07/2025,13:44:25,45.34659,-73.29021,7890.0,0.0,SKT-4031,1.0,0.0,GPIX
18/07/2025,13:44:32,45.3458,-73.27319,7890.0,0.0,SKT-4031,1.0,0.0,GPIX
18/07/2025,13:44:39,45.34501,-73.25613,7891.0,0.0,SKT-4031,1.0,0.0,GPIX
18/07/2025,13:44:46,45.34421,-73.23901,7891.0,0.0,SKT-4031,1.0,0.0,GPIX
18/07/2025,13:44:53,45.34341,-73.22186,7892.0,0.0,SKT-4031,1.0,0.0,GPIX
18/07/2025,13:45:00,45.34261,-73.20466,7893.0,0.0,SKT-4031,1.0,0.0,GPIX
18/07/2025,13:45:07,45.34181,-73.18741,7894.0,0.0,SKT-4031,1.0,0.0,GPIX
18/07/2025,13:45:14,45.34101,-73.17012,7895.0,0.0,SKT-4031,1.0,0.0,GPIX
18/07/2025,13:45:21,45.3402,-73.15279,7895.0,0.0,SKT-4031,1.0,0.0,GPIX
18/07/2025,13:45:28,45.33939,-73.13539,7896.0,0.0,SKT-4031,1.0,0.0,GPIX
18/07/2025,13:45:35,45.33857,-73.11794,7896.0,0.0,SKT-4031,1.0,0.0,GPIX
18/07/2025,13:45:42,45.33775,-73.10044,7896.0,0.0,SKT-4031,1.0,0.0,GPIX
18/07/2025,13:45:49,45.33692,-73.08289,7896.0,0.0,SKT-4031,1.0,0.0,GPIX
18/07/2025,13:45:56,45.33609,-73.0653,7895.0,0.0,SKT-4031,1.0,0.0,GPIX
18/07/2025,13:46:03,45.33525,-73.04767,7894.0,0.0,SKT-4031,1.0,0.0,GPIX
18/07/2025,13:46:11,45.33427,-73.02749,7893.0,0.0,SKT-4031,1.0,0.0,GPIX
18/07/2025,13:46:18,45.33341,-73.0098,7894.0,0.0,SKT-4031,1.0,0.0,GPIX
18/07/2025,13:46:25,45.33253,-72.99208,7894.0,0.0,SKT-4031,1.0,0.0,GPIX
18/07/2025,13:46:32,45.33165,-72.97435,7895.0,0.0,SKT-4031,1.0,0.0,GPIX
18/07/2025,13:46:39,45.33078,-72.9566,7895.0,0.0,SKT-4031,1.0,0.0,GPIX
18/07/2025,13:46:46,45.32991,-72.93882,7895.0,0.0,SKT-4031,1.0,0.0,GPIX
18/07/2025,13:46:53,45.32913,-72.92103,7896.0,0.0,SKT-4031,1.0,0.0,GPIX
18/07/2025,13:47:00,45.32842,-72.90321,7895.0,0.0,SKT-4031,1.0,0.0,GPIX
18/07/2025,13:47:07,45.32771,-72.88536,7895.0,0.0,SKT-4031,1.0,0.0,GPIX
18/07/2025,13:47:14,45.32697,-72.86751,7895.0,0.0,SKT-4031,1.0,0.0,GPIX
18/07/2025,13:47:21,45.32617,-72.84964,7896.0,0.0,SKT-4031,1.0,0.0,GPIX
18/07/2025,13:47:28,45.32534,-72.83176,7897.0,0.0,SKT-4031,1.0,0.0,GPIX
18/07/2025,13:47:35,45.32447,-72.81387,7898.0,0.0,SKT-4031,1.0,0.0,GPIX
18/07/2025,13:47:42,45.32359,-72.79595,7897.0,0.0,SKT-4031,1.0,0.0,GPIX
18/07/2025,13:47:49,45.32269,-72.77802,7897.0,0.0,SKT-4031,1.0,0.0,GPIX
18/07/2025,13:47:56,45.32179,-72.76006,7897.0,0.0,SKT-4031,1.0,0.0,GPIX
18/07/2025,13:48:03,45.32088,-72.74208,7898.0,0.0,SKT-4031,1.0,0.0,GPIX
18/07/2025,13:48:10,45.31998,-72.72408,7898.0,0.0,SKT-4031,1.0,0.0,GPIX
18/07/2025,13:48:17,45.31908,-72.70608,7898.0,0.0,SKT-4031,1.0,0.0,GPIX
18/07/2025,13:48:24,45.31816,-72.68806,7899.0,0.0,SKT-4031,1.0,0.0,GPIX
18/07/2025,13:48:31,45.31725,-72.67002,7898.0,0.0,SKT-4031,1.0,0.0,GPIX
18/07/2025,13:48:38,45.31633,-72.65196,7898.0,0.0,SKT-4031,1.0,0.0,GPIX
18/07/2025,13:48:45,45.31542,-72.63388,7899.0,0.0,SKT-4031,1.0,0.0,GPIX
18/07/2025,13:48:52,45.31451,-72.61579,7899.0,0.0,SKT-4031,1.0,0.0,GPIX
18/07/2025,13:49:01,45.31333,-72.59251,7899.0,0.0,SKT-4031,1.0,0.0,GPIX
18/07/2025,13:49:08,45.3124,-72.57439,7899.0,0.0,SKT-4031,1.0,0.0,GPIX
18/07/2025,13:49:15,45.31147,-72.55627,7898.0,0.0,SKT-4031,1.0,0.0,GPIX
18/07/2025,13:49:22,45.31054,-72.53815,7898.0,0.0,SKT-4031,1.0,0.0,GPIX
18/07/2025,13:49:29,45.3096,-72.52003,7898.0,0.0,SKT-4031,1.0,0.0,GPIX
18/07/2025,13:49:36,45.30866,-72.50191,7898.0,0.0,SKT-4031,1.0,0.0,GPIX
18/07/2025,13:49:43,45.30771,-72.48379,7899.0,0.0,SKT-4031,1.0,0.0,GPIX
18/07/2025,13:49:50,45.30676,-72.46567,7900.0,0.0,SKT-4031,1.0,0.0,GPIX
18/07/2025,13:49:57,45.30581,-72.44754,7901.0,0.0,SKT-4031,1.0,0.0,GPIX
18/07/2025,13:50:04,45.30485,-72.42941,7902.0,0.0,SKT-4031,1.0,0.0,GPIX
18/07/2025,13:50:11,45.30389,-72.41127,7904.0,0.0,SKT-4031,1.0,0.0,GPIX
18/07/2025,13:50:18,45.30293,-72.39312,7905.0,0.0,SKT-4031,1.0,0.0,GPIX
18/07/2025,13:50:25,45.30196,-72.37495,7903.0,0.0,SKT-4031,1.0,0.0,GPIX
18/07/2025,13:50:32,45.30099,-72.35676,7901.0,0.0,SKT-4031,1.0,0.0,GPIX
18/07/2025,13:50:39,45.30003,-72.33854,7902.0,0.0,SKT-4031,1.0,0.0,GPIX
18/07/2025,13:50:46,45.29906,-72.3203,7901.0,0.0,SKT-4031,1.0,0.0,GPIX
18/07/2025,13:50:53,45.29808,-72.30204,7901.0,0.0,SKT-4031,1.0,0.0,GPIX
18/07/2025,13:51:00,45.29708,-72.28376,7901.0,0.0,SKT-4031,1.0,0.0,GPIX
18/07/2025,13:51:07,45.29609,-72.26546,7900.0,0.0,SKT-4031,1.0,0.0,GPIX
18/07/2025,13:51:14,45.29509,-72.24715,7901.0,0.0,SKT-4031,1.0,0.0,GPIX
18/07/2025,13:51:21,45.29411,-72.22884,7900.0,0.0,SKT-4031,1.0,0.0,GPIX
18/07/2025,13:51:28,45.29312,-72.21052,7901.0,0.0,SKT-4031,1.0,0.0,GPIX
18/07/2025,13:51:35,45.29213,-72.19219,7901.0,0.0,SKT-4031,1.0,0.0,GPIX
18/07/2025,13:51:43,45.29101,-72.17125,7901.0,0.0,SKT-4031,1.0,0.0,GPIX
18/07/2025,13:51:50,45.29001,-72.15292,7901.0,0.0,SKT-4031,1.0,0.0,GPIX
18/07/2025,13:51:57,45.28902,-72.1346,7901.0,0.0,SKT-4031,1.0,0.0,GPIX
18/07/2025,13:52:04,45.28802,-72.11628,7902.0,0.0,SKT-4031,1.0,0.0,GPIX
18/07/2025,13:52:11,45.28702,-72.09795,7903.0,0.0,SKT-4031,1.0,0.0,GPIX
18/07/2025,13:52:18,45.28601,-72.07963,7903.0,0.0,SKT-4031,1.0,0.0,GPIX
18/07/2025,13:52:25,45.28499,-72.06129,7902.0,0.0,SKT-4031,1.0,0.0,GPIX
18/07/2025,13:52:32,45.28397,-72.04296,7903.0,0.0,SKT-4031,1.0,0.0,GPIX
18/07/2025,13:52:39,45.28294,-72.02463,7904.0,0.0,SKT-4031,1.0,0.0,GPIX
18/07/2025,13:52:46,45.2819,-72.00631,7904.0,0.0,SKT-4031,1.0,0.0,GPIX
18/07/2025,13:52:53,45.28085,-71.98799,7904.0,0.0,SKT-4031,1.0,0.0,GPIX
18/07/2025,13:53:00,45.27981,-71.96968,7904.0,0.0,SKT-4031,1.0,0.0,GPIX
18/07/2025,13:53:07,45.27877,-71.95136,7903.0,0.0,SKT-4031,1.0,0.0,GPIX
18/07/2025,13:53:14,45.27773,-71.93306,7904.0,0.0,SKT-4031,1.0,0.0,GPIX
18/07/2025,13:53:21,45.27669,-71.91476,7904.0,0.0,SKT-4031,1.0,0.0,GPIX
18/07/2025,13:53:28,45.27564,-71.89645,7902.0,0.0,SKT-4031,1.0,0.0,GPIX
18/07/2025,13:53:35,45.27458,-71.87816,7902.0,0.0,SKT-4031,1.0,0.0,GPIX
18/07/2025,13:53:42,45.27352,-71.85987,7903.0,0.0,SKT-4031,1.0,0.0,GPIX
18/07/2025,13:53:49,45.27245,-71.84158,7903.0,0.0,SKT-4031,1.0,0.0,GPIX
18/07/2025,13:53:56,45.27139,-71.8233,7902.0,0.0,SKT-4031,1.0,0.0,GPIX
18/07/2025,13:54:03,45.27032,-71.80502,7903.0,0.0,SKT-4031,1.0,0.0,GPIX
18/07/2025,13:54:10,45.26926,-71.78674,7905.0,0.0,SKT-4031,1.0,0.0,GPIX
18/07/2025,13:54:17,45.26819,-71.76846,7905.0,0.0,SKT-4031,1.0,0.0,GPIX
18/07/2025,13:54:24,45.26712,-71.75018,7907.0,0.0,SKT-4031,1.0,0.0,GPIX
18/07/2025,13:54:32,45.26589,-71.72928,7907.0,0.0,SKT-4031,1.0,0.0,GPIX
18/07/2025,13:54:39,45.26481,-71.71097,7907.0,0.0,SKT-4031,1.0,0.0,GPIX
18/07/2025,13:54:46,45.26372,-71.69265,7907.0,0.0,SKT-4031,1.0,0.0,GPIX
18/07/2025,13:54:53,45.26261,-71.67432,7907.0,0.0,SKT-4031,1.0,0.0,GPIX
18/07/2025,13:55:00,45.26151,-71.65598,7907.0,0.0,SKT-4031,1.0,0.0,GPIX
18/07/2025,13:55:07,45.2604,-71.63764,7906.0,0.0,SKT-4031,1.0,0.0,GPIX
18/07/2025,13:55:14,45.25928,-71.61929,7906.0,0.0,SKT-4031,1.0,0.0,GPIX
18/07/2025,13:55:21,45.25818,-71.60092,7905.0,0.0,SKT-4031,1.0,0.0,GPIX
18/07/2025,13:55:28,45.25708,-71.58254,7904.0,0.0,SKT-4031,1.0,0.0,GPIX
18/07/2025,13:55:35,45.25599,-71.56415,7901.0,0.0,SKT-4031,1.0,0.0,GPIX
18/07/2025,13:55:42,45.25491,-71.54575,7899.0,0.0,SKT-4031,1.0,0.0,GPIX
18/07/2025,13:55:50,45.25367,-71.52472,7902.0,0.0,SKT-4031,1.0,0.0,GPIX
18/07/2025,13:55:57,45.25256,-71.50635,7902.0,0.0,SKT-4031,1.0,0.0,GPIX
18/07/2025,13:56:04,45.25143,-71.48798,7902.0,0.0,SKT-4031,1.0,0.0,GPIX
18/07/2025,13:56:11,45.25029,-71.46962,7904.0,0.0,SKT-4031,1.0,0.0,GPIX
18/07/2025,13:56:19,45.24899,-71.44865,7904.0,0.0,SKT-4031,1.0,0.0,GPIX
18/07/2025,13:56:26,45.24786,-71.43031,7904.0,0.0,SKT-4031,1.0,0.0,GPIX
18/07/2025,13:56:33,45.2467,-71.41198,7904.0,0.0,SKT-4031,1.0,0.0,GPIX
18/07/2025,13:56:40,45.24555,-71.39366,7904.0,0.0,SKT-4031,1.0,0.0,GPIX
18/07/2025,13:56:48,45.24423,-71.37273,7905.0,0.0,SKT-4031,1.0,0.0,GPIX
18/07/2025,13:56:55,45.24308,-71.35442,7905.0,0.0,SKT-4031,1.0,0.0,GPIX
18/07/2025,13:57:02,45.24192,-71.33612,7906.0,0.0,SKT-4031,1.0,0.0,GPIX
18/07/2025,13:57:09,45.24077,-71.31783,7907.0,0.0,SKT-4031,1.0,0.0,GPIX
18/07/2025,13:57:16,45.23962,-71.29953,7908.0,0.0,SKT-4031,1.0,0.0,GPIX
18/07/2025,13:57:24,45.2383,-71.27861,7908.0,0.0,SKT-4031,1.0,0.0,GPIX
18/07/2025,13:57:31,45.23713,-71.2603,7908.0,0.0,SKT-4031,1.0,0.0,GPIX
18/07/2025,13:57:38,45.23598,-71.24198,7909.0,0.0,SKT-4031,1.0,0.0,GPIX
18/07/2025,13:57:45,45.23482,-71.22366,7910.0,0.0,SKT-4031,1.0,0.0,GPIX
18/07/2025,13:57:52,45.23364,-71.20536,7909.0,0.0,SKT-4031,1.0,0.0,GPIX
18/07/2025,13:57:59,45.23244,-71.18706,7907.0,0.0,SKT-4031,1.0,0.0,GPIX
18/07/2025,13:58:06,45.23124,-71.16875,7907.0,0.0,SKT-4031,1.0,0.0,GPIX
18/07/2025,13:58:13,45.23006,-71.15044,7909.0,0.0,SKT-4031,1.0,0.0,GPIX
18/07/2025,13:58:20,45.22889,-71.13213,7909.0,0.0,SKT-4031,1.0,0.0,GPIX
18/07/2025,13:58:27,45.2277,-71.1138,7908.0,0.0,SKT-4031,1.0,0.0,GPIX
18/07/2025,13:58:34,45.22652,-71.09547,7907.0,0.0,SKT-4031,1.0,0.0,GPIX
18/07/2025,13:58:41,45.22533,-71.07712,7906.0,0.0,SKT-4031,1.0,0.0,GPIX
18/07/2025,13:58:48,45.22414,-71.05876,7905.0,0.0,SKT-4031,1.0,0.0,GPIX
18/07/2025,13:58:55,45.22296,-71.0404,7905.0,0.0,SKT-4031,1.0,0.0,GPIX
18/07/2025,13:59:02,45.22178,-71.02203,7905.0,0.0,SKT-4031,1.0,0.0,GPIX
18/07/2025,13:59:09,45.22059,-71.00368,7905.0,0.0,SKT-4031,1.0,0.0,GPIX
18/07/2025,13:59:16,45.21939,-70.98533,7906.0,0.0,SKT-4031,1.0,0.0,GPIX
18/07/2025,13:59:23,45.21819,-70.96699,7907.0,0.0,SKT-4031,1.0,0.0,GPIX
18/07/2025,13:59:30,45.21698,-70.94865,7909.0,0.0,SKT-4031,1.0,0.0,GPIX
18/07/2025,13:59:37,45.21577,-70.93031,7910.0,0.0,SKT-4031,1.0,0.0,GPIX
18/07/2025,13:59:45,45.21439,-70.90937,7911.0,0.0,SKT-4031,1.0,0.0,GPIX
18/07/2025,13:59:52,45.21316,-70.89106,7911.0,0.0,SKT-4031,1.0,0.0,GPIX
18/07/2025,13:59:59,45.21194,-70.87277,7913.0,0.0,SKT-4031,1.0,0.0,GPIX
18/07/2025,14:00:06,45.21072,-70.85449,7914.0,0.0,SKT-4031,1.0,0.0,GPIX
18/07/2025,14:00:13,45.2095,-70.83624,7914.0,0.0,SKT-4031,1.0,0.0,GPIX
18/07/2025,14:00:20,45.20827,-70.81799,7914.0,0.0,SKT-4031,1.0,0.0,GPIX
18/07/2025,14:00:27,45.20705,-70.79974,7913.0,0.0,SKT-4031,1.0,0.0,GPIX
18/07/2025,14:00:34,45.20582,-70.78151,7912.0,0.0,SKT-4031,1.0,0.0,GPIX
18/07/2025,14:00:41,45.20459,-70.76328,7912.0,0.0,SKT-4031,1.0,0.0,GPIX
18/07/2025,14:00:49,45.20319,-70.74246,7912.0,0.0,SKT-4031,1.0,0.0,GPIX
18/07/2025,14:00:56,45.20196,-70.72424,7912.0,0.0,SKT-4031,1.0,0.0,GPIX
18/07/2025,14:01:03,45.20073,-70.70602,7912.0,0.0,SKT-4031,1.0,0.0,GPIX
18/07/2025,14:01:10,45.19948,-70.6878,7912.0,0.0,SKT-4031,1.0,0.0,GPIX
18/07/2025,14:01:17,45.19823,-70.66958,7912.0,0.0,SKT-4031,1.0,0.0,GPIX
18/07/2025,14:01:24,45.19697,-70.65136,7911.0,0.0,SKT-4031,1.0,0.0,GPIX
18/07/2025,14:01:31,45.19571,-70.63313,7910.0,0.0,SKT-4031,1.0,0.0,GPIX
18/07/2025,14:01:38,45.19444,-70.61491,7910.0,0.0,SKT-4031,1.0,0.0,GPIX
18/07/2025,14:01:45,45.19317,-70.59669,7909.0,0.0,SKT-4031,1.0,0.0,GPIX
18/07/2025,14:01:52,45.19191,-70.57845,7909.0,0.0,SKT-4031,1.0,0.0,GPIX
18/07/2025,14:01:59,45.19063,-70.56022,7909.0,0.0,SKT-4031,1.0,0.0,GPIX
18/07/2025,14:02:06,45.18936,-70.54198,7909.0,0.0,SKT-4031,1.0,0.0,GPIX
18/07/2025,14:02:13,45.18808,-70.52374,7909.0,0.0,SKT-4031,1.0,0.0,GPIX
18/07/2025,14:02:20,45.1868,-70.50549,7909.0,0.0,SKT-4031,1.0,0.0,GPIX
18/07/2025,14:02:27,45.18551,-70.48724,7909.0,0.0,SKT-4031,1.0,0.0,GPIX
18/07/2025,14:02:34,45.18422,-70.46901,7909.0,0.0,SKT-4031,1.0,0.0,GPIX
18/07/2025,14:02:41,45.18293,-70.45079,7909.0,0.0,SKT-4031,1.0,0.0,GPIX
18/07/2025,14:02:48,45.18164,-70.43258,7909.0,0.0,SKT-4031,1.0,0.0,GPIX
18/07/2025,14:02:55,45.18036,-70.41437,7910.0,0.0,SKT-4031,1.0,0.0,GPIX
18/07/2025,14:03:02,45.17908,-70.39616,7910.0,0.0,SKT-4031,1.0,0.0,GPIX
18/07/2025,14:03:09,45.17778,-70.37797,7911.0,0.0,SKT-4031,1.0,0.0,GPIX
18/07/2025,14:03:17,45.17631,-70.35717,7912.0,0.0,SKT-4031,1.0,0.0,GPIX
18/07/2025,14:03:24,45.17501,-70.33897,7912.0,0.0,SKT-4031,1.0,0.0,GPIX
18/07/2025,14:03:31,45.17372,-70.32078,7913.0,0.0,SKT-4031,1.0,0.0,GPIX
18/07/2025,14:03:38,45.17242,-70.30259,7912.0,0.0,SKT-4031,1.0,0.0,GPIX
18/07/2025,14:03:45,45.17112,-70.28441,7912.0,0.0,SKT-4031,1.0,0.0,GPIX
18/07/2025,14:03:52,45.16981,-70.26622,7911.0,0.0,SKT-4031,1.0,0.0,GPIX
18/07/2025,14:03:59,45.1685,-70.24803,7912.0,0.0,SKT-4031,1.0,0.0,GPIX
18/07/2025,14:04:06,45.16718,-70.22984,7911.0,0.0,SKT-4031,1.0,0.0,GPIX
18/07/2025,14:04:13,45.16584,-70.21162,7910.0,0.0,SKT-4031,1.0,0.0,GPIX
18/07/2025,14:04:20,45.16451,-70.19341,7910.0,0.0,SKT-4031,1.0,0.0,GPIX
18/07/2025,14:04:27,45.16318,-70.17518,7911.0,0.0,SKT-4031,1.0,0.0,GPIX
18/07/2025,14:04:34,45.16183,-70.15696,7911.0,0.0,SKT-4031,1.0,0.0,GPIX
18/07/2025,14:04:41,45.16048,-70.13875,7912.0,0.0,SKT-4031,1.0,0.0,GPIX
18/07/2025,14:04:48,45.15913,-70.12054,7912.0,0.0,SKT-4031,1.0,0.0,GPIX
18/07/2025,14:04:55,45.15778,-70.10234,7912.0,0.0,SKT-4031,1.0,0.0,GPIX
18/07/2025,14:05:03,45.15623,-70.08151,7911.0,0.0,SKT-4031,1.0,0.0,GPIX
18/07/2025,14:05:10,45.15487,-70.06329,7911.0,0.0,SKT-4031,1.0,0.0,GPIX
18/07/2025,14:05:17,45.1535,-70.04506,7910.0,0.0,SKT-4031,1.0,0.0,GPIX
18/07/2025,14:05:24,45.15214,-70.02682,7910.0,0.0,SKT-4031,1.0,0.0,GPIX
18/07/2025,14:05:31,45.15078,-70.0086,7911.0,0.0,SKT-4031,1.0,0.0,GPIX
18/07/2025,14:05:38,45.14942,-69.99039,7913.0,0.0,SKT-4031,1.0,0.0,GPIX
18/07/2025,14:05:45,45.14806,-69.97218,7914.0,0.0,SKT-4031,1.0,0.0,GPIX
18/07/2025,14:05:53,45.14651,-69.95138,7914.0,0.0,SKT-4031,1.0,0.0,GPIX
18/07/2025,14:06:00,45.14515,-69.93317,7914.0,0.0,SKT-4031,1.0,0.0,GPIX
18/07/2025,14:06:07,45.14378,-69.91495,7914.0,0.0,SKT-4031,1.0,0.0,GPIX
18/07/2025,14:06:14,45.14241,-69.89673,7914.0,0.0,SKT-4031,1.0,0.0,GPIX
18/07/2025,14:06:21,45.14103,-69.87849,7913.0,0.0,SKT-4031,1.0,0.0,GPIX
18/07/2025,14:06:28,45.13964,-69.86022,7913.0,0.0,SKT-4031,1.0,0.0,GPIX
18/07/2025,14:06:35,45.13827,-69.84193,7912.0,0.0,SKT-4031,1.0,0.0,GPIX
18/07/2025,14:06:42,45.13688,-69.82362,7912.0,0.0,SKT-4031,1.0,0.0,GPIX
18/07/2025,14:06:49,45.13548,-69.8053,7910.0,0.0,SKT-4031,1.0,0.0,GPIX
18/07/2025,14:06:56,45.13408,-69.78696,7909.0,0.0,SKT-4031,1.0,0.0,GPIX
18/07/2025,14:07:03,45.13269,-69.76863,7908.0,0.0,SKT-4031,1.0,0.0,GPIX
18/07/2025,14:07:10,45.1313,-69.75032,7908.0,0.0,SKT-4031,1.0,0.0,GPIX
18/07/2025,14:07:17,45.1299,-69.73203,7909.0,0.0,SKT-4031,1.0,0.0,GPIX
18/07/2025,14:07:24,45.12849,-69.71376,7910.0,0.0,SKT-4031,1.0,0.0,GPIX
18/07/2025,14:07:31,45.12708,-69.69551,7910.0,0.0,SKT-4031,1.0,0.0,GPIX
18/07/2025,14:07:38,45.12567,-69.67727,7910.0,0.0,SKT-4031,1.0,0.0,GPIX
18/07/2025,14:07:45,45.12425,-69.65904,7911.0,0.0,SKT-4031,1.0,0.0,GPIX
18/07/2025,14:07:52,45.12284,-69.64083,7911.0,0.0,SKT-4031,1.0,0.0,GPIX
18/07/2025,14:07:59,45.12144,-69.62261,7912.0,0.0,SKT-4031,1.0,0.0,GPIX
18/07/2025,14:08:06,45.12004,-69.60439,7913.0,0.0,SKT-4031,1.0,0.0,GPIX
18/07/2025,14:08:13,45.11861,-69.58614,7913.0,0.0,SKT-4031,1.0,0.0,GPIX
18/07/2025,14:08:20,45.11716,-69.56788,7913.0,0.0,SKT-4031,1.0,0.0,GPIX
18/07/2025,14:08:27,45.11572,-69.54962,7914.0,0.0,SKT-4031,1.0,0.0,GPIX
18/07/2025,14:08:35,45.11407,-69.52876,7914.0,0.0,SKT-4031,1.0,0.0,GPIX
18/07/2025,14:08:42,45.11264,-69.51054,7915.0,0.0,SKT-4031,1.0,0.0,GPIX
18/07/2025,14:08:49,45.11122,-69.49233,7915.0,0.0,SKT-4031,1.0,0.0,GPIX
18/07/2025,14:08:56,45.1098,-69.47415,7915.0,0.0,SKT-4031,1.0,0.0,GPIX
18/07/2025,14:09:03,45.10839,-69.45599,7916.0,0.0,SKT-4031,1.0,0.0,GPIX
18/07/2025,14:09:10,45.10696,-69.43786,7915.0,0.0,SKT-4031,1.0,0.0,GPIX
18/07/2025,14:09:18,45.10534,-69.41712,7915.0,0.0,SKT-4031,1.0,0.0,GPIX
18/07/2025,14:09:25,45.10391,-69.39898,7915.0,0.0,SKT-4031,1.0,0.0,GPIX
18/07/2025,14:09:32,45.10246,-69.38082,7916.0,0.0,SKT-4031,1.0,0.0,GPIX
18/07/2025,14:09:39,45.10101,-69.36266,7917.0,0.0,SKT-4031,1.0,0.0,GPIX
18/07/2025,14:09:46,45.09956,-69.34448,7915.0,0.0,SKT-4031,1.0,0.0,GPIX
18/07/2025,14:09:53,45.0981,-69.3263,7916.0,0.0,SKT-4031,1.0,0.0,GPIX
18/07/2025,14:10:00,45.09665,-69.30812,7918.0,0.0,SKT-4031,1.0,0.0,GPIX
18/07/2025,14:10:07,45.09519,-69.28994,7916.0,0.0,SKT-4031,1.0,0.0,GPIX
18/07/2025,14:10:14,45.09372,-69.27174,7917.0,0.0,SKT-4031,1.0,0.0,GPIX
18/07/2025,14:10:21,45.09225,-69.25356,7919.0,0.0,SKT-4031,1.0,0.0,GPIX
18/07/2025,14:10:28,45.09077,-69.23537,7916.0,0.0,SKT-4031,1.0,0.0,GPIX
18/07/2025,14:10:35,45.0893,-69.21719,7915.0,0.0,SKT-4031,1.0,0.0,GPIX
18/07/2025,14:10:42,45.08782,-69.199,7917.0,0.0,SKT-4031,1.0,0.0,GPIX
18/07/2025,14:10:50,45.08612,-69.17821,7914.0,0.0,SKT-4031,1.0,0.0,GPIX
18/07/2025,14:10:57,45.08463,-69.16,7913.0,0.0,SKT-4031,1.0,0.0,GPIX
18/07/2025,14:11:05,45.08292,-69.13919,7915.0,0.0,SKT-4031,1.0,0.0,GPIX
18/07/2025,14:11:12,45.08142,-69.12098,7914.0,0.0,SKT-4031,1.0,0.0,GPIX
18/07/2025,14:11:19,45.07992,-69.10275,7912.0,0.0,SKT-4031,1.0,0.0,GPIX
18/07/2025,14:11:26,45.07841,-69.08451,7913.0,0.0,SKT-4031,1.0,0.0,GPIX
18/07/2025,14:11:33,45.0769,-69.06628,7913.0,0.0,SKT-4031,1.0,0.0,GPIX
18/07/2025,14:11:40,45.07539,-69.04807,7911.0,0.0,SKT-4031,1.0,0.0,GPIX
18/07/2025,14:11:47,45.07387,-69.02988,7911.0,0.0,SKT-4031,1.0,0.0,GPIX
18/07/2025,14:11:54,45.07235,-69.01173,7912.0,0.0,SKT-4031,1.0,0.0,GPIX
18/07/2025,14:12:01,45.07084,-68.99361,7912.0,0.0,SKT-4031,1.0,0.0,GPIX
18/07/2025,14:12:09,45.06912,-68.97291,7911.0,0.0,SKT-4031,1.0,0.0,GPIX
18/07/2025,14:12:16,45.06761,-68.95481,7911.0,0.0,SKT-4031,1.0,0.0,GPIX
18/07/2025,14:12:23,45.0661,-68.93671,7911.0,0.0,SKT-4031,1.0,0.0,GPIX
18/07/2025,14:12:30,45.06457,-68.91859,7912.0,0.0,SKT-4031,1.0,0.0,GPIX
18/07/2025,14:12:37,45.06304,-68.90047,7912.0,0.0,SKT-4031,1.0,0.0,GPIX
18/07/2025,14:12:44,45.0615,-68.88235,7913.0,0.0,SKT-4031,1.0,0.0,GPIX
18/07/2025,14:12:51,45.05996,-68.8642,7913.0,0.0,SKT-4031,1.0,0.0,GPIX
18/07/2025,14:12:58,45.05843,-68.84605,7914.0,0.0,SKT-4031,1.0,0.0,GPIX
18/07/2025,14:13:05,45.0569,-68.82789,7914.0,0.0,SKT-4031,1.0,0.0,GPIX
18/07/2025,14:13:12,45.05536,-68.80973,7915.0,0.0,SKT-4031,1.0,0.0,GPIX
18/07/2025,14:13:19,45.05381,-68.79159,7916.0,0.0,SKT-4031,1.0,0.0,GPIX
18/07/2025,14:13:26,45.05227,-68.77345,7917.0,0.0,SKT-4031,1.0,0.0,GPIX
18/07/2025,14:13:33,45.05072,-68.75531,7919.0,0.0,SKT-4031,1.0,0.0,GPIX
18/07/2025,14:13:41,45.04896,-68.73459,7920.0,0.0,SKT-4031,1.0,0.0,GPIX
18/07/2025,14:13:48,45.0474,-68.71645,7918.0,0.0,SKT-4031,1.0,0.0,GPIX
18/07/2025,14:13:55,45.04584,-68.6983,7918.0,0.0,SKT-4031,1.0,0.0,GPIX
18/07/2025,14:14:02,45.04428,-68.68018,7919.0,0.0,SKT-4031,1.0,0.0,GPIX
18/07/2025,14:14:09,45.04274,-68.66205,7917.0,0.0,SKT-4031,1.0,0.0,GPIX
18/07/2025,14:14:16,45.04118,-68.64391,7917.0,0.0,SKT-4031,1.0,0.0,GPIX
18/07/2025,14:14:23,45.03962,-68.62581,7918.0,0.0,SKT-4031,1.0,0.0,GPIX
18/07/2025,14:14:30,45.03806,-68.60773,7918.0,0.0,SKT-4031,1.0,0.0,GPIX
18/07/2025,14:14:37,45.0365,-68.58965,7920.0,0.0,SKT-4031,1.0,0.0,GPIX
18/07/2025,14:14:44,45.03493,-68.57161,7922.0,0.0,SKT-4031,1.0,0.0,GPIX
18/07/2025,14:14:51,45.03335,-68.55356,7920.0,0.0,SKT-4031,1.0,0.0,GPIX
18/07/2025,14:14:58,45.03176,-68.53551,7920.0,0.0,SKT-4031,1.0,0.0,GPIX
18/07/2025,14:15:05,45.03016,-68.51746,7920.0,0.0,SKT-4031,1.0,0.0,GPIX
18/07/2025,14:15:12,45.02858,-68.49944,7922.0,0.0,SKT-4031,1.0,0.0,GPIX
18/07/2025,14:15:19,45.02699,-68.48141,7923.0,0.0,SKT-4031,1.0,0.0,GPIX
18/07/2025,14:15:26,45.02538,-68.46341,7923.0,0.0,SKT-4031,1.0,0.0,GPIX
18/07/2025,14:15:33,45.02377,-68.44542,7924.0,0.0,SKT-4031,1.0,0.0,GPIX
18/07/2025,14:15:40,45.02216,-68.42744,7924.0,0.0,SKT-4031,1.0,0.0,GPIX
18/07/2025,14:15:47,45.02055,-68.40947,7924.0,0.0,SKT-4031,1.0,0.0,GPIX
18/07/2025,14:15:54,45.01894,-68.39149,7924.0,0.0,SKT-4031,1.0,0.0,GPIX
18/07/2025,14:16:01,45.01733,-68.3735,7924.0,0.0,SKT-4031,1.0,0.0,GPIX
18/07/2025,14:16:08,45.01573,-68.35551,7924.0,0.0,SKT-4031,1.0,0.0,GPIX
18/07/2025,14:16:15,45.01412,-68.33749,7924.0,0.0,SKT-4031,1.0,0.0,GPIX
18/07/2025,14:16:22,45.0125,-68.3195,7924.0,0.0,SKT-4031,1.0,0.0,GPIX
18/07/2025,14:16:30,45.01067,-68.29893,7925.0,0.0,SKT-4031,1.0,0.0,GPIX
18/07/2025,14:16:37,45.00908,-68.28096,7926.0,0.0,SKT-4031,1.0,0.0,GPIX
18/07/2025,14:16:44,45.00748,-68.26299,7926.0,0.0,SKT-4031,1.0,0.0,GPIX
18/07/2025,14:16:51,45.00588,-68.24502,7927.0,0.0,SKT-4031,1.0,0.0,GPIX
18/07/2025,14:16:58,45.00428,-68.22705,7926.0,0.0,SKT-4031,1.0,0.0,GPIX
18/07/2025,14:17:05,45.00267,-68.20911,7926.0,0.0,SKT-4031,1.0,0.0,GPIX
18/07/2025,14:17:12,45.00106,-68.19119,7927.0,0.0,SKT-4031,1.0,0.0,GPIX
18/07/2025,14:17:19,44.99943,-68.17329,7927.0,0.0,SKT-4031,1.0,0.0,GPIX
18/07/2025,14:17:26,44.9978,-68.15539,7926.0,0.0,SKT-4031,1.0,0.0,GPIX
18/07/2025,14:17:33,44.99619,-68.13746,7926.0,0.0,SKT-4031,1.0,0.0,GPIX
18/07/2025,14:17:40,44.99456,-68.11953,7927.0,0.0,SKT-4031,1.0,0.0,GPIX
18/07/2025,14:17:47,44.99293,-68.10162,7925.0,0.0,SKT-4031,1.0,0.0,GPIX
18/07/2025,14:17:54,44.99129,-68.08371,7924.0,0.0,SKT-4031,1.0,0.0,GPIX
18/07/2025,14:18:01,44.98965,-68.06583,7924.0,0.0,SKT-4031,1.0,0.0,GPIX
18/07/2025,14:18:08,44.98801,-68.04797,7924.0,0.0,SKT-4031,1.0,0.0,GPIX
18/07/2025,14:18:15,44.9864,-68.03011,7924.0,0.0,SKT-4031,1.0,0.0,GPIX
18/07/2025,14:18:22,44.98479,-68.01226,7925.0,0.0,SKT-4031,1.0,0.0,GPIX
18/07/2025,14:18:29,44.98316,-67.99442,7925.0,0.0,SKT-4031,1.0,0.0,GPIX
18/07/2025,14:18:36,44.9815,-67.97659,7926.0,0.0,SKT-4031,1.0,0.0,GPIX
18/07/2025,14:18:43,44.97981,-67.95875,7927.0,0.0,SKT-4031,1.0,0.0,GPIX
18/07/2025,14:18:50,44.9781,-67.94091,7927.0,0.0,SKT-4031,1.0,0.0,GPIX
18/07/2025,14:18:57,44.97641,-67.92307,7927.0,0.0,SKT-4031,1.0,0.0,GPIX
18/07/2025,14:19:05,44.97452,-67.90266,7928.0,0.0,SKT-4031,1.0,0.0,GPIX
18/07/2025,14:19:12,44.97288,-67.8848,7927.0,0.0,SKT-4031,1.0,0.0,GPIX
18/07/2025,14:19:19,44.97125,-67.86696,7928.0,0.0,SKT-4031,1.0,0.0,GPIX
18/07/2025,14:19:27,44.9694,-67.84657,7930.0,0.0,SKT-4031,1.0,0.0,GPIX
18/07/2025,14:19:34,44.96777,-67.82873,7931.0,0.0,SKT-4031,1.0,0.0,GPIX
18/07/2025,14:19:41,44.96612,-67.81089,7932.0,0.0,SKT-4031,1.0,0.0,GPIX
18/07/2025,14:19:48,44.96446,-67.79305,7933.0,0.0,SKT-4031,1.0,0.0,GPIX
18/07/2025,14:19:57,44.96231,-67.7701,7934.0,0.0,SKT-4031,1.0,0.0,GPIX
18/07/2025,14:20:04,44.96063,-67.75224,7933.0,0.0,SKT-4031,1.0,0.0,GPIX
18/07/2025,14:20:11,44.95892,-67.73438,7933.0,0.0,SKT-4031,1.0,0.0,GPIX
18/07/2025,14:20:18,44.95721,-67.7165,7932.0,0.0,SKT-4031,1.0,0.0,GPIX
18/07/2025,14:20:25,44.95552,-67.69863,7932.0,0.0,SKT-4031,1.0,0.0,GPIX
18/07/2025,14:20:33,44.95359,-67.67818,7932.0,0.0,SKT-4031,1.0,0.0,GPIX
18/07/2025,14:20:40,44.95188,-67.6603,7931.0,0.0,SKT-4031,1.0,0.0,GPIX
18/07/2025,14:20:47,44.95015,-67.64243,7932.0,0.0,SKT-4031,1.0,0.0,GPIX
18/07/2025,14:20:54,44.94844,-67.62457,7934.0,0.0,SKT-4031,1.0,0.0,GPIX
18/07/2025,14:21:01,44.94672,-67.6067,7934.0,0.0,SKT-4031,1.0,0.0,GPIX
18/07/2025,14:21:08,44.94498,-67.58883,7935.0,0.0,SKT-4031,1.0,0.0,GPIX
18/07/2025,14:21:15,44.94323,-67.57097,7936.0,0.0,SKT-4031,1.0,0.0,GPIX
18/07/2025,14:21:22,44.94149,-67.55309,7936.0,0.0,SKT-4031,1.0,0.0,GPIX
18/07/2025,14:21:29,44.93977,-67.53522,7937.0,0.0,SKT-4031,1.0,0.0,GPIX
18/07/2025,14:21:36,44.93806,-67.51739,7938.0,0.0,SKT-4031,1.0,0.0,GPIX
18/07/2025,14:21:43,44.93634,-67.49956,7938.0,0.0,SKT-4031,1.0,0.0,GPIX
18/07/2025,14:21:50,44.93459,-67.48174,7938.0,0.0,SKT-4031,1.0,0.0,GPIX
18/07/2025,14:21:57,44.93284,-67.46391,7938.0,0.0,SKT-4031,1.0,0.0,GPIX
18/07/2025,14:22:04,44.93109,-67.44608,7937.0,0.0,SKT-4031,1.0,0.0,GPIX
18/07/2025,14:22:11,44.92935,-67.42824,7937.0,0.0,SKT-4031,1.0,0.0,GPIX
18/07/2025,14:22:18,44.92761,-67.41041,7938.0,0.0,SKT-4031,1.0,0.0,GPIX
18/07/2025,14:22:25,44.92586,-67.39256,7937.0,0.0,SKT-4031,1.0,0.0,GPIX
18/07/2025,14:22:32,44.9241,-67.37473,7937.0,0.0,SKT-4031,1.0,0.0,GPIX
18/07/2025,14:22:39,44.92234,-67.35692,7937.0,0.0,SKT-4031,1.0,0.0,GPIX
18/07/2025,14:22:46,44.92059,-67.33912,7938.0,0.0,SKT-4031,1.0,0.0,GPIX
18/07/2025,14:22:53,44.91884,-67.32135,7938.0,0.0,SKT-4031,1.0,0.0,GPIX
18/07/2025,14:23:00,44.91709,-67.3036,7940.0,0.0,SKT-4031,1.0,0.0,GPIX
18/07/2025,14:23:07,44.91534,-67.28584,7941.0,0.0,SKT-4031,1.0,0.0,GPIX
18/07/2025,14:23:15,44.91334,-67.26554,7941.0,0.0,SKT-4031,1.0,0.0,GPIX
18/07/2025,14:23:22,44.91157,-67.24779,7942.0,0.0,SKT-4031,1.0,0.0,GPIX
18/07/2025,14:23:29,44.9098,-67.23003,7942.0,0.0,SKT-4031,1.0,0.0,GPIX
18/07/2025,14:23:36,44.90802,-67.21227,7942.0,0.0,SKT-4031,1.0,0.0,GPIX
18/07/2025,14:23:43,44.90623,-67.19448,7942.0,0.0,SKT-4031,1.0,0.0,GPIX
18/07/2025,14:23:50,44.90445,-67.17668,7942.0,0.0,SKT-4031,1.0,0.0,GPIX
18/07/2025,14:23:57,44.90286,-67.15882,7943.0,0.0,SKT-4031,1.0,0.0,GPIX
18/07/2025,14:24:04,44.90184,-67.14079,7944.0,0.0,SKT-4031,1.0,0.0,GPIX
18/07/2025,14:24:11,44.9013,-67.12266,7942.0,0.0,SKT-4031,1.0,0.0,GPIX
18/07/2025,14:24:18,44.9011,-67.10445,7943.0,0.0,SKT-4031,1.0,0.0,GPIX
18/07/2025,14:24:25,44.90109,-67.08621,7942.0,0.0,SKT-4031,1.0,0.0,GPIX
18/07/2025,14:24:32,44.90118,-67.06796,7943.0,0.0,SKT-4031,1.0,0.0,GPIX
18/07/2025,14:24:39,44.90133,-67.04971,7941.0,0.0,SKT-4031,1.0,0.0,GPIX
18/07/2025,14:24:46,44.90151,-67.03145,7941.0,0.0,SKT-4031,1.0,0.0,GPIX
18/07/2025,14:24:53,44.90173,-67.0132,7942.0,0.0,SKT-4031,1.0,0.0,GPIX
18/07/2025,14:25:00,44.90195,-66.99497,7941.0,0.0,SKT-4031,1.0,0.0,GPIX
18/07/2025,14:25:07,44.90215,-66.97675,7942.0,0.0,SKT-4031,1.0,0.0,GPIX
18/07/2025,14:25:14,44.90232,-66.95856,7942.0,0.0,SKT-4031,1.0,0.0,GPIX
18/07/2025,14:25:21,44.90247,-66.94038,7942.0,0.0,SKT-4031,1.0,0.0,GPIX
18/07/2025,14:25:28,44.9026,-66.9222,7942.0,0.0,SKT-4031,1.0,0.0,GPIX
18/07/2025,14:25:35,44.90267,-66.90402,7943.0,0.0,SKT-4031,1.0,0.0,GPIX
18/07/2025,14:25:43,44.90271,-66.88326,7944.0,0.0,SKT-4031,1.0,0.0,GPIX
18/07/2025,14:25:50,44.9027,-66.86508,7943.0,0.0,SKT-4031,1.0,0.0,GPIX
18/07/2025,14:25:57,44.90268,-66.84692,7944.0,0.0,SKT-4031,1.0,0.0,GPIX
18/07/2025,14:26:04,44.90262,-66.82876,7945.0,0.0,SKT-4031,1.0,0.0,GPIX
18/07/2025,14:26:11,44.90253,-66.81059,7945.0,0.0,SKT-4031,1.0,0.0,GPIX
18/07/2025,14:26:18,44.90242,-66.79241,7946.0,0.0,SKT-4031,1.0,0.0,GPIX
18/07/2025,14:26:25,44.90229,-66.77425,7946.0,0.0,SKT-4031,1.0,0.0,GPIX
18/07/2025,14:26:32,44.90215,-66.7561,7946.0,0.0,SKT-4031,1.0,0.0,GPIX
18/07/2025,14:26:39,44.90202,-66.73797,7946.0,0.0,SKT-4031,1.0,0.0,GPIX
18/07/2025,14:26:46,44.90188,-66.71984,7947.0,0.0,SKT-4031,1.0,0.0,GPIX
18/07/2025,14:26:53,44.90175,-66.70171,7947.0,0.0,SKT-4031,1.0,0.0,GPIX
18/07/2025,14:27:00,44.90161,-66.68358,7947.0,0.0,SKT-4031,1.0,0.0,GPIX
18/07/2025,14:27:07,44.90147,-66.66545,7946.0,0.0,SKT-4031,1.0,0.0,GPIX
18/07/2025,14:27:14,44.90134,-66.64732,7946.0,0.0,SKT-4031,1.0,0.0,GPIX
18/07/2025,14:27:21,44.9012,-66.6292,7947.0,0.0,SKT-4031,1.0,0.0,GPIX
18/07/2025,14:27:28,44.90108,-66.61108,7947.0,0.0,SKT-4031,1.0,0.0,GPIX
18/07/2025,14:27:35,44.90097,-66.59296,7947.0,0.0,SKT-4031,1.0,0.0,GPIX
18/07/2025,14:27:42,44.90085,-66.57484,7948.0,0.0,SKT-4031,1.0,0.0,GPIX
18/07/2025,14:27:49,44.90075,-66.55675,7948.0,0.0,SKT-4031,1.0,0.0,GPIX
18/07/2025,14:27:56,44.90065,-66.53866,7949.0,0.0,SKT-4031,1.0,0.0,GPIX
18/07/2025,14:28:03,44.90055,-66.52058,7949.0,0.0,SKT-4031,1.0,0.0,GPIX
18/07/2025,14:28:10,44.90044,-66.50252,7949.0,0.0,SKT-4031,1.0,0.0,GPIX
18/07/2025,14:28:17,44.90034,-66.48447,7949.0,0.0,SKT-4031,1.0,0.0,GPIX
18/07/2025,14:28:24,44.90025,-66.46645,7950.0,0.0,SKT-4031,1.0,0.0,GPIX
18/07/2025,14:28:32,44.90012,-66.44585,7951.0,0.0,SKT-4031,1.0,0.0,GPIX
18/07/2025,14:28:39,44.90002,-66.42783,7951.0,0.0,SKT-4031,1.0,0.0,GPIX
18/07/2025,14:28:46,44.89994,-66.4098,7952.0,0.0,SKT-4031,1.0,0.0,GPIX
18/07/2025,14:28:53,44.89984,-66.39177,7953.0,0.0,SKT-4031,1.0,0.0,GPIX
18/07/2025,14:29:00,44.89973,-66.37374,7954.0,0.0,SKT-4031,1.0,0.0,GPIX
18/07/2025,14:29:07,44.89962,-66.35572,7954.0,0.0,SKT-4031,1.0,0.0,GPIX
18/07/2025,14:29:14,44.8995,-66.33769,7954.0,0.0,SKT-4031,1.0,0.0,GPIX
18/07/2025,14:29:21,44.89937,-66.31967,7954.0,0.0,SKT-4031,1.0,0.0,GPIX
18/07/2025,14:29:28,44.89925,-66.30164,7954.0,0.0,SKT-4031,1.0,0.0,GPIX
18/07/2025,14:29:35,44.89911,-66.28361,7954.0,0.0,SKT-4031,1.0,0.0,GPIX
18/07/2025,14:29:42,44.89896,-66.26559,7954.0,0.0,SKT-4031,1.0,0.0,GPIX
18/07/2025,14:29:49,44.89883,-66.24758,7955.0,0.0,SKT-4031,1.0,0.0,GPIX
18/07/2025,14:29:56,44.8987,-66.22959,7955.0,0.0,SKT-4031,1.0,0.0,GPIX
18/07/2025,14:30:03,44.89857,-66.21159,7956.0,0.0,SKT-4031,1.0,0.0,GPIX
18/07/2025,14:30:10,44.89842,-66.19357,7957.0,0.0,SKT-4031,1.0,0.0,GPIX
18/07/2025,14:30:17,44.89825,-66.17554,7958.0,0.0,SKT-4031,1.0,0.0,GPIX
18/07/2025,14:30:24,44.89809,-66.1575,7957.0,0.0,SKT-4031,1.0,0.0,GPIX
18/07/2025,14:30:32,44.89789,-66.13686,7957.0,0.0,SKT-4031,1.0,0.0,GPIX
18/07/2025,14:30:39,44.89772,-66.1188,7957.0,0.0,SKT-4031,1.0,0.0,GPIX
18/07/2025,14:30:46,44.89756,-66.10074,7956.0,0.0,SKT-4031,1.0,0.0,GPIX
18/07/2025,14:30:53,44.89739,-66.08266,7957.0,0.0,SKT-4031,1.0,0.0,GPIX
18/07/2025,14:31:00,44.8972,-66.06458,7957.0,0.0,SKT-4031,1.0,0.0,GPIX
18/07/2025,14:31:07,44.89702,-66.04647,7958.0,0.0,SKT-4031,1.0,0.0,GPIX
18/07/2025,14:31:14,44.89684,-66.02834,7958.0,0.0,SKT-4031,1.0,0.0,GPIX
18/07/2025,14:31:21,44.89665,-66.01021,7957.0,0.0,SKT-4031,1.0,0.0,GPIX
18/07/2025,14:31:28,44.89645,-65.99207,7957.0,0.0,SKT-4031,1.0,0.0,GPIX
18/07/2025,14:31:35,44.89627,-65.97395,7958.0,0.0,SKT-4031,1.0,0.0,GPIX
18/07/2025,14:31:42,44.89608,-65.95582,7959.0,0.0,SKT-4031,1.0,0.0,GPIX
18/07/2025,14:31:49,44.89589,-65.93768,7961.0,0.0,SKT-4031,1.0,0.0,GPIX
18/07/2025,14:31:56,44.89571,-65.91953,7963.0,0.0,SKT-4031,1.0,0.0,GPIX
18/07/2025,14:32:03,44.89552,-65.90137,7963.0,0.0,SKT-4031,1.0,0.0,GPIX
18/07/2025,14:32:10,44.89531,-65.8832,7962.0,0.0,SKT-4031,1.0,0.0,GPIX
18/07/2025,14:32:17,44.89509,-65.86504,7961.0,0.0,SKT-4031,1.0,0.0,GPIX
18/07/2025,14:32:24,44.89488,-65.8469,7961.0,0.0,SKT-4031,1.0,0.0,GPIX
18/07/2025,14:32:31,44.89466,-65.82877,7960.0,0.0,SKT-4031,1.0,0.0,GPIX
18/07/2025,14:32:38,44.89446,-65.81065,7961.0,0.0,SKT-4031,1.0,0.0,GPIX
18/07/2025,14:32:45,44.89425,-65.79256,7963.0,0.0,SKT-4031,1.0,0.0,GPIX
18/07/2025,14:32:52,44.89403,-65.7745,7965.0,0.0,SKT-4031,1.0,0.0,GPIX
18/07/2025,14:32:59,44.89381,-65.75643,7965.0,0.0,SKT-4031,1.0,0.0,GPIX
18/07/2025,14:33:07,44.89353,-65.73579,7964.0,0.0,SKT-4031,1.0,0.0,GPIX
18/07/2025,14:33:14,44.89329,-65.71774,7965.0,0.0,SKT-4031,1.0,0.0,GPIX
18/07/2025,14:33:21,44.89305,-65.69968,7964.0,0.0,SKT-4031,1.0,0.0,GPIX
18/07/2025,14:33:28,44.89283,-65.68163,7963.0,0.0,SKT-4031,1.0,0.0,GPIX
18/07/2025,14:33:35,44.89261,-65.66358,7963.0,0.0,SKT-4031,1.0,0.0,GPIX
18/07/2025,14:33:42,44.89237,-65.64554,7963.0,0.0,SKT-4031,1.0,0.0,GPIX
18/07/2025,14:33:49,44.89212,-65.62751,7965.0,0.0,SKT-4031,1.0,0.0,GPIX
18/07/2025,14:33:56,44.89187,-65.60948,7965.0,0.0,SKT-4031,1.0,0.0,GPIX
18/07/2025,14:34:03,44.89161,-65.59146,7966.0,0.0,SKT-4031,1.0,0.0,GPIX
18/07/2025,14:34:10,44.89137,-65.57344,7966.0,0.0,SKT-4031,1.0,0.0,GPIX
18/07/2025,14:34:17,44.89114,-65.55544,7966.0,0.0,SKT-4031,1.0,0.0,GPIX
18/07/2025,14:34:24,44.8909,-65.53746,7966.0,0.0,SKT-4031,1.0,0.0,GPIX
18/07/2025,14:34:31,44.89065,-65.51948,7966.0,0.0,SKT-4031,1.0,0.0,GPIX
18/07/2025,14:34:38,44.89041,-65.50151,7966.0,0.0,SKT-4031,1.0,0.0,GPIX
18/07/2025,14:34:45,44.89017,-65.48355,7966.0,0.0,SKT-4031,1.0,0.0,GPIX
18/07/2025,14:34:52,44.88993,-65.46559,7966.0,0.0,SKT-4031,1.0,0.0,GPIX
18/07/2025,14:34:59,44.88968,-65.44764,7967.0,0.0,SKT-4031,1.0,0.0,GPIX
18/07/2025,14:35:06,44.88942,-65.42969,7967.0,0.0,SKT-4031,1.0,0.0,GPIX
18/07/2025,14:35:13,44.88916,-65.41173,7968.0,0.0,SKT-4031,1.0,0.0,GPIX
18/07/2025,14:35:20,44.88888,-65.39377,7968.0,0.0,SKT-4031,1.0,0.0,GPIX
18/07/2025,14:35:27,44.88862,-65.37581,7970.0,0.0,SKT-4031,1.0,0.0,GPIX
18/07/2025,14:35:35,44.88834,-65.35528,7968.0,0.0,SKT-4031,1.0,0.0,GPIX
18/07/2025,14:35:43,44.88805,-65.33473,7965.0,0.0,SKT-4031,1.0,0.0,GPIX
18/07/2025,14:35:50,44.88774,-65.31677,7965.0,0.0,SKT-4031,1.0,0.0,GPIX
18/07/2025,14:35:57,44.88741,-65.29882,7965.0,0.0,SKT-4031,1.0,0.0,GPIX
18/07/2025,14:36:04,44.88706,-65.28089,7965.0,0.0,SKT-4031,1.0,0.0,GPIX
18/07/2025,14:36:11,44.88672,-65.26298,7965.0,0.0,SKT-4031,1.0,0.0,GPIX
18/07/2025,14:36:18,44.88641,-65.24508,7966.0,0.0,SKT-4031,1.0,0.0,GPIX
18/07/2025,14:36:25,44.8861,-65.22719,7967.0,0.0,SKT-4031,1.0,0.0,GPIX
18/07/2025,14:36:32,44.88581,-65.20929,7967.0,0.0,SKT-4031,1.0,0.0,GPIX
18/07/2025,14:36:39,44.88551,-65.19138,7967.0,0.0,SKT-4031,1.0,0.0,GPIX
18/07/2025,14:36:46,44.8852,-65.17347,7967.0,0.0,SKT-4031,1.0,0.0,GPIX
18/07/2025,14:36:53,44.88488,-65.15557,7968.0,0.0,SKT-4031,1.0,0.0,GPIX
18/07/2025,14:37:00,44.88457,-65.13769,7969.0,0.0,SKT-4031,1.0,0.0,GPIX
18/07/2025,14:37:07,44.88427,-65.11982,7970.0,0.0,SKT-4031,1.0,0.0,GPIX
18/07/2025,14:37:14,44.88395,-65.10194,7961.0,0.0,SKT-4031,1.0,0.0,GPIX
18/07/2025,14:37:21,44.88363,-65.08398,7931.0,0.0,SKT-4031,1.0,0.0,GPIX
18/07/2025,14:37:28,44.88322,-65.06596,7871.0,0.0,SKT-4031,1.0,0.0,GPIX
18/07/2025,14:37:35,44.88277,-65.04785,7803.0,0.0,SKT-4031,1.0,0.0,GPIX
18/07/2025,14:37:42,44.88241,-65.02965,7742.0,0.0,SKT-4031,1.0,0.0,GPIX
18/07/2025,14:37:49,44.88213,-65.01138,7681.0,0.0,SKT-4031,1.0,0.0,GPIX
18/07/2025,14:37:56,44.8819,-64.99304,7613.0,0.0,SKT-4031,1.0,0.0,GPIX
18/07/2025,14:38:03,44.88166,-64.97461,7543.0,0.0,SKT-4031,1.0,0.0,GPIX
18/07/2025,14:38:10,44.8814,-64.95611,7475.0,0.0,SKT-4031,1.0,0.0,GPIX
18/07/2025,14:38:17,44.88111,-64.93753,7407.0,0.0,SKT-4031,1.0,0.0,GPIX
18/07/2025,14:38:25,44.88074,-64.91621,7327.0,0.0,SKT-4031,1.0,0.0,GPIX
18/07/2025,14:38:32,44.88041,-64.89749,7260.0,0.0,SKT-4031,1.0,0.0,GPIX
18/07/2025,14:38:39,44.88006,-64.87876,7193.0,0.0,SKT-4031,1.0,0.0,GPIX
18/07/2025,14:38:46,44.87964,-64.86002,7118.0,0.0,SKT-4031,1.0,0.0,GPIX
18/07/2025,14:38:53,44.87916,-64.84127,7040.0,0.0,SKT-4031,1.0,0.0,GPIX
18/07/2025,14:39:00,44.87863,-64.82249,6972.0,0.0,SKT-4031,1.0,0.0,GPIX
18/07/2025,14:39:07,44.87811,-64.80378,6910.0,0.0,SKT-4031,1.0,0.0,GPIX
18/07/2025,14:39:14,44.87764,-64.78512,6842.0,0.0,SKT-4031,1.0,0.0,GPIX
18/07/2025,14:39:21,44.87721,-64.76646,6768.0,0.0,SKT-4031,1.0,0.0,GPIX
18/07/2025,14:39:28,44.87682,-64.74782,6697.0,0.0,SKT-4031,1.0,0.0,GPIX
18/07/2025,14:39:35,44.87646,-64.72919,6627.0,0.0,SKT-4031,1.0,0.0,GPIX
18/07/2025,14:39:42,44.8761,-64.7106,6559.0,0.0,SKT-4031,1.0,0.0,GPIX
18/07/2025,14:39:49,44.87569,-64.69205,6492.0,0.0,SKT-4031,1.0,0.0,GPIX
18/07/2025,14:39:56,44.87525,-64.67352,6422.0,0.0,SKT-4031,1.0,0.0,GPIX
18/07/2025,14:40:03,44.87482,-64.65499,6349.0,0.0,SKT-4031,1.0,0.0,GPIX
18/07/2025,14:40:10,44.87441,-64.63647,6278.0,0.0,SKT-4031,1.0,0.0,GPIX
18/07/2025,14:40:17,44.87401,-64.61797,6213.0,0.0,SKT-4031,1.0,0.0,GPIX
18/07/2025,14:40:24,44.87362,-64.59949,6147.0,0.0,SKT-4031,1.0,0.0,GPIX
18/07/2025,14:40:31,44.87324,-64.58102,6077.0,0.0,SKT-4031,1.0,0.0,GPIX
18/07/2025,14:40:38,44.87286,-64.56258,6009.0,0.0,SKT-4031,1.0,0.0,GPIX
18/07/2025,14:40:45,44.87257,-64.54417,5925.0,0.0,SKT-4031,1.0,0.0,GPIX
18/07/2025,14:40:53,44.87313,-64.52303,5783.0,0.0,SKT-4031,1.0,0.0,GPIX
18/07/2025,14:41:00,44.87492,-64.50453,5663.0,0.0,SKT-4031,1.0,0.0,GPIX
18/07/2025,14:41:07,44.87761,-64.48625,5556.0,0.0,SKT-4031,1.0,0.0,GPIX
18/07/2025,14:41:14,44.88089,-64.46823,5476.0,0.0,SKT-4031,1.0,0.0,GPIX
18/07/2025,14:41:21,44.88456,-64.45046,5414.0,0.0,SKT-4031,1.0,0.0,GPIX
18/07/2025,14:41:28,44.88848,-64.43289,5348.0,0.0,SKT-4031,1.0,0.0,GPIX
18/07/2025,14:41:35,44.89241,-64.41538,5278.0,0.0,SKT-4031,1.0,0.0,GPIX
18/07/2025,14:41:42,44.89614,-64.39783,5213.0,0.0,SKT-4031,1.0,0.0,GPIX
18/07/2025,14:41:49,44.89967,-64.38026,5153.0,0.0,SKT-4031,1.0,0.0,GPIX
18/07/2025,14:41:56,44.9031,-64.36274,5091.0,0.0,SKT-4031,1.0,0.0,GPIX
18/07/2025,14:42:03,44.90652,-64.34528,5025.0,0.0,SKT-4031,1.0,0.0,GPIX
18/07/2025,14:42:10,44.90997,-64.32787,4958.0,0.0,SKT-4031,1.0,0.0,GPIX
18/07/2025,14:42:17,44.91343,-64.31055,4893.0,0.0,SKT-4031,1.0,0.0,GPIX
18/07/2025,14:42:24,44.91683,-64.29331,4826.0,0.0,SKT-4031,1.0,0.0,GPIX
18/07/2025,14:42:31,44.92016,-64.27615,4758.0,0.0,SKT-4031,1.0,0.0,GPIX
18/07/2025,14:42:38,44.92345,-64.25906,4691.0,0.0,SKT-4031,1.0,0.0,GPIX
18/07/2025,14:42:46,44.92716,-64.23964,4616.0,0.0,SKT-4031,1.0,0.0,GPIX
18/07/2025,14:42:53,44.9304,-64.22275,4553.0,0.0,SKT-4031,1.0,0.0,GPIX
18/07/2025,14:43:00,44.93367,-64.20595,4487.0,0.0,SKT-4031,1.0,0.0,GPIX
18/07/2025,14:43:07,44.93693,-64.18921,4421.0,0.0,SKT-4031,1.0,0.0,GPIX
18/07/2025,14:43:14,44.94016,-64.17255,4357.0,0.0,SKT-4031,1.0,0.0,GPIX
18/07/2025,14:43:21,44.94336,-64.15595,4293.0,0.0,SKT-4031,1.0,0.0,GPIX
18/07/2025,14:43:29,44.94697,-64.13708,4220.0,0.0,SKT-4031,1.0,0.0,GPIX
18/07/2025,14:43:36,44.9501,-64.12066,4157.0,0.0,SKT-4031,1.0,0.0,GPIX
18/07/2025,14:43:43,44.95323,-64.10432,4095.0,0.0,SKT-4031,1.0,0.0,GPIX
18/07/2025,14:43:50,44.95634,-64.0881,4029.0,0.0,SKT-4031,1.0,0.0,GPIX
18/07/2025,14:43:57,44.95943,-64.07202,3962.0,0.0,SKT-4031,1.0,0.0,GPIX
18/07/2025,14:44:04,44.96249,-64.05614,3901.0,0.0,SKT-4031,1.0,0.0,GPIX
18/07/2025,14:44:11,44.96553,-64.0405,3841.0,0.0,SKT-4031,1.0,0.0,GPIX
18/07/2025,14:44:18,44.96854,-64.02505,3782.0,0.0,SKT-4031,1.0,0.0,GPIX
18/07/2025,14:44:25,44.97149,-64.00977,3726.0,0.0,SKT-4031,1.0,0.0,GPIX
18/07/2025,14:44:32,44.97434,-63.99464,3672.0,0.0,SKT-4031,1.0,0.0,GPIX
18/07/2025,14:44:39,44.97711,-63.97968,3615.0,0.0,SKT-4031,1.0,0.0,GPIX
18/07/2025,14:44:46,44.97982,-63.9649,3557.0,0.0,SKT-4031,1.0,0.0,GPIX
18/07/2025,14:44:53,44.98251,-63.9503,3500.0,0.0,SKT-4031,1.0,0.0,GPIX
18/07/2025,14:45:00,44.98516,-63.93587,3444.0,0.0,SKT-4031,1.0,0.0,GPIX
18/07/2025,14:45:07,44.98776,-63.92161,3390.0,0.0,SKT-4031,1.0,0.0,GPIX
18/07/2025,14:45:14,44.99033,-63.9075,3343.0,0.0,SKT-4031,1.0,0.0,GPIX
18/07/2025,14:45:21,44.99296,-63.89352,3294.0,0.0,SKT-4031,1.0,0.0,GPIX
18/07/2025,14:45:28,44.99562,-63.87962,3239.0,0.0,SKT-4031,1.0,0.0,GPIX
18/07/2025,14:45:35,44.99829,-63.86579,3185.0,0.0,SKT-4031,1.0,0.0,GPIX
18/07/2025,14:45:42,45.00092,-63.85201,3130.0,0.0,SKT-4031,1.0,0.0,GPIX
18/07/2025,14:45:49,45.00351,-63.83827,3079.0,0.0,SKT-4031,1.0,0.0,GPIX
18/07/2025,14:45:57,45.00646,-63.82265,3022.0,0.0,SKT-4031,1.0,0.0,GPIX
18/07/2025,14:46:04,45.00903,-63.80905,2970.0,0.0,SKT-4031,1.0,0.0,GPIX
18/07/2025,14:46:11,45.01157,-63.79547,2914.0,0.0,SKT-4031,1.0,0.0,GPIX
18/07/2025,14:46:18,45.01407,-63.78189,2861.0,0.0,SKT-4031,1.0,0.0,GPIX
18/07/2025,14:46:25,45.01653,-63.76834,2809.0,0.0,SKT-4031,1.0,0.0,GPIX
18/07/2025,14:46:32,45.01899,-63.75484,2759.0,0.0,SKT-4031,1.0,0.0,GPIX
18/07/2025,14:46:39,45.02146,-63.74142,2710.0,0.0,SKT-4031,1.0,0.0,GPIX
18/07/2025,14:46:46,45.02392,-63.72805,2659.0,0.0,SKT-4031,1.0,0.0,GPIX
18/07/2025,14:46:53,45.02641,-63.71473,2606.0,0.0,SKT-4031,1.0,0.0,GPIX
18/07/2025,14:47:00,45.02888,-63.70143,2555.0,0.0,SKT-4031,1.0,0.0,GPIX
18/07/2025,14:47:07,45.03131,-63.68817,2506.0,0.0,SKT-4031,1.0,0.0,GPIX
18/07/2025,14:47:14,45.03371,-63.67497,2458.0,0.0,SKT-4031,1.0,0.0,GPIX
18/07/2025,14:47:21,45.03609,-63.66184,2408.0,0.0,SKT-4031,1.0,0.0,GPIX
18/07/2025,14:47:28,45.03845,-63.64883,2353.0,0.0,SKT-4031,1.0,0.0,GPIX
18/07/2025,14:47:35,45.04078,-63.63594,2301.0,0.0,SKT-4031,1.0,0.0,GPIX
18/07/2025,14:47:42,45.04305,-63.62318,2255.0,0.0,SKT-4031,1.0,0.0,GPIX
18/07/2025,14:47:49,45.04529,-63.61056,2209.0,0.0,SKT-4031,1.0,0.0,GPIX
18/07/2025,14:47:56,45.0475,-63.59806,2162.0,0.0,SKT-4031,1.0,0.0,GPIX
18/07/2025,14:48:03,45.04971,-63.58569,2114.0,0.0,SKT-4031,1.0,0.0,GPIX
18/07/2025,14:48:10,45.05189,-63.57346,2069.0,0.0,SKT-4031,1.0,0.0,GPIX
18/07/2025,14:48:17,45.05406,-63.5614,2026.0,0.0,SKT-4031,1.0,0.0,GPIX
18/07/2025,14:48:24,45.05621,-63.54954,1983.0,0.0,SKT-4031,1.0,0.0,GPIX
18/07/2025,14:48:31,45.05835,-63.53785,1938.0,0.0,SKT-4031,1.0,0.0,GPIX
18/07/2025,14:48:39,45.06081,-63.52465,1887.0,0.0,SKT-4031,1.0,0.0,GPIX
18/07/2025,14:48:46,45.06298,-63.5132,1843.0,0.0,SKT-4031,1.0,0.0,GPIX
18/07/2025,14:48:53,45.06509,-63.50187,1799.0,0.0,SKT-4031,1.0,0.0,GPIX
18/07/2025,14:49:00,45.06713,-63.49067,1757.0,0.0,SKT-4031,1.0,0.0,GPIX
18/07/2025,14:49:07,45.06866,-63.47951,1722.0,0.0,SKT-4031,1.0,0.0,GPIX
18/07/2025,14:49:14,45.06913,-63.46836,1671.0,0.0,SKT-4031,1.0,0.0,GPIX
18/07/2025,14:49:21,45.06847,-63.45733,1609.0,0.0,SKT-4031,1.0,0.0,GPIX
18/07/2025,14:49:28,45.06657,-63.44675,1555.0,0.0,SKT-4031,1.0,0.0,GPIX
18/07/2025,14:49:35,45.06341,-63.43707,1508.0,0.0,SKT-4031,1.0,0.0,GPIX
18/07/2025,14:49:42,45.05933,-63.42839,1459.0,0.0,SKT-4031,1.0,0.0,GPIX
18/07/2025,14:49:49,45.05467,-63.42056,1411.0,0.0,SKT-4031,1.0,0.0,GPIX
18/07/2025,14:49:56,45.0498,-63.41305,1362.0,0.0,SKT-4031,1.0,0.0,GPIX
18/07/2025,14:50:03,45.04451,-63.40632,1311.0,0.0,SKT-4031,1.0,0.0,GPIX
18/07/2025,14:50:10,45.03843,-63.40173,1262.0,0.0,SKT-4031,1.0,0.0,GPIX
18/07/2025,14:50:17,45.03193,-63.39923,1205.0,0.0,SKT-4031,1.0,0.0,GPIX
18/07/2025,14:50:24,45.02537,-63.39774,1142.0,0.0,SKT-4031,1.0,0.0,GPIX
18/07/2025,14:50:31,45.01879,-63.39655,1080.0,0.0,SKT-4031,1.0,0.0,GPIX
18/07/2025,14:50:38,45.01223,-63.39544,1025.0,0.0,SKT-4031,1.0,0.0,GPIX
18/07/2025,14:50:45,45.00573,-63.39434,971.0,0.0,SKT-4031,1.0,0.0,GPIX
18/07/2025,14:50:52,44.99932,-63.39428,907.0,0.0,SKT-4031,1.0,0.0,GPIX
18/07/2025,14:50:59,44.99348,-63.39697,858.0,0.0,SKT-4031,1.0,0.0,GPIX
18/07/2025,14:51:06,44.98861,-63.40136,843.0,0.0,SKT-4031,1.0,0.0,GPIX
18/07/2025,14:51:13,44.98442,-63.40624,814.0,0.0,SKT-4031,1.0,0.0,GPIX
18/07/2025,14:51:20,44.98056,-63.41113,779.0,0.0,SKT-4031,1.0,0.0,GPIX
18/07/2025,14:51:28,44.9763,-63.41642,756.0,0.0,SKT-4031,1.0,0.0,GPIX
18/07/2025,14:51:35,44.97269,-63.42056,739.0,0.0,SKT-4031,1.0,0.0,GPIX
18/07/2025,14:51:42,44.96914,-63.42431,710.0,0.0,SKT-4031,1.0,0.0,GPIX
18/07/2025,14:51:49,44.96561,-63.42787,680.0,0.0,SKT-4031,1.0,0.0,GPIX
18/07/2025,14:51:56,44.96215,-63.43132,653.0,0.0,SKT-4031,1.0,0.0,GPIX
18/07/2025,14:52:03,44.95872,-63.43473,630.0,0.0,SKT-4031,1.0,0.0,GPIX
18/07/2025,14:52:10,44.95535,-63.43814,611.0,0.0,SKT-4031,1.0,0.0,GPIX
18/07/2025,14:52:17,44.952,-63.44158,586.0,0.0,SKT-4031,1.0,0.0,GPIX
18/07/2025,14:52:24,44.94855,-63.44506,556.0,0.0,SKT-4031,1.0,0.0,GPIX
18/07/2025,14:52:31,44.94508,-63.44857,534.0,0.0,SKT-4031,1.0,0.0,GPIX
18/07/2025,14:52:38,44.94158,-63.4521,512.0,0.0,SKT-4031,1.0,0.0,GPIX
18/07/2025,14:52:45,44.93804,-63.45565,486.0,0.0,SKT-4031,1.0,0.0,GPIX
18/07/2025,14:52:52,44.9345,-63.45922,461.0,0.0,SKT-4031,1.0,0.0,GPIX
18/07/2025,14:52:59,44.93097,-63.46274,436.0,0.0,SKT-4031,1.0,0.0,GPIX
18/07/2025,14:53:06,44.92746,-63.46624,408.0,0.0,SKT-4031,1.0,0.0,GPIX
18/07/2025,14:53:13,44.92399,-63.46975,384.0,0.0,SKT-4031,1.0,0.0,GPIX
18/07/2025,14:53:20,44.92059,-63.47317,358.0,0.0,SKT-4031,1.0,0.0,GPIX
18/07/2025,14:53:27,44.91721,-63.47652,335.0,0.0,SKT-4031,1.0,0.0,GPIX
18/07/2025,14:53:34,44.91383,-63.47984,311.0,0.0,SKT-4031,1.0,0.0,GPIX
18/07/2025,14:53:41,44.91048,-63.48316,289.0,0.0,SKT-4031,1.0,0.0,GPIX
18/07/2025,14:53:48,44.90709,-63.48646,266.0,0.0,SKT-4031,1.0,0.0,GPIX
18/07/2025,14:53:55,44.90361,-63.48982,244.0,0.0,SKT-4031,1.0,0.0,GPIX
18/07/2025,14:54:02,44.9001,-63.49327,219.0,0.0,SKT-4031,1.0,0.0,GPIX
18/07/2025,14:54:09,44.89658,-63.49677,193.0,0.0,SKT-4031,1.0,0.0,GPIX
18/07/2025,14:54:17,44.89259,-63.5008,159.0,0.0,SKT-4031,1.0,0.0,GPIX
18/07/2025,14:54:24,44.88906,-63.50422,135.0,0.0,SKT-4031,1.0,0.0,GPIX
18/07/2025,14:54:31,44.88561,-63.50757,119.0,0.0,SKT-4031,1.0,0.0,GPIX
18/07/2025,14:54:38,44.8824,-63.51074,118.0,1.0,SKT-4031,1.0,0.0,GPIX
18/07/2025,14:54:45,44.88002,-63.51308,119.0,1.0,SKT-4031,1.0,0.0,GPIX
18/07/2025,14:54:52,44.87829,-63.51479,120.0,1.0,SKT-4031,1.0,0.0,GPIX
18/07/2025,14:55:00,44.87682,-63.51627,121.0,1.0,SKT-4031,1.0,0.0,GPIX
18/07/2025,14:55:07,44.87581,-63.51725,122.0,1.0,SKT-4031,1.0,0.0,GPIX
18/07/2025,14:55:14,44.87502,-63.51809,123.0,1.0,SKT-4031,1.0,0.0,GPIX
18/07/2025,14:55:22,44.87454,-63.51917,123.0,1.0,SKT-4031,1.0,1.0,GPIX
18/07/2025,14:55:29,44.87445,-63.52011,123.0,1.0,SKT-4031,1.0,1.0,GPIX
18/07/2025,14:55:37,44.87466,-63.52082,124.0,1.0,SKT-4031,1.0,1.0,GPIX
18/07/2025,14:55:44,44.87476,-63.52102,123.0,1.0,SKT-4031,1.0,1.0,GPIX
18/07/2025,14:55:51,44.87485,-63.52115,123.0,1.0,SKT-4031,1.0,1.0,GPIX
18/07/2025,14:55:59,44.87515,-63.52116,124.0,1.0,SKT-4031,1.0,1.0,GPIX
18/07/2025,14:56:06,44.87551,-63.52082,124.0,1.0,SKT-4031,1.0,1.0,GPIX
18/07/2025,14:56:13,44.87598,-63.52036,124.0,1.0,SKT-4031,1.0,1.0,GPIX
18/07/2025,14:56:21,44.87658,-63.51976,124.0,1.0,SKT-4031,1.0,1.0,GPIX
18/07/2025,14:56:28,44.87716,-63.5192,123.0,1.0,SKT-4031,1.0,1.0,GPIX
18/07/2025,14:56:36,44.87786,-63.51851,123.0,1.0,SKT-4031,1.0,1.0,GPIX
18/07/2025,14:56:43,44.87856,-63.5178,122.0,1.0,SKT-4031,1.0,1.0,GPIX
18/07/2025,14:56:50,44.87929,-63.51709,120.0,1.0,SKT-4031,1.0,1.0,GPIX
18/07/2025,14:56:58,44.88012,-63.51627,119.0,1.0,SKT-4031,1.0,1.0,GPIX
18/07/2025,14:57:05,44.88085,-63.51554,117.0,1.0,SKT-4031,1.0,1.0,GPIX
18/07/2025,14:57:12,44.88149,-63.51491,116.0,1.0,SKT-4031,1.0,1.0,GPIX
18/07/2025,14:57:20,44.88208,-63.51433,116.0,1.0,SKT-4031,1.0,1.0,GPIX
18/07/2025,14:57:28,44.88248,-63.51394,116.0,1.0,SKT-4031,1.0,1.0,GPIX
18/07/2025,14:57:35,44.88278,-63.5139,115.0,1.0,SKT-4031,1.0,1.0,GPIX
18/07/2025,14:57:43,44.88303,-63.51425,115.0,1.0,SKT-4031,1.0,1.0,GPIX
18/07/2025,14:57:50,44.88321,-63.5146,115.0,1.0,SKT-4031,1.0,1.0,GPIX
18/07/2025,14:57:57,44.88334,-63.51487,115.0,1.0,SKT-4031,1.0,1.0,GPIX
18/07/2025,14:58:05,44.88342,-63.515,115.0,1.0,SKT-4031,1.0,1.0,GPIX
18/07/2025,14:58:12,44.88342,-63.51501,114.0,1.0,SKT-4031,1.0,1.0,GPIX
18/07/2025,14:58:19,44.88342,-63.51501,114.0,1.0,SKT-4031,1.0,1.0,GPIX
18/07/2025,14:58:27,44.88342,-63.515,114.0,1.0,SKT-4031,1.0,1.0,GPIX
18/07/2025,14:58:34,44.88342,-63.515,113.0,1.0,SKT-4031,1.0,1.0,GPIX
18/07/2025,14:58:42,44.88343,-63.51501,114.0,1.0,SKT-4031,1.0,1.0,GPIX
18/07/2025,14:58:49,44.88343,-63.51501,115.0,1.0,SKT-4031,1.0,1.0,GPIX
18/07/2025,14:58:57,44.88343,-63.51501,115.0,1.0,SKT-4031,1.0,1.0,GPIX
18/07/2025,14:59:04,44.88343,-63.51502,115.0,1.0,SKT-4031,1.0,1.0,GPIX
18/07/2025,14:59:12,44.88343,-63.51502,116.0,1.0,SKT-4031,1.0,1.0,GPIX
18/07/2025,14:59:20,44.88343,-63.51502,116.0,1.0,SKT-4031,1.0,1.0,GPIX
18/07/2025,14:59:27,44.88342,-63.51502,116.0,1.0,SKT-4031,1.0,1.0,GPIX
18/07/2025,14:59:34,44.88342,-63.51502,116.0,1.0,SKT-4031,1.0,1.0,GPIX
18/07/2025,14:59:42,44.88342,-63.51502,116.0,1.0,SKT-4031,1.0,1.0,GPIX
18/07/2025,14:59:49,44.88342,-63.51502,115.0,1.0,SKT-4031,1.0,1.0,GPIX
18/07/2025,14:59:56,44.88342,-63.51501,115.0,1.0,SKT-4031,1.0,1.0,GPIX
18/07/2025,15:00:04,44.88342,-63.51501,114.0,1.0,SKT-4031,1.0,1.0,GPIX
18/07/2025,15:00:12,44.88342,-63.51501,114.0,1.0,SKT-4031,1.0,1.0,GPIX
18/07/2025,15:00:19,44.88342,-63.51501,114.0,1.0,SKT-4031,1.0,1.0,GPIX
18/07/2025,15:00:26,44.88342,-63.51501,115.0,1.0,SKT-4031,1.0,1.0,GPIX
18/07/2025,15:00:34,44.88341,-63.51501,116.0,1.0,SKT-4031,1.0,1.0,GPIX
18/07/2025,15:00:42,44.88341,-63.51501,116.0,1.0,SKT-4031,1.0,1.0,GPIX
18/07/2025,15:00:49,44.88341,-63.51501,116.0,1.0,SKT-4031,1.0,1.0,GPIX
18/07/2025,15:00:56,44.88341,-63.51501,115.0,1.0,SKT-4031,1.0,1.0,GPIX
18/07/2025,15:01:03,44.88341,-63.51501,115.0,1.0,SKT-4031,1.0,1.0,GPIX
18/07/2025,15:01:11,44.88341,-63.51501,115.0,1.0,SKT-4031,1.0,1.0,GPIX
18/07/2025,15:01:18,44.88341,-63.515,115.0,1.0,SKT-4031,1.0,1.0,GPIX
18/07/2025,15:01:26,44.88342,-63.515,114.0,1.0,SKT-4031,1.0,1.0,GPIX
18/07/2025,15:01:33,44.88342,-63.515,114.0,1.0,SKT-4031,1.0,1.0,GPIX
18/07/2025,15:01:40,44.88342,-63.515,113.0,1.0,SKT-4031,1.0,1.0,GPIX
18/07/2025,15:01:48,44.88342,-63.515,114.0,1.0,SKT-4031,1.0,1.0,GPIX
18/07/2025,15:01:55,44.88342,-63.51501,114.0,1.0,SKT-4031,1.0,1.0,GPIX
18/07/2025,15:02:02,44.88342,-63.51501,114.0,1.0,SKT-4031,1.0,1.0,GPIX
18/07/2025,15:02:10,44.88342,-63.51501,114.0,1.0,SKT-4031,1.0,1.0,GPIX
18/07/2025,15:02:17,44.88342,-63.51501,114.0,1.0,SKT-4031,1.0,1.0,GPIX
18/07/2025,15:02:24,44.88342,-63.51501,114.0,1.0,SKT-4031,1.0,1.0,GPIX
18/07/2025,15:02:32,44.88342,-63.51501,115.0,1.0,SKT-4031,1.0,1.0,GPIX
18/07/2025,15:02:39,44.88342,-63.51501,115.0,1.0,SKT-4031,1.0,1.0,GPIX
18/07/2025,15:02:46,44.88342,-63.51501,116.0,1.0,SKT-4031,1.0,1.0,GPIX
18/07/2025,15:02:54,44.88342,-63.51502,116.0,1.0,SKT-4031,1.0,1.0,GPIX
18/07/2025,15:03:01,44.88341,-63.51503,116.0,1.0,SKT-4031,1.0,1.0,GPIX
18/07/2025,15:03:08,44.88341,-63.51503,117.0,1.0,SKT-4031,1.0,1.0,GPIX
18/07/2025,15:03:16,44.88341,-63.51502,116.0,1.0,SKT-4031,1.0,1.0,GPIX
18/07/2025,15:03:24,44.8834,-63.51502,116.0,1.0,SKT-4031,1.0,1.0,GPIX
18/07/2025,15:03:32,44.88341,-63.51502,116.0,1.0,SKT-4031,1.0,1.0,GPIX
18/07/2025,15:03:39,44.88341,-63.51502,116.0,1.0,SKT-4031,1.0,1.0,GPIX
18/07/2025,15:03:46,44.88341,-63.51502,116.0,1.0,SKT-4031,1.0,1.0,GPIX
18/07/2025,15:03:54,44.88342,-63.51502,115.0,1.0,SKT-4031,1.0,1.0,GPIX
18/07/2025,15:04:01,44.88341,-63.51501,115.0,1.0,SKT-4031,1.0,1.0,GPIX
18/07/2025,15:04:08,44.88341,-63.51501,114.0,1.0,SKT-4031,1.0,1.0,GPIX
18/07/2025,15:04:16,44.88341,-63.51501,114.0,1.0,SKT-4031,1.0,1.0,GPIX
18/07/2025,15:04:23,44.88341,-63.51502,114.0,1.0,SKT-4031,1.0,1.0,GPIX
18/07/2025,15:04:31,44.88341,-63.51502,115.0,1.0,SKT-4031,1.0,1.0,GPIX
18/07/2025,15:04:38,44.8834,-63.51502,115.0,1.0,SKT-4031,1.0,1.0,GPIX
18/07/2025,15:04:46,44.8834,-63.51502,116.0,1.0,SKT-4031,1.0,1.0,GPIX
18/07/2025,15:04:53,44.88339,-63.51501,116.0,1.0,SKT-4031,1.0,1.0,GPIX
18/07/2025,15:05:00,44.88339,-63.51501,116.0,1.0,SKT-4031,1.0,1.0,GPIX
18/07/2025,15:05:08,44.88339,-63.51502,116.0,1.0,SKT-4031,1.0,1.0,GPIX
18/07/2025,15:05:15,44.88339,-63.51502,116.0,1.0,SKT-4031,1.0,1.0,GPIX
18/07/2025,15:05:23,44.8834,-63.51501,116.0,1.0,SKT-4031,1.0,1.0,GPIX
18/07/2025,15:05:30,44.8834,-63.51501,117.0,1.0,SKT-4031,1.0,1.0,GPIX
18/07/2025,15:05:37,44.8834,-63.515,116.0,1.0,SKT-4031,1.0,1.0,GPIX
18/07/2025,15:05:45,44.8834,-63.515,116.0,1.0,SKT-4031,1.0,1.0,GPIX
18/07/2025,15:05:52,44.8834,-63.51501,115.0,1.0,SKT-4031,1.0,1.0,GPIX
18/07/2025,15:05:59,44.88341,-63.51501,114.0,1.0,SKT-4031,1.0,1.0,GPIX
18/07/2025,15:06:07,44.88341,-63.51501,114.0,1.0,SKT-4031,1.0,1.0,GPIX
18/07/2025,15:06:14,44.88341,-63.51501,114.0,1.0,SKT-4031,1.0,1.0,GPIX
18/07/2025,15:06:21,44.88341,-63.51502,114.0,1.0,SKT-4031,1.0,1.0,GPIX
18/07/2025,15:06:29,44.88341,-63.51501,115.0,1.0,SKT-4031,1.0,1.0,GPIX
18/07/2025,15:06:36,44.88341,-63.51501,115.0,1.0,SKT-4031,1.0,1.0,GPIX
18/07/2025,15:06:43,44.88341,-63.51501,114.0,1.0,SKT-4031,1.0,1.0,GPIX
18/07/2025,15:06:51,44.8834,-63.51501,113.0,1.0,SKT-4031,1.0,1.0,GPIX
18/07/2025,15:06:58,44.88341,-63.51501,114.0,1.0,SKT-4031,1.0,1.0,GPIX
18/07/2025,15:07:05,44.8834,-63.51501,114.0,1.0,SKT-4031,1.0,1.0,GPIX
18/07/2025,15:07:13,44.8834,-63.51501,114.0,1.0,SKT-4031,1.0,1.0,GPIX
18/07/2025,15:07:20,44.8834,-63.51501,114.0,1.0,SKT-4031,1.0,1.0,GPIX
18/07/2025,15:07:28,44.88341,-63.51501,115.0,1.0,SKT-4031,1.0,1.0,GPIX
18/07/2025,15:07:35,44.88341,-63.51501,115.0,1.0,SKT-4031,1.0,1.0,GPIX
18/07/2025,15:07:42,44.88341,-63.51501,116.0,1.0,SKT-4031,1.0,1.0,GPIX
18/07/2025,15:07:50,44.88341,-63.51501,116.0,1.0,SKT-4031,1.0,1.0,GPIX
18/07/2025,15:07:57,44.88341,-63.51501,117.0,1.0,SKT-4031,1.0,1.0,GPIX
18/07/2025,15:08:04,44.88341,-63.51501,117.0,1.0,SKT-4031,1.0,1.0,GPIX
18/07/2025,15:08:12,44.88341,-63.51501,116.0,1.0,SKT-4031,1.0,1.0,GPIX
18/07/2025,15:08:20,44.88341,-63.51501,116.0,1.0,SKT-4031,1.0,1.0,GPIX
18/07/2025,15:08:27,44.88341,-63.51501,116.0,1.0,SKT-4031,1.0,1.0,GPIX
18/07/2025,15:08:34,44.88341,-63.51502,116.0,1.0,SKT-4031,1.0,1.0,GPIX
18/07/2025,15:08:42,44.88341,-63.51501,117.0,1.0,SKT-4031,1.0,1.0,GPIX
18/07/2025,15:08:49,44.88341,-63.51501,117.0,1.0,SKT-4031,1.0,1.0,GPIX
18/07/2025,15:08:56,44.8834,-63.51501,116.0,1.0,SKT-4031,1.0,1.0,GPIX
18/07/2025,15:09:04,44.8834,-63.51501,116.0,1.0,SKT-4031,1.0,1.0,GPIX
18/07/2025,15:09:11,44.8834,-63.51501,116.0,1.0,SKT-4031,1.0,1.0,GPIX
18/07/2025,15:09:18,44.8834,-63.51501,116.0,1.0,SKT-4031,1.0,1.0,GPIX
18/07/2025,15:09:26,44.88339,-63.51501,116.0,1.0,SKT-4031,1.0,1.0,GPIX
18/07/2025,15:09:33,44.88339,-63.51501,117.0,1.0,SKT-4031,1.0,1.0,GPIX
18/07/2025,15:09:41,44.88339,-63.51501,117.0,1.0,SKT-4031,1.0,1.0,GPIX
18/07/2025,15:09:49,44.88339,-63.51501,117.0,1.0,SKT-4031,1.0,1.0,GPIX
18/07/2025,15:09:56,44.88339,-63.51502,117.0,1.0,SKT-4031,1.0,1.0,GPIX
18/07/2025,15:10:04,44.8834,-63.51502,117.0,1.0,SKT-4031,1.0,1.0,GPIX
18/07/2025,15:10:11,44.8834,-63.51501,117.0,1.0,SKT-4031,1.0,1.0,GPIX
18/07/2025,15:10:18,44.8834,-63.51501,117.0,1.0,SKT-4031,1.0,1.0,GPIX
18/07/2025,15:10:26,44.8834,-63.515,116.0,1.0,SKT-4031,1.0,1.0,GPIX
18/07/2025,15:10:33,44.88341,-63.515,116.0,1.0,SKT-4031,1.0,1.0,GPIX
18/07/2025,15:10:41,44.88341,-63.515,116.0,1.0,SKT-4031,1.0,1.0,GPIX
18/07/2025,15:10:48,44.88342,-63.515,116.0,1.0,SKT-4031,1.0,1.0,GPIX
18/07/2025,15:10:56,44.88342,-63.51501,117.0,1.0,SKT-4031,1.0,1.0,GPIX
18/07/2025,15:11:03,44.88341,-63.51501,118.0,1.0,SKT-4031,1.0,1.0,GPIX
18/07/2025,15:11:11,44.88341,-63.51501,118.0,1.0,SKT-4031,1.0,1.0,GPIX
18/07/2025,15:11:18,44.88341,-63.51501,119.0,1.0,SKT-4031,1.0,1.0,GPIX
18/07/2025,15:11:25,44.88341,-63.51501,118.0,1.0,SKT-4031,1.0,1.0,GPIX
18/07/2025,15:11:33,44.88341,-63.51501,118.0,1.0,SKT-4031,1.0,1.0,GPIX
18/07/2025,15:11:40,44.88341,-63.51501,118.0,1.0,SKT-4031,1.0,1.0,GPIX
18/07/2025,15:11:47,44.8834,-63.51501,117.0,1.0,SKT-4031,1.0,1.0,GPIX
18/07/2025,15:11:55,44.8834,-63.51502,117.0,1.0,SKT-4031,1.0,1.0,GPIX
18/07/2025,15:12:02,44.8834,-63.51501,117.0,1.0,SKT-4031,1.0,1.0,GPIX
18/07/2025,15:12:09,44.88341,-63.51501,117.0,1.0,SKT-4031,1.0,1.0,GPIX
18/07/2025,15:12:17,44.88341,-63.51501,117.0,1.0,SKT-4031,1.0,1.0,GPIX
18/07/2025,15:12:24,44.88342,-63.51501,117.0,1.0,SKT-4031,1.0,1.0,GPIX
18/07/2025,15:12:31,44.88342,-63.51501,116.0,1.0,SKT-4031,1.0,1.0,GPIX
18/07/2025,15:12:39,44.88342,-63.515,116.0,1.0,SKT-4031,1.0,1.0,GPIX
18/07/2025,15:12:46,44.88342,-63.515,116.0,1.0,SKT-4031,1.0,1.0,GPIX
18/07/2025,15:12:53,44.88342,-63.515,115.0,1.0,SKT-4031,1.0,1.0,GPIX
18/07/2025,15:13:01,44.88342,-63.515,115.0,1.0,SKT-4031,1.0,1.0,GPIX
18/07/2025,15:13:08,44.88342,-63.515,115.0,1.0,SKT-4031,1.0,1.0,GPIX
18/07/2025,15:13:15,44.88342,-63.515,115.0,1.0,SKT-4031,1.0,1.0,GPIX
18/07/2025,15:13:23,44.88342,-63.51501,115.0,1.0,SKT-4031,1.0,1.0,GPIX
18/07/2025,15:13:30,44.88342,-63.51501,115.0,1.0,SKT-4031,1.0,1.0,GPIX
18/07/2025,15:13:37,44.88342,-63.51501,115.0,1.0,SKT-4031,1.0,1.0,GPIX
18/07/2025,15:13:45,44.88342,-63.51501,115.0,1.0,SKT-4031,1.0,1.0,GPIX
18/07/2025,15:13:52,44.88342,-63.51501,115.0,1.0,SKT-4031,1.0,1.0,GPIX
18/07/2025,15:14:00,44.88342,-63.515,115.0,1.0,SKT-4031,1.0,1.0,GPIX
18/07/2025,15:14:07,44.88342,-63.515,114.0,1.0,SKT-4031,1.0,1.0,GPIX
18/07/2025,15:14:15,44.88342,-63.51499,113.0,1.0,SKT-4031,1.0,1.0,GPIX
18/07/2025,15:14:22,44.88342,-63.51499,113.0,1.0,SKT-4031,1.0,1.0,GPIX
18/07/2025,15:14:29,44.88342,-63.51499,112.0,1.0,SKT-4031,1.0,1.0,GPIX
18/07/2025,15:14:37,44.88342,-63.51499,112.0,1.0,SKT-4031,1.0,1.0,GPIX
18/07/2025,15:14:44,44.88342,-63.51499,112.0,1.0,SKT-4031,1.0,1.0,GPIX
18/07/2025,15:14:51,44.88342,-63.515,112.0,1.0,SKT-4031,1.0,1.0,GPIX
18/07/2025,15:14:59,44.88342,-63.515,112.0,1.0,SKT-4031,1.0,1.0,GPIX
18/07/2025,15:15:06,44.88342,-63.515,113.0,1.0,SKT-4031,1.0,1.0,GPIX
18/07/2025,15:15:13,44.88342,-63.51499,113.0,1.0,SKT-4031,1.0,1.0,GPIX
18/07/2025,15:15:21,44.88342,-63.51499,113.0,1.0,SKT-4031,1.0,1.0,GPIX
18/07/2025,15:15:28,44.88342,-63.51499,113.0,1.0,SKT-4031,1.0,1.0,GPIX
18/07/2025,15:15:35,44.88342,-63.51499,114.0,1.0,SKT-4031,1.0,1.0,GPIX
18/07/2025,15:15:43,44.88342,-63.515,114.0,1.0,SKT-4031,1.0,1.0,GPIX
18/07/2025,15:15:50,44.88342,-63.515,114.0,1.0,SKT-4031,1.0,1.0,GPIX
18/07/2025,15:15:57,44.88342,-63.515,114.0,1.0,SKT-4031,1.0,1.0,GPIX
18/07/2025,15:16:05,44.88341,-63.515,114.0,1.0,SKT-4031,1.0,1.0,GPIX
18/07/2025,15:16:12,44.88341,-63.515,114.0,1.0,SKT-4031,1.0,1.0,GPIX
18/07/2025,15:16:19,44.88341,-63.515,114.0,1.0,SKT-4031,1.0,1.0,GPIX
18/07/2025,15:16:27,44.88342,-63.515,114.0,1.0,SKT-4031,1.0,1.0,GPIX
18/07/2025,15:16:35,44.88342,-63.515,114.0,1.0,SKT-4031,1.0,1.0,GPIX
18/07/2025,15:16:42,44.88341,-63.515,115.0,1.0,SKT-4031,1.0,1.0,GPIX
18/07/2025,15:16:49,44.88341,-63.51501,115.0,1.0,SKT-4031,1.0,1.0,GPIX
18/07/2025,15:16:57,44.88341,-63.51501,115.0,1.0,SKT-4031,1.0,1.0,GPIX
18/07/2025,15:17:04,44.88341,-63.51501,116.0,1.0,SKT-4031,1.0,1.0,GPIX
18/07/2025,15:17:11,44.88341,-63.51502,116.0,1.0,SKT-4031,1.0,1.0,GPIX
18/07/2025,15:17:19,44.88341,-63.51501,116.0,1.0,SKT-4031,1.0,1.0,GPIX
18/07/2025,15:17:26,44.88341,-63.51501,117.0,1.0,SKT-4031,1.0,1.0,GPIX
18/07/2025,15:17:33,44.88341,-63.51501,117.0,1.0,SKT-4031,1.0,1.0,GPIX
18/07/2025,15:17:41,44.88342,-63.515,116.0,1.0,SKT-4031,1.0,1.0,GPIX
18/07/2025,15:17:48,44.88342,-63.515,116.0,1.0,SKT-4031,1.0,1.0,GPIX
18/07/2025,15:17:55,44.88342,-63.515,115.0,1.0,SKT-4031,1.0,1.0,GPIX
18/07/2025,15:18:03,44.88341,-63.515,114.0,1.0,SKT-4031,1.0,1.0,GPIX
18/07/2025,15:18:10,44.88341,-63.515,114.0,1.0,SKT-4031,1.0,1.0,GPIX
18/07/2025,15:18:17,44.8834,-63.515,115.0,1.0,SKT-4031,1.0,1.0,GPIX
18/07/2025,15:18:25,44.8834,-63.515,115.0,1.0,SKT-4031,1.0,1.0,GPIX
18/07/2025,15:18:32,44.8834,-63.515,116.0,1.0,SKT-4031,1.0,1.0,GPIX
18/07/2025,15:18:39,44.8834,-63.515,116.0,1.0,SKT-4031,1.0,1.0,GPIX
18/07/2025,15:18:48,44.88341,-63.515,116.0,1.0,SKT-4031,1.0,1.0,GPIX
18/07/2025,15:18:55,44.88342,-63.515,116.0,1.0,SKT-4031,1.0,1.0,GPIX
18/07/2025,15:19:03,44.88342,-63.515,115.0,1.0,SKT-4031,1.0,1.0,GPIX
18/07/2025,15:19:10,44.88342,-63.515,115.0,1.0,SKT-4031,1.0,1.0,GPIX
18/07/2025,15:19:17,44.88342,-63.515,115.0,1.0,SKT-4031,1.0,1.0,GPIX
18/07/2025,15:19:24,44.88341,-63.515,115.0,1.0,SKT-4031,1.0,1.0,GPIX
18/07/2025,15:19:32,44.88341,-63.515,115.0,1.0,SKT-4031,1.0,1.0,GPIX
18/07/2025,15:19:39,44.88341,-63.515,115.0,1.0,SKT-4031,1.0,1.0,GPIX
18/07/2025,15:19:46,44.88341,-63.515,115.0,1.0,SKT-4031,1.0,1.0,GPIX
18/07/2025,15:19:54,44.88341,-63.515,114.0,1.0,SKT-4031,1.0,1.0,GPIX
18/07/2025,15:20:01,44.88341,-63.515,114.0,1.0,SKT-4031,1.0,1.0,GPIX
18/07/2025,15:20:08,44.88341,-63.515,114.0,1.0,SKT-4031,1.0,1.0,GPIX
18/07/2025,15:20:16,44.88341,-63.51499,114.0,1.0,SKT-4031,1.0,1.0,GPIX
18/07/2025,15:20:23,44.8834,-63.51499,115.0,1.0,SKT-4031,1.0,1.0,GPIX
18/07/2025,15:20:30,44.8834,-63.51499,115.0,1.0,SKT-4031,1.0,1.0,GPIX
18/07/2025,15:20:38,44.8834,-63.515,116.0,1.0,SKT-4031,1.0,1.0,GPIX
18/07/2025,15:20:46,44.88341,-63.515,117.0,1.0,SKT-4031,1.0,1.0,GPIX
18/07/2025,15:20:53,44.88341,-63.515,116.0,1.0,SKT-4031,1.0,1.0,GPIX
18/07/2025,15:21:00,44.88342,-63.51501,116.0,1.0,SKT-4031,1.0,1.0,GPIX
18/07/2025,15:21:08,44.88342,-63.51501,115.0,1.0,SKT-4031,1.0,1.0,GPIX
18/07/2025,15:21:15,44.88341,-63.51501,115.0,1.0,SKT-4031,1.0,1.0,GPIX
18/07/2025,15:21:22,44.88341,-63.51501,114.0,1.0,SKT-4031,1.0,1.0,GPIX
18/07/2025,15:21:30,44.88341,-63.51501,114.0,1.0,SKT-4031,1.0,1.0,GPIX
18/07/2025,15:21:37,44.8834,-63.51501,114.0,1.0,SKT-4031,1.0,1.0,GPIX
18/07/2025,15:21:44,44.8834,-63.515,115.0,1.0,SKT-4031,1.0,1.0,GPIX
18/07/2025,15:21:52,44.8834,-63.515,115.0,1.0,SKT-4031,1.0,1.0,GPIX
18/07/2025,15:21:59,44.8834,-63.515,115.0,1.0,SKT-4031,1.0,1.0,GPIX
18/07/2025,15:22:06,44.8834,-63.51501,115.0,1.0,SKT-4031,1.0,1.0,GPIX
18/07/2025,15:22:14,44.8834,-63.515,114.0,1.0,SKT-4031,1.0,1.0,GPIX
18/07/2025,15:22:21,44.8834,-63.51501,114.0,1.0,SKT-4031,1.0,1.0,GPIX
18/07/2025,15:22:29,44.8834,-63.51501,114.0,1.0,SKT-4031,1.0,1.0,GPIX
18/07/2025,15:22:36,44.8834,-63.51501,114.0,1.0,SKT-4031,1.0,1.0,GPIX
18/07/2025,15:22:43,44.8834,-63.51502,115.0,1.0,SKT-4031,1.0,1.0,GPIX
18/07/2025,15:22:51,44.8834,-63.51502,115.0,1.0,SKT-4031,1.0,1.0,GPIX
18/07/2025,15:22:58,44.8834,-63.51502,115.0,1.0,SKT-4031,1.0,1.0,GPIX
18/07/2025,15:23:05,44.8834,-63.51501,116.0,1.0,SKT-4031,1.0,1.0,GPIX
18/07/2025,15:23:13,44.8834,-63.51501,116.0,1.0,SKT-4031,1.0,1.0,GPIX
18/07/2025,15:23:20,44.88341,-63.51501,116.0,1.0,SKT-4031,1.0,1.0,GPIX
18/07/2025,15:23:28,44.88341,-63.51501,116.0,1.0,SKT-4031,1.0,1.0,GPIX
18/07/2025,15:23:35,44.88341,-63.51501,116.0,1.0,SKT-4031,1.0,1.0,GPIX
18/07/2025,15:23:42,44.88341,-63.515,116.0,1.0,SKT-4031,1.0,1.0,GPIX
18/07/2025,15:23:50,44.8834,-63.515,116.0,1.0,SKT-4031,1.0,1.0,GPIX
18/07/2025,15:23:57,44.88341,-63.515,116.0,1.0,SKT-4031,1.0,1.0,GPIX
18/07/2025,15:24:04,44.88341,-63.515,116.0,1.0,SKT-4031,1.0,1.0,GPIX
18/07/2025,15:24:12,44.88341,-63.515,116.0,1.0,SKT-4031,1.0,1.0,GPIX
18/07/2025,15:24:19,44.88341,-63.515,116.0,1.0,SKT-4031,1.0,1.0,GPIX
18/07/2025,15:24:26,44.88341,-63.515,116.0,1.0,SKT-4031,1.0,1.0,GPIX
18/07/2025,15:24:34,44.88341,-63.51501,115.0,1.0,SKT-4031,1.0,1.0,GPIX
18/07/2025,15:24:41,44.88341,-63.51501,115.0,1.0,SKT-4031,1.0,1.0,GPIX
18/07/2025,15:24:49,44.8834,-63.51501,115.0,1.0,SKT-4031,1.0,1.0,GPIX
18/07/2025,15:24:56,44.8834,-63.51501,114.0,1.0,SKT-4031,1.0,1.0,GPIX
18/07/2025,15:25:03,44.8834,-63.515,114.0,1.0,SKT-4031,1.0,1.0,GPIX
18/07/2025,15:25:11,44.88341,-63.51501,115.0,1.0,SKT-4031,1.0,1.0,GPIX
18/07/2025,15:25:18,44.8834,-63.515,115.0,1.0,SKT-4031,1.0,1.0,GPIX
18/07/2025,15:25:25,44.8834,-63.515,115.0,1.0,SKT-4031,1.0,1.0,GPIX
18/07/2025,15:25:33,44.8834,-63.515,114.0,1.0,SKT-4031,1.0,1.0,GPIX
18/07/2025,15:25:40,44.8834,-63.51501,114.0,1.0,SKT-4031,1.0,1.0,GPIX
18/07/2025,15:25:47,44.8834,-63.51501,114.0,1.0,SKT-4031,1.0,1.0,GPIX
18/07/2025,15:25:55,44.8834,-63.51501,114.0,1.0,SKT-4031,1.0,1.0,GPIX
18/07/2025,15:26:03,44.8834,-63.51501,114.0,1.0,SKT-4031,1.0,1.0,GPIX
18/07/2025,15:26:10,44.8834,-63.51501,114.0,1.0,SKT-4031,1.0,1.0,GPIX
18/07/2025,15:26:17,44.8834,-63.51501,114.0,1.0,SKT-4031,1.0,1.0,GPIX
18/07/2025,15:26:26,44.8834,-63.51501,114.0,1.0,SKT-4031,1.0,1.0,GPIX
18/07/2025,15:26:33,44.8834,-63.51501,114.0,1.0,SKT-4031,1.0,1.0,GPIX
18/07/2025,15:26:40,44.8834,-63.51501,114.0,1.0,SKT-4031,1.0,1.0,GPIX
18/07/2025,15:26:48,44.88339,-63.51501,114.0,1.0,SKT-4031,1.0,1.0,GPIX
18/07/2025,15:26:55,44.88339,-63.51501,114.0,1.0,SKT-4031,1.0,1.0,GPIX
18/07/2025,15:27:02,44.88339,-63.51501,114.0,1.0,SKT-4031,1.0,1.0,GPIX
18/07/2025,15:27:10,44.88338,-63.51501,115.0,1.0,SKT-4031,1.0,1.0,GPIX
18/07/2025,15:27:18,44.88338,-63.51501,116.0,1.0,SKT-4031,1.0,1.0,GPIX
18/07/2025,15:27:25,44.88339,-63.51501,116.0,1.0,SKT-4031,1.0,1.0,GPIX
18/07/2025,15:27:32,44.88339,-63.51501,116.0,1.0,SKT-4031,1.0,1.0,GPIX
18/07/2025,15:27:40,44.88339,-63.51501,116.0,1.0,SKT-4031,1.0,1.0,GPIX
18/07/2025,15:27:47,44.88339,-63.51501,116.0,1.0,SKT-4031,1.0,1.0,GPIX
18/07/2025,15:27:54,44.88339,-63.51501,116.0,1.0,SKT-4031,1.0,1.0,GPIX
18/07/2025,15:28:02,44.88338,-63.51501,116.0,1.0,SKT-4031,1.0,1.0,GPIX
18/07/2025,15:28:09,44.88338,-63.51501,117.0,1.0,SKT-4031,1.0,1.0,GPIX
18/07/2025,15:28:17,44.88338,-63.51502,117.0,1.0,SKT-4031,1.0,1.0,GPIX
18/07/2025,15:28:24,44.88338,-63.51502,117.0,1.0,SKT-4031,1.0,1.0,GPIX
18/07/2025,15:28:32,44.88339,-63.51502,117.0,1.0,SKT-4031,1.0,1.0,GPIX
18/07/2025,15:28:40,44.88338,-63.51502,117.0,1.0,SKT-4031,1.0,1.0,GPIX
18/07/2025,15:28:47,44.88338,-63.51501,118.0,1.0,SKT-4031,1.0,1.0,GPIX
18/07/2025,15:28:54,44.88338,-63.51502,119.0,1.0,SKT-4031,1.0,1.0,GPIX
18/07/2025,15:29:02,44.88337,-63.51502,118.0,1.0,SKT-4031,1.0,1.0,GPIX
18/07/2025,15:29:09,44.88338,-63.51502,118.0,1.0,SKT-4031,1.0,1.0,GPIX
18/07/2025,15:29:16,44.88338,-63.51502,117.0,1.0,SKT-4031,1.0,1.0,GPIX
18/07/2025,15:29:24,44.88338,-63.51501,117.0,1.0,SKT-4031,1.0,1.0,GPIX
18/07/2025,15:29:31,44.88338,-63.51502,117.0,1.0,SKT-4031,1.0,1.0,GPIX
18/07/2025,15:29:38,44.88338,-63.51502,117.0,1.0,SKT-4031,1.0,1.0,GPIX
18/07/2025,15:29:46,44.88338,-63.51502,117.0,1.0,SKT-4031,1.0,1.0,GPIX
18/07/2025,15:29:53,44.88338,-63.51502,117.0,1.0,SKT-4031,1.0,1.0,GPIX
18/07/2025,15:30:00,44.88338,-63.51501,118.0,1.0,SKT-4031,1.0,1.0,GPIX
18/07/2025,15:30:08,44.88338,-63.51501,118.0,1.0,SKT-4031,1.0,1.0,GPIX
18/07/2025,15:30:15,44.88339,-63.51501,118.0,1.0,SKT-4031,1.0,1.0,GPIX
18/07/2025,15:30:23,44.88339,-63.51502,117.0,1.0,SKT-4031,1.0,1.0,GPIX
18/07/2025,15:30:30,44.88339,-63.51503,117.0,1.0,SKT-4031,1.0,1.0,GPIX
18/07/2025,15:30:37,44.88339,-63.51503,117.0,1.0,SKT-4031,1.0,1.0,GPIX
18/07/2025,15:30:45,44.8834,-63.51503,118.0,1.0,SKT-4031,1.0,1.0,GPIX
18/07/2025,15:30:52,44.8834,-63.51503,117.0,1.0,SKT-4031,1.0,1.0,GPIX
18/07/2025,15:30:59,44.8834,-63.51502,118.0,1.0,SKT-4031,1.0,1.0,GPIX
18/07/2025,15:31:07,44.8834,-63.51502,118.0,1.0,SKT-4031,1.0,1.0,GPIX
18/07/2025,15:31:14,44.8834,-63.51502,117.0,1.0,SKT-4031,1.0,1.0,GPIX
18/07/2025,15:31:22,44.8834,-63.51502,117.0,1.0,SKT-4031,1.0,1.0,GPIX
18/07/2025,15:31:29,44.8834,-63.51502,117.0,1.0,SKT-4031,1.0,1.0,GPIX
18/07/2025,15:31:36,44.8834,-63.51502,117.0,1.0,SKT-4031,1.0,1.0,GPIX
18/07/2025,15:31:44,44.8834,-63.51503,117.0,1.0,SKT-4031,1.0,1.0,GPIX
18/07/2025,15:31:51,44.8834,-63.51503,117.0,1.0,SKT-4031,1.0,1.0,GPIX
18/07/2025,15:31:59,44.8834,-63.51503,117.0,1.0,SKT-4031,1.0,1.0,GPIX
18/07/2025,15:32:06,44.8834,-63.51502,118.0,1.0,SKT-4031,1.0,1.0,GPIX
18/07/2025,15:32:13,44.8834,-63.51501,118.0,1.0,SKT-4031,1.0,1.0,GPIX
18/07/2025,15:32:21,44.8834,-63.51501,118.0,1.0,SKT-4031,1.0,1.0,GPIX
18/07/2025,15:32:28,44.88341,-63.51501,118.0,1.0,SKT-4031,1.0,1.0,GPIX
18/07/2025,15:32:35,44.88341,-63.51501,117.0,1.0,SKT-4031,1.0,1.0,GPIX
18/07/2025,15:32:43,44.88342,-63.51501,116.0,1.0,SKT-4031,1.0,1.0,GPIX
18/07/2025,15:32:51,44.88342,-63.51501,116.0,1.0,SKT-4031,1.0,1.0,GPIX
18/07/2025,15:32:58,44.88342,-63.51501,116.0,1.0,SKT-4031,1.0,1.0,GPIX
18/07/2025,15:33:05,44.88341,-63.51502,117.0,1.0,SKT-4031,1.0,1.0,GPIX
18/07/2025,15:33:13,44.88341,-63.51502,117.0,1.0,SKT-4031,1.0,1.0,GPIX
18/07/2025,15:33:20,44.8834,-63.51502,117.0,1.0,SKT-4031,1.0,1.0,GPIX
18/07/2025,15:33:27,44.88341,-63.51502,117.0,1.0,SKT-4031,1.0,1.0,GPIX
18/07/2025,15:33:35,44.88341,-63.51502,117.0,1.0,SKT-4031,1.0,1.0,GPIX
18/07/2025,15:33:42,44.88341,-63.51501,116.0,1.0,SKT-4031,1.0,1.0,GPIX
18/07/2025,15:33:49,44.88341,-63.51501,116.0,1.0,SKT-4031,1.0,1.0,GPIX
18/07/2025,15:33:57,44.88341,-63.51502,115.0,1.0,SKT-4031,1.0,1.0,GPIX
18/07/2025,15:34:04,44.88341,-63.51502,114.0,1.0,SKT-4031,1.0,1.0,GPIX
18/07/2025,15:34:11,44.88341,-63.51501,114.0,1.0,SKT-4031,1.0,1.0,GPIX
18/07/2025,15:34:19,44.88341,-63.51501,114.0,1.0,SKT-4031,1.0,1.0,GPIX
18/07/2025,15:34:26,44.8834,-63.51501,114.0,1.0,SKT-4031,1.0,1.0,GPIX
18/07/2025,15:34:33,44.8834,-63.51501,115.0,1.0,SKT-4031,1.0,1.0,GPIX
18/07/2025,15:34:41,44.8834,-63.51502,115.0,1.0,SKT-4031,1.0,1.0,GPIX
18/07/2025,15:34:48,44.8834,-63.51502,116.0,1.0,SKT-4031,1.0,1.0,GPIX
18/07/2025,15:34:56,44.8834,-63.51502,116.0,1.0,SKT-4031,1.0,1.0,GPIX
18/07/2025,15:35:03,44.8834,-63.51502,117.0,1.0,SKT-4031,1.0,1.0,GPIX
18/07/2025,15:35:10,44.88341,-63.51502,117.0,1.0,SKT-4031,1.0,1.0,GPIX
18/07/2025,15:35:17,44.8834,-63.51502,117.0,1.0,SKT-4031,1.0,1.0,GPIX
18/07/2025,15:35:25,44.8834,-63.51502,117.0,1.0,SKT-4031,1.0,1.0,GPIX
18/07/2025,15:35:32,44.8834,-63.51501,118.0,1.0,SKT-4031,1.0,1.0,GPIX
18/07/2025,15:35:40,44.8834,-63.51501,118.0,1.0,SKT-4031,1.0,1.0,GPIX
18/07/2025,15:35:48,44.88339,-63.51501,118.0,1.0,SKT-4031,1.0,1.0,GPIX
18/07/2025,15:35:55,44.8834,-63.51501,117.0,1.0,SKT-4031,1.0,1.0,GPIX
18/07/2025,15:36:02,44.8834,-63.51502,117.0,1.0,SKT-4031,1.0,1.0,GPIX
18/07/2025,15:36:09,44.8834,-63.51502,117.0,1.0,SKT-4031,1.0,1.0,GPIX
18/07/2025,15:36:17,44.8834,-63.51502,116.0,1.0,SKT-4031,1.0,1.0,GPIX
18/07/2025,15:36:24,44.8834,-63.51502,116.0,1.0,SKT-4031,1.0,1.0,GPIX
18/07/2025,15:36:32,44.8834,-63.51501,116.0,1.0,SKT-4031,1.0,1.0,GPIX
18/07/2025,15:36:39,44.8834,-63.51501,117.0,1.0,SKT-4031,1.0,1.0,GPIX
18/07/2025,15:36:46,44.8834,-63.51501,118.0,1.0,SKT-4031,1.0,1.0,GPIX
18/07/2025,15:36:54,44.8834,-63.51502,118.0,1.0,SKT-4031,1.0,1.0,GPIX
18/07/2025,15:37:01,44.8834,-63.51502,118.0,1.0,SKT-4031,1.0,1.0,GPIX
18/07/2025,15:37:08,44.88341,-63.51502,117.0,1.0,SKT-4031,1.0,1.0,GPIX
18/07/2025,15:37:16,44.88341,-63.51502,117.0,1.0,SKT-4031,1.0,1.0,GPIX
18/07/2025,15:37:24,44.8834,-63.51501,116.0,1.0,SKT-4031,1.0,1.0,GPIX
18/07/2025,15:37:31,44.8834,-63.51501,115.0,1.0,SKT-4031,1.0,1.0,GPIX
18/07/2025,15:37:38,44.8834,-63.51501,115.0,1.0,SKT-4031,1.0,1.0,GPIX
18/07/2025,15:37:46,44.8834,-63.51501,115.0,1.0,SKT-4031,1.0,1.0,GPIX
18/07/2025,15:37:53,44.8834,-63.51501,115.0,1.0,SKT-4031,1.0,1.0,GPIX
18/07/2025,15:38:00,44.8834,-63.51502,115.0,1.0,SKT-4031,1.0,1.0,GPIX
18/07/2025,15:38:08,44.8834,-63.51502,115.0,1.0,SKT-4031,1.0,1.0,GPIX
18/07/2025,15:38:15,44.8834,-63.51502,116.0,1.0,SKT-4031,1.0,1.0,GPIX
18/07/2025,15:38:22,44.8834,-63.51501,115.0,1.0,SKT-4031,1.0,1.0,GPIX
18/07/2025,15:38:30,44.8834,-63.51501,115.0,1.0,SKT-4031,1.0,1.0,GPIX
18/07/2025,15:38:37,44.8834,-63.51501,115.0,1.0,SKT-4031,1.0,1.0,GPIX
18/07/2025,15:38:45,44.8834,-63.51501,115.0,1.0,SKT-4031,1.0,1.0,GPIX
18/07/2025,15:38:52,44.8834,-63.515,115.0,1.0,SKT-4031,1.0,1.0,GPIX
18/07/2025,15:38:59,44.8834,-63.515,114.0,1.0,SKT-4031,1.0,1.0,GPIX
18/07/2025,15:39:07,44.8834,-63.515,114.0,1.0,SKT-4031,1.0,1.0,GPIX
18/07/2025,15:39:14,44.8834,-63.515,115.0,1.0,SKT-4031,1.0,1.0,GPIX
18/07/2025,15:39:22,44.8834,-63.51501,115.0,1.0,SKT-4031,1.0,1.0,GPIX
18/07/2025,15:39:29,44.8834,-63.51501,116.0,1.0,SKT-4031,1.0,1.0,GPIX
18/07/2025,15:39:36,44.8834,-63.51501,115.0,1.0,SKT-4031,1.0,1.0,GPIX
18/07/2025,15:39:44,44.8834,-63.51501,115.0,1.0,SKT-4031,1.0,1.0,GPIX
18/07/2025,15:39:51,44.8834,-63.51501,115.0,1.0,SKT-4031,1.0,1.0,GPIX
18/07/2025,15:39:58,44.8834,-63.51501,115.0,1.0,SKT-4031,1.0,1.0,GPIX
18/07/2025,15:40:06,44.8834,-63.51501,115.0,1.0,SKT-4031,1.0,1.0,GPIX
18/07/2025,15:40:13,44.8834,-63.51501,116.0,1.0,SKT-4031,1.0,1.0,GPIX
18/07/2025,15:40:20,44.8834,-63.51502,116.0,1.0,SKT-4031,1.0,1.0,GPIX
18/07/2025,15:40:28,44.8834,-63.51502,116.0,1.0,SKT-4031,1.0,1.0,GPIX
18/07/2025,15:40:35,44.8834,-63.51501,117.0,1.0,SKT-4031,1.0,1.0,GPIX
18/07/2025,15:40:42,44.8834,-63.51501,117.0,1.0,SKT-4031,1.0,1.0,GPIX
18/07/2025,15:40:50,44.8834,-63.51501,116.0,1.0,SKT-4031,1.0,1.0,GPIX
18/07/2025,15:40:58,44.8834,-63.51501,116.0,1.0,SKT-4031,1.0,1.0,GPIX
18/07/2025,15:41:05,44.8834,-63.51501,116.0,1.0,SKT-4031,1.0,1.0,GPIX
18/07/2025,15:41:12,44.8834,-63.51501,116.0,1.0,SKT-4031,1.0,1.0,GPIX
18/07/2025,15:41:20,44.8834,-63.51501,116.0,1.0,SKT-4031,1.0,1.0,GPIX
18/07/2025,15:41:27,44.88341,-63.51501,116.0,1.0,SKT-4031,1.0,1.0,GPIX
18/07/2025,15:41:34,44.88341,-63.51501,116.0,1.0,SKT-4031,1.0,1.0,GPIX
18/07/2025,15:41:42,44.88341,-63.51501,117.0,1.0,SKT-4031,1.0,1.0,GPIX
18/07/2025,15:41:49,44.88341,-63.515,117.0,1.0,SKT-4031,1.0,1.0,GPIX
18/07/2025,15:41:56,44.88341,-63.515,117.0,1.0,SKT-4031,1.0,1.0,GPIX
18/07/2025,15:42:04,44.8834,-63.515,116.0,1.0,SKT-4031,1.0,1.0,GPIX
18/07/2025,15:42:11,44.8834,-63.515,116.0,1.0,SKT-4031,1.0,1.0,GPIX
18/07/2025,15:42:18,44.8834,-63.515,116.0,1.0,SKT-4031,1.0,1.0,GPIX
18/07/2025,15:42:26,44.8834,-63.515,116.0,1.0,SKT-4031,1.0,1.0,GPIX
18/07/2025,15:42:33,44.8834,-63.515,116.0,1.0,SKT-4031,1.0,1.0,GPIX
18/07/2025,15:42:40,44.8834,-63.51501,116.0,1.0,SKT-4031,1.0,1.0,GPIX
18/07/2025,15:42:48,44.8834,-63.51501,115.0,1.0,SKT-4031,1.0,1.0,GPIX
18/07/2025,15:42:55,44.8834,-63.51501,115.0,1.0,SKT-4031,1.0,1.0,GPIX
18/07/2025,15:43:03,44.8834,-63.51501,115.0,1.0,SKT-4031,1.0,1.0,GPIX
18/07/2025,15:43:10,44.8834,-63.51501,115.0,1.0,SKT-4031,1.0,1.0,GPIX
18/07/2025,15:43:17,44.8834,-63.51501,115.0,1.0,SKT-4031,1.0,1.0,GPIX
18/07/2025,15:43:25,44.8834,-63.51501,115.0,1.0,SKT-4031,1.0,1.0,GPIX
18/07/2025,15:43:32,44.88341,-63.51501,115.0,1.0,SKT-4031,1.0,1.0,GPIX
18/07/2025,15:43:40,44.8834,-63.515,115.0,1.0,SKT-4031,1.0,1.0,GPIX
18/07/2025,15:43:47,44.8834,-63.515,116.0,1.0,SKT-4031,1.0,1.0,GPIX
18/07/2025,15:43:54,44.8834,-63.51499,116.0,1.0,SKT-4031,1.0,1.0,GPIX
18/07/2025,15:44:01,44.88341,-63.515,115.0,1.0,SKT-4031,1.0,1.0,GPIX
18/07/2025,15:44:09,44.88341,-63.515,114.0,1.0,SKT-4031,1.0,1.0,GPIX
18/07/2025,15:44:16,44.88341,-63.51501,114.0,1.0,SKT-4031,1.0,1.0,GPIX
18/07/2025,15:44:24,44.88341,-63.515,114.0,1.0,SKT-4031,1.0,1.0,GPIX
18/07/2025,15:44:31,44.88341,-63.515,114.0,1.0,SKT-4031,1.0,1.0,GPIX
18/07/2025,15:44:39,44.88341,-63.515,115.0,1.0,SKT-4031,1.0,1.0,GPIX
18/07/2025,15:44:46,44.88341,-63.515,114.0,1.0,SKT-4031,1.0,1.0,GPIX
18/07/2025,15:44:53,44.88342,-63.51501,115.0,1.0,SKT-4031,1.0,1.0,GPIX
18/07/2025,15:45:01,44.88342,-63.51501,115.0,1.0,SKT-4031,1.0,1.0,GPIX
18/07/2025,15:45:08,44.88342,-63.51502,115.0,1.0,SKT-4031,1.0,1.0,GPIX
18/07/2025,15:45:15,44.88341,-63.51502,115.0,1.0,SKT-4031,1.0,1.0,GPIX
18/07/2025,15:45:23,44.88341,-63.51501,115.0,1.0,SKT-4031,1.0,1.0,GPIX
18/07/2025,15:45:30,44.88341,-63.51501,115.0,1.0,SKT-4031,1.0,1.0,GPIX
18/07/2025,15:45:37,44.88342,-63.51501,114.0,1.0,SKT-4031,1.0,1.0,GPIX
18/07/2025,15:45:44,44.88341,-63.51501,114.0,1.0,SKT-4031,1.0,1.0,GPIX
18/07/2025,15:45:52,44.88341,-63.51502,115.0,1.0,SKT-4031,1.0,1.0,GPIX
18/07/2025,15:45:59,44.88341,-63.51503,116.0,1.0,SKT-4031,1.0,1.0,GPIX
18/07/2025,15:46:06,44.88341,-63.51503,116.0,1.0,SKT-4031,1.0,1.0,GPIX
18/07/2025,15:46:14,44.88341,-63.51502,117.0,1.0,SKT-4031,1.0,1.0,GPIX
18/07/2025,15:46:21,44.8834,-63.51501,117.0,1.0,SKT-4031,1.0,1.0,GPIX
18/07/2025,15:46:29,44.8834,-63.51501,117.0,1.0,SKT-4031,1.0,1.0,GPIX
18/07/2025,15:46:36,44.8834,-63.51501,116.0,1.0,SKT-4031,1.0,1.0,GPIX
18/07/2025,15:46:44,44.8834,-63.51501,116.0,1.0,SKT-4031,1.0,1.0,GPIX
18/07/2025,15:46:51,44.8834,-63.51501,116.0,1.0,SKT-4031,1.0,1.0,GPIX
18/07/2025,15:46:58,44.8834,-63.51501,115.0,1.0,SKT-4031,1.0,1.0,GPIX
18/07/2025,15:47:06,44.8834,-63.515,115.0,1.0,SKT-4031,1.0,1.0,GPIX
18/07/2025,15:47:13,44.8834,-63.51499,114.0,1.0,SKT-4031,1.0,1.0,GPIX
18/07/2025,15:47:20,44.88339,-63.51499,114.0,1.0,SKT-4031,1.0,1.0,GPIX
18/07/2025,15:47:28,44.88339,-63.515,113.0,1.0,SKT-4031,1.0,1.0,GPIX
18/07/2025,15:47:35,44.8834,-63.515,113.0,1.0,SKT-4031,1.0,1.0,GPIX
18/07/2025,15:47:42,44.8834,-63.515,113.0,1.0,SKT-4031,1.0,1.0,GPIX
18/07/2025,15:47:50,44.8834,-63.515,114.0,1.0,SKT-4031,1.0,1.0,GPIX
18/07/2025,15:47:57,44.8834,-63.515,115.0,1.0,SKT-4031,1.0,1.0,GPIX
18/07/2025,15:48:04,44.8834,-63.51501,116.0,1.0,SKT-4031,1.0,1.0,GPIX
18/07/2025,15:48:12,44.88341,-63.51501,115.0,1.0,SKT-4031,1.0,1.0,GPIX
18/07/2025,15:48:19,44.8834,-63.51501,114.0,1.0,SKT-4031,1.0,1.0,GPIX
18/07/2025,15:48:27,44.8834,-63.515,114.0,1.0,SKT-4031,1.0,1.0,GPIX
18/07/2025,15:48:34,44.8834,-63.515,114.0,1.0,SKT-4031,1.0,1.0,GPIX
18/07/2025,15:48:41,44.8834,-63.51501,114.0,1.0,SKT-4031,1.0,1.0,GPIX
18/07/2025,15:48:49,44.88341,-63.51501,115.0,1.0,SKT-4031,1.0,1.0,GPIX
18/07/2025,15:48:56,44.88341,-63.51501,115.0,1.0,SKT-4031,1.0,1.0,GPIX
18/07/2025,15:49:04,44.88341,-63.51501,116.0,1.0,SKT-4031,1.0,1.0,GPIX
18/07/2025,15:49:11,44.88341,-63.515,116.0,1.0,SKT-4031,1.0,1.0,GPIX
18/07/2025,15:49:19,44.88341,-63.515,116.0,1.0,SKT-4031,1.0,1.0,GPIX
18/07/2025,15:49:26,44.88341,-63.515,115.0,1.0,SKT-4031,1.0,1.0,GPIX
18/07/2025,15:49:33,44.88341,-63.515,115.0,1.0,SKT-4031,1.0,1.0,GPIX
18/07/2025,15:49:41,44.88342,-63.515,115.0,1.0,SKT-4031,1.0,1.0,GPIX
18/07/2025,15:49:48,44.88342,-63.515,115.0,1.0,SKT-4031,1.0,1.0,GPIX
18/07/2025,15:49:55,44.88342,-63.51501,115.0,1.0,SKT-4031,1.0,1.0,GPIX
18/07/2025,15:50:03,44.88342,-63.51501,115.0,1.0,SKT-4031,1.0,1.0,GPIX
18/07/2025,15:50:10,44.88342,-63.51501,115.0,1.0,SKT-4031,1.0,1.0,GPIX
18/07/2025,15:50:17,44.88342,-63.515,114.0,1.0,SKT-4031,1.0,1.0,GPIX
18/07/2025,15:50:25,44.88341,-63.515,114.0,1.0,SKT-4031,1.0,1.0,GPIX
18/07/2025,15:50:32,44.88341,-63.515,113.0,1.0,SKT-4031,1.0,1.0,GPIX
18/07/2025,15:50:40,44.88341,-63.515,114.0,1.0,SKT-4031,1.0,1.0,GPIX
18/07/2025,15:50:48,44.88341,-63.51501,114.0,1.0,SKT-4031,1.0,1.0,GPIX
18/07/2025,15:50:55,44.8834,-63.51501,114.0,1.0,SKT-4031,1.0,1.0,GPIX
18/07/2025,15:51:02,44.8834,-63.51501,114.0,1.0,SKT-4031,1.0,1.0,GPIX
18/07/2025,15:51:10,44.88341,-63.51502,115.0,1.0,SKT-4031,1.0,1.0,GPIX
18/07/2025,15:51:17,44.8834,-63.51501,115.0,1.0,SKT-4031,1.0,1.0,GPIX
18/07/2025,15:51:24,44.8834,-63.51501,115.0,1.0,SKT-4031,1.0,1.0,GPIX
18/07/2025,15:51:31,44.8834,-63.515,114.0,1.0,SKT-4031,1.0,1.0,GPIX
18/07/2025,15:51:39,44.8834,-63.515,114.0,1.0,SKT-4031,1.0,1.0,GPIX
18/07/2025,15:51:47,44.88341,-63.515,114.0,1.0,SKT-4031,1.0,1.0,GPIX
18/07/2025,15:51:54,44.88341,-63.515,113.0,1.0,SKT-4031,1.0,1.0,GPIX
18/07/2025,15:52:02,44.88341,-63.515,112.0,1.0,SKT-4031,1.0,1.0,GPIX
18/07/2025,15:52:09,44.8834,-63.515,112.0,1.0,SKT-4031,1.0,1.0,GPIX
18/07/2025,15:52:17,44.8834,-63.515,112.0,1.0,SKT-4031,1.0,1.0,GPIX
18/07/2025,15:52:24,44.8834,-63.515,113.0,1.0,SKT-4031,1.0,1.0,GPIX
18/07/2025,15:52:32,44.88339,-63.515,114.0,1.0,SKT-4031,1.0,1.0,GPIX
18/07/2025,15:52:39,44.88339,-63.515,115.0,1.0,SKT-4031,1.0,1.0,GPIX
18/07/2025,15:52:47,44.88339,-63.515,116.0,1.0,SKT-4031,1.0,1.0,GPIX
18/07/2025,15:52:54,44.88339,-63.51499,116.0,1.0,SKT-4031,1.0,1.0,GPIX
18/07/2025,15:53:01,44.88339,-63.51499,116.0,1.0,SKT-4031,1.0,1.0,GPIX
18/07/2025,15:53:09,44.8834,-63.51498,116.0,1.0,SKT-4031,1.0,1.0,GPIX
18/07/2025,15:53:16,44.8834,-63.51498,116.0,1.0,SKT-4031,1.0,1.0,GPIX
18/07/2025,15:53:23,44.8834,-63.51498,116.0,1.0,SKT-4031,1.0,1.0,GPIX
18/07/2025,15:53:31,44.8834,-63.51499,116.0,1.0,SKT-4031,1.0,1.0,GPIX
18/07/2025,15:53:38,44.8834,-63.515,117.0,1.0,SKT-4031,1.0,1.0,GPIX
18/07/2025,15:53:45,44.8834,-63.515,117.0,1.0,SKT-4031,1.0,1.0,GPIX
18/07/2025,15:53:53,44.8834,-63.515,117.0,1.0,SKT-4031,1.0,1.0,GPIX
18/07/2025,15:54:00,44.8834,-63.515,116.0,1.0,SKT-4031,1.0,1.0,GPIX
18/07/2025,15:54:07,44.8834,-63.515,116.0,1.0,SKT-4031,1.0,1.0,GPIX
18/07/2025,15:54:15,44.88341,-63.515,115.0,1.0,SKT-4031,1.0,1.0,GPIX
18/07/2025,15:54:22,44.88341,-63.51501,115.0,1.0,SKT-4031,1.0,1.0,GPIX
18/07/2025,15:54:29,44.8834,-63.51501,114.0,1.0,SKT-4031,1.0,1.0,GPIX
18/07/2025,15:54:37,44.8834,-63.51501,115.0,1.0,SKT-4031,1.0,1.0,GPIX
18/07/2025,15:54:44,44.8834,-63.51502,115.0,1.0,SKT-4031,1.0,1.0,GPIX
18/07/2025,15:54:52,44.8834,-63.51502,117.0,1.0,SKT-4031,1.0,1.0,GPIX
18/07/2025,15:54:59,44.88339,-63.51502,117.0,1.0,SKT-4031,1.0,1.0,GPIX
18/07/2025,15:55:07,44.88339,-63.51501,117.0,1.0,SKT-4031,1.0,1.0,GPIX
18/07/2025,15:55:14,44.8834,-63.51502,117.0,1.0,SKT-4031,1.0,1.0,GPIX
18/07/2025,15:55:21,44.8834,-63.51502,116.0,1.0,SKT-4031,1.0,1.0,GPIX
18/07/2025,15:55:29,44.8834,-63.51502,115.0,1.0,SKT-4031,1.0,1.0,GPIX
18/07/2025,15:55:36,44.88341,-63.51502,114.0,1.0,SKT-4031,1.0,1.0,GPIX
18/07/2025,15:55:43,44.88342,-63.51501,112.0,1.0,SKT-4031,1.0,1.0,GPIX
18/07/2025,15:55:51,44.88343,-63.51501,112.0,1.0,SKT-4031,1.0,1.0,GPIX
18/07/2025,15:55:58,44.88343,-63.515,112.0,1.0,SKT-4031,1.0,1.0,GPIX
18/07/2025,15:56:06,44.88343,-63.515,112.0,1.0,SKT-4031,1.0,1.0,GPIX
18/07/2025,15:56:14,44.88343,-63.51501,113.0,1.0,SKT-4031,1.0,1.0,GPIX
18/07/2025,15:56:22,44.88342,-63.51501,113.0,1.0,SKT-4031,1.0,1.0,GPIX
18/07/2025,15:56:30,44.88341,-63.515,113.0,1.0,SKT-4031,1.0,1.0,GPIX
18/07/2025,15:56:37,44.88341,-63.515,113.0,1.0,SKT-4031,1.0,1.0,GPIX
18/07/2025,15:56:44,44.88341,-63.515,114.0,1.0,SKT-4031,1.0,1.0,GPIX
18/07/2025,15:56:52,44.88341,-63.51501,114.0,1.0,SKT-4031,1.0,1.0,GPIX
18/07/2025,15:56:59,44.88341,-63.51501,115.0,1.0,SKT-4031,1.0,1.0,GPIX
18/07/2025,15:57:06,44.88341,-63.515,115.0,1.0,SKT-4031,1.0,1.0,GPIX
18/07/2025,15:57:14,44.88342,-63.515,115.0,1.0,SKT-4031,1.0,1.0,GPIX
18/07/2025,15:57:21,44.88342,-63.515,116.0,1.0,SKT-4031,1.0,1.0,GPIX
18/07/2025,15:57:29,44.88341,-63.51501,117.0,1.0,SKT-4031,1.0,1.0,GPIX
18/07/2025,15:57:36,44.8834,-63.51501,117.0,1.0,SKT-4031,1.0,1.0,GPIX
18/07/2025,15:57:43,44.8834,-63.51501,117.0,1.0,SKT-4031,1.0,1.0,GPIX
18/07/2025,15:57:50,44.8834,-63.51501,117.0,1.0,SKT-4031,1.0,1.0,GPIX
18/07/2025,15:57:58,44.8834,-63.51501,116.0,1.0,SKT-4031,1.0,1.0,GPIX
18/07/2025,15:58:06,44.8834,-63.51501,116.0,1.0,SKT-4031,1.0,1.0,GPIX
18/07/2025,15:58:13,44.88341,-63.51501,116.0,1.0,SKT-4031,1.0,1.0,GPIX
18/07/2025,15:58:21,44.88342,-63.51502,116.0,1.0,SKT-4031,1.0,1.0,GPIX
18/07/2025,15:58:28,44.88342,-63.51502,115.0,1.0,SKT-4031,1.0,1.0,GPIX
18/07/2025,15:58:35,44.88342,-63.51501,114.0,1.0,SKT-4031,1.0,1.0,GPIX
18/07/2025,15:58:43,44.88341,-63.51501,114.0,1.0,SKT-4031,1.0,1.0,GPIX
18/07/2025,15:58:50,44.88341,-63.51501,114.0,1.0,SKT-4031,1.0,1.0,GPIX
18/07/2025,15:58:57,44.88341,-63.51502,113.0,1.0,SKT-4031,1.0,1.0,GPIX
18/07/2025,15:59:05,44.88341,-63.51503,114.0,1.0,SKT-4031,1.0,1.0,GPIX
18/07/2025,15:59:12,44.88341,-63.51503,114.0,1.0,SKT-4031,1.0,1.0,GPIX
18/07/2025,15:59:19,44.88341,-63.51502,114.0,1.0,SKT-4031,1.0,1.0,GPIX
18/07/2025,15:59:27,44.88341,-63.51501,114.0,1.0,SKT-4031,1.0,1.0,GPIX
18/07/2025,15:59:34,44.88341,-63.51501,113.0,1.0,SKT-4031,1.0,1.0,GPIX
18/07/2025,15:59:42,44.88341,-63.515,113.0,1.0,SKT-4031,1.0,1.0,GPIX
18/07/2025,15:59:49,44.88341,-63.51501,114.0,1.0,SKT-4031,1.0,1.0,GPIX
18/07/2025,15:59:57,44.88341,-63.51501,115.0,1.0,SKT-4031,1.0,1.0,GPIX
18/07/2025,16:00:04,44.88341,-63.51501,115.0,1.0,SKT-4031,1.0,1.0,GPIX
18/07/2025,16:00:11,44.8834,-63.51501,115.0,1.0,SKT-4031,1.0,1.0,GPIX
18/07/2025,16:00:19,44.8834,-63.515,115.0,1.0,SKT-4031,1.0,1.0,GPIX
18/07/2025,16:00:26,44.8834,-63.515,115.0,1.0,SKT-4031,1.0,1.0,GPIX
18/07/2025,16:00:33,44.8834,-63.515,115.0,1.0,SKT-4031,1.0,1.0,GPIX
18/07/2025,16:01:57,44.88342,-63.515,116.0,1.0,SKT-4031,1.0,1.0,GPIX
17/07/2025,01:06:08,,,,,SKT-4031,1.0,1.0,GPIX
18/07/2025,16:02:16,44.88342,-63.515,115.0,1.0,SKT-4031,1.0,1.0,GPIX
18/07/2025,16:02:30,44.88342,-63.515,115.0,1.0,SKT-4031,1.0,1.0,GPIX
18/07/2025,16:02:38,44.88342,-63.515,114.0,1.0,SKT-4031,1.0,1.0,GPIX
18/07/2025,16:02:45,44.88342,-63.515,114.0,1.0,SKT-4031,1.0,1.0,GPIX
18/07/2025,16:02:52,44.88341,-63.515,114.0,1.0,SKT-4031,1.0,1.0,GPIX
18/07/2025,16:03:00,44.88341,-63.515,115.0,1.0,SKT-4031,1.0,1.0,GPIX
18/07/2025,16:03:07,44.8834,-63.51501,115.0,1.0,SKT-4031,1.0,1.0,GPIX
18/07/2025,16:03:14,44.8834,-63.51501,115.0,1.0,SKT-4031,1.0,1.0,GPIX
18/07/2025,16:03:22,44.8834,-63.51502,116.0,1.0,SKT-4031,1.0,1.0,GPIX
18/07/2025,16:03:29,44.8834,-63.51502,116.0,1.0,SKT-4031,1.0,1.0,GPIX
18/07/2025,16:03:36,44.8834,-63.51502,116.0,1.0,SKT-4031,1.0,1.0,GPIX
18/07/2025,16:03:44,44.8834,-63.51502,115.0,1.0,SKT-4031,1.0,1.0,GPIX
18/07/2025,16:03:51,44.8834,-63.51501,115.0,1.0,SKT-4031,1.0,1.0,GPIX
18/07/2025,16:03:59,44.8834,-63.515,114.0,1.0,SKT-4031,1.0,1.0,GPIX
18/07/2025,16:04:06,44.88341,-63.515,113.0,1.0,SKT-4031,1.0,1.0,GPIX
18/07/2025,16:04:14,44.88341,-63.515,113.0,1.0,SKT-4031,1.0,1.0,GPIX
18/07/2025,16:04:21,44.8834,-63.515,113.0,1.0,SKT-4031,1.0,1.0,GPIX
18/07/2025,16:04:29,44.8834,-63.515,113.0,1.0,SKT-4031,1.0,1.0,GPIX
18/07/2025,16:04:36,44.8834,-63.51501,114.0,1.0,SKT-4031,1.0,1.0,GPIX
18/07/2025,16:04:44,44.8834,-63.51501,115.0,1.0,SKT-4031,1.0,1.0,GPIX
18/07/2025,16:04:51,44.8834,-63.51501,116.0,1.0,SKT-4031,1.0,1.0,GPIX
18/07/2025,16:04:58,44.88339,-63.51501,117.0,1.0,SKT-4031,1.0,1.0,GPIX
18/07/2025,16:05:07,44.88339,-63.51501,117.0,1.0,SKT-4031,1.0,1.0,GPIX
18/07/2025,16:05:14,44.88339,-63.51501,117.0,1.0,SKT-4031,1.0,1.0,GPIX
18/07/2025,16:05:22,44.88339,-63.515,116.0,1.0,SKT-4031,1.0,1.0,GPIX
18/07/2025,16:05:30,44.88339,-63.515,116.0,1.0,SKT-4031,1.0,1.0,GPIX
18/07/2025,16:05:38,44.8834,-63.515,115.0,1.0,SKT-4031,1.0,1.0,GPIX
18/07/2025,16:05:46,44.8834,-63.515,114.0,1.0,SKT-4031,1.0,1.0,GPIX
18/07/2025,16:05:54,44.88341,-63.515,114.0,1.0,SKT-4031,1.0,1.0,GPIX
18/07/2025,16:06:01,44.8834,-63.515,115.0,1.0,SKT-4031,1.0,1.0,GPIX
18/07/2025,16:06:09,44.8834,-63.515,115.0,1.0,SKT-4031,1.0,1.0,GPIX
18/07/2025,16:06:17,44.8834,-63.515,116.0,1.0,SKT-4031,1.0,1.0,GPIX
18/07/2025,16:06:24,44.88341,-63.515,116.0,1.0,SKT-4031,1.0,1.0,GPIX
18/07/2025,16:06:32,44.88341,-63.515,116.0,1.0,SKT-4031,1.0,1.0,GPIX
18/07/2025,16:06:39,44.88342,-63.515,115.0,1.0,SKT-4031,1.0,1.0,GPIX
18/07/2025,16:06:47,44.88342,-63.51501,115.0,1.0,SKT-4031,1.0,1.0,GPIX
18/07/2025,16:06:54,44.88342,-63.51501,115.0,1.0,SKT-4031,1.0,1.0,GPIX
18/07/2025,16:07:02,44.88342,-63.51501,115.0,1.0,SKT-4031,1.0,1.0,GPIX
18/07/2025,16:07:10,44.88341,-63.51501,115.0,1.0,SKT-4031,1.0,1.0,GPIX
18/07/2025,16:07:18,44.88341,-63.51501,115.0,1.0,SKT-4031,1.0,1.0,GPIX
18/07/2025,16:07:26,44.88341,-63.51501,115.0,1.0,SKT-4031,1.0,1.0,GPIX
18/07/2025,16:07:33,44.88341,-63.51501,115.0,1.0,SKT-4031,1.0,1.0,GPIX
18/07/2025,16:07:40,44.88341,-63.51501,115.0,1.0,SKT-4031,1.0,1.0,GPIX
18/07/2025,16:07:49,44.88341,-63.51501,115.0,1.0,SKT-4031,1.0,1.0,GPIX
18/07/2025,16:07:56,44.88341,-63.51501,114.0,1.0,SKT-4031,1.0,1.0,GPIX
18/07/2025,16:08:04,44.88341,-63.51501,114.0,1.0,SKT-4031,1.0,1.0,GPIX
18/07/2025,16:08:11,44.88341,-63.515,113.0,1.0,SKT-4031,1.0,1.0,GPIX
18/07/2025,16:08:18,44.88341,-63.515,113.0,1.0,SKT-4031,1.0,1.0,GPIX
18/07/2025,16:08:26,44.88341,-63.51501,114.0,1.0,SKT-4031,1.0,1.0,GPIX
18/07/2025,16:08:33,44.8834,-63.51501,115.0,1.0,SKT-4031,1.0,1.0,GPIX
18/07/2025,16:08:40,44.88341,-63.51502,116.0,1.0,SKT-4031,1.0,1.0,GPIX
18/07/2025,16:08:48,44.88341,-63.51502,116.0,1.0,SKT-4031,1.0,1.0,GPIX
18/07/2025,16:08:55,44.88341,-63.51503,115.0,1.0,SKT-4031,1.0,1.0,GPIX
18/07/2025,16:09:02,44.88341,-63.51503,115.0,1.0,SKT-4031,1.0,1.0,GPIX
18/07/2025,16:09:11,44.88341,-63.51503,115.0,1.0,SKT-4031,1.0,1.0,GPIX
18/07/2025,16:09:18,44.88341,-63.51503,115.0,1.0,SKT-4031,1.0,1.0,GPIX
18/07/2025,16:09:27,44.88341,-63.51502,115.0,1.0,SKT-4031,1.0,1.0,GPIX
18/07/2025,16:09:34,44.88341,-63.51501,115.0,1.0,SKT-4031,1.0,1.0,GPIX
18/07/2025,16:09:44,44.8834,-63.515,116.0,1.0,SKT-4031,1.0,1.0,GPIX
18/07/2025,16:09:52,44.8834,-63.515,115.0,1.0,SKT-4031,1.0,1.0,GPIX
18/07/2025,16:09:59,44.8834,-63.515,115.0,1.0,SKT-4031,1.0,1.0,GPIX
18/07/2025,16:10:06,44.88341,-63.51501,116.0,1.0,SKT-4031,1.0,1.0,GPIX
18/07/2025,16:10:14,44.88341,-63.51501,115.0,1.0,SKT-4031,1.0,1.0,GPIX
18/07/2025,16:10:21,44.8834,-63.51501,114.0,1.0,SKT-4031,1.0,1.0,GPIX
18/07/2025,16:10:29,44.88341,-63.51501,114.0,1.0,SKT-4031,1.0,1.0,GPIX
18/07/2025,16:10:37,44.8834,-63.51501,114.0,1.0,SKT-4031,1.0,1.0,GPIX
18/07/2025,16:10:44,44.8834,-63.515,115.0,1.0,SKT-4031,1.0,1.0,GPIX
18/07/2025,16:10:52,44.8834,-63.515,116.0,1.0,SKT-4031,1.0,1.0,GPIX
18/07/2025,16:11:00,44.8834,-63.515,118.0,1.0,SKT-4031,1.0,1.0,GPIX
18/07/2025,16:11:08,44.8834,-63.515,118.0,1.0,SKT-4031,1.0,1.0,GPIX
18/07/2025,16:11:17,44.8834,-63.51501,118.0,1.0,SKT-4031,1.0,1.0,GPIX
18/07/2025,16:11:26,44.8834,-63.51501,117.0,1.0,SKT-4031,1.0,0.0,GPIX
18/07/2025,16:11:34,44.8834,-63.51501,117.0,1.0,SKT-4031,1.0,1.0,GPIX
18/07/2025,16:11:41,44.88341,-63.51501,116.0,1.0,SKT-4031,1.0,1.0,GPIX
18/07/2025,16:11:49,44.88341,-63.515,114.0,1.0,SKT-4031,1.0,1.0,GPIX
18/07/2025,16:11:56,44.88341,-63.515,114.0,1.0,SKT-4031,1.0,1.0,GPIX
18/07/2025,16:12:05,44.88341,-63.515,114.0,1.0,SKT-4031,1.0,1.0,GPIX
18/07/2025,16:12:12,44.88341,-63.515,115.0,1.0,SKT-4031,1.0,1.0,GPIX
18/07/2025,16:12:19,44.8834,-63.515,116.0,1.0,SKT-4031,1.0,1.0,GPIX
18/07/2025,16:12:27,44.8834,-63.515,116.0,1.0,SKT-4031,1.0,1.0,GPIX
18/07/2025,16:12:34,44.8834,-63.515,116.0,1.0,SKT-4031,1.0,1.0,GPIX
18/07/2025,16:12:42,44.8834,-63.515,117.0,1.0,SKT-4031,1.0,1.0,GPIX
18/07/2025,16:12:49,44.8834,-63.515,117.0,1.0,SKT-4031,1.0,1.0,GPIX
18/07/2025,16:12:56,44.8834,-63.515,117.0,1.0,SKT-4031,1.0,1.0,GPIX
18/07/2025,16:13:04,44.8834,-63.515,117.0,1.0,SKT-4031,1.0,1.0,GPIX
18/07/2025,16:13:11,44.8834,-63.51501,117.0,1.0,SKT-4031,1.0,1.0,GPIX
18/07/2025,16:13:19,44.8834,-63.515,117.0,1.0,SKT-4031,1.0,1.0,GPIX
18/07/2025,16:13:26,44.8834,-63.51501,117.0,1.0,SKT-4031,1.0,1.0,GPIX
18/07/2025,16:13:34,44.8834,-63.51501,118.0,1.0,SKT-4031,1.0,1.0,GPIX
18/07/2025,16:13:41,44.8834,-63.51502,119.0,1.0,SKT-4031,1.0,1.0,GPIX
18/07/2025,16:13:48,44.8834,-63.51502,119.0,1.0,SKT-4031,1.0,1.0,GPIX
18/07/2025,16:13:56,44.8834,-63.51502,119.0,1.0,SKT-4031,1.0,1.0,GPIX
18/07/2025,16:14:03,44.8834,-63.51501,118.0,1.0,SKT-4031,1.0,1.0,GPIX
18/07/2025,16:14:11,44.88339,-63.51501,118.0,1.0,SKT-4031,1.0,1.0,GPIX
18/07/2025,16:14:18,44.88339,-63.51501,119.0,1.0,SKT-4031,1.0,1.0,GPIX
18/07/2025,16:14:25,44.88338,-63.51501,119.0,1.0,SKT-4031,1.0,1.0,GPIX
18/07/2025,16:14:33,44.88338,-63.51501,120.0,1.0,SKT-4031,1.0,1.0,GPIX
18/07/2025,16:14:40,44.88339,-63.51501,121.0,1.0,SKT-4031,1.0,1.0,GPIX
18/07/2025,16:14:48,44.88339,-63.51501,120.0,1.0,SKT-4031,1.0,1.0,GPIX
18/07/2025,16:14:56,44.88339,-63.51501,119.0,1.0,SKT-4031,1.0,1.0,GPIX
18/07/2025,16:15:03,44.88339,-63.515,119.0,1.0,SKT-4031,1.0,1.0,GPIX
18/07/2025,16:15:11,44.88339,-63.51501,119.0,1.0,SKT-4031,1.0,1.0,GPIX
18/07/2025,16:15:19,44.88339,-63.51501,119.0,1.0,SKT-4031,1.0,1.0,GPIX
18/07/2025,16:15:26,44.88339,-63.51501,118.0,1.0,SKT-4031,1.0,1.0,GPIX
18/07/2025,16:15:33,44.88339,-63.51501,118.0,1.0,SKT-4031,1.0,1.0,GPIX
18/07/2025,16:15:41,44.88339,-63.515,118.0,1.0,SKT-4031,1.0,1.0,GPIX
18/07/2025,16:15:48,44.88339,-63.515,118.0,1.0,SKT-4031,1.0,1.0,GPIX
18/07/2025,16:15:55,44.88339,-63.515,118.0,1.0,SKT-4031,1.0,1.0,GPIX
18/07/2025,16:16:03,44.8834,-63.515,118.0,1.0,SKT-4031,1.0,1.0,GPIX
18/07/2025,16:16:10,44.8834,-63.515,118.0,1.0,SKT-4031,1.0,1.0,GPIX
18/07/2025,16:16:17,44.8834,-63.51499,118.0,1.0,SKT-4031,1.0,1.0,GPIX
18/07/2025,16:16:25,44.8834,-63.51499,118.0,1.0,SKT-4031,1.0,1.0,GPIX
18/07/2025,16:16:32,44.88341,-63.51499,118.0,1.0,SKT-4031,1.0,1.0,GPIX
18/07/2025,16:16:39,44.88341,-63.51499,117.0,1.0,SKT-4031,1.0,1.0,GPIX
18/07/2025,16:16:47,44.88341,-63.51499,116.0,1.0,SKT-4031,1.0,1.0,GPIX
18/07/2025,16:16:54,44.88341,-63.51499,116.0,1.0,SKT-4031,1.0,1.0,GPIX
18/07/2025,16:17:01,44.88341,-63.515,116.0,1.0,SKT-4031,1.0,1.0,GPIX
18/07/2025,16:17:09,44.8834,-63.515,116.0,1.0,SKT-4031,1.0,1.0,GPIX
18/07/2025,16:17:16,44.8834,-63.515,115.0,1.0,SKT-4031,1.0,1.0,GPIX
18/07/2025,16:17:25,44.8834,-63.515,116.0,1.0,SKT-4031,1.0,1.0,GPIX
18/07/2025,16:17:33,44.8834,-63.515,116.0,1.0,SKT-4031,1.0,1.0,GPIX
18/07/2025,16:17:40,44.8834,-63.515,116.0,1.0,SKT-4031,1.0,1.0,GPIX
18/07/2025,16:17:47,44.8834,-63.51501,115.0,1.0,SKT-4031,1.0,1.0,GPIX
18/07/2025,16:17:56,44.8834,-63.51501,115.0,1.0,SKT-4031,1.0,1.0,GPIX
18/07/2025,16:18:04,44.8834,-63.51501,115.0,1.0,SKT-4031,1.0,1.0,GPIX
18/07/2025,16:18:11,44.8834,-63.51501,114.0,1.0,SKT-4031,1.0,1.0,GPIX
17/07/2025,01:22:20,,,,,SKT-4031,1.0,1.0,GPIX
18/07/2025,16:18:29,44.8834,-63.51501,114.0,1.0,SKT-4031,1.0,1.0,GPIX
18/07/2025,16:18:37,44.88341,-63.51501,114.0,1.0,SKT-4031,1.0,1.0,GPIX
18/07/2025,16:18:45,44.88341,-63.51501,115.0,1.0,SKT-4031,1.0,1.0,GPIX
18/07/2025,16:18:52,44.88341,-63.51501,116.0,1.0,SKT-4031,1.0,1.0,GPIX
18/07/2025,16:19:00,44.88341,-63.51501,116.0,1.0,SKT-4031,1.0,1.0,GPIX
18/07/2025,16:19:09,44.88341,-63.51501,116.0,1.0,SKT-4031,1.0,1.0,GPIX
18/07/2025,16:19:16,44.88341,-63.51501,116.0,1.0,SKT-4031,1.0,1.0,GPIX
18/07/2025,16:19:23,44.88341,-63.515,115.0,1.0,SKT-4031,1.0,1.0,GPIX
18/07/2025,16:19:31,44.8834,-63.51501,116.0,1.0,SKT-4031,1.0,1.0,GPIX
18/07/2025,16:19:39,44.8834,-63.51501,116.0,1.0,SKT-4031,1.0,1.0,GPIX
18/07/2025,16:19:46,44.8834,-63.51501,117.0,1.0,SKT-4031,1.0,1.0,GPIX
18/07/2025,16:19:54,44.8834,-63.51501,117.0,1.0,SKT-4031,1.0,1.0,GPIX
18/07/2025,16:20:01,44.88341,-63.515,116.0,1.0,SKT-4031,1.0,1.0,GPIX
18/07/2025,16:20:08,44.88341,-63.515,115.0,1.0,SKT-4031,1.0,1.0,GPIX
18/07/2025,16:20:16,44.8834,-63.51499,114.0,1.0,SKT-4031,1.0,1.0,GPIX
18/07/2025,16:20:23,44.8834,-63.51499,113.0,1.0,SKT-4031,1.0,1.0,GPIX
18/07/2025,16:20:30,44.8834,-63.51499,113.0,1.0,SKT-4031,1.0,1.0,GPIX
18/07/2025,16:20:38,44.8834,-63.51499,113.0,1.0,SKT-4031,1.0,1.0,GPIX
18/07/2025,16:20:45,44.8834,-63.51499,114.0,1.0,SKT-4031,1.0,1.0,GPIX
18/07/2025,16:20:53,44.8834,-63.515,115.0,1.0,SKT-4031,1.0,1.0,GPIX
18/07/2025,16:21:00,44.8834,-63.515,115.0,1.0,SKT-4031,1.0,1.0,GPIX
18/07/2025,16:21:07,44.88339,-63.515,115.0,1.0,SKT-4031,1.0,1.0,GPIX
18/07/2025,16:21:15,44.88339,-63.515,115.0,1.0,SKT-4031,1.0,1.0,GPIX
18/07/2025,16:21:23,44.88339,-63.515,115.0,1.0,SKT-4031,1.0,1.0,GPIX
18/07/2025,16:21:30,44.88339,-63.515,114.0,1.0,SKT-4031,1.0,1.0,GPIX
18/07/2025,16:21:37,44.88339,-63.515,113.0,1.0,SKT-4031,1.0,1.0,GPIX
18/07/2025,16:21:45,44.88339,-63.515,112.0,1.0,SKT-4031,1.0,1.0,GPIX
18/07/2025,16:21:52,44.88338,-63.51499,113.0,1.0,SKT-4031,1.0,1.0,GPIX
18/07/2025,16:22:00,44.88338,-63.515,113.0,1.0,SKT-4031,1.0,1.0,GPIX
18/07/2025,16:22:07,44.88338,-63.515,115.0,1.0,SKT-4031,1.0,1.0,GPIX
18/07/2025,16:22:14,44.88338,-63.515,115.0,1.0,SKT-4031,1.0,1.0,GPIX
18/07/2025,16:22:22,44.88338,-63.515,115.0,1.0,SKT-4031,1.0,1.0,GPIX
18/07/2025,16:22:30,44.88339,-63.515,114.0,1.0,SKT-4031,1.0,1.0,GPIX
18/07/2025,16:22:37,44.88339,-63.51501,115.0,1.0,SKT-4031,1.0,1.0,GPIX
18/07/2025,16:22:45,44.8834,-63.515,115.0,1.0,SKT-4031,1.0,1.0,GPIX
18/07/2025,16:22:52,44.8834,-63.515,115.0,1.0,SKT-4031,1.0,1.0,GPIX
18/07/2025,16:23:00,44.8834,-63.515,114.0,1.0,SKT-4031,1.0,1.0,GPIX
18/07/2025,16:23:07,44.8834,-63.515,114.0,1.0,SKT-4031,1.0,1.0,GPIX
18/07/2025,16:23:15,44.8834,-63.515,113.0,1.0,SKT-4031,1.0,1.0,GPIX
18/07/2025,16:23:22,44.8834,-63.51499,112.0,1.0,SKT-4031,1.0,1.0,GPIX
18/07/2025,16:23:30,44.8834,-63.51499,112.0,1.0,SKT-4031,1.0,1.0,GPIX
18/07/2025,16:23:37,44.8834,-63.515,112.0,1.0,SKT-4031,1.0,1.0,GPIX
18/07/2025,16:23:44,44.8834,-63.51499,112.0,1.0,SKT-4031,1.0,1.0,GPIX
18/07/2025,16:23:52,44.8834,-63.515,112.0,1.0,SKT-4031,1.0,1.0,GPIX
18/07/2025,16:23:59,44.8834,-63.515,112.0,1.0,SKT-4031,1.0,1.0,GPIX
18/07/2025,16:24:07,44.8834,-63.515,112.0,1.0,SKT-4031,1.0,1.0,GPIX
18/07/2025,16:24:14,44.88341,-63.515,113.0,1.0,SKT-4031,1.0,1.0,GPIX
18/07/2025,16:24:21,44.88341,-63.515,114.0,1.0,SKT-4031,1.0,1.0,GPIX
18/07/2025,16:24:29,44.88341,-63.515,114.0,1.0,SKT-4031,1.0,1.0,GPIX
18/07/2025,16:24:37,44.88341,-63.51501,114.0,1.0,SKT-4031,1.0,1.0,GPIX
18/07/2025,16:24:45,44.88341,-63.51501,114.0,1.0,SKT-4031,1.0,1.0,GPIX
18/07/2025,16:24:52,44.88341,-63.515,114.0,1.0,SKT-4031,1.0,1.0,GPIX
18/07/2025,16:25:00,44.88341,-63.51501,113.0,1.0,SKT-4031,1.0,1.0,GPIX
18/07/2025,16:25:07,44.88341,-63.515,113.0,1.0,SKT-4031,1.0,1.0,GPIX
18/07/2025,16:25:15,44.88341,-63.515,112.0,1.0,SKT-4031,1.0,1.0,GPIX
18/07/2025,16:25:24,44.88341,-63.51501,112.0,1.0,SKT-4031,1.0,0.0,GPIX
18/07/2025,16:25:31,44.88341,-63.51501,113.0,1.0,SKT-4031,1.0,1.0,GPIX
18/07/2025,16:25:38,44.8834,-63.51501,113.0,1.0,SKT-4031,1.0,1.0,GPIX
18/07/2025,16:25:46,44.88341,-63.51502,113.0,1.0,SKT-4031,1.0,1.0,GPIX
18/07/2025,16:25:54,44.88341,-63.51501,113.0,1.0,SKT-4031,1.0,1.0,GPIX
18/07/2025,16:26:01,44.8834,-63.51501,114.0,1.0,SKT-4031,1.0,1.0,GPIX
18/07/2025,16:26:09,44.88341,-63.51501,113.0,1.0,SKT-4031,1.0,1.0,GPIX
18/07/2025,16:26:16,44.88341,-63.51501,113.0,1.0,SKT-4031,1.0,1.0,GPIX
18/07/2025,16:26:24,44.88341,-63.51501,112.0,1.0,SKT-4031,1.0,1.0,GPIX
18/07/2025,16:26:32,44.88341,-63.515,113.0,1.0,SKT-4031,1.0,1.0,GPIX
18/07/2025,16:26:39,44.88341,-63.515,113.0,1.0,SKT-4031,1.0,1.0,GPIX
18/07/2025,16:26:47,44.8834,-63.515,113.0,1.0,SKT-4031,1.0,1.0,GPIX
18/07/2025,16:26:54,44.8834,-63.51501,114.0,1.0,SKT-4031,1.0,1.0,GPIX
18/07/2025,16:27:01,44.8834,-63.51501,115.0,1.0,SKT-4031,1.0,1.0,GPIX
18/07/2025,16:27:09,44.8834,-63.51501,116.0,1.0,SKT-4031,1.0,1.0,GPIX
18/07/2025,16:27:16,44.8834,-63.51501,117.0,1.0,SKT-4031,1.0,1.0,GPIX
18/07/2025,16:27:24,44.8834,-63.515,117.0,1.0,SKT-4031,1.0,1.0,GPIX
18/07/2025,16:27:32,44.8834,-63.515,118.0,1.0,SKT-4031,1.0,1.0,GPIX
18/07/2025,16:27:39,44.88341,-63.51501,117.0,1.0,SKT-4031,1.0,1.0,GPIX
18/07/2025,16:27:46,44.88341,-63.515,116.0,1.0,SKT-4031,1.0,1.0,GPIX
18/07/2025,16:27:54,44.88337,-63.51495,115.0,1.0,SKT-4031,1.0,1.0,GPIX
18/07/2025,16:28:02,44.88333,-63.51487,115.0,1.0,SKT-4031,1.0,1.0,GPIX
18/07/2025,16:28:09,44.88329,-63.51477,115.0,1.0,SKT-4031,1.0,1.0,GPIX
18/07/2025,16:28:17,44.88322,-63.51464,115.0,1.0,SKT-4031,1.0,1.0,GPIX
18/07/2025,16:28:24,44.88318,-63.51453,116.0,1.0,SKT-4031,1.0,1.0,GPIX
18/07/2025,16:28:31,44.88313,-63.51442,116.0,1.0,SKT-4031,1.0,1.0,GPIX
18/07/2025,16:28:39,44.88308,-63.51429,116.0,1.0,SKT-4031,1.0,1.0,GPIX
18/07/2025,16:28:46,44.88304,-63.51417,116.0,1.0,SKT-4031,1.0,1.0,GPIX
18/07/2025,16:28:53,44.883,-63.51405,115.0,1.0,SKT-4031,1.0,1.0,GPIX
18/07/2025,16:29:01,44.88297,-63.51392,115.0,1.0,SKT-4031,1.0,1.0,GPIX
18/07/2025,16:29:09,44.88293,-63.51378,115.0,1.0,SKT-4031,1.0,1.0,GPIX
18/07/2025,16:29:16,44.88289,-63.51368,115.0,1.0,SKT-4031,1.0,1.0,GPIX
18/07/2025,16:29:23,44.88287,-63.51364,115.0,1.0,SKT-4031,1.0,1.0,GPIX
18/07/2025,16:29:31,44.88287,-63.51365,116.0,1.0,SKT-4031,1.0,1.0,GPIX
18/07/2025,16:29:38,44.88287,-63.51365,116.0,1.0,SKT-4031,1.0,1.0,GPIX
18/07/2025,16:29:46,44.88287,-63.51365,116.0,1.0,SKT-4031,1.0,1.0,GPIX
18/07/2025,16:29:54,44.88287,-63.51365,116.0,1.0,SKT-4031,1.0,1.0,GPIX
18/07/2025,16:30:01,44.88287,-63.51364,116.0,1.0,SKT-4031,1.0,1.0,GPIX
18/07/2025,16:30:09,44.88287,-63.51364,115.0,1.0,SKT-4031,1.0,1.0,GPIX
18/07/2025,16:30:17,44.88287,-63.51364,115.0,1.0,SKT-4031,1.0,1.0,GPIX
18/07/2025,16:30:24,44.88287,-63.51364,115.0,1.0,SKT-4031,1.0,1.0,GPIX
18/07/2025,16:30:32,44.88287,-63.51364,115.0,1.0,SKT-4031,1.0,1.0,GPIX
18/07/2025,16:30:40,44.88287,-63.51364,115.0,1.0,SKT-4031,1.0,1.0,GPIX
18/07/2025,16:30:47,44.88287,-63.51365,115.0,1.0,SKT-4031,1.0,1.0,GPIX
18/07/2025,16:30:54,44.88287,-63.51365,115.0,1.0,SKT-4031,1.0,1.0,GPIX
18/07/2025,16:31:02,44.88287,-63.51365,114.0,1.0,SKT-4031,1.0,1.0,GPIX
18/07/2025,16:31:10,44.88288,-63.51365,115.0,1.0,SKT-4031,1.0,1.0,GPIX
18/07/2025,16:31:17,44.88288,-63.51365,114.0,1.0,SKT-4031,1.0,1.0,GPIX
18/07/2025,16:31:25,44.88288,-63.51365,115.0,1.0,SKT-4031,1.0,1.0,GPIX
18/07/2025,16:31:33,44.88288,-63.51365,114.0,1.0,SKT-4031,1.0,1.0,GPIX
18/07/2025,16:31:41,44.88288,-63.51365,114.0,1.0,SKT-4031,1.0,1.0,GPIX
18/07/2025,16:31:48,44.88288,-63.51365,114.0,1.0,SKT-4031,1.0,1.0,GPIX
18/07/2025,16:31:55,44.88288,-63.51365,114.0,1.0,SKT-4031,1.0,1.0,GPIX
18/07/2025,16:32:03,44.88288,-63.51364,114.0,1.0,SKT-4031,1.0,1.0,GPIX
18/07/2025,16:32:10,44.88288,-63.51364,114.0,1.0,SKT-4031,1.0,1.0,GPIX
18/07/2025,16:32:17,44.88288,-63.51364,114.0,1.0,SKT-4031,1.0,1.0,GPIX
18/07/2025,16:32:25,44.88288,-63.51364,114.0,1.0,SKT-4031,1.0,1.0,GPIX
18/07/2025,16:32:32,44.88288,-63.51364,114.0,1.0,SKT-4031,1.0,1.0,GPIX
18/07/2025,16:32:40,44.88288,-63.51364,114.0,1.0,SKT-4031,1.0,1.0,GPIX
18/07/2025,16:32:47,44.88288,-63.51364,114.0,1.0,SKT-4031,1.0,1.0,GPIX
18/07/2025,16:32:55,44.88288,-63.51364,115.0,1.0,SKT-4031,1.0,1.0,GPIX
18/07/2025,16:33:03,44.88288,-63.51364,115.0,1.0,SKT-4031,1.0,1.0,GPIX
18/07/2025,16:33:10,44.88288,-63.51364,115.0,1.0,SKT-4031,1.0,1.0,GPIX
18/07/2025,16:33:18,44.88288,-63.51364,115.0,1.0,SKT-4031,1.0,1.0,GPIX
18/07/2025,16:33:25,44.88288,-63.51364,115.0,1.0,SKT-4031,1.0,1.0,GPIX
18/07/2025,16:33:32,44.88288,-63.51364,116.0,1.0,SKT-4031,1.0,1.0,GPIX
18/07/2025,16:33:40,44.88288,-63.51364,116.0,1.0,SKT-4031,1.0,1.0,GPIX
18/07/2025,16:33:47,44.88289,-63.51366,116.0,1.0,SKT-4031,1.0,1.0,GPIX
18/07/2025,16:33:54,44.88293,-63.51366,115.0,1.0,SKT-4031,1.0,1.0,GPIX
18/07/2025,16:34:02,44.88298,-63.5136,115.0,1.0,SKT-4031,1.0,1.0,GPIX
18/07/2025,16:34:10,44.88308,-63.51344,115.0,1.0,SKT-4031,1.0,1.0,GPIX
18/07/2025,16:34:18,44.88323,-63.51323,115.0,1.0,SKT-4031,1.0,1.0,GPIX
18/07/2025,16:34:25,44.8834,-63.51304,115.0,1.0,SKT-4031,1.0,1.0,GPIX
18/07/2025,16:34:33,44.88356,-63.51285,115.0,1.0,SKT-4031,1.0,1.0,GPIX
18/07/2025,16:34:41,44.88371,-63.51268,115.0,1.0,SKT-4031,1.0,0.0,GPIX
18/07/2025,16:34:48,44.88385,-63.51252,115.0,1.0,SKT-4031,1.0,1.0,GPIX
18/07/2025,16:34:55,44.884,-63.51236,116.0,1.0,SKT-4031,1.0,1.0,GPIX
18/07/2025,16:35:03,44.88406,-63.51226,115.0,1.0,SKT-4031,1.0,1.0,GPIX
18/07/2025,16:35:10,44.88406,-63.51223,115.0,1.0,SKT-4031,1.0,1.0,GPIX
18/07/2025,16:35:18,44.88408,-63.51211,115.0,1.0,SKT-4031,1.0,1.0,GPIX
18/07/2025,16:35:25,44.88405,-63.51195,116.0,1.0,SKT-4031,1.0,1.0,GPIX
18/07/2025,16:35:32,44.88397,-63.51176,116.0,1.0,SKT-4031,1.0,1.0,GPIX
18/07/2025,16:35:40,44.88387,-63.51155,118.0,1.0,SKT-4031,1.0,1.0,GPIX
18/07/2025,16:35:47,44.88381,-63.51143,118.0,1.0,SKT-4031,1.0,1.0,GPIX
18/07/2025,16:35:55,44.88379,-63.51137,118.0,1.0,SKT-4031,1.0,1.0,GPIX
18/07/2025,16:36:02,44.88379,-63.51137,118.0,1.0,SKT-4031,1.0,1.0,GPIX
18/07/2025,16:36:11,44.88378,-63.51137,118.0,1.0,SKT-4031,1.0,1.0,GPIX
18/07/2025,16:36:18,44.88379,-63.51137,118.0,1.0,SKT-4031,1.0,1.0,GPIX
18/07/2025,16:36:25,44.88379,-63.51138,118.0,1.0,SKT-4031,1.0,1.0,GPIX
18/07/2025,16:36:33,44.88379,-63.51138,118.0,1.0,SKT-4031,1.0,1.0,GPIX
18/07/2025,16:36:40,44.88379,-63.51137,118.0,1.0,SKT-4031,1.0,1.0,GPIX
18/07/2025,16:36:48,44.88378,-63.51137,117.0,1.0,SKT-4031,1.0,1.0,GPIX
18/07/2025,16:36:55,44.88379,-63.51138,117.0,1.0,SKT-4031,1.0,1.0,GPIX
18/07/2025,16:37:02,44.88379,-63.51138,117.0,1.0,SKT-4031,1.0,1.0,GPIX
18/07/2025,16:37:10,44.88379,-63.51138,117.0,1.0,SKT-4031,1.0,1.0,GPIX
18/07/2025,16:37:17,44.88379,-63.51138,117.0,1.0,SKT-4031,1.0,1.0,GPIX
18/07/2025,16:37:24,44.88378,-63.51138,117.0,1.0,SKT-4031,1.0,1.0,GPIX
18/07/2025,16:37:32,44.88379,-63.51138,116.0,1.0,SKT-4031,1.0,1.0,GPIX
18/07/2025,16:37:39,44.88379,-63.51138,117.0,1.0,SKT-4031,1.0,1.0,GPIX
18/07/2025,16:37:46,44.88379,-63.51138,117.0,1.0,SKT-4031,1.0,1.0,GPIX
18/07/2025,16:37:54,44.88378,-63.51138,117.0,1.0,SKT-4031,1.0,1.0,GPIX
18/07/2025,16:38:01,44.88374,-63.5113,117.0,1.0,SKT-4031,1.0,1.0,GPIX
18/07/2025,16:38:09,44.88357,-63.51095,118.0,1.0,SKT-4031,1.0,1.0,GPIX
18/07/2025,16:38:16,44.88338,-63.51057,118.0,1.0,SKT-4031,1.0,1.0,GPIX
18/07/2025,16:38:23,44.88323,-63.51029,119.0,1.0,SKT-4031,1.0,1.0,GPIX
18/07/2025,16:38:31,44.88312,-63.51014,119.0,1.0,SKT-4031,1.0,1.0,GPIX
18/07/2025,16:38:38,44.883,-63.51015,119.0,1.0,SKT-4031,1.0,1.0,GPIX
18/07/2025,16:38:46,44.8829,-63.51023,119.0,1.0,SKT-4031,1.0,1.0,GPIX
18/07/2025,16:38:53,44.88284,-63.51029,120.0,1.0,SKT-4031,1.0,1.0,GPIX
18/07/2025,16:39:01,44.88232,-63.5108,121.0,1.0,SKT-4031,1.0,1.0,GPIX
18/07/2025,16:39:08,44.88086,-63.51224,121.0,1.0,SKT-4031,1.0,1.0,GPIX
18/07/2025,16:39:16,44.87801,-63.51504,123.0,1.0,SKT-4031,1.0,1.0,GPIX
18/07/2025,16:39:24,44.87411,-63.51889,125.0,1.0,SKT-4031,1.0,1.0,GPIX
18/07/2025,16:39:32,44.86933,-63.52349,136.0,0.0,SKT-4031,1.0,1.0,GPIX
18/07/2025,16:39:39,44.86479,-63.52785,184.0,0.0,SKT-4031,1.0,1.0,GPIX
18/07/2025,16:39:48,44.85863,-63.53351,280.0,0.0,SKT-4031,1.0,1.0,GPIX
18/07/2025,16:39:55,44.8534,-63.53736,366.0,0.0,SKT-4031,1.0,1.0,GPIX
18/07/2025,16:40:02,44.84756,-63.53998,441.0,0.0,SKT-4031,1.0,1.0,GPIX
18/07/2025,16:40:10,44.84034,-63.54132,534.0,0.0,SKT-4031,1.0,1.0,GPIX
18/07/2025,16:40:18,44.83276,-63.54044,598.0,0.0,SKT-4031,1.0,0.0,GPIX
18/07/2025,16:40:25,44.82594,-63.53886,658.0,0.0,SKT-4031,1.0,1.0,GPIX
18/07/2025,16:40:33,44.81805,-63.53659,734.0,0.0,SKT-4031,1.0,1.0,GPIX
18/07/2025,16:40:40,44.81112,-63.53404,803.0,0.0,SKT-4031,1.0,1.0,GPIX
18/07/2025,16:40:48,44.80313,-63.53104,886.0,0.0,SKT-4031,1.0,1.0,GPIX
18/07/2025,16:40:55,44.79609,-63.52829,957.0,0.0,SKT-4031,1.0,1.0,GPIX
18/07/2025,16:41:02,44.78909,-63.52481,1026.0,0.0,SKT-4031,1.0,1.0,GPIX
17/07/2025,01:45:12,,,,,SKT-4031,1.0,0.0,GPIX
17/07/2025,01:45:22,,,,,SKT-4031,1.0,0.0,GPIX
17/07/2025,01:45:32,,,,,SKT-4031,1.0,0.0,GPIX
17/07/2025,01:45:41,,,,,SKT-4031,1.0,0.0,GPIX
17/07/2025,01:45:50,,,,,SKT-4031,1.0,0.0,GPIX
17/07/2025,01:45:59,,,,,SKT-4031,1.0,0.0,GPIX
17/07/2025,01:46:09,,,,,SKT-4031,1.0,0.0,GPIX
18/07/2025,16:42:17,44.77967,-63.40944,1799.0,0.0,SKT-4031,1.0,1.0,GPIX
18/07/2025,16:42:24,44.78403,-63.3991,1873.0,0.0,SKT-4031,1.0,1.0,GPIX
18/07/2025,16:42:32,44.789,-63.38722,1954.0,0.0,SKT-4031,1.0,1.0,GPIX
18/07/2025,16:42:39,44.79309,-63.37655,2028.0,0.0,SKT-4031,1.0,1.0,GPIX
18/07/2025,16:42:46,44.79728,-63.36593,2104.0,0.0,SKT-4031,1.0,1.0,GPIX
18/07/2025,16:42:54,44.80245,-63.35411,2188.0,0.0,SKT-4031,1.0,1.0,GPIX
18/07/2025,16:43:02,44.80795,-63.34257,2271.0,0.0,SKT-4031,1.0,0.0,GPIX
17/07/2025,01:47:11,,,,,SKT-4031,1.0,1.0,GPIX
18/07/2025,16:43:19,44.82019,-63.3184,2434.0,0.0,SKT-4031,1.0,1.0,GPIX
18/07/2025,16:43:27,44.8261,-63.30713,2512.0,0.0,SKT-4031,1.0,1.0,GPIX
18/07/2025,16:43:34,44.83127,-63.29723,2581.0,0.0,SKT-4031,1.0,1.0,GPIX
18/07/2025,16:43:42,44.83713,-63.28587,2662.0,0.0,SKT-4031,1.0,1.0,GPIX
18/07/2025,16:43:49,44.84225,-63.27591,2736.0,0.0,SKT-4031,1.0,1.0,GPIX
18/07/2025,16:43:58,44.84889,-63.26298,2804.0,0.0,SKT-4031,1.0,1.0,GPIX
18/07/2025,16:44:05,44.8541,-63.25269,2847.0,0.0,SKT-4031,1.0,1.0,GPIX
18/07/2025,16:44:13,44.86005,-63.24071,2904.0,0.0,SKT-4031,1.0,1.0,GPIX
18/07/2025,16:44:20,44.86526,-63.23011,2957.0,0.0,SKT-4031,1.0,1.0,GPIX
18/07/2025,16:44:27,44.87049,-63.21944,3011.0,0.0,SKT-4031,1.0,1.0,GPIX
18/07/2025,16:44:35,44.87648,-63.20718,3072.0,0.0,SKT-4031,1.0,0.0,GPIX
18/07/2025,16:44:44,44.88326,-63.19333,3140.0,0.0,SKT-4031,1.0,0.0,GPIX
18/07/2025,16:44:52,44.88931,-63.18098,3199.0,0.0,SKT-4031,1.0,0.0,GPIX
18/07/2025,16:45:00,44.89539,-63.16861,3262.0,0.0,SKT-4031,1.0,0.0,GPIX
18/07/2025,16:45:08,44.90146,-63.15623,3327.0,0.0,SKT-4031,1.0,0.0,GPIX
18/07/2025,16:45:16,44.90755,-63.14382,3388.0,0.0,SKT-4031,1.0,0.0,GPIX
18/07/2025,16:45:24,44.91368,-63.13135,3446.0,0.0,SKT-4031,1.0,0.0,GPIX
18/07/2025,16:45:32,44.91985,-63.11883,3500.0,0.0,SKT-4031,1.0,0.0,GPIX
18/07/2025,16:45:40,44.92606,-63.10623,3555.0,0.0,SKT-4031,1.0,0.0,GPIX
18/07/2025,16:45:49,44.93309,-63.09196,3618.0,0.0,SKT-4031,1.0,0.0,GPIX
18/07/2025,16:45:57,44.93936,-63.07921,3677.0,0.0,SKT-4031,1.0,0.0,GPIX
18/07/2025,16:46:05,44.94565,-63.06638,3736.0,0.0,SKT-4031,1.0,0.0,GPIX
18/07/2025,16:46:13,44.95197,-63.05348,3795.0,0.0,SKT-4031,1.0,0.0,GPIX
18/07/2025,16:46:21,44.95831,-63.04052,3853.0,0.0,SKT-4031,1.0,0.0,GPIX
18/07/2025,16:46:29,44.96465,-63.0275,3912.0,0.0,SKT-4031,1.0,0.0,GPIX
18/07/2025,16:46:38,44.97182,-63.01283,3979.0,0.0,SKT-4031,1.0,0.0,GPIX
18/07/2025,16:46:46,44.9782,-62.99979,4038.0,0.0,SKT-4031,1.0,0.0,GPIX
18/07/2025,16:46:54,44.98458,-62.98674,4099.0,0.0,SKT-4031,1.0,0.0,GPIX
18/07/2025,16:47:02,44.99093,-62.97369,4163.0,0.0,SKT-4031,1.0,0.0,GPIX
18/07/2025,16:47:10,44.99725,-62.9607,4226.0,0.0,SKT-4031,1.0,0.0,GPIX
18/07/2025,16:47:19,45.00435,-62.94613,4295.0,0.0,SKT-4031,1.0,0.0,GPIX
18/07/2025,16:47:27,45.01064,-62.9332,4353.0,0.0,SKT-4031,1.0,0.0,GPIX
18/07/2025,16:47:35,45.01691,-62.9203,4407.0,0.0,SKT-4031,1.0,0.0,GPIX
18/07/2025,16:47:43,45.02315,-62.90739,4458.0,0.0,SKT-4031,1.0,0.0,GPIX
18/07/2025,16:47:51,45.02939,-62.89448,4511.0,0.0,SKT-4031,1.0,0.0,GPIX
18/07/2025,16:47:59,45.03564,-62.88157,4568.0,0.0,SKT-4031,1.0,0.0,GPIX
18/07/2025,16:48:07,45.04188,-62.86866,4627.0,0.0,SKT-4031,1.0,0.0,GPIX
18/07/2025,16:48:15,45.04812,-62.85574,4685.0,0.0,SKT-4031,1.0,0.0,GPIX
18/07/2025,16:48:23,45.05436,-62.84282,4740.0,0.0,SKT-4031,1.0,0.0,GPIX
18/07/2025,16:48:32,45.06139,-62.82828,4797.0,0.0,SKT-4031,1.0,0.0,GPIX
18/07/2025,16:48:40,45.06765,-62.81535,4850.0,0.0,SKT-4031,1.0,0.0,GPIX
18/07/2025,16:48:48,45.07392,-62.80241,4901.0,0.0,SKT-4031,1.0,0.0,GPIX
18/07/2025,16:48:56,45.08018,-62.78946,4950.0,0.0,SKT-4031,1.0,0.0,GPIX
18/07/2025,16:49:04,45.08645,-62.77648,4998.0,0.0,SKT-4031,1.0,0.0,GPIX
18/07/2025,16:49:12,45.09273,-62.76349,5044.0,0.0,SKT-4031,1.0,0.0,GPIX
18/07/2025,16:49:21,45.09981,-62.74888,5095.0,0.0,SKT-4031,1.0,0.0,GPIX
18/07/2025,16:49:29,45.10611,-62.73586,5140.0,0.0,SKT-4031,1.0,0.0,GPIX
18/07/2025,16:49:37,45.1124,-62.7228,5181.0,0.0,SKT-4031,1.0,0.0,GPIX
18/07/2025,16:49:45,45.11873,-62.70968,5220.0,0.0,SKT-4031,1.0,0.0,GPIX
18/07/2025,16:49:53,45.12508,-62.69651,5260.0,0.0,SKT-4031,1.0,0.0,GPIX
18/07/2025,16:50:01,45.13145,-62.68328,5302.0,0.0,SKT-4031,1.0,0.0,GPIX
18/07/2025,16:50:10,45.13866,-62.66836,5351.0,0.0,SKT-4031,1.0,0.0,GPIX
18/07/2025,16:50:18,45.14508,-62.65505,5393.0,0.0,SKT-4031,1.0,0.0,GPIX
18/07/2025,16:50:26,45.1515,-62.64169,5432.0,0.0,SKT-4031,1.0,0.0,GPIX
18/07/2025,16:50:34,45.15794,-62.62828,5470.0,0.0,SKT-4031,1.0,0.0,GPIX
18/07/2025,16:50:43,45.1652,-62.61315,5515.0,0.0,SKT-4031,1.0,0.0,GPIX
18/07/2025,16:50:51,45.17165,-62.59966,5554.0,0.0,SKT-4031,1.0,0.0,GPIX
18/07/2025,16:50:59,45.17813,-62.58615,5591.0,0.0,SKT-4031,1.0,0.0,GPIX
18/07/2025,16:51:07,45.18464,-62.57262,5628.0,0.0,SKT-4031,1.0,0.0,GPIX
18/07/2025,16:51:15,45.19115,-62.55907,5664.0,0.0,SKT-4031,1.0,0.0,GPIX
18/07/2025,16:51:23,45.19767,-62.54548,5701.0,0.0,SKT-4031,1.0,0.0,GPIX
18/07/2025,16:51:32,45.20503,-62.53014,5744.0,0.0,SKT-4031,1.0,0.0,GPIX
18/07/2025,16:51:40,45.21159,-62.51647,5780.0,0.0,SKT-4031,1.0,0.0,GPIX
18/07/2025,16:51:48,45.21818,-62.50277,5814.0,0.0,SKT-4031,1.0,0.0,GPIX
18/07/2025,16:51:56,45.22478,-62.48901,5848.0,0.0,SKT-4031,1.0,0.0,GPIX
18/07/2025,16:52:04,45.2314,-62.47523,5885.0,0.0,SKT-4031,1.0,0.0,GPIX
18/07/2025,16:52:12,45.23803,-62.46141,5922.0,0.0,SKT-4031,1.0,0.0,GPIX
18/07/2025,16:52:21,45.24549,-62.44582,5963.0,0.0,SKT-4031,1.0,0.0,GPIX
18/07/2025,16:52:29,45.25215,-62.43193,5998.0,0.0,SKT-4031,1.0,0.0,GPIX
18/07/2025,16:52:37,45.25882,-62.41801,6034.0,0.0,SKT-4031,1.0,0.0,GPIX
18/07/2025,16:52:45,45.26551,-62.40406,6070.0,0.0,SKT-4031,1.0,0.0,GPIX
18/07/2025,16:52:53,45.27221,-62.39007,6106.0,0.0,SKT-4031,1.0,0.0,GPIX
18/07/2025,16:53:02,45.27976,-62.37429,6145.0,0.0,SKT-4031,1.0,0.0,GPIX
18/07/2025,16:53:10,45.28649,-62.36026,6181.0,0.0,SKT-4031,1.0,0.0,GPIX
18/07/2025,16:53:18,45.29323,-62.3462,6218.0,0.0,SKT-4031,1.0,0.0,GPIX
18/07/2025,16:53:26,45.29998,-62.33211,6253.0,0.0,SKT-4031,1.0,0.0,GPIX
18/07/2025,16:53:34,45.30677,-62.31801,6287.0,0.0,SKT-4031,1.0,0.0,GPIX
18/07/2025,16:53:42,45.31358,-62.30389,6323.0,0.0,SKT-4031,1.0,0.0,GPIX
18/07/2025,16:53:50,45.32038,-62.28973,6357.0,0.0,SKT-4031,1.0,0.0,GPIX
18/07/2025,16:53:58,45.32719,-62.27555,6390.0,0.0,SKT-4031,1.0,0.0,GPIX
18/07/2025,16:54:07,45.33488,-62.25955,6426.0,0.0,SKT-4031,1.0,0.0,GPIX
18/07/2025,16:54:15,45.34171,-62.24529,6460.0,0.0,SKT-4031,1.0,0.0,GPIX
18/07/2025,16:54:23,45.34853,-62.23098,6493.0,0.0,SKT-4031,1.0,0.0,GPIX
18/07/2025,16:54:31,45.35537,-62.21664,6525.0,0.0,SKT-4031,1.0,0.0,GPIX
18/07/2025,16:54:39,45.36222,-62.20227,6558.0,0.0,SKT-4031,1.0,0.0,GPIX
18/07/2025,16:54:48,45.36992,-62.18605,6594.0,0.0,SKT-4031,1.0,0.0,GPIX
18/07/2025,16:54:56,45.37678,-62.1716,6625.0,0.0,SKT-4031,1.0,0.0,GPIX
18/07/2025,16:55:04,45.38364,-62.15712,6656.0,0.0,SKT-4031,1.0,0.0,GPIX
18/07/2025,16:55:12,45.39053,-62.14263,6684.0,0.0,SKT-4031,1.0,0.0,GPIX
18/07/2025,16:55:20,45.39743,-62.12811,6714.0,0.0,SKT-4031,1.0,0.0,GPIX
18/07/2025,16:55:29,45.40519,-62.11175,6750.0,0.0,SKT-4031,1.0,0.0,GPIX
18/07/2025,16:55:37,45.4121,-62.09719,6783.0,0.0,SKT-4031,1.0,0.0,GPIX
18/07/2025,16:55:45,45.419,-62.08261,6817.0,0.0,SKT-4031,1.0,0.0,GPIX
18/07/2025,16:55:53,45.4259,-62.06801,6850.0,0.0,SKT-4031,1.0,0.0,GPIX
18/07/2025,16:56:01,45.4328,-62.05341,6884.0,0.0,SKT-4031,1.0,0.0,GPIX
18/07/2025,16:56:10,45.44057,-62.03697,6924.0,0.0,SKT-4031,1.0,0.0,GPIX
18/07/2025,16:56:18,45.44748,-62.02236,6957.0,0.0,SKT-4031,1.0,0.0,GPIX
18/07/2025,16:56:26,45.45439,-62.00774,6990.0,0.0,SKT-4031,1.0,0.0,GPIX
18/07/2025,16:56:34,45.4613,-61.99311,7021.0,0.0,SKT-4031,1.0,0.0,GPIX
18/07/2025,16:56:42,45.46824,-61.97851,7051.0,0.0,SKT-4031,1.0,0.0,GPIX
18/07/2025,16:56:51,45.47607,-61.96214,7086.0,0.0,SKT-4031,1.0,0.0,GPIX
18/07/2025,16:56:59,45.48305,-61.94761,7116.0,0.0,SKT-4031,1.0,0.0,GPIX
18/07/2025,16:57:07,45.49004,-61.9331,7148.0,0.0,SKT-4031,1.0,0.0,GPIX
18/07/2025,16:57:15,45.49706,-61.91861,7180.0,0.0,SKT-4031,1.0,0.0,GPIX
18/07/2025,16:57:23,45.50407,-61.90409,7213.0,0.0,SKT-4031,1.0,0.0,GPIX
18/07/2025,16:57:31,45.51108,-61.88957,7247.0,0.0,SKT-4031,1.0,0.0,GPIX
18/07/2025,16:57:40,45.51896,-61.87321,7282.0,0.0,SKT-4031,1.0,0.0,GPIX
18/07/2025,16:57:48,45.52598,-61.85867,7314.0,0.0,SKT-4031,1.0,0.0,GPIX
18/07/2025,16:57:56,45.53299,-61.8441,7345.0,0.0,SKT-4031,1.0,0.0,GPIX
18/07/2025,16:58:04,45.53999,-61.82951,7375.0,0.0,SKT-4031,1.0,0.0,GPIX
18/07/2025,16:58:12,45.54698,-61.8149,7405.0,0.0,SKT-4031,1.0,0.0,GPIX
18/07/2025,16:58:20,45.55396,-61.80028,7436.0,0.0,SKT-4031,1.0,0.0,GPIX
18/07/2025,16:58:28,45.56093,-61.78566,7467.0,0.0,SKT-4031,1.0,0.0,GPIX
18/07/2025,16:58:36,45.5679,-61.77102,7496.0,0.0,SKT-4031,1.0,0.0,GPIX
18/07/2025,16:58:45,45.57572,-61.75455,7529.0,0.0,SKT-4031,1.0,0.0,GPIX
18/07/2025,16:58:53,45.58266,-61.73992,7559.0,0.0,SKT-4031,1.0,0.0,GPIX
18/07/2025,16:59:01,45.58959,-61.72529,7589.0,0.0,SKT-4031,1.0,0.0,GPIX
18/07/2025,16:59:09,45.59652,-61.71066,7619.0,0.0,SKT-4031,1.0,0.0,GPIX
18/07/2025,16:59:17,45.60344,-61.69602,7649.0,0.0,SKT-4031,1.0,0.0,GPIX
18/07/2025,16:59:26,45.61121,-61.67956,7685.0,0.0,SKT-4031,1.0,0.0,GPIX
18/07/2025,16:59:34,45.61811,-61.66492,7714.0,0.0,SKT-4031,1.0,0.0,GPIX
18/07/2025,16:59:41,45.62415,-61.65212,7740.0,0.0,SKT-4031,1.0,0.0,GPIX
18/07/2025,16:59:48,45.63018,-61.6393,7765.0,0.0,SKT-4031,1.0,0.0,GPIX
18/07/2025,16:59:55,45.63623,-61.62649,7790.0,0.0,SKT-4031,1.0,0.0,GPIX
18/07/2025,17:00:02,45.64228,-61.61367,7814.0,0.0,SKT-4031,1.0,0.0,GPIX
18/07/2025,17:00:09,45.64832,-61.60083,7837.0,0.0,SKT-4031,1.0,0.0,GPIX
18/07/2025,17:00:16,45.65437,-61.588,7859.0,0.0,SKT-4031,1.0,0.0,GPIX
18/07/2025,17:00:23,45.66041,-61.57515,7882.0,0.0,SKT-4031,1.0,0.0,GPIX
18/07/2025,17:00:31,45.66732,-61.56046,7906.0,0.0,SKT-4031,1.0,0.0,GPIX
18/07/2025,17:00:38,45.67336,-61.54759,7926.0,0.0,SKT-4031,1.0,0.0,GPIX
18/07/2025,17:00:45,45.67941,-61.53473,7946.0,0.0,SKT-4031,1.0,0.0,GPIX
18/07/2025,17:00:52,45.68547,-61.52185,7967.0,0.0,SKT-4031,1.0,0.0,GPIX
18/07/2025,17:00:59,45.69154,-61.50897,7988.0,0.0,SKT-4031,1.0,0.0,GPIX
18/07/2025,17:01:06,45.6976,-61.49607,8001.0,0.0,SKT-4031,1.0,0.0,GPIX
18/07/2025,17:01:13,45.70368,-61.48308,8007.0,0.0,SKT-4031,1.0,0.0,GPIX
18/07/2025,17:01:20,45.70981,-61.47002,8010.0,0.0,SKT-4031,1.0,0.0,GPIX
18/07/2025,17:01:27,45.71598,-61.45687,8012.0,0.0,SKT-4031,1.0,0.0,GPIX
18/07/2025,17:01:34,45.72221,-61.44364,8012.0,0.0,SKT-4031,1.0,0.0,GPIX
18/07/2025,17:01:41,45.72848,-61.43034,8012.0,0.0,SKT-4031,1.0,0.0,GPIX
18/07/2025,17:01:48,45.73477,-61.41696,8013.0,0.0,SKT-4031,1.0,0.0,GPIX
18/07/2025,17:01:55,45.74108,-61.40351,8014.0,0.0,SKT-4031,1.0,0.0,GPIX
18/07/2025,17:02:03,45.74833,-61.38808,8016.0,0.0,SKT-4031,1.0,0.0,GPIX
18/07/2025,17:02:10,45.75469,-61.3745,8017.0,0.0,SKT-4031,1.0,0.0,GPIX
18/07/2025,17:02:17,45.76108,-61.36085,8018.0,0.0,SKT-4031,1.0,0.0,GPIX
18/07/2025,17:02:25,45.76843,-61.34516,8019.0,0.0,SKT-4031,1.0,0.0,GPIX
18/07/2025,17:02:32,45.77489,-61.33135,8019.0,0.0,SKT-4031,1.0,0.0,GPIX
18/07/2025,17:02:39,45.78139,-61.31748,8019.0,0.0,SKT-4031,1.0,0.0,GPIX
18/07/2025,17:02:46,45.78791,-61.30355,8019.0,0.0,SKT-4031,1.0,0.0,GPIX
18/07/2025,17:02:53,45.79446,-61.28958,8018.0,0.0,SKT-4031,1.0,0.0,GPIX
18/07/2025,17:03:00,45.80104,-61.27555,8017.0,0.0,SKT-4031,1.0,0.0,GPIX
18/07/2025,17:03:07,45.80763,-61.26149,8017.0,0.0,SKT-4031,1.0,0.0,GPIX
18/07/2025,17:03:14,45.81422,-61.24741,8018.0,0.0,SKT-4031,1.0,0.0,GPIX
18/07/2025,17:03:21,45.82083,-61.2333,8019.0,0.0,SKT-4031,1.0,0.0,GPIX
18/07/2025,17:03:28,45.82745,-61.21917,8020.0,0.0,SKT-4031,1.0,0.0,GPIX
18/07/2025,17:03:36,45.83501,-61.20298,8022.0,0.0,SKT-4031,1.0,0.0,GPIX
18/07/2025,17:03:43,45.84165,-61.18878,8024.0,0.0,SKT-4031,1.0,0.0,GPIX
18/07/2025,17:03:50,45.84831,-61.17452,8024.0,0.0,SKT-4031,1.0,0.0,GPIX
18/07/2025,17:03:57,45.855,-61.16022,8024.0,0.0,SKT-4031,1.0,0.0,GPIX
18/07/2025,17:04:04,45.86169,-61.14586,8023.0,0.0,SKT-4031,1.0,0.0,GPIX
18/07/2025,17:04:11,45.8684,-61.13144,8022.0,0.0,SKT-4031,1.0,0.0,GPIX
18/07/2025,17:04:18,45.8751,-61.11698,8022.0,0.0,SKT-4031,1.0,0.0,GPIX
18/07/2025,17:04:25,45.88182,-61.1025,8022.0,0.0,SKT-4031,1.0,0.0,GPIX
18/07/2025,17:04:32,45.88855,-61.08799,8022.0,0.0,SKT-4031,1.0,0.0,GPIX
18/07/2025,17:04:39,45.89529,-61.07345,8021.0,0.0,SKT-4031,1.0,0.0,GPIX
18/07/2025,17:04:47,45.90301,-61.05679,8021.0,0.0,SKT-4031,1.0,0.0,GPIX
18/07/2025,17:04:54,45.90977,-61.04215,8020.0,0.0,SKT-4031,1.0,0.0,GPIX
18/07/2025,17:05:01,45.91655,-61.02747,8020.0,0.0,SKT-4031,1.0,0.0,GPIX
18/07/2025,17:05:08,45.92336,-61.01277,8019.0,0.0,SKT-4031,1.0,0.0,GPIX
18/07/2025,17:05:15,45.93017,-60.99804,8018.0,0.0,SKT-4031,1.0,0.0,GPIX
18/07/2025,17:05:23,45.93794,-60.98117,8018.0,0.0,SKT-4031,1.0,0.0,GPIX
18/07/2025,17:05:30,45.94476,-60.96642,8019.0,0.0,SKT-4031,1.0,0.0,GPIX
18/07/2025,17:05:37,45.95163,-60.95171,8020.0,0.0,SKT-4031,1.0,0.0,GPIX
18/07/2025,17:05:44,45.95851,-60.93701,8022.0,0.0,SKT-4031,1.0,0.0,GPIX
18/07/2025,17:05:51,45.96537,-60.92228,8023.0,0.0,SKT-4031,1.0,0.0,GPIX
18/07/2025,17:05:58,45.97222,-60.90754,8024.0,0.0,SKT-4031,1.0,0.0,GPIX
18/07/2025,17:06:05,45.97906,-60.89276,8024.0,0.0,SKT-4031,1.0,0.0,GPIX
18/07/2025,17:06:12,45.98589,-60.87795,8024.0,0.0,SKT-4031,1.0,0.0,GPIX
18/07/2025,17:06:20,45.99371,-60.86101,8022.0,0.0,SKT-4031,1.0,0.0,GPIX
18/07/2025,17:06:27,46.00056,-60.84618,8022.0,0.0,SKT-4031,1.0,0.0,GPIX
18/07/2025,17:06:34,46.00742,-60.83134,8021.0,0.0,SKT-4031,1.0,0.0,GPIX
18/07/2025,17:06:41,46.01426,-60.81647,8022.0,0.0,SKT-4031,1.0,0.0,GPIX
18/07/2025,17:06:48,46.02111,-60.80158,8022.0,0.0,SKT-4031,1.0,0.0,GPIX
18/07/2025,17:06:55,46.02794,-60.78667,8022.0,0.0,SKT-4031,1.0,0.0,GPIX
18/07/2025,17:07:02,46.03478,-60.77176,8023.0,0.0,SKT-4031,1.0,0.0,GPIX
18/07/2025,17:07:09,46.0416,-60.75682,8023.0,0.0,SKT-4031,1.0,0.0,GPIX
18/07/2025,17:07:16,46.0484,-60.74187,8024.0,0.0,SKT-4031,1.0,0.0,GPIX
18/07/2025,17:07:23,46.05521,-60.72692,8023.0,0.0,SKT-4031,1.0,0.0,GPIX
18/07/2025,17:07:30,46.06202,-60.71199,8023.0,0.0,SKT-4031,1.0,0.0,GPIX
18/07/2025,17:07:38,46.0698,-60.6949,8025.0,0.0,SKT-4031,1.0,0.0,GPIX
18/07/2025,17:07:45,46.07659,-60.67992,8025.0,0.0,SKT-4031,1.0,0.0,GPIX
18/07/2025,17:07:52,46.08339,-60.66495,8024.0,0.0,SKT-4031,1.0,0.0,GPIX
18/07/2025,17:07:59,46.09021,-60.64997,8024.0,0.0,SKT-4031,1.0,0.0,GPIX
18/07/2025,17:08:06,46.09705,-60.635,8024.0,0.0,SKT-4031,1.0,0.0,GPIX
18/07/2025,17:08:13,46.10389,-60.62002,8025.0,0.0,SKT-4031,1.0,0.0,GPIX
18/07/2025,17:08:20,46.11073,-60.60503,8025.0,0.0,SKT-4031,1.0,0.0,GPIX
18/07/2025,17:08:27,46.11756,-60.59002,8026.0,0.0,SKT-4031,1.0,0.0,GPIX
18/07/2025,17:08:34,46.12438,-60.575,8026.0,0.0,SKT-4031,1.0,0.0,GPIX
18/07/2025,17:08:41,46.1312,-60.55999,8027.0,0.0,SKT-4031,1.0,0.0,GPIX
18/07/2025,17:08:49,46.13898,-60.54282,8026.0,0.0,SKT-4031,1.0,0.0,GPIX
18/07/2025,17:08:56,46.14578,-60.52777,8027.0,0.0,SKT-4031,1.0,0.0,GPIX
18/07/2025,17:09:03,46.15258,-60.51273,8027.0,0.0,SKT-4031,1.0,0.0,GPIX
18/07/2025,17:09:10,46.15939,-60.49768,8028.0,0.0,SKT-4031,1.0,0.0,GPIX
18/07/2025,17:09:17,46.16622,-60.48263,8028.0,0.0,SKT-4031,1.0,0.0,GPIX
18/07/2025,17:09:24,46.17305,-60.46756,8027.0,0.0,SKT-4031,1.0,0.0,GPIX
18/07/2025,17:09:31,46.17988,-60.4525,8028.0,0.0,SKT-4031,1.0,0.0,GPIX
18/07/2025,17:09:38,46.18672,-60.43744,8029.0,0.0,SKT-4031,1.0,0.0,GPIX
18/07/2025,17:09:45,46.19357,-60.42238,8030.0,0.0,SKT-4031,1.0,0.0,GPIX
18/07/2025,17:09:52,46.20042,-60.40732,8029.0,0.0,SKT-4031,1.0,0.0,GPIX
18/07/2025,17:09:59,46.20728,-60.39224,8028.0,0.0,SKT-4031,1.0,0.0,GPIX
18/07/2025,17:10:07,46.2151,-60.375,8027.0,0.0,SKT-4031,1.0,0.0,GPIX
18/07/2025,17:10:14,46.22194,-60.35991,8026.0,0.0,SKT-4031,1.0,0.0,GPIX
18/07/2025,17:10:21,46.22878,-60.34482,8025.0,0.0,SKT-4031,1.0,0.0,GPIX
18/07/2025,17:10:28,46.23561,-60.32973,8025.0,0.0,SKT-4031,1.0,0.0,GPIX
18/07/2025,17:10:36,46.2434,-60.31248,8025.0,0.0,SKT-4031,1.0,0.0,GPIX
18/07/2025,17:10:43,46.25019,-60.29737,8025.0,0.0,SKT-4031,1.0,0.0,GPIX
18/07/2025,17:10:50,46.25699,-60.28228,8027.0,0.0,SKT-4031,1.0,0.0,GPIX
18/07/2025,17:10:57,46.2638,-60.26717,8026.0,0.0,SKT-4031,1.0,0.0,GPIX
18/07/2025,17:11:04,46.2706,-60.25205,8027.0,0.0,SKT-4031,1.0,0.0,GPIX
18/07/2025,17:11:11,46.27741,-60.23694,8027.0,0.0,SKT-4031,1.0,0.0,GPIX
18/07/2025,17:11:18,46.28423,-60.22184,8027.0,0.0,SKT-4031,1.0,0.0,GPIX
18/07/2025,17:11:25,46.29105,-60.20672,8027.0,0.0,SKT-4031,1.0,0.0,GPIX
18/07/2025,17:11:32,46.29785,-60.19158,8026.0,0.0,SKT-4031,1.0,0.0,GPIX
18/07/2025,17:11:39,46.30464,-60.17643,8026.0,0.0,SKT-4031,1.0,0.0,GPIX
18/07/2025,17:11:47,46.31239,-60.15912,8026.0,0.0,SKT-4031,1.0,0.0,GPIX
18/07/2025,17:11:54,46.31916,-60.14397,8026.0,0.0,SKT-4031,1.0,0.0,GPIX
18/07/2025,17:12:01,46.32592,-60.12882,8026.0,0.0,SKT-4031,1.0,0.0,GPIX
18/07/2025,17:12:08,46.33267,-60.11366,8026.0,0.0,SKT-4031,1.0,0.0,GPIX
18/07/2025,17:12:15,46.33942,-60.0985,8025.0,0.0,SKT-4031,1.0,0.0,GPIX
18/07/2025,17:12:22,46.3462,-60.08337,8026.0,0.0,SKT-4031,1.0,0.0,GPIX
18/07/2025,17:12:29,46.35301,-60.06827,8025.0,0.0,SKT-4031,1.0,0.0,GPIX
18/07/2025,17:12:36,46.35983,-60.05316,8026.0,0.0,SKT-4031,1.0,0.0,GPIX
18/07/2025,17:12:43,46.36665,-60.03804,8025.0,0.0,SKT-4031,1.0,0.0,GPIX
18/07/2025,17:12:50,46.37347,-60.02289,8023.0,0.0,SKT-4031,1.0,0.0,GPIX
18/07/2025,17:12:57,46.38028,-60.00771,8022.0,0.0,SKT-4031,1.0,0.0,GPIX
18/07/2025,17:13:04,46.38707,-59.99252,8023.0,0.0,SKT-4031,1.0,0.0,GPIX
18/07/2025,17:13:11,46.39385,-59.97731,8022.0,0.0,SKT-4031,1.0,0.0,GPIX
18/07/2025,17:13:19,46.40157,-59.95991,8024.0,0.0,SKT-4031,1.0,0.0,GPIX
18/07/2025,17:13:26,46.40833,-59.94468,8024.0,0.0,SKT-4031,1.0,0.0,GPIX
18/07/2025,17:13:33,46.4151,-59.92945,8025.0,0.0,SKT-4031,1.0,0.0,GPIX
18/07/2025,17:13:40,46.42188,-59.91422,8026.0,0.0,SKT-4031,1.0,0.0,GPIX
18/07/2025,17:13:47,46.42865,-59.89896,8026.0,0.0,SKT-4031,1.0,0.0,GPIX
18/07/2025,17:13:54,46.43544,-59.8837,8025.0,0.0,SKT-4031,1.0,0.0,GPIX
18/07/2025,17:14:01,46.44221,-59.86843,8024.0,0.0,SKT-4031,1.0,0.0,GPIX
18/07/2025,17:14:08,46.44899,-59.85315,8024.0,0.0,SKT-4031,1.0,0.0,GPIX
18/07/2025,17:14:15,46.45575,-59.83787,8023.0,0.0,SKT-4031,1.0,0.0,GPIX
18/07/2025,17:14:22,46.46252,-59.82259,8024.0,0.0,SKT-4031,1.0,0.0,GPIX
18/07/2025,17:14:30,46.47025,-59.80513,8023.0,0.0,SKT-4031,1.0,0.0,GPIX
18/07/2025,17:14:37,46.47702,-59.78985,8022.0,0.0,SKT-4031,1.0,0.0,GPIX
18/07/2025,17:14:44,46.48379,-59.77457,8022.0,0.0,SKT-4031,1.0,0.0,GPIX
18/07/2025,17:14:51,46.49056,-59.7593,8023.0,0.0,SKT-4031,1.0,0.0,GPIX
18/07/2025,17:14:58,46.49734,-59.74404,8024.0,0.0,SKT-4031,1.0,0.0,GPIX
18/07/2025,17:15:05,46.50409,-59.72877,8024.0,0.0,SKT-4031,1.0,0.0,GPIX
18/07/2025,17:15:12,46.51085,-59.7135,8024.0,0.0,SKT-4031,1.0,0.0,GPIX
18/07/2025,17:15:20,46.51857,-59.69606,8024.0,0.0,SKT-4031,1.0,0.0,GPIX
18/07/2025,17:15:27,46.52531,-59.6808,8024.0,0.0,SKT-4031,1.0,0.0,GPIX
18/07/2025,17:15:35,46.53301,-59.66335,8024.0,0.0,SKT-4031,1.0,0.0,GPIX
18/07/2025,17:15:42,46.53974,-59.64808,8023.0,0.0,SKT-4031,1.0,0.0,GPIX
18/07/2025,17:15:49,46.54646,-59.63278,8023.0,0.0,SKT-4031,1.0,0.0,GPIX
18/07/2025,17:15:56,46.55319,-59.6175,8022.0,0.0,SKT-4031,1.0,0.0,GPIX
18/07/2025,17:16:03,46.55992,-59.60223,8022.0,0.0,SKT-4031,1.0,0.0,GPIX
18/07/2025,17:16:10,46.56666,-59.58696,8022.0,0.0,SKT-4031,1.0,0.0,GPIX
18/07/2025,17:16:17,46.57338,-59.57169,8024.0,0.0,SKT-4031,1.0,0.0,GPIX
18/07/2025,17:16:25,46.58107,-59.55424,8024.0,0.0,SKT-4031,1.0,0.0,GPIX
18/07/2025,17:16:32,46.5878,-59.53897,8023.0,0.0,SKT-4031,1.0,0.0,GPIX
18/07/2025,17:16:39,46.59452,-59.52369,8022.0,0.0,SKT-4031,1.0,0.0,GPIX
18/07/2025,17:16:46,46.60123,-59.50838,8022.0,0.0,SKT-4031,1.0,0.0,GPIX
18/07/2025,17:16:53,46.60794,-59.49307,8022.0,0.0,SKT-4031,1.0,0.0,GPIX
18/07/2025,17:17:00,46.61466,-59.47776,8023.0,0.0,SKT-4031,1.0,0.0,GPIX
18/07/2025,17:17:07,46.62137,-59.46244,8022.0,0.0,SKT-4031,1.0,0.0,GPIX
18/07/2025,17:17:14,46.62807,-59.44711,8022.0,0.0,SKT-4031,1.0,0.0,GPIX
18/07/2025,17:17:21,46.63477,-59.43178,8022.0,0.0,SKT-4031,1.0,0.0,GPIX
18/07/2025,17:17:28,46.64149,-59.41647,8023.0,0.0,SKT-4031,1.0,0.0,GPIX
18/07/2025,17:17:35,46.64819,-59.40115,8023.0,0.0,SKT-4031,1.0,0.0,GPIX
18/07/2025,17:17:42,46.65488,-59.38583,8023.0,0.0,SKT-4031,1.0,0.0,GPIX
18/07/2025,17:17:50,46.66251,-59.3683,8024.0,0.0,SKT-4031,1.0,0.0,GPIX
18/07/2025,17:17:57,46.66917,-59.35293,8024.0,0.0,SKT-4031,1.0,0.0,GPIX
18/07/2025,17:18:04,46.67585,-59.33755,8025.0,0.0,SKT-4031,1.0,0.0,GPIX
18/07/2025,17:18:12,46.68349,-59.31998,8025.0,0.0,SKT-4031,1.0,0.0,GPIX
18/07/2025,17:18:19,46.69017,-59.30459,8025.0,0.0,SKT-4031,1.0,0.0,GPIX
18/07/2025,17:18:26,46.69685,-59.28919,8025.0,0.0,SKT-4031,1.0,0.0,GPIX
18/07/2025,17:18:33,46.70354,-59.27381,8025.0,0.0,SKT-4031,1.0,0.0,GPIX
18/07/2025,17:18:40,46.71023,-59.25843,8026.0,0.0,SKT-4031,1.0,0.0,GPIX
18/07/2025,17:18:47,46.71691,-59.24305,8026.0,0.0,SKT-4031,1.0,0.0,GPIX
18/07/2025,17:18:55,46.72453,-59.22546,8026.0,0.0,SKT-4031,1.0,0.0,GPIX
18/07/2025,17:19:02,46.7312,-59.21009,8026.0,0.0,SKT-4031,1.0,0.0,GPIX
18/07/2025,17:19:10,46.73882,-59.19253,8026.0,0.0,SKT-4031,1.0,0.0,GPIX
18/07/2025,17:19:17,46.74549,-59.17716,8025.0,0.0,SKT-4031,1.0,0.0,GPIX
18/07/2025,17:19:24,46.75216,-59.16179,8025.0,0.0,SKT-4031,1.0,0.0,GPIX
18/07/2025,17:19:31,46.75882,-59.1464,8025.0,0.0,SKT-4031,1.0,0.0,GPIX
18/07/2025,17:19:38,46.76548,-59.131,8024.0,0.0,SKT-4031,1.0,0.0,GPIX
18/07/2025,17:19:45,46.77214,-59.1156,8025.0,0.0,SKT-4031,1.0,0.0,GPIX
18/07/2025,17:19:52,46.77881,-59.1002,8026.0,0.0,SKT-4031,1.0,0.0,GPIX
18/07/2025,17:19:59,46.78548,-59.08478,8027.0,0.0,SKT-4031,1.0,0.0,GPIX
18/07/2025,17:20:06,46.79215,-59.06936,8028.0,0.0,SKT-4031,1.0,0.0,GPIX
18/07/2025,17:20:13,46.79883,-59.05392,8027.0,0.0,SKT-4031,1.0,0.0,GPIX
18/07/2025,17:20:21,46.80645,-59.03625,8026.0,0.0,SKT-4031,1.0,0.0,GPIX
18/07/2025,17:20:28,46.81311,-59.02078,8025.0,0.0,SKT-4031,1.0,0.0,GPIX
18/07/2025,17:20:35,46.81976,-59.00531,8023.0,0.0,SKT-4031,1.0,0.0,GPIX
18/07/2025,17:20:42,46.8264,-58.98986,8024.0,0.0,SKT-4031,1.0,0.0,GPIX
18/07/2025,17:20:49,46.83303,-58.97442,8024.0,0.0,SKT-4031,1.0,0.0,GPIX
18/07/2025,17:20:56,46.83967,-58.95902,8023.0,0.0,SKT-4031,1.0,0.0,GPIX
18/07/2025,17:21:03,46.8463,-58.94363,8024.0,0.0,SKT-4031,1.0,0.0,GPIX
18/07/2025,17:21:10,46.85291,-58.92823,8024.0,0.0,SKT-4031,1.0,0.0,GPIX
18/07/2025,17:21:18,46.86048,-58.91064,8023.0,0.0,SKT-4031,1.0,0.0,GPIX
18/07/2025,17:21:25,46.8671,-58.89526,8024.0,0.0,SKT-4031,1.0,0.0,GPIX
18/07/2025,17:21:32,46.8737,-58.87987,8022.0,0.0,SKT-4031,1.0,0.0,GPIX
18/07/2025,17:21:39,46.88029,-58.86446,8020.0,0.0,SKT-4031,1.0,0.0,GPIX
18/07/2025,17:21:46,46.88688,-58.84904,8021.0,0.0,SKT-4031,1.0,0.0,GPIX
18/07/2025,17:21:53,46.89346,-58.83364,8022.0,0.0,SKT-4031,1.0,0.0,GPIX
18/07/2025,17:22:00,46.90004,-58.81825,8024.0,0.0,SKT-4031,1.0,0.0,GPIX
18/07/2025,17:22:07,46.90661,-58.80286,8023.0,0.0,SKT-4031,1.0,0.0,GPIX
18/07/2025,17:22:15,46.91411,-58.78526,8022.0,0.0,SKT-4031,1.0,0.0,GPIX
18/07/2025,17:22:22,46.92066,-58.76986,8022.0,0.0,SKT-4031,1.0,0.0,GPIX
18/07/2025,17:22:29,46.92721,-58.75449,8022.0,0.0,SKT-4031,1.0,0.0,GPIX
18/07/2025,17:22:36,46.93375,-58.73911,8021.0,0.0,SKT-4031,1.0,0.0,GPIX
18/07/2025,17:22:43,46.94028,-58.72374,8022.0,0.0,SKT-4031,1.0,0.0,GPIX
18/07/2025,17:22:50,46.94682,-58.70838,8022.0,0.0,SKT-4031,1.0,0.0,GPIX
18/07/2025,17:22:57,46.95335,-58.693,8021.0,0.0,SKT-4031,1.0,0.0,GPIX
18/07/2025,17:23:04,46.95987,-58.67764,8023.0,0.0,SKT-4031,1.0,0.0,GPIX
18/07/2025,17:23:11,46.96638,-58.6623,8025.0,0.0,SKT-4031,1.0,0.0,GPIX
18/07/2025,17:23:18,46.9729,-58.64697,8024.0,0.0,SKT-4031,1.0,0.0,GPIX
18/07/2025,17:23:26,46.98035,-58.62944,8024.0,0.0,SKT-4031,1.0,0.0,GPIX
18/07/2025,17:23:33,46.98686,-58.6141,8024.0,0.0,SKT-4031,1.0,0.0,GPIX
18/07/2025,17:23:40,46.99317,-58.59859,8021.0,0.0,SKT-4031,1.0,0.0,GPIX
18/07/2025,17:23:47,46.99839,-58.58229,8024.0,0.0,SKT-4031,1.0,0.0,GPIX
18/07/2025,17:23:54,47.00238,-58.56535,8028.0,0.0,SKT-4031,1.0,0.0,GPIX
18/07/2025,17:24:01,47.00552,-58.54808,8029.0,0.0,SKT-4031,1.0,0.0,GPIX
18/07/2025,17:24:08,47.0081,-58.53065,8028.0,0.0,SKT-4031,1.0,0.0,GPIX
18/07/2025,17:24:15,47.01033,-58.51313,8028.0,0.0,SKT-4031,1.0,0.0,GPIX
18/07/2025,17:24:22,47.01236,-58.49557,8027.0,0.0,SKT-4031,1.0,0.0,GPIX
18/07/2025,17:24:29,47.01424,-58.478,8028.0,0.0,SKT-4031,1.0,0.0,GPIX
18/07/2025,17:24:36,47.01603,-58.4604,8027.0,0.0,SKT-4031,1.0,0.0,GPIX
18/07/2025,17:24:44,47.01803,-58.44028,8027.0,0.0,SKT-4031,1.0,0.0,GPIX
18/07/2025,17:24:51,47.01975,-58.42268,8026.0,0.0,SKT-4031,1.0,0.0,GPIX
18/07/2025,17:24:58,47.02148,-58.40507,8026.0,0.0,SKT-4031,1.0,0.0,GPIX
18/07/2025,17:25:05,47.02322,-58.38745,8025.0,0.0,SKT-4031,1.0,0.0,GPIX
18/07/2025,17:25:12,47.02499,-58.36985,8026.0,0.0,SKT-4031,1.0,0.0,GPIX
18/07/2025,17:25:20,47.02709,-58.34977,8028.0,0.0,SKT-4031,1.0,0.0,GPIX
18/07/2025,17:25:27,47.02898,-58.33223,8030.0,0.0,SKT-4031,1.0,0.0,GPIX
18/07/2025,17:25:34,47.03091,-58.31469,8029.0,0.0,SKT-4031,1.0,0.0,GPIX
18/07/2025,17:25:41,47.03286,-58.29716,8027.0,0.0,SKT-4031,1.0,0.0,GPIX
18/07/2025,17:25:48,47.03485,-58.27964,8028.0,0.0,SKT-4031,1.0,0.0,GPIX
18/07/2025,17:25:56,47.03715,-58.25964,8028.0,0.0,SKT-4031,1.0,0.0,GPIX
18/07/2025,17:26:03,47.0392,-58.24215,8029.0,0.0,SKT-4031,1.0,0.0,GPIX
18/07/2025,17:26:10,47.04127,-58.22469,8030.0,0.0,SKT-4031,1.0,0.0,GPIX
18/07/2025,17:26:17,47.04333,-58.20722,8029.0,0.0,SKT-4031,1.0,0.0,GPIX
18/07/2025,17:26:24,47.04541,-58.18976,8029.0,0.0,SKT-4031,1.0,0.0,GPIX
18/07/2025,17:26:31,47.0475,-58.17231,8030.0,0.0,SKT-4031,1.0,0.0,GPIX
18/07/2025,17:26:38,47.04958,-58.15485,8031.0,0.0,SKT-4031,1.0,0.0,GPIX
18/07/2025,17:26:45,47.05167,-58.13741,8031.0,0.0,SKT-4031,1.0,0.0,GPIX
18/07/2025,17:26:52,47.05377,-58.11997,8030.0,0.0,SKT-4031,1.0,0.0,GPIX
18/07/2025,17:26:59,47.05587,-58.10252,8030.0,0.0,SKT-4031,1.0,0.0,GPIX
18/07/2025,17:27:06,47.05795,-58.08507,8030.0,0.0,SKT-4031,1.0,0.0,GPIX
18/07/2025,17:27:14,47.06028,-58.06512,8030.0,0.0,SKT-4031,1.0,0.0,GPIX
18/07/2025,17:27:21,47.06231,-58.04766,8030.0,0.0,SKT-4031,1.0,0.0,GPIX
18/07/2025,17:27:28,47.06432,-58.0302,8030.0,0.0,SKT-4031,1.0,0.0,GPIX
18/07/2025,17:27:35,47.06631,-58.01273,8030.0,0.0,SKT-4031,1.0,0.0,GPIX
18/07/2025,17:27:42,47.06829,-57.99525,8030.0,0.0,SKT-4031,1.0,0.0,GPIX
18/07/2025,17:27:49,47.07027,-57.97778,8030.0,0.0,SKT-4031,1.0,0.0,GPIX
18/07/2025,17:27:56,47.07223,-57.96032,8032.0,0.0,SKT-4031,1.0,0.0,GPIX
18/07/2025,17:28:03,47.07419,-57.94286,8032.0,0.0,SKT-4031,1.0,0.0,GPIX
18/07/2025,17:28:10,47.07614,-57.92538,8033.0,0.0,SKT-4031,1.0,0.0,GPIX
18/07/2025,17:28:17,47.07809,-57.9079,8032.0,0.0,SKT-4031,1.0,0.0,GPIX
18/07/2025,17:28:24,47.08004,-57.89041,8031.0,0.0,SKT-4031,1.0,0.0,GPIX
18/07/2025,17:28:31,47.08199,-57.87293,8032.0,0.0,SKT-4031,1.0,0.0,GPIX
18/07/2025,17:28:38,47.08393,-57.85545,8031.0,0.0,SKT-4031,1.0,0.0,GPIX
18/07/2025,17:28:45,47.08587,-57.83796,8031.0,0.0,SKT-4031,1.0,0.0,GPIX
18/07/2025,17:28:53,47.08809,-57.818,8033.0,0.0,SKT-4031,1.0,0.0,GPIX
18/07/2025,17:29:00,47.09003,-57.80053,8033.0,0.0,SKT-4031,1.0,0.0,GPIX
18/07/2025,17:29:07,47.09197,-57.78307,8034.0,0.0,SKT-4031,1.0,0.0,GPIX
18/07/2025,17:29:14,47.09389,-57.76563,8036.0,0.0,SKT-4031,1.0,0.0,GPIX
18/07/2025,17:29:21,47.0958,-57.74818,8035.0,0.0,SKT-4031,1.0,0.0,GPIX
18/07/2025,17:29:28,47.09772,-57.73074,8034.0,0.0,SKT-4031,1.0,0.0,GPIX
18/07/2025,17:29:35,47.09963,-57.71332,8036.0,0.0,SKT-4031,1.0,0.0,GPIX
18/07/2025,17:29:42,47.10152,-57.69591,8037.0,0.0,SKT-4031,1.0,0.0,GPIX
18/07/2025,17:29:49,47.10342,-57.67851,8038.0,0.0,SKT-4031,1.0,0.0,GPIX
18/07/2025,17:29:56,47.10532,-57.66113,8036.0,0.0,SKT-4031,1.0,0.0,GPIX
18/07/2025,17:30:03,47.10722,-57.64373,8036.0,0.0,SKT-4031,1.0,0.0,GPIX
18/07/2025,17:30:11,47.1094,-57.62387,8037.0,0.0,SKT-4031,1.0,0.0,GPIX
18/07/2025,17:30:18,47.11131,-57.60649,8037.0,0.0,SKT-4031,1.0,0.0,GPIX
18/07/2025,17:30:25,47.11323,-57.58911,8037.0,0.0,SKT-4031,1.0,0.0,GPIX
18/07/2025,17:30:33,47.11541,-57.56926,8038.0,0.0,SKT-4031,1.0,0.0,GPIX
18/07/2025,17:30:40,47.11732,-57.55188,8037.0,0.0,SKT-4031,1.0,0.0,GPIX
18/07/2025,17:30:47,47.11923,-57.53452,8037.0,0.0,SKT-4031,1.0,0.0,GPIX
18/07/2025,17:30:54,47.12113,-57.51715,8039.0,0.0,SKT-4031,1.0,0.0,GPIX
18/07/2025,17:31:01,47.12302,-57.49977,8038.0,0.0,SKT-4031,1.0,0.0,GPIX
18/07/2025,17:31:08,47.12491,-57.48241,8038.0,0.0,SKT-4031,1.0,0.0,GPIX
18/07/2025,17:31:15,47.12679,-57.46504,8037.0,0.0,SKT-4031,1.0,0.0,GPIX
18/07/2025,17:31:22,47.12865,-57.44767,8037.0,0.0,SKT-4031,1.0,0.0,GPIX
18/07/2025,17:31:29,47.13055,-57.43032,8038.0,0.0,SKT-4031,1.0,0.0,GPIX
18/07/2025,17:31:36,47.13244,-57.41296,8039.0,0.0,SKT-4031,1.0,0.0,GPIX
18/07/2025,17:31:44,47.13459,-57.39312,8039.0,0.0,SKT-4031,1.0,0.0,GPIX
18/07/2025,17:31:51,47.13644,-57.37576,8040.0,0.0,SKT-4031,1.0,0.0,GPIX
18/07/2025,17:31:58,47.13829,-57.35841,8041.0,0.0,SKT-4031,1.0,0.0,GPIX
18/07/2025,17:32:05,47.14012,-57.34106,8041.0,0.0,SKT-4031,1.0,0.0,GPIX
18/07/2025,17:32:12,47.14195,-57.3237,8040.0,0.0,SKT-4031,1.0,0.0,GPIX
18/07/2025,17:32:19,47.14377,-57.30634,8040.0,0.0,SKT-4031,1.0,0.0,GPIX
18/07/2025,17:32:26,47.14561,-57.28897,8040.0,0.0,SKT-4031,1.0,0.0,GPIX
18/07/2025,17:32:33,47.14746,-57.27162,8041.0,0.0,SKT-4031,1.0,0.0,GPIX
18/07/2025,17:32:40,47.14929,-57.25427,8041.0,0.0,SKT-4031,1.0,0.0,GPIX
18/07/2025,17:32:48,47.15139,-57.23443,8041.0,0.0,SKT-4031,1.0,0.0,GPIX
18/07/2025,17:32:55,47.15323,-57.21708,8041.0,0.0,SKT-4031,1.0,0.0,GPIX
18/07/2025,17:33:02,47.15507,-57.19972,8041.0,0.0,SKT-4031,1.0,0.0,GPIX
18/07/2025,17:33:09,47.15691,-57.18238,8042.0,0.0,SKT-4031,1.0,0.0,GPIX
18/07/2025,17:33:16,47.15874,-57.16502,8041.0,0.0,SKT-4031,1.0,0.0,GPIX
18/07/2025,17:33:23,47.16057,-57.14767,8041.0,0.0,SKT-4031,1.0,0.0,GPIX
18/07/2025,17:33:30,47.16241,-57.13032,8042.0,0.0,SKT-4031,1.0,0.0,GPIX
18/07/2025,17:33:37,47.16424,-57.11296,8041.0,0.0,SKT-4031,1.0,0.0,GPIX
18/07/2025,17:33:44,47.16607,-57.0956,8042.0,0.0,SKT-4031,1.0,0.0,GPIX
18/07/2025,17:33:51,47.16789,-57.07823,8041.0,0.0,SKT-4031,1.0,0.0,GPIX
18/07/2025,17:33:58,47.16972,-57.06086,8042.0,0.0,SKT-4031,1.0,0.0,GPIX
18/07/2025,17:34:05,47.17155,-57.04349,8042.0,0.0,SKT-4031,1.0,0.0,GPIX
18/07/2025,17:34:13,47.17363,-57.02362,8041.0,0.0,SKT-4031,1.0,0.0,GPIX
18/07/2025,17:34:20,47.17545,-57.00624,8042.0,0.0,SKT-4031,1.0,0.0,GPIX
18/07/2025,17:34:27,47.17725,-56.98885,8042.0,0.0,SKT-4031,1.0,0.0,GPIX
18/07/2025,17:34:34,47.17906,-56.97146,8041.0,0.0,SKT-4031,1.0,0.0,GPIX
18/07/2025,17:34:41,47.18086,-56.95407,8041.0,0.0,SKT-4031,1.0,0.0,GPIX
18/07/2025,17:34:48,47.18266,-56.9367,8041.0,0.0,SKT-4031,1.0,0.0,GPIX
18/07/2025,17:34:55,47.18446,-56.91932,8042.0,0.0,SKT-4031,1.0,0.0,GPIX
18/07/2025,17:35:02,47.18625,-56.90194,8042.0,0.0,SKT-4031,1.0,0.0,GPIX
18/07/2025,17:35:09,47.18804,-56.88455,8042.0,0.0,SKT-4031,1.0,0.0,GPIX
18/07/2025,17:35:17,47.19009,-56.86469,8042.0,0.0,SKT-4031,1.0,0.0,GPIX
18/07/2025,17:35:24,47.19189,-56.84731,8042.0,0.0,SKT-4031,1.0,0.0,GPIX
18/07/2025,17:35:31,47.19368,-56.82994,8043.0,0.0,SKT-4031,1.0,0.0,GPIX
18/07/2025,17:35:38,47.19547,-56.81257,8043.0,0.0,SKT-4031,1.0,0.0,GPIX
18/07/2025,17:35:45,47.19724,-56.7952,8043.0,0.0,SKT-4031,1.0,0.0,GPIX
18/07/2025,17:35:52,47.19902,-56.77783,8043.0,0.0,SKT-4031,1.0,0.0,GPIX
18/07/2025,17:35:59,47.20079,-56.76047,8043.0,0.0,SKT-4031,1.0,0.0,GPIX
18/07/2025,17:36:06,47.20256,-56.74311,8043.0,0.0,SKT-4031,1.0,0.0,GPIX
18/07/2025,17:36:13,47.20431,-56.72577,8043.0,0.0,SKT-4031,1.0,0.0,GPIX
18/07/2025,17:36:20,47.20606,-56.70843,8043.0,0.0,SKT-4031,1.0,0.0,GPIX
18/07/2025,17:36:27,47.20781,-56.6911,8043.0,0.0,SKT-4031,1.0,0.0,GPIX
18/07/2025,17:36:34,47.20956,-56.67378,8043.0,0.0,SKT-4031,1.0,0.0,GPIX
18/07/2025,17:36:41,47.2113,-56.65645,8043.0,0.0,SKT-4031,1.0,0.0,GPIX
18/07/2025,17:36:48,47.21303,-56.63911,8043.0,0.0,SKT-4031,1.0,0.0,GPIX
18/07/2025,17:36:55,47.21477,-56.62178,8043.0,0.0,SKT-4031,1.0,0.0,GPIX
18/07/2025,17:37:03,47.21675,-56.60196,8044.0,0.0,SKT-4031,1.0,0.0,GPIX
18/07/2025,17:37:10,47.21849,-56.58463,8044.0,0.0,SKT-4031,1.0,0.0,GPIX
18/07/2025,17:37:17,47.22023,-56.5673,8044.0,0.0,SKT-4031,1.0,0.0,GPIX
18/07/2025,17:37:24,47.22196,-56.54995,8043.0,0.0,SKT-4031,1.0,0.0,GPIX
18/07/2025,17:37:31,47.2237,-56.53261,8044.0,0.0,SKT-4031,1.0,0.0,GPIX
18/07/2025,17:37:38,47.2254,-56.51526,8044.0,0.0,SKT-4031,1.0,0.0,GPIX
18/07/2025,17:37:45,47.22715,-56.4979,8043.0,0.0,SKT-4031,1.0,0.0,GPIX
18/07/2025,17:37:52,47.22893,-56.48053,8045.0,0.0,SKT-4031,1.0,0.0,GPIX
18/07/2025,17:37:59,47.23073,-56.46315,8044.0,0.0,SKT-4031,1.0,0.0,GPIX
18/07/2025,17:38:06,47.23241,-56.44573,8045.0,0.0,SKT-4031,1.0,0.0,GPIX
18/07/2025,17:38:13,47.23411,-56.42831,8046.0,0.0,SKT-4031,1.0,0.0,GPIX
18/07/2025,17:38:20,47.23585,-56.41089,8044.0,0.0,SKT-4031,1.0,0.0,GPIX
18/07/2025,17:38:27,47.23758,-56.39349,8048.0,0.0,SKT-4031,1.0,0.0,GPIX
18/07/2025,17:38:35,47.23953,-56.37361,8049.0,0.0,SKT-4031,1.0,0.0,GPIX
18/07/2025,17:38:42,47.24121,-56.35621,8048.0,0.0,SKT-4031,1.0,0.0,GPIX
18/07/2025,17:38:49,47.24293,-56.3388,8049.0,0.0,SKT-4031,1.0,0.0,GPIX
18/07/2025,17:38:56,47.24467,-56.32136,8046.0,0.0,SKT-4031,1.0,0.0,GPIX
18/07/2025,17:39:03,47.24638,-56.30389,8045.0,0.0,SKT-4031,1.0,0.0,GPIX
18/07/2025,17:39:10,47.24808,-56.28642,8045.0,0.0,SKT-4031,1.0,0.0,GPIX
18/07/2025,17:39:17,47.2498,-56.26898,8046.0,0.0,SKT-4031,1.0,0.0,GPIX
18/07/2025,17:39:24,47.25153,-56.25154,8046.0,0.0,SKT-4031,1.0,0.0,GPIX
18/07/2025,17:39:31,47.25322,-56.23413,8048.0,0.0,SKT-4031,1.0,0.0,GPIX
18/07/2025,17:39:38,47.25484,-56.21672,8049.0,0.0,SKT-4031,1.0,0.0,GPIX
18/07/2025,17:39:45,47.25645,-56.19933,8050.0,0.0,SKT-4031,1.0,0.0,GPIX
18/07/2025,17:39:52,47.25809,-56.18193,8050.0,0.0,SKT-4031,1.0,0.0,GPIX
18/07/2025,17:40:00,47.25997,-56.16204,8049.0,0.0,SKT-4031,1.0,0.0,GPIX
18/07/2025,17:40:07,47.26161,-56.1446,8049.0,0.0,SKT-4031,1.0,0.0,GPIX
18/07/2025,17:40:14,47.26324,-56.12716,8050.0,0.0,SKT-4031,1.0,0.0,GPIX
18/07/2025,17:40:21,47.26487,-56.10971,8049.0,0.0,SKT-4031,1.0,0.0,GPIX
18/07/2025,17:40:28,47.2665,-56.09229,8050.0,0.0,SKT-4031,1.0,0.0,GPIX
18/07/2025,17:40:35,47.26814,-56.07488,8050.0,0.0,SKT-4031,1.0,0.0,GPIX
18/07/2025,17:40:42,47.26978,-56.05748,8051.0,0.0,SKT-4031,1.0,0.0,GPIX
18/07/2025,17:40:49,47.27143,-56.0401,8052.0,0.0,SKT-4031,1.0,0.0,GPIX
18/07/2025,17:40:56,47.2731,-56.02272,8051.0,0.0,SKT-4031,1.0,0.0,GPIX
18/07/2025,17:41:03,47.27476,-56.00534,8052.0,0.0,SKT-4031,1.0,0.0,GPIX
18/07/2025,17:41:10,47.27642,-55.98796,8050.0,0.0,SKT-4031,1.0,0.0,GPIX
18/07/2025,17:41:17,47.2781,-55.97057,8049.0,0.0,SKT-4031,1.0,0.0,GPIX
18/07/2025,17:41:24,47.27978,-55.95321,8050.0,0.0,SKT-4031,1.0,0.0,GPIX
18/07/2025,17:41:32,47.28167,-55.93338,8049.0,0.0,SKT-4031,1.0,0.0,GPIX
18/07/2025,17:41:39,47.28334,-55.91604,8050.0,0.0,SKT-4031,1.0,0.0,GPIX
18/07/2025,17:41:46,47.28499,-55.89873,8051.0,0.0,SKT-4031,1.0,0.0,GPIX
18/07/2025,17:41:53,47.28664,-55.88142,8051.0,0.0,SKT-4031,1.0,0.0,GPIX
18/07/2025,17:42:01,47.28852,-55.8616,8050.0,0.0,SKT-4031,1.0,0.0,GPIX
18/07/2025,17:42:08,47.29015,-55.84425,8051.0,0.0,SKT-4031,1.0,0.0,GPIX
18/07/2025,17:42:15,47.29179,-55.8269,8052.0,0.0,SKT-4031,1.0,0.0,GPIX
18/07/2025,17:42:22,47.29342,-55.80956,8052.0,0.0,SKT-4031,1.0,0.0,GPIX
18/07/2025,17:42:29,47.29506,-55.79221,8053.0,0.0,SKT-4031,1.0,0.0,GPIX
18/07/2025,17:42:36,47.29668,-55.77489,8053.0,0.0,SKT-4031,1.0,0.0,GPIX
18/07/2025,17:42:43,47.29829,-55.75758,8053.0,0.0,SKT-4031,1.0,0.0,GPIX
18/07/2025,17:42:50,47.29991,-55.74028,8053.0,0.0,SKT-4031,1.0,0.0,GPIX
18/07/2025,17:42:57,47.30151,-55.72297,8054.0,0.0,SKT-4031,1.0,0.0,GPIX
18/07/2025,17:43:04,47.3031,-55.70567,8053.0,0.0,SKT-4031,1.0,0.0,GPIX
18/07/2025,17:43:11,47.30468,-55.68839,8054.0,0.0,SKT-4031,1.0,0.0,GPIX
18/07/2025,17:43:18,47.30626,-55.67113,8053.0,0.0,SKT-4031,1.0,0.0,GPIX
18/07/2025,17:43:26,47.30804,-55.65139,8053.0,0.0,SKT-4031,1.0,0.0,GPIX
18/07/2025,17:43:33,47.3096,-55.63412,8053.0,0.0,SKT-4031,1.0,0.0,GPIX
18/07/2025,17:43:40,47.31116,-55.61685,8053.0,0.0,SKT-4031,1.0,0.0,GPIX
18/07/2025,17:43:47,47.31272,-55.59959,8055.0,0.0,SKT-4031,1.0,0.0,GPIX
18/07/2025,17:43:54,47.31428,-55.58236,8056.0,0.0,SKT-4031,1.0,0.0,GPIX
18/07/2025,17:44:01,47.31584,-55.56512,8055.0,0.0,SKT-4031,1.0,0.0,GPIX
18/07/2025,17:44:09,47.31762,-55.54543,8056.0,0.0,SKT-4031,1.0,0.0,GPIX
18/07/2025,17:44:16,47.31918,-55.52819,8056.0,0.0,SKT-4031,1.0,0.0,GPIX
18/07/2025,17:44:23,47.32073,-55.51093,8056.0,0.0,SKT-4031,1.0,0.0,GPIX
18/07/2025,17:44:30,47.32228,-55.49367,8056.0,0.0,SKT-4031,1.0,0.0,GPIX
18/07/2025,17:44:38,47.32406,-55.47394,8056.0,0.0,SKT-4031,1.0,0.0,GPIX
18/07/2025,17:44:45,47.32561,-55.45668,8055.0,0.0,SKT-4031,1.0,0.0,GPIX
18/07/2025,17:44:52,47.32716,-55.43942,8056.0,0.0,SKT-4031,1.0,0.0,GPIX
18/07/2025,17:44:59,47.32871,-55.42218,8057.0,0.0,SKT-4031,1.0,0.0,GPIX
18/07/2025,17:45:06,47.33026,-55.40492,8057.0,0.0,SKT-4031,1.0,0.0,GPIX
18/07/2025,17:45:13,47.33181,-55.38765,8057.0,0.0,SKT-4031,1.0,0.0,GPIX
18/07/2025,17:45:21,47.33359,-55.36792,8058.0,0.0,SKT-4031,1.0,0.0,GPIX
18/07/2025,17:45:28,47.33514,-55.35066,8059.0,0.0,SKT-4031,1.0,0.0,GPIX
18/07/2025,17:45:35,47.33669,-55.3334,8060.0,0.0,SKT-4031,1.0,0.0,GPIX
18/07/2025,17:45:42,47.33823,-55.31615,8061.0,0.0,SKT-4031,1.0,0.0,GPIX
18/07/2025,17:45:49,47.33977,-55.29888,8061.0,0.0,SKT-4031,1.0,0.0,GPIX
18/07/2025,17:45:58,47.34176,-55.2767,8060.0,0.0,SKT-4031,1.0,0.0,GPIX
18/07/2025,17:46:05,47.3433,-55.25945,8061.0,0.0,SKT-4031,1.0,0.0,GPIX
18/07/2025,17:46:12,47.34484,-55.24221,8062.0,0.0,SKT-4031,1.0,0.0,GPIX
18/07/2025,17:46:19,47.34637,-55.22498,8063.0,0.0,SKT-4031,1.0,0.0,GPIX
18/07/2025,17:46:26,47.3479,-55.20773,8063.0,0.0,SKT-4031,1.0,0.0,GPIX
18/07/2025,17:46:33,47.34943,-55.19048,8062.0,0.0,SKT-4031,1.0,0.0,GPIX
18/07/2025,17:46:40,47.35096,-55.17323,8062.0,0.0,SKT-4031,1.0,0.0,GPIX
18/07/2025,17:46:47,47.35247,-55.156,8063.0,0.0,SKT-4031,1.0,0.0,GPIX
18/07/2025,17:46:54,47.35398,-55.13879,8063.0,0.0,SKT-4031,1.0,0.0,GPIX
18/07/2025,17:47:01,47.35547,-55.1216,8064.0,0.0,SKT-4031,1.0,0.0,GPIX
18/07/2025,17:47:09,47.35715,-55.10194,8063.0,0.0,SKT-4031,1.0,0.0,GPIX
18/07/2025,17:47:16,47.35863,-55.08475,8064.0,0.0,SKT-4031,1.0,0.0,GPIX
18/07/2025,17:47:23,47.36011,-55.06758,8063.0,0.0,SKT-4031,1.0,0.0,GPIX
18/07/2025,17:47:31,47.36179,-55.04794,8062.0,0.0,SKT-4031,1.0,0.0,GPIX
18/07/2025,17:47:38,47.36327,-55.03077,8062.0,0.0,SKT-4031,1.0,0.0,GPIX
18/07/2025,17:47:45,47.36473,-55.0136,8062.0,0.0,SKT-4031,1.0,0.0,GPIX
18/07/2025,17:47:52,47.36621,-54.99645,8062.0,0.0,SKT-4031,1.0,0.0,GPIX
18/07/2025,17:47:59,47.36768,-54.97931,8063.0,0.0,SKT-4031,1.0,0.0,GPIX
18/07/2025,17:48:06,47.36914,-54.96216,8063.0,0.0,SKT-4031,1.0,0.0,GPIX
18/07/2025,17:48:13,47.37061,-54.94501,8064.0,0.0,SKT-4031,1.0,0.0,GPIX
18/07/2025,17:48:20,47.37207,-54.92786,8065.0,0.0,SKT-4031,1.0,0.0,GPIX
18/07/2025,17:48:27,47.37353,-54.91069,8066.0,0.0,SKT-4031,1.0,0.0,GPIX
18/07/2025,17:48:34,47.37498,-54.89348,8065.0,0.0,SKT-4031,1.0,0.0,GPIX
18/07/2025,17:48:41,47.37643,-54.87624,8066.0,0.0,SKT-4031,1.0,0.0,GPIX
18/07/2025,17:48:49,47.37809,-54.85649,8066.0,0.0,SKT-4031,1.0,0.0,GPIX
18/07/2025,17:48:56,47.37953,-54.83918,8065.0,0.0,SKT-4031,1.0,0.0,GPIX
18/07/2025,17:49:03,47.38096,-54.82187,8065.0,0.0,SKT-4031,1.0,0.0,GPIX
18/07/2025,17:49:10,47.3824,-54.80455,8064.0,0.0,SKT-4031,1.0,0.0,GPIX
18/07/2025,17:49:17,47.38384,-54.78722,8065.0,0.0,SKT-4031,1.0,0.0,GPIX
18/07/2025,17:49:24,47.38528,-54.76988,8065.0,0.0,SKT-4031,1.0,0.0,GPIX
18/07/2025,17:49:32,47.38693,-54.75006,8066.0,0.0,SKT-4031,1.0,0.0,GPIX
18/07/2025,17:49:39,47.38838,-54.7327,8065.0,0.0,SKT-4031,1.0,0.0,GPIX
18/07/2025,17:49:46,47.38982,-54.71531,8065.0,0.0,SKT-4031,1.0,0.0,GPIX
18/07/2025,17:49:53,47.39126,-54.69791,8065.0,0.0,SKT-4031,1.0,0.0,GPIX
18/07/2025,17:50:00,47.3927,-54.68051,8065.0,0.0,SKT-4031,1.0,0.0,GPIX
18/07/2025,17:50:07,47.39415,-54.66311,8065.0,0.0,SKT-4031,1.0,0.0,GPIX
18/07/2025,17:50:14,47.3956,-54.64569,8067.0,0.0,SKT-4031,1.0,0.0,GPIX
18/07/2025,17:50:21,47.39705,-54.62828,8067.0,0.0,SKT-4031,1.0,0.0,GPIX
18/07/2025,17:50:28,47.39849,-54.61086,8067.0,0.0,SKT-4031,1.0,0.0,GPIX
18/07/2025,17:50:35,47.39992,-54.59343,8067.0,0.0,SKT-4031,1.0,0.0,GPIX
18/07/2025,17:50:42,47.40136,-54.57601,8068.0,0.0,SKT-4031,1.0,0.0,GPIX
18/07/2025,17:50:49,47.4028,-54.55859,8069.0,0.0,SKT-4031,1.0,0.0,GPIX
18/07/2025,17:50:57,47.40444,-54.53867,8069.0,0.0,SKT-4031,1.0,0.0,GPIX
18/07/2025,17:51:04,47.40588,-54.52124,8070.0,0.0,SKT-4031,1.0,0.0,GPIX
18/07/2025,17:51:11,47.4073,-54.50381,8070.0,0.0,SKT-4031,1.0,0.0,GPIX
18/07/2025,17:51:18,47.40873,-54.48636,8069.0,0.0,SKT-4031,1.0,0.0,GPIX
18/07/2025,17:51:25,47.41015,-54.46892,8069.0,0.0,SKT-4031,1.0,0.0,GPIX
18/07/2025,17:51:32,47.41157,-54.45148,8069.0,0.0,SKT-4031,1.0,0.0,GPIX
18/07/2025,17:51:39,47.41299,-54.43404,8070.0,0.0,SKT-4031,1.0,0.0,GPIX
18/07/2025,17:51:47,47.4146,-54.41412,8070.0,0.0,SKT-4031,1.0,0.0,GPIX
18/07/2025,17:51:54,47.416,-54.39669,8069.0,0.0,SKT-4031,1.0,0.0,GPIX
18/07/2025,17:52:01,47.41738,-54.37927,8069.0,0.0,SKT-4031,1.0,0.0,GPIX
18/07/2025,17:52:08,47.41874,-54.36187,8070.0,0.0,SKT-4031,1.0,0.0,GPIX
18/07/2025,17:52:15,47.4201,-54.34448,8071.0,0.0,SKT-4031,1.0,0.0,GPIX
18/07/2025,17:52:22,47.42148,-54.32711,8071.0,0.0,SKT-4031,1.0,0.0,GPIX
18/07/2025,17:52:29,47.42284,-54.30977,8070.0,0.0,SKT-4031,1.0,0.0,GPIX
18/07/2025,17:52:36,47.42416,-54.29247,8071.0,0.0,SKT-4031,1.0,0.0,GPIX
18/07/2025,17:52:43,47.42543,-54.27522,8071.0,0.0,SKT-4031,1.0,0.0,GPIX
18/07/2025,17:52:50,47.42668,-54.25805,8071.0,0.0,SKT-4031,1.0,0.0,GPIX
18/07/2025,17:52:58,47.42811,-54.23854,8072.0,0.0,SKT-4031,1.0,0.0,GPIX
18/07/2025,17:53:05,47.42937,-54.22157,8065.0,0.0,SKT-4031,1.0,0.0,GPIX
18/07/2025,17:53:12,47.43067,-54.20462,8040.0,0.0,SKT-4031,1.0,0.0,GPIX
18/07/2025,17:53:19,47.43206,-54.18756,7985.0,0.0,SKT-4031,1.0,0.0,GPIX
18/07/2025,17:53:26,47.43357,-54.17031,7921.0,0.0,SKT-4031,1.0,0.0,GPIX
18/07/2025,17:53:33,47.43508,-54.15289,7858.0,0.0,SKT-4031,1.0,0.0,GPIX
18/07/2025,17:53:40,47.43654,-54.13535,7795.0,0.0,SKT-4031,1.0,0.0,GPIX
18/07/2025,17:53:47,47.43798,-54.11769,7729.0,0.0,SKT-4031,1.0,0.0,GPIX
18/07/2025,17:53:54,47.43945,-54.0999,7662.0,0.0,SKT-4031,1.0,0.0,GPIX
18/07/2025,17:54:01,47.44093,-54.08198,7595.0,0.0,SKT-4031,1.0,0.0,GPIX
18/07/2025,17:54:08,47.44241,-54.06395,7527.0,0.0,SKT-4031,1.0,0.0,GPIX
18/07/2025,17:54:16,47.44409,-54.04322,7448.0,0.0,SKT-4031,1.0,0.0,GPIX
18/07/2025,17:54:23,47.44553,-54.02497,7377.0,0.0,SKT-4031,1.0,0.0,GPIX
18/07/2025,17:54:30,47.4469,-54.00667,7308.0,0.0,SKT-4031,1.0,0.0,GPIX
18/07/2025,17:54:37,47.44821,-53.98832,7240.0,0.0,SKT-4031,1.0,0.0,GPIX
18/07/2025,17:54:44,47.44954,-53.96992,7172.0,0.0,SKT-4031,1.0,0.0,GPIX
18/07/2025,17:54:51,47.45087,-53.9515,7099.0,0.0,SKT-4031,1.0,0.0,GPIX
18/07/2025,17:54:59,47.45235,-53.93046,7009.0,0.0,SKT-4031,1.0,0.0,GPIX
18/07/2025,17:55:06,47.45358,-53.91209,6939.0,0.0,SKT-4031,1.0,0.0,GPIX
18/07/2025,17:55:13,47.45484,-53.89381,6878.0,0.0,SKT-4031,1.0,0.0,GPIX
18/07/2025,17:55:21,47.45639,-53.87302,6799.0,0.0,SKT-4031,1.0,0.0,GPIX
18/07/2025,17:55:28,47.4579,-53.85488,6728.0,0.0,SKT-4031,1.0,0.0,GPIX
18/07/2025,17:55:35,47.45955,-53.83677,6659.0,0.0,SKT-4031,1.0,0.0,GPIX
18/07/2025,17:55:42,47.46128,-53.81871,6593.0,0.0,SKT-4031,1.0,0.0,GPIX
18/07/2025,17:55:49,47.46297,-53.8007,6525.0,0.0,SKT-4031,1.0,0.0,GPIX
18/07/2025,17:55:56,47.46454,-53.78277,6457.0,0.0,SKT-4031,1.0,0.0,GPIX
18/07/2025,17:56:03,47.46597,-53.7649,6389.0,0.0,SKT-4031,1.0,0.0,GPIX
18/07/2025,17:56:10,47.4673,-53.7471,6320.0,0.0,SKT-4031,1.0,0.0,GPIX
18/07/2025,17:56:17,47.46857,-53.72938,6251.0,0.0,SKT-4031,1.0,0.0,GPIX
18/07/2025,17:56:25,47.46994,-53.70924,6176.0,0.0,SKT-4031,1.0,0.0,GPIX
18/07/2025,17:56:32,47.4711,-53.69172,6110.0,0.0,SKT-4031,1.0,0.0,GPIX
18/07/2025,17:56:40,47.47241,-53.67178,6033.0,0.0,SKT-4031,1.0,0.0,GPIX
18/07/2025,17:56:47,47.47355,-53.6544,5969.0,0.0,SKT-4031,1.0,0.0,GPIX
18/07/2025,17:56:54,47.4747,-53.6371,5904.0,0.0,SKT-4031,1.0,0.0,GPIX
18/07/2025,17:57:01,47.47587,-53.6199,5840.0,0.0,SKT-4031,1.0,0.0,GPIX
18/07/2025,17:57:09,47.47725,-53.60032,5766.0,0.0,SKT-4031,1.0,0.0,GPIX
18/07/2025,17:57:16,47.47849,-53.58324,5699.0,0.0,SKT-4031,1.0,0.0,GPIX
18/07/2025,17:57:23,47.47974,-53.56617,5632.0,0.0,SKT-4031,1.0,0.0,GPIX
18/07/2025,17:57:30,47.481,-53.54912,5571.0,0.0,SKT-4031,1.0,0.0,GPIX
18/07/2025,17:57:38,47.48245,-53.52965,5500.0,0.0,SKT-4031,1.0,0.0,GPIX
18/07/2025,17:57:45,47.48365,-53.51262,5436.0,0.0,SKT-4031,1.0,0.0,GPIX
17/07/2025,03:01:55,,,,,SKT-4031,1.0,0.0,GPIX
17/07/2025,03:02:05,,,,,SKT-4031,1.0,0.0,GPIX
17/07/2025,03:02:15,,,,,SKT-4031,1.0,0.0,GPIX
17/07/2025,03:02:25,,,,,SKT-4031,1.0,0.0,GPIX
18/07/2025,17:58:35,47.49219,-53.39053,4952.0,0.0,SKT-4031,1.0,0.0,GPIX
18/07/2025,17:58:42,47.49335,-53.37348,4886.0,0.0,SKT-4031,1.0,0.0,GPIX
18/07/2025,17:58:50,47.49469,-53.35405,4810.0,0.0,SKT-4031,1.0,0.0,GPIX
18/07/2025,17:58:57,47.49587,-53.33712,4745.0,0.0,SKT-4031,1.0,0.0,GPIX
18/07/2025,17:59:05,47.49721,-53.31788,4672.0,0.0,SKT-4031,1.0,0.0,GPIX
18/07/2025,17:59:12,47.49841,-53.30113,4607.0,0.0,SKT-4031,1.0,0.0,GPIX
18/07/2025,17:59:19,47.4996,-53.28448,4543.0,0.0,SKT-4031,1.0,0.0,GPIX
18/07/2025,17:59:27,47.50092,-53.26559,4473.0,0.0,SKT-4031,1.0,0.0,GPIX
18/07/2025,17:59:34,47.50211,-53.24918,4411.0,0.0,SKT-4031,1.0,0.0,GPIX
18/07/2025,17:59:41,47.50335,-53.23286,4350.0,0.0,SKT-4031,1.0,0.0,GPIX
18/07/2025,17:59:48,47.50457,-53.21663,4290.0,0.0,SKT-4031,1.0,0.0,GPIX
18/07/2025,17:59:55,47.50576,-53.20049,4230.0,0.0,SKT-4031,1.0,0.0,GPIX
18/07/2025,18:00:02,47.50694,-53.18444,4170.0,0.0,SKT-4031,1.0,0.0,GPIX
18/07/2025,18:00:09,47.50809,-53.16847,4108.0,0.0,SKT-4031,1.0,0.0,GPIX
18/07/2025,18:00:16,47.50922,-53.15255,4046.0,0.0,SKT-4031,1.0,0.0,GPIX
18/07/2025,18:00:23,47.51034,-53.13669,3987.0,0.0,SKT-4031,1.0,0.0,GPIX
18/07/2025,18:00:30,47.51147,-53.12087,3931.0,0.0,SKT-4031,1.0,0.0,GPIX
18/07/2025,18:00:37,47.51262,-53.10508,3870.0,0.0,SKT-4031,1.0,0.0,GPIX
18/07/2025,18:00:44,47.51376,-53.08929,3812.0,0.0,SKT-4031,1.0,0.0,GPIX
18/07/2025,18:00:52,47.51504,-53.0713,3747.0,0.0,SKT-4031,1.0,0.0,GPIX
18/07/2025,18:00:59,47.51614,-53.05558,3686.0,0.0,SKT-4031,1.0,0.0,GPIX
18/07/2025,18:01:06,47.51722,-53.03987,3625.0,0.0,SKT-4031,1.0,0.0,GPIX
18/07/2025,18:01:13,47.51827,-53.02419,3569.0,0.0,SKT-4031,1.0,0.0,GPIX
18/07/2025,18:01:20,47.51929,-53.00856,3510.0,0.0,SKT-4031,1.0,0.0,GPIX
18/07/2025,18:01:27,47.5203,-52.99296,3450.0,0.0,SKT-4031,1.0,0.0,GPIX
18/07/2025,18:01:34,47.52129,-52.97741,3388.0,0.0,SKT-4031,1.0,0.0,GPIX
18/07/2025,18:01:41,47.52228,-52.9619,3329.0,0.0,SKT-4031,1.0,0.0,GPIX
18/07/2025,18:01:48,47.52329,-52.94646,3270.0,0.0,SKT-4031,1.0,0.0,GPIX
18/07/2025,18:01:55,47.52428,-52.93108,3212.0,0.0,SKT-4031,1.0,0.0,GPIX
18/07/2025,18:02:02,47.52528,-52.91578,3157.0,0.0,SKT-4031,1.0,0.0,GPIX
18/07/2025,18:02:09,47.52629,-52.90055,3100.0,0.0,SKT-4031,1.0,0.0,GPIX
18/07/2025,18:02:16,47.52728,-52.88541,3042.0,0.0,SKT-4031,1.0,0.0,GPIX
18/07/2025,18:02:24,47.52835,-52.86819,2976.0,0.0,SKT-4031,1.0,0.0,GPIX
18/07/2025,18:02:31,47.52929,-52.85323,2922.0,0.0,SKT-4031,1.0,0.0,GPIX
18/07/2025,18:02:38,47.53025,-52.83838,2870.0,0.0,SKT-4031,1.0,0.0,GPIX
18/07/2025,18:02:45,47.5312,-52.82367,2814.0,0.0,SKT-4031,1.0,0.0,GPIX
18/07/2025,18:02:52,47.53216,-52.80904,2755.0,0.0,SKT-4031,1.0,0.0,GPIX
18/07/2025,18:02:59,47.53312,-52.79448,2698.0,0.0,SKT-4031,1.0,0.0,GPIX
18/07/2025,18:03:06,47.53408,-52.78003,2647.0,0.0,SKT-4031,1.0,0.0,GPIX
18/07/2025,18:03:13,47.53506,-52.76569,2595.0,0.0,SKT-4031,1.0,0.0,GPIX
18/07/2025,18:03:21,47.53618,-52.74937,2532.0,0.0,SKT-4031,1.0,0.0,GPIX
18/07/2025,18:03:28,47.53719,-52.73517,2479.0,0.0,SKT-4031,1.0,0.0,GPIX
18/07/2025,18:03:35,47.53821,-52.7211,2426.0,0.0,SKT-4031,1.0,0.0,GPIX
18/07/2025,18:03:42,47.53926,-52.70713,2373.0,0.0,SKT-4031,1.0,0.0,GPIX
18/07/2025,18:03:49,47.54029,-52.69328,2321.0,0.0,SKT-4031,1.0,0.0,GPIX
18/07/2025,18:03:56,47.54126,-52.67954,2267.0,0.0,SKT-4031,1.0,0.0,GPIX
18/07/2025,18:04:03,47.54218,-52.66594,2218.0,0.0,SKT-4031,1.0,0.0,GPIX
18/07/2025,18:04:10,47.54305,-52.6525,2169.0,0.0,SKT-4031,1.0,0.0,GPIX
18/07/2025,18:04:17,47.54388,-52.63922,2119.0,0.0,SKT-4031,1.0,0.0,GPIX
17/07/2025,03:08:27,,,,,SKT-4031,1.0,0.0,GPIX
17/07/2025,03:08:37,,,,,SKT-4031,1.0,0.0,GPIX
17/07/2025,03:08:47,,,,,SKT-4031,1.0,0.0,GPIX
17/07/2025,03:08:55,,,,,SKT-4031,1.0,0.0,GPIX
17/07/2025,03:09:05,,,,,SKT-4031,1.0,0.0,GPIX
17/07/2025,03:09:14,,,,,SKT-4031,1.0,0.0,GPIX
17/07/2025,03:09:23,,,,,SKT-4031,1.0,0.0,GPIX
18/07/2025,18:05:30,47.55349,-52.50832,1654.0,0.0,SKT-4031,1.0,0.0,GPIX
18/07/2025,18:05:37,47.55445,-52.49604,1603.0,0.0,SKT-4031,1.0,0.0,GPIX
18/07/2025,18:05:44,47.55537,-52.48377,1564.0,0.0,SKT-4031,1.0,0.0,GPIX
18/07/2025,18:05:51,47.55629,-52.47162,1541.0,0.0,SKT-4031,1.0,0.0,GPIX
18/07/2025,18:05:58,47.55733,-52.45961,1539.0,0.0,SKT-4031,1.0,0.0,GPIX
18/07/2025,18:06:05,47.55851,-52.44763,1535.0,0.0,SKT-4031,1.0,0.0,GPIX
18/07/2025,18:06:13,47.55976,-52.43391,1519.0,0.0,SKT-4031,1.0,0.0,GPIX
18/07/2025,18:06:20,47.56067,-52.42191,1499.0,0.0,SKT-4031,1.0,0.0,GPIX
18/07/2025,18:06:27,47.56152,-52.40995,1480.0,0.0,SKT-4031,1.0,0.0,GPIX
18/07/2025,18:06:34,47.5625,-52.39806,1462.0,0.0,SKT-4031,1.0,0.0,GPIX
18/07/2025,18:06:41,47.56353,-52.38626,1443.0,0.0,SKT-4031,1.0,0.0,GPIX
18/07/2025,18:06:48,47.56457,-52.37452,1423.0,0.0,SKT-4031,1.0,0.0,GPIX
18/07/2025,18:06:55,47.56641,-52.36296,1401.0,0.0,SKT-4031,1.0,0.0,GPIX
18/07/2025,18:07:02,47.57015,-52.35233,1384.0,0.0,SKT-4031,1.0,0.0,GPIX
18/07/2025,18:07:09,47.57577,-52.34369,1366.0,0.0,SKT-4031,1.0,0.0,GPIX
18/07/2025,18:07:16,47.58278,-52.33791,1347.0,0.0,SKT-4031,1.0,0.0,GPIX
18/07/2025,18:07:23,47.59047,-52.33552,1330.0,0.0,SKT-4031,1.0,0.0,GPIX
18/07/2025,18:07:30,47.59821,-52.33554,1313.0,0.0,SKT-4031,1.0,0.0,GPIX
18/07/2025,18:07:37,47.60594,-52.33587,1292.0,0.0,SKT-4031,1.0,0.0,GPIX
18/07/2025,18:07:44,47.61372,-52.33574,1270.0,0.0,SKT-4031,1.0,0.0,GPIX
18/07/2025,18:07:51,47.62148,-52.33537,1248.0,0.0,SKT-4031,1.0,0.0,GPIX
18/07/2025,18:07:58,47.6292,-52.33504,1228.0,0.0,SKT-4031,1.0,0.0,GPIX
18/07/2025,18:08:05,47.63687,-52.33481,1209.0,0.0,SKT-4031,1.0,0.0,GPIX
18/07/2025,18:08:12,47.64449,-52.33463,1190.0,0.0,SKT-4031,1.0,0.0,GPIX
18/07/2025,18:08:19,47.65205,-52.33469,1172.0,0.0,SKT-4031,1.0,0.0,GPIX
18/07/2025,18:08:26,47.65926,-52.3365,1152.0,0.0,SKT-4031,1.0,0.0,GPIX
18/07/2025,18:08:33,47.66541,-52.34104,1136.0,0.0,SKT-4031,1.0,0.0,GPIX
18/07/2025,18:08:40,47.66997,-52.34765,1118.0,0.0,SKT-4031,1.0,0.0,GPIX
18/07/2025,18:08:47,47.67256,-52.35546,1100.0,0.0,SKT-4031,1.0,0.0,GPIX
18/07/2025,18:08:54,47.67302,-52.36351,1079.0,0.0,SKT-4031,1.0,0.0,GPIX
18/07/2025,18:09:02,47.67115,-52.3718,1059.0,0.0,SKT-4031,1.0,0.0,GPIX
18/07/2025,18:09:09,47.66841,-52.37831,1043.0,0.0,SKT-4031,1.0,0.0,GPIX
18/07/2025,18:09:16,47.66542,-52.38465,1027.0,0.0,SKT-4031,1.0,0.0,GPIX
18/07/2025,18:09:23,47.66235,-52.39101,1010.0,0.0,SKT-4031,1.0,0.0,GPIX
18/07/2025,18:09:30,47.65924,-52.39743,992.0,0.0,SKT-4031,1.0,0.0,GPIX
18/07/2025,18:09:37,47.6561,-52.40391,978.0,0.0,SKT-4031,1.0,0.0,GPIX
18/07/2025,18:09:44,47.65296,-52.41043,971.0,0.0,SKT-4031,1.0,0.0,GPIX
18/07/2025,18:09:51,47.64988,-52.41688,968.0,0.0,SKT-4031,1.0,0.0,GPIX
18/07/2025,18:09:58,47.64689,-52.4233,966.0,0.0,SKT-4031,1.0,0.0,GPIX
18/07/2025,18:10:05,47.64387,-52.42966,965.0,0.0,SKT-4031,1.0,0.0,GPIX
18/07/2025,18:10:12,47.64092,-52.43614,964.0,0.0,SKT-4031,1.0,0.0,GPIX
18/07/2025,18:10:19,47.639,-52.44341,966.0,0.0,SKT-4031,1.0,0.0,GPIX
17/07/2025,03:14:29,,,,,SKT-4031,1.0,0.0,GPIX
17/07/2025,03:14:39,,,,,SKT-4031,1.0,0.0,GPIX
17/07/2025,03:14:48,,,,,SKT-4031,1.0,0.0,GPIX
17/07/2025,03:14:58,,,,,SKT-4031,1.0,0.0,GPIX
17/07/2025,03:15:07,,,,,SKT-4031,1.0,0.0,GPIX
17/07/2025,03:15:16,,,,,SKT-4031,1.0,0.0,GPIX
17/07/2025,03:15:25,,,,,SKT-4031,1.0,0.0,GPIX
17/07/2025,03:15:34,,,,,SKT-4031,1.0,0.0,GPIX
17/07/2025,03:15:44,,,,,SKT-4031,1.0,0.0,GPIX
17/07/2025,03:15:53,,,,,SKT-4031,1.0,0.0,GPIX
17/07/2025,03:16:02,,,,,SKT-4031,1.0,0.0,GPIX
17/07/2025,03:16:11,,,,,SKT-4031,1.0,0.0,GPIX
17/07/2025,03:16:21,,,,,SKT-4031,1.0,0.0,GPIX
17/07/2025,03:16:30,,,,,SKT-4031,1.0,0.0,GPIX
17/07/2025,03:16:39,,,,,SKT-4031,1.0,0.0,GPIX
17/07/2025,03:16:48,,,,,SKT-4031,1.0,0.0,GPIX
17/07/2025,03:16:57,,,,,SKT-4031,1.0,0.0,GPIX
17/07/2025,03:17:07,,,,,SKT-4031,1.0,0.0,GPIX
17/07/2025,03:17:16,,,,,SKT-4031,1.0,0.0,GPIX
17/07/2025,03:17:25,,,,,SKT-4031,1.0,0.0,GPIX
17/07/2025,03:17:34,,,,,SKT-4031,1.0,0.0,GPIX
17/07/2025,03:17:43,,,,,SKT-4031,1.0,0.0,GPIX
17/07/2025,03:17:53,,,,,SKT-4031,1.0,0.0,GPIX
17/07/2025,03:18:02,,,,,SKT-4031,1.0,0.0,GPIX
17/07/2025,03:18:11,,,,,SKT-4031,1.0,0.0,GPIX
17/07/2025,03:18:20,,,,,SKT-4031,1.0,0.0,GPIX
17/07/2025,03:18:30,,,,,SKT-4031,1.0,0.0,GPIX
17/07/2025,03:18:39,,,,,SKT-4031,1.0,0.0,GPIX
17/07/2025,03:18:48,,,,,SKT-4031,1.0,0.0,GPIX
17/07/2025,03:18:57,,,,,SKT-4031,1.0,0.0,GPIX
17/07/2025,03:19:06,,,,,SKT-4031,1.0,0.0,GPIX
17/07/2025,03:19:16,,,,,SKT-4031,1.0,0.0,GPIX
17/07/2025,03:19:27,,,,,SKT-4031,1.0,0.0,GPIX
18/07/2025,18:15:35,47.6246,-52.7513,147.0,1.0,SKT-4031,1.0,0.0,GPIX
18/07/2025,18:15:43,47.62436,-52.75633,148.0,1.0,SKT-4031,1.0,0.0,GPIX
18/07/2025,18:15:51,47.62421,-52.75933,149.0,1.0,SKT-4031,1.0,0.0,GPIX
18/07/2025,18:15:58,47.6241,-52.76033,150.0,1.0,SKT-4031,1.0,1.0,GPIX
18/07/2025,18:16:06,47.62399,-52.7607,150.0,1.0,SKT-4031,1.0,1.0,GPIX
18/07/2025,18:16:13,47.62406,-52.76074,150.0,1.0,SKT-4031,1.0,1.0,GPIX
18/07/2025,18:16:21,47.62414,-52.76057,150.0,1.0,SKT-4031,1.0,1.0,GPIX
18/07/2025,18:16:30,47.62418,-52.75975,149.0,1.0,SKT-4031,1.0,1.0,GPIX
18/07/2025,18:16:38,47.62424,-52.75857,149.0,1.0,SKT-4031,1.0,1.0,GPIX
18/07/2025,18:16:46,47.62431,-52.75713,149.0,1.0,SKT-4031,1.0,1.0,GPIX
18/07/2025,18:16:53,47.62437,-52.75579,148.0,1.0,SKT-4031,1.0,1.0,GPIX
18/07/2025,18:17:00,47.62442,-52.7545,148.0,1.0,SKT-4031,1.0,1.0,GPIX
18/07/2025,18:17:08,47.62449,-52.7531,148.0,1.0,SKT-4031,1.0,1.0,GPIX
18/07/2025,18:17:15,47.62456,-52.75192,148.0,1.0,SKT-4031,1.0,1.0,GPIX
18/07/2025,18:17:23,47.62454,-52.75076,147.0,1.0,SKT-4031,1.0,1.0,GPIX
18/07/2025,18:17:30,47.62429,-52.75002,148.0,1.0,SKT-4031,1.0,1.0,GPIX
18/07/2025,18:17:38,47.62384,-52.74935,148.0,1.0,SKT-4031,1.0,1.0,GPIX
18/07/2025,18:17:46,47.62335,-52.7487,148.0,1.0,SKT-4031,1.0,1.0,GPIX
18/07/2025,18:17:53,47.6229,-52.74812,149.0,1.0,SKT-4031,1.0,1.0,GPIX
18/07/2025,18:18:01,47.6224,-52.74747,149.0,1.0,SKT-4031,1.0,1.0,GPIX
18/07/2025,18:18:09,47.62196,-52.74693,150.0,1.0,SKT-4031,1.0,1.0,GPIX
18/07/2025,18:18:17,47.6216,-52.74648,150.0,1.0,SKT-4031,1.0,1.0,GPIX
18/07/2025,18:18:25,47.62126,-52.74627,151.0,1.0,SKT-4031,1.0,1.0,GPIX
18/07/2025,18:18:33,47.62101,-52.74643,151.0,1.0,SKT-4031,1.0,1.0,GPIX
18/07/2025,18:18:40,47.62086,-52.74668,151.0,1.0,SKT-4031,1.0,1.0,GPIX
18/07/2025,18:18:48,47.62067,-52.74699,151.0,1.0,SKT-4031,1.0,1.0,GPIX
18/07/2025,18:18:56,47.62047,-52.74734,151.0,1.0,SKT-4031,1.0,1.0,GPIX
18/07/2025,18:19:04,47.62025,-52.7476,152.0,1.0,SKT-4031,1.0,1.0,GPIX
18/07/2025,18:19:11,47.62001,-52.74757,152.0,1.0,SKT-4031,1.0,1.0,GPIX
18/07/2025,18:19:18,47.61975,-52.74726,152.0,1.0,SKT-4031,1.0,1.0,GPIX
18/07/2025,18:19:26,47.61942,-52.74685,152.0,1.0,SKT-4031,1.0,1.0,GPIX
18/07/2025,18:19:34,47.61907,-52.7464,152.0,1.0,SKT-4031,1.0,1.0,GPIX
18/07/2025,18:19:42,47.61873,-52.74597,152.0,1.0,SKT-4031,1.0,1.0,GPIX
18/07/2025,18:19:49,47.61848,-52.74565,152.0,1.0,SKT-4031,1.0,1.0,GPIX
18/07/2025,18:19:57,47.61823,-52.74533,151.0,1.0,SKT-4031,1.0,1.0,GPIX
18/07/2025,18:20:05,47.61798,-52.74501,151.0,1.0,SKT-4031,1.0,1.0,GPIX
18/07/2025,18:20:13,47.61769,-52.74464,150.0,1.0,SKT-4031,1.0,1.0,GPIX
18/07/2025,18:20:21,47.61734,-52.74419,149.0,1.0,SKT-4031,1.0,1.0,GPIX
18/07/2025,18:20:29,47.61702,-52.74378,149.0,1.0,SKT-4031,1.0,1.0,GPIX
18/07/2025,18:20:36,47.61681,-52.74351,148.0,1.0,SKT-4031,1.0,1.0,GPIX
18/07/2025,18:20:44,47.61666,-52.74332,148.0,1.0,SKT-4031,1.0,1.0,GPIX
18/07/2025,18:20:51,47.61655,-52.74319,147.0,1.0,SKT-4031,1.0,1.0,GPIX
18/07/2025,18:20:59,47.61653,-52.74315,147.0,1.0,SKT-4031,1.0,1.0,GPIX
18/07/2025,18:21:07,47.61652,-52.74315,147.0,1.0,SKT-4031,1.0,1.0,GPIX
18/07/2025,18:21:14,47.61652,-52.74315,147.0,1.0,SKT-4031,1.0,1.0,GPIX
18/07/2025,18:21:21,47.61652,-52.74315,147.0,1.0,SKT-4031,1.0,1.0,GPIX
18/07/2025,18:21:29,47.61652,-52.74315,147.0,1.0,SKT-4031,1.0,1.0,GPIX
18/07/2025,18:21:36,47.61652,-52.74315,147.0,1.0,SKT-4031,1.0,1.0,GPIX
18/07/2025,18:21:44,47.61652,-52.74314,148.0,1.0,SKT-4031,1.0,1.0,GPIX
18/07/2025,18:21:51,47.61642,-52.74302,147.0,1.0,SKT-4031,1.0,1.0,GPIX
18/07/2025,18:21:59,47.61618,-52.74271,147.0,1.0,SKT-4031,1.0,1.0,GPIX
18/07/2025,18:22:07,47.61586,-52.74257,148.0,1.0,SKT-4031,1.0,1.0,GPIX
18/07/2025,18:22:14,47.61562,-52.74276,148.0,1.0,SKT-4031,1.0,1.0,GPIX
18/07/2025,18:22:21,47.61543,-52.74306,149.0,1.0,SKT-4031,1.0,1.0,GPIX
18/07/2025,18:22:29,47.61519,-52.74342,149.0,1.0,SKT-4031,1.0,1.0,GPIX
18/07/2025,18:22:36,47.61488,-52.74351,150.0,1.0,SKT-4031,1.0,1.0,GPIX
18/07/2025,18:22:44,47.6146,-52.74311,150.0,1.0,SKT-4031,1.0,1.0,GPIX
18/07/2025,18:22:51,47.61444,-52.74259,150.0,1.0,SKT-4031,1.0,1.0,GPIX
18/07/2025,18:22:59,47.61427,-52.74198,150.0,1.0,SKT-4031,1.0,1.0,GPIX
18/07/2025,18:23:07,47.6141,-52.7414,149.0,1.0,SKT-4031,1.0,1.0,GPIX
18/07/2025,18:23:15,47.61395,-52.74088,149.0,1.0,SKT-4031,1.0,1.0,GPIX
18/07/2025,18:23:23,47.61374,-52.74067,149.0,1.0,SKT-4031,1.0,1.0,GPIX
18/07/2025,18:23:30,47.61361,-52.74082,149.0,1.0,SKT-4031,1.0,1.0,GPIX
18/07/2025,18:23:39,47.61351,-52.74109,149.0,1.0,SKT-4031,1.0,1.0,GPIX
18/07/2025,18:23:47,47.61346,-52.74128,149.0,1.0,SKT-4031,1.0,1.0,GPIX
18/07/2025,18:23:55,47.61346,-52.74129,149.0,1.0,SKT-4031,1.0,1.0,GPIX
18/07/2025,18:24:03,47.61346,-52.74128,148.0,1.0,SKT-4031,1.0,1.0,GPIX
18/07/2025,18:24:11,47.61345,-52.74128,149.0,1.0,SKT-4031,1.0,1.0,GPIX
18/07/2025,18:24:19,47.61346,-52.74128,149.0,1.0,SKT-4031,1.0,1.0,GPIX
18/07/2025,18:24:26,47.61346,-52.74128,148.0,1.0,SKT-4031,1.0,1.0,GPIX
18/07/2025,18:24:34,47.61346,-52.74128,148.0,1.0,SKT-4031,1.0,1.0,GPIX
18/07/2025,18:24:41,47.61346,-52.74128,148.0,1.0,SKT-4031,1.0,1.0,GPIX
18/07/2025,18:24:49,47.61346,-52.74128,149.0,1.0,SKT-4031,1.0,1.0,GPIX
18/07/2025,18:24:57,47.61345,-52.74128,149.0,1.0,SKT-4031,1.0,1.0,GPIX
18/07/2025,18:25:05,47.61345,-52.74128,150.0,1.0,SKT-4031,1.0,1.0,GPIX
18/07/2025,18:25:13,47.61345,-52.74128,150.0,1.0,SKT-4031,1.0,1.0,GPIX
17/07/2025,03:29:23,,,,,SKT-4031,1.0,0.0,GPIX
17/07/2025,03:29:33,,,,,SKT-4031,1.0,0.0,GPIX
18/07/2025,18:25:43,47.61346,-52.74128,148.0,1.0,SKT-4031,1.0,0.0,GPIX
18/07/2025,18:25:51,47.61346,-52.74128,148.0,1.0,SKT-4031,1.0,1.0,GPIX
18/07/2025,18:25:59,47.61346,-52.74128,148.0,1.0,SKT-4031,1.0,1.0,GPIX
17/07/2025,03:30:08,,,,,SKT-4031,1.0,1.0,GPIX
18/07/2025,18:26:17,47.61346,-52.74128,148.0,1.0,SKT-4031,1.0,1.0,GPIX
18/07/2025,18:26:25,47.61346,-52.74128,148.0,1.0,SKT-4031,1.0,1.0,GPIX
18/07/2025,18:26:34,47.61346,-52.74128,148.0,1.0,SKT-4031,1.0,1.0,GPIX
18/07/2025,18:26:41,47.61346,-52.74128,149.0,1.0,SKT-4031,1.0,1.0,GPIX
18/07/2025,18:26:49,47.61346,-52.74128,149.0,1.0,SKT-4031,1.0,1.0,GPIX
18/07/2025,18:26:57,47.61346,-52.74128,149.0,1.0,SKT-4031,1.0,1.0,GPIX
18/07/2025,18:27:04,47.61345,-52.74128,150.0,1.0,SKT-4031,1.0,1.0,GPIX
18/07/2025,18:27:12,47.61345,-52.74128,150.0,1.0,SKT-4031,1.0,1.0,GPIX
18/07/2025,18:27:19,47.61345,-52.74128,150.0,1.0,SKT-4031,1.0,1.0,GPIX
18/07/2025,18:27:27,47.61345,-52.74128,150.0,1.0,SKT-4031,1.0,1.0,GPIX
18/07/2025,18:27:34,47.61345,-52.74128,149.0,1.0,SKT-4031,1.0,1.0,GPIX
18/07/2025,18:27:41,47.61345,-52.74128,150.0,1.0,SKT-4031,1.0,1.0,GPIX
18/07/2025,18:27:49,47.61345,-52.74128,149.0,1.0,SKT-4031,1.0,1.0,GPIX
18/07/2025,18:27:56,47.61345,-52.74128,150.0,1.0,SKT-4031,1.0,1.0,GPIX
18/07/2025,18:28:04,47.61345,-52.74128,150.0,1.0,SKT-4031,1.0,1.0,GPIX
18/07/2025,18:28:12,47.61345,-52.74128,150.0,1.0,SKT-4031,1.0,1.0,GPIX
18/07/2025,18:28:19,47.61345,-52.74128,150.0,1.0,SKT-4031,1.0,1.0,GPIX
18/07/2025,18:28:27,47.61345,-52.74128,150.0,1.0,SKT-4031,1.0,1.0,GPIX
18/07/2025,18:28:35,47.61345,-52.74128,150.0,1.0,SKT-4031,1.0,1.0,GPIX
18/07/2025,18:28:42,47.61345,-52.74128,149.0,1.0,SKT-4031,1.0,1.0,GPIX
18/07/2025,18:28:50,47.61345,-52.74129,149.0,1.0,SKT-4031,1.0,1.0,GPIX
18/07/2025,18:28:58,47.61345,-52.74129,149.0,1.0,SKT-4031,1.0,1.0,GPIX
18/07/2025,18:29:05,47.61345,-52.74129,149.0,1.0,SKT-4031,1.0,1.0,GPIX
18/07/2025,18:29:13,47.61345,-52.74129,149.0,1.0,SKT-4031,1.0,1.0,GPIX
18/07/2025,18:29:21,47.61345,-52.74129,149.0,1.0,SKT-4031,1.0,1.0,GPIX
18/07/2025,18:29:28,47.61345,-52.74129,149.0,1.0,SKT-4031,1.0,1.0,GPIX
18/07/2025,18:29:35,47.61344,-52.74129,150.0,1.0,SKT-4031,1.0,1.0,GPIX
18/07/2025,18:29:42,47.61344,-52.74128,151.0,1.0,SKT-4031,1.0,1.0,GPIX
18/07/2025,18:29:50,47.61344,-52.74128,150.0,1.0,SKT-4031,1.0,1.0,GPIX
18/07/2025,18:29:57,47.61345,-52.74128,150.0,1.0,SKT-4031,1.0,1.0,GPIX
18/07/2025,18:30:05,47.61345,-52.74128,150.0,1.0,SKT-4031,1.0,1.0,GPIX
18/07/2025,18:30:12,47.61345,-52.74128,149.0,1.0,SKT-4031,1.0,1.0,GPIX
18/07/2025,18:30:20,47.61345,-52.74128,150.0,1.0,SKT-4031,1.0,1.0,GPIX
18/07/2025,18:30:28,47.61345,-52.74128,150.0,1.0,SKT-4031,1.0,1.0,GPIX
18/07/2025,18:30:35,47.61345,-52.74128,150.0,1.0,SKT-4031,1.0,1.0,GPIX
18/07/2025,18:30:42,47.61345,-52.74128,150.0,1.0,SKT-4031,1.0,1.0,GPIX
18/07/2025,18:30:49,47.61345,-52.74128,150.0,1.0,SKT-4031,1.0,1.0,GPIX
18/07/2025,18:30:57,47.61345,-52.74128,150.0,1.0,SKT-4031,1.0,1.0,GPIX
18/07/2025,18:31:04,47.61345,-52.74128,150.0,1.0,SKT-4031,1.0,1.0,GPIX
18/07/2025,18:31:11,47.61345,-52.74128,150.0,1.0,SKT-4031,1.0,1.0,GPIX
18/07/2025,18:31:18,47.61345,-52.74128,151.0,1.0,SKT-4031,1.0,1.0,GPIX
18/07/2025,18:31:26,47.61345,-52.74128,152.0,1.0,SKT-4031,1.0,1.0,GPIX
18/07/2025,18:31:34,47.61345,-52.74128,153.0,1.0,SKT-4031,1.0,1.0,GPIX
18/07/2025,18:31:41,47.61345,-52.74128,154.0,1.0,SKT-4031,1.0,1.0,GPIX
18/07/2025,18:31:48,47.61345,-52.74128,153.0,1.0,SKT-4031,1.0,1.0,GPIX
18/07/2025,18:31:55,47.61345,-52.74128,153.0,1.0,SKT-4031,1.0,1.0,GPIX
18/07/2025,18:32:03,47.61345,-52.74128,152.0,1.0,SKT-4031,1.0,1.0,GPIX
18/07/2025,18:32:10,47.61345,-52.74128,152.0,1.0,SKT-4031,1.0,1.0,GPIX
18/07/2025,18:32:18,47.61346,-52.74128,151.0,1.0,SKT-4031,1.0,1.0,GPIX
18/07/2025,18:32:26,47.61346,-52.74128,151.0,1.0,SKT-4031,1.0,1.0,GPIX
18/07/2025,18:32:33,47.61346,-52.74128,150.0,1.0,SKT-4031,1.0,1.0,GPIX
18/07/2025,18:32:40,47.61346,-52.74128,150.0,1.0,SKT-4031,1.0,1.0,GPIX
18/07/2025,18:32:47,47.61346,-52.74128,150.0,1.0,SKT-4031,1.0,1.0,GPIX
18/07/2025,18:32:56,47.61346,-52.74128,150.0,1.0,SKT-4031,1.0,1.0,GPIX
18/07/2025,18:33:03,47.61346,-52.74128,150.0,1.0,SKT-4031,1.0,1.0,GPIX
18/07/2025,18:33:10,47.61345,-52.74127,152.0,1.0,SKT-4031,1.0,1.0,GPIX
18/07/2025,18:33:17,47.61345,-52.74127,153.0,1.0,SKT-4031,1.0,1.0,GPIX
18/07/2025,18:33:25,47.61345,-52.74127,154.0,1.0,SKT-4031,1.0,1.0,GPIX
18/07/2025,18:33:33,47.61343,-52.74126,157.0,1.0,SKT-4031,1.0,1.0,GPIX
18/07/2025,18:33:40,47.61343,-52.74126,158.0,1.0,SKT-4031,1.0,1.0,GPIX
18/07/2025,18:33:48,47.61343,-52.74127,158.0,1.0,SKT-4031,1.0,1.0,GPIX
18/07/2025,18:33:55,47.61343,-52.74126,159.0,1.0,SKT-4031,1.0,1.0,GPIX
18/07/2025,18:34:02,47.61343,-52.74126,159.0,1.0,SKT-4031,1.0,1.0,GPIX
18/07/2025,18:34:10,47.61342,-52.74126,160.0,1.0,SKT-4031,1.0,1.0,GPIX
18/07/2025,18:34:17,47.61343,-52.74126,160.0,1.0,SKT-4031,1.0,1.0,GPIX
18/07/2025,18:34:24,47.61343,-52.74127,157.0,1.0,SKT-4031,1.0,1.0,GPIX
18/07/2025,18:34:32,47.61344,-52.74127,156.0,1.0,SKT-4031,1.0,1.0,GPIX
18/07/2025,18:34:39,47.61344,-52.74128,155.0,1.0,SKT-4031,1.0,1.0,GPIX
18/07/2025,18:34:47,47.61345,-52.74128,153.0,1.0,SKT-4031,1.0,1.0,GPIX
18/07/2025,18:34:54,47.61345,-52.74128,152.0,1.0,SKT-4031,1.0,1.0,GPIX
18/07/2025,18:35:01,47.61345,-52.74129,152.0,1.0,SKT-4031,1.0,1.0,GPIX
18/07/2025,18:35:08,47.61345,-52.74129,151.0,1.0,SKT-4031,1.0,1.0,GPIX
18/07/2025,18:35:16,47.61345,-52.74129,151.0,1.0,SKT-4031,1.0,1.0,GPIX
18/07/2025,18:35:23,47.61345,-52.74129,151.0,1.0,SKT-4031,1.0,1.0,GPIX
18/07/2025,18:35:30,47.61345,-52.74129,151.0,1.0,SKT-4031,1.0,1.0,GPIX
18/07/2025,18:35:38,47.61345,-52.74129,151.0,1.0,SKT-4031,1.0,1.0,GPIX
18/07/2025,18:35:45,47.61346,-52.74128,151.0,1.0,SKT-4031,1.0,1.0,GPIX
18/07/2025,18:35:52,47.61346,-52.74128,151.0,1.0,SKT-4031,1.0,1.0,GPIX
18/07/2025,18:36:00,47.61345,-52.74128,151.0,1.0,SKT-4031,1.0,1.0,GPIX
18/07/2025,18:36:07,47.61346,-52.74128,151.0,1.0,SKT-4031,1.0,1.0,GPIX
18/07/2025,18:36:14,47.61346,-52.74128,151.0,1.0,SKT-4031,1.0,1.0,GPIX
18/07/2025,18:36:22,47.61345,-52.74128,151.0,1.0,SKT-4031,1.0,1.0,GPIX
18/07/2025,18:36:29,47.61346,-52.74128,150.0,1.0,SKT-4031,1.0,1.0,GPIX
18/07/2025,18:36:36,47.61346,-52.74128,150.0,1.0,SKT-4031,1.0,1.0,GPIX
18/07/2025,18:36:43,47.61346,-52.74128,151.0,1.0,SKT-4031,1.0,1.0,GPIX
18/07/2025,18:36:51,47.61346,-52.74129,151.0,1.0,SKT-4031,1.0,1.0,GPIX
18/07/2025,18:36:58,47.61346,-52.74129,151.0,1.0,SKT-4031,1.0,1.0,GPIX
18/07/2025,18:37:06,47.61346,-52.74129,151.0,1.0,SKT-4031,1.0,1.0,GPIX
18/07/2025,18:37:13,47.61346,-52.74129,151.0,1.0,SKT-4031,1.0,1.0,GPIX
18/07/2025,18:37:20,47.61346,-52.74129,150.0,1.0,SKT-4031,1.0,1.0,GPIX
18/07/2025,18:37:28,47.61346,-52.74128,150.0,1.0,SKT-4031,1.0,1.0,GPIX
18/07/2025,18:37:35,47.61346,-52.74128,150.0,1.0,SKT-4031,1.0,1.0,GPIX
18/07/2025,18:37:42,47.61346,-52.74128,150.0,1.0,SKT-4031,1.0,1.0,GPIX
18/07/2025,18:37:50,47.61346,-52.74129,150.0,1.0,SKT-4031,1.0,1.0,GPIX
18/07/2025,18:37:57,47.61346,-52.74129,150.0,1.0,SKT-4031,1.0,1.0,GPIX
18/07/2025,18:38:04,47.61346,-52.74129,150.0,1.0,SKT-4031,1.0,1.0,GPIX
18/07/2025,18:38:11,47.61346,-52.74129,150.0,1.0,SKT-4031,1.0,1.0,GPIX
18/07/2025,18:38:19,47.61346,-52.74128,151.0,1.0,SKT-4031,1.0,1.0,GPIX
18/07/2025,18:38:26,47.61346,-52.74128,150.0,1.0,SKT-4031,1.0,1.0,GPIX
18/07/2025,18:38:34,47.61346,-52.74128,150.0,1.0,SKT-4031,1.0,1.0,GPIX
18/07/2025,18:38:41,47.61346,-52.74129,150.0,1.0,SKT-4031,1.0,1.0,GPIX
18/07/2025,18:38:49,47.61346,-52.74129,150.0,1.0,SKT-4031,1.0,1.0,GPIX
18/07/2025,18:38:56,47.61345,-52.74128,151.0,1.0,SKT-4031,1.0,1.0,GPIX
18/07/2025,18:39:03,47.61346,-52.74128,151.0,1.0,SKT-4031,1.0,1.0,GPIX
18/07/2025,18:39:12,47.61346,-52.74128,151.0,1.0,SKT-4031,1.0,1.0,GPIX
18/07/2025,18:39:19,47.61346,-52.74128,151.0,1.0,SKT-4031,1.0,1.0,GPIX
18/07/2025,18:39:26,47.61346,-52.74128,150.0,1.0,SKT-4031,1.0,1.0,GPIX
18/07/2025,18:39:33,47.61346,-52.74127,151.0,1.0,SKT-4031,1.0,1.0,GPIX
18/07/2025,18:39:41,47.61346,-52.74127,151.0,1.0,SKT-4031,1.0,1.0,GPIX
18/07/2025,18:39:48,47.61346,-52.74127,151.0,1.0,SKT-4031,1.0,1.0,GPIX
18/07/2025,18:39:55,47.61346,-52.74127,151.0,1.0,SKT-4031,1.0,1.0,GPIX
18/07/2025,18:40:02,47.61346,-52.74127,152.0,1.0,SKT-4031,1.0,1.0,GPIX
18/07/2025,18:40:10,47.61346,-52.74127,151.0,1.0,SKT-4031,1.0,1.0,GPIX
18/07/2025,18:40:17,47.61345,-52.74127,153.0,1.0,SKT-4031,1.0,1.0,GPIX
18/07/2025,18:40:24,47.61345,-52.74127,153.0,1.0,SKT-4031,1.0,1.0,GPIX
18/07/2025,18:40:32,47.61345,-52.74128,154.0,1.0,SKT-4031,1.0,1.0,GPIX
18/07/2025,18:40:40,47.61344,-52.74127,155.0,1.0,SKT-4031,1.0,1.0,GPIX
18/07/2025,18:40:47,47.61344,-52.74127,155.0,1.0,SKT-4031,1.0,1.0,GPIX
18/07/2025,18:40:54,47.61344,-52.74127,155.0,1.0,SKT-4031,1.0,1.0,GPIX
18/07/2025,18:41:01,47.61343,-52.74127,156.0,1.0,SKT-4031,1.0,1.0,GPIX
18/07/2025,18:41:09,47.61344,-52.74127,155.0,1.0,SKT-4031,1.0,1.0,GPIX
18/07/2025,18:41:16,47.61344,-52.74127,155.0,1.0,SKT-4031,1.0,1.0,GPIX
18/07/2025,18:41:23,47.61344,-52.74127,155.0,1.0,SKT-4031,1.0,1.0,GPIX
18/07/2025,18:41:30,47.61344,-52.74128,153.0,1.0,SKT-4031,1.0,1.0,GPIX
18/07/2025,18:41:38,47.61345,-52.74128,153.0,1.0,SKT-4031,1.0,1.0,GPIX
18/07/2025,18:41:45,47.61345,-52.74128,153.0,1.0,SKT-4031,1.0,1.0,GPIX
18/07/2025,18:41:52,47.61345,-52.74128,153.0,1.0,SKT-4031,1.0,1.0,GPIX
18/07/2025,18:41:59,47.61345,-52.74128,153.0,1.0,SKT-4031,1.0,1.0,GPIX
18/07/2025,18:42:07,47.61345,-52.74128,153.0,1.0,SKT-4031,1.0,1.0,GPIX
18/07/2025,18:42:15,47.61345,-52.74128,152.0,1.0,SKT-4031,1.0,1.0,GPIX
18/07/2025,18:42:23,47.61345,-52.74128,151.0,1.0,SKT-4031,1.0,1.0,GPIX
18/07/2025,18:42:31,47.61346,-52.74128,151.0,1.0,SKT-4031,1.0,1.0,GPIX
18/07/2025,18:42:38,47.61346,-52.74128,152.0,1.0,SKT-4031,1.0,1.0,GPIX
18/07/2025,18:42:46,47.61346,-52.74128,152.0,1.0,SKT-4031,1.0,1.0,GPIX
18/07/2025,18:42:53,47.61346,-52.74128,152.0,1.0,SKT-4031,1.0,1.0,GPIX
18/07/2025,18:43:00,47.61346,-52.74128,151.0,1.0,SKT-4031,1.0,1.0,GPIX
18/07/2025,18:43:08,47.61346,-52.74128,151.0,1.0,SKT-4031,1.0,1.0,GPIX
18/07/2025,18:43:15,47.61346,-52.74128,151.0,1.0,SKT-4031,1.0,1.0,GPIX
18/07/2025,18:43:22,47.61346,-52.74128,151.0,1.0,SKT-4031,1.0,1.0,GPIX
18/07/2025,18:43:30,47.61346,-52.74128,151.0,1.0,SKT-4031,1.0,1.0,GPIX
18/07/2025,18:43:37,47.61346,-52.74128,151.0,1.0,SKT-4031,1.0,1.0,GPIX
18/07/2025,18:43:44,47.61346,-52.74128,151.0,1.0,SKT-4031,1.0,1.0,GPIX
18/07/2025,18:43:51,47.61346,-52.74128,151.0,1.0,SKT-4031,1.0,1.0,GPIX
18/07/2025,18:43:59,47.61346,-52.74128,152.0,1.0,SKT-4031,1.0,1.0,GPIX
18/07/2025,18:44:06,47.61346,-52.74128,152.0,1.0,SKT-4031,1.0,1.0,GPIX
18/07/2025,18:44:14,47.61346,-52.74127,153.0,1.0,SKT-4031,1.0,1.0,GPIX
18/07/2025,18:44:21,47.61346,-52.74127,153.0,1.0,SKT-4031,1.0,1.0,GPIX
18/07/2025,18:44:29,47.61346,-52.74127,152.0,1.0,SKT-4031,1.0,1.0,GPIX
18/07/2025,18:44:37,47.61346,-52.74127,152.0,1.0,SKT-4031,1.0,1.0,GPIX
18/07/2025,18:44:44,47.61346,-52.74127,152.0,1.0,SKT-4031,1.0,1.0,GPIX
18/07/2025,18:44:52,47.61347,-52.74127,151.0,1.0,SKT-4031,1.0,1.0,GPIX
18/07/2025,18:44:59,47.61347,-52.74127,152.0,1.0,SKT-4031,1.0,1.0,GPIX
18/07/2025,18:45:07,47.61346,-52.74126,152.0,1.0,SKT-4031,1.0,1.0,GPIX
18/07/2025,18:45:15,47.61347,-52.74126,152.0,1.0,SKT-4031,1.0,1.0,GPIX
18/07/2025,18:45:23,47.61346,-52.74126,154.0,1.0,SKT-4031,1.0,1.0,GPIX
18/07/2025,18:45:30,47.61346,-52.74126,154.0,1.0,SKT-4031,1.0,1.0,GPIX
18/07/2025,18:45:37,47.61346,-52.74127,153.0,1.0,SKT-4031,1.0,1.0,GPIX
18/07/2025,18:45:45,47.61347,-52.74127,153.0,1.0,SKT-4031,1.0,1.0,GPIX
18/07/2025,18:45:52,47.61347,-52.74127,152.0,1.0,SKT-4031,1.0,1.0,GPIX
18/07/2025,18:45:59,47.61347,-52.74128,152.0,1.0,SKT-4031,1.0,1.0,GPIX
18/07/2025,18:46:06,47.61347,-52.74128,152.0,1.0,SKT-4031,1.0,1.0,GPIX
18/07/2025,18:46:14,47.61348,-52.74128,152.0,1.0,SKT-4031,1.0,1.0,GPIX
18/07/2025,18:46:21,47.61348,-52.74128,153.0,1.0,SKT-4031,1.0,1.0,GPIX
18/07/2025,18:46:28,47.61347,-52.74128,153.0,1.0,SKT-4031,1.0,1.0,GPIX
18/07/2025,18:46:35,47.61348,-52.74128,153.0,1.0,SKT-4031,1.0,1.0,GPIX
18/07/2025,18:46:43,47.61347,-52.74128,153.0,1.0,SKT-4031,1.0,1.0,GPIX
18/07/2025,18:46:50,47.61347,-52.74128,153.0,1.0,SKT-4031,1.0,1.0,GPIX
18/07/2025,18:46:57,47.61347,-52.74128,152.0,1.0,SKT-4031,1.0,1.0,GPIX
18/07/2025,18:47:04,47.61347,-52.74128,152.0,1.0,SKT-4031,1.0,1.0,GPIX
18/07/2025,18:47:12,47.61347,-52.74128,151.0,1.0,SKT-4031,1.0,1.0,GPIX
18/07/2025,18:47:19,47.61347,-52.74128,151.0,1.0,SKT-4031,1.0,1.0,GPIX
18/07/2025,18:47:26,47.61347,-52.74128,151.0,1.0,SKT-4031,1.0,1.0,GPIX
18/07/2025,18:47:33,47.61347,-52.74128,150.0,1.0,SKT-4031,1.0,1.0,GPIX
18/07/2025,18:47:41,47.61347,-52.74129,150.0,1.0,SKT-4031,1.0,1.0,GPIX
18/07/2025,18:47:48,47.61346,-52.74129,150.0,1.0,SKT-4031,1.0,1.0,GPIX
18/07/2025,18:47:56,47.61347,-52.74129,150.0,1.0,SKT-4031,1.0,1.0,GPIX
18/07/2025,18:48:03,47.61347,-52.74129,150.0,1.0,SKT-4031,1.0,1.0,GPIX
18/07/2025,18:48:11,47.61347,-52.74128,149.0,1.0,SKT-4031,1.0,1.0,GPIX
18/07/2025,18:48:18,47.61347,-52.74129,148.0,1.0,SKT-4031,1.0,1.0,GPIX
18/07/2025,18:48:25,47.61347,-52.74128,149.0,1.0,SKT-4031,1.0,1.0,GPIX
18/07/2025,18:48:32,47.61347,-52.74129,150.0,1.0,SKT-4031,1.0,1.0,GPIX
18/07/2025,18:48:40,47.61346,-52.74129,150.0,1.0,SKT-4031,1.0,1.0,GPIX
18/07/2025,18:48:47,47.61346,-52.74128,150.0,1.0,SKT-4031,1.0,1.0,GPIX
18/07/2025,18:48:54,47.61346,-52.74128,150.0,1.0,SKT-4031,1.0,1.0,GPIX
18/07/2025,18:49:01,47.61346,-52.74128,150.0,1.0,SKT-4031,1.0,1.0,GPIX
18/07/2025,18:49:09,47.61346,-52.74128,150.0,1.0,SKT-4031,1.0,1.0,GPIX
18/07/2025,18:49:16,47.61346,-52.74128,150.0,1.0,SKT-4031,1.0,1.0,GPIX
18/07/2025,18:49:24,47.61347,-52.74129,149.0,1.0,SKT-4031,1.0,1.0,GPIX
18/07/2025,18:49:32,47.61347,-52.74128,148.0,1.0,SKT-4031,1.0,1.0,GPIX
18/07/2025,18:49:39,47.61347,-52.74128,149.0,1.0,SKT-4031,1.0,1.0,GPIX
18/07/2025,18:49:46,47.61348,-52.74128,149.0,1.0,SKT-4031,1.0,1.0,GPIX
18/07/2025,18:49:53,47.61348,-52.74128,150.0,1.0,SKT-4031,1.0,1.0,GPIX
18/07/2025,18:50:01,47.61347,-52.74128,150.0,1.0,SKT-4031,1.0,1.0,GPIX
18/07/2025,18:50:08,47.61347,-52.74128,152.0,1.0,SKT-4031,1.0,1.0,GPIX
18/07/2025,18:50:15,47.61346,-52.74128,152.0,1.0,SKT-4031,1.0,1.0,GPIX
18/07/2025,18:50:24,47.61346,-52.74128,153.0,1.0,SKT-4031,1.0,1.0,GPIX
18/07/2025,18:50:31,47.61346,-52.74129,153.0,1.0,SKT-4031,1.0,1.0,GPIX
18/07/2025,18:50:38,47.61346,-52.74129,153.0,1.0,SKT-4031,1.0,1.0,GPIX
18/07/2025,18:50:46,47.61347,-52.74129,152.0,1.0,SKT-4031,1.0,1.0,GPIX
18/07/2025,18:50:53,47.61347,-52.74129,151.0,1.0,SKT-4031,1.0,1.0,GPIX
18/07/2025,18:51:00,47.61347,-52.74129,151.0,1.0,SKT-4031,1.0,1.0,GPIX
18/07/2025,18:51:07,47.61347,-52.74128,152.0,1.0,SKT-4031,1.0,1.0,GPIX
18/07/2025,18:51:15,47.61346,-52.74128,153.0,1.0,SKT-4031,1.0,1.0,GPIX
18/07/2025,18:51:22,47.61346,-52.74128,153.0,1.0,SKT-4031,1.0,1.0,GPIX
18/07/2025,18:51:29,47.61346,-52.74128,153.0,1.0,SKT-4031,1.0,1.0,GPIX
18/07/2025,18:51:36,47.61346,-52.74128,153.0,1.0,SKT-4031,1.0,1.0,GPIX
18/07/2025,18:51:44,47.61346,-52.74128,153.0,1.0,SKT-4031,1.0,1.0,GPIX
18/07/2025,18:51:51,47.61346,-52.74128,153.0,1.0,SKT-4031,1.0,1.0,GPIX
18/07/2025,18:51:58,47.61346,-52.74128,152.0,1.0,SKT-4031,1.0,1.0,GPIX
18/07/2025,18:52:05,47.61347,-52.74128,151.0,1.0,SKT-4031,1.0,1.0,GPIX
18/07/2025,18:52:13,47.61347,-52.74128,151.0,1.0,SKT-4031,1.0,1.0,GPIX
18/07/2025,18:52:20,47.61347,-52.74128,150.0,1.0,SKT-4031,1.0,1.0,GPIX
18/07/2025,18:52:27,47.61346,-52.74128,151.0,1.0,SKT-4031,1.0,1.0,GPIX
18/07/2025,18:52:34,47.61346,-52.74128,151.0,1.0,SKT-4031,1.0,1.0,GPIX
18/07/2025,18:52:42,47.61346,-52.74128,151.0,1.0,SKT-4031,1.0,1.0,GPIX
18/07/2025,18:52:49,47.61346,-52.74129,151.0,1.0,SKT-4031,1.0,1.0,GPIX
18/07/2025,18:52:56,47.61346,-52.74129,151.0,1.0,SKT-4031,1.0,1.0,GPIX
18/07/2025,18:53:03,47.61346,-52.74129,152.0,1.0,SKT-4031,1.0,1.0,GPIX
18/07/2025,18:53:11,47.61346,-52.74129,152.0,1.0,SKT-4031,1.0,1.0,GPIX
18/07/2025,18:53:18,47.61346,-52.74129,152.0,1.0,SKT-4031,1.0,1.0,GPIX
18/07/2025,18:53:25,47.61346,-52.74129,151.0,1.0,SKT-4031,1.0,1.0,GPIX
18/07/2025,18:53:33,47.61347,-52.74129,151.0,1.0,SKT-4031,1.0,1.0,GPIX
18/07/2025,18:53:40,47.61346,-52.74129,151.0,1.0,SKT-4031,1.0,1.0,GPIX
18/07/2025,18:53:47,47.61346,-52.74128,153.0,1.0,SKT-4031,1.0,1.0,GPIX
18/07/2025,18:53:54,47.61345,-52.74128,155.0,1.0,SKT-4031,1.0,1.0,GPIX
18/07/2025,18:54:02,47.61345,-52.74128,156.0,1.0,SKT-4031,1.0,1.0,GPIX
18/07/2025,18:54:10,47.61345,-52.74128,155.0,1.0,SKT-4031,1.0,1.0,GPIX
18/07/2025,18:54:17,47.61345,-52.74129,154.0,1.0,SKT-4031,1.0,1.0,GPIX
18/07/2025,18:54:24,47.61345,-52.74128,155.0,1.0,SKT-4031,1.0,1.0,GPIX
18/07/2025,18:54:32,47.61345,-52.74128,155.0,1.0,SKT-4031,1.0,1.0,GPIX
18/07/2025,18:54:39,47.61345,-52.74128,155.0,1.0,SKT-4031,1.0,1.0,GPIX
18/07/2025,18:54:47,47.61346,-52.74128,153.0,1.0,SKT-4031,1.0,1.0,GPIX
18/07/2025,18:54:54,47.61346,-52.74128,154.0,1.0,SKT-4031,1.0,1.0,GPIX
18/07/2025,18:55:02,47.61346,-52.74128,154.0,1.0,SKT-4031,1.0,1.0,GPIX
18/07/2025,18:55:09,47.61346,-52.74128,154.0,1.0,SKT-4031,1.0,1.0,GPIX
18/07/2025,18:55:17,47.61346,-52.74128,153.0,1.0,SKT-4031,1.0,1.0,GPIX
18/07/2025,18:55:24,47.61346,-52.74128,152.0,1.0,SKT-4031,1.0,1.0,GPIX
18/07/2025,18:55:31,47.61346,-52.74128,152.0,1.0,SKT-4031,1.0,1.0,GPIX
18/07/2025,18:55:38,47.61345,-52.74128,154.0,1.0,SKT-4031,1.0,1.0,GPIX
18/07/2025,18:55:46,47.61345,-52.74128,155.0,1.0,SKT-4031,1.0,1.0,GPIX
18/07/2025,18:55:53,47.61345,-52.74128,154.0,1.0,SKT-4031,1.0,1.0,GPIX
18/07/2025,18:56:00,47.61345,-52.74128,153.0,1.0,SKT-4031,1.0,1.0,GPIX
18/07/2025,18:56:07,47.61346,-52.74128,152.0,1.0,SKT-4031,1.0,1.0,GPIX
18/07/2025,18:56:15,47.61345,-52.74127,152.0,1.0,SKT-4031,1.0,1.0,GPIX
18/07/2025,18:56:23,47.61345,-52.74127,152.0,1.0,SKT-4031,1.0,1.0,GPIX
18/07/2025,18:56:30,47.61345,-52.74127,152.0,1.0,SKT-4031,1.0,1.0,GPIX
18/07/2025,18:56:37,47.61345,-52.74128,151.0,1.0,SKT-4031,1.0,1.0,GPIX
18/07/2025,18:56:45,47.61345,-52.74128,152.0,1.0,SKT-4031,1.0,1.0,GPIX
18/07/2025,18:56:52,47.61345,-52.74128,153.0,1.0,SKT-4031,1.0,1.0,GPIX
18/07/2025,18:56:59,47.61345,-52.74128,153.0,1.0,SKT-4031,1.0,1.0,GPIX
18/07/2025,18:57:07,47.61345,-52.74128,152.0,1.0,SKT-4031,1.0,1.0,GPIX
18/07/2025,18:57:14,47.61346,-52.74128,152.0,1.0,SKT-4031,1.0,1.0,GPIX
18/07/2025,18:57:22,47.61346,-52.74128,151.0,1.0,SKT-4031,1.0,1.0,GPIX
18/07/2025,18:57:29,47.61346,-52.74128,152.0,1.0,SKT-4031,1.0,1.0,GPIX
18/07/2025,18:57:36,47.61346,-52.74128,152.0,1.0,SKT-4031,1.0,1.0,GPIX
18/07/2025,18:57:43,47.61346,-52.74128,151.0,1.0,SKT-4031,1.0,1.0,GPIX
18/07/2025,18:57:51,47.61346,-52.74128,151.0,1.0,SKT-4031,1.0,1.0,GPIX
18/07/2025,18:57:58,47.61346,-52.74128,151.0,1.0,SKT-4031,1.0,1.0,GPIX
18/07/2025,18:58:05,47.61346,-52.74128,151.0,1.0,SKT-4031,1.0,1.0,GPIX
18/07/2025,18:58:13,47.61346,-52.74128,151.0,1.0,SKT-4031,1.0,1.0,GPIX
18/07/2025,18:58:21,47.61345,-52.74129,152.0,1.0,SKT-4031,1.0,1.0,GPIX
18/07/2025,18:58:29,47.61345,-52.74129,153.0,1.0,SKT-4031,1.0,1.0,GPIX
18/07/2025,18:58:36,47.61345,-52.74129,153.0,1.0,SKT-4031,1.0,1.0,GPIX
18/07/2025,18:58:44,47.61345,-52.74129,151.0,1.0,SKT-4031,1.0,1.0,GPIX
18/07/2025,18:58:51,47.61346,-52.74129,151.0,1.0,SKT-4031,1.0,1.0,GPIX
18/07/2025,18:58:59,47.61346,-52.74129,151.0,1.0,SKT-4031,1.0,1.0,GPIX
18/07/2025,18:59:06,47.61345,-52.74128,152.0,1.0,SKT-4031,1.0,1.0,GPIX
18/07/2025,18:59:13,47.61345,-52.74128,152.0,1.0,SKT-4031,1.0,1.0,GPIX
18/07/2025,18:59:21,47.61345,-52.74128,153.0,1.0,SKT-4031,1.0,1.0,GPIX
18/07/2025,18:59:28,47.61346,-52.74128,153.0,1.0,SKT-4031,1.0,1.0,GPIX
18/07/2025,18:59:35,47.61345,-52.74128,154.0,1.0,SKT-4031,1.0,1.0,GPIX
18/07/2025,18:59:42,47.61345,-52.74128,154.0,1.0,SKT-4031,1.0,1.0,GPIX
18/07/2025,18:59:50,47.61345,-52.74128,154.0,1.0,SKT-4031,1.0,1.0,GPIX
18/07/2025,18:59:57,47.61345,-52.74128,155.0,1.0,SKT-4031,1.0,1.0,GPIX
18/07/2025,19:00:04,47.61345,-52.74128,155.0,1.0,SKT-4031,1.0,1.0,GPIX
18/07/2025,19:00:11,47.61344,-52.74128,156.0,1.0,SKT-4031,1.0,1.0,GPIX
18/07/2025,19:00:19,47.61344,-52.74128,155.0,1.0,SKT-4031,1.0,1.0,GPIX
18/07/2025,19:00:27,47.61345,-52.74128,154.0,1.0,SKT-4031,1.0,1.0,GPIX
18/07/2025,19:00:35,47.61345,-52.74128,153.0,1.0,SKT-4031,1.0,1.0,GPIX
18/07/2025,19:00:43,47.61345,-52.74128,153.0,1.0,SKT-4031,1.0,1.0,GPIX
18/07/2025,19:00:50,47.61345,-52.74128,153.0,1.0,SKT-4031,1.0,1.0,GPIX
18/07/2025,19:00:58,47.61346,-52.74128,154.0,1.0,SKT-4031,1.0,1.0,GPIX
18/07/2025,19:01:05,47.61345,-52.74128,154.0,1.0,SKT-4031,1.0,1.0,GPIX
18/07/2025,19:01:12,47.61345,-52.74128,154.0,1.0,SKT-4031,1.0,1.0,GPIX
18/07/2025,19:01:19,47.61345,-52.74128,154.0,1.0,SKT-4031,1.0,1.0,GPIX
18/07/2025,19:01:27,47.61345,-52.74128,154.0,1.0,SKT-4031,1.0,1.0,GPIX
18/07/2025,19:01:34,47.61345,-52.74128,155.0,1.0,SKT-4031,1.0,1.0,GPIX
18/07/2025,19:01:41,47.61345,-52.74128,155.0,1.0,SKT-4031,1.0,1.0,GPIX
18/07/2025,19:01:49,47.61345,-52.74128,154.0,1.0,SKT-4031,1.0,1.0,GPIX
18/07/2025,19:01:56,47.61346,-52.74128,154.0,1.0,SKT-4031,1.0,1.0,GPIX
18/07/2025,19:02:03,47.61346,-52.74128,153.0,1.0,SKT-4031,1.0,1.0,GPIX
18/07/2025,19:02:10,47.61346,-52.74128,153.0,1.0,SKT-4031,1.0,1.0,GPIX
18/07/2025,19:02:18,47.61346,-52.74128,153.0,1.0,SKT-4031,1.0,1.0,GPIX
18/07/2025,19:02:25,47.61346,-52.74128,152.0,1.0,SKT-4031,1.0,1.0,GPIX
18/07/2025,19:02:32,47.61345,-52.74128,153.0,1.0,SKT-4031,1.0,1.0,GPIX
18/07/2025,19:02:39,47.61346,-52.74128,154.0,1.0,SKT-4031,1.0,1.0,GPIX
18/07/2025,19:02:47,47.61346,-52.74128,155.0,1.0,SKT-4031,1.0,1.0,GPIX
18/07/2025,19:02:54,47.61346,-52.74128,155.0,1.0,SKT-4031,1.0,1.0,GPIX
18/07/2025,19:03:01,47.61346,-52.74128,154.0,1.0,SKT-4031,1.0,1.0,GPIX
18/07/2025,19:03:09,47.61346,-52.74128,154.0,1.0,SKT-4031,1.0,1.0,GPIX
18/07/2025,19:03:17,47.61346,-52.74129,154.0,1.0,SKT-4031,1.0,1.0,GPIX
18/07/2025,19:03:24,47.61346,-52.74129,153.0,1.0,SKT-4031,1.0,1.0,GPIX
18/07/2025,19:03:31,47.61346,-52.74129,153.0,1.0,SKT-4031,1.0,1.0,GPIX
18/07/2025,19:03:39,47.61346,-52.74129,155.0,1.0,SKT-4031,1.0,1.0,GPIX
18/07/2025,19:03:46,47.61346,-52.74129,156.0,1.0,SKT-4031,1.0,1.0,GPIX
18/07/2025,19:03:53,47.61346,-52.74129,156.0,1.0,SKT-4031,1.0,1.0,GPIX
18/07/2025,19:04:00,47.61346,-52.74129,155.0,1.0,SKT-4031,1.0,1.0,GPIX
18/07/2025,19:04:08,47.61346,-52.74129,155.0,1.0,SKT-4031,1.0,1.0,GPIX
18/07/2025,19:04:15,47.61346,-52.74128,154.0,1.0,SKT-4031,1.0,1.0,GPIX
18/07/2025,19:04:23,47.61346,-52.74128,153.0,1.0,SKT-4031,1.0,1.0,GPIX
18/07/2025,19:04:31,47.61347,-52.74128,153.0,1.0,SKT-4031,1.0,1.0,GPIX
18/07/2025,19:04:38,47.61347,-52.74128,153.0,1.0,SKT-4031,1.0,1.0,GPIX
18/07/2025,19:04:45,47.61347,-52.74128,152.0,1.0,SKT-4031,1.0,1.0,GPIX
18/07/2025,19:04:52,47.61349,-52.74123,152.0,1.0,SKT-4031,1.0,1.0,GPIX
18/07/2025,19:05:00,47.61351,-52.74114,151.0,1.0,SKT-4031,1.0,1.0,GPIX
18/07/2025,19:05:07,47.61355,-52.74104,151.0,1.0,SKT-4031,1.0,1.0,GPIX
18/07/2025,19:05:14,47.6136,-52.74093,150.0,1.0,SKT-4031,1.0,1.0,GPIX
18/07/2025,19:05:23,47.61369,-52.74079,150.0,1.0,SKT-4031,1.0,1.0,GPIX
18/07/2025,19:05:31,47.61378,-52.74064,150.0,1.0,SKT-4031,1.0,1.0,GPIX
18/07/2025,19:05:39,47.61382,-52.74055,149.0,1.0,SKT-4031,1.0,1.0,GPIX
18/07/2025,19:05:46,47.61384,-52.74047,149.0,1.0,SKT-4031,1.0,1.0,GPIX
18/07/2025,19:05:54,47.61385,-52.74044,149.0,1.0,SKT-4031,1.0,1.0,GPIX
18/07/2025,19:06:01,47.61383,-52.7405,149.0,1.0,SKT-4031,1.0,1.0,GPIX
18/07/2025,19:06:08,47.61381,-52.7406,149.0,1.0,SKT-4031,1.0,1.0,GPIX
18/07/2025,19:06:15,47.61383,-52.74068,149.0,1.0,SKT-4031,1.0,1.0,GPIX
18/07/2025,19:06:23,47.6139,-52.7408,149.0,1.0,SKT-4031,1.0,1.0,GPIX
18/07/2025,19:06:31,47.61397,-52.74093,149.0,1.0,SKT-4031,1.0,1.0,GPIX
18/07/2025,19:06:38,47.61401,-52.74106,149.0,1.0,SKT-4031,1.0,1.0,GPIX
18/07/2025,19:06:45,47.61405,-52.74118,148.0,1.0,SKT-4031,1.0,1.0,GPIX
18/07/2025,19:06:53,47.61407,-52.74125,148.0,1.0,SKT-4031,1.0,1.0,GPIX
18/07/2025,19:07:01,47.61407,-52.74125,147.0,1.0,SKT-4031,1.0,1.0,GPIX
18/07/2025,19:07:08,47.61407,-52.74125,147.0,1.0,SKT-4031,1.0,1.0,GPIX
18/07/2025,19:07:15,47.61407,-52.74126,147.0,1.0,SKT-4031,1.0,1.0,GPIX
18/07/2025,19:07:22,47.61407,-52.74125,147.0,1.0,SKT-4031,1.0,1.0,GPIX
18/07/2025,19:07:30,47.61407,-52.74125,147.0,1.0,SKT-4031,1.0,1.0,GPIX
18/07/2025,19:07:37,47.61407,-52.74125,147.0,1.0,SKT-4031,1.0,1.0,GPIX
18/07/2025,19:07:44,47.61407,-52.74125,147.0,1.0,SKT-4031,1.0,1.0,GPIX
18/07/2025,19:07:52,47.61407,-52.74125,147.0,1.0,SKT-4031,1.0,1.0,GPIX
18/07/2025,19:07:59,47.61407,-52.74125,148.0,1.0,SKT-4031,1.0,1.0,GPIX
18/07/2025,19:08:06,47.61407,-52.74125,148.0,1.0,SKT-4031,1.0,1.0,GPIX
18/07/2025,19:08:13,47.61407,-52.74125,148.0,1.0,SKT-4031,1.0,1.0,GPIX
18/07/2025,19:08:21,47.61407,-52.74125,148.0,1.0,SKT-4031,1.0,1.0,GPIX
18/07/2025,19:08:28,47.61407,-52.74125,148.0,1.0,SKT-4031,1.0,1.0,GPIX
18/07/2025,19:08:35,47.61407,-52.74125,148.0,1.0,SKT-4031,1.0,1.0,GPIX
18/07/2025,19:08:42,47.61407,-52.74125,148.0,1.0,SKT-4031,1.0,1.0,GPIX
18/07/2025,19:08:50,47.61407,-52.74125,148.0,1.0,SKT-4031,1.0,1.0,GPIX
18/07/2025,19:08:58,47.61407,-52.74125,148.0,1.0,SKT-4031,1.0,1.0,GPIX
18/07/2025,19:09:05,47.61407,-52.74125,148.0,1.0,SKT-4031,1.0,1.0,GPIX
18/07/2025,19:09:12,47.61407,-52.74125,148.0,1.0,SKT-4031,1.0,1.0,GPIX
18/07/2025,19:09:20,47.61407,-52.74125,149.0,1.0,SKT-4031,1.0,1.0,GPIX
18/07/2025,19:09:27,47.61407,-52.74125,149.0,1.0,SKT-4031,1.0,1.0,GPIX
18/07/2025,19:09:34,47.61407,-52.74125,149.0,1.0,SKT-4031,1.0,1.0,GPIX
18/07/2025,19:09:42,47.61407,-52.74125,149.0,1.0,SKT-4031,1.0,1.0,GPIX
18/07/2025,19:09:49,47.61407,-52.74125,149.0,1.0,SKT-4031,1.0,1.0,GPIX
18/07/2025,19:09:56,47.61407,-52.74125,149.0,1.0,SKT-4031,1.0,1.0,GPIX
18/07/2025,19:10:03,47.61407,-52.74125,149.0,1.0,SKT-4031,1.0,1.0,GPIX
18/07/2025,19:10:11,47.61407,-52.74125,149.0,1.0,SKT-4031,1.0,1.0,GPIX
18/07/2025,19:10:18,47.61407,-52.74125,149.0,1.0,SKT-4031,1.0,1.0,GPIX
18/07/2025,19:10:25,47.61407,-52.74125,149.0,1.0,SKT-4031,1.0,1.0,GPIX
18/07/2025,19:10:32,47.61407,-52.74125,149.0,1.0,SKT-4031,1.0,1.0,GPIX
18/07/2025,19:10:40,47.61407,-52.74126,149.0,1.0,SKT-4031,1.0,1.0,GPIX
18/07/2025,19:10:47,47.61407,-52.74126,149.0,1.0,SKT-4031,1.0,1.0,GPIX
18/07/2025,19:10:54,47.61407,-52.74126,149.0,1.0,SKT-4031,1.0,1.0,GPIX
18/07/2025,19:11:02,47.61407,-52.74126,149.0,1.0,SKT-4031,1.0,1.0,GPIX
18/07/2025,19:11:09,47.61407,-52.74126,148.0,1.0,SKT-4031,1.0,1.0,GPIX
18/07/2025,19:11:16,47.61407,-52.74126,148.0,1.0,SKT-4031,1.0,1.0,GPIX
18/07/2025,19:11:24,47.61408,-52.74128,148.0,1.0,SKT-4031,1.0,1.0,GPIX
18/07/2025,19:11:31,47.61412,-52.74142,148.0,1.0,SKT-4031,1.0,1.0,GPIX
18/07/2025,19:11:38,47.61419,-52.74165,148.0,1.0,SKT-4031,1.0,1.0,GPIX
18/07/2025,19:11:45,47.61428,-52.74195,148.0,1.0,SKT-4031,1.0,1.0,GPIX
18/07/2025,19:11:53,47.61439,-52.74234,149.0,1.0,SKT-4031,1.0,1.0,GPIX
18/07/2025,19:12:01,47.61451,-52.74277,149.0,1.0,SKT-4031,1.0,1.0,GPIX
18/07/2025,19:12:08,47.61463,-52.74316,149.0,1.0,SKT-4031,1.0,1.0,GPIX
18/07/2025,19:12:15,47.61482,-52.74348,148.0,1.0,SKT-4031,1.0,1.0,GPIX
18/07/2025,19:12:23,47.61518,-52.74343,148.0,1.0,SKT-4031,1.0,1.0,GPIX
18/07/2025,19:12:30,47.61546,-52.74303,147.0,1.0,SKT-4031,1.0,1.0,GPIX
18/07/2025,19:12:37,47.61575,-52.74255,146.0,1.0,SKT-4031,1.0,1.0,GPIX
18/07/2025,19:12:44,47.61606,-52.74202,146.0,1.0,SKT-4031,1.0,1.0,GPIX
18/07/2025,19:12:52,47.61642,-52.74141,146.0,1.0,SKT-4031,1.0,1.0,GPIX
18/07/2025,19:12:59,47.61672,-52.74084,146.0,1.0,SKT-4031,1.0,1.0,GPIX
18/07/2025,19:13:06,47.6167,-52.74022,146.0,1.0,SKT-4031,1.0,1.0,GPIX
18/07/2025,19:13:14,47.61637,-52.73972,146.0,1.0,SKT-4031,1.0,1.0,GPIX
18/07/2025,19:13:21,47.61609,-52.73928,146.0,1.0,SKT-4031,1.0,1.0,GPIX
18/07/2025,19:13:29,47.61606,-52.73877,145.0,1.0,SKT-4031,1.0,1.0,GPIX
18/07/2025,19:13:36,47.6163,-52.73861,145.0,1.0,SKT-4031,1.0,1.0,GPIX
18/07/2025,19:13:43,47.61659,-52.73863,145.0,1.0,SKT-4031,1.0,1.0,GPIX
18/07/2025,19:13:51,47.61694,-52.73867,145.0,1.0,SKT-4031,1.0,1.0,GPIX
18/07/2025,19:13:58,47.61729,-52.7387,146.0,1.0,SKT-4031,1.0,1.0,GPIX
18/07/2025,19:14:05,47.61766,-52.73874,146.0,1.0,SKT-4031,1.0,1.0,GPIX
18/07/2025,19:14:13,47.61811,-52.73878,146.0,1.0,SKT-4031,1.0,1.0,GPIX
18/07/2025,19:14:20,47.61856,-52.73882,146.0,1.0,SKT-4031,1.0,1.0,GPIX
18/07/2025,19:14:27,47.61913,-52.73888,146.0,1.0,SKT-4031,1.0,1.0,GPIX
18/07/2025,19:14:34,47.61979,-52.73895,146.0,1.0,SKT-4031,1.0,1.0,GPIX
18/07/2025,19:14:42,47.62059,-52.73902,147.0,1.0,SKT-4031,1.0,1.0,GPIX
18/07/2025,19:14:49,47.62127,-52.73909,147.0,1.0,SKT-4031,1.0,1.0,GPIX
18/07/2025,19:14:56,47.62188,-52.73915,147.0,1.0,SKT-4031,1.0,1.0,GPIX
18/07/2025,19:15:04,47.62248,-52.7392,147.0,1.0,SKT-4031,1.0,1.0,GPIX
18/07/2025,19:15:11,47.62273,-52.73923,147.0,1.0,SKT-4031,1.0,1.0,GPIX
18/07/2025,19:15:18,47.62276,-52.73923,146.0,1.0,SKT-4031,1.0,1.0,GPIX
18/07/2025,19:15:26,47.62276,-52.73923,147.0,1.0,SKT-4031,1.0,1.0,GPIX
18/07/2025,19:15:33,47.62276,-52.73923,147.0,1.0,SKT-4031,1.0,1.0,GPIX
18/07/2025,19:15:40,47.62276,-52.73923,146.0,1.0,SKT-4031,1.0,1.0,GPIX
18/07/2025,19:15:47,47.62276,-52.73923,146.0,1.0,SKT-4031,1.0,1.0,GPIX
18/07/2025,19:15:55,47.62276,-52.73923,146.0,1.0,SKT-4031,1.0,1.0,GPIX
18/07/2025,19:16:02,47.62276,-52.73923,146.0,1.0,SKT-4031,1.0,1.0,GPIX
18/07/2025,19:16:09,47.62276,-52.73923,146.0,1.0,SKT-4031,1.0,1.0,GPIX
18/07/2025,19:16:16,47.62276,-52.73923,145.0,1.0,SKT-4031,1.0,1.0,GPIX
18/07/2025,19:16:24,47.62276,-52.73923,145.0,1.0,SKT-4031,1.0,1.0,GPIX
18/07/2025,19:16:31,47.62276,-52.73923,145.0,1.0,SKT-4031,1.0,1.0,GPIX
18/07/2025,19:16:38,47.62276,-52.73923,145.0,1.0,SKT-4031,1.0,1.0,GPIX
18/07/2025,19:16:46,47.62276,-52.73923,145.0,1.0,SKT-4031,1.0,1.0,GPIX
18/07/2025,19:16:53,47.62276,-52.73923,145.0,1.0,SKT-4031,1.0,1.0,GPIX
18/07/2025,19:17:00,47.62276,-52.73923,145.0,1.0,SKT-4031,1.0,1.0,GPIX
18/07/2025,19:17:07,47.62276,-52.73923,145.0,1.0,SKT-4031,1.0,1.0,GPIX
18/07/2025,19:17:15,47.62276,-52.73923,145.0,1.0,SKT-4031,1.0,1.0,GPIX
18/07/2025,19:17:22,47.62276,-52.73922,145.0,1.0,SKT-4031,1.0,1.0,GPIX
18/07/2025,19:17:29,47.62276,-52.73922,145.0,1.0,SKT-4031,1.0,1.0,GPIX
18/07/2025,19:17:37,47.62276,-52.73922,145.0,1.0,SKT-4031,1.0,1.0,GPIX
18/07/2025,19:17:44,47.62276,-52.73922,145.0,1.0,SKT-4031,1.0,1.0,GPIX
18/07/2025,19:17:51,47.62276,-52.73922,145.0,1.0,SKT-4031,1.0,1.0,GPIX
18/07/2025,19:17:58,47.62276,-52.73923,145.0,1.0,SKT-4031,1.0,1.0,GPIX
18/07/2025,19:18:06,47.62276,-52.73923,145.0,1.0,SKT-4031,1.0,1.0,GPIX
18/07/2025,19:18:13,47.62276,-52.73923,145.0,1.0,SKT-4031,1.0,1.0,GPIX
18/07/2025,19:18:20,47.62276,-52.73922,146.0,1.0,SKT-4031,1.0,1.0,GPIX
18/07/2025,19:18:27,47.62277,-52.73922,146.0,1.0,SKT-4031,1.0,1.0,GPIX
18/07/2025,19:18:35,47.62277,-52.73923,146.0,1.0,SKT-4031,1.0,1.0,GPIX
18/07/2025,19:18:43,47.62277,-52.73923,146.0,1.0,SKT-4031,1.0,1.0,GPIX
18/07/2025,19:18:51,47.62276,-52.73923,146.0,1.0,SKT-4031,1.0,1.0,GPIX
18/07/2025,19:18:58,47.62276,-52.73923,146.0,1.0,SKT-4031,1.0,1.0,GPIX
18/07/2025,19:19:06,47.62276,-52.73923,146.0,1.0,SKT-4031,1.0,1.0,GPIX
18/07/2025,19:19:14,47.62276,-52.73923,146.0,1.0,SKT-4031,1.0,1.0,GPIX
18/07/2025,19:19:21,47.62276,-52.73923,146.0,1.0,SKT-4031,1.0,1.0,GPIX
18/07/2025,19:19:28,47.62276,-52.73923,145.0,1.0,SKT-4031,1.0,1.0,GPIX
18/07/2025,19:19:35,47.62276,-52.73923,145.0,1.0,SKT-4031,1.0,1.0,GPIX
18/07/2025,19:19:43,47.62276,-52.73923,145.0,1.0,SKT-4031,1.0,1.0,GPIX
18/07/2025,19:19:50,47.62276,-52.73923,145.0,1.0,SKT-4031,1.0,1.0,GPIX
18/07/2025,19:19:58,47.62276,-52.73923,145.0,1.0,SKT-4031,1.0,1.0,GPIX
18/07/2025,19:20:05,47.62276,-52.73923,145.0,1.0,SKT-4031,1.0,1.0,GPIX
18/07/2025,19:20:12,47.62276,-52.73923,145.0,1.0,SKT-4031,1.0,1.0,GPIX
18/07/2025,19:20:20,47.62276,-52.73923,145.0,1.0,SKT-4031,1.0,1.0,GPIX
18/07/2025,19:20:27,47.62276,-52.73923,145.0,1.0,SKT-4031,1.0,1.0,GPIX
18/07/2025,19:20:35,47.62276,-52.73923,145.0,1.0,SKT-4031,1.0,1.0,GPIX
18/07/2025,19:20:43,47.62276,-52.73923,145.0,1.0,SKT-4031,1.0,1.0,GPIX
17/07/2025,04:24:52,,,,,SKT-4031,1.0,1.0,GPIX
18/07/2025,19:21:02,47.62275,-52.73923,144.0,1.0,SKT-4031,1.0,1.0,GPIX
18/07/2025,19:21:10,47.62275,-52.73923,144.0,1.0,SKT-4031,1.0,1.0,GPIX
18/07/2025,19:21:18,47.62276,-52.73923,144.0,1.0,SKT-4031,1.0,1.0,GPIX
18/07/2025,19:21:27,47.62276,-52.73923,144.0,1.0,SKT-4031,1.0,1.0,GPIX
18/07/2025,19:21:35,47.62276,-52.73923,144.0,1.0,SKT-4031,1.0,1.0,GPIX
17/07/2025,04:25:45,,,,,SKT-4031,1.0,1.0,GPIX
17/07/2025,04:25:55,,,,,SKT-4031,1.0,0.0,GPIX
17/07/2025,04:26:05,,,,,SKT-4031,1.0,0.0,GPIX
17/07/2025,04:26:15,,,,,SKT-4031,1.0,0.0,GPIX
17/07/2025,04:26:23,,,,,SKT-4031,1.0,0.0,GPIX
17/07/2025,04:26:32,,,,,SKT-4031,1.0,0.0,GPIX
17/07/2025,04:26:42,,,,,SKT-4031,1.0,0.0,GPIX
17/07/2025,04:26:51,,,,,SKT-4031,1.0,0.0,GPIX
17/07/2025,04:27:00,,,,,SKT-4031,1.0,0.0,GPIX
17/07/2025,04:27:09,,,,,SKT-4031,1.0,0.0,GPIX
17/07/2025,04:27:18,,,,,SKT-4031,1.0,0.0,GPIX
17/07/2025,04:27:28,,,,,SKT-4031,1.0,0.0,GPIX
17/07/2025,04:27:37,,,,,SKT-4031,1.0,0.0,GPIX
17/07/2025,04:27:46,,,,,SKT-4031,1.0,0.0,GPIX
18/07/2025,19:23:54,47.62419,-52.73936,145.0,1.0,SKT-4031,1.0,1.0,GPIX
18/07/2025,19:24:02,47.62472,-52.7394,146.0,1.0,SKT-4031,1.0,1.0,GPIX
18/07/2025,19:24:09,47.62509,-52.73947,145.0,1.0,SKT-4031,1.0,1.0,GPIX
18/07/2025,19:24:17,47.62518,-52.73969,145.0,1.0,SKT-4031,1.0,1.0,GPIX
18/07/2025,19:24:24,47.62518,-52.73975,145.0,1.0,SKT-4031,1.0,1.0,GPIX
18/07/2025,19:24:32,47.62518,-52.73975,145.0,1.0,SKT-4031,1.0,1.0,GPIX
18/07/2025,19:24:39,47.62518,-52.73975,145.0,1.0,SKT-4031,1.0,1.0,GPIX
18/07/2025,19:24:46,47.62518,-52.73975,145.0,1.0,SKT-4031,1.0,1.0,GPIX
18/07/2025,19:24:54,47.62518,-52.73979,146.0,1.0,SKT-4031,1.0,1.0,GPIX
18/07/2025,19:25:02,47.62511,-52.74097,146.0,1.0,SKT-4031,1.0,1.0,GPIX
18/07/2025,19:25:10,47.62495,-52.7445,146.0,1.0,SKT-4031,1.0,1.0,GPIX
18/07/2025,19:25:17,47.62471,-52.74934,148.0,1.0,SKT-4031,1.0,1.0,GPIX
18/07/2025,19:25:24,47.62442,-52.75557,150.0,1.0,SKT-4031,1.0,1.0,GPIX
18/07/2025,19:25:33,47.62408,-52.76489,193.0,0.0,SKT-4031,1.0,1.0,GPIX
18/07/2025,19:25:40,47.62399,-52.77259,258.0,0.0,SKT-4031,1.0,1.0,GPIX
18/07/2025,19:25:47,47.62407,-52.78053,345.0,0.0,SKT-4031,1.0,1.0,GPIX
18/07/2025,19:25:55,47.62446,-52.78979,455.0,0.0,SKT-4031,1.0,1.0,GPIX
18/07/2025,19:26:02,47.62502,-52.79792,562.0,0.0,SKT-4031,1.0,1.0,GPIX
18/07/2025,19:26:10,47.62584,-52.80728,666.0,0.0,SKT-4031,1.0,1.0,GPIX
18/07/2025,19:26:18,47.62676,-52.81669,760.0,0.0,SKT-4031,1.0,1.0,GPIX
18/07/2025,19:26:27,47.62795,-52.82743,859.0,0.0,SKT-4031,1.0,1.0,GPIX
18/07/2025,19:26:35,47.62914,-52.83713,941.0,0.0,SKT-4031,1.0,1.0,GPIX
18/07/2025,19:26:43,47.63004,-52.84693,1026.0,0.0,SKT-4031,1.0,1.0,GPIX
18/07/2025,19:26:53,47.62865,-52.85883,1115.0,0.0,SKT-4031,1.0,1.0,GPIX
18/07/2025,19:27:02,47.62639,-52.86936,1207.0,0.0,SKT-4031,1.0,1.0,GPIX
18/07/2025,19:27:12,47.62387,-52.8813,1315.0,0.0,SKT-4031,1.0,1.0,GPIX
18/07/2025,19:27:20,47.6217,-52.89084,1407.0,0.0,SKT-4031,1.0,1.0,GPIX
18/07/2025,19:27:30,47.61871,-52.90263,1524.0,0.0,SKT-4031,1.0,1.0,GPIX
18/07/2025,19:27:41,47.61527,-52.91565,1646.0,0.0,SKT-4031,1.0,1.0,GPIX
18/07/2025,19:27:49,47.61277,-52.92535,1722.0,0.0,SKT-4031,1.0,1.0,GPIX
18/07/2025,19:27:58,47.60999,-52.93652,1809.0,0.0,SKT-4031,1.0,1.0,GPIX
18/07/2025,19:28:06,47.60744,-52.94656,1887.0,0.0,SKT-4031,1.0,1.0,GPIX
18/07/2025,19:28:14,47.60492,-52.95675,1969.0,0.0,SKT-4031,1.0,0.0,GPIX
18/07/2025,19:28:22,47.60361,-52.96773,2041.0,0.0,SKT-4031,1.0,0.0,GPIX
18/07/2025,19:28:30,47.60436,-52.97935,2116.0,0.0,SKT-4031,1.0,0.0,GPIX
18/07/2025,19:28:38,47.60614,-52.99106,2194.0,0.0,SKT-4031,1.0,0.0,GPIX
18/07/2025,19:28:46,47.6081,-53.00282,2271.0,0.0,SKT-4031,1.0,0.0,GPIX
18/07/2025,19:28:54,47.60998,-53.01465,2351.0,0.0,SKT-4031,1.0,0.0,GPIX
18/07/2025,19:29:02,47.61179,-53.02653,2434.0,0.0,SKT-4031,1.0,0.0,GPIX
18/07/2025,19:29:10,47.61358,-53.03842,2517.0,0.0,SKT-4031,1.0,0.0,GPIX
18/07/2025,19:29:18,47.6154,-53.05034,2597.0,0.0,SKT-4031,1.0,0.0,GPIX
18/07/2025,19:29:26,47.61728,-53.06229,2677.0,0.0,SKT-4031,1.0,0.0,GPIX
18/07/2025,19:29:34,47.61921,-53.07425,2758.0,0.0,SKT-4031,1.0,0.0,GPIX
18/07/2025,19:29:42,47.62118,-53.08621,2839.0,0.0,SKT-4031,1.0,0.0,GPIX
18/07/2025,19:29:50,47.62317,-53.09814,2917.0,0.0,SKT-4031,1.0,0.0,GPIX
18/07/2025,19:29:58,47.62516,-53.11006,2997.0,0.0,SKT-4031,1.0,0.0,GPIX
18/07/2025,19:30:07,47.62741,-53.12344,3084.0,0.0,SKT-4031,1.0,0.0,GPIX
18/07/2025,19:30:15,47.62939,-53.13532,3161.0,0.0,SKT-4031,1.0,0.0,GPIX
18/07/2025,19:30:23,47.63133,-53.14721,3234.0,0.0,SKT-4031,1.0,0.0,GPIX
18/07/2025,19:30:31,47.63254,-53.15917,3304.0,0.0,SKT-4031,1.0,0.0,GPIX
18/07/2025,19:30:39,47.63257,-53.17105,3382.0,0.0,SKT-4031,1.0,0.0,GPIX
18/07/2025,19:30:47,47.6318,-53.18272,3462.0,0.0,SKT-4031,1.0,0.0,GPIX
18/07/2025,19:30:55,47.63061,-53.19424,3536.0,0.0,SKT-4031,1.0,0.0,GPIX
18/07/2025,19:31:03,47.62926,-53.20568,3604.0,0.0,SKT-4031,1.0,0.0,GPIX
18/07/2025,19:31:11,47.62784,-53.2171,3667.0,0.0,SKT-4031,1.0,0.0,GPIX
18/07/2025,19:31:19,47.62638,-53.22853,3734.0,0.0,SKT-4031,1.0,0.0,GPIX
18/07/2025,19:31:27,47.62495,-53.23999,3802.0,0.0,SKT-4031,1.0,0.0,GPIX
18/07/2025,19:31:35,47.62358,-53.25147,3872.0,0.0,SKT-4031,1.0,0.0,GPIX
17/07/2025,04:35:45,,,,,SKT-4031,1.0,0.0,GPIX
17/07/2025,04:35:55,,,,,SKT-4031,1.0,0.0,GPIX
17/07/2025,04:36:05,,,,,SKT-4031,1.0,0.0,GPIX
17/07/2025,04:36:14,,,,,SKT-4031,1.0,0.0,GPIX
18/07/2025,19:32:23,47.61612,-53.32329,4246.0,0.0,SKT-4031,1.0,0.0,GPIX
18/07/2025,19:32:31,47.61499,-53.33519,4305.0,0.0,SKT-4031,1.0,0.0,GPIX
18/07/2025,19:32:39,47.61386,-53.3471,4367.0,0.0,SKT-4031,1.0,0.0,GPIX
18/07/2025,19:32:47,47.61274,-53.35903,4429.0,0.0,SKT-4031,1.0,0.0,GPIX
18/07/2025,19:32:55,47.61162,-53.37099,4487.0,0.0,SKT-4031,1.0,0.0,GPIX
18/07/2025,19:33:03,47.61051,-53.383,4542.0,0.0,SKT-4031,1.0,0.0,GPIX
18/07/2025,19:33:11,47.6094,-53.39505,4596.0,0.0,SKT-4031,1.0,0.0,GPIX
18/07/2025,19:33:19,47.60829,-53.40713,4650.0,0.0,SKT-4031,1.0,0.0,GPIX
18/07/2025,19:33:27,47.60718,-53.41924,4702.0,0.0,SKT-4031,1.0,0.0,GPIX
18/07/2025,19:33:35,47.60607,-53.43136,4754.0,0.0,SKT-4031,1.0,0.0,GPIX
18/07/2025,19:33:43,47.60495,-53.44352,4803.0,0.0,SKT-4031,1.0,0.0,GPIX
18/07/2025,19:33:51,47.60382,-53.4557,4851.0,0.0,SKT-4031,1.0,0.0,GPIX
18/07/2025,19:34:00,47.60256,-53.46946,4905.0,0.0,SKT-4031,1.0,0.0,GPIX
18/07/2025,19:34:08,47.60142,-53.48172,4954.0,0.0,SKT-4031,1.0,0.0,GPIX
18/07/2025,19:34:16,47.60026,-53.49401,5002.0,0.0,SKT-4031,1.0,0.0,GPIX
18/07/2025,19:34:24,47.5991,-53.50636,5050.0,0.0,SKT-4031,1.0,0.0,GPIX
18/07/2025,19:34:32,47.59793,-53.51873,5102.0,0.0,SKT-4031,1.0,0.0,GPIX
18/07/2025,19:34:40,47.59677,-53.53115,5154.0,0.0,SKT-4031,1.0,0.0,GPIX
18/07/2025,19:34:48,47.59562,-53.5436,5204.0,0.0,SKT-4031,1.0,0.0,GPIX
18/07/2025,19:34:56,47.59446,-53.55608,5252.0,0.0,SKT-4031,1.0,0.0,GPIX
18/07/2025,19:35:04,47.59329,-53.56857,5298.0,0.0,SKT-4031,1.0,0.0,GPIX
18/07/2025,19:35:12,47.59211,-53.5811,5345.0,0.0,SKT-4031,1.0,0.0,GPIX
18/07/2025,19:35:20,47.59092,-53.59366,5393.0,0.0,SKT-4031,1.0,0.0,GPIX
18/07/2025,19:35:28,47.58972,-53.60624,5442.0,0.0,SKT-4031,1.0,0.0,GPIX
18/07/2025,19:35:36,47.58852,-53.61883,5492.0,0.0,SKT-4031,1.0,0.0,GPIX
18/07/2025,19:35:44,47.58731,-53.63144,5539.0,0.0,SKT-4031,1.0,0.0,GPIX
18/07/2025,19:35:53,47.58595,-53.64565,5590.0,0.0,SKT-4031,1.0,0.0,GPIX
18/07/2025,19:36:00,47.58486,-53.65672,5631.0,0.0,SKT-4031,1.0,0.0,GPIX
18/07/2025,19:36:07,47.58377,-53.6678,5672.0,0.0,SKT-4031,1.0,0.0,GPIX
18/07/2025,19:36:14,47.5827,-53.67891,5716.0,0.0,SKT-4031,1.0,0.0,GPIX
18/07/2025,19:36:21,47.58162,-53.69004,5757.0,0.0,SKT-4031,1.0,0.0,GPIX
18/07/2025,19:36:28,47.58054,-53.70118,5797.0,0.0,SKT-4031,1.0,0.0,GPIX
18/07/2025,19:36:35,47.57946,-53.71232,5838.0,0.0,SKT-4031,1.0,0.0,GPIX
18/07/2025,19:36:42,47.57838,-53.72345,5881.0,0.0,SKT-4031,1.0,0.0,GPIX
18/07/2025,19:36:49,47.57731,-53.73457,5924.0,0.0,SKT-4031,1.0,0.0,GPIX
18/07/2025,19:36:56,47.57625,-53.7457,5963.0,0.0,SKT-4031,1.0,0.0,GPIX
18/07/2025,19:37:03,47.57519,-53.75682,5999.0,0.0,SKT-4031,1.0,0.0,GPIX
18/07/2025,19:37:10,47.57412,-53.76796,6036.0,0.0,SKT-4031,1.0,0.0,GPIX
18/07/2025,19:37:17,47.57304,-53.77909,6075.0,0.0,SKT-4031,1.0,0.0,GPIX
18/07/2025,19:37:24,47.57198,-53.79024,6114.0,0.0,SKT-4031,1.0,0.0,GPIX
18/07/2025,19:37:31,47.57091,-53.80139,6150.0,0.0,SKT-4031,1.0,0.0,GPIX
18/07/2025,19:37:38,47.56983,-53.81255,6186.0,0.0,SKT-4031,1.0,0.0,GPIX
18/07/2025,19:37:45,47.56875,-53.82373,6223.0,0.0,SKT-4031,1.0,0.0,GPIX
18/07/2025,19:37:52,47.56768,-53.83492,6260.0,0.0,SKT-4031,1.0,0.0,GPIX
18/07/2025,19:37:59,47.5666,-53.84611,6296.0,0.0,SKT-4031,1.0,0.0,GPIX
18/07/2025,19:38:06,47.56551,-53.85732,6335.0,0.0,SKT-4031,1.0,0.0,GPIX
18/07/2025,19:38:13,47.56443,-53.86852,6371.0,0.0,SKT-4031,1.0,0.0,GPIX
18/07/2025,19:38:20,47.56335,-53.87971,6408.0,0.0,SKT-4031,1.0,0.0,GPIX
18/07/2025,19:38:28,47.56212,-53.89249,6451.0,0.0,SKT-4031,1.0,0.0,GPIX
18/07/2025,19:38:35,47.56103,-53.90367,6489.0,0.0,SKT-4031,1.0,0.0,GPIX
18/07/2025,19:38:42,47.55994,-53.91484,6524.0,0.0,SKT-4031,1.0,0.0,GPIX
18/07/2025,19:38:49,47.55886,-53.92601,6562.0,0.0,SKT-4031,1.0,0.0,GPIX
18/07/2025,19:38:56,47.55777,-53.93716,6598.0,0.0,SKT-4031,1.0,0.0,GPIX
18/07/2025,19:39:03,47.55668,-53.9483,6631.0,0.0,SKT-4031,1.0,0.0,GPIX
18/07/2025,19:39:10,47.55559,-53.95943,6664.0,0.0,SKT-4031,1.0,0.0,GPIX
18/07/2025,19:39:17,47.55449,-53.97054,6697.0,0.0,SKT-4031,1.0,0.0,GPIX
18/07/2025,19:39:24,47.55338,-53.98167,6723.0,0.0,SKT-4031,1.0,0.0,GPIX
18/07/2025,19:39:31,47.55225,-53.99286,6746.0,0.0,SKT-4031,1.0,0.0,GPIX
18/07/2025,19:39:38,47.55111,-54.00409,6768.0,0.0,SKT-4031,1.0,0.0,GPIX
18/07/2025,19:39:45,47.54996,-54.0154,6789.0,0.0,SKT-4031,1.0,0.0,GPIX
18/07/2025,19:39:52,47.54882,-54.02676,6813.0,0.0,SKT-4031,1.0,0.0,GPIX
18/07/2025,19:39:59,47.54766,-54.03816,6840.0,0.0,SKT-4031,1.0,0.0,GPIX
18/07/2025,19:40:06,47.54651,-54.04961,6868.0,0.0,SKT-4031,1.0,0.0,GPIX
18/07/2025,19:40:13,47.54536,-54.06109,6897.0,0.0,SKT-4031,1.0,0.0,GPIX
18/07/2025,19:40:20,47.54421,-54.07261,6923.0,0.0,SKT-4031,1.0,0.0,GPIX
18/07/2025,19:40:27,47.54306,-54.08419,6951.0,0.0,SKT-4031,1.0,0.0,GPIX
18/07/2025,19:40:35,47.54174,-54.09747,6980.0,0.0,SKT-4031,1.0,0.0,GPIX
18/07/2025,19:40:42,47.54057,-54.10914,7006.0,0.0,SKT-4031,1.0,0.0,GPIX
18/07/2025,19:40:49,47.53939,-54.1209,7019.0,0.0,SKT-4031,1.0,0.0,GPIX
18/07/2025,19:40:56,47.5382,-54.13279,7027.0,0.0,SKT-4031,1.0,0.0,GPIX
18/07/2025,19:41:03,47.53698,-54.14484,7031.0,0.0,SKT-4031,1.0,0.0,GPIX
18/07/2025,19:41:10,47.53576,-54.15706,7033.0,0.0,SKT-4031,1.0,0.0,GPIX
18/07/2025,19:41:17,47.53452,-54.16944,7034.0,0.0,SKT-4031,1.0,0.0,GPIX
18/07/2025,19:41:24,47.53326,-54.18196,7037.0,0.0,SKT-4031,1.0,0.0,GPIX
18/07/2025,19:41:31,47.53199,-54.19461,7038.0,0.0,SKT-4031,1.0,0.0,GPIX
18/07/2025,19:41:38,47.53067,-54.20734,7040.0,0.0,SKT-4031,1.0,0.0,GPIX
18/07/2025,19:41:45,47.52932,-54.22019,7040.0,0.0,SKT-4031,1.0,0.0,GPIX
18/07/2025,19:41:52,47.52795,-54.23314,7042.0,0.0,SKT-4031,1.0,0.0,GPIX
18/07/2025,19:41:59,47.52659,-54.24619,7042.0,0.0,SKT-4031,1.0,0.0,GPIX
18/07/2025,19:42:06,47.52522,-54.25935,7042.0,0.0,SKT-4031,1.0,0.0,GPIX
18/07/2025,19:42:13,47.52385,-54.27262,7042.0,0.0,SKT-4031,1.0,0.0,GPIX
18/07/2025,19:42:20,47.52246,-54.28599,7041.0,0.0,SKT-4031,1.0,0.0,GPIX
18/07/2025,19:42:27,47.52107,-54.29946,7040.0,0.0,SKT-4031,1.0,0.0,GPIX
18/07/2025,19:42:34,47.51963,-54.31301,7040.0,0.0,SKT-4031,1.0,0.0,GPIX
18/07/2025,19:42:41,47.51815,-54.32662,7039.0,0.0,SKT-4031,1.0,0.0,GPIX
18/07/2025,19:42:48,47.51666,-54.34031,7039.0,0.0,SKT-4031,1.0,0.0,GPIX
18/07/2025,19:42:55,47.51517,-54.35408,7037.0,0.0,SKT-4031,1.0,0.0,GPIX
18/07/2025,19:43:02,47.51369,-54.36795,7036.0,0.0,SKT-4031,1.0,0.0,GPIX
18/07/2025,19:43:09,47.51221,-54.38188,7036.0,0.0,SKT-4031,1.0,0.0,GPIX
18/07/2025,19:43:17,47.51054,-54.3979,7036.0,0.0,SKT-4031,1.0,0.0,GPIX
18/07/2025,19:43:24,47.50909,-54.41199,7036.0,0.0,SKT-4031,1.0,0.0,GPIX
18/07/2025,19:43:31,47.50764,-54.42614,7036.0,0.0,SKT-4031,1.0,0.0,GPIX
18/07/2025,19:43:38,47.50617,-54.44033,7036.0,0.0,SKT-4031,1.0,0.0,GPIX
18/07/2025,19:43:45,47.50471,-54.45455,7038.0,0.0,SKT-4031,1.0,0.0,GPIX
18/07/2025,19:43:52,47.50325,-54.46879,7039.0,0.0,SKT-4031,1.0,0.0,GPIX
18/07/2025,19:43:59,47.50178,-54.48307,7040.0,0.0,SKT-4031,1.0,0.0,GPIX
18/07/2025,19:44:06,47.50029,-54.49738,7040.0,0.0,SKT-4031,1.0,0.0,GPIX
18/07/2025,19:44:13,47.49881,-54.51172,7040.0,0.0,SKT-4031,1.0,0.0,GPIX
18/07/2025,19:44:20,47.49733,-54.5261,7040.0,0.0,SKT-4031,1.0,0.0,GPIX
18/07/2025,19:44:27,47.49583,-54.54051,7040.0,0.0,SKT-4031,1.0,0.0,GPIX
18/07/2025,19:44:34,47.49433,-54.55497,7040.0,0.0,SKT-4031,1.0,0.0,GPIX
18/07/2025,19:44:41,47.49282,-54.56947,7039.0,0.0,SKT-4031,1.0,0.0,GPIX
18/07/2025,19:44:48,47.49131,-54.58401,7039.0,0.0,SKT-4031,1.0,0.0,GPIX
18/07/2025,19:44:55,47.48978,-54.59858,7038.0,0.0,SKT-4031,1.0,0.0,GPIX
18/07/2025,19:45:02,47.48825,-54.61316,7039.0,0.0,SKT-4031,1.0,0.0,GPIX
18/07/2025,19:45:09,47.48671,-54.62776,7039.0,0.0,SKT-4031,1.0,0.0,GPIX
18/07/2025,19:45:16,47.48518,-54.6424,7038.0,0.0,SKT-4031,1.0,0.0,GPIX
18/07/2025,19:45:23,47.48365,-54.65705,7036.0,0.0,SKT-4031,1.0,0.0,GPIX
18/07/2025,19:45:30,47.48211,-54.67171,7036.0,0.0,SKT-4031,1.0,0.0,GPIX
18/07/2025,19:45:37,47.48056,-54.68635,7037.0,0.0,SKT-4031,1.0,0.0,GPIX
18/07/2025,19:45:44,47.47902,-54.70099,7038.0,0.0,SKT-4031,1.0,0.0,GPIX
18/07/2025,19:45:51,47.47747,-54.71562,7038.0,0.0,SKT-4031,1.0,0.0,GPIX
18/07/2025,19:45:58,47.47591,-54.73026,7037.0,0.0,SKT-4031,1.0,0.0,GPIX
18/07/2025,19:46:05,47.47435,-54.74493,7035.0,0.0,SKT-4031,1.0,0.0,GPIX
18/07/2025,19:46:13,47.47261,-54.76171,7029.0,0.0,SKT-4031,1.0,0.0,GPIX
18/07/2025,19:46:20,47.47113,-54.77637,7031.0,0.0,SKT-4031,1.0,0.0,GPIX
18/07/2025,19:46:27,47.46967,-54.79098,7033.0,0.0,SKT-4031,1.0,0.0,GPIX
18/07/2025,19:46:34,47.46818,-54.80552,7036.0,0.0,SKT-4031,1.0,0.0,GPIX
18/07/2025,19:46:41,47.46666,-54.82004,7037.0,0.0,SKT-4031,1.0,0.0,GPIX
18/07/2025,19:46:48,47.46511,-54.83455,7034.0,0.0,SKT-4031,1.0,0.0,GPIX
18/07/2025,19:46:55,47.46356,-54.84908,7033.0,0.0,SKT-4031,1.0,0.0,GPIX
18/07/2025,19:47:02,47.46201,-54.86361,7036.0,0.0,SKT-4031,1.0,0.0,GPIX
18/07/2025,19:47:09,47.46048,-54.87811,7036.0,0.0,SKT-4031,1.0,0.0,GPIX
18/07/2025,19:47:16,47.45894,-54.8926,7035.0,0.0,SKT-4031,1.0,0.0,GPIX
18/07/2025,19:47:23,47.4574,-54.90708,7035.0,0.0,SKT-4031,1.0,0.0,GPIX
18/07/2025,19:47:30,47.45586,-54.92155,7035.0,0.0,SKT-4031,1.0,0.0,GPIX
18/07/2025,19:47:37,47.4543,-54.93603,7033.0,0.0,SKT-4031,1.0,0.0,GPIX
18/07/2025,19:47:44,47.45274,-54.95051,7034.0,0.0,SKT-4031,1.0,0.0,GPIX
18/07/2025,19:47:51,47.45118,-54.96495,7035.0,0.0,SKT-4031,1.0,0.0,GPIX
18/07/2025,19:47:58,47.44961,-54.97938,7035.0,0.0,SKT-4031,1.0,0.0,GPIX
18/07/2025,19:48:05,47.44806,-54.99378,7036.0,0.0,SKT-4031,1.0,0.0,GPIX
18/07/2025,19:48:12,47.4465,-55.00819,7038.0,0.0,SKT-4031,1.0,0.0,GPIX
18/07/2025,19:48:19,47.44494,-55.02261,7036.0,0.0,SKT-4031,1.0,0.0,GPIX
18/07/2025,19:48:26,47.44337,-55.03708,7036.0,0.0,SKT-4031,1.0,0.0,GPIX
18/07/2025,19:48:33,47.44178,-55.05156,7035.0,0.0,SKT-4031,1.0,0.0,GPIX
18/07/2025,19:48:40,47.4402,-55.06606,7035.0,0.0,SKT-4031,1.0,0.0,GPIX
18/07/2025,19:48:47,47.43863,-55.08057,7034.0,0.0,SKT-4031,1.0,0.0,GPIX
18/07/2025,19:48:54,47.43706,-55.09507,7035.0,0.0,SKT-4031,1.0,0.0,GPIX
18/07/2025,19:49:02,47.43527,-55.11164,7034.0,0.0,SKT-4031,1.0,0.0,GPIX
18/07/2025,19:49:09,47.43369,-55.12614,7034.0,0.0,SKT-4031,1.0,0.0,GPIX
18/07/2025,19:49:16,47.43211,-55.14062,7035.0,0.0,SKT-4031,1.0,0.0,GPIX
18/07/2025,19:49:23,47.4305,-55.15513,7032.0,0.0,SKT-4031,1.0,0.0,GPIX
18/07/2025,19:49:30,47.42889,-55.16966,7030.0,0.0,SKT-4031,1.0,0.0,GPIX
18/07/2025,19:49:37,47.4273,-55.18421,7030.0,0.0,SKT-4031,1.0,0.0,GPIX
18/07/2025,19:49:44,47.42571,-55.19877,7030.0,0.0,SKT-4031,1.0,0.0,GPIX
18/07/2025,19:49:51,47.42411,-55.21334,7029.0,0.0,SKT-4031,1.0,0.0,GPIX
18/07/2025,19:49:58,47.4225,-55.22791,7030.0,0.0,SKT-4031,1.0,0.0,GPIX
18/07/2025,19:50:05,47.42091,-55.24246,7029.0,0.0,SKT-4031,1.0,0.0,GPIX
18/07/2025,19:50:12,47.41932,-55.25702,7027.0,0.0,SKT-4031,1.0,0.0,GPIX
18/07/2025,19:50:19,47.41772,-55.27157,7028.0,0.0,SKT-4031,1.0,0.0,GPIX
18/07/2025,19:50:26,47.41611,-55.28611,7027.0,0.0,SKT-4031,1.0,0.0,GPIX
18/07/2025,19:50:33,47.4145,-55.30062,7028.0,0.0,SKT-4031,1.0,0.0,GPIX
18/07/2025,19:50:40,47.4129,-55.31512,7027.0,0.0,SKT-4031,1.0,0.0,GPIX
18/07/2025,19:50:47,47.4113,-55.3296,7027.0,0.0,SKT-4031,1.0,0.0,GPIX
18/07/2025,19:50:54,47.40969,-55.34404,7027.0,0.0,SKT-4031,1.0,0.0,GPIX
18/07/2025,19:51:01,47.40808,-55.35846,7028.0,0.0,SKT-4031,1.0,0.0,GPIX
18/07/2025,19:51:08,47.40646,-55.37284,7028.0,0.0,SKT-4031,1.0,0.0,GPIX
18/07/2025,19:51:15,47.40482,-55.38721,7028.0,0.0,SKT-4031,1.0,0.0,GPIX
18/07/2025,19:51:22,47.40321,-55.40155,7029.0,0.0,SKT-4031,1.0,0.0,GPIX
18/07/2025,19:51:29,47.4016,-55.41589,7029.0,0.0,SKT-4031,1.0,0.0,GPIX
18/07/2025,19:51:36,47.40002,-55.43022,7029.0,0.0,SKT-4031,1.0,0.0,GPIX
18/07/2025,19:51:44,47.39819,-55.44657,7028.0,0.0,SKT-4031,1.0,0.0,GPIX
18/07/2025,19:51:51,47.39658,-55.46087,7028.0,0.0,SKT-4031,1.0,0.0,GPIX
18/07/2025,19:51:58,47.39495,-55.47517,7027.0,0.0,SKT-4031,1.0,0.0,GPIX
18/07/2025,19:52:05,47.39332,-55.48949,7027.0,0.0,SKT-4031,1.0,0.0,GPIX
18/07/2025,19:52:12,47.39169,-55.5038,7026.0,0.0,SKT-4031,1.0,0.0,GPIX
18/07/2025,19:52:19,47.39007,-55.51812,7026.0,0.0,SKT-4031,1.0,0.0,GPIX
18/07/2025,19:52:26,47.38846,-55.53241,7027.0,0.0,SKT-4031,1.0,0.0,GPIX
18/07/2025,19:52:33,47.38684,-55.54669,7027.0,0.0,SKT-4031,1.0,0.0,GPIX
18/07/2025,19:52:41,47.38498,-55.56299,7027.0,0.0,SKT-4031,1.0,0.0,GPIX
17/07/2025,04:56:50,,,,,SKT-4031,1.0,0.0,GPIX
17/07/2025,04:57:00,,,,,SKT-4031,1.0,0.0,GPIX
17/07/2025,04:57:10,,,,,SKT-4031,1.0,0.0,GPIX
18/07/2025,19:53:21,47.37569,-55.64459,7026.0,0.0,SKT-4031,1.0,0.0,GPIX
18/07/2025,19:53:28,47.37407,-55.65887,7026.0,0.0,SKT-4031,1.0,0.0,GPIX
18/07/2025,19:53:35,47.37244,-55.67316,7025.0,0.0,SKT-4031,1.0,0.0,GPIX
18/07/2025,19:53:42,47.37082,-55.68744,7028.0,0.0,SKT-4031,1.0,0.0,GPIX
18/07/2025,19:53:49,47.36918,-55.70171,7027.0,0.0,SKT-4031,1.0,0.0,GPIX
18/07/2025,19:53:56,47.36754,-55.71599,7025.0,0.0,SKT-4031,1.0,0.0,GPIX
18/07/2025,19:54:03,47.36592,-55.73028,7025.0,0.0,SKT-4031,1.0,0.0,GPIX
18/07/2025,19:54:10,47.36429,-55.74457,7023.0,0.0,SKT-4031,1.0,0.0,GPIX
18/07/2025,19:54:17,47.36266,-55.75884,7023.0,0.0,SKT-4031,1.0,0.0,GPIX
18/07/2025,19:54:24,47.36102,-55.77311,7022.0,0.0,SKT-4031,1.0,0.0,GPIX
18/07/2025,19:54:32,47.35913,-55.78939,7022.0,0.0,SKT-4031,1.0,0.0,GPIX
18/07/2025,19:54:39,47.35748,-55.80362,7023.0,0.0,SKT-4031,1.0,0.0,GPIX
18/07/2025,19:54:46,47.35582,-55.81782,7024.0,0.0,SKT-4031,1.0,0.0,GPIX
18/07/2025,19:54:53,47.35418,-55.83203,7021.0,0.0,SKT-4031,1.0,0.0,GPIX
18/07/2025,19:55:00,47.35254,-55.84621,7022.0,0.0,SKT-4031,1.0,0.0,GPIX
18/07/2025,19:55:07,47.35089,-55.86038,7024.0,0.0,SKT-4031,1.0,0.0,GPIX
18/07/2025,19:55:14,47.34922,-55.87454,7027.0,0.0,SKT-4031,1.0,0.0,GPIX
18/07/2025,19:55:21,47.34754,-55.88873,7025.0,0.0,SKT-4031,1.0,0.0,GPIX
18/07/2025,19:55:28,47.34587,-55.90293,7026.0,0.0,SKT-4031,1.0,0.0,GPIX
18/07/2025,19:55:35,47.34422,-55.91714,7025.0,0.0,SKT-4031,1.0,0.0,GPIX
18/07/2025,19:55:42,47.34257,-55.93135,7024.0,0.0,SKT-4031,1.0,0.0,GPIX
18/07/2025,19:55:49,47.34092,-55.94556,7025.0,0.0,SKT-4031,1.0,0.0,GPIX
18/07/2025,19:55:56,47.33928,-55.95975,7026.0,0.0,SKT-4031,1.0,0.0,GPIX
18/07/2025,19:56:04,47.33737,-55.97595,7024.0,0.0,SKT-4031,1.0,0.0,GPIX
18/07/2025,19:56:11,47.33569,-55.99011,7023.0,0.0,SKT-4031,1.0,0.0,GPIX
18/07/2025,19:56:18,47.33399,-56.00427,7022.0,0.0,SKT-4031,1.0,0.0,GPIX
18/07/2025,19:56:25,47.3323,-56.01843,7020.0,0.0,SKT-4031,1.0,0.0,GPIX
18/07/2025,19:56:33,47.33035,-56.0346,7022.0,0.0,SKT-4031,1.0,0.0,GPIX
18/07/2025,19:56:40,47.32862,-56.04875,7020.0,0.0,SKT-4031,1.0,0.0,GPIX
18/07/2025,19:56:47,47.3269,-56.0629,7020.0,0.0,SKT-4031,1.0,0.0,GPIX
18/07/2025,19:56:54,47.32519,-56.07705,7021.0,0.0,SKT-4031,1.0,0.0,GPIX
18/07/2025,19:57:02,47.32326,-56.09324,7020.0,0.0,SKT-4031,1.0,0.0,GPIX
18/07/2025,19:57:09,47.32159,-56.10741,7024.0,0.0,SKT-4031,1.0,0.0,GPIX
18/07/2025,19:57:17,47.31973,-56.12349,7064.0,0.0,SKT-4031,1.0,0.0,GPIX
18/07/2025,19:57:24,47.31817,-56.13731,7118.0,0.0,SKT-4031,1.0,0.0,GPIX
18/07/2025,19:57:31,47.31661,-56.15089,7161.0,0.0,SKT-4031,1.0,0.0,GPIX
18/07/2025,19:57:38,47.31503,-56.16431,7193.0,0.0,SKT-4031,1.0,0.0,GPIX
18/07/2025,19:57:45,47.31344,-56.17759,7224.0,0.0,SKT-4031,1.0,0.0,GPIX
18/07/2025,19:57:52,47.31185,-56.19072,7255.0,0.0,SKT-4031,1.0,0.0,GPIX
18/07/2025,19:57:59,47.31027,-56.20374,7284.0,0.0,SKT-4031,1.0,0.0,GPIX
18/07/2025,19:58:07,47.3085,-56.21851,7314.0,0.0,SKT-4031,1.0,0.0,GPIX
18/07/2025,19:58:14,47.30697,-56.23134,7339.0,0.0,SKT-4031,1.0,0.0,GPIX
18/07/2025,19:58:21,47.30546,-56.24411,7364.0,0.0,SKT-4031,1.0,0.0,GPIX
18/07/2025,19:58:28,47.30396,-56.25682,7388.0,0.0,SKT-4031,1.0,0.0,GPIX
18/07/2025,19:58:35,47.30246,-56.26947,7415.0,0.0,SKT-4031,1.0,0.0,GPIX
18/07/2025,19:58:42,47.30095,-56.28204,7440.0,0.0,SKT-4031,1.0,0.0,GPIX
18/07/2025,19:58:49,47.29944,-56.29458,7460.0,0.0,SKT-4031,1.0,0.0,GPIX
18/07/2025,19:58:56,47.29793,-56.30712,7476.0,0.0,SKT-4031,1.0,0.0,GPIX
18/07/2025,19:59:03,47.29643,-56.31965,7491.0,0.0,SKT-4031,1.0,0.0,GPIX
18/07/2025,19:59:10,47.29493,-56.33217,7508.0,0.0,SKT-4031,1.0,0.0,GPIX
18/07/2025,19:59:17,47.29343,-56.34469,7525.0,0.0,SKT-4031,1.0,0.0,GPIX
18/07/2025,19:59:24,47.29193,-56.3572,7540.0,0.0,SKT-4031,1.0,0.0,GPIX
18/07/2025,19:59:31,47.29042,-56.36973,7555.0,0.0,SKT-4031,1.0,0.0,GPIX
18/07/2025,19:59:38,47.28892,-56.38225,7571.0,0.0,SKT-4031,1.0,0.0,GPIX
18/07/2025,19:59:45,47.28742,-56.39477,7587.0,0.0,SKT-4031,1.0,0.0,GPIX
18/07/2025,19:59:52,47.28591,-56.40728,7603.0,0.0,SKT-4031,1.0,0.0,GPIX
18/07/2025,19:59:59,47.28439,-56.4198,7618.0,0.0,SKT-4031,1.0,0.0,GPIX
18/07/2025,20:00:07,47.28265,-56.43409,7635.0,0.0,SKT-4031,1.0,0.0,GPIX
18/07/2025,20:00:14,47.28114,-56.44658,7652.0,0.0,SKT-4031,1.0,0.0,GPIX
18/07/2025,20:00:22,47.27941,-56.46087,7660.0,0.0,SKT-4031,1.0,0.0,GPIX
18/07/2025,20:00:29,47.27789,-56.47342,7664.0,0.0,SKT-4031,1.0,0.0,GPIX
18/07/2025,20:00:36,47.27635,-56.48601,7666.0,0.0,SKT-4031,1.0,0.0,GPIX
18/07/2025,20:00:43,47.2748,-56.49865,7667.0,0.0,SKT-4031,1.0,0.0,GPIX
18/07/2025,20:00:50,47.27323,-56.51135,7667.0,0.0,SKT-4031,1.0,0.0,GPIX
18/07/2025,20:00:57,47.27166,-56.52412,7667.0,0.0,SKT-4031,1.0,0.0,GPIX
18/07/2025,20:01:04,47.27007,-56.53693,7667.0,0.0,SKT-4031,1.0,0.0,GPIX
18/07/2025,20:01:11,47.26849,-56.5498,7667.0,0.0,SKT-4031,1.0,0.0,GPIX
18/07/2025,20:01:18,47.26689,-56.56271,7667.0,0.0,SKT-4031,1.0,0.0,GPIX
18/07/2025,20:01:25,47.26529,-56.57566,7667.0,0.0,SKT-4031,1.0,0.0,GPIX
18/07/2025,20:01:32,47.2637,-56.58868,7667.0,0.0,SKT-4031,1.0,0.0,GPIX
18/07/2025,20:01:39,47.26211,-56.60175,7666.0,0.0,SKT-4031,1.0,0.0,GPIX
18/07/2025,20:01:46,47.2605,-56.61486,7666.0,0.0,SKT-4031,1.0,0.0,GPIX
18/07/2025,20:01:53,47.25887,-56.62801,7666.0,0.0,SKT-4031,1.0,0.0,GPIX
18/07/2025,20:02:00,47.25723,-56.64118,7665.0,0.0,SKT-4031,1.0,0.0,GPIX
18/07/2025,20:02:07,47.25559,-56.6544,7665.0,0.0,SKT-4031,1.0,0.0,GPIX
18/07/2025,20:02:14,47.25395,-56.66765,7665.0,0.0,SKT-4031,1.0,0.0,GPIX
18/07/2025,20:02:21,47.25231,-56.68094,7665.0,0.0,SKT-4031,1.0,0.0,GPIX
18/07/2025,20:02:28,47.25066,-56.69426,7665.0,0.0,SKT-4031,1.0,0.0,GPIX
18/07/2025,20:02:35,47.249,-56.70761,7665.0,0.0,SKT-4031,1.0,0.0,GPIX
18/07/2025,20:02:42,47.24733,-56.72099,7664.0,0.0,SKT-4031,1.0,0.0,GPIX
17/07/2025,05:07:29,,,,,SKT-4031,1.0,0.0,GPIX
18/07/2025,20:04:09,47.22637,-56.88901,7662.0,0.0,SKT-4031,1.0,0.0,GPIX
17/07/2025,05:07:50,,,,,SKT-4031,1.0,0.0,GPIX
18/07/2025,20:04:28,47.22168,-56.92594,7664.0,0.0,SKT-4031,1.0,0.0,GPIX
18/07/2025,20:04:35,47.21994,-56.93956,7664.0,0.0,SKT-4031,1.0,0.0,GPIX
18/07/2025,20:04:42,47.21822,-56.95321,7664.0,0.0,SKT-4031,1.0,0.0,GPIX
18/07/2025,20:04:49,47.21649,-56.96686,7664.0,0.0,SKT-4031,1.0,0.0,GPIX
18/07/2025,20:04:56,47.21476,-56.98052,7664.0,0.0,SKT-4031,1.0,0.0,GPIX
18/07/2025,20:05:03,47.21305,-56.99419,7663.0,0.0,SKT-4031,1.0,0.0,GPIX
18/07/2025,20:05:11,47.21131,-57.00991,7661.0,0.0,SKT-4031,1.0,0.0,GPIX
18/07/2025,20:05:18,47.21077,-57.02393,7662.0,0.0,SKT-4031,1.0,0.0,GPIX
18/07/2025,20:05:25,47.21118,-57.0381,7664.0,0.0,SKT-4031,1.0,0.0,GPIX
18/07/2025,20:05:32,47.21206,-57.05229,7664.0,0.0,SKT-4031,1.0,0.0,GPIX
18/07/2025,20:05:39,47.21304,-57.06651,7662.0,0.0,SKT-4031,1.0,0.0,GPIX
18/07/2025,20:05:46,47.21399,-57.08074,7661.0,0.0,SKT-4031,1.0,0.0,GPIX
18/07/2025,20:05:53,47.21494,-57.09499,7660.0,0.0,SKT-4031,1.0,0.0,GPIX
18/07/2025,20:06:00,47.21592,-57.10923,7661.0,0.0,SKT-4031,1.0,0.0,GPIX
18/07/2025,20:06:08,47.21709,-57.12552,7660.0,0.0,SKT-4031,1.0,0.0,GPIX
18/07/2025,20:06:15,47.21815,-57.13979,7658.0,0.0,SKT-4031,1.0,0.0,GPIX
18/07/2025,20:06:22,47.21921,-57.15406,7659.0,0.0,SKT-4031,1.0,0.0,GPIX
18/07/2025,20:06:29,47.22027,-57.16833,7658.0,0.0,SKT-4031,1.0,0.0,GPIX
18/07/2025,20:06:37,47.22148,-57.18468,7656.0,0.0,SKT-4031,1.0,0.0,GPIX
18/07/2025,20:06:44,47.22256,-57.199,7657.0,0.0,SKT-4031,1.0,0.0,GPIX
18/07/2025,20:06:51,47.22368,-57.21333,7659.0,0.0,SKT-4031,1.0,0.0,GPIX
18/07/2025,20:06:59,47.22498,-57.22972,7658.0,0.0,SKT-4031,1.0,0.0,GPIX
18/07/2025,20:07:07,47.22627,-57.24612,7659.0,0.0,SKT-4031,1.0,0.0,GPIX
18/07/2025,20:07:14,47.22742,-57.26048,7659.0,0.0,SKT-4031,1.0,0.0,GPIX
18/07/2025,20:07:21,47.22859,-57.27485,7659.0,0.0,SKT-4031,1.0,0.0,GPIX
18/07/2025,20:07:28,47.22974,-57.28924,7660.0,0.0,SKT-4031,1.0,0.0,GPIX
18/07/2025,20:07:36,47.23105,-57.30569,7659.0,0.0,SKT-4031,1.0,0.0,GPIX
18/07/2025,20:07:43,47.23222,-57.3201,7659.0,0.0,SKT-4031,1.0,0.0,GPIX
18/07/2025,20:07:50,47.23338,-57.33451,7659.0,0.0,SKT-4031,1.0,0.0,GPIX
18/07/2025,20:07:57,47.23455,-57.34892,7659.0,0.0,SKT-4031,1.0,0.0,GPIX
18/07/2025,20:08:04,47.23573,-57.36333,7656.0,0.0,SKT-4031,1.0,0.0,GPIX
18/07/2025,20:08:11,47.23691,-57.37775,7656.0,0.0,SKT-4031,1.0,0.0,GPIX
18/07/2025,20:08:18,47.23807,-57.39216,7658.0,0.0,SKT-4031,1.0,0.0,GPIX
18/07/2025,20:08:25,47.2392,-57.40656,7658.0,0.0,SKT-4031,1.0,0.0,GPIX
18/07/2025,20:08:33,47.23972,-57.42297,7654.0,0.0,SKT-4031,1.0,0.0,GPIX
18/07/2025,20:08:40,47.23877,-57.43702,7657.0,0.0,SKT-4031,1.0,0.0,GPIX
18/07/2025,20:08:47,47.23684,-57.45069,7658.0,0.0,SKT-4031,1.0,0.0,GPIX
18/07/2025,20:08:54,47.23433,-57.46407,7656.0,0.0,SKT-4031,1.0,0.0,GPIX
18/07/2025,20:09:01,47.2315,-57.47729,7654.0,0.0,SKT-4031,1.0,0.0,GPIX
18/07/2025,20:09:08,47.22856,-57.49042,7654.0,0.0,SKT-4031,1.0,0.0,GPIX
18/07/2025,20:09:15,47.22557,-57.50352,7654.0,0.0,SKT-4031,1.0,0.0,GPIX
18/07/2025,20:09:22,47.22259,-57.51662,7653.0,0.0,SKT-4031,1.0,0.0,GPIX
18/07/2025,20:09:29,47.21966,-57.52973,7654.0,0.0,SKT-4031,1.0,0.0,GPIX
18/07/2025,20:09:36,47.21679,-57.54287,7650.0,0.0,SKT-4031,1.0,0.0,GPIX
18/07/2025,20:09:43,47.21389,-57.55598,7650.0,0.0,SKT-4031,1.0,0.0,GPIX
18/07/2025,20:09:50,47.21101,-57.56906,7650.0,0.0,SKT-4031,1.0,0.0,GPIX
18/07/2025,20:09:57,47.20818,-57.58218,7650.0,0.0,SKT-4031,1.0,0.0,GPIX
18/07/2025,20:10:05,47.20501,-57.59721,7651.0,0.0,SKT-4031,1.0,0.0,GPIX
18/07/2025,20:10:12,47.20225,-57.61036,7651.0,0.0,SKT-4031,1.0,0.0,GPIX
18/07/2025,20:10:19,47.19949,-57.62349,7652.0,0.0,SKT-4031,1.0,0.0,GPIX
18/07/2025,20:10:26,47.19675,-57.63661,7652.0,0.0,SKT-4031,1.0,0.0,GPIX
18/07/2025,20:10:33,47.19404,-57.64973,7651.0,0.0,SKT-4031,1.0,0.0,GPIX
18/07/2025,20:10:40,47.19134,-57.66286,7650.0,0.0,SKT-4031,1.0,0.0,GPIX
18/07/2025,20:10:47,47.18866,-57.67601,7652.0,0.0,SKT-4031,1.0,0.0,GPIX
18/07/2025,20:10:54,47.18599,-57.68916,7652.0,0.0,SKT-4031,1.0,0.0,GPIX
18/07/2025,20:11:01,47.1833,-57.70232,7650.0,0.0,SKT-4031,1.0,0.0,GPIX
18/07/2025,20:11:08,47.18061,-57.71551,7651.0,0.0,SKT-4031,1.0,0.0,GPIX
18/07/2025,20:11:15,47.17791,-57.72873,7652.0,0.0,SKT-4031,1.0,0.0,GPIX
18/07/2025,20:11:22,47.17522,-57.742,7651.0,0.0,SKT-4031,1.0,0.0,GPIX
18/07/2025,20:11:29,47.17253,-57.7553,7652.0,0.0,SKT-4031,1.0,0.0,GPIX
18/07/2025,20:11:37,47.16943,-57.77051,7651.0,0.0,SKT-4031,1.0,0.0,GPIX
18/07/2025,20:11:44,47.16669,-57.78383,7649.0,0.0,SKT-4031,1.0,0.0,GPIX
18/07/2025,20:11:51,47.16397,-57.79714,7650.0,0.0,SKT-4031,1.0,0.0,GPIX
18/07/2025,20:11:58,47.16126,-57.81043,7649.0,0.0,SKT-4031,1.0,0.0,GPIX
18/07/2025,20:12:05,47.15855,-57.82369,7649.0,0.0,SKT-4031,1.0,0.0,GPIX
18/07/2025,20:12:12,47.15582,-57.83693,7650.0,0.0,SKT-4031,1.0,0.0,GPIX
18/07/2025,20:12:19,47.1531,-57.85018,7650.0,0.0,SKT-4031,1.0,0.0,GPIX
18/07/2025,20:12:26,47.15038,-57.86344,7650.0,0.0,SKT-4031,1.0,0.0,GPIX
18/07/2025,20:12:33,47.14766,-57.87671,7650.0,0.0,SKT-4031,1.0,0.0,GPIX
18/07/2025,20:12:40,47.14493,-57.89001,7649.0,0.0,SKT-4031,1.0,0.0,GPIX
18/07/2025,20:12:47,47.14219,-57.90334,7649.0,0.0,SKT-4031,1.0,0.0,GPIX
18/07/2025,20:12:55,47.13902,-57.9186,7648.0,0.0,SKT-4031,1.0,0.0,GPIX
18/07/2025,20:13:02,47.13623,-57.93196,7647.0,0.0,SKT-4031,1.0,0.0,GPIX
18/07/2025,20:13:09,47.13345,-57.94531,7646.0,0.0,SKT-4031,1.0,0.0,GPIX
18/07/2025,20:13:16,47.13067,-57.95863,7646.0,0.0,SKT-4031,1.0,0.0,GPIX
18/07/2025,20:13:23,47.1279,-57.97192,7646.0,0.0,SKT-4031,1.0,0.0,GPIX
18/07/2025,20:13:30,47.12514,-57.98519,7647.0,0.0,SKT-4031,1.0,0.0,GPIX
18/07/2025,20:13:37,47.12237,-57.99845,7649.0,0.0,SKT-4031,1.0,0.0,GPIX
18/07/2025,20:13:44,47.11959,-58.01173,7648.0,0.0,SKT-4031,1.0,0.0,GPIX
18/07/2025,20:13:52,47.11642,-58.02692,7647.0,0.0,SKT-4031,1.0,0.0,GPIX
18/07/2025,20:13:59,47.11366,-58.04023,7647.0,0.0,SKT-4031,1.0,0.0,GPIX
18/07/2025,20:14:07,47.11053,-58.05543,7646.0,0.0,SKT-4031,1.0,0.0,GPIX
18/07/2025,20:14:14,47.10782,-58.06871,7646.0,0.0,SKT-4031,1.0,0.0,GPIX
18/07/2025,20:14:21,47.10511,-58.08195,7646.0,0.0,SKT-4031,1.0,0.0,GPIX
18/07/2025,20:14:28,47.10238,-58.09515,7647.0,0.0,SKT-4031,1.0,0.0,GPIX
18/07/2025,20:14:35,47.09965,-58.10831,7648.0,0.0,SKT-4031,1.0,0.0,GPIX
18/07/2025,20:14:42,47.09693,-58.12145,7648.0,0.0,SKT-4031,1.0,0.0,GPIX
18/07/2025,20:14:49,47.09422,-58.13458,7647.0,0.0,SKT-4031,1.0,0.0,GPIX
18/07/2025,20:14:56,47.09156,-58.14772,7648.0,0.0,SKT-4031,1.0,0.0,GPIX
18/07/2025,20:15:03,47.08886,-58.16084,7648.0,0.0,SKT-4031,1.0,0.0,GPIX
18/07/2025,20:15:11,47.08574,-58.17579,7649.0,0.0,SKT-4031,1.0,0.0,GPIX
18/07/2025,20:15:18,47.083,-58.1889,7648.0,0.0,SKT-4031,1.0,0.0,GPIX
18/07/2025,20:15:25,47.08025,-58.20201,7647.0,0.0,SKT-4031,1.0,0.0,GPIX
18/07/2025,20:15:32,47.07753,-58.21513,7648.0,0.0,SKT-4031,1.0,0.0,GPIX
18/07/2025,20:15:39,47.07479,-58.22822,7647.0,0.0,SKT-4031,1.0,0.0,GPIX
18/07/2025,20:15:46,47.07204,-58.24129,7646.0,0.0,SKT-4031,1.0,0.0,GPIX
18/07/2025,20:15:53,47.06932,-58.25435,7645.0,0.0,SKT-4031,1.0,0.0,GPIX
18/07/2025,20:16:00,47.0666,-58.26743,7641.0,0.0,SKT-4031,1.0,0.0,GPIX
18/07/2025,20:16:07,47.0639,-58.28045,7645.0,0.0,SKT-4031,1.0,0.0,GPIX
18/07/2025,20:16:14,47.06121,-58.29346,7643.0,0.0,SKT-4031,1.0,0.0,GPIX
18/07/2025,20:16:21,47.05851,-58.30647,7641.0,0.0,SKT-4031,1.0,0.0,GPIX
18/07/2025,20:16:28,47.0558,-58.31946,7641.0,0.0,SKT-4031,1.0,0.0,GPIX
18/07/2025,20:16:36,47.05268,-58.33429,7642.0,0.0,SKT-4031,1.0,0.0,GPIX
18/07/2025,20:16:43,47.04995,-58.34726,7642.0,0.0,SKT-4031,1.0,0.0,GPIX
18/07/2025,20:16:50,47.04722,-58.36024,7642.0,0.0,SKT-4031,1.0,0.0,GPIX
18/07/2025,20:16:57,47.04448,-58.37319,7645.0,0.0,SKT-4031,1.0,0.0,GPIX
18/07/2025,20:17:04,47.04174,-58.38613,7645.0,0.0,SKT-4031,1.0,0.0,GPIX
18/07/2025,20:17:11,47.03899,-58.39907,7644.0,0.0,SKT-4031,1.0,0.0,GPIX
18/07/2025,20:17:18,47.03626,-58.41203,7644.0,0.0,SKT-4031,1.0,0.0,GPIX
18/07/2025,20:17:25,47.03355,-58.425,7644.0,0.0,SKT-4031,1.0,0.0,GPIX
18/07/2025,20:17:32,47.03084,-58.43796,7643.0,0.0,SKT-4031,1.0,0.0,GPIX
18/07/2025,20:17:39,47.02812,-58.45092,7643.0,0.0,SKT-4031,1.0,0.0,GPIX
18/07/2025,20:17:46,47.02539,-58.46387,7640.0,0.0,SKT-4031,1.0,0.0,GPIX
18/07/2025,20:17:53,47.02266,-58.47682,7641.0,0.0,SKT-4031,1.0,0.0,GPIX
18/07/2025,20:18:00,47.01992,-58.48977,7641.0,0.0,SKT-4031,1.0,0.0,GPIX
18/07/2025,20:18:07,47.01719,-58.5027,7642.0,0.0,SKT-4031,1.0,0.0,GPIX
18/07/2025,20:18:14,47.01445,-58.51563,7642.0,0.0,SKT-4031,1.0,0.0,GPIX
18/07/2025,20:18:21,47.01172,-58.52856,7642.0,0.0,SKT-4031,1.0,0.0,GPIX
18/07/2025,20:18:29,47.0086,-58.54332,7643.0,0.0,SKT-4031,1.0,0.0,GPIX
18/07/2025,20:18:36,47.00587,-58.55624,7642.0,0.0,SKT-4031,1.0,0.0,GPIX
18/07/2025,20:18:43,47.00313,-58.56916,7642.0,0.0,SKT-4031,1.0,0.0,GPIX
18/07/2025,20:18:50,47.00024,-58.58198,7644.0,0.0,SKT-4031,1.0,0.0,GPIX
18/07/2025,20:18:57,46.99687,-58.59449,7642.0,0.0,SKT-4031,1.0,0.0,GPIX
18/07/2025,20:19:04,46.99307,-58.60672,7627.0,0.0,SKT-4031,1.0,0.0,GPIX
18/07/2025,20:19:11,46.98896,-58.61884,7601.0,0.0,SKT-4031,1.0,0.0,GPIX
18/07/2025,20:19:18,46.98466,-58.63093,7576.0,0.0,SKT-4031,1.0,0.0,GPIX
18/07/2025,20:19:25,46.98031,-58.64304,7552.0,0.0,SKT-4031,1.0,0.0,GPIX
18/07/2025,20:19:32,46.97592,-58.65518,7528.0,0.0,SKT-4031,1.0,0.0,GPIX
18/07/2025,20:19:39,46.97147,-58.66732,7503.0,0.0,SKT-4031,1.0,0.0,GPIX
18/07/2025,20:19:46,46.96697,-58.67947,7478.0,0.0,SKT-4031,1.0,0.0,GPIX
18/07/2025,20:19:53,46.96241,-58.69163,7452.0,0.0,SKT-4031,1.0,0.0,GPIX
18/07/2025,20:20:01,46.95717,-58.70557,7419.0,0.0,SKT-4031,1.0,0.0,GPIX
18/07/2025,20:20:08,46.95256,-58.71782,7391.0,0.0,SKT-4031,1.0,0.0,GPIX
18/07/2025,20:20:15,46.94793,-58.73013,7365.0,0.0,SKT-4031,1.0,0.0,GPIX
18/07/2025,20:20:22,46.94332,-58.7425,7341.0,0.0,SKT-4031,1.0,0.0,GPIX
18/07/2025,20:20:29,46.93876,-58.75495,7316.0,0.0,SKT-4031,1.0,0.0,GPIX
18/07/2025,20:20:36,46.93421,-58.76745,7291.0,0.0,SKT-4031,1.0,0.0,GPIX
18/07/2025,20:20:43,46.92968,-58.77999,7267.0,0.0,SKT-4031,1.0,0.0,GPIX
18/07/2025,20:20:50,46.92517,-58.79257,7242.0,0.0,SKT-4031,1.0,0.0,GPIX
18/07/2025,20:20:58,46.92008,-58.80701,7213.0,0.0,SKT-4031,1.0,0.0,GPIX
18/07/2025,20:21:05,46.91565,-58.81968,7187.0,0.0,SKT-4031,1.0,0.0,GPIX
18/07/2025,20:21:12,46.91124,-58.83237,7162.0,0.0,SKT-4031,1.0,0.0,GPIX
18/07/2025,20:21:19,46.90681,-58.84505,7137.0,0.0,SKT-4031,1.0,0.0,GPIX
18/07/2025,20:21:26,46.90238,-58.85772,7112.0,0.0,SKT-4031,1.0,0.0,GPIX
18/07/2025,20:21:33,46.89794,-58.87037,7087.0,0.0,SKT-4031,1.0,0.0,GPIX
18/07/2025,20:21:40,46.89351,-58.88302,7061.0,0.0,SKT-4031,1.0,0.0,GPIX
18/07/2025,20:21:47,46.88908,-58.89567,7034.0,0.0,SKT-4031,1.0,0.0,GPIX
18/07/2025,20:21:54,46.88465,-58.90829,7015.0,0.0,SKT-4031,1.0,0.0,GPIX
18/07/2025,20:22:01,46.88023,-58.92085,7005.0,0.0,SKT-4031,1.0,0.0,GPIX
18/07/2025,20:22:08,46.87583,-58.93332,6995.0,0.0,SKT-4031,1.0,0.0,GPIX
18/07/2025,20:22:15,46.87144,-58.94571,6991.0,0.0,SKT-4031,1.0,0.0,GPIX
18/07/2025,20:22:23,46.86645,-58.95976,6989.0,0.0,SKT-4031,1.0,0.0,GPIX
18/07/2025,20:22:30,46.86204,-58.97196,6989.0,0.0,SKT-4031,1.0,0.0,GPIX
18/07/2025,20:22:37,46.85762,-58.9841,6989.0,0.0,SKT-4031,1.0,0.0,GPIX
18/07/2025,20:22:44,46.85322,-58.99622,6991.0,0.0,SKT-4031,1.0,0.0,GPIX
18/07/2025,20:22:51,46.84887,-59.00833,6991.0,0.0,SKT-4031,1.0,0.0,GPIX
18/07/2025,20:22:58,46.84458,-59.02045,6991.0,0.0,SKT-4031,1.0,0.0,GPIX
18/07/2025,20:23:05,46.84031,-59.03257,6991.0,0.0,SKT-4031,1.0,0.0,GPIX
18/07/2025,20:23:12,46.83607,-59.04465,6992.0,0.0,SKT-4031,1.0,0.0,GPIX
18/07/2025,20:23:19,46.83183,-59.0567,6992.0,0.0,SKT-4031,1.0,0.0,GPIX
18/07/2025,20:23:26,46.82759,-59.06873,6992.0,0.0,SKT-4031,1.0,0.0,GPIX
18/07/2025,20:23:33,46.82335,-59.08074,6992.0,0.0,SKT-4031,1.0,0.0,GPIX
18/07/2025,20:23:40,46.81911,-59.09273,6991.0,0.0,SKT-4031,1.0,0.0,GPIX
18/07/2025,20:23:47,46.81488,-59.1047,6991.0,0.0,SKT-4031,1.0,0.0,GPIX
18/07/2025,20:23:55,46.81004,-59.11833,6992.0,0.0,SKT-4031,1.0,0.0,GPIX
18/07/2025,20:24:02,46.80581,-59.13023,6992.0,0.0,SKT-4031,1.0,0.0,GPIX
18/07/2025,20:24:09,46.80159,-59.14211,6990.0,0.0,SKT-4031,1.0,0.0,GPIX
18/07/2025,20:24:16,46.79736,-59.15396,6990.0,0.0,SKT-4031,1.0,0.0,GPIX
18/07/2025,20:24:23,46.79313,-59.16579,6988.0,0.0,SKT-4031,1.0,0.0,GPIX
18/07/2025,20:24:30,46.78889,-59.17759,6988.0,0.0,SKT-4031,1.0,0.0,GPIX
18/07/2025,20:24:37,46.78464,-59.18937,6988.0,0.0,SKT-4031,1.0,0.0,GPIX
18/07/2025,20:24:44,46.78037,-59.20114,6988.0,0.0,SKT-4031,1.0,0.0,GPIX
18/07/2025,20:24:51,46.77612,-59.21291,6987.0,0.0,SKT-4031,1.0,0.0,GPIX
18/07/2025,20:24:58,46.77187,-59.22468,6988.0,0.0,SKT-4031,1.0,0.0,GPIX
18/07/2025,20:25:05,46.7676,-59.23644,6988.0,0.0,SKT-4031,1.0,0.0,GPIX
18/07/2025,20:25:12,46.7633,-59.2482,6988.0,0.0,SKT-4031,1.0,0.0,GPIX
18/07/2025,20:25:19,46.75897,-59.25997,6989.0,0.0,SKT-4031,1.0,0.0,GPIX
18/07/2025,20:25:27,46.75403,-59.27346,6989.0,0.0,SKT-4031,1.0,0.0,GPIX
18/07/2025,20:25:34,46.74972,-59.28529,6989.0,0.0,SKT-4031,1.0,0.0,GPIX
18/07/2025,20:25:41,46.74543,-59.29715,6989.0,0.0,SKT-4031,1.0,0.0,GPIX
18/07/2025,20:25:48,46.74115,-59.30902,6988.0,0.0,SKT-4031,1.0,0.0,GPIX
18/07/2025,20:25:55,46.73687,-59.32091,6987.0,0.0,SKT-4031,1.0,0.0,GPIX
18/07/2025,20:26:03,46.73196,-59.33447,6987.0,0.0,SKT-4031,1.0,0.0,GPIX
18/07/2025,20:26:11,46.72702,-59.34802,6986.0,0.0,SKT-4031,1.0,0.0,GPIX
18/07/2025,20:26:18,46.72271,-59.35988,6986.0,0.0,SKT-4031,1.0,0.0,GPIX
18/07/2025,20:26:25,46.71841,-59.37173,6985.0,0.0,SKT-4031,1.0,0.0,GPIX
18/07/2025,20:26:32,46.71412,-59.38359,6984.0,0.0,SKT-4031,1.0,0.0,GPIX
18/07/2025,20:26:39,46.70983,-59.39544,6984.0,0.0,SKT-4031,1.0,0.0,GPIX
18/07/2025,20:26:46,46.70554,-59.40729,6984.0,0.0,SKT-4031,1.0,0.0,GPIX
18/07/2025,20:26:53,46.70124,-59.41914,6985.0,0.0,SKT-4031,1.0,0.0,GPIX
18/07/2025,20:27:00,46.69693,-59.431,6985.0,0.0,SKT-4031,1.0,0.0,GPIX
18/07/2025,20:27:07,46.69262,-59.44289,6987.0,0.0,SKT-4031,1.0,0.0,GPIX
18/07/2025,20:27:14,46.6883,-59.45478,6989.0,0.0,SKT-4031,1.0,0.0,GPIX
18/07/2025,20:27:21,46.68399,-59.46667,6991.0,0.0,SKT-4031,1.0,0.0,GPIX
18/07/2025,20:27:28,46.67966,-59.47858,6990.0,0.0,SKT-4031,1.0,0.0,GPIX
18/07/2025,20:27:36,46.67473,-59.49221,6989.0,0.0,SKT-4031,1.0,0.0,GPIX
18/07/2025,20:27:43,46.67041,-59.50415,6988.0,0.0,SKT-4031,1.0,0.0,GPIX
18/07/2025,20:27:50,46.66608,-59.51606,6988.0,0.0,SKT-4031,1.0,0.0,GPIX
18/07/2025,20:27:57,46.66174,-59.52796,6986.0,0.0,SKT-4031,1.0,0.0,GPIX
18/07/2025,20:28:04,46.6574,-59.53987,6985.0,0.0,SKT-4031,1.0,0.0,GPIX
18/07/2025,20:28:11,46.65306,-59.55174,6986.0,0.0,SKT-4031,1.0,0.0,GPIX
18/07/2025,20:28:18,46.6487,-59.5636,6985.0,0.0,SKT-4031,1.0,0.0,GPIX
18/07/2025,20:28:25,46.64436,-59.57546,6986.0,0.0,SKT-4031,1.0,0.0,GPIX
18/07/2025,20:28:32,46.64004,-59.58734,6985.0,0.0,SKT-4031,1.0,0.0,GPIX
18/07/2025,20:28:40,46.6351,-59.60093,6984.0,0.0,SKT-4031,1.0,0.0,GPIX
17/07/2025,05:32:21,,,,,SKT-4031,1.0,0.0,GPIX
18/07/2025,20:28:57,46.62451,-59.62976,6986.0,0.0,SKT-4031,1.0,0.0,GPIX
18/07/2025,20:29:04,46.62013,-59.64165,6986.0,0.0,SKT-4031,1.0,0.0,GPIX
18/07/2025,20:29:11,46.61576,-59.65354,6986.0,0.0,SKT-4031,1.0,0.0,GPIX
18/07/2025,20:29:18,46.61139,-59.66542,6986.0,0.0,SKT-4031,1.0,0.0,GPIX
18/07/2025,20:29:25,46.60704,-59.6773,6986.0,0.0,SKT-4031,1.0,0.0,GPIX
18/07/2025,20:29:32,46.6027,-59.68917,6985.0,0.0,SKT-4031,1.0,0.0,GPIX
18/07/2025,20:29:39,46.59836,-59.70103,6985.0,0.0,SKT-4031,1.0,0.0,GPIX
18/07/2025,20:29:47,46.59337,-59.71458,6983.0,0.0,SKT-4031,1.0,0.0,GPIX
18/07/2025,20:29:54,46.589,-59.72643,6984.0,0.0,SKT-4031,1.0,0.0,GPIX
18/07/2025,20:30:01,46.58463,-59.73828,6986.0,0.0,SKT-4031,1.0,0.0,GPIX
18/07/2025,20:30:08,46.58026,-59.75015,6985.0,0.0,SKT-4031,1.0,0.0,GPIX
18/07/2025,20:30:15,46.5759,-59.76203,6985.0,0.0,SKT-4031,1.0,0.0,GPIX
18/07/2025,20:30:22,46.57153,-59.7739,6985.0,0.0,SKT-4031,1.0,0.0,GPIX
18/07/2025,20:30:29,46.56716,-59.78576,6985.0,0.0,SKT-4031,1.0,0.0,GPIX
18/07/2025,20:30:36,46.5628,-59.79762,6985.0,0.0,SKT-4031,1.0,0.0,GPIX
18/07/2025,20:30:43,46.55846,-59.80947,6985.0,0.0,SKT-4031,1.0,0.0,GPIX
18/07/2025,20:30:50,46.5541,-59.82132,6984.0,0.0,SKT-4031,1.0,0.0,GPIX
18/07/2025,20:30:57,46.54972,-59.83315,6983.0,0.0,SKT-4031,1.0,0.0,GPIX
18/07/2025,20:31:05,46.5447,-59.84666,6982.0,0.0,SKT-4031,1.0,0.0,GPIX
18/07/2025,20:31:12,46.54034,-59.85852,6981.0,0.0,SKT-4031,1.0,0.0,GPIX
18/07/2025,20:31:19,46.53598,-59.87041,6983.0,0.0,SKT-4031,1.0,0.0,GPIX
18/07/2025,20:31:26,46.53161,-59.88232,6984.0,0.0,SKT-4031,1.0,0.0,GPIX
18/07/2025,20:31:33,46.52721,-59.89425,6985.0,0.0,SKT-4031,1.0,0.0,GPIX
18/07/2025,20:31:40,46.52279,-59.9062,6987.0,0.0,SKT-4031,1.0,0.0,GPIX
18/07/2025,20:31:47,46.51836,-59.91817,6987.0,0.0,SKT-4031,1.0,0.0,GPIX
18/07/2025,20:31:54,46.51392,-59.93018,6987.0,0.0,SKT-4031,1.0,0.0,GPIX
18/07/2025,20:32:01,46.50947,-59.94221,6988.0,0.0,SKT-4031,1.0,0.0,GPIX
18/07/2025,20:32:08,46.50502,-59.95426,6990.0,0.0,SKT-4031,1.0,0.0,GPIX
18/07/2025,20:32:16,46.49994,-59.96801,6989.0,0.0,SKT-4031,1.0,0.0,GPIX
18/07/2025,20:32:23,46.49547,-59.98003,6988.0,0.0,SKT-4031,1.0,0.0,GPIX
18/07/2025,20:32:30,46.491,-59.99203,6988.0,0.0,SKT-4031,1.0,0.0,GPIX
18/07/2025,20:32:37,46.48655,-60.00404,6986.0,0.0,SKT-4031,1.0,0.0,GPIX
18/07/2025,20:32:44,46.48209,-60.01604,6984.0,0.0,SKT-4031,1.0,0.0,GPIX
18/07/2025,20:32:51,46.47762,-60.02806,6983.0,0.0,SKT-4031,1.0,0.0,GPIX
18/07/2025,20:32:58,46.47315,-60.0401,6983.0,0.0,SKT-4031,1.0,0.0,GPIX
18/07/2025,20:33:05,46.46866,-60.05216,6983.0,0.0,SKT-4031,1.0,0.0,GPIX
18/07/2025,20:33:12,46.46415,-60.06423,6984.0,0.0,SKT-4031,1.0,0.0,GPIX
18/07/2025,20:33:19,46.45963,-60.07633,6986.0,0.0,SKT-4031,1.0,0.0,GPIX
18/07/2025,20:33:26,46.4551,-60.08845,6987.0,0.0,SKT-4031,1.0,0.0,GPIX
18/07/2025,20:33:34,46.44992,-60.10232,6988.0,0.0,SKT-4031,1.0,0.0,GPIX
18/07/2025,20:33:41,46.4454,-60.11446,6989.0,0.0,SKT-4031,1.0,0.0,GPIX
18/07/2025,20:33:48,46.44088,-60.12662,6989.0,0.0,SKT-4031,1.0,0.0,GPIX
18/07/2025,20:33:55,46.43635,-60.13878,6988.0,0.0,SKT-4031,1.0,0.0,GPIX
18/07/2025,20:34:02,46.43181,-60.15095,6989.0,0.0,SKT-4031,1.0,0.0,GPIX
18/07/2025,20:34:09,46.42728,-60.16311,6988.0,0.0,SKT-4031,1.0,0.0,GPIX
18/07/2025,20:34:16,46.42274,-60.17528,6988.0,0.0,SKT-4031,1.0,0.0,GPIX
18/07/2025,20:34:23,46.41819,-60.18744,6988.0,0.0,SKT-4031,1.0,0.0,GPIX
18/07/2025,20:34:30,46.41365,-60.19958,6988.0,0.0,SKT-4031,1.0,0.0,GPIX
18/07/2025,20:34:37,46.40912,-60.21172,6987.0,0.0,SKT-4031,1.0,0.0,GPIX
18/07/2025,20:34:44,46.40459,-60.22385,6987.0,0.0,SKT-4031,1.0,0.0,GPIX
18/07/2025,20:34:51,46.40006,-60.23596,6986.0,0.0,SKT-4031,1.0,0.0,GPIX
18/07/2025,20:34:59,46.39487,-60.24981,6986.0,0.0,SKT-4031,1.0,0.0,GPIX
18/07/2025,20:35:06,46.39034,-60.26193,6986.0,0.0,SKT-4031,1.0,0.0,GPIX
18/07/2025,20:35:13,46.38581,-60.27409,6985.0,0.0,SKT-4031,1.0,0.0,GPIX
18/07/2025,20:35:21,46.38065,-60.288,6985.0,0.0,SKT-4031,1.0,0.0,GPIX
18/07/2025,20:35:28,46.37612,-60.30017,6985.0,0.0,SKT-4031,1.0,0.0,GPIX
18/07/2025,20:35:35,46.37159,-60.31234,6985.0,0.0,SKT-4031,1.0,0.0,GPIX
18/07/2025,20:35:42,46.36706,-60.32448,6986.0,0.0,SKT-4031,1.0,0.0,GPIX
18/07/2025,20:35:49,46.36251,-60.33659,6986.0,0.0,SKT-4031,1.0,0.0,GPIX
18/07/2025,20:35:56,46.35796,-60.34868,6987.0,0.0,SKT-4031,1.0,0.0,GPIX
18/07/2025,20:36:03,46.35339,-60.36075,6986.0,0.0,SKT-4031,1.0,0.0,GPIX
18/07/2025,20:36:10,46.34882,-60.37281,6986.0,0.0,SKT-4031,1.0,0.0,GPIX
18/07/2025,20:36:17,46.34425,-60.3849,6985.0,0.0,SKT-4031,1.0,0.0,GPIX
18/07/2025,20:36:25,46.33901,-60.39872,6985.0,0.0,SKT-4031,1.0,0.0,GPIX
18/07/2025,20:36:32,46.33444,-60.41085,6985.0,0.0,SKT-4031,1.0,0.0,GPIX
18/07/2025,20:36:39,46.32986,-60.42302,6986.0,0.0,SKT-4031,1.0,0.0,GPIX
18/07/2025,20:36:46,46.32528,-60.43521,6988.0,0.0,SKT-4031,1.0,0.0,GPIX
18/07/2025,20:36:53,46.3207,-60.44743,6989.0,0.0,SKT-4031,1.0,0.0,GPIX
18/07/2025,20:37:00,46.31609,-60.45966,6990.0,0.0,SKT-4031,1.0,0.0,GPIX
18/07/2025,20:37:07,46.31147,-60.4719,6991.0,0.0,SKT-4031,1.0,0.0,GPIX
18/07/2025,20:37:14,46.30683,-60.48414,6992.0,0.0,SKT-4031,1.0,0.0,GPIX
18/07/2025,20:37:21,46.30218,-60.4964,6991.0,0.0,SKT-4031,1.0,0.0,GPIX
18/07/2025,20:37:28,46.29755,-60.50866,6992.0,0.0,SKT-4031,1.0,0.0,GPIX
18/07/2025,20:37:35,46.29292,-60.52094,6992.0,0.0,SKT-4031,1.0,0.0,GPIX
18/07/2025,20:37:43,46.28764,-60.53493,6992.0,0.0,SKT-4031,1.0,0.0,GPIX
18/07/2025,20:37:50,46.28301,-60.54715,6991.0,0.0,SKT-4031,1.0,0.0,GPIX
18/07/2025,20:37:57,46.27839,-60.55934,6991.0,0.0,SKT-4031,1.0,0.0,GPIX
18/07/2025,20:38:04,46.27377,-60.57148,6990.0,0.0,SKT-4031,1.0,0.0,GPIX
18/07/2025,20:38:11,46.26915,-60.58361,6989.0,0.0,SKT-4031,1.0,0.0,GPIX
18/07/2025,20:38:18,46.26455,-60.59573,6988.0,0.0,SKT-4031,1.0,0.0,GPIX
18/07/2025,20:38:25,46.25995,-60.60784,6988.0,0.0,SKT-4031,1.0,0.0,GPIX
18/07/2025,20:38:32,46.25532,-60.61993,6986.0,0.0,SKT-4031,1.0,0.0,GPIX
18/07/2025,20:38:39,46.25069,-60.63203,6987.0,0.0,SKT-4031,1.0,0.0,GPIX
18/07/2025,20:38:47,46.24544,-60.64592,6988.0,0.0,SKT-4031,1.0,0.0,GPIX
18/07/2025,20:38:54,46.24086,-60.6581,6987.0,0.0,SKT-4031,1.0,0.0,GPIX
18/07/2025,20:39:01,46.23627,-60.67029,6989.0,0.0,SKT-4031,1.0,0.0,GPIX
18/07/2025,20:39:08,46.23168,-60.68248,6989.0,0.0,SKT-4031,1.0,0.0,GPIX
18/07/2025,20:39:15,46.22709,-60.69466,6990.0,0.0,SKT-4031,1.0,0.0,GPIX
18/07/2025,20:39:22,46.22249,-60.70683,6989.0,0.0,SKT-4031,1.0,0.0,GPIX
18/07/2025,20:39:29,46.21785,-60.71893,6989.0,0.0,SKT-4031,1.0,0.0,GPIX
18/07/2025,20:39:36,46.21325,-60.73102,6989.0,0.0,SKT-4031,1.0,0.0,GPIX
18/07/2025,20:39:43,46.20864,-60.74306,6988.0,0.0,SKT-4031,1.0,0.0,GPIX
18/07/2025,20:39:50,46.20401,-60.75509,6986.0,0.0,SKT-4031,1.0,0.0,GPIX
18/07/2025,20:39:57,46.19937,-60.76711,6985.0,0.0,SKT-4031,1.0,0.0,GPIX
18/07/2025,20:40:04,46.19475,-60.77913,6987.0,0.0,SKT-4031,1.0,0.0,GPIX
18/07/2025,20:40:11,46.19013,-60.79115,6984.0,0.0,SKT-4031,1.0,0.0,GPIX
18/07/2025,20:40:18,46.1855,-60.80317,6986.0,0.0,SKT-4031,1.0,0.0,GPIX
18/07/2025,20:40:26,46.18024,-60.81692,6986.0,0.0,SKT-4031,1.0,0.0,GPIX
18/07/2025,20:40:33,46.17566,-60.82894,6987.0,0.0,SKT-4031,1.0,0.0,GPIX
18/07/2025,20:40:40,46.17108,-60.84095,6988.0,0.0,SKT-4031,1.0,0.0,GPIX
18/07/2025,20:40:47,46.16652,-60.85292,6987.0,0.0,SKT-4031,1.0,0.0,GPIX
18/07/2025,20:40:54,46.16198,-60.86486,6988.0,0.0,SKT-4031,1.0,0.0,GPIX
18/07/2025,20:41:01,46.15744,-60.87679,6988.0,0.0,SKT-4031,1.0,0.0,GPIX
18/07/2025,20:41:08,46.15291,-60.88868,6988.0,0.0,SKT-4031,1.0,0.0,GPIX
18/07/2025,20:41:15,46.14837,-60.90055,6988.0,0.0,SKT-4031,1.0,0.0,GPIX
18/07/2025,20:41:22,46.14383,-60.91241,6989.0,0.0,SKT-4031,1.0,0.0,GPIX
18/07/2025,20:41:29,46.13929,-60.92427,6988.0,0.0,SKT-4031,1.0,0.0,GPIX
18/07/2025,20:41:36,46.13472,-60.93615,6988.0,0.0,SKT-4031,1.0,0.0,GPIX
18/07/2025,20:41:44,46.12949,-60.94976,6987.0,0.0,SKT-4031,1.0,0.0,GPIX
18/07/2025,20:41:51,46.1249,-60.96172,6986.0,0.0,SKT-4031,1.0,0.0,GPIX
18/07/2025,20:41:58,46.1203,-60.9737,6987.0,0.0,SKT-4031,1.0,0.0,GPIX
18/07/2025,20:42:05,46.1157,-60.98573,6987.0,0.0,SKT-4031,1.0,0.0,GPIX
18/07/2025,20:42:12,46.11108,-60.99778,6988.0,0.0,SKT-4031,1.0,0.0,GPIX
18/07/2025,20:42:19,46.10643,-61.00985,6988.0,0.0,SKT-4031,1.0,0.0,GPIX
18/07/2025,20:42:26,46.10178,-61.02194,6989.0,0.0,SKT-4031,1.0,0.0,GPIX
18/07/2025,20:42:33,46.0971,-61.03404,6989.0,0.0,SKT-4031,1.0,0.0,GPIX
18/07/2025,20:42:41,46.09174,-61.04787,6990.0,0.0,SKT-4031,1.0,0.0,GPIX
18/07/2025,20:42:48,46.08704,-61.05996,6989.0,0.0,SKT-4031,1.0,0.0,GPIX
18/07/2025,20:42:55,46.08234,-61.07204,6989.0,0.0,SKT-4031,1.0,0.0,GPIX
18/07/2025,20:43:02,46.07765,-61.08413,6989.0,0.0,SKT-4031,1.0,0.0,GPIX
18/07/2025,20:43:09,46.07297,-61.0962,6988.0,0.0,SKT-4031,1.0,0.0,GPIX
18/07/2025,20:43:16,46.0683,-61.10825,6987.0,0.0,SKT-4031,1.0,0.0,GPIX
18/07/2025,20:43:23,46.06364,-61.12029,6986.0,0.0,SKT-4031,1.0,0.0,GPIX
18/07/2025,20:43:30,46.059,-61.13231,6986.0,0.0,SKT-4031,1.0,0.0,GPIX
18/07/2025,20:43:37,46.05437,-61.14431,6987.0,0.0,SKT-4031,1.0,0.0,GPIX
18/07/2025,20:43:44,46.04974,-61.1563,6986.0,0.0,SKT-4031,1.0,0.0,GPIX
18/07/2025,20:43:51,46.04512,-61.16828,6986.0,0.0,SKT-4031,1.0,0.0,GPIX
18/07/2025,20:43:58,46.04049,-61.18026,6987.0,0.0,SKT-4031,1.0,0.0,GPIX
18/07/2025,20:44:05,46.03584,-61.19222,6987.0,0.0,SKT-4031,1.0,0.0,GPIX
18/07/2025,20:44:12,46.03119,-61.20419,6987.0,0.0,SKT-4031,1.0,0.0,GPIX
18/07/2025,20:44:19,46.02654,-61.21618,6987.0,0.0,SKT-4031,1.0,0.0,GPIX
18/07/2025,20:44:27,46.02123,-61.22989,6986.0,0.0,SKT-4031,1.0,0.0,GPIX
18/07/2025,20:44:34,46.01658,-61.2419,6986.0,0.0,SKT-4031,1.0,0.0,GPIX
18/07/2025,20:44:41,46.01192,-61.25391,6986.0,0.0,SKT-4031,1.0,0.0,GPIX
18/07/2025,20:44:48,46.00726,-61.26593,6985.0,0.0,SKT-4031,1.0,0.0,GPIX
18/07/2025,20:44:55,46.00259,-61.27796,6985.0,0.0,SKT-4031,1.0,0.0,GPIX
18/07/2025,20:45:02,45.99792,-61.28998,6985.0,0.0,SKT-4031,1.0,0.0,GPIX
18/07/2025,20:45:09,45.99325,-61.30201,6985.0,0.0,SKT-4031,1.0,0.0,GPIX
18/07/2025,20:45:16,45.98857,-61.31403,6986.0,0.0,SKT-4031,1.0,0.0,GPIX
18/07/2025,20:45:24,45.98321,-61.3278,6986.0,0.0,SKT-4031,1.0,0.0,GPIX
18/07/2025,20:45:31,45.97852,-61.33986,6987.0,0.0,SKT-4031,1.0,0.0,GPIX
18/07/2025,20:45:38,45.97382,-61.35192,6987.0,0.0,SKT-4031,1.0,0.0,GPIX
18/07/2025,20:45:45,45.96912,-61.36398,6988.0,0.0,SKT-4031,1.0,0.0,GPIX
18/07/2025,20:45:52,45.96441,-61.37604,6988.0,0.0,SKT-4031,1.0,0.0,GPIX
18/07/2025,20:45:59,45.95969,-61.3881,6988.0,0.0,SKT-4031,1.0,0.0,GPIX
18/07/2025,20:46:06,45.95497,-61.40015,6988.0,0.0,SKT-4031,1.0,0.0,GPIX
18/07/2025,20:46:13,45.95024,-61.41221,6988.0,0.0,SKT-4031,1.0,0.0,GPIX
18/07/2025,20:46:21,45.94484,-61.42598,6988.0,0.0,SKT-4031,1.0,0.0,GPIX
18/07/2025,20:46:28,45.94011,-61.43803,6988.0,0.0,SKT-4031,1.0,0.0,GPIX
18/07/2025,20:46:35,45.93538,-61.45009,6987.0,0.0,SKT-4031,1.0,0.0,GPIX
18/07/2025,20:46:42,45.93065,-61.46215,6987.0,0.0,SKT-4031,1.0,0.0,GPIX
18/07/2025,20:46:49,45.92593,-61.47419,6987.0,0.0,SKT-4031,1.0,0.0,GPIX
18/07/2025,20:46:56,45.92122,-61.48623,6987.0,0.0,SKT-4031,1.0,0.0,GPIX
18/07/2025,20:47:03,45.91652,-61.49827,6986.0,0.0,SKT-4031,1.0,0.0,GPIX
18/07/2025,20:47:10,45.91181,-61.51029,6986.0,0.0,SKT-4031,1.0,0.0,GPIX
18/07/2025,20:47:17,45.9071,-61.5223,6986.0,0.0,SKT-4031,1.0,0.0,GPIX
18/07/2025,20:47:24,45.90239,-61.53429,6985.0,0.0,SKT-4031,1.0,0.0,GPIX
18/07/2025,20:47:31,45.89767,-61.54628,6985.0,0.0,SKT-4031,1.0,0.0,GPIX
18/07/2025,20:47:38,45.89296,-61.55828,6985.0,0.0,SKT-4031,1.0,0.0,GPIX
18/07/2025,20:47:46,45.88757,-61.57199,6986.0,0.0,SKT-4031,1.0,0.0,GPIX
18/07/2025,20:47:53,45.88285,-61.58401,6986.0,0.0,SKT-4031,1.0,0.0,GPIX
18/07/2025,20:48:00,45.87815,-61.59604,6986.0,0.0,SKT-4031,1.0,0.0,GPIX
18/07/2025,20:48:07,45.87344,-61.60807,6986.0,0.0,SKT-4031,1.0,0.0,GPIX
18/07/2025,20:48:14,45.86872,-61.62008,6987.0,0.0,SKT-4031,1.0,0.0,GPIX
18/07/2025,20:48:21,45.86399,-61.63207,6987.0,0.0,SKT-4031,1.0,0.0,GPIX
18/07/2025,20:48:28,45.85926,-61.64405,6987.0,0.0,SKT-4031,1.0,0.0,GPIX
18/07/2025,20:48:35,45.85454,-61.65602,6987.0,0.0,SKT-4031,1.0,0.0,GPIX
18/07/2025,20:48:42,45.84982,-61.66798,6986.0,0.0,SKT-4031,1.0,0.0,GPIX
18/07/2025,20:48:49,45.84511,-61.67992,6986.0,0.0,SKT-4031,1.0,0.0,GPIX
18/07/2025,20:48:56,45.84039,-61.69183,6985.0,0.0,SKT-4031,1.0,0.0,GPIX
18/07/2025,20:49:04,45.835,-61.70541,6985.0,0.0,SKT-4031,1.0,0.0,GPIX
18/07/2025,20:49:11,45.83029,-61.71727,6985.0,0.0,SKT-4031,1.0,0.0,GPIX
18/07/2025,20:49:18,45.82558,-61.72912,6985.0,0.0,SKT-4031,1.0,0.0,GPIX
18/07/2025,20:49:25,45.82089,-61.74097,6986.0,0.0,SKT-4031,1.0,0.0,GPIX
18/07/2025,20:49:32,45.8162,-61.75282,6986.0,0.0,SKT-4031,1.0,0.0,GPIX
18/07/2025,20:49:39,45.81152,-61.76467,6986.0,0.0,SKT-4031,1.0,0.0,GPIX
18/07/2025,20:49:46,45.80683,-61.77653,6986.0,0.0,SKT-4031,1.0,0.0,GPIX
18/07/2025,20:49:53,45.80214,-61.78841,6987.0,0.0,SKT-4031,1.0,0.0,GPIX
18/07/2025,20:50:00,45.79744,-61.80031,6987.0,0.0,SKT-4031,1.0,0.0,GPIX
18/07/2025,20:50:07,45.79274,-61.81224,6988.0,0.0,SKT-4031,1.0,0.0,GPIX
18/07/2025,20:50:14,45.78802,-61.8242,6989.0,0.0,SKT-4031,1.0,0.0,GPIX
18/07/2025,20:50:21,45.78328,-61.83618,6989.0,0.0,SKT-4031,1.0,0.0,GPIX
18/07/2025,20:50:29,45.77786,-61.84992,6989.0,0.0,SKT-4031,1.0,0.0,GPIX
18/07/2025,20:50:36,45.77312,-61.86197,6989.0,0.0,SKT-4031,1.0,0.0,GPIX
18/07/2025,20:50:43,45.76836,-61.87405,6989.0,0.0,SKT-4031,1.0,0.0,GPIX
18/07/2025,20:50:50,45.76358,-61.88613,6989.0,0.0,SKT-4031,1.0,0.0,GPIX
18/07/2025,20:50:57,45.75879,-61.89822,6989.0,0.0,SKT-4031,1.0,0.0,GPIX
18/07/2025,20:51:04,45.75398,-61.91033,6988.0,0.0,SKT-4031,1.0,0.0,GPIX
18/07/2025,20:51:11,45.74916,-61.92242,6989.0,0.0,SKT-4031,1.0,0.0,GPIX
18/07/2025,20:51:18,45.74434,-61.9345,6988.0,0.0,SKT-4031,1.0,0.0,GPIX
18/07/2025,20:51:25,45.7395,-61.94655,6988.0,0.0,SKT-4031,1.0,0.0,GPIX
18/07/2025,20:51:32,45.73467,-61.95859,6988.0,0.0,SKT-4031,1.0,0.0,GPIX
18/07/2025,20:51:39,45.72986,-61.97061,6987.0,0.0,SKT-4031,1.0,0.0,GPIX
18/07/2025,20:51:47,45.72437,-61.98432,6987.0,0.0,SKT-4031,1.0,0.0,GPIX
18/07/2025,20:51:54,45.71957,-61.99629,6986.0,0.0,SKT-4031,1.0,0.0,GPIX
18/07/2025,20:52:01,45.71476,-62.00824,6986.0,0.0,SKT-4031,1.0,0.0,GPIX
18/07/2025,20:52:08,45.70996,-62.02017,6987.0,0.0,SKT-4031,1.0,0.0,GPIX
18/07/2025,20:52:15,45.70516,-62.03209,6988.0,0.0,SKT-4031,1.0,0.0,GPIX
18/07/2025,20:52:22,45.70037,-62.04401,6989.0,0.0,SKT-4031,1.0,0.0,GPIX
18/07/2025,20:52:29,45.6956,-62.05593,6989.0,0.0,SKT-4031,1.0,0.0,GPIX
18/07/2025,20:52:36,45.69083,-62.06786,6989.0,0.0,SKT-4031,1.0,0.0,GPIX
18/07/2025,20:52:43,45.68605,-62.07979,6989.0,0.0,SKT-4031,1.0,0.0,GPIX
18/07/2025,20:52:50,45.68127,-62.09172,6989.0,0.0,SKT-4031,1.0,0.0,GPIX
18/07/2025,20:52:57,45.67648,-62.10367,6990.0,0.0,SKT-4031,1.0,0.0,GPIX
18/07/2025,20:53:04,45.6717,-62.11563,6989.0,0.0,SKT-4031,1.0,0.0,GPIX
18/07/2025,20:53:11,45.6669,-62.12759,6990.0,0.0,SKT-4031,1.0,0.0,GPIX
18/07/2025,20:53:19,45.66142,-62.14127,6989.0,0.0,SKT-4031,1.0,0.0,GPIX
18/07/2025,20:53:26,45.65662,-62.15324,6989.0,0.0,SKT-4031,1.0,0.0,GPIX
18/07/2025,20:53:33,45.65181,-62.16521,6990.0,0.0,SKT-4031,1.0,0.0,GPIX
18/07/2025,20:53:40,45.647,-62.17718,6989.0,0.0,SKT-4031,1.0,0.0,GPIX
18/07/2025,20:53:47,45.64219,-62.18916,6989.0,0.0,SKT-4031,1.0,0.0,GPIX
18/07/2025,20:53:54,45.63738,-62.20114,6989.0,0.0,SKT-4031,1.0,0.0,GPIX
18/07/2025,20:54:01,45.63257,-62.21313,6989.0,0.0,SKT-4031,1.0,0.0,GPIX
18/07/2025,20:54:08,45.62775,-62.22514,6990.0,0.0,SKT-4031,1.0,0.0,GPIX
18/07/2025,20:54:15,45.62284,-62.23708,6989.0,0.0,SKT-4031,1.0,0.0,GPIX
18/07/2025,20:54:22,45.61747,-62.24866,6988.0,0.0,SKT-4031,1.0,0.0,GPIX
18/07/2025,20:54:29,45.61155,-62.25974,6989.0,0.0,SKT-4031,1.0,0.0,GPIX
18/07/2025,20:54:36,45.60524,-62.27044,6988.0,0.0,SKT-4031,1.0,0.0,GPIX
18/07/2025,20:54:43,45.59873,-62.28092,6988.0,0.0,SKT-4031,1.0,0.0,GPIX
18/07/2025,20:54:50,45.59214,-62.29132,6988.0,0.0,SKT-4031,1.0,0.0,GPIX
18/07/2025,20:54:58,45.58456,-62.30315,6988.0,0.0,SKT-4031,1.0,0.0,GPIX
18/07/2025,20:55:05,45.57792,-62.31347,6988.0,0.0,SKT-4031,1.0,0.0,GPIX
18/07/2025,20:55:12,45.57125,-62.32379,6989.0,0.0,SKT-4031,1.0,0.0,GPIX
18/07/2025,20:55:20,45.56364,-62.33558,6990.0,0.0,SKT-4031,1.0,0.0,GPIX
18/07/2025,20:55:27,45.55699,-62.34591,6990.0,0.0,SKT-4031,1.0,0.0,GPIX
18/07/2025,20:55:34,45.55037,-62.35627,6990.0,0.0,SKT-4031,1.0,0.0,GPIX
18/07/2025,20:55:41,45.54377,-62.36667,6990.0,0.0,SKT-4031,1.0,0.0,GPIX
18/07/2025,20:55:48,45.53719,-62.3771,6990.0,0.0,SKT-4031,1.0,0.0,GPIX
18/07/2025,20:55:55,45.53063,-62.38757,6990.0,0.0,SKT-4031,1.0,0.0,GPIX
18/07/2025,20:56:02,45.52409,-62.39808,6989.0,0.0,SKT-4031,1.0,0.0,GPIX
18/07/2025,20:56:09,45.51758,-62.40863,6990.0,0.0,SKT-4031,1.0,0.0,GPIX
18/07/2025,20:56:16,45.51107,-62.4192,6991.0,0.0,SKT-4031,1.0,0.0,GPIX
18/07/2025,20:56:24,45.50366,-62.43134,6991.0,0.0,SKT-4031,1.0,0.0,GPIX
18/07/2025,20:56:31,45.49717,-62.44197,6991.0,0.0,SKT-4031,1.0,0.0,GPIX
18/07/2025,20:56:38,45.49068,-62.45262,6991.0,0.0,SKT-4031,1.0,0.0,GPIX
18/07/2025,20:56:45,45.48418,-62.46328,6991.0,0.0,SKT-4031,1.0,0.0,GPIX
18/07/2025,20:56:52,45.4777,-62.47396,6991.0,0.0,SKT-4031,1.0,0.0,GPIX
18/07/2025,20:56:59,45.4712,-62.48465,6991.0,0.0,SKT-4031,1.0,0.0,GPIX
18/07/2025,20:57:07,45.46378,-62.49688,6992.0,0.0,SKT-4031,1.0,0.0,GPIX
18/07/2025,20:57:14,45.45725,-62.50756,6992.0,0.0,SKT-4031,1.0,0.0,GPIX
18/07/2025,20:57:21,45.4507,-62.51825,6992.0,0.0,SKT-4031,1.0,0.0,GPIX
18/07/2025,20:57:28,45.44414,-62.52896,6992.0,0.0,SKT-4031,1.0,0.0,GPIX
18/07/2025,20:57:36,45.43666,-62.54122,6993.0,0.0,SKT-4031,1.0,0.0,GPIX
18/07/2025,20:57:43,45.43008,-62.55193,6993.0,0.0,SKT-4031,1.0,0.0,GPIX
18/07/2025,20:57:51,45.42253,-62.56414,6994.0,0.0,SKT-4031,1.0,0.0,GPIX
18/07/2025,20:57:58,45.41592,-62.57481,6994.0,0.0,SKT-4031,1.0,0.0,GPIX
18/07/2025,20:58:06,45.40839,-62.58701,6994.0,0.0,SKT-4031,1.0,0.0,GPIX
18/07/2025,20:58:13,45.40187,-62.59771,6994.0,0.0,SKT-4031,1.0,0.0,GPIX
18/07/2025,20:58:20,45.39539,-62.60839,6993.0,0.0,SKT-4031,1.0,0.0,GPIX
18/07/2025,20:58:27,45.38892,-62.61903,6993.0,0.0,SKT-4031,1.0,0.0,GPIX
18/07/2025,20:58:34,45.38243,-62.6296,6993.0,0.0,SKT-4031,1.0,0.0,GPIX
18/07/2025,20:58:41,45.37591,-62.64009,6992.0,0.0,SKT-4031,1.0,0.0,GPIX
18/07/2025,20:58:48,45.36938,-62.65051,6992.0,0.0,SKT-4031,1.0,0.0,GPIX
18/07/2025,20:58:55,45.36284,-62.66086,6992.0,0.0,SKT-4031,1.0,0.0,GPIX
18/07/2025,20:59:02,45.3563,-62.67116,6992.0,0.0,SKT-4031,1.0,0.0,GPIX
18/07/2025,20:59:09,45.3498,-62.68145,6992.0,0.0,SKT-4031,1.0,0.0,GPIX
18/07/2025,20:59:16,45.34333,-62.69173,6993.0,0.0,SKT-4031,1.0,0.0,GPIX
18/07/2025,20:59:24,45.33597,-62.70347,6993.0,0.0,SKT-4031,1.0,0.0,GPIX
18/07/2025,20:59:31,45.32962,-62.71373,6985.0,0.0,SKT-4031,1.0,0.0,GPIX
18/07/2025,20:59:38,45.3234,-62.72404,6954.0,0.0,SKT-4031,1.0,0.0,GPIX
18/07/2025,20:59:45,45.31723,-62.73444,6899.0,0.0,SKT-4031,1.0,0.0,GPIX
18/07/2025,20:59:52,45.31105,-62.74492,6841.0,0.0,SKT-4031,1.0,0.0,GPIX
18/07/2025,20:59:59,45.30475,-62.75534,6787.0,0.0,SKT-4031,1.0,0.0,GPIX
18/07/2025,21:00:07,45.29729,-62.76702,6720.0,0.0,SKT-4031,1.0,0.0,GPIX
18/07/2025,21:00:14,45.2906,-62.77716,6657.0,0.0,SKT-4031,1.0,0.0,GPIX
18/07/2025,21:00:21,45.28392,-62.78736,6595.0,0.0,SKT-4031,1.0,0.0,GPIX
18/07/2025,21:00:28,45.27732,-62.79768,6534.0,0.0,SKT-4031,1.0,0.0,GPIX
18/07/2025,21:00:35,45.27077,-62.80809,6473.0,0.0,SKT-4031,1.0,0.0,GPIX
18/07/2025,21:00:42,45.26423,-62.81852,6410.0,0.0,SKT-4031,1.0,0.0,GPIX
18/07/2025,21:00:49,45.25767,-62.82897,6349.0,0.0,SKT-4031,1.0,0.0,GPIX
18/07/2025,21:00:56,45.25109,-62.83941,6287.0,0.0,SKT-4031,1.0,0.0,GPIX
18/07/2025,21:01:03,45.24449,-62.84983,6226.0,0.0,SKT-4031,1.0,0.0,GPIX
18/07/2025,21:01:10,45.23787,-62.86026,6164.0,0.0,SKT-4031,1.0,0.0,GPIX
18/07/2025,21:01:17,45.23125,-62.87071,6102.0,0.0,SKT-4031,1.0,0.0,GPIX
18/07/2025,21:01:25,45.22369,-62.88267,6031.0,0.0,SKT-4031,1.0,0.0,GPIX
18/07/2025,21:01:32,45.21706,-62.89315,5968.0,0.0,SKT-4031,1.0,0.0,GPIX
18/07/2025,21:01:39,45.2104,-62.90361,5906.0,0.0,SKT-4031,1.0,0.0,GPIX
18/07/2025,21:01:46,45.20375,-62.91409,5845.0,0.0,SKT-4031,1.0,0.0,GPIX
18/07/2025,21:01:53,45.19709,-62.92458,5786.0,0.0,SKT-4031,1.0,0.0,GPIX
18/07/2025,21:02:00,45.19046,-62.93509,5731.0,0.0,SKT-4031,1.0,0.0,GPIX
18/07/2025,21:02:07,45.18386,-62.94559,5676.0,0.0,SKT-4031,1.0,0.0,GPIX
18/07/2025,21:02:14,45.17731,-62.9561,5617.0,0.0,SKT-4031,1.0,0.0,GPIX
18/07/2025,21:02:21,45.1708,-62.96661,5556.0,0.0,SKT-4031,1.0,0.0,GPIX
18/07/2025,21:02:28,45.16427,-62.97712,5496.0,0.0,SKT-4031,1.0,0.0,GPIX
18/07/2025,21:02:35,45.15773,-62.9876,5437.0,0.0,SKT-4031,1.0,0.0,GPIX
18/07/2025,21:02:42,45.15117,-62.99802,5378.0,0.0,SKT-4031,1.0,0.0,GPIX
18/07/2025,21:02:50,45.14362,-63.00989,5307.0,0.0,SKT-4031,1.0,0.0,GPIX
18/07/2025,21:02:57,45.13702,-63.02032,5245.0,0.0,SKT-4031,1.0,0.0,GPIX
18/07/2025,21:03:04,45.13045,-63.03077,5185.0,0.0,SKT-4031,1.0,0.0,GPIX
18/07/2025,21:03:11,45.12388,-63.04124,5122.0,0.0,SKT-4031,1.0,0.0,GPIX
18/07/2025,21:03:18,45.11729,-63.05169,5057.0,0.0,SKT-4031,1.0,0.0,GPIX
18/07/2025,21:03:25,45.11069,-63.06214,4996.0,0.0,SKT-4031,1.0,0.0,GPIX
18/07/2025,21:03:32,45.1041,-63.07259,4938.0,0.0,SKT-4031,1.0,0.0,GPIX
18/07/2025,21:03:39,45.09754,-63.08302,4877.0,0.0,SKT-4031,1.0,0.0,GPIX
18/07/2025,21:03:46,45.09097,-63.09345,4816.0,0.0,SKT-4031,1.0,0.0,GPIX
18/07/2025,21:03:53,45.08441,-63.10387,4755.0,0.0,SKT-4031,1.0,0.0,GPIX
18/07/2025,21:04:00,45.07786,-63.11429,4693.0,0.0,SKT-4031,1.0,0.0,GPIX
18/07/2025,21:04:07,45.0713,-63.12469,4632.0,0.0,SKT-4031,1.0,0.0,GPIX
18/07/2025,21:04:15,45.06376,-63.13656,4561.0,0.0,SKT-4031,1.0,0.0,GPIX
18/07/2025,21:04:22,45.05717,-63.14697,4500.0,0.0,SKT-4031,1.0,0.0,GPIX
18/07/2025,21:04:29,45.05061,-63.15741,4438.0,0.0,SKT-4031,1.0,0.0,GPIX
18/07/2025,21:04:36,45.04412,-63.16788,4376.0,0.0,SKT-4031,1.0,0.0,GPIX
18/07/2025,21:04:43,45.03771,-63.17835,4314.0,0.0,SKT-4031,1.0,0.0,GPIX
18/07/2025,21:04:50,45.03131,-63.18873,4253.0,0.0,SKT-4031,1.0,0.0,GPIX
18/07/2025,21:04:57,45.02493,-63.19899,4193.0,0.0,SKT-4031,1.0,0.0,GPIX
18/07/2025,21:05:04,45.01855,-63.20915,4134.0,0.0,SKT-4031,1.0,0.0,GPIX
18/07/2025,21:05:11,45.0122,-63.21922,4075.0,0.0,SKT-4031,1.0,0.0,GPIX
18/07/2025,21:05:20,45.00405,-63.23204,3998.0,0.0,SKT-4031,1.0,0.0,GPIX
18/07/2025,21:05:27,44.99773,-63.24192,3939.0,0.0,SKT-4031,1.0,0.0,GPIX
18/07/2025,21:05:35,44.99057,-63.25314,3872.0,0.0,SKT-4031,1.0,0.0,GPIX
18/07/2025,21:05:42,44.98434,-63.26291,3814.0,0.0,SKT-4031,1.0,0.0,GPIX
18/07/2025,21:05:49,44.97803,-63.2725,3757.0,0.0,SKT-4031,1.0,0.0,GPIX
18/07/2025,21:05:56,44.97134,-63.2815,3701.0,0.0,SKT-4031,1.0,0.0,GPIX
18/07/2025,21:06:03,44.96422,-63.2898,3646.0,0.0,SKT-4031,1.0,0.0,GPIX
18/07/2025,21:06:10,44.95683,-63.29757,3588.0,0.0,SKT-4031,1.0,0.0,GPIX
18/07/2025,21:06:17,44.94932,-63.30502,3530.0,0.0,SKT-4031,1.0,0.0,GPIX
18/07/2025,21:06:24,44.94178,-63.3123,3475.0,0.0,SKT-4031,1.0,0.0,GPIX
18/07/2025,21:06:31,44.93427,-63.31947,3419.0,0.0,SKT-4031,1.0,0.0,GPIX
18/07/2025,21:06:39,44.92574,-63.32756,3353.0,0.0,SKT-4031,1.0,0.0,GPIX
18/07/2025,21:06:46,44.91841,-63.33456,3297.0,0.0,SKT-4031,1.0,0.0,GPIX
18/07/2025,21:06:53,44.91124,-63.34151,3242.0,0.0,SKT-4031,1.0,0.0,GPIX
18/07/2025,21:07:00,44.9042,-63.34837,3187.0,0.0,SKT-4031,1.0,0.0,GPIX
18/07/2025,21:07:07,44.89724,-63.3551,3134.0,0.0,SKT-4031,1.0,0.0,GPIX
18/07/2025,21:07:14,44.89024,-63.36146,3086.0,0.0,SKT-4031,1.0,0.0,GPIX
18/07/2025,21:07:21,44.88314,-63.36745,3035.0,0.0,SKT-4031,1.0,0.0,GPIX
18/07/2025,21:07:28,44.8762,-63.37369,2985.0,0.0,SKT-4031,1.0,0.0,GPIX
18/07/2025,21:07:35,44.86947,-63.38025,2939.0,0.0,SKT-4031,1.0,0.0,GPIX
18/07/2025,21:07:42,44.86285,-63.38691,2889.0,0.0,SKT-4031,1.0,0.0,GPIX
18/07/2025,21:07:49,44.85624,-63.39358,2836.0,0.0,SKT-4031,1.0,0.0,GPIX
18/07/2025,21:07:57,44.84868,-63.40116,2777.0,0.0,SKT-4031,1.0,0.0,GPIX
18/07/2025,21:08:04,44.84203,-63.40775,2724.0,0.0,SKT-4031,1.0,0.0,GPIX
18/07/2025,21:08:11,44.83534,-63.41431,2673.0,0.0,SKT-4031,1.0,0.0,GPIX
18/07/2025,21:08:18,44.82864,-63.42082,2623.0,0.0,SKT-4031,1.0,0.0,GPIX
18/07/2025,21:08:25,44.82205,-63.42731,2570.0,0.0,SKT-4031,1.0,0.0,GPIX
18/07/2025,21:08:32,44.81557,-63.43385,2518.0,0.0,SKT-4031,1.0,0.0,GPIX
18/07/2025,21:08:40,44.80825,-63.44124,2463.0,0.0,SKT-4031,1.0,1.0,GPIX
18/07/2025,21:08:48,44.801,-63.44848,2408.0,0.0,SKT-4031,1.0,0.0,GPIX
18/07/2025,21:08:56,44.79384,-63.45559,2353.0,0.0,SKT-4031,1.0,1.0,GPIX
18/07/2025,21:09:04,44.78675,-63.46257,2300.0,0.0,SKT-4031,1.0,0.0,GPIX
18/07/2025,21:09:12,44.7796,-63.46943,2250.0,0.0,SKT-4031,1.0,0.0,GPIX
18/07/2025,21:09:20,44.77238,-63.47623,2196.0,0.0,SKT-4031,1.0,1.0,GPIX
18/07/2025,21:09:27,44.76605,-63.4822,2148.0,0.0,SKT-4031,1.0,1.0,GPIX
18/07/2025,21:09:35,44.75883,-63.48907,2092.0,0.0,SKT-4031,1.0,0.0,GPIX
18/07/2025,21:09:43,44.75166,-63.49601,2038.0,0.0,SKT-4031,1.0,1.0,GPIX
18/07/2025,21:09:51,44.74453,-63.50301,1986.0,0.0,SKT-4031,1.0,1.0,GPIX
18/07/2025,21:09:59,44.73737,-63.51,1935.0,0.0,SKT-4031,1.0,1.0,GPIX
18/07/2025,21:10:07,44.73008,-63.51686,1881.0,0.0,SKT-4031,1.0,0.0,GPIX
18/07/2025,21:10:16,44.72176,-63.52454,1818.0,0.0,SKT-4031,1.0,0.0,GPIX
18/07/2025,21:10:24,44.71436,-63.53146,1761.0,0.0,SKT-4031,1.0,0.0,GPIX
18/07/2025,21:10:32,44.7071,-63.53852,1705.0,0.0,SKT-4031,1.0,1.0,GPIX
18/07/2025,21:10:40,44.70015,-63.54592,1656.0,0.0,SKT-4031,1.0,1.0,GPIX
18/07/2025,21:10:47,44.69531,-63.5538,1611.0,0.0,SKT-4031,1.0,1.0,GPIX
18/07/2025,21:10:55,44.69242,-63.56457,1563.0,0.0,SKT-4031,1.0,0.0,GPIX
18/07/2025,21:11:03,44.69232,-63.57579,1513.0,0.0,SKT-4031,1.0,1.0,GPIX
18/07/2025,21:11:10,44.69382,-63.58524,1471.0,0.0,SKT-4031,1.0,1.0,GPIX
18/07/2025,21:11:17,44.69619,-63.59422,1427.0,0.0,SKT-4031,1.0,1.0,GPIX
18/07/2025,21:11:25,44.69955,-63.60398,1381.0,0.0,SKT-4031,1.0,1.0,GPIX
18/07/2025,21:11:32,44.70282,-63.61217,1341.0,0.0,SKT-4031,1.0,1.0,GPIX
17/07/2025,06:15:13,,,,,SKT-4031,1.0,0.0,GPIX
17/07/2025,06:15:23,,,,,SKT-4031,1.0,0.0,GPIX
17/07/2025,06:15:33,,,,,SKT-4031,1.0,0.0,GPIX
17/07/2025,06:15:43,,,,,SKT-4031,1.0,0.0,GPIX
17/07/2025,06:15:53,,,,,SKT-4031,1.0,0.0,GPIX
17/07/2025,06:16:01,,,,,SKT-4031,1.0,0.0,GPIX
17/07/2025,06:16:11,,,,,SKT-4031,1.0,0.0,GPIX
17/07/2025,06:16:20,,,,,SKT-4031,1.0,0.0,GPIX
17/07/2025,06:16:29,,,,,SKT-4031,1.0,0.0,GPIX
17/07/2025,06:16:38,,,,,SKT-4031,1.0,0.0,GPIX
17/07/2025,06:16:48,,,,,SKT-4031,1.0,0.0,GPIX
17/07/2025,06:16:57,,,,,SKT-4031,1.0,0.0,GPIX
17/07/2025,06:17:06,,,,,SKT-4031,1.0,0.0,GPIX
17/07/2025,06:17:15,,,,,SKT-4031,1.0,0.0,GPIX
18/07/2025,21:13:52,44.79372,-63.5975,656.0,0.0,SKT-4031,1.0,1.0,GPIX
18/07/2025,21:13:59,44.79763,-63.59365,629.0,0.0,SKT-4031,1.0,1.0,GPIX
18/07/2025,21:14:07,44.80207,-63.58942,590.0,0.0,SKT-4031,1.0,1.0,GPIX
18/07/2025,21:14:14,44.80592,-63.58588,563.0,0.0,SKT-4031,1.0,1.0,GPIX
18/07/2025,21:14:22,44.8102,-63.58188,532.0,0.0,SKT-4031,1.0,1.0,GPIX
18/07/2025,21:14:29,44.81392,-63.5784,505.0,0.0,SKT-4031,1.0,1.0,GPIX
18/07/2025,21:14:36,44.81756,-63.57483,478.0,0.0,SKT-4031,1.0,1.0,GPIX
18/07/2025,21:14:44,44.82165,-63.57079,448.0,0.0,SKT-4031,1.0,1.0,GPIX
18/07/2025,21:14:51,44.82519,-63.56728,423.0,0.0,SKT-4031,1.0,1.0,GPIX
18/07/2025,21:14:58,44.82876,-63.56375,396.0,0.0,SKT-4031,1.0,1.0,GPIX
18/07/2025,21:15:06,44.83282,-63.55969,368.0,0.0,SKT-4031,1.0,1.0,GPIX
18/07/2025,21:15:13,44.83642,-63.55622,343.0,0.0,SKT-4031,1.0,1.0,GPIX
18/07/2025,21:15:21,44.84053,-63.55223,313.0,0.0,SKT-4031,1.0,1.0,GPIX
18/07/2025,21:15:29,44.84467,-63.54819,283.0,0.0,SKT-4031,1.0,1.0,GPIX
18/07/2025,21:15:36,44.84824,-63.54451,257.0,0.0,SKT-4031,1.0,1.0,GPIX
18/07/2025,21:15:43,44.85178,-63.54084,230.0,0.0,SKT-4031,1.0,1.0,GPIX
18/07/2025,21:15:51,44.85588,-63.53678,200.0,0.0,SKT-4031,1.0,1.0,GPIX
18/07/2025,21:15:58,44.85948,-63.53333,176.0,0.0,SKT-4031,1.0,1.0,GPIX
18/07/2025,21:16:06,44.86354,-63.52936,146.0,0.0,SKT-4031,1.0,1.0,GPIX
18/07/2025,21:16:13,44.86703,-63.52583,124.0,0.0,SKT-4031,1.0,1.0,GPIX
18/07/2025,21:16:22,44.87143,-63.52158,123.0,0.0,SKT-4031,1.0,1.0,GPIX
18/07/2025,21:16:29,44.87421,-63.51883,123.0,1.0,SKT-4031,1.0,1.0,GPIX
18/07/2025,21:16:37,44.8765,-63.51657,121.0,1.0,SKT-4031,1.0,0.0,GPIX
18/07/2025,21:16:46,44.87844,-63.51466,120.0,1.0,SKT-4031,1.0,0.0,GPIX
18/07/2025,21:16:53,44.87965,-63.51345,119.0,1.0,SKT-4031,1.0,1.0,GPIX
18/07/2025,21:17:00,44.88068,-63.51244,119.0,1.0,SKT-4031,1.0,1.0,GPIX
18/07/2025,21:17:08,44.88166,-63.51147,119.0,1.0,SKT-4031,1.0,1.0,GPIX
18/07/2025,21:17:15,44.88237,-63.51078,119.0,1.0,SKT-4031,1.0,1.0,GPIX
18/07/2025,21:17:23,44.88296,-63.51028,119.0,1.0,SKT-4031,1.0,1.0,GPIX
18/07/2025,21:17:30,44.88332,-63.51048,118.0,1.0,SKT-4031,1.0,1.0,GPIX
18/07/2025,21:17:38,44.88358,-63.51094,118.0,1.0,SKT-4031,1.0,1.0,GPIX
18/07/2025,21:17:46,44.88382,-63.51144,117.0,1.0,SKT-4031,1.0,1.0,GPIX
18/07/2025,21:17:53,44.88407,-63.51184,117.0,1.0,SKT-4031,1.0,1.0,GPIX
18/07/2025,21:18:00,44.88443,-63.51199,117.0,1.0,SKT-4031,1.0,1.0,GPIX
18/07/2025,21:18:08,44.88481,-63.51209,117.0,1.0,SKT-4031,1.0,1.0,GPIX
18/07/2025,21:18:15,44.88512,-63.51216,117.0,1.0,SKT-4031,1.0,1.0,GPIX
18/07/2025,21:18:23,44.88544,-63.51224,117.0,1.0,SKT-4031,1.0,1.0,GPIX
18/07/2025,21:18:30,44.88564,-63.51228,117.0,1.0,SKT-4031,1.0,1.0,GPIX
18/07/2025,21:18:37,44.8857,-63.51237,117.0,1.0,SKT-4031,1.0,1.0,GPIX
18/07/2025,21:18:45,44.88572,-63.5126,117.0,1.0,SKT-4031,1.0,1.0,GPIX
18/07/2025,21:18:52,44.88575,-63.5128,117.0,1.0,SKT-4031,1.0,1.0,GPIX
18/07/2025,21:18:59,44.88582,-63.513,117.0,1.0,SKT-4031,1.0,1.0,GPIX
18/07/2025,21:19:07,44.88591,-63.51321,117.0,1.0,SKT-4031,1.0,1.0,GPIX
18/07/2025,21:19:14,44.88599,-63.51339,117.0,1.0,SKT-4031,1.0,1.0,GPIX
18/07/2025,21:19:22,44.88607,-63.51357,117.0,1.0,SKT-4031,1.0,1.0,GPIX
18/07/2025,21:19:29,44.88609,-63.5136,117.0,1.0,SKT-4031,1.0,1.0,GPIX
18/07/2025,21:19:36,44.88609,-63.5136,117.0,1.0,SKT-4031,1.0,1.0,GPIX
18/07/2025,21:19:44,44.88609,-63.51361,118.0,1.0,SKT-4031,1.0,1.0,GPIX
18/07/2025,21:19:51,44.88608,-63.51361,118.0,1.0,SKT-4031,1.0,1.0,GPIX
18/07/2025,21:19:58,44.88609,-63.51361,118.0,1.0,SKT-4031,1.0,1.0,GPIX
18/07/2025,21:20:06,44.88609,-63.51361,118.0,1.0,SKT-4031,1.0,1.0,GPIX
18/07/2025,21:20:13,44.88609,-63.5136,118.0,1.0,SKT-4031,1.0,1.0,GPIX
18/07/2025,21:20:21,44.8861,-63.5136,118.0,1.0,SKT-4031,1.0,1.0,GPIX
18/07/2025,21:20:28,44.8861,-63.5136,119.0,1.0,SKT-4031,1.0,1.0,GPIX
18/07/2025,21:20:35,44.8861,-63.5136,119.0,1.0,SKT-4031,1.0,1.0,GPIX
18/07/2025,21:20:43,44.8861,-63.51359,119.0,1.0,SKT-4031,1.0,1.0,GPIX
18/07/2025,21:20:50,44.88609,-63.51359,118.0,1.0,SKT-4031,1.0,1.0,GPIX
18/07/2025,21:20:57,44.88609,-63.51359,118.0,1.0,SKT-4031,1.0,1.0,GPIX
18/07/2025,21:21:05,44.88609,-63.51359,118.0,1.0,SKT-4031,1.0,1.0,GPIX
18/07/2025,21:21:12,44.88609,-63.5136,119.0,1.0,SKT-4031,1.0,1.0,GPIX
18/07/2025,21:21:20,44.88609,-63.5136,120.0,1.0,SKT-4031,1.0,1.0,GPIX
18/07/2025,21:21:27,44.8861,-63.5136,120.0,1.0,SKT-4031,1.0,1.0,GPIX
18/07/2025,21:21:34,44.8861,-63.51359,119.0,1.0,SKT-4031,1.0,1.0,GPIX
18/07/2025,21:21:42,44.8861,-63.5136,119.0,1.0,SKT-4031,1.0,1.0,GPIX
18/07/2025,21:21:50,44.8861,-63.5136,118.0,1.0,SKT-4031,1.0,1.0,GPIX
17/07/2025,06:25:33,,,,,SKT-4031,1.0,1.0,GPIX
18/07/2025,21:22:09,44.88609,-63.5136,119.0,1.0,SKT-4031,1.0,1.0,GPIX
18/07/2025,21:22:16,44.8861,-63.5136,117.0,1.0,SKT-4031,1.0,1.0,GPIX
17/07/2025,06:25:57,,,,,SKT-4031,1.0,0.0,GPIX
17/07/2025,06:26:07,,,,,SKT-4031,1.0,0.0,GPIX
17/07/2025,06:26:18,,,,,SKT-4031,1.0,0.0,GPIX
17/07/2025,06:26:28,,,,,SKT-4031,1.0,0.0,GPIX
17/07/2025,06:26:37,,,,,SKT-4031,1.0,0.0,GPIX
17/07/2025,06:26:46,,,,,SKT-4031,1.0,0.0,GPIX
17/07/2025,06:26:55,,,,,SKT-4031,1.0,0.0,GPIX
17/07/2025,06:27:05,,,,,SKT-4031,1.0,0.0,GPIX
17/07/2025,06:27:14,,,,,SKT-4031,1.0,0.0,GPIX
17/07/2025,06:27:23,,,,,SKT-4031,1.0,0.0,GPIX
17/07/2025,06:27:32,,,,,SKT-4031,1.0,0.0,GPIX
17/07/2025,06:27:42,,,,,SKT-4031,1.0,0.0,GPIX
17/07/2025,06:27:51,,,,,SKT-4031,1.0,0.0,GPIX
17/07/2025,06:28:00,,,,,SKT-4031,1.0,0.0,GPIX
17/07/2025,06:28:09,,,,,SKT-4031,1.0,0.0,GPIX
17/07/2025,06:28:18,,,,,SKT-4031,1.0,0.0,GPIX
17/07/2025,06:28:28,,,,,SKT-4031,1.0,0.0,GPIX
17/07/2025,06:28:37,,,,,SKT-4031,1.0,0.0,GPIX
17/07/2025,06:28:46,,,,,SKT-4031,1.0,0.0,GPIX
17/07/2025,06:28:55,,,,,SKT-4031,1.0,0.0,GPIX
18/07/2025,21:25:33,44.88609,-63.5136,116.0,1.0,SKT-4031,1.0,0.0,GPIX
18/07/2025,21:25:41,44.88609,-63.51361,116.0,1.0,SKT-4031,1.0,1.0,GPIX
18/07/2025,21:25:49,44.88609,-63.51361,116.0,1.0,SKT-4031,1.0,1.0,GPIX
18/07/2025,21:25:56,44.88609,-63.51361,116.0,1.0,SKT-4031,1.0,1.0,GPIX
18/07/2025,21:26:04,44.88608,-63.51361,116.0,1.0,SKT-4031,1.0,1.0,GPIX
18/07/2025,21:26:11,44.88608,-63.51361,116.0,1.0,SKT-4031,1.0,1.0,GPIX
18/07/2025,21:26:19,44.88608,-63.51361,117.0,1.0,SKT-4031,1.0,1.0,GPIX
18/07/2025,21:26:26,44.88608,-63.5136,117.0,1.0,SKT-4031,1.0,1.0,GPIX
18/07/2025,21:26:33,44.88609,-63.5136,116.0,1.0,SKT-4031,1.0,1.0,GPIX
18/07/2025,21:26:41,44.88609,-63.5136,116.0,1.0,SKT-4031,1.0,1.0,GPIX
18/07/2025,21:26:48,44.88609,-63.5136,115.0,1.0,SKT-4031,1.0,1.0,GPIX
18/07/2025,21:26:55,44.88609,-63.5136,115.0,1.0,SKT-4031,1.0,1.0,GPIX
18/07/2025,21:27:03,44.88608,-63.5136,115.0,1.0,SKT-4031,1.0,1.0,GPIX
18/07/2025,21:27:10,44.88608,-63.5136,115.0,1.0,SKT-4031,1.0,1.0,GPIX
18/07/2025,21:27:18,44.88608,-63.5136,116.0,1.0,SKT-4031,1.0,1.0,GPIX
18/07/2025,21:27:25,44.88607,-63.51361,117.0,1.0,SKT-4031,1.0,1.0,GPIX
18/07/2025,21:27:32,44.88607,-63.51361,117.0,1.0,SKT-4031,1.0,1.0,GPIX
18/07/2025,21:27:40,44.88608,-63.5136,117.0,1.0,SKT-4031,1.0,1.0,GPIX
18/07/2025,21:27:47,44.88608,-63.5136,117.0,1.0,SKT-4031,1.0,1.0,GPIX
18/07/2025,21:27:54,44.88609,-63.5136,117.0,1.0,SKT-4031,1.0,1.0,GPIX
18/07/2025,21:28:02,44.88609,-63.5136,117.0,1.0,SKT-4031,1.0,1.0,GPIX
18/07/2025,21:28:09,44.8861,-63.5136,117.0,1.0,SKT-4031,1.0,1.0,GPIX
18/07/2025,21:28:16,44.8861,-63.5136,117.0,1.0,SKT-4031,1.0,1.0,GPIX
18/07/2025,21:28:24,44.8861,-63.5136,117.0,1.0,SKT-4031,1.0,1.0,GPIX
18/07/2025,21:28:31,44.8861,-63.5136,116.0,1.0,SKT-4031,1.0,1.0,GPIX
18/07/2025,21:28:38,44.8861,-63.5136,116.0,1.0,SKT-4031,1.0,1.0,GPIX
18/07/2025,21:28:46,44.88609,-63.5136,116.0,1.0,SKT-4031,1.0,1.0,GPIX
18/07/2025,21:28:53,44.88609,-63.5136,116.0,1.0,SKT-4031,1.0,1.0,GPIX
18/07/2025,21:29:00,44.88609,-63.51361,117.0,1.0,SKT-4031,1.0,1.0,GPIX
18/07/2025,21:29:08,44.88609,-63.51361,117.0,1.0,SKT-4031,1.0,1.0,GPIX
18/07/2025,21:29:15,44.88609,-63.5136,117.0,1.0,SKT-4031,1.0,1.0,GPIX
18/07/2025,21:29:23,44.88609,-63.5136,118.0,1.0,SKT-4031,1.0,1.0,GPIX
18/07/2025,21:29:30,44.88609,-63.5136,118.0,1.0,SKT-4031,1.0,1.0,GPIX
18/07/2025,21:29:37,44.88609,-63.5136,118.0,1.0,SKT-4031,1.0,1.0,GPIX
18/07/2025,21:29:45,44.88609,-63.5136,118.0,1.0,SKT-4031,1.0,1.0,GPIX
18/07/2025,21:29:52,44.88609,-63.5136,118.0,1.0,SKT-4031,1.0,1.0,GPIX
18/07/2025,21:29:59,44.88609,-63.51361,118.0,1.0,SKT-4031,1.0,1.0,GPIX
18/07/2025,21:30:07,44.88608,-63.51361,118.0,1.0,SKT-4031,1.0,1.0,GPIX
18/07/2025,21:30:14,44.88609,-63.5136,117.0,1.0,SKT-4031,1.0,1.0,GPIX
18/07/2025,21:30:22,44.88609,-63.5136,116.0,1.0,SKT-4031,1.0,1.0,GPIX
18/07/2025,21:30:29,44.88609,-63.5136,117.0,1.0,SKT-4031,1.0,1.0,GPIX
18/07/2025,21:30:36,44.88609,-63.5136,117.0,1.0,SKT-4031,1.0,1.0,GPIX
18/07/2025,21:30:44,44.88609,-63.5136,117.0,1.0,SKT-4031,1.0,1.0,GPIX
18/07/2025,21:30:51,44.88609,-63.5136,117.0,1.0,SKT-4031,1.0,1.0,GPIX
18/07/2025,21:30:58,44.88609,-63.5136,117.0,1.0,SKT-4031,1.0,1.0,GPIX
18/07/2025,21:31:06,44.88608,-63.5136,119.0,1.0,SKT-4031,1.0,1.0,GPIX
18/07/2025,21:31:13,44.88608,-63.51361,119.0,1.0,SKT-4031,1.0,1.0,GPIX
18/07/2025,21:31:21,44.88608,-63.51361,118.0,1.0,SKT-4031,1.0,1.0,GPIX
18/07/2025,21:31:28,44.88609,-63.5136,117.0,1.0,SKT-4031,1.0,1.0,GPIX
18/07/2025,21:31:35,44.88609,-63.5136,117.0,1.0,SKT-4031,1.0,1.0,GPIX
18/07/2025,21:31:43,44.88609,-63.5136,116.0,1.0,SKT-4031,1.0,1.0,GPIX
18/07/2025,21:31:50,44.88609,-63.5136,117.0,1.0,SKT-4031,1.0,1.0,GPIX
18/07/2025,21:31:58,44.88609,-63.5136,117.0,1.0,SKT-4031,1.0,1.0,GPIX
18/07/2025,21:32:06,44.88609,-63.5136,117.0,1.0,SKT-4031,1.0,1.0,GPIX
18/07/2025,21:32:13,44.88609,-63.51359,117.0,1.0,SKT-4031,1.0,1.0,GPIX
18/07/2025,21:32:20,44.88609,-63.51359,118.0,1.0,SKT-4031,1.0,1.0,GPIX
18/07/2025,21:32:28,44.8861,-63.51359,118.0,1.0,SKT-4031,1.0,1.0,GPIX
18/07/2025,21:32:35,44.8861,-63.5136,118.0,1.0,SKT-4031,1.0,1.0,GPIX
18/07/2025,21:32:42,44.8861,-63.5136,117.0,1.0,SKT-4031,1.0,1.0,GPIX
18/07/2025,21:32:50,44.88609,-63.5136,118.0,1.0,SKT-4031,1.0,1.0,GPIX
18/07/2025,21:32:57,44.88609,-63.5136,118.0,1.0,SKT-4031,1.0,1.0,GPIX
18/07/2025,21:33:04,44.88609,-63.5136,118.0,1.0,SKT-4031,1.0,1.0,GPIX
18/07/2025,21:33:12,44.88609,-63.5136,118.0,1.0,SKT-4031,1.0,1.0,GPIX
18/07/2025,21:33:20,44.88609,-63.5136,117.0,1.0,SKT-4031,1.0,1.0,GPIX
18/07/2025,21:33:27,44.88609,-63.5136,117.0,1.0,SKT-4031,1.0,1.0,GPIX
18/07/2025,21:33:35,44.88609,-63.5136,117.0,1.0,SKT-4031,1.0,1.0,GPIX
18/07/2025,21:33:42,44.88609,-63.5136,117.0,1.0,SKT-4031,1.0,1.0,GPIX
18/07/2025,21:33:49,44.88608,-63.5136,118.0,1.0,SKT-4031,1.0,1.0,GPIX
18/07/2025,21:33:57,44.88607,-63.5136,117.0,1.0,SKT-4031,1.0,1.0,GPIX
18/07/2025,21:34:04,44.88607,-63.5136,117.0,1.0,SKT-4031,1.0,1.0,GPIX
18/07/2025,21:34:11,44.88607,-63.5136,117.0,1.0,SKT-4031,1.0,1.0,GPIX
18/07/2025,21:34:19,44.88607,-63.5136,117.0,1.0,SKT-4031,1.0,1.0,GPIX
18/07/2025,21:34:26,44.88607,-63.5136,117.0,1.0,SKT-4031,1.0,1.0,GPIX
18/07/2025,21:34:33,44.88607,-63.5136,117.0,1.0,SKT-4031,1.0,1.0,GPIX
18/07/2025,21:34:41,44.88608,-63.5136,117.0,1.0,SKT-4031,1.0,1.0,GPIX
18/07/2025,21:34:48,44.88608,-63.5136,117.0,1.0,SKT-4031,1.0,1.0,GPIX
18/07/2025,21:34:56,44.88609,-63.5136,117.0,1.0,SKT-4031,1.0,1.0,GPIX
18/07/2025,21:35:03,44.88609,-63.5136,117.0,1.0,SKT-4031,1.0,1.0,GPIX
18/07/2025,21:35:10,44.88609,-63.51359,117.0,1.0,SKT-4031,1.0,1.0,GPIX
18/07/2025,21:35:18,44.8861,-63.5136,117.0,1.0,SKT-4031,1.0,1.0,GPIX
18/07/2025,21:35:26,44.8861,-63.5136,116.0,1.0,SKT-4031,1.0,1.0,GPIX
18/07/2025,21:35:33,44.8861,-63.5136,116.0,1.0,SKT-4031,1.0,1.0,GPIX
18/07/2025,21:35:41,44.8861,-63.5136,115.0,1.0,SKT-4031,1.0,1.0,GPIX
18/07/2025,21:35:48,44.88609,-63.5136,116.0,1.0,SKT-4031,1.0,1.0,GPIX
18/07/2025,21:35:55,44.88609,-63.51361,116.0,1.0,SKT-4031,1.0,1.0,GPIX
18/07/2025,21:36:03,44.8861,-63.51361,116.0,1.0,SKT-4031,1.0,1.0,GPIX
18/07/2025,21:36:10,44.8861,-63.51361,115.0,1.0,SKT-4031,1.0,1.0,GPIX
18/07/2025,21:36:17,44.8861,-63.51361,114.0,1.0,SKT-4031,1.0,1.0,GPIX
18/07/2025,21:36:26,44.8861,-63.51361,114.0,1.0,SKT-4031,1.0,1.0,GPIX
18/07/2025,21:36:33,44.8861,-63.51361,115.0,1.0,SKT-4031,1.0,1.0,GPIX
18/07/2025,21:36:40,44.8861,-63.51361,116.0,1.0,SKT-4031,1.0,1.0,GPIX
18/07/2025,21:36:48,44.88609,-63.51362,116.0,1.0,SKT-4031,1.0,1.0,GPIX
18/07/2025,21:36:55,44.88609,-63.51362,116.0,1.0,SKT-4031,1.0,1.0,GPIX
18/07/2025,21:37:02,44.88609,-63.51361,116.0,1.0,SKT-4031,1.0,1.0,GPIX
18/07/2025,21:37:10,44.88609,-63.51361,117.0,1.0,SKT-4031,1.0,1.0,GPIX
18/07/2025,21:37:17,44.88609,-63.51361,117.0,1.0,SKT-4031,1.0,1.0,GPIX
18/07/2025,21:37:24,44.88609,-63.51361,117.0,1.0,SKT-4031,1.0,1.0,GPIX
18/07/2025,21:37:32,44.88609,-63.51361,116.0,1.0,SKT-4031,1.0,1.0,GPIX
18/07/2025,21:37:39,44.88609,-63.51361,117.0,1.0,SKT-4031,1.0,1.0,GPIX
18/07/2025,21:37:47,44.88609,-63.51361,118.0,1.0,SKT-4031,1.0,1.0,GPIX
18/07/2025,21:37:54,44.88609,-63.51362,118.0,1.0,SKT-4031,1.0,1.0,GPIX
18/07/2025,21:38:01,44.88609,-63.51362,118.0,1.0,SKT-4031,1.0,1.0,GPIX
18/07/2025,21:38:09,44.88609,-63.51361,118.0,1.0,SKT-4031,1.0,1.0,GPIX
18/07/2025,21:38:16,44.88609,-63.51361,118.0,1.0,SKT-4031,1.0,1.0,GPIX
18/07/2025,21:38:23,44.88609,-63.51361,119.0,1.0,SKT-4031,1.0,1.0,GPIX
18/07/2025,21:38:31,44.88609,-63.51361,118.0,1.0,SKT-4031,1.0,1.0,GPIX
18/07/2025,21:38:38,44.88609,-63.5136,117.0,1.0,SKT-4031,1.0,1.0,GPIX
18/07/2025,21:38:46,44.88609,-63.5136,117.0,1.0,SKT-4031,1.0,1.0,GPIX
18/07/2025,21:38:53,44.88609,-63.5136,117.0,1.0,SKT-4031,1.0,1.0,GPIX
18/07/2025,21:39:00,44.88609,-63.5136,117.0,1.0,SKT-4031,1.0,1.0,GPIX
18/07/2025,21:39:08,44.88609,-63.5136,116.0,1.0,SKT-4031,1.0,1.0,GPIX
18/07/2025,21:39:15,44.88609,-63.5136,116.0,1.0,SKT-4031,1.0,1.0,GPIX
18/07/2025,21:39:22,44.88609,-63.5136,115.0,1.0,SKT-4031,1.0,1.0,GPIX
18/07/2025,21:39:30,44.88609,-63.5136,115.0,1.0,SKT-4031,1.0,1.0,GPIX
18/07/2025,21:39:37,44.88609,-63.5136,115.0,1.0,SKT-4031,1.0,1.0,GPIX
18/07/2025,21:39:45,44.88609,-63.5136,115.0,1.0,SKT-4031,1.0,1.0,GPIX
18/07/2025,21:39:52,44.88609,-63.5136,115.0,1.0,SKT-4031,1.0,1.0,GPIX
18/07/2025,21:39:59,44.88609,-63.5136,114.0,1.0,SKT-4031,1.0,1.0,GPIX
18/07/2025,21:40:07,44.88608,-63.5136,114.0,1.0,SKT-4031,1.0,1.0,GPIX
18/07/2025,21:40:14,44.88608,-63.5136,114.0,1.0,SKT-4031,1.0,1.0,GPIX
18/07/2025,21:40:21,44.88608,-63.5136,114.0,1.0,SKT-4031,1.0,1.0,GPIX
18/07/2025,21:40:29,44.88608,-63.5136,114.0,1.0,SKT-4031,1.0,1.0,GPIX
18/07/2025,21:40:36,44.88608,-63.5136,115.0,1.0,SKT-4031,1.0,1.0,GPIX
18/07/2025,21:40:44,44.88608,-63.51361,116.0,1.0,SKT-4031,1.0,1.0,GPIX
18/07/2025,21:40:51,44.88608,-63.5136,116.0,1.0,SKT-4031,1.0,1.0,GPIX
18/07/2025,21:40:58,44.88608,-63.51361,116.0,1.0,SKT-4031,1.0,1.0,GPIX
18/07/2025,21:41:06,44.88608,-63.51361,117.0,1.0,SKT-4031,1.0,1.0,GPIX
18/07/2025,21:41:13,44.88609,-63.51361,117.0,1.0,SKT-4031,1.0,1.0,GPIX
18/07/2025,21:41:20,44.88609,-63.51361,117.0,1.0,SKT-4031,1.0,1.0,GPIX
18/07/2025,21:41:28,44.88609,-63.5136,115.0,1.0,SKT-4031,1.0,1.0,GPIX
18/07/2025,21:41:35,44.88609,-63.5136,115.0,1.0,SKT-4031,1.0,1.0,GPIX
18/07/2025,21:41:43,44.88609,-63.5136,114.0,1.0,SKT-4031,1.0,1.0,GPIX
18/07/2025,21:41:50,44.88609,-63.5136,115.0,1.0,SKT-4031,1.0,1.0,GPIX
18/07/2025,21:41:58,44.88609,-63.5136,114.0,1.0,SKT-4031,1.0,1.0,GPIX
18/07/2025,21:42:05,44.88609,-63.5136,114.0,1.0,SKT-4031,1.0,1.0,GPIX
18/07/2025,21:42:12,44.88609,-63.5136,113.0,1.0,SKT-4031,1.0,1.0,GPIX
18/07/2025,21:42:20,44.88609,-63.5136,114.0,1.0,SKT-4031,1.0,1.0,GPIX
18/07/2025,21:42:27,44.88609,-63.51359,115.0,1.0,SKT-4031,1.0,1.0,GPIX
18/07/2025,21:42:35,44.88609,-63.51359,116.0,1.0,SKT-4031,1.0,1.0,GPIX
17/07/2025,06:46:16,,,,,SKT-4031,1.0,0.0,GPIX
18/07/2025,21:42:52,44.88609,-63.5136,116.0,1.0,SKT-4031,1.0,1.0,GPIX
18/07/2025,21:42:59,44.88609,-63.5136,116.0,1.0,SKT-4031,1.0,1.0,GPIX
18/07/2025,21:43:07,44.88609,-63.5136,117.0,1.0,SKT-4031,1.0,1.0,GPIX
18/07/2025,21:43:14,44.88609,-63.5136,117.0,1.0,SKT-4031,1.0,1.0,GPIX
18/07/2025,21:43:21,44.88609,-63.5136,116.0,1.0,SKT-4031,1.0,1.0,GPIX
18/07/2025,21:43:29,44.88609,-63.51359,116.0,1.0,SKT-4031,1.0,1.0,GPIX
18/07/2025,21:43:36,44.88609,-63.5136,116.0,1.0,SKT-4031,1.0,1.0,GPIX
18/07/2025,21:43:43,44.8861,-63.5136,116.0,1.0,SKT-4031,1.0,1.0,GPIX
18/07/2025,21:43:51,44.88609,-63.5136,116.0,1.0,SKT-4031,1.0,1.0,GPIX
18/07/2025,21:43:58,44.88609,-63.5136,117.0,1.0,SKT-4031,1.0,1.0,GPIX
18/07/2025,21:44:05,44.88609,-63.5136,117.0,1.0,SKT-4031,1.0,1.0,GPIX
18/07/2025,21:44:13,44.88609,-63.5136,116.0,1.0,SKT-4031,1.0,1.0,GPIX
18/07/2025,21:44:20,44.88609,-63.5136,116.0,1.0,SKT-4031,1.0,1.0,GPIX
18/07/2025,21:44:28,44.88609,-63.5136,116.0,1.0,SKT-4031,1.0,1.0,GPIX
18/07/2025,21:44:35,44.88609,-63.51359,116.0,1.0,SKT-4031,1.0,1.0,GPIX
18/07/2025,21:44:42,44.88609,-63.51359,116.0,1.0,SKT-4031,1.0,1.0,GPIX
18/07/2025,21:44:50,44.88609,-63.51359,117.0,1.0,SKT-4031,1.0,1.0,GPIX
18/07/2025,21:44:57,44.88609,-63.51359,116.0,1.0,SKT-4031,1.0,1.0,GPIX
18/07/2025,21:45:04,44.88609,-63.51359,116.0,1.0,SKT-4031,1.0,1.0,GPIX
18/07/2025,21:45:12,44.88609,-63.5136,117.0,1.0,SKT-4031,1.0,1.0,GPIX
18/07/2025,21:45:19,44.88609,-63.5136,117.0,1.0,SKT-4031,1.0,1.0,GPIX
18/07/2025,21:45:27,44.88609,-63.5136,116.0,1.0,SKT-4031,1.0,1.0,GPIX
18/07/2025,21:45:34,44.88609,-63.5136,116.0,1.0,SKT-4031,1.0,1.0,GPIX
18/07/2025,21:45:42,44.88609,-63.5136,117.0,1.0,SKT-4031,1.0,1.0,GPIX
18/07/2025,21:45:49,44.88609,-63.5136,116.0,1.0,SKT-4031,1.0,1.0,GPIX
18/07/2025,21:45:57,44.88608,-63.51361,116.0,1.0,SKT-4031,1.0,1.0,GPIX
18/07/2025,21:46:04,44.88608,-63.51361,116.0,1.0,SKT-4031,1.0,1.0,GPIX
18/07/2025,21:46:11,44.88609,-63.51361,115.0,1.0,SKT-4031,1.0,1.0,GPIX
18/07/2025,21:46:19,44.88609,-63.51361,115.0,1.0,SKT-4031,1.0,1.0,GPIX
18/07/2025,21:46:33,44.88609,-63.5136,115.0,1.0,SKT-4031,1.0,1.0,GPIX
18/07/2025,21:46:40,44.88609,-63.5136,116.0,1.0,SKT-4031,1.0,1.0,GPIX
18/07/2025,21:46:47,44.88609,-63.5136,115.0,1.0,SKT-4031,1.0,1.0,GPIX
18/07/2025,21:46:55,44.88609,-63.51361,115.0,1.0,SKT-4031,1.0,1.0,GPIX
18/07/2025,21:47:02,44.88609,-63.51361,116.0,1.0,SKT-4031,1.0,1.0,GPIX
18/07/2025,21:47:09,44.88609,-63.51361,117.0,1.0,SKT-4031,1.0,1.0,GPIX
18/07/2025,21:47:17,44.88609,-63.5136,117.0,1.0,SKT-4031,1.0,1.0,GPIX
18/07/2025,21:47:24,44.88609,-63.5136,116.0,1.0,SKT-4031,1.0,1.0,GPIX
18/07/2025,21:47:31,44.88609,-63.5136,117.0,1.0,SKT-4031,1.0,1.0,GPIX
18/07/2025,21:47:39,44.88609,-63.51361,117.0,1.0,SKT-4031,1.0,1.0,GPIX
18/07/2025,21:47:46,44.88609,-63.51361,117.0,1.0,SKT-4031,1.0,1.0,GPIX
18/07/2025,21:47:53,44.8861,-63.5136,116.0,1.0,SKT-4031,1.0,1.0,GPIX
18/07/2025,21:48:01,44.8861,-63.51361,116.0,1.0,SKT-4031,1.0,1.0,GPIX
18/07/2025,21:48:08,44.88609,-63.5136,116.0,1.0,SKT-4031,1.0,1.0,GPIX
18/07/2025,21:48:16,44.88609,-63.51361,117.0,1.0,SKT-4031,1.0,1.0,GPIX
18/07/2025,21:48:23,44.88609,-63.51361,117.0,1.0,SKT-4031,1.0,1.0,GPIX
18/07/2025,21:48:30,44.88609,-63.5136,116.0,1.0,SKT-4031,1.0,1.0,GPIX
18/07/2025,21:48:38,44.88609,-63.5136,117.0,1.0,SKT-4031,1.0,1.0,GPIX
18/07/2025,21:48:45,44.88609,-63.5136,117.0,1.0,SKT-4031,1.0,1.0,GPIX
18/07/2025,21:48:52,44.88609,-63.51361,117.0,1.0,SKT-4031,1.0,1.0,GPIX
18/07/2025,21:49:00,44.88609,-63.51361,117.0,1.0,SKT-4031,1.0,1.0,GPIX
18/07/2025,21:49:07,44.88608,-63.51361,117.0,1.0,SKT-4031,1.0,1.0,GPIX
18/07/2025,21:49:14,44.88608,-63.51361,117.0,1.0,SKT-4031,1.0,1.0,GPIX
18/07/2025,21:49:22,44.88609,-63.51361,117.0,1.0,SKT-4031,1.0,1.0,GPIX
18/07/2025,21:49:29,44.88609,-63.51361,117.0,1.0,SKT-4031,1.0,1.0,GPIX
18/07/2025,21:49:37,44.88609,-63.51361,117.0,1.0,SKT-4031,1.0,1.0,GPIX
18/07/2025,21:49:44,44.88609,-63.51361,117.0,1.0,SKT-4031,1.0,1.0,GPIX
18/07/2025,21:49:51,44.88609,-63.51361,116.0,1.0,SKT-4031,1.0,1.0,GPIX
18/07/2025,21:49:59,44.88609,-63.5136,116.0,1.0,SKT-4031,1.0,1.0,GPIX
18/07/2025,21:50:06,44.88609,-63.5136,116.0,1.0,SKT-4031,1.0,1.0,GPIX
18/07/2025,21:50:13,44.88609,-63.5136,117.0,1.0,SKT-4031,1.0,1.0,GPIX
18/07/2025,21:50:21,44.88609,-63.5136,116.0,1.0,SKT-4031,1.0,1.0,GPIX
18/07/2025,21:50:28,44.88609,-63.5136,116.0,1.0,SKT-4031,1.0,1.0,GPIX
18/07/2025,21:50:36,44.88609,-63.5136,116.0,1.0,SKT-4031,1.0,1.0,GPIX
18/07/2025,21:50:43,44.8861,-63.5136,117.0,1.0,SKT-4031,1.0,1.0,GPIX
18/07/2025,21:50:50,44.88609,-63.5136,117.0,1.0,SKT-4031,1.0,1.0,GPIX
18/07/2025,21:50:58,44.88609,-63.5136,118.0,1.0,SKT-4031,1.0,1.0,GPIX
18/07/2025,21:51:05,44.88609,-63.5136,118.0,1.0,SKT-4031,1.0,1.0,GPIX
18/07/2025,21:51:13,44.88609,-63.5136,118.0,1.0,SKT-4031,1.0,1.0,GPIX
18/07/2025,21:51:20,44.88609,-63.51359,118.0,1.0,SKT-4031,1.0,1.0,GPIX
18/07/2025,21:51:27,44.8861,-63.51359,118.0,1.0,SKT-4031,1.0,1.0,GPIX
18/07/2025,21:51:35,44.8861,-63.51359,117.0,1.0,SKT-4031,1.0,1.0,GPIX
18/07/2025,21:51:42,44.8861,-63.51358,117.0,1.0,SKT-4031,1.0,1.0,GPIX
18/07/2025,21:51:50,44.88609,-63.51358,117.0,1.0,SKT-4031,1.0,1.0,GPIX
18/07/2025,21:51:57,44.8861,-63.51359,117.0,1.0,SKT-4031,1.0,1.0,GPIX
18/07/2025,21:52:04,44.8861,-63.51359,116.0,1.0,SKT-4031,1.0,1.0,GPIX
18/07/2025,21:52:12,44.88609,-63.51359,116.0,1.0,SKT-4031,1.0,1.0,GPIX
18/07/2025,21:52:19,44.88609,-63.51359,116.0,1.0,SKT-4031,1.0,1.0,GPIX
18/07/2025,21:52:26,44.8861,-63.51359,116.0,1.0,SKT-4031,1.0,1.0,GPIX
18/07/2025,21:52:34,44.88609,-63.51359,116.0,1.0,SKT-4031,1.0,1.0,GPIX
18/07/2025,21:52:41,44.88609,-63.51359,116.0,1.0,SKT-4031,1.0,1.0,GPIX
18/07/2025,21:52:48,44.8861,-63.5136,117.0,1.0,SKT-4031,1.0,1.0,GPIX
18/07/2025,21:52:56,44.8861,-63.5136,117.0,1.0,SKT-4031,1.0,1.0,GPIX
18/07/2025,21:53:03,44.88609,-63.5136,116.0,1.0,SKT-4031,1.0,1.0,GPIX
18/07/2025,21:53:11,44.88609,-63.5136,116.0,1.0,SKT-4031,1.0,1.0,GPIX
18/07/2025,21:53:18,44.88609,-63.5136,115.0,1.0,SKT-4031,1.0,1.0,GPIX
18/07/2025,21:53:25,44.88609,-63.5136,116.0,1.0,SKT-4031,1.0,1.0,GPIX
18/07/2025,21:53:33,44.88609,-63.5136,117.0,1.0,SKT-4031,1.0,1.0,GPIX
18/07/2025,21:53:40,44.8861,-63.5136,117.0,1.0,SKT-4031,1.0,1.0,GPIX
18/07/2025,21:53:47,44.8861,-63.51359,117.0,1.0,SKT-4031,1.0,1.0,GPIX
18/07/2025,21:53:55,44.8861,-63.51359,117.0,1.0,SKT-4031,1.0,1.0,GPIX
18/07/2025,21:54:02,44.8861,-63.5136,118.0,1.0,SKT-4031,1.0,1.0,GPIX
18/07/2025,21:54:09,44.88609,-63.5136,118.0,1.0,SKT-4031,1.0,1.0,GPIX
18/07/2025,21:54:17,44.88609,-63.5136,119.0,1.0,SKT-4031,1.0,1.0,GPIX
18/07/2025,21:54:24,44.88609,-63.5136,119.0,1.0,SKT-4031,1.0,1.0,GPIX
18/07/2025,21:54:31,44.88609,-63.5136,119.0,1.0,SKT-4031,1.0,1.0,GPIX
18/07/2025,21:54:39,44.88609,-63.5136,119.0,1.0,SKT-4031,1.0,1.0,GPIX
18/07/2025,21:54:46,44.88609,-63.5136,118.0,1.0,SKT-4031,1.0,1.0,GPIX
18/07/2025,21:54:53,44.88609,-63.51359,119.0,1.0,SKT-4031,1.0,1.0,GPIX
18/07/2025,21:55:01,44.8861,-63.5136,120.0,1.0,SKT-4031,1.0,1.0,GPIX
18/07/2025,21:55:08,44.8861,-63.5136,120.0,1.0,SKT-4031,1.0,1.0,GPIX
18/07/2025,21:55:15,44.8861,-63.5136,120.0,1.0,SKT-4031,1.0,1.0,GPIX
18/07/2025,21:55:24,44.8861,-63.5136,121.0,1.0,SKT-4031,1.0,1.0,GPIX
18/07/2025,21:55:31,44.8861,-63.5136,121.0,1.0,SKT-4031,1.0,1.0,GPIX
18/07/2025,21:55:38,44.8861,-63.51359,120.0,1.0,SKT-4031,1.0,1.0,GPIX
18/07/2025,21:55:46,44.8861,-63.51358,118.0,1.0,SKT-4031,1.0,1.0,GPIX
18/07/2025,21:55:53,44.8861,-63.51358,118.0,1.0,SKT-4031,1.0,1.0,GPIX
18/07/2025,21:56:00,44.8861,-63.51358,119.0,1.0,SKT-4031,1.0,1.0,GPIX
18/07/2025,21:56:08,44.8861,-63.51358,119.0,1.0,SKT-4031,1.0,1.0,GPIX
18/07/2025,21:56:15,44.8861,-63.51358,119.0,1.0,SKT-4031,1.0,1.0,GPIX
18/07/2025,21:56:22,44.8861,-63.51358,118.0,1.0,SKT-4031,1.0,1.0,GPIX
18/07/2025,21:56:31,44.8861,-63.51358,119.0,1.0,SKT-4031,1.0,1.0,GPIX
18/07/2025,21:56:38,44.8861,-63.51359,120.0,1.0,SKT-4031,1.0,1.0,GPIX
18/07/2025,21:56:45,44.88611,-63.51359,120.0,1.0,SKT-4031,1.0,1.0,GPIX
18/07/2025,21:56:52,44.8861,-63.51359,119.0,1.0,SKT-4031,1.0,1.0,GPIX
18/07/2025,21:57:00,44.8861,-63.51358,117.0,1.0,SKT-4031,1.0,1.0,GPIX
18/07/2025,21:57:07,44.8861,-63.51358,117.0,1.0,SKT-4031,1.0,1.0,GPIX
18/07/2025,21:57:15,44.88609,-63.51358,117.0,1.0,SKT-4031,1.0,1.0,GPIX
18/07/2025,21:57:22,44.88609,-63.51358,117.0,1.0,SKT-4031,1.0,1.0,GPIX
18/07/2025,21:57:29,44.88609,-63.51358,116.0,1.0,SKT-4031,1.0,1.0,GPIX
18/07/2025,21:57:37,44.88609,-63.51358,115.0,1.0,SKT-4031,1.0,1.0,GPIX
18/07/2025,21:57:44,44.88609,-63.51358,116.0,1.0,SKT-4031,1.0,1.0,GPIX
18/07/2025,21:57:51,44.88609,-63.51358,116.0,1.0,SKT-4031,1.0,1.0,GPIX
18/07/2025,21:57:59,44.8861,-63.51358,117.0,1.0,SKT-4031,1.0,1.0,GPIX
18/07/2025,21:58:06,44.8861,-63.51358,117.0,1.0,SKT-4031,1.0,1.0,GPIX
18/07/2025,21:58:13,44.8861,-63.51358,117.0,1.0,SKT-4031,1.0,1.0,GPIX
18/07/2025,21:58:21,44.88609,-63.51358,116.0,1.0,SKT-4031,1.0,1.0,GPIX
18/07/2025,21:58:28,44.88609,-63.51358,116.0,1.0,SKT-4031,1.0,1.0,GPIX
18/07/2025,21:58:36,44.88609,-63.51358,116.0,1.0,SKT-4031,1.0,1.0,GPIX
18/07/2025,21:58:43,44.88609,-63.51359,116.0,1.0,SKT-4031,1.0,1.0,GPIX
18/07/2025,21:58:50,44.88609,-63.51359,117.0,1.0,SKT-4031,1.0,1.0,GPIX
18/07/2025,21:58:58,44.88609,-63.51358,116.0,1.0,SKT-4031,1.0,1.0,GPIX
18/07/2025,21:59:05,44.88609,-63.51358,116.0,1.0,SKT-4031,1.0,1.0,GPIX
18/07/2025,21:59:12,44.88609,-63.51358,116.0,1.0,SKT-4031,1.0,1.0,GPIX
18/07/2025,21:59:20,44.88609,-63.51358,117.0,1.0,SKT-4031,1.0,1.0,GPIX
18/07/2025,21:59:27,44.8861,-63.51358,117.0,1.0,SKT-4031,1.0,1.0,GPIX
18/07/2025,21:59:35,44.8861,-63.51358,117.0,1.0,SKT-4031,1.0,1.0,GPIX
18/07/2025,21:59:42,44.8861,-63.51358,116.0,1.0,SKT-4031,1.0,1.0,GPIX
18/07/2025,21:59:49,44.8861,-63.51358,115.0,1.0,SKT-4031,1.0,1.0,GPIX
18/07/2025,21:59:57,44.8861,-63.51359,115.0,1.0,SKT-4031,1.0,1.0,GPIX
18/07/2025,22:00:07,44.88609,-63.51359,115.0,1.0,SKT-4031,1.0,1.0,GPIX
18/07/2025,22:00:15,44.88609,-63.51359,114.0,1.0,SKT-4031,1.0,1.0,GPIX
18/07/2025,22:00:22,44.88608,-63.5136,115.0,1.0,SKT-4031,1.0,1.0,GPIX
18/07/2025,22:00:29,44.88608,-63.5136,115.0,1.0,SKT-4031,1.0,1.0,GPIX
18/07/2025,22:00:37,44.88608,-63.5136,116.0,1.0,SKT-4031,1.0,1.0,GPIX
18/07/2025,22:00:44,44.88609,-63.5136,116.0,1.0,SKT-4031,1.0,1.0,GPIX
18/07/2025,22:00:51,44.88609,-63.5136,116.0,1.0,SKT-4031,1.0,1.0,GPIX
18/07/2025,22:00:59,44.88608,-63.5136,115.0,1.0,SKT-4031,1.0,1.0,GPIX
18/07/2025,22:01:06,44.88609,-63.5136,115.0,1.0,SKT-4031,1.0,1.0,GPIX
18/07/2025,22:01:13,44.88608,-63.51359,116.0,1.0,SKT-4031,1.0,1.0,GPIX
18/07/2025,22:01:21,44.88609,-63.5136,116.0,1.0,SKT-4031,1.0,1.0,GPIX
18/07/2025,22:01:28,44.88609,-63.5136,115.0,1.0,SKT-4031,1.0,1.0,GPIX
18/07/2025,22:01:36,44.88609,-63.5136,116.0,1.0,SKT-4031,1.0,1.0,GPIX
18/07/2025,22:01:43,44.88609,-63.5136,116.0,1.0,SKT-4031,1.0,1.0,GPIX
18/07/2025,22:01:50,44.88609,-63.5136,116.0,1.0,SKT-4031,1.0,1.0,GPIX
18/07/2025,22:01:58,44.88609,-63.5136,115.0,1.0,SKT-4031,1.0,1.0,GPIX
18/07/2025,22:02:05,44.88609,-63.5136,115.0,1.0,SKT-4031,1.0,1.0,GPIX
18/07/2025,22:02:12,44.88609,-63.5136,115.0,1.0,SKT-4031,1.0,1.0,GPIX
18/07/2025,22:02:20,44.88609,-63.5136,115.0,1.0,SKT-4031,1.0,1.0,GPIX
18/07/2025,22:02:27,44.88609,-63.5136,114.0,1.0,SKT-4031,1.0,1.0,GPIX
18/07/2025,22:02:35,44.88609,-63.5136,114.0,1.0,SKT-4031,1.0,1.0,GPIX
18/07/2025,22:02:42,44.88609,-63.51359,113.0,1.0,SKT-4031,1.0,1.0,GPIX
18/07/2025,22:02:49,44.8861,-63.5136,114.0,1.0,SKT-4031,1.0,1.0,GPIX
18/07/2025,22:02:57,44.8861,-63.5136,115.0,1.0,SKT-4031,1.0,1.0,GPIX
18/07/2025,22:03:05,44.8861,-63.5136,115.0,1.0,SKT-4031,1.0,1.0,GPIX
18/07/2025,22:03:12,44.88609,-63.5136,116.0,1.0,SKT-4031,1.0,1.0,GPIX
18/07/2025,22:03:19,44.88609,-63.5136,116.0,1.0,SKT-4031,1.0,1.0,GPIX
18/07/2025,22:03:27,44.88609,-63.5136,115.0,1.0,SKT-4031,1.0,1.0,GPIX
18/07/2025,22:03:34,44.88609,-63.51359,114.0,1.0,SKT-4031,1.0,1.0,GPIX
18/07/2025,22:03:41,44.88608,-63.51359,114.0,1.0,SKT-4031,1.0,1.0,GPIX
18/07/2025,22:03:49,44.88609,-63.51359,114.0,1.0,SKT-4031,1.0,1.0,GPIX
18/07/2025,22:03:56,44.88609,-63.51359,114.0,1.0,SKT-4031,1.0,1.0,GPIX
18/07/2025,22:04:03,44.88609,-63.51359,114.0,1.0,SKT-4031,1.0,1.0,GPIX
18/07/2025,22:04:11,44.88609,-63.51359,114.0,1.0,SKT-4031,1.0,1.0,GPIX
18/07/2025,22:04:18,44.88609,-63.51359,115.0,1.0,SKT-4031,1.0,1.0,GPIX
18/07/2025,22:04:26,44.88609,-63.5136,116.0,1.0,SKT-4031,1.0,1.0,GPIX
18/07/2025,22:04:33,44.88609,-63.5136,116.0,1.0,SKT-4031,1.0,1.0,GPIX
18/07/2025,22:04:40,44.88609,-63.5136,115.0,1.0,SKT-4031,1.0,1.0,GPIX
18/07/2025,22:04:48,44.88609,-63.5136,114.0,1.0,SKT-4031,1.0,1.0,GPIX
18/07/2025,22:04:55,44.88609,-63.5136,114.0,1.0,SKT-4031,1.0,1.0,GPIX
18/07/2025,22:05:02,44.88609,-63.5136,115.0,1.0,SKT-4031,1.0,1.0,GPIX
18/07/2025,22:05:10,44.88609,-63.5136,116.0,1.0,SKT-4031,1.0,1.0,GPIX
18/07/2025,22:05:17,44.88609,-63.51359,115.0,1.0,SKT-4031,1.0,1.0,GPIX
18/07/2025,22:05:25,44.88609,-63.51359,115.0,1.0,SKT-4031,1.0,1.0,GPIX
18/07/2025,22:05:33,44.8861,-63.51359,116.0,1.0,SKT-4031,1.0,1.0,GPIX
18/07/2025,22:05:40,44.8861,-63.5136,118.0,1.0,SKT-4031,1.0,1.0,GPIX
18/07/2025,22:05:47,44.8861,-63.5136,118.0,1.0,SKT-4031,1.0,1.0,GPIX
18/07/2025,22:05:55,44.8861,-63.5136,118.0,1.0,SKT-4031,1.0,1.0,GPIX
18/07/2025,22:06:02,44.8861,-63.51359,117.0,1.0,SKT-4031,1.0,1.0,GPIX
18/07/2025,22:06:09,44.88609,-63.51359,116.0,1.0,SKT-4031,1.0,1.0,GPIX
18/07/2025,22:06:17,44.88609,-63.51359,115.0,1.0,SKT-4031,1.0,1.0,GPIX
18/07/2025,22:06:24,44.88609,-63.51359,115.0,1.0,SKT-4031,1.0,1.0,GPIX
18/07/2025,22:06:32,44.88609,-63.51359,114.0,1.0,SKT-4031,1.0,1.0,GPIX
18/07/2025,22:06:39,44.88608,-63.51359,115.0,1.0,SKT-4031,1.0,1.0,GPIX
18/07/2025,22:06:46,44.88608,-63.51359,116.0,1.0,SKT-4031,1.0,1.0,GPIX
18/07/2025,22:06:54,44.88608,-63.51359,116.0,1.0,SKT-4031,1.0,1.0,GPIX
18/07/2025,22:07:01,44.88608,-63.51359,115.0,1.0,SKT-4031,1.0,1.0,GPIX
18/07/2025,22:07:08,44.88608,-63.51359,115.0,1.0,SKT-4031,1.0,1.0,GPIX
18/07/2025,22:07:16,44.88608,-63.5136,117.0,1.0,SKT-4031,1.0,1.0,GPIX
18/07/2025,22:07:25,44.88609,-63.5136,118.0,1.0,SKT-4031,1.0,1.0,GPIX
18/07/2025,22:07:32,44.88609,-63.5136,118.0,1.0,SKT-4031,1.0,1.0,GPIX
18/07/2025,22:07:40,44.88609,-63.5136,117.0,1.0,SKT-4031,1.0,1.0,GPIX
18/07/2025,22:07:47,44.88609,-63.5136,115.0,1.0,SKT-4031,1.0,1.0,GPIX
18/07/2025,22:07:54,44.88609,-63.5136,115.0,1.0,SKT-4031,1.0,1.0,GPIX
18/07/2025,22:08:02,44.88609,-63.5136,115.0,1.0,SKT-4031,1.0,1.0,GPIX
18/07/2025,22:08:09,44.88609,-63.5136,114.0,1.0,SKT-4031,1.0,1.0,GPIX
18/07/2025,22:08:16,44.88609,-63.51359,114.0,1.0,SKT-4031,1.0,1.0,GPIX
18/07/2025,22:08:24,44.88609,-63.51359,115.0,1.0,SKT-4031,1.0,1.0,GPIX
18/07/2025,22:08:31,44.88609,-63.5136,115.0,1.0,SKT-4031,1.0,1.0,GPIX
18/07/2025,22:08:38,44.88609,-63.5136,115.0,1.0,SKT-4031,1.0,1.0,GPIX
18/07/2025,22:08:46,44.88609,-63.51359,115.0,1.0,SKT-4031,1.0,1.0,GPIX
18/07/2025,22:08:53,44.88609,-63.51359,115.0,1.0,SKT-4031,1.0,1.0,GPIX
18/07/2025,22:09:00,44.88609,-63.51359,115.0,1.0,SKT-4031,1.0,1.0,GPIX
18/07/2025,22:09:08,44.88609,-63.51359,115.0,1.0,SKT-4031,1.0,1.0,GPIX
18/07/2025,22:09:15,44.88609,-63.51359,116.0,1.0,SKT-4031,1.0,1.0,GPIX
18/07/2025,22:09:23,44.88608,-63.5136,116.0,1.0,SKT-4031,1.0,1.0,GPIX
18/07/2025,22:09:30,44.88608,-63.5136,116.0,1.0,SKT-4031,1.0,1.0,GPIX
18/07/2025,22:09:37,44.88608,-63.5136,116.0,1.0,SKT-4031,1.0,1.0,GPIX
18/07/2025,22:09:45,44.88608,-63.5136,116.0,1.0,SKT-4031,1.0,1.0,GPIX
18/07/2025,22:09:52,44.88608,-63.51361,117.0,1.0,SKT-4031,1.0,1.0,GPIX
18/07/2025,22:09:59,44.88608,-63.51361,117.0,1.0,SKT-4031,1.0,1.0,GPIX
18/07/2025,22:10:07,44.88608,-63.51361,118.0,1.0,SKT-4031,1.0,1.0,GPIX
18/07/2025,22:10:14,44.88609,-63.51361,116.0,1.0,SKT-4031,1.0,1.0,GPIX
18/07/2025,22:10:22,44.88609,-63.5136,115.0,1.0,SKT-4031,1.0,1.0,GPIX
18/07/2025,22:10:29,44.8861,-63.5136,115.0,1.0,SKT-4031,1.0,1.0,GPIX
18/07/2025,22:10:36,44.88609,-63.5136,116.0,1.0,SKT-4031,1.0,1.0,GPIX
18/07/2025,22:10:44,44.88609,-63.5136,117.0,1.0,SKT-4031,1.0,1.0,GPIX
18/07/2025,22:10:51,44.88609,-63.5136,117.0,1.0,SKT-4031,1.0,1.0,GPIX
18/07/2025,22:10:58,44.88608,-63.51361,116.0,1.0,SKT-4031,1.0,1.0,GPIX
18/07/2025,22:11:06,44.88608,-63.51361,116.0,1.0,SKT-4031,1.0,1.0,GPIX
18/07/2025,22:11:13,44.88609,-63.51361,117.0,1.0,SKT-4031,1.0,1.0,GPIX
18/07/2025,22:11:20,44.88609,-63.51361,117.0,1.0,SKT-4031,1.0,1.0,GPIX
18/07/2025,22:11:28,44.88609,-63.5136,115.0,1.0,SKT-4031,1.0,1.0,GPIX
18/07/2025,22:11:35,44.88609,-63.5136,115.0,1.0,SKT-4031,1.0,1.0,GPIX
18/07/2025,22:11:43,44.88609,-63.5136,116.0,1.0,SKT-4031,1.0,1.0,GPIX
18/07/2025,22:11:50,44.88609,-63.5136,116.0,1.0,SKT-4031,1.0,1.0,GPIX
18/07/2025,22:11:57,44.88609,-63.5136,116.0,1.0,SKT-4031,1.0,1.0,GPIX
18/07/2025,22:12:05,44.8861,-63.51361,118.0,1.0,SKT-4031,1.0,1.0,GPIX
18/07/2025,22:12:12,44.8861,-63.5136,118.0,1.0,SKT-4031,1.0,1.0,GPIX
18/07/2025,22:12:19,44.8861,-63.51359,117.0,1.0,SKT-4031,1.0,1.0,GPIX
18/07/2025,22:12:27,44.8861,-63.51359,117.0,1.0,SKT-4031,1.0,1.0,GPIX
18/07/2025,22:12:34,44.8861,-63.51358,117.0,1.0,SKT-4031,1.0,1.0,GPIX
18/07/2025,22:12:42,44.8861,-63.51359,117.0,1.0,SKT-4031,1.0,1.0,GPIX
18/07/2025,22:12:49,44.8861,-63.51359,118.0,1.0,SKT-4031,1.0,1.0,GPIX
18/07/2025,22:12:56,44.8861,-63.51359,117.0,1.0,SKT-4031,1.0,1.0,GPIX
18/07/2025,22:13:04,44.88609,-63.51359,117.0,1.0,SKT-4031,1.0,1.0,GPIX
18/07/2025,22:13:11,44.88609,-63.51359,116.0,1.0,SKT-4031,1.0,1.0,GPIX
18/07/2025,22:13:18,44.88609,-63.51359,116.0,1.0,SKT-4031,1.0,1.0,GPIX
18/07/2025,22:13:26,44.88609,-63.51359,116.0,1.0,SKT-4031,1.0,1.0,GPIX
18/07/2025,22:13:33,44.88609,-63.51359,116.0,1.0,SKT-4031,1.0,1.0,GPIX
18/07/2025,22:13:41,44.8861,-63.5136,117.0,1.0,SKT-4031,1.0,1.0,GPIX
18/07/2025,22:13:48,44.8861,-63.5136,117.0,1.0,SKT-4031,1.0,1.0,GPIX
18/07/2025,22:13:55,44.8861,-63.5136,117.0,1.0,SKT-4031,1.0,1.0,GPIX
18/07/2025,22:14:03,44.8861,-63.5136,116.0,1.0,SKT-4031,1.0,1.0,GPIX
18/07/2025,22:14:10,44.8861,-63.5136,116.0,1.0,SKT-4031,1.0,1.0,GPIX
18/07/2025,22:14:17,44.8861,-63.5136,116.0,1.0,SKT-4031,1.0,1.0,GPIX
18/07/2025,22:14:25,44.8861,-63.5136,115.0,1.0,SKT-4031,1.0,1.0,GPIX
18/07/2025,22:14:32,44.88609,-63.5136,115.0,1.0,SKT-4031,1.0,1.0,GPIX
18/07/2025,22:14:40,44.88609,-63.5136,115.0,1.0,SKT-4031,1.0,1.0,GPIX
18/07/2025,22:14:47,44.8861,-63.5136,115.0,1.0,SKT-4031,1.0,1.0,GPIX
18/07/2025,22:14:54,44.88609,-63.5136,114.0,1.0,SKT-4031,1.0,1.0,GPIX
18/07/2025,22:15:02,44.88609,-63.5136,113.0,1.0,SKT-4031,1.0,1.0,GPIX
17/07/2025,07:18:43,,,,,SKT-4031,1.0,0.0,GPIX
18/07/2025,22:15:19,44.88609,-63.51359,114.0,1.0,SKT-4031,1.0,1.0,GPIX
18/07/2025,22:15:26,44.88609,-63.51359,114.0,1.0,SKT-4031,1.0,1.0,GPIX
18/07/2025,22:15:34,44.88609,-63.5136,114.0,1.0,SKT-4031,1.0,1.0,GPIX
18/07/2025,22:15:41,44.88609,-63.5136,115.0,1.0,SKT-4031,1.0,1.0,GPIX
18/07/2025,22:15:48,44.88609,-63.5136,115.0,1.0,SKT-4031,1.0,1.0,GPIX
18/07/2025,22:15:56,44.88609,-63.5136,115.0,1.0,SKT-4031,1.0,1.0,GPIX
18/07/2025,22:16:03,44.88609,-63.5136,116.0,1.0,SKT-4031,1.0,1.0,GPIX
18/07/2025,22:16:10,44.88609,-63.5136,116.0,1.0,SKT-4031,1.0,1.0,GPIX
18/07/2025,22:16:18,44.88609,-63.5136,115.0,1.0,SKT-4031,1.0,1.0,GPIX
18/07/2025,22:16:25,44.88609,-63.51359,115.0,1.0,SKT-4031,1.0,1.0,GPIX
18/07/2025,22:16:33,44.88608,-63.51359,114.0,1.0,SKT-4031,1.0,1.0,GPIX
18/07/2025,22:16:41,44.88609,-63.5136,115.0,1.0,SKT-4031,1.0,1.0,GPIX
18/07/2025,22:16:48,44.88609,-63.5136,116.0,1.0,SKT-4031,1.0,1.0,GPIX
18/07/2025,22:16:55,44.88609,-63.5136,116.0,1.0,SKT-4031,1.0,1.0,GPIX
18/07/2025,22:17:03,44.88609,-63.5136,116.0,1.0,SKT-4031,1.0,1.0,GPIX
18/07/2025,22:17:10,44.88609,-63.5136,117.0,1.0,SKT-4031,1.0,1.0,GPIX
18/07/2025,22:17:17,44.88609,-63.5136,116.0,1.0,SKT-4031,1.0,1.0,GPIX
18/07/2025,22:17:25,44.88609,-63.5136,115.0,1.0,SKT-4031,1.0,1.0,GPIX
18/07/2025,22:17:32,44.88608,-63.5136,115.0,1.0,SKT-4031,1.0,1.0,GPIX
18/07/2025,22:17:39,44.88608,-63.5136,115.0,1.0,SKT-4031,1.0,1.0,GPIX
18/07/2025,22:17:47,44.88609,-63.5136,115.0,1.0,SKT-4031,1.0,1.0,GPIX
18/07/2025,22:17:54,44.88609,-63.5136,115.0,1.0,SKT-4031,1.0,1.0,GPIX
18/07/2025,22:18:01,44.88609,-63.5136,116.0,1.0,SKT-4031,1.0,1.0,GPIX
18/07/2025,22:18:09,44.88609,-63.5136,116.0,1.0,SKT-4031,1.0,1.0,GPIX
18/07/2025,22:18:16,44.88609,-63.51359,116.0,1.0,SKT-4031,1.0,1.0,GPIX
18/07/2025,22:18:24,44.88609,-63.51359,116.0,1.0,SKT-4031,1.0,1.0,GPIX
18/07/2025,22:18:31,44.88609,-63.5136,116.0,1.0,SKT-4031,1.0,1.0,GPIX
18/07/2025,22:18:38,44.88609,-63.5136,116.0,1.0,SKT-4031,1.0,1.0,GPIX
18/07/2025,22:18:46,44.88609,-63.5136,116.0,1.0,SKT-4031,1.0,1.0,GPIX
18/07/2025,22:18:53,44.88609,-63.5136,116.0,1.0,SKT-4031,1.0,1.0,GPIX
18/07/2025,22:19:00,44.88609,-63.5136,116.0,1.0,SKT-4031,1.0,1.0,GPIX
18/07/2025,22:19:08,44.88609,-63.5136,115.0,1.0,SKT-4031,1.0,1.0,GPIX
18/07/2025,22:19:15,44.88609,-63.5136,115.0,1.0,SKT-4031,1.0,1.0,GPIX
18/07/2025,22:19:23,44.88609,-63.5136,115.0,1.0,SKT-4031,1.0,1.0,GPIX
18/07/2025,22:19:30,44.88609,-63.5136,115.0,1.0,SKT-4031,1.0,1.0,GPIX
18/07/2025,22:19:37,44.88608,-63.51361,116.0,1.0,SKT-4031,1.0,1.0,GPIX
18/07/2025,22:19:45,44.88609,-63.5136,116.0,1.0,SKT-4031,1.0,1.0,GPIX
18/07/2025,22:19:52,44.88609,-63.5136,116.0,1.0,SKT-4031,1.0,1.0,GPIX
18/07/2025,22:19:59,44.88609,-63.5136,115.0,1.0,SKT-4031,1.0,1.0,GPIX
18/07/2025,22:20:07,44.88609,-63.5136,115.0,1.0,SKT-4031,1.0,1.0,GPIX
18/07/2025,22:20:14,44.88609,-63.5136,116.0,1.0,SKT-4031,1.0,1.0,GPIX
18/07/2025,22:20:22,44.88609,-63.5136,116.0,1.0,SKT-4031,1.0,1.0,GPIX
18/07/2025,22:20:29,44.88609,-63.5136,115.0,1.0,SKT-4031,1.0,1.0,GPIX
18/07/2025,22:20:36,44.88609,-63.5136,116.0,1.0,SKT-4031,1.0,1.0,GPIX
18/07/2025,22:20:44,44.88609,-63.5136,116.0,1.0,SKT-4031,1.0,1.0,GPIX
18/07/2025,22:20:51,44.88609,-63.5136,116.0,1.0,SKT-4031,1.0,1.0,GPIX
18/07/2025,22:20:58,44.88609,-63.5136,116.0,1.0,SKT-4031,1.0,1.0,GPIX
18/07/2025,22:21:06,44.88609,-63.5136,116.0,1.0,SKT-4031,1.0,1.0,GPIX
18/07/2025,22:21:14,44.88609,-63.5136,116.0,1.0,SKT-4031,1.0,1.0,GPIX
18/07/2025,22:21:21,44.88609,-63.5136,116.0,1.0,SKT-4031,1.0,1.0,GPIX
18/07/2025,22:21:28,44.88609,-63.5136,116.0,1.0,SKT-4031,1.0,1.0,GPIX
18/07/2025,22:21:36,44.88609,-63.5136,116.0,1.0,SKT-4031,1.0,1.0,GPIX
18/07/2025,22:21:43,44.88609,-63.5136,116.0,1.0,SKT-4031,1.0,1.0,GPIX
18/07/2025,22:21:51,44.88609,-63.5136,116.0,1.0,SKT-4031,1.0,1.0,GPIX
18/07/2025,22:21:58,44.88609,-63.5136,118.0,1.0,SKT-4031,1.0,1.0,GPIX
18/07/2025,22:22:05,44.88609,-63.5136,119.0,1.0,SKT-4031,1.0,1.0,GPIX
18/07/2025,22:22:13,44.88609,-63.5136,119.0,1.0,SKT-4031,1.0,1.0,GPIX
18/07/2025,22:22:20,44.88609,-63.51359,117.0,1.0,SKT-4031,1.0,1.0,GPIX
18/07/2025,22:22:27,44.88609,-63.51359,116.0,1.0,SKT-4031,1.0,1.0,GPIX
18/07/2025,22:22:35,44.88609,-63.5136,116.0,1.0,SKT-4031,1.0,1.0,GPIX
18/07/2025,22:22:42,44.88609,-63.5136,117.0,1.0,SKT-4031,1.0,1.0,GPIX
18/07/2025,22:22:49,44.88609,-63.5136,117.0,1.0,SKT-4031,1.0,1.0,GPIX
18/07/2025,22:22:57,44.88609,-63.51359,117.0,1.0,SKT-4031,1.0,1.0,GPIX
18/07/2025,22:23:04,44.88609,-63.51359,117.0,1.0,SKT-4031,1.0,1.0,GPIX
18/07/2025,22:23:12,44.88609,-63.51359,117.0,1.0,SKT-4031,1.0,1.0,GPIX
18/07/2025,22:23:19,44.88609,-63.51358,117.0,1.0,SKT-4031,1.0,1.0,GPIX
18/07/2025,22:23:26,44.8861,-63.51359,117.0,1.0,SKT-4031,1.0,1.0,GPIX
18/07/2025,22:23:34,44.88609,-63.51359,116.0,1.0,SKT-4031,1.0,1.0,GPIX
18/07/2025,22:23:41,44.88609,-63.51359,116.0,1.0,SKT-4031,1.0,1.0,GPIX
18/07/2025,22:23:48,44.88609,-63.51359,116.0,1.0,SKT-4031,1.0,1.0,GPIX
18/07/2025,22:23:56,44.88609,-63.51359,117.0,1.0,SKT-4031,1.0,1.0,GPIX
18/07/2025,22:24:03,44.88609,-63.51358,117.0,1.0,SKT-4031,1.0,1.0,GPIX
18/07/2025,22:24:10,44.88609,-63.51358,117.0,1.0,SKT-4031,1.0,1.0,GPIX
18/07/2025,22:24:18,44.88609,-63.51358,117.0,1.0,SKT-4031,1.0,1.0,GPIX
18/07/2025,22:24:25,44.88609,-63.51358,116.0,1.0,SKT-4031,1.0,1.0,GPIX
18/07/2025,22:24:32,44.88609,-63.51359,116.0,1.0,SKT-4031,1.0,1.0,GPIX
18/07/2025,22:24:40,44.88609,-63.51359,116.0,1.0,SKT-4031,1.0,1.0,GPIX
18/07/2025,22:24:47,44.88609,-63.51359,116.0,1.0,SKT-4031,1.0,1.0,GPIX
18/07/2025,22:24:55,44.88609,-63.51359,116.0,1.0,SKT-4031,1.0,1.0,GPIX
18/07/2025,22:25:02,44.88609,-63.5136,117.0,1.0,SKT-4031,1.0,1.0,GPIX
18/07/2025,22:25:09,44.88609,-63.5136,117.0,1.0,SKT-4031,1.0,1.0,GPIX
18/07/2025,22:25:17,44.88609,-63.5136,118.0,1.0,SKT-4031,1.0,1.0,GPIX
18/07/2025,22:25:25,44.88608,-63.5136,117.0,1.0,SKT-4031,1.0,1.0,GPIX
18/07/2025,22:25:32,44.88608,-63.5136,116.0,1.0,SKT-4031,1.0,1.0,GPIX
18/07/2025,22:25:39,44.88608,-63.5136,116.0,1.0,SKT-4031,1.0,1.0,GPIX
18/07/2025,22:25:47,44.88608,-63.5136,116.0,1.0,SKT-4031,1.0,1.0,GPIX
18/07/2025,22:25:55,44.88609,-63.5136,117.0,1.0,SKT-4031,1.0,1.0,GPIX
18/07/2025,22:26:02,44.88608,-63.51359,118.0,1.0,SKT-4031,1.0,1.0,GPIX
18/07/2025,22:26:09,44.88608,-63.51359,118.0,1.0,SKT-4031,1.0,1.0,GPIX
18/07/2025,22:26:17,44.88608,-63.51359,118.0,1.0,SKT-4031,1.0,1.0,GPIX
18/07/2025,22:26:24,44.88609,-63.5136,117.0,1.0,SKT-4031,1.0,1.0,GPIX
18/07/2025,22:26:32,44.88609,-63.5136,117.0,1.0,SKT-4031,1.0,1.0,GPIX
18/07/2025,22:26:39,44.88608,-63.5136,116.0,1.0,SKT-4031,1.0,1.0,GPIX
18/07/2025,22:26:46,44.88609,-63.5136,115.0,1.0,SKT-4031,1.0,1.0,GPIX
18/07/2025,22:26:54,44.88609,-63.51359,114.0,1.0,SKT-4031,1.0,1.0,GPIX
18/07/2025,22:27:01,44.88609,-63.51358,114.0,1.0,SKT-4031,1.0,1.0,GPIX
18/07/2025,22:27:08,44.88609,-63.51358,115.0,1.0,SKT-4031,1.0,1.0,GPIX
18/07/2025,22:27:16,44.88609,-63.51358,114.0,1.0,SKT-4031,1.0,1.0,GPIX
18/07/2025,22:27:23,44.88609,-63.51359,114.0,1.0,SKT-4031,1.0,1.0,GPIX
18/07/2025,22:27:30,44.88608,-63.51359,113.0,1.0,SKT-4031,1.0,1.0,GPIX
18/07/2025,22:27:38,44.88608,-63.51359,113.0,1.0,SKT-4031,1.0,1.0,GPIX
18/07/2025,22:27:45,44.88608,-63.51359,115.0,1.0,SKT-4031,1.0,1.0,GPIX
18/07/2025,22:27:53,44.88608,-63.51359,115.0,1.0,SKT-4031,1.0,1.0,GPIX
18/07/2025,22:28:00,44.88608,-63.51359,114.0,1.0,SKT-4031,1.0,1.0,GPIX
18/07/2025,22:28:08,44.88608,-63.51359,114.0,1.0,SKT-4031,1.0,1.0,GPIX
18/07/2025,22:28:15,44.88608,-63.5136,114.0,1.0,SKT-4031,1.0,1.0,GPIX
18/07/2025,22:28:23,44.88608,-63.5136,115.0,1.0,SKT-4031,1.0,1.0,GPIX
18/07/2025,22:28:30,44.88608,-63.5136,115.0,1.0,SKT-4031,1.0,1.0,GPIX
18/07/2025,22:28:38,44.88608,-63.5136,115.0,1.0,SKT-4031,1.0,1.0,GPIX
18/07/2025,22:28:45,44.88608,-63.5136,115.0,1.0,SKT-4031,1.0,1.0,GPIX
18/07/2025,22:28:52,44.88608,-63.5136,115.0,1.0,SKT-4031,1.0,1.0,GPIX
18/07/2025,22:29:00,44.88608,-63.5136,115.0,1.0,SKT-4031,1.0,1.0,GPIX
18/07/2025,22:29:07,44.88608,-63.5136,115.0,1.0,SKT-4031,1.0,1.0,GPIX
18/07/2025,22:29:14,44.88608,-63.5136,115.0,1.0,SKT-4031,1.0,1.0,GPIX
18/07/2025,22:29:22,44.88608,-63.5136,115.0,1.0,SKT-4031,1.0,1.0,GPIX
18/07/2025,22:29:29,44.88608,-63.5136,115.0,1.0,SKT-4031,1.0,1.0,GPIX
18/07/2025,22:29:37,44.88608,-63.5136,114.0,1.0,SKT-4031,1.0,1.0,GPIX
18/07/2025,22:29:44,44.88608,-63.5136,114.0,1.0,SKT-4031,1.0,1.0,GPIX
18/07/2025,22:29:51,44.88608,-63.51359,113.0,1.0,SKT-4031,1.0,1.0,GPIX
18/07/2025,22:29:59,44.88608,-63.5136,113.0,1.0,SKT-4031,1.0,1.0,GPIX
18/07/2025,22:30:06,44.88608,-63.5136,114.0,1.0,SKT-4031,1.0,1.0,GPIX
18/07/2025,22:30:13,44.88608,-63.5136,115.0,1.0,SKT-4031,1.0,1.0,GPIX
18/07/2025,22:30:21,44.88608,-63.5136,115.0,1.0,SKT-4031,1.0,1.0,GPIX
18/07/2025,22:30:28,44.88608,-63.5136,115.0,1.0,SKT-4031,1.0,1.0,GPIX
18/07/2025,22:30:35,44.88608,-63.5136,116.0,1.0,SKT-4031,1.0,1.0,GPIX
17/07/2025,07:34:17,,,,,SKT-4031,1.0,0.0,GPIX
18/07/2025,22:30:53,44.88608,-63.5136,115.0,1.0,SKT-4031,1.0,1.0,GPIX
18/07/2025,22:32:07,44.88608,-63.5136,115.0,1.0,SKT-4031,1.0,1.0,GPIX
18/07/2025,22:32:16,44.88608,-63.5136,114.0,1.0,SKT-4031,1.0,1.0,GPIX
17/07/2025,07:35:11,,,,,SKT-4031,1.0,1.0,GPIX
18/07/2025,22:32:34,44.88608,-63.51359,113.0,1.0,SKT-4031,1.0,1.0,GPIX
18/07/2025,22:32:41,44.88608,-63.51359,113.0,1.0,SKT-4031,1.0,1.0,GPIX
18/07/2025,22:32:49,44.88608,-63.51359,114.0,1.0,SKT-4031,1.0,1.0,GPIX
18/07/2025,22:32:56,44.88609,-63.51359,115.0,1.0,SKT-4031,1.0,1.0,GPIX
18/07/2025,22:33:03,44.88609,-63.5136,116.0,1.0,SKT-4031,1.0,1.0,GPIX
18/07/2025,22:33:11,44.88609,-63.51359,116.0,1.0,SKT-4031,1.0,1.0,GPIX
18/07/2025,22:33:18,44.88609,-63.51359,115.0,1.0,SKT-4031,1.0,1.0,GPIX
18/07/2025,22:33:25,44.88609,-63.51359,115.0,1.0,SKT-4031,1.0,1.0,GPIX
18/07/2025,22:33:33,44.88608,-63.51358,115.0,1.0,SKT-4031,1.0,1.0,GPIX
18/07/2025,22:33:40,44.88608,-63.51358,115.0,1.0,SKT-4031,1.0,1.0,GPIX
18/07/2025,22:33:48,44.88608,-63.51359,115.0,1.0,SKT-4031,1.0,1.0,GPIX
18/07/2025,22:33:55,44.88608,-63.5136,115.0,1.0,SKT-4031,1.0,1.0,GPIX
18/07/2025,22:34:02,44.88608,-63.5136,115.0,1.0,SKT-4031,1.0,1.0,GPIX
18/07/2025,22:34:10,44.88607,-63.5136,114.0,1.0,SKT-4031,1.0,1.0,GPIX
18/07/2025,22:34:17,44.88607,-63.5136,113.0,1.0,SKT-4031,1.0,1.0,GPIX
18/07/2025,22:34:25,44.88607,-63.5136,114.0,1.0,SKT-4031,1.0,1.0,GPIX
18/07/2025,22:34:32,44.88607,-63.5136,114.0,1.0,SKT-4031,1.0,1.0,GPIX
18/07/2025,22:34:40,44.88608,-63.5136,115.0,1.0,SKT-4031,1.0,1.0,GPIX
18/07/2025,22:34:47,44.88608,-63.51361,115.0,1.0,SKT-4031,1.0,1.0,GPIX
18/07/2025,22:34:54,44.88608,-63.51361,115.0,1.0,SKT-4031,1.0,1.0,GPIX
18/07/2025,22:35:02,44.88608,-63.51361,115.0,1.0,SKT-4031,1.0,1.0,GPIX
18/07/2025,22:35:09,44.88608,-63.51361,115.0,1.0,SKT-4031,1.0,1.0,GPIX
18/07/2025,22:35:16,44.88608,-63.5136,115.0,1.0,SKT-4031,1.0,1.0,GPIX
18/07/2025,22:35:24,44.88608,-63.5136,114.0,1.0,SKT-4031,1.0,1.0,GPIX
18/07/2025,22:35:31,44.88608,-63.5136,114.0,1.0,SKT-4031,1.0,1.0,GPIX
18/07/2025,22:35:38,44.88608,-63.5136,114.0,1.0,SKT-4031,1.0,1.0,GPIX
18/07/2025,22:35:46,44.88609,-63.5136,114.0,1.0,SKT-4031,1.0,1.0,GPIX
18/07/2025,22:35:54,44.88608,-63.5136,114.0,1.0,SKT-4031,1.0,1.0,GPIX
18/07/2025,22:36:01,44.88608,-63.5136,115.0,1.0,SKT-4031,1.0,1.0,GPIX
18/07/2025,22:36:08,44.88608,-63.5136,115.0,1.0,SKT-4031,1.0,1.0,GPIX
18/07/2025,22:36:16,44.88608,-63.5136,115.0,1.0,SKT-4031,1.0,1.0,GPIX
18/07/2025,22:36:23,44.88608,-63.5136,115.0,1.0,SKT-4031,1.0,1.0,GPIX
18/07/2025,22:36:31,44.88609,-63.51359,116.0,1.0,SKT-4031,1.0,1.0,GPIX
18/07/2025,22:36:38,44.88609,-63.51359,116.0,1.0,SKT-4031,1.0,1.0,GPIX
18/07/2025,22:36:46,44.88609,-63.51359,117.0,1.0,SKT-4031,1.0,1.0,GPIX
18/07/2025,22:36:53,44.88608,-63.5136,116.0,1.0,SKT-4031,1.0,1.0,GPIX
18/07/2025,22:37:00,44.88608,-63.5136,116.0,1.0,SKT-4031,1.0,1.0,GPIX
18/07/2025,22:37:08,44.88608,-63.5136,117.0,1.0,SKT-4031,1.0,1.0,GPIX
18/07/2025,22:37:15,44.88609,-63.5136,117.0,1.0,SKT-4031,1.0,1.0,GPIX
18/07/2025,22:37:22,44.88609,-63.5136,116.0,1.0,SKT-4031,1.0,1.0,GPIX
18/07/2025,22:37:30,44.88609,-63.51359,116.0,1.0,SKT-4031,1.0,1.0,GPIX
18/07/2025,22:37:37,44.88609,-63.51359,116.0,1.0,SKT-4031,1.0,1.0,GPIX
18/07/2025,22:37:44,44.88609,-63.51359,117.0,1.0,SKT-4031,1.0,1.0,GPIX
18/07/2025,22:37:52,44.88609,-63.5136,118.0,1.0,SKT-4031,1.0,1.0,GPIX
18/07/2025,22:37:59,44.88609,-63.5136,118.0,1.0,SKT-4031,1.0,1.0,GPIX
18/07/2025,22:38:07,44.88609,-63.5136,117.0,1.0,SKT-4031,1.0,1.0,GPIX
18/07/2025,22:38:14,44.88609,-63.5136,117.0,1.0,SKT-4031,1.0,1.0,GPIX
18/07/2025,22:38:21,44.88608,-63.5136,116.0,1.0,SKT-4031,1.0,1.0,GPIX
18/07/2025,22:38:29,44.88608,-63.5136,116.0,1.0,SKT-4031,1.0,1.0,GPIX
18/07/2025,22:38:36,44.88608,-63.5136,117.0,1.0,SKT-4031,1.0,1.0,GPIX
18/07/2025,22:38:43,44.88608,-63.5136,117.0,1.0,SKT-4031,1.0,1.0,GPIX
18/07/2025,22:38:51,44.88608,-63.5136,117.0,1.0,SKT-4031,1.0,1.0,GPIX
18/07/2025,22:38:58,44.88608,-63.5136,117.0,1.0,SKT-4031,1.0,1.0,GPIX
18/07/2025,22:39:06,44.88608,-63.5136,117.0,1.0,SKT-4031,1.0,1.0,GPIX
18/07/2025,22:39:13,44.88608,-63.5136,116.0,1.0,SKT-4031,1.0,1.0,GPIX
18/07/2025,22:39:20,44.88608,-63.51359,116.0,1.0,SKT-4031,1.0,1.0,GPIX
18/07/2025,22:39:28,44.88609,-63.5136,116.0,1.0,SKT-4031,1.0,1.0,GPIX
18/07/2025,22:39:35,44.88609,-63.5136,117.0,1.0,SKT-4031,1.0,1.0,GPIX
18/07/2025,22:39:42,44.88609,-63.5136,117.0,1.0,SKT-4031,1.0,1.0,GPIX
18/07/2025,22:39:50,44.88609,-63.5136,117.0,1.0,SKT-4031,1.0,1.0,GPIX
18/07/2025,22:39:57,44.88609,-63.5136,117.0,1.0,SKT-4031,1.0,1.0,GPIX
18/07/2025,22:40:05,44.88609,-63.51359,117.0,1.0,SKT-4031,1.0,1.0,GPIX
18/07/2025,22:40:12,44.88609,-63.51359,117.0,1.0,SKT-4031,1.0,1.0,GPIX
18/07/2025,22:40:19,44.8861,-63.51359,118.0,1.0,SKT-4031,1.0,1.0,GPIX
18/07/2025,22:40:27,44.8861,-63.51359,117.0,1.0,SKT-4031,1.0,1.0,GPIX
18/07/2025,22:40:34,44.88609,-63.51359,118.0,1.0,SKT-4031,1.0,1.0,GPIX
18/07/2025,22:40:41,44.8861,-63.51359,118.0,1.0,SKT-4031,1.0,1.0,GPIX
18/07/2025,22:40:49,44.88609,-63.51359,117.0,1.0,SKT-4031,1.0,1.0,GPIX
18/07/2025,22:40:56,44.88609,-63.51359,116.0,1.0,SKT-4031,1.0,1.0,GPIX
18/07/2025,22:41:04,44.88609,-63.51358,115.0,1.0,SKT-4031,1.0,1.0,GPIX
18/07/2025,22:41:11,44.88609,-63.51358,115.0,1.0,SKT-4031,1.0,1.0,GPIX
18/07/2025,22:41:18,44.88609,-63.51358,115.0,1.0,SKT-4031,1.0,1.0,GPIX
18/07/2025,22:41:26,44.88608,-63.51359,114.0,1.0,SKT-4031,1.0,1.0,GPIX
18/07/2025,22:41:33,44.88608,-63.51359,114.0,1.0,SKT-4031,1.0,1.0,GPIX
18/07/2025,22:41:40,44.88607,-63.51359,114.0,1.0,SKT-4031,1.0,1.0,GPIX
18/07/2025,22:41:48,44.88607,-63.51359,114.0,1.0,SKT-4031,1.0,1.0,GPIX
18/07/2025,22:41:55,44.88607,-63.5136,114.0,1.0,SKT-4031,1.0,1.0,GPIX
18/07/2025,22:42:03,44.88607,-63.5136,115.0,1.0,SKT-4031,1.0,1.0,GPIX
18/07/2025,22:42:10,44.88608,-63.5136,116.0,1.0,SKT-4031,1.0,1.0,GPIX
18/07/2025,22:42:17,44.88608,-63.5136,116.0,1.0,SKT-4031,1.0,1.0,GPIX
18/07/2025,22:42:25,44.88608,-63.51359,115.0,1.0,SKT-4031,1.0,1.0,GPIX
18/07/2025,22:42:32,44.88607,-63.51359,114.0,1.0,SKT-4031,1.0,1.0,GPIX
18/07/2025,22:42:39,44.88608,-63.51359,115.0,1.0,SKT-4031,1.0,1.0,GPIX
18/07/2025,22:42:47,44.88608,-63.51359,116.0,1.0,SKT-4031,1.0,1.0,GPIX
18/07/2025,22:42:54,44.88608,-63.51359,116.0,1.0,SKT-4031,1.0,1.0,GPIX
18/07/2025,22:43:02,44.88608,-63.51359,117.0,1.0,SKT-4031,1.0,1.0,GPIX
18/07/2025,22:43:09,44.88608,-63.5136,117.0,1.0,SKT-4031,1.0,1.0,GPIX
18/07/2025,22:43:16,44.88608,-63.5136,117.0,1.0,SKT-4031,1.0,1.0,GPIX
18/07/2025,22:43:24,44.88609,-63.5136,117.0,1.0,SKT-4031,1.0,1.0,GPIX
18/07/2025,22:43:32,44.88609,-63.5136,117.0,1.0,SKT-4031,1.0,1.0,GPIX
18/07/2025,22:43:39,44.88609,-63.5136,118.0,1.0,SKT-4031,1.0,1.0,GPIX
18/07/2025,22:43:46,44.88609,-63.5136,118.0,1.0,SKT-4031,1.0,1.0,GPIX
18/07/2025,22:43:54,44.88609,-63.5136,118.0,1.0,SKT-4031,1.0,1.0,GPIX
18/07/2025,22:44:01,44.88609,-63.5136,119.0,1.0,SKT-4031,1.0,1.0,GPIX
18/07/2025,22:44:08,44.88609,-63.5136,118.0,1.0,SKT-4031,1.0,1.0,GPIX
18/07/2025,22:44:16,44.88608,-63.5136,117.0,1.0,SKT-4031,1.0,1.0,GPIX
18/07/2025,22:44:23,44.88608,-63.5136,117.0,1.0,SKT-4031,1.0,1.0,GPIX
18/07/2025,22:44:30,44.88608,-63.5136,117.0,1.0,SKT-4031,1.0,1.0,GPIX
18/07/2025,22:44:38,44.88608,-63.5136,117.0,1.0,SKT-4031,1.0,1.0,GPIX
18/07/2025,22:44:45,44.88608,-63.5136,117.0,1.0,SKT-4031,1.0,1.0,GPIX
18/07/2025,22:44:53,44.88608,-63.5136,117.0,1.0,SKT-4031,1.0,1.0,GPIX
18/07/2025,22:45:00,44.88609,-63.5136,118.0,1.0,SKT-4031,1.0,1.0,GPIX
18/07/2025,22:45:07,44.88609,-63.5136,119.0,1.0,SKT-4031,1.0,1.0,GPIX
18/07/2025,22:45:15,44.8861,-63.5136,119.0,1.0,SKT-4031,1.0,1.0,GPIX
18/07/2025,22:45:23,44.8861,-63.5136,119.0,1.0,SKT-4031,1.0,1.0,GPIX
18/07/2025,22:45:30,44.8861,-63.5136,119.0,1.0,SKT-4031,1.0,1.0,GPIX
18/07/2025,22:45:37,44.8861,-63.5136,118.0,1.0,SKT-4031,1.0,1.0,GPIX
18/07/2025,22:45:45,44.8861,-63.5136,118.0,1.0,SKT-4031,1.0,1.0,GPIX
18/07/2025,22:45:52,44.8861,-63.5136,119.0,1.0,SKT-4031,1.0,1.0,GPIX
18/07/2025,22:46:00,44.8861,-63.5136,119.0,1.0,SKT-4031,1.0,1.0,GPIX
18/07/2025,22:46:07,44.8861,-63.5136,119.0,1.0,SKT-4031,1.0,1.0,GPIX
18/07/2025,22:46:14,44.8861,-63.5136,119.0,1.0,SKT-4031,1.0,1.0,GPIX
18/07/2025,22:46:22,44.8861,-63.5136,119.0,1.0,SKT-4031,1.0,1.0,GPIX
18/07/2025,22:46:29,44.8861,-63.5136,119.0,1.0,SKT-4031,1.0,1.0,GPIX
18/07/2025,22:46:37,44.88611,-63.5136,120.0,1.0,SKT-4031,1.0,1.0,GPIX
18/07/2025,22:46:44,44.88611,-63.5136,120.0,1.0,SKT-4031,1.0,1.0,GPIX
18/07/2025,22:46:51,44.88611,-63.5136,120.0,1.0,SKT-4031,1.0,1.0,GPIX
18/07/2025,22:46:59,44.88611,-63.5136,119.0,1.0,SKT-4031,1.0,1.0,GPIX
18/07/2025,22:47:06,44.8861,-63.5136,119.0,1.0,SKT-4031,1.0,1.0,GPIX
18/07/2025,22:47:13,44.88611,-63.5136,118.0,1.0,SKT-4031,1.0,1.0,GPIX
18/07/2025,22:47:21,44.88611,-63.5136,118.0,1.0,SKT-4031,1.0,1.0,GPIX
18/07/2025,22:47:29,44.8861,-63.5136,118.0,1.0,SKT-4031,1.0,1.0,GPIX
18/07/2025,22:47:36,44.8861,-63.51359,117.0,1.0,SKT-4031,1.0,1.0,GPIX
18/07/2025,22:47:44,44.8861,-63.51359,116.0,1.0,SKT-4031,1.0,1.0,GPIX
18/07/2025,22:47:51,44.8861,-63.51359,116.0,1.0,SKT-4031,1.0,1.0,GPIX
18/07/2025,22:47:58,44.8861,-63.51359,116.0,1.0,SKT-4031,1.0,1.0,GPIX
18/07/2025,22:48:06,44.8861,-63.51359,115.0,1.0,SKT-4031,1.0,1.0,GPIX
18/07/2025,22:48:13,44.88609,-63.51359,116.0,1.0,SKT-4031,1.0,1.0,GPIX
18/07/2025,22:48:20,44.88609,-63.51359,116.0,1.0,SKT-4031,1.0,1.0,GPIX
18/07/2025,22:48:28,44.88609,-63.51358,115.0,1.0,SKT-4031,1.0,1.0,GPIX
18/07/2025,22:48:35,44.88609,-63.51358,115.0,1.0,SKT-4031,1.0,1.0,GPIX
18/07/2025,22:48:42,44.88609,-63.51358,115.0,1.0,SKT-4031,1.0,1.0,GPIX
18/07/2025,22:48:50,44.88609,-63.51358,115.0,1.0,SKT-4031,1.0,1.0,GPIX
18/07/2025,22:48:57,44.88608,-63.51358,115.0,1.0,SKT-4031,1.0,1.0,GPIX
18/07/2025,22:49:04,44.88608,-63.51358,115.0,1.0,SKT-4031,1.0,1.0,GPIX
18/07/2025,22:49:12,44.88608,-63.51358,115.0,1.0,SKT-4031,1.0,1.0,GPIX
18/07/2025,22:49:19,44.88608,-63.51358,115.0,1.0,SKT-4031,1.0,1.0,GPIX
18/07/2025,22:49:27,44.88608,-63.51358,115.0,1.0,SKT-4031,1.0,1.0,GPIX
18/07/2025,22:49:34,44.88607,-63.51358,115.0,1.0,SKT-4031,1.0,1.0,GPIX
18/07/2025,22:49:41,44.88607,-63.51358,115.0,1.0,SKT-4031,1.0,1.0,GPIX
18/07/2025,22:49:48,44.88607,-63.51358,115.0,1.0,SKT-4031,1.0,1.0,GPIX
18/07/2025,22:49:56,44.88608,-63.51359,116.0,1.0,SKT-4031,1.0,1.0,GPIX
18/07/2025,22:50:03,44.88608,-63.51359,116.0,1.0,SKT-4031,1.0,1.0,GPIX
18/07/2025,22:50:11,44.88608,-63.5136,115.0,1.0,SKT-4031,1.0,1.0,GPIX
18/07/2025,22:50:18,44.88608,-63.5136,116.0,1.0,SKT-4031,1.0,1.0,GPIX
18/07/2025,22:50:25,44.88608,-63.5136,116.0,1.0,SKT-4031,1.0,1.0,GPIX
18/07/2025,22:50:33,44.88608,-63.5136,116.0,1.0,SKT-4031,1.0,1.0,GPIX
18/07/2025,22:50:40,44.88608,-63.5136,116.0,1.0,SKT-4031,1.0,1.0,GPIX
18/07/2025,22:50:48,44.88608,-63.5136,116.0,1.0,SKT-4031,1.0,1.0,GPIX
18/07/2025,22:50:56,44.88608,-63.5136,116.0,1.0,SKT-4031,1.0,1.0,GPIX
18/07/2025,22:51:03,44.88608,-63.5136,115.0,1.0,SKT-4031,1.0,1.0,GPIX
18/07/2025,22:51:11,44.88608,-63.5136,115.0,1.0,SKT-4031,1.0,1.0,GPIX
18/07/2025,22:51:18,44.88608,-63.5136,115.0,1.0,SKT-4031,1.0,1.0,GPIX
18/07/2025,22:51:25,44.88608,-63.5136,114.0,1.0,SKT-4031,1.0,1.0,GPIX
18/07/2025,22:51:33,44.88609,-63.5136,114.0,1.0,SKT-4031,1.0,1.0,GPIX
18/07/2025,22:51:40,44.88608,-63.5136,114.0,1.0,SKT-4031,1.0,1.0,GPIX
18/07/2025,22:51:47,44.88608,-63.5136,115.0,1.0,SKT-4031,1.0,1.0,GPIX
18/07/2025,22:51:55,44.88608,-63.5136,115.0,1.0,SKT-4031,1.0,1.0,GPIX
18/07/2025,22:52:02,44.88609,-63.5136,115.0,1.0,SKT-4031,1.0,1.0,GPIX
18/07/2025,22:52:10,44.88609,-63.5136,115.0,1.0,SKT-4031,1.0,1.0,GPIX
18/07/2025,22:52:17,44.88609,-63.51359,115.0,1.0,SKT-4031,1.0,1.0,GPIX
18/07/2025,22:52:24,44.88609,-63.51359,115.0,1.0,SKT-4031,1.0,1.0,GPIX
18/07/2025,22:52:32,44.88609,-63.5136,116.0,1.0,SKT-4031,1.0,1.0,GPIX
18/07/2025,22:52:39,44.88609,-63.5136,116.0,1.0,SKT-4031,1.0,1.0,GPIX
18/07/2025,22:52:46,44.88609,-63.5136,116.0,1.0,SKT-4031,1.0,1.0,GPIX
18/07/2025,22:52:54,44.88609,-63.51359,116.0,1.0,SKT-4031,1.0,1.0,GPIX
18/07/2025,22:53:01,44.88609,-63.51359,116.0,1.0,SKT-4031,1.0,1.0,GPIX
18/07/2025,22:53:09,44.88609,-63.51359,116.0,1.0,SKT-4031,1.0,1.0,GPIX
18/07/2025,22:53:17,44.88609,-63.51359,116.0,1.0,SKT-4031,1.0,1.0,GPIX
18/07/2025,22:53:25,44.88609,-63.51359,116.0,1.0,SKT-4031,1.0,1.0,GPIX
18/07/2025,22:53:32,44.88609,-63.51359,116.0,1.0,SKT-4031,1.0,1.0,GPIX
18/07/2025,22:53:39,44.88609,-63.5136,115.0,1.0,SKT-4031,1.0,1.0,GPIX
18/07/2025,22:53:47,44.88609,-63.5136,115.0,1.0,SKT-4031,1.0,1.0,GPIX
18/07/2025,22:53:54,44.88609,-63.5136,116.0,1.0,SKT-4031,1.0,1.0,GPIX
18/07/2025,22:54:01,44.88608,-63.5136,116.0,1.0,SKT-4031,1.0,1.0,GPIX
18/07/2025,22:54:09,44.88608,-63.5136,117.0,1.0,SKT-4031,1.0,1.0,GPIX
18/07/2025,22:54:16,44.88608,-63.5136,117.0,1.0,SKT-4031,1.0,1.0,GPIX
18/07/2025,22:54:23,44.88608,-63.51359,116.0,1.0,SKT-4031,1.0,1.0,GPIX
18/07/2025,22:54:32,44.88608,-63.51359,115.0,1.0,SKT-4031,1.0,1.0,GPIX
18/07/2025,22:54:39,44.88608,-63.5136,116.0,1.0,SKT-4031,1.0,1.0,GPIX
18/07/2025,22:54:46,44.88608,-63.51359,116.0,1.0,SKT-4031,1.0,1.0,GPIX
18/07/2025,22:54:54,44.88608,-63.51359,116.0,1.0,SKT-4031,1.0,1.0,GPIX
18/07/2025,22:55:01,44.88607,-63.51359,116.0,1.0,SKT-4031,1.0,1.0,GPIX
18/07/2025,22:55:09,44.88607,-63.51359,116.0,1.0,SKT-4031,1.0,1.0,GPIX
18/07/2025,22:55:16,44.88608,-63.51358,116.0,1.0,SKT-4031,1.0,1.0,GPIX
18/07/2025,22:55:23,44.88608,-63.51359,116.0,1.0,SKT-4031,1.0,1.0,GPIX
18/07/2025,22:55:31,44.88607,-63.51358,117.0,1.0,SKT-4031,1.0,1.0,GPIX
18/07/2025,22:55:38,44.88607,-63.51358,116.0,1.0,SKT-4031,1.0,1.0,GPIX
18/07/2025,22:55:45,44.88607,-63.51359,116.0,1.0,SKT-4031,1.0,1.0,GPIX
18/07/2025,22:55:53,44.88607,-63.51359,116.0,1.0,SKT-4031,1.0,1.0,GPIX
18/07/2025,22:56:00,44.88607,-63.51359,115.0,1.0,SKT-4031,1.0,1.0,GPIX
18/07/2025,22:56:07,44.88607,-63.5136,115.0,1.0,SKT-4031,1.0,1.0,GPIX
18/07/2025,22:56:15,44.88607,-63.51359,116.0,1.0,SKT-4031,1.0,1.0,GPIX
18/07/2025,22:56:22,44.88607,-63.51359,117.0,1.0,SKT-4031,1.0,1.0,GPIX
18/07/2025,22:56:30,44.88606,-63.51358,117.0,1.0,SKT-4031,1.0,1.0,GPIX
18/07/2025,22:56:37,44.88606,-63.51358,117.0,1.0,SKT-4031,1.0,1.0,GPIX
18/07/2025,22:56:45,44.88606,-63.51358,118.0,1.0,SKT-4031,1.0,1.0,GPIX
18/07/2025,22:56:52,44.88606,-63.51358,118.0,1.0,SKT-4031,1.0,1.0,GPIX
18/07/2025,22:57:00,44.88607,-63.51359,117.0,1.0,SKT-4031,1.0,1.0,GPIX
18/07/2025,22:57:07,44.88607,-63.51359,117.0,1.0,SKT-4031,1.0,1.0,GPIX
18/07/2025,22:57:14,44.88607,-63.51359,117.0,1.0,SKT-4031,1.0,1.0,GPIX
18/07/2025,22:57:22,44.88608,-63.51358,117.0,1.0,SKT-4031,1.0,1.0,GPIX
18/07/2025,22:57:29,44.88608,-63.51358,117.0,1.0,SKT-4031,1.0,1.0,GPIX
18/07/2025,22:57:36,44.88607,-63.51358,117.0,1.0,SKT-4031,1.0,1.0,GPIX
18/07/2025,22:57:44,44.88607,-63.51358,117.0,1.0,SKT-4031,1.0,1.0,GPIX
18/07/2025,22:57:51,44.88607,-63.51358,118.0,1.0,SKT-4031,1.0,1.0,GPIX
18/07/2025,22:57:58,44.88607,-63.51358,117.0,1.0,SKT-4031,1.0,1.0,GPIX
18/07/2025,22:58:06,44.88607,-63.51358,116.0,1.0,SKT-4031,1.0,1.0,GPIX
18/07/2025,22:58:13,44.88606,-63.51358,115.0,1.0,SKT-4031,1.0,1.0,GPIX
18/07/2025,22:58:20,44.88606,-63.51358,114.0,1.0,SKT-4031,1.0,1.0,GPIX
18/07/2025,22:58:28,44.88606,-63.51358,114.0,1.0,SKT-4031,1.0,1.0,GPIX
18/07/2025,22:58:35,44.88606,-63.51358,115.0,1.0,SKT-4031,1.0,1.0,GPIX
18/07/2025,22:58:43,44.88607,-63.51358,115.0,1.0,SKT-4031,1.0,1.0,GPIX
18/07/2025,22:58:50,44.88607,-63.51358,115.0,1.0,SKT-4031,1.0,1.0,GPIX
18/07/2025,22:58:57,44.88607,-63.51359,116.0,1.0,SKT-4031,1.0,1.0,GPIX
18/07/2025,22:59:05,44.88607,-63.51358,116.0,1.0,SKT-4031,1.0,1.0,GPIX
18/07/2025,22:59:12,44.88607,-63.51358,116.0,1.0,SKT-4031,1.0,1.0,GPIX
18/07/2025,22:59:19,44.88608,-63.51358,116.0,1.0,SKT-4031,1.0,1.0,GPIX
18/07/2025,22:59:27,44.88608,-63.51359,116.0,1.0,SKT-4031,1.0,1.0,GPIX
18/07/2025,22:59:35,44.88609,-63.5136,117.0,1.0,SKT-4031,1.0,1.0,GPIX
18/07/2025,22:59:42,44.88609,-63.5136,118.0,1.0,SKT-4031,1.0,1.0,GPIX
18/07/2025,22:59:49,44.88609,-63.5136,118.0,1.0,SKT-4031,1.0,1.0,GPIX
18/07/2025,22:59:57,44.88609,-63.5136,117.0,1.0,SKT-4031,1.0,1.0,GPIX
18/07/2025,23:00:05,44.88609,-63.5136,117.0,1.0,SKT-4031,1.0,1.0,GPIX
18/07/2025,23:00:12,44.88609,-63.5136,118.0,1.0,SKT-4031,1.0,1.0,GPIX
18/07/2025,23:00:20,44.88609,-63.5136,117.0,1.0,SKT-4031,1.0,1.0,GPIX
18/07/2025,23:00:28,44.88608,-63.5136,117.0,1.0,SKT-4031,1.0,1.0,GPIX
18/07/2025,23:00:35,44.88608,-63.5136,118.0,1.0,SKT-4031,1.0,1.0,GPIX
18/07/2025,23:00:42,44.88608,-63.51361,118.0,1.0,SKT-4031,1.0,1.0,GPIX
18/07/2025,23:00:50,44.88608,-63.5136,118.0,1.0,SKT-4031,1.0,1.0,GPIX
18/07/2025,23:00:57,44.88608,-63.5136,117.0,1.0,SKT-4031,1.0,1.0,GPIX
18/07/2025,23:01:04,44.88608,-63.5136,117.0,1.0,SKT-4031,1.0,1.0,GPIX
18/07/2025,23:01:12,44.88608,-63.5136,118.0,1.0,SKT-4031,1.0,1.0,GPIX
18/07/2025,23:01:19,44.88608,-63.5136,120.0,1.0,SKT-4031,1.0,1.0,GPIX
18/07/2025,23:01:27,44.88609,-63.5136,119.0,1.0,SKT-4031,1.0,1.0,GPIX
18/07/2025,23:01:34,44.88608,-63.5136,118.0,1.0,SKT-4031,1.0,1.0,GPIX
18/07/2025,23:01:41,44.88608,-63.51359,118.0,1.0,SKT-4031,1.0,1.0,GPIX
18/07/2025,23:01:49,44.88608,-63.51359,119.0,1.0,SKT-4031,1.0,1.0,GPIX
18/07/2025,23:01:56,44.88608,-63.5136,118.0,1.0,SKT-4031,1.0,1.0,GPIX
18/07/2025,23:02:03,44.88608,-63.5136,118.0,1.0,SKT-4031,1.0,1.0,GPIX
18/07/2025,23:02:11,44.88607,-63.5136,119.0,1.0,SKT-4031,1.0,1.0,GPIX
18/07/2025,23:02:18,44.88607,-63.51359,119.0,1.0,SKT-4031,1.0,1.0,GPIX
18/07/2025,23:02:26,44.88607,-63.51358,119.0,1.0,SKT-4031,1.0,1.0,GPIX
18/07/2025,23:02:33,44.88607,-63.51358,118.0,1.0,SKT-4031,1.0,1.0,GPIX
18/07/2025,23:02:40,44.88607,-63.51358,118.0,1.0,SKT-4031,1.0,1.0,GPIX
18/07/2025,23:02:48,44.88607,-63.51359,119.0,1.0,SKT-4031,1.0,1.0,GPIX
18/07/2025,23:02:55,44.88607,-63.51358,118.0,1.0,SKT-4031,1.0,1.0,GPIX
18/07/2025,23:03:02,44.88607,-63.51358,117.0,1.0,SKT-4031,1.0,1.0,GPIX
18/07/2025,23:03:10,44.88607,-63.51358,118.0,1.0,SKT-4031,1.0,1.0,GPIX
18/07/2025,23:03:17,44.88607,-63.51358,118.0,1.0,SKT-4031,1.0,1.0,GPIX
18/07/2025,23:03:25,44.88607,-63.51358,118.0,1.0,SKT-4031,1.0,1.0,GPIX
18/07/2025,23:03:32,44.88607,-63.51358,117.0,1.0,SKT-4031,1.0,1.0,GPIX
18/07/2025,23:03:39,44.88607,-63.51358,117.0,1.0,SKT-4031,1.0,1.0,GPIX
18/07/2025,23:03:47,44.88607,-63.51358,117.0,1.0,SKT-4031,1.0,1.0,GPIX
18/07/2025,23:03:54,44.88607,-63.51358,118.0,1.0,SKT-4031,1.0,1.0,GPIX
18/07/2025,23:04:01,44.88607,-63.51357,117.0,1.0,SKT-4031,1.0,1.0,GPIX
18/07/2025,23:04:09,44.88607,-63.51358,116.0,1.0,SKT-4031,1.0,1.0,GPIX
18/07/2025,23:04:16,44.88607,-63.51358,117.0,1.0,SKT-4031,1.0,1.0,GPIX
18/07/2025,23:04:23,44.88607,-63.51358,118.0,1.0,SKT-4031,1.0,1.0,GPIX
18/07/2025,23:04:31,44.88607,-63.51358,118.0,1.0,SKT-4031,1.0,1.0,GPIX
18/07/2025,23:04:38,44.88607,-63.51358,118.0,1.0,SKT-4031,1.0,1.0,GPIX
18/07/2025,23:04:46,44.88607,-63.51358,118.0,1.0,SKT-4031,1.0,1.0,GPIX
18/07/2025,23:04:53,44.88607,-63.51358,117.0,1.0,SKT-4031,1.0,1.0,GPIX
18/07/2025,23:05:00,44.88607,-63.51358,117.0,1.0,SKT-4031,1.0,1.0,GPIX
18/07/2025,23:05:08,44.88608,-63.51358,117.0,1.0,SKT-4031,1.0,1.0,GPIX
18/07/2025,23:05:15,44.88608,-63.51358,117.0,1.0,SKT-4031,1.0,1.0,GPIX
18/07/2025,23:05:23,44.88607,-63.51358,118.0,1.0,SKT-4031,1.0,1.0,GPIX
18/07/2025,23:05:30,44.88607,-63.51358,118.0,1.0,SKT-4031,1.0,1.0,GPIX
18/07/2025,23:05:38,44.88607,-63.51358,119.0,1.0,SKT-4031,1.0,1.0,GPIX
18/07/2025,23:05:45,44.88606,-63.51358,119.0,1.0,SKT-4031,1.0,1.0,GPIX
18/07/2025,23:05:53,44.88607,-63.51358,119.0,1.0,SKT-4031,1.0,1.0,GPIX
18/07/2025,23:06:00,44.88607,-63.51358,119.0,1.0,SKT-4031,1.0,1.0,GPIX
18/07/2025,23:06:07,44.88607,-63.51358,120.0,1.0,SKT-4031,1.0,1.0,GPIX
18/07/2025,23:06:15,44.88607,-63.51358,120.0,1.0,SKT-4031,1.0,1.0,GPIX
18/07/2025,23:06:22,44.88607,-63.51358,119.0,1.0,SKT-4031,1.0,1.0,GPIX
18/07/2025,23:06:29,44.88607,-63.51358,119.0,1.0,SKT-4031,1.0,1.0,GPIX
18/07/2025,23:06:37,44.88607,-63.51358,119.0,1.0,SKT-4031,1.0,1.0,GPIX
18/07/2025,23:06:44,44.88607,-63.51358,119.0,1.0,SKT-4031,1.0,1.0,GPIX
18/07/2025,23:06:51,44.88607,-63.51358,118.0,1.0,SKT-4031,1.0,1.0,GPIX
18/07/2025,23:06:59,44.88607,-63.51358,118.0,1.0,SKT-4031,1.0,1.0,GPIX
18/07/2025,23:07:06,44.88607,-63.51359,119.0,1.0,SKT-4031,1.0,1.0,GPIX
18/07/2025,23:07:13,44.88608,-63.51358,120.0,1.0,SKT-4031,1.0,1.0,GPIX
18/07/2025,23:07:21,44.88608,-63.51358,120.0,1.0,SKT-4031,1.0,1.0,GPIX
18/07/2025,23:07:28,44.88607,-63.51358,119.0,1.0,SKT-4031,1.0,1.0,GPIX
18/07/2025,23:07:36,44.88607,-63.51358,118.0,1.0,SKT-4031,1.0,1.0,GPIX
18/07/2025,23:07:43,44.88608,-63.51358,119.0,1.0,SKT-4031,1.0,1.0,GPIX
18/07/2025,23:07:50,44.88608,-63.51358,119.0,1.0,SKT-4031,1.0,1.0,GPIX
18/07/2025,23:07:58,44.88608,-63.51359,119.0,1.0,SKT-4031,1.0,1.0,GPIX
18/07/2025,23:08:05,44.88609,-63.5136,118.0,1.0,SKT-4031,1.0,1.0,GPIX
18/07/2025,23:08:12,44.88608,-63.51359,117.0,1.0,SKT-4031,1.0,1.0,GPIX
18/07/2025,23:08:20,44.88608,-63.5136,116.0,1.0,SKT-4031,1.0,1.0,GPIX
18/07/2025,23:08:27,44.88608,-63.51359,116.0,1.0,SKT-4031,1.0,1.0,GPIX
18/07/2025,23:08:35,44.88608,-63.51359,117.0,1.0,SKT-4031,1.0,1.0,GPIX
18/07/2025,23:08:42,44.88608,-63.51359,117.0,1.0,SKT-4031,1.0,1.0,GPIX
18/07/2025,23:08:49,44.88608,-63.51359,117.0,1.0,SKT-4031,1.0,1.0,GPIX
18/07/2025,23:08:57,44.88609,-63.5136,116.0,1.0,SKT-4031,1.0,1.0,GPIX
18/07/2025,23:09:04,44.88609,-63.5136,115.0,1.0,SKT-4031,1.0,1.0,GPIX
18/07/2025,23:09:11,44.88609,-63.5136,114.0,1.0,SKT-4031,1.0,1.0,GPIX
18/07/2025,23:09:19,44.88609,-63.51361,115.0,1.0,SKT-4031,1.0,1.0,GPIX
18/07/2025,23:09:26,44.88609,-63.51361,116.0,1.0,SKT-4031,1.0,1.0,GPIX
18/07/2025,23:09:34,44.88609,-63.51361,116.0,1.0,SKT-4031,1.0,1.0,GPIX
18/07/2025,23:09:43,44.88609,-63.51361,118.0,1.0,SKT-4031,1.0,1.0,GPIX
18/07/2025,23:09:50,44.88609,-63.5136,118.0,1.0,SKT-4031,1.0,1.0,GPIX
18/07/2025,23:09:57,44.88609,-63.5136,119.0,1.0,SKT-4031,1.0,1.0,GPIX
18/07/2025,23:10:05,44.88609,-63.5136,120.0,1.0,SKT-4031,1.0,1.0,GPIX
18/07/2025,23:10:12,44.88609,-63.5136,118.0,1.0,SKT-4031,1.0,1.0,GPIX
18/07/2025,23:10:19,44.88609,-63.51359,117.0,1.0,SKT-4031,1.0,1.0,GPIX
18/07/2025,23:10:27,44.88608,-63.51358,117.0,1.0,SKT-4031,1.0,1.0,GPIX
18/07/2025,23:10:34,44.88608,-63.51358,116.0,1.0,SKT-4031,1.0,1.0,GPIX
18/07/2025,23:10:42,44.88607,-63.51358,117.0,1.0,SKT-4031,1.0,1.0,GPIX
18/07/2025,23:10:49,44.88607,-63.51358,117.0,1.0,SKT-4031,1.0,1.0,GPIX
18/07/2025,23:10:56,44.88607,-63.51358,117.0,1.0,SKT-4031,1.0,1.0,GPIX
18/07/2025,23:11:04,44.88607,-63.51358,118.0,1.0,SKT-4031,1.0,1.0,GPIX
18/07/2025,23:11:11,44.88608,-63.51359,117.0,1.0,SKT-4031,1.0,1.0,GPIX
18/07/2025,23:11:18,44.88608,-63.51359,117.0,1.0,SKT-4031,1.0,1.0,GPIX
18/07/2025,23:11:26,44.88608,-63.5136,117.0,1.0,SKT-4031,1.0,1.0,GPIX
18/07/2025,23:11:33,44.88607,-63.51358,117.0,1.0,SKT-4031,1.0,1.0,GPIX
18/07/2025,23:11:40,44.88607,-63.51358,116.0,1.0,SKT-4031,1.0,1.0,GPIX
18/07/2025,23:11:48,44.88606,-63.51357,117.0,1.0,SKT-4031,1.0,1.0,GPIX
18/07/2025,23:11:55,44.88607,-63.51357,117.0,1.0,SKT-4031,1.0,1.0,GPIX
18/07/2025,23:12:02,44.88607,-63.51358,116.0,1.0,SKT-4031,1.0,1.0,GPIX
18/07/2025,23:12:10,44.88607,-63.51358,116.0,1.0,SKT-4031,1.0,1.0,GPIX
18/07/2025,23:12:17,44.88607,-63.51359,117.0,1.0,SKT-4031,1.0,1.0,GPIX
18/07/2025,23:12:25,44.88607,-63.51359,117.0,1.0,SKT-4031,1.0,1.0,GPIX
18/07/2025,23:12:32,44.88607,-63.51359,117.0,1.0,SKT-4031,1.0,1.0,GPIX
18/07/2025,23:12:39,44.88606,-63.51359,118.0,1.0,SKT-4031,1.0,1.0,GPIX
18/07/2025,23:12:47,44.88606,-63.51359,118.0,1.0,SKT-4031,1.0,1.0,GPIX
18/07/2025,23:12:54,44.88607,-63.51359,118.0,1.0,SKT-4031,1.0,1.0,GPIX
18/07/2025,23:13:01,44.88607,-63.51359,118.0,1.0,SKT-4031,1.0,1.0,GPIX
18/07/2025,23:13:09,44.88607,-63.51358,117.0,1.0,SKT-4031,1.0,1.0,GPIX
18/07/2025,23:13:16,44.88606,-63.51358,116.0,1.0,SKT-4031,1.0,1.0,GPIX
18/07/2025,23:13:24,44.88606,-63.51358,116.0,1.0,SKT-4031,1.0,1.0,GPIX
18/07/2025,23:13:31,44.88606,-63.51358,117.0,1.0,SKT-4031,1.0,1.0,GPIX
18/07/2025,23:13:38,44.88606,-63.51358,117.0,1.0,SKT-4031,1.0,1.0,GPIX
18/07/2025,23:13:46,44.88605,-63.51358,116.0,1.0,SKT-4031,1.0,1.0,GPIX
18/07/2025,23:13:53,44.88605,-63.51358,115.0,1.0,SKT-4031,1.0,1.0,GPIX
18/07/2025,23:14:01,44.88605,-63.51358,116.0,1.0,SKT-4031,1.0,1.0,GPIX
18/07/2025,23:14:08,44.88606,-63.51358,116.0,1.0,SKT-4031,1.0,1.0,GPIX
18/07/2025,23:14:16,44.88606,-63.51358,116.0,1.0,SKT-4031,1.0,1.0,GPIX
18/07/2025,23:14:23,44.88606,-63.51358,116.0,1.0,SKT-4031,1.0,1.0,GPIX
18/07/2025,23:14:30,44.88605,-63.51358,115.0,1.0,SKT-4031,1.0,1.0,GPIX
18/07/2025,23:14:38,44.88605,-63.51358,115.0,1.0,SKT-4031,1.0,1.0,GPIX
18/07/2025,23:14:45,44.88606,-63.51358,116.0,1.0,SKT-4031,1.0,1.0,GPIX
18/07/2025,23:14:53,44.88606,-63.51359,116.0,1.0,SKT-4031,1.0,1.0,GPIX
18/07/2025,23:15:00,44.88607,-63.51359,115.0,1.0,SKT-4031,1.0,1.0,GPIX
18/07/2025,23:15:07,44.88607,-63.51359,113.0,1.0,SKT-4031,1.0,1.0,GPIX
18/07/2025,23:15:15,44.88607,-63.5136,112.0,1.0,SKT-4031,1.0,1.0,GPIX
18/07/2025,23:15:22,44.88607,-63.5136,113.0,1.0,SKT-4031,1.0,1.0,GPIX
18/07/2025,23:15:29,44.88607,-63.5136,114.0,1.0,SKT-4031,1.0,1.0,GPIX
18/07/2025,23:15:37,44.88607,-63.51359,114.0,1.0,SKT-4031,1.0,1.0,GPIX
18/07/2025,23:15:44,44.88607,-63.51359,114.0,1.0,SKT-4031,1.0,1.0,GPIX
18/07/2025,23:15:52,44.88608,-63.51359,114.0,1.0,SKT-4031,1.0,1.0,GPIX
18/07/2025,23:15:59,44.88608,-63.51358,114.0,1.0,SKT-4031,1.0,1.0,GPIX
18/07/2025,23:16:06,44.88608,-63.51359,113.0,1.0,SKT-4031,1.0,1.0,GPIX
18/07/2025,23:16:14,44.88609,-63.5136,114.0,1.0,SKT-4031,1.0,1.0,GPIX
18/07/2025,23:16:21,44.88609,-63.5136,114.0,1.0,SKT-4031,1.0,1.0,GPIX
18/07/2025,23:16:28,44.88609,-63.5136,113.0,1.0,SKT-4031,1.0,1.0,GPIX
18/07/2025,23:16:36,44.88608,-63.51359,113.0,1.0,SKT-4031,1.0,1.0,GPIX
18/07/2025,23:16:43,44.88608,-63.51359,113.0,1.0,SKT-4031,1.0,1.0,GPIX
18/07/2025,23:16:51,44.88608,-63.51359,113.0,1.0,SKT-4031,1.0,1.0,GPIX
18/07/2025,23:16:58,44.88609,-63.5136,114.0,1.0,SKT-4031,1.0,1.0,GPIX
18/07/2025,23:17:05,44.88609,-63.5136,115.0,1.0,SKT-4031,1.0,1.0,GPIX
18/07/2025,23:17:13,44.88609,-63.51361,115.0,1.0,SKT-4031,1.0,1.0,GPIX
18/07/2025,23:17:20,44.88609,-63.51361,115.0,1.0,SKT-4031,1.0,1.0,GPIX
18/07/2025,23:17:27,44.88609,-63.5136,114.0,1.0,SKT-4031,1.0,1.0,GPIX
18/07/2025,23:17:35,44.88608,-63.5136,115.0,1.0,SKT-4031,1.0,1.0,GPIX
18/07/2025,23:17:42,44.88608,-63.51359,114.0,1.0,SKT-4031,1.0,1.0,GPIX
18/07/2025,23:17:50,44.88607,-63.51356,115.0,1.0,SKT-4031,1.0,1.0,GPIX
18/07/2025,23:17:57,44.88604,-63.5135,116.0,1.0,SKT-4031,1.0,1.0,GPIX
18/07/2025,23:18:04,44.88599,-63.51339,115.0,1.0,SKT-4031,1.0,1.0,GPIX
18/07/2025,23:18:12,44.88591,-63.51325,115.0,1.0,SKT-4031,1.0,1.0,GPIX
18/07/2025,23:18:19,44.88585,-63.51313,116.0,1.0,SKT-4031,1.0,1.0,GPIX
18/07/2025,23:18:26,44.88579,-63.513,116.0,1.0,SKT-4031,1.0,1.0,GPIX
18/07/2025,23:18:34,44.88572,-63.51286,116.0,1.0,SKT-4031,1.0,1.0,GPIX
18/07/2025,23:18:41,44.88567,-63.51273,116.0,1.0,SKT-4031,1.0,1.0,GPIX
18/07/2025,23:18:49,44.8856,-63.51259,116.0,1.0,SKT-4031,1.0,1.0,GPIX
18/07/2025,23:18:56,44.88553,-63.51249,115.0,1.0,SKT-4031,1.0,1.0,GPIX
18/07/2025,23:19:03,44.88546,-63.51241,115.0,1.0,SKT-4031,1.0,1.0,GPIX
18/07/2025,23:19:11,44.88536,-63.51233,115.0,1.0,SKT-4031,1.0,1.0,GPIX
18/07/2025,23:19:18,44.88528,-63.51226,115.0,1.0,SKT-4031,1.0,1.0,GPIX
18/07/2025,23:19:26,44.88522,-63.51221,115.0,1.0,SKT-4031,1.0,1.0,GPIX
18/07/2025,23:19:33,44.88515,-63.51219,116.0,1.0,SKT-4031,1.0,1.0,GPIX
18/07/2025,23:19:40,44.88508,-63.51218,116.0,1.0,SKT-4031,1.0,1.0,GPIX
18/07/2025,23:19:48,44.88506,-63.51218,116.0,1.0,SKT-4031,1.0,1.0,GPIX
18/07/2025,23:19:55,44.88507,-63.51218,116.0,1.0,SKT-4031,1.0,1.0,GPIX
18/07/2025,23:20:02,44.88507,-63.51218,115.0,1.0,SKT-4031,1.0,1.0,GPIX
18/07/2025,23:20:10,44.88506,-63.51218,115.0,1.0,SKT-4031,1.0,1.0,GPIX
18/07/2025,23:20:17,44.88506,-63.51218,116.0,1.0,SKT-4031,1.0,1.0,GPIX
18/07/2025,23:20:24,44.88507,-63.51218,116.0,1.0,SKT-4031,1.0,1.0,GPIX
18/07/2025,23:20:32,44.88507,-63.51218,116.0,1.0,SKT-4031,1.0,1.0,GPIX
18/07/2025,23:20:39,44.88507,-63.51218,116.0,1.0,SKT-4031,1.0,1.0,GPIX
18/07/2025,23:20:46,44.88507,-63.51218,116.0,1.0,SKT-4031,1.0,0.0,GPIX
18/07/2025,23:20:53,44.88507,-63.51218,116.0,1.0,SKT-4031,1.0,0.0,GPIX
18/07/2025,23:21:00,44.88507,-63.51218,116.0,1.0,SKT-4031,1.0,0.0,GPIX
18/07/2025,23:21:08,44.88507,-63.51219,116.0,1.0,SKT-4031,1.0,0.0,GPIX
18/07/2025,23:21:15,44.88507,-63.51218,116.0,1.0,SKT-4031,1.0,0.0,GPIX
18/07/2025,23:21:22,44.88507,-63.51218,116.0,1.0,SKT-4031,1.0,0.0,GPIX
18/07/2025,23:21:29,44.88506,-63.51218,116.0,1.0,SKT-4031,1.0,0.0,GPIX
18/07/2025,23:21:36,44.88506,-63.51218,116.0,1.0,SKT-4031,1.0,0.0,GPIX
18/07/2025,23:21:43,44.88506,-63.51219,116.0,1.0,SKT-4031,1.0,0.0,GPIX
18/07/2025,23:21:50,44.88506,-63.51219,116.0,1.0,SKT-4031,1.0,0.0,GPIX
18/07/2025,23:21:57,44.88506,-63.51218,116.0,1.0,SKT-4031,1.0,0.0,GPIX
18/07/2025,23:22:04,44.88507,-63.51218,115.0,1.0,SKT-4031,1.0,0.0,GPIX
18/07/2025,23:22:11,44.88507,-63.51218,115.0,1.0,SKT-4031,1.0,0.0,GPIX
18/07/2025,23:22:18,44.88506,-63.51218,115.0,1.0,SKT-4031,1.0,0.0,GPIX
18/07/2025,23:22:26,44.88506,-63.51218,116.0,1.0,SKT-4031,1.0,0.0,GPIX
18/07/2025,23:22:33,44.88506,-63.51218,116.0,1.0,SKT-4031,1.0,0.0,GPIX
18/07/2025,23:22:40,44.88506,-63.51218,116.0,1.0,SKT-4031,1.0,0.0,GPIX
18/07/2025,23:22:47,44.88506,-63.51218,116.0,1.0,SKT-4031,1.0,0.0,GPIX
18/07/2025,23:22:55,44.88506,-63.51218,116.0,1.0,SKT-4031,1.0,1.0,GPIX
18/07/2025,23:23:02,44.88506,-63.51218,117.0,1.0,SKT-4031,1.0,1.0,GPIX
18/07/2025,23:23:10,44.88506,-63.51218,116.0,1.0,SKT-4031,1.0,1.0,GPIX
18/07/2025,23:23:18,44.88506,-63.51218,116.0,1.0,SKT-4031,1.0,1.0,GPIX
18/07/2025,23:23:25,44.88506,-63.51218,115.0,1.0,SKT-4031,1.0,1.0,GPIX
18/07/2025,23:23:32,44.88506,-63.51218,115.0,1.0,SKT-4031,1.0,1.0,GPIX
18/07/2025,23:23:40,44.88506,-63.51218,115.0,1.0,SKT-4031,1.0,1.0,GPIX
18/07/2025,23:23:48,44.88509,-63.51218,115.0,1.0,SKT-4031,1.0,1.0,GPIX
18/07/2025,23:23:55,44.88518,-63.5122,116.0,1.0,SKT-4031,1.0,1.0,GPIX
18/07/2025,23:24:03,44.88535,-63.51219,117.0,1.0,SKT-4031,1.0,1.0,GPIX
18/07/2025,23:24:10,44.88547,-63.51206,117.0,1.0,SKT-4031,1.0,1.0,GPIX
18/07/2025,23:24:18,44.88555,-63.51178,117.0,1.0,SKT-4031,1.0,1.0,GPIX
18/07/2025,23:24:25,44.88564,-63.51158,116.0,1.0,SKT-4031,1.0,1.0,GPIX
18/07/2025,23:24:33,44.88571,-63.5117,116.0,1.0,SKT-4031,1.0,1.0,GPIX
18/07/2025,23:24:40,44.88567,-63.51195,116.0,1.0,SKT-4031,1.0,1.0,GPIX
18/07/2025,23:24:47,44.8855,-63.51218,116.0,1.0,SKT-4031,1.0,1.0,GPIX
18/07/2025,23:24:55,44.88512,-63.51217,116.0,1.0,SKT-4031,1.0,1.0,GPIX
18/07/2025,23:25:02,44.88477,-63.51208,116.0,1.0,SKT-4031,1.0,1.0,GPIX
18/07/2025,23:25:10,44.88437,-63.51204,115.0,1.0,SKT-4031,1.0,1.0,GPIX
18/07/2025,23:25:17,44.88406,-63.51227,115.0,1.0,SKT-4031,1.0,1.0,GPIX
18/07/2025,23:25:25,44.88371,-63.51266,114.0,1.0,SKT-4031,1.0,1.0,GPIX
18/07/2025,23:25:32,44.88338,-63.51304,114.0,1.0,SKT-4031,1.0,1.0,GPIX
18/07/2025,23:25:40,44.88298,-63.51344,113.0,1.0,SKT-4031,1.0,1.0,GPIX
18/07/2025,23:25:47,44.88261,-63.51379,113.0,1.0,SKT-4031,1.0,1.0,GPIX
18/07/2025,23:25:55,44.88219,-63.51421,113.0,1.0,SKT-4031,1.0,1.0,GPIX
18/07/2025,23:26:02,44.88177,-63.51462,113.0,1.0,SKT-4031,1.0,1.0,GPIX
18/07/2025,23:26:09,44.88132,-63.51506,114.0,1.0,SKT-4031,1.0,1.0,GPIX
18/07/2025,23:26:17,44.88081,-63.51557,115.0,1.0,SKT-4031,1.0,1.0,GPIX
18/07/2025,23:26:24,44.88038,-63.516,116.0,1.0,SKT-4031,1.0,1.0,GPIX
18/07/2025,23:26:32,44.87989,-63.51647,117.0,1.0,SKT-4031,1.0,1.0,GPIX
18/07/2025,23:26:39,44.87949,-63.51688,118.0,1.0,SKT-4031,1.0,1.0,GPIX
18/07/2025,23:26:46,44.87907,-63.51729,119.0,1.0,SKT-4031,1.0,1.0,GPIX
18/07/2025,23:26:54,44.87858,-63.51777,120.0,1.0,SKT-4031,1.0,1.0,GPIX
18/07/2025,23:27:01,44.87814,-63.51821,120.0,1.0,SKT-4031,1.0,1.0,GPIX
18/07/2025,23:27:08,44.87767,-63.51867,121.0,1.0,SKT-4031,1.0,1.0,GPIX
18/07/2025,23:27:16,44.8771,-63.51924,121.0,1.0,SKT-4031,1.0,1.0,GPIX
18/07/2025,23:27:24,44.87649,-63.51984,121.0,1.0,SKT-4031,1.0,1.0,GPIX
18/07/2025,23:27:31,44.87596,-63.52037,122.0,1.0,SKT-4031,1.0,1.0,GPIX
18/07/2025,23:27:39,44.87537,-63.52095,122.0,1.0,SKT-4031,1.0,1.0,GPIX
18/07/2025,23:27:46,44.87485,-63.52146,122.0,1.0,SKT-4031,1.0,1.0,GPIX
18/07/2025,23:27:54,44.87428,-63.52203,123.0,1.0,SKT-4031,1.0,1.0,GPIX
18/07/2025,23:28:01,44.87378,-63.52251,123.0,1.0,SKT-4031,1.0,1.0,GPIX
18/07/2025,23:28:10,44.87315,-63.52314,124.0,1.0,SKT-4031,1.0,1.0,GPIX
18/07/2025,23:28:18,44.87257,-63.5237,124.0,1.0,SKT-4031,1.0,1.0,GPIX
18/07/2025,23:28:25,44.87205,-63.52422,123.0,1.0,SKT-4031,1.0,1.0,GPIX
18/07/2025,23:28:33,44.87142,-63.52484,123.0,1.0,SKT-4031,1.0,1.0,GPIX
18/07/2025,23:28:40,44.87087,-63.52539,122.0,1.0,SKT-4031,1.0,1.0,GPIX
18/07/2025,23:28:47,44.87032,-63.52594,121.0,1.0,SKT-4031,1.0,1.0,GPIX
18/07/2025,23:28:55,44.86971,-63.52654,121.0,1.0,SKT-4031,1.0,1.0,GPIX
18/07/2025,23:29:02,44.86924,-63.52701,121.0,1.0,SKT-4031,1.0,1.0,GPIX
18/07/2025,23:29:10,44.86877,-63.52748,121.0,1.0,SKT-4031,1.0,1.0,GPIX
18/07/2025,23:29:18,44.86837,-63.52802,120.0,1.0,SKT-4031,1.0,1.0,GPIX
18/07/2025,23:29:25,44.86807,-63.52851,120.0,1.0,SKT-4031,1.0,1.0,GPIX
18/07/2025,23:29:33,44.86777,-63.52901,120.0,1.0,SKT-4031,1.0,1.0,GPIX
18/07/2025,23:29:40,44.86754,-63.52938,120.0,1.0,SKT-4031,1.0,1.0,GPIX
18/07/2025,23:29:47,44.86726,-63.52961,119.0,1.0,SKT-4031,1.0,1.0,GPIX
18/07/2025,23:29:55,44.86691,-63.52945,118.0,1.0,SKT-4031,1.0,1.0,GPIX
18/07/2025,23:30:03,44.86667,-63.52904,118.0,1.0,SKT-4031,1.0,1.0,GPIX
18/07/2025,23:30:10,44.86646,-63.52863,118.0,1.0,SKT-4031,1.0,1.0,GPIX
18/07/2025,23:30:18,44.86618,-63.52808,119.0,1.0,SKT-4031,1.0,1.0,GPIX
18/07/2025,23:30:26,44.86596,-63.5275,118.0,1.0,SKT-4031,1.0,1.0,GPIX
18/07/2025,23:30:33,44.86598,-63.52706,119.0,1.0,SKT-4031,1.0,1.0,GPIX
18/07/2025,23:30:41,44.86636,-63.52657,118.0,1.0,SKT-4031,1.0,1.0,GPIX
18/07/2025,23:30:48,44.86751,-63.52542,117.0,1.0,SKT-4031,1.0,1.0,GPIX
18/07/2025,23:30:55,44.86959,-63.52336,120.0,1.0,SKT-4031,1.0,1.0,GPIX
18/07/2025,23:31:03,44.87297,-63.52004,122.0,1.0,SKT-4031,1.0,1.0,GPIX
18/07/2025,23:31:10,44.87666,-63.51639,126.0,1.0,SKT-4031,1.0,1.0,GPIX
18/07/2025,23:31:18,44.88128,-63.51176,180.0,0.0,SKT-4031,1.0,1.0,GPIX
18/07/2025,23:31:26,44.88608,-63.50679,248.0,0.0,SKT-4031,1.0,1.0,GPIX
18/07/2025,23:31:33,44.89041,-63.50216,316.0,0.0,SKT-4031,1.0,1.0,GPIX
18/07/2025,23:31:41,44.89536,-63.49653,408.0,0.0,SKT-4031,1.0,1.0,GPIX
18/07/2025,23:31:48,44.89967,-63.49135,493.0,0.0,SKT-4031,1.0,1.0,GPIX
17/07/2025,08:34:44,,,,,SKT-4031,1.0,1.0,GPIX
17/07/2025,08:34:54,,,,,SKT-4031,1.0,0.0,GPIX
17/07/2025,08:35:04,,,,,SKT-4031,1.0,0.0,GPIX
17/07/2025,08:35:13,,,,,SKT-4031,1.0,0.0,GPIX
17/07/2025,08:35:22,,,,,SKT-4031,1.0,0.0,GPIX
17/07/2025,08:35:31,,,,,SKT-4031,1.0,0.0,GPIX
17/07/2025,08:35:41,,,,,SKT-4031,1.0,0.0,GPIX
17/07/2025,08:35:50,,,,,SKT-4031,1.0,0.0,GPIX
17/07/2025,08:35:59,,,,,SKT-4031,1.0,0.0,GPIX
17/07/2025,08:36:08,,,,,SKT-4031,1.0,0.0,GPIX
18/07/2025,23:33:31,44.95524,-63.38749,1476.0,0.0,SKT-4031,1.0,0.0,GPIX
18/07/2025,23:33:39,44.95877,-63.37696,1553.0,0.0,SKT-4031,1.0,1.0,GPIX
18/07/2025,23:33:46,44.96191,-63.36771,1623.0,0.0,SKT-4031,1.0,1.0,GPIX
18/07/2025,23:33:54,44.96554,-63.35714,1705.0,0.0,SKT-4031,1.0,0.0,GPIX
18/07/2025,23:34:01,44.96878,-63.34793,1779.0,0.0,SKT-4031,1.0,1.0,GPIX
18/07/2025,23:34:09,44.97255,-63.33755,1869.0,0.0,SKT-4031,1.0,1.0,GPIX
18/07/2025,23:34:16,44.97592,-63.32852,1940.0,0.0,SKT-4031,1.0,1.0,GPIX
18/07/2025,23:34:24,44.97984,-63.31817,2015.0,0.0,SKT-4031,1.0,1.0,GPIX
18/07/2025,23:34:31,44.98332,-63.30906,2079.0,0.0,SKT-4031,1.0,1.0,GPIX
18/07/2025,23:34:38,44.98685,-63.29988,2140.0,0.0,SKT-4031,1.0,1.0,GPIX
18/07/2025,23:34:46,44.9909,-63.28926,2212.0,0.0,SKT-4031,1.0,1.0,GPIX
18/07/2025,23:34:53,44.99441,-63.27984,2276.0,0.0,SKT-4031,1.0,1.0,GPIX
18/07/2025,23:35:01,44.99841,-63.26896,2348.0,0.0,SKT-4031,1.0,1.0,GPIX
18/07/2025,23:35:08,45.00192,-63.25936,2411.0,0.0,SKT-4031,1.0,1.0,GPIX
18/07/2025,23:35:15,45.00547,-63.24969,2473.0,0.0,SKT-4031,1.0,1.0,GPIX
18/07/2025,23:35:23,45.00956,-63.23858,2541.0,0.0,SKT-4031,1.0,1.0,GPIX
18/07/2025,23:35:31,45.01368,-63.22738,2605.0,0.0,SKT-4031,1.0,1.0,GPIX
18/07/2025,23:35:39,45.01786,-63.21608,2666.0,0.0,SKT-4031,1.0,0.0,GPIX
18/07/2025,23:35:47,45.02207,-63.20469,2730.0,0.0,SKT-4031,1.0,0.0,GPIX
18/07/2025,23:35:55,45.02628,-63.19323,2797.0,0.0,SKT-4031,1.0,0.0,GPIX
18/07/2025,23:36:03,45.03051,-63.18172,2865.0,0.0,SKT-4031,1.0,0.0,GPIX
18/07/2025,23:36:11,45.03476,-63.17018,2930.0,0.0,SKT-4031,1.0,0.0,GPIX
18/07/2025,23:36:19,45.03904,-63.15858,2992.0,0.0,SKT-4031,1.0,0.0,GPIX
18/07/2025,23:36:28,45.04391,-63.14547,3059.0,0.0,SKT-4031,1.0,0.0,GPIX
18/07/2025,23:36:36,45.0483,-63.13374,3112.0,0.0,SKT-4031,1.0,0.0,GPIX
18/07/2025,23:36:44,45.05276,-63.1217,3132.0,0.0,SKT-4031,1.0,0.0,GPIX
18/07/2025,23:36:52,45.05732,-63.10929,3156.0,0.0,SKT-4031,1.0,0.0,GPIX
18/07/2025,23:37:00,45.06195,-63.09658,3191.0,0.0,SKT-4031,1.0,0.0,GPIX
18/07/2025,23:37:08,45.06665,-63.08364,3230.0,0.0,SKT-4031,1.0,0.0,GPIX
18/07/2025,23:37:16,45.0714,-63.07053,3271.0,0.0,SKT-4031,1.0,0.0,GPIX
18/07/2025,23:37:25,45.07683,-63.05558,3318.0,0.0,SKT-4031,1.0,0.0,GPIX
18/07/2025,23:37:33,45.08173,-63.04216,3363.0,0.0,SKT-4031,1.0,0.0,GPIX
18/07/2025,23:37:41,45.08669,-63.02866,3413.0,0.0,SKT-4031,1.0,0.0,GPIX
18/07/2025,23:37:49,45.0917,-63.01508,3460.0,0.0,SKT-4031,1.0,0.0,GPIX
18/07/2025,23:37:57,45.09674,-63.00142,3509.0,0.0,SKT-4031,1.0,0.0,GPIX
18/07/2025,23:38:06,45.10239,-62.98594,3571.0,0.0,SKT-4031,1.0,0.0,GPIX
18/07/2025,23:38:14,45.10741,-62.97214,3627.0,0.0,SKT-4031,1.0,0.0,GPIX
18/07/2025,23:38:22,45.11242,-62.9583,3684.0,0.0,SKT-4031,1.0,0.0,GPIX
18/07/2025,23:38:30,45.11744,-62.94443,3736.0,0.0,SKT-4031,1.0,0.0,GPIX
18/07/2025,23:38:39,45.12313,-62.92878,3794.0,0.0,SKT-4031,1.0,0.0,GPIX
18/07/2025,23:38:47,45.1282,-62.91484,3849.0,0.0,SKT-4031,1.0,0.0,GPIX
18/07/2025,23:38:55,45.13327,-62.90089,3905.0,0.0,SKT-4031,1.0,0.0,GPIX
18/07/2025,23:39:03,45.13836,-62.88691,3960.0,0.0,SKT-4031,1.0,0.0,GPIX
18/07/2025,23:39:12,45.14406,-62.87116,4022.0,0.0,SKT-4031,1.0,0.0,GPIX
18/07/2025,23:39:20,45.14913,-62.85713,4074.0,0.0,SKT-4031,1.0,0.0,GPIX
18/07/2025,23:39:28,45.1542,-62.84309,4125.0,0.0,SKT-4031,1.0,0.0,GPIX
18/07/2025,23:39:36,45.15929,-62.82905,4179.0,0.0,SKT-4031,1.0,0.0,GPIX
18/07/2025,23:39:45,45.16504,-62.81324,4235.0,0.0,SKT-4031,1.0,0.0,GPIX
18/07/2025,23:39:53,45.17015,-62.79918,4285.0,0.0,SKT-4031,1.0,0.0,GPIX
17/07/2025,08:42:48,,,,,SKT-4031,1.0,0.0,GPIX
17/07/2025,08:42:58,,,,,SKT-4031,1.0,0.0,GPIX
17/07/2025,08:43:08,,,,,SKT-4031,1.0,0.0,GPIX
17/07/2025,08:43:18,,,,,SKT-4031,1.0,0.0,GPIX
17/07/2025,08:43:28,,,,,SKT-4031,1.0,0.0,GPIX
18/07/2025,23:40:51,45.20721,-62.69684,4624.0,0.0,SKT-4031,1.0,0.0,GPIX
18/07/2025,23:40:59,45.21233,-62.68265,4667.0,0.0,SKT-4031,1.0,0.0,GPIX
18/07/2025,23:41:07,45.21746,-62.66844,4713.0,0.0,SKT-4031,1.0,0.0,GPIX
18/07/2025,23:41:15,45.22258,-62.65422,4758.0,0.0,SKT-4031,1.0,0.0,GPIX
18/07/2025,23:41:23,45.22771,-62.63998,4804.0,0.0,SKT-4031,1.0,0.0,GPIX
18/07/2025,23:41:31,45.23285,-62.62572,4852.0,0.0,SKT-4031,1.0,0.0,GPIX
18/07/2025,23:41:40,45.23862,-62.60966,4906.0,0.0,SKT-4031,1.0,0.0,GPIX
18/07/2025,23:41:48,45.24376,-62.59539,4953.0,0.0,SKT-4031,1.0,0.0,GPIX
18/07/2025,23:41:56,45.2489,-62.5811,4997.0,0.0,SKT-4031,1.0,0.0,GPIX
18/07/2025,23:42:04,45.25404,-62.56679,5039.0,0.0,SKT-4031,1.0,0.0,GPIX
18/07/2025,23:42:12,45.25919,-62.55246,5082.0,0.0,SKT-4031,1.0,0.0,GPIX
18/07/2025,23:42:21,45.26498,-62.53634,5133.0,0.0,SKT-4031,1.0,0.0,GPIX
18/07/2025,23:42:29,45.27013,-62.52202,5175.0,0.0,SKT-4031,1.0,0.0,GPIX
18/07/2025,23:42:37,45.2753,-62.50768,5216.0,0.0,SKT-4031,1.0,0.0,GPIX
18/07/2025,23:42:45,45.28047,-62.49333,5257.0,0.0,SKT-4031,1.0,0.0,GPIX
18/07/2025,23:42:53,45.28564,-62.47895,5297.0,0.0,SKT-4031,1.0,0.0,GPIX
18/07/2025,23:43:02,45.29145,-62.46273,5343.0,0.0,SKT-4031,1.0,0.0,GPIX
18/07/2025,23:43:10,45.29667,-62.44833,5383.0,0.0,SKT-4031,1.0,0.0,GPIX
18/07/2025,23:43:18,45.30198,-62.43396,5423.0,0.0,SKT-4031,1.0,0.0,GPIX
18/07/2025,23:43:26,45.30729,-62.41957,5462.0,0.0,SKT-4031,1.0,0.0,GPIX
18/07/2025,23:43:34,45.31257,-62.40512,5502.0,0.0,SKT-4031,1.0,0.0,GPIX
18/07/2025,23:43:43,45.31847,-62.38883,5548.0,0.0,SKT-4031,1.0,0.0,GPIX
18/07/2025,23:43:51,45.32373,-62.37435,5590.0,0.0,SKT-4031,1.0,0.0,GPIX
18/07/2025,23:43:59,45.32898,-62.35986,5632.0,0.0,SKT-4031,1.0,0.0,GPIX
18/07/2025,23:44:07,45.33421,-62.34536,5673.0,0.0,SKT-4031,1.0,0.0,GPIX
18/07/2025,23:44:15,45.33941,-62.33084,5715.0,0.0,SKT-4031,1.0,0.0,GPIX
18/07/2025,23:44:24,45.34524,-62.31448,5761.0,0.0,SKT-4031,1.0,0.0,GPIX
18/07/2025,23:44:32,45.35041,-62.29992,5799.0,0.0,SKT-4031,1.0,0.0,GPIX
18/07/2025,23:44:40,45.35559,-62.28535,5837.0,0.0,SKT-4031,1.0,0.0,GPIX
18/07/2025,23:44:48,45.36077,-62.27079,5872.0,0.0,SKT-4031,1.0,0.0,GPIX
18/07/2025,23:44:56,45.36596,-62.25621,5905.0,0.0,SKT-4031,1.0,0.0,GPIX
18/07/2025,23:45:04,45.37115,-62.24161,5937.0,0.0,SKT-4031,1.0,0.0,GPIX
18/07/2025,23:45:13,45.377,-62.22517,5973.0,0.0,SKT-4031,1.0,0.0,GPIX
17/07/2025,08:48:08,,,,,SKT-4031,1.0,0.0,GPIX
18/07/2025,23:45:31,45.38869,-62.19222,6044.0,0.0,SKT-4031,1.0,0.0,GPIX
18/07/2025,23:45:39,45.39389,-62.17755,6078.0,0.0,SKT-4031,1.0,0.0,GPIX
18/07/2025,23:45:47,45.39909,-62.16288,6112.0,0.0,SKT-4031,1.0,0.0,GPIX
18/07/2025,23:45:55,45.40429,-62.14818,6147.0,0.0,SKT-4031,1.0,0.0,GPIX
18/07/2025,23:46:03,45.40949,-62.13347,6182.0,0.0,SKT-4031,1.0,0.0,GPIX
18/07/2025,23:46:12,45.41534,-62.11691,6224.0,0.0,SKT-4031,1.0,0.0,GPIX
18/07/2025,23:46:20,45.42059,-62.1022,6262.0,0.0,SKT-4031,1.0,0.0,GPIX
18/07/2025,23:46:28,45.42588,-62.08752,6301.0,0.0,SKT-4031,1.0,0.0,GPIX
18/07/2025,23:46:36,45.43117,-62.07284,6341.0,0.0,SKT-4031,1.0,0.0,GPIX
18/07/2025,23:46:44,45.43644,-62.05814,6380.0,0.0,SKT-4031,1.0,0.0,GPIX
18/07/2025,23:46:53,45.44234,-62.04158,6420.0,0.0,SKT-4031,1.0,0.0,GPIX
18/07/2025,23:47:01,45.44758,-62.02684,6456.0,0.0,SKT-4031,1.0,0.0,GPIX
18/07/2025,23:47:09,45.45298,-62.01221,6491.0,0.0,SKT-4031,1.0,0.0,GPIX
18/07/2025,23:47:17,45.45885,-61.99799,6525.0,0.0,SKT-4031,1.0,0.0,GPIX
18/07/2025,23:47:25,45.46509,-61.98409,6557.0,0.0,SKT-4031,1.0,0.0,GPIX
18/07/2025,23:47:34,45.47237,-61.96872,6594.0,0.0,SKT-4031,1.0,0.0,GPIX
18/07/2025,23:47:42,45.47897,-61.95516,6625.0,0.0,SKT-4031,1.0,0.0,GPIX
18/07/2025,23:47:50,45.48565,-61.94165,6655.0,0.0,SKT-4031,1.0,0.0,GPIX
18/07/2025,23:47:58,45.49236,-61.92815,6685.0,0.0,SKT-4031,1.0,0.0,GPIX
18/07/2025,23:48:05,45.49825,-61.91634,6712.0,0.0,SKT-4031,1.0,0.0,GPIX
18/07/2025,23:48:12,45.50415,-61.90451,6738.0,0.0,SKT-4031,1.0,0.0,GPIX
18/07/2025,23:48:19,45.51004,-61.89264,6765.0,0.0,SKT-4031,1.0,0.0,GPIX
18/07/2025,23:48:26,45.5159,-61.88071,6793.0,0.0,SKT-4031,1.0,0.0,GPIX
18/07/2025,23:48:33,45.52175,-61.86875,6820.0,0.0,SKT-4031,1.0,0.0,GPIX
18/07/2025,23:48:41,45.52841,-61.85503,6852.0,0.0,SKT-4031,1.0,0.0,GPIX
18/07/2025,23:48:48,45.53422,-61.84299,6881.0,0.0,SKT-4031,1.0,0.0,GPIX
18/07/2025,23:48:56,45.54085,-61.82918,6915.0,0.0,SKT-4031,1.0,0.0,GPIX
18/07/2025,23:49:03,45.54662,-61.81706,6943.0,0.0,SKT-4031,1.0,0.0,GPIX
18/07/2025,23:49:10,45.55239,-61.80492,6972.0,0.0,SKT-4031,1.0,0.0,GPIX
18/07/2025,23:49:17,45.55815,-61.79274,7000.0,0.0,SKT-4031,1.0,0.0,GPIX
18/07/2025,23:49:24,45.5639,-61.78054,7028.0,0.0,SKT-4031,1.0,0.0,GPIX
18/07/2025,23:49:31,45.56964,-61.76831,7055.0,0.0,SKT-4031,1.0,0.0,GPIX
18/07/2025,23:49:38,45.57536,-61.75604,7082.0,0.0,SKT-4031,1.0,0.0,GPIX
18/07/2025,23:49:45,45.5811,-61.74376,7108.0,0.0,SKT-4031,1.0,0.0,GPIX
18/07/2025,23:49:52,45.58684,-61.73146,7134.0,0.0,SKT-4031,1.0,0.0,GPIX
18/07/2025,23:49:59,45.59259,-61.71914,7158.0,0.0,SKT-4031,1.0,0.0,GPIX
18/07/2025,23:50:06,45.59835,-61.70681,7182.0,0.0,SKT-4031,1.0,0.0,GPIX
18/07/2025,23:50:14,45.60494,-61.69268,7210.0,0.0,SKT-4031,1.0,0.0,GPIX
18/07/2025,23:50:21,45.61072,-61.68032,7233.0,0.0,SKT-4031,1.0,0.0,GPIX
18/07/2025,23:50:28,45.61651,-61.66795,7256.0,0.0,SKT-4031,1.0,0.0,GPIX
18/07/2025,23:50:35,45.62231,-61.65557,7279.0,0.0,SKT-4031,1.0,0.0,GPIX
18/07/2025,23:50:42,45.62812,-61.64319,7301.0,0.0,SKT-4031,1.0,0.0,GPIX
18/07/2025,23:50:49,45.63394,-61.6308,7322.0,0.0,SKT-4031,1.0,0.0,GPIX
18/07/2025,23:50:56,45.63977,-61.61839,7339.0,0.0,SKT-4031,1.0,0.0,GPIX
18/07/2025,23:51:03,45.64563,-61.60594,7352.0,0.0,SKT-4031,1.0,0.0,GPIX
18/07/2025,23:51:10,45.65152,-61.59344,7368.0,0.0,SKT-4031,1.0,0.0,GPIX
18/07/2025,23:51:18,45.65828,-61.57914,7387.0,0.0,SKT-4031,1.0,0.0,GPIX
18/07/2025,23:51:25,45.66421,-61.56659,7406.0,0.0,SKT-4031,1.0,0.0,GPIX
18/07/2025,23:51:32,45.67016,-61.55402,7426.0,0.0,SKT-4031,1.0,0.0,GPIX
18/07/2025,23:51:39,45.67612,-61.54142,7447.0,0.0,SKT-4031,1.0,0.0,GPIX
18/07/2025,23:51:46,45.68209,-61.5288,7468.0,0.0,SKT-4031,1.0,0.0,GPIX
18/07/2025,23:51:54,45.68891,-61.51436,7495.0,0.0,SKT-4031,1.0,0.0,GPIX
18/07/2025,23:52:01,45.69489,-61.50173,7519.0,0.0,SKT-4031,1.0,0.0,GPIX
18/07/2025,23:52:08,45.70088,-61.48907,7543.0,0.0,SKT-4031,1.0,0.0,GPIX
18/07/2025,23:52:15,45.70686,-61.4764,7567.0,0.0,SKT-4031,1.0,0.0,GPIX
18/07/2025,23:52:22,45.71284,-61.46372,7591.0,0.0,SKT-4031,1.0,0.0,GPIX
18/07/2025,23:52:29,45.71883,-61.45103,7615.0,0.0,SKT-4031,1.0,0.0,GPIX
18/07/2025,23:52:36,45.72482,-61.43833,7639.0,0.0,SKT-4031,1.0,0.0,GPIX
18/07/2025,23:52:43,45.73082,-61.42562,7663.0,0.0,SKT-4031,1.0,0.0,GPIX
18/07/2025,23:52:50,45.73681,-61.41291,7686.0,0.0,SKT-4031,1.0,0.0,GPIX
18/07/2025,23:52:57,45.74279,-61.40018,7707.0,0.0,SKT-4031,1.0,0.0,GPIX
18/07/2025,23:53:04,45.74878,-61.38744,7729.0,0.0,SKT-4031,1.0,0.0,GPIX
18/07/2025,23:53:11,45.75476,-61.37468,7750.0,0.0,SKT-4031,1.0,0.0,GPIX
18/07/2025,23:53:19,45.76159,-61.36008,7774.0,0.0,SKT-4031,1.0,0.0,GPIX
18/07/2025,23:53:26,45.76757,-61.3473,7793.0,0.0,SKT-4031,1.0,0.0,GPIX
18/07/2025,23:53:33,45.77356,-61.3345,7811.0,0.0,SKT-4031,1.0,0.0,GPIX
18/07/2025,23:53:40,45.77954,-61.32169,7828.0,0.0,SKT-4031,1.0,0.0,GPIX
18/07/2025,23:53:47,45.78552,-61.30885,7843.0,0.0,SKT-4031,1.0,0.0,GPIX
18/07/2025,23:53:54,45.7915,-61.296,7856.0,0.0,SKT-4031,1.0,0.0,GPIX
18/07/2025,23:54:01,45.7975,-61.28313,7867.0,0.0,SKT-4031,1.0,0.0,GPIX
18/07/2025,23:54:08,45.80351,-61.27024,7877.0,0.0,SKT-4031,1.0,0.0,GPIX
18/07/2025,23:54:15,45.80954,-61.25733,7887.0,0.0,SKT-4031,1.0,0.0,GPIX
18/07/2025,23:54:23,45.81643,-61.24254,7899.0,0.0,SKT-4031,1.0,0.0,GPIX
18/07/2025,23:54:30,45.82247,-61.22959,7909.0,0.0,SKT-4031,1.0,0.0,GPIX
18/07/2025,23:54:37,45.82851,-61.21662,7922.0,0.0,SKT-4031,1.0,0.0,GPIX
17/07/2025,08:57:32,,,,,SKT-4031,1.0,0.0,GPIX
17/07/2025,08:57:42,,,,,SKT-4031,1.0,0.0,GPIX
17/07/2025,08:57:52,,,,,SKT-4031,1.0,0.0,GPIX
17/07/2025,08:58:02,,,,,SKT-4031,1.0,0.0,GPIX
17/07/2025,08:58:12,,,,,SKT-4031,1.0,0.0,GPIX
18/07/2025,23:55:34,45.87842,-61.10982,7947.0,0.0,SKT-4031,1.0,0.0,GPIX
18/07/2025,23:55:41,45.88467,-61.09641,7948.0,0.0,SKT-4031,1.0,0.0,GPIX
18/07/2025,23:55:48,45.89095,-61.08292,7947.0,0.0,SKT-4031,1.0,0.0,GPIX
18/07/2025,23:55:55,45.89725,-61.06936,7947.0,0.0,SKT-4031,1.0,0.0,GPIX
18/07/2025,23:56:02,45.90357,-61.05573,7947.0,0.0,SKT-4031,1.0,0.0,GPIX
18/07/2025,23:56:09,45.9099,-61.04203,7947.0,0.0,SKT-4031,1.0,0.0,GPIX
18/07/2025,23:56:16,45.91626,-61.02827,7947.0,0.0,SKT-4031,1.0,0.0,GPIX
18/07/2025,23:56:23,45.92263,-61.01447,7948.0,0.0,SKT-4031,1.0,0.0,GPIX
18/07/2025,23:56:30,45.92902,-61.00061,7948.0,0.0,SKT-4031,1.0,0.0,GPIX
18/07/2025,23:56:37,45.93544,-60.98672,7948.0,0.0,SKT-4031,1.0,0.0,GPIX
18/07/2025,23:56:44,45.94188,-60.97279,7948.0,0.0,SKT-4031,1.0,0.0,GPIX
18/07/2025,23:56:51,45.94833,-60.95884,7948.0,0.0,SKT-4031,1.0,0.0,GPIX
18/07/2025,23:56:58,45.95481,-60.94485,7948.0,0.0,SKT-4031,1.0,0.0,GPIX
18/07/2025,23:57:05,45.96129,-60.93082,7949.0,0.0,SKT-4031,1.0,0.0,GPIX
18/07/2025,23:57:12,45.96779,-60.91677,7949.0,0.0,SKT-4031,1.0,0.0,GPIX
18/07/2025,23:57:19,45.97431,-60.9027,7951.0,0.0,SKT-4031,1.0,0.0,GPIX
18/07/2025,23:57:26,45.98085,-60.8886,7951.0,0.0,SKT-4031,1.0,0.0,GPIX
18/07/2025,23:57:33,45.98741,-60.87444,7953.0,0.0,SKT-4031,1.0,0.0,GPIX
18/07/2025,23:57:40,45.99399,-60.86023,7953.0,0.0,SKT-4031,1.0,0.0,GPIX
18/07/2025,23:57:48,46.00152,-60.84393,7953.0,0.0,SKT-4031,1.0,0.0,GPIX
18/07/2025,23:57:55,46.00813,-60.82958,7952.0,0.0,SKT-4031,1.0,0.0,GPIX
18/07/2025,23:58:02,46.01475,-60.81518,7951.0,0.0,SKT-4031,1.0,0.0,GPIX
18/07/2025,23:58:10,46.02234,-60.79863,7949.0,0.0,SKT-4031,1.0,0.0,GPIX
18/07/2025,23:58:18,46.03089,-60.77992,7948.0,0.0,SKT-4031,1.0,0.0,GPIX
18/07/2025,23:58:25,46.03757,-60.76533,7946.0,0.0,SKT-4031,1.0,0.0,GPIX
18/07/2025,23:58:32,46.04426,-60.75071,7945.0,0.0,SKT-4031,1.0,0.0,GPIX
18/07/2025,23:58:39,46.05096,-60.73607,7944.0,0.0,SKT-4031,1.0,0.0,GPIX
18/07/2025,23:58:47,46.05862,-60.71933,7943.0,0.0,SKT-4031,1.0,0.0,GPIX
18/07/2025,23:58:54,46.06532,-60.70468,7943.0,0.0,SKT-4031,1.0,0.0,GPIX
18/07/2025,23:59:01,46.07201,-60.69005,7943.0,0.0,SKT-4031,1.0,0.0,GPIX
18/07/2025,23:59:08,46.07869,-60.67544,7944.0,0.0,SKT-4031,1.0,0.0,GPIX
18/07/2025,23:59:15,46.08536,-60.66084,7945.0,0.0,SKT-4031,1.0,0.0,GPIX
18/07/2025,23:59:22,46.09203,-60.64625,7944.0,0.0,SKT-4031,1.0,0.0,GPIX
18/07/2025,23:59:29,46.09869,-60.63166,7945.0,0.0,SKT-4031,1.0,0.0,GPIX
18/07/2025,23:59:36,46.10533,-60.61707,7947.0,0.0,SKT-4031,1.0,0.0,GPIX
18/07/2025,23:59:43,46.11197,-60.60246,7947.0,0.0,SKT-4031,1.0,0.0,GPIX
18/07/2025,23:59:50,46.11862,-60.58785,7947.0,0.0,SKT-4031,1.0,0.0,GPIX
18/07/2025,23:59:57,46.12528,-60.57321,7947.0,0.0,SKT-4031,1.0,0.0,GPIX
19/07/2025,00:00:04,46.13194,-60.55854,7946.0,0.0,SKT-4031,1.0,0.0,GPIX
19/07/2025,00:00:11,46.13861,-60.54382,7947.0,0.0,SKT-4031,1.0,0.0,GPIX
19/07/2025,00:00:18,46.14528,-60.52904,7947.0,0.0,SKT-4031,1.0,0.0,GPIX
19/07/2025,00:00:25,46.15197,-60.51423,7946.0,0.0,SKT-4031,1.0,0.0,GPIX
19/07/2025,00:00:32,46.1587,-60.49936,7945.0,0.0,SKT-4031,1.0,0.0,GPIX
19/07/2025,00:00:39,46.16544,-60.48445,7944.0,0.0,SKT-4031,1.0,0.0,GPIX
19/07/2025,00:00:46,46.17221,-60.4695,7943.0,0.0,SKT-4031,1.0,0.0,GPIX
19/07/2025,00:00:54,46.17997,-60.45237,7942.0,0.0,SKT-4031,1.0,0.0,GPIX
19/07/2025,00:01:01,46.18677,-60.43736,7941.0,0.0,SKT-4031,1.0,0.0,GPIX
19/07/2025,00:01:08,46.19358,-60.42233,7941.0,0.0,SKT-4031,1.0,0.0,GPIX
19/07/2025,00:01:15,46.2004,-60.40729,7941.0,0.0,SKT-4031,1.0,0.0,GPIX
19/07/2025,00:01:22,46.20721,-60.39225,7941.0,0.0,SKT-4031,1.0,0.0,GPIX
19/07/2025,00:01:29,46.21401,-60.37721,7941.0,0.0,SKT-4031,1.0,0.0,GPIX
19/07/2025,00:01:36,46.22081,-60.36219,7942.0,0.0,SKT-4031,1.0,0.0,GPIX
19/07/2025,00:01:43,46.22761,-60.34719,7943.0,0.0,SKT-4031,1.0,0.0,GPIX
19/07/2025,00:01:50,46.23439,-60.33219,7944.0,0.0,SKT-4031,1.0,0.0,GPIX
19/07/2025,00:01:57,46.24118,-60.31719,7944.0,0.0,SKT-4031,1.0,0.0,GPIX
19/07/2025,00:02:04,46.24796,-60.30219,7944.0,0.0,SKT-4031,1.0,0.0,GPIX
19/07/2025,00:02:11,46.25468,-60.28713,7945.0,0.0,SKT-4031,1.0,0.0,GPIX
19/07/2025,00:02:18,46.26134,-60.27199,7946.0,0.0,SKT-4031,1.0,0.0,GPIX
19/07/2025,00:02:25,46.26801,-60.25685,7946.0,0.0,SKT-4031,1.0,0.0,GPIX
19/07/2025,00:02:32,46.27473,-60.24173,7945.0,0.0,SKT-4031,1.0,0.0,GPIX
19/07/2025,00:02:39,46.28148,-60.22662,7945.0,0.0,SKT-4031,1.0,0.0,GPIX
19/07/2025,00:02:46,46.28827,-60.21153,7944.0,0.0,SKT-4031,1.0,0.0,GPIX
19/07/2025,00:02:53,46.29507,-60.19646,7944.0,0.0,SKT-4031,1.0,0.0,GPIX
19/07/2025,00:03:00,46.30189,-60.18142,7943.0,0.0,SKT-4031,1.0,0.0,GPIX
19/07/2025,00:03:07,46.30872,-60.16639,7942.0,0.0,SKT-4031,1.0,0.0,GPIX
19/07/2025,00:03:14,46.31556,-60.15137,7942.0,0.0,SKT-4031,1.0,0.0,GPIX
19/07/2025,00:03:21,46.32238,-60.13636,7941.0,0.0,SKT-4031,1.0,0.0,GPIX
19/07/2025,00:03:28,46.3292,-60.12135,7941.0,0.0,SKT-4031,1.0,0.0,GPIX
19/07/2025,00:03:36,46.33697,-60.10419,7940.0,0.0,SKT-4031,1.0,0.0,GPIX
19/07/2025,00:03:43,46.34375,-60.08917,7940.0,0.0,SKT-4031,1.0,0.0,GPIX
19/07/2025,00:03:50,46.35051,-60.07413,7941.0,0.0,SKT-4031,1.0,0.0,GPIX
19/07/2025,00:03:57,46.35725,-60.05909,7943.0,0.0,SKT-4031,1.0,0.0,GPIX
19/07/2025,00:04:04,46.36399,-60.04404,7943.0,0.0,SKT-4031,1.0,0.0,GPIX
19/07/2025,00:04:11,46.37074,-60.02899,7944.0,0.0,SKT-4031,1.0,0.0,GPIX
19/07/2025,00:04:18,46.37748,-60.01392,7944.0,0.0,SKT-4031,1.0,0.0,GPIX
19/07/2025,00:04:25,46.38424,-59.99883,7944.0,0.0,SKT-4031,1.0,0.0,GPIX
19/07/2025,00:04:32,46.391,-59.98373,7943.0,0.0,SKT-4031,1.0,0.0,GPIX
17/07/2025,09:07:26,,,,,SKT-4031,1.0,0.0,GPIX
17/07/2025,09:07:36,,,,,SKT-4031,1.0,0.0,GPIX
17/07/2025,09:07:46,,,,,SKT-4031,1.0,0.0,GPIX
17/07/2025,09:07:56,,,,,SKT-4031,1.0,0.0,GPIX
17/07/2025,09:08:07,,,,,SKT-4031,1.0,0.0,GPIX
19/07/2025,00:05:28,46.4453,-59.86196,7941.0,0.0,SKT-4031,1.0,0.0,GPIX
19/07/2025,00:05:35,46.45212,-59.84661,7941.0,0.0,SKT-4031,1.0,0.0,GPIX
19/07/2025,00:05:42,46.45893,-59.83124,7940.0,0.0,SKT-4031,1.0,0.0,GPIX
19/07/2025,00:05:49,46.46573,-59.81585,7940.0,0.0,SKT-4031,1.0,0.0,GPIX
19/07/2025,00:05:56,46.47252,-59.80047,7940.0,0.0,SKT-4031,1.0,0.0,GPIX
19/07/2025,00:06:03,46.47931,-59.7851,7940.0,0.0,SKT-4031,1.0,0.0,GPIX
19/07/2025,00:06:10,46.48607,-59.76974,7940.0,0.0,SKT-4031,1.0,0.0,GPIX
19/07/2025,00:06:18,46.4938,-59.75219,7941.0,0.0,SKT-4031,1.0,0.0,GPIX
19/07/2025,00:06:25,46.50055,-59.73683,7941.0,0.0,SKT-4031,1.0,0.0,GPIX
19/07/2025,00:06:32,46.50731,-59.72149,7941.0,0.0,SKT-4031,1.0,0.0,GPIX
19/07/2025,00:06:39,46.51406,-59.70613,7941.0,0.0,SKT-4031,1.0,0.0,GPIX
19/07/2025,00:06:46,46.52082,-59.69078,7941.0,0.0,SKT-4031,1.0,0.0,GPIX
19/07/2025,00:06:53,46.52759,-59.67543,7941.0,0.0,SKT-4031,1.0,0.0,GPIX
19/07/2025,00:07:00,46.53436,-59.66008,7941.0,0.0,SKT-4031,1.0,0.0,GPIX
19/07/2025,00:07:07,46.54113,-59.64472,7941.0,0.0,SKT-4031,1.0,0.0,GPIX
19/07/2025,00:07:14,46.5479,-59.62936,7940.0,0.0,SKT-4031,1.0,0.0,GPIX
19/07/2025,00:07:21,46.55468,-59.614,7940.0,0.0,SKT-4031,1.0,0.0,GPIX
19/07/2025,00:07:28,46.56146,-59.59864,7940.0,0.0,SKT-4031,1.0,0.0,GPIX
19/07/2025,00:07:35,46.56823,-59.58327,7940.0,0.0,SKT-4031,1.0,0.0,GPIX
19/07/2025,00:07:42,46.57499,-59.56789,7940.0,0.0,SKT-4031,1.0,0.0,GPIX
19/07/2025,00:07:49,46.58174,-59.55252,7940.0,0.0,SKT-4031,1.0,0.0,GPIX
19/07/2025,00:07:56,46.58847,-59.53718,7940.0,0.0,SKT-4031,1.0,0.0,GPIX
19/07/2025,00:08:03,46.5952,-59.52187,7940.0,0.0,SKT-4031,1.0,0.0,GPIX
19/07/2025,00:08:10,46.60192,-59.50659,7940.0,0.0,SKT-4031,1.0,0.0,GPIX
19/07/2025,00:08:17,46.60865,-59.49131,7941.0,0.0,SKT-4031,1.0,0.0,GPIX
19/07/2025,00:08:24,46.61539,-59.47601,7941.0,0.0,SKT-4031,1.0,0.0,GPIX
19/07/2025,00:08:31,46.62211,-59.46067,7941.0,0.0,SKT-4031,1.0,0.0,GPIX
19/07/2025,00:08:38,46.62884,-59.44529,7941.0,0.0,SKT-4031,1.0,0.0,GPIX
19/07/2025,00:08:45,46.63557,-59.42987,7941.0,0.0,SKT-4031,1.0,0.0,GPIX
19/07/2025,00:08:52,46.64233,-59.41442,7941.0,0.0,SKT-4031,1.0,0.0,GPIX
19/07/2025,00:08:59,46.64909,-59.39893,7939.0,0.0,SKT-4031,1.0,0.0,GPIX
19/07/2025,00:09:07,46.65684,-59.38121,7938.0,0.0,SKT-4031,1.0,0.0,GPIX
19/07/2025,00:09:14,46.66362,-59.36567,7937.0,0.0,SKT-4031,1.0,0.0,GPIX
19/07/2025,00:09:21,46.6704,-59.35012,7937.0,0.0,SKT-4031,1.0,0.0,GPIX
19/07/2025,00:09:28,46.67718,-59.33455,7937.0,0.0,SKT-4031,1.0,0.0,GPIX
17/07/2025,09:12:23,,,,,SKT-4031,1.0,0.0,GPIX
17/07/2025,09:12:33,,,,,SKT-4031,1.0,0.0,GPIX
17/07/2025,09:12:43,,,,,SKT-4031,1.0,0.0,GPIX
17/07/2025,09:12:53,,,,,SKT-4031,1.0,0.0,GPIX
17/07/2025,09:13:03,,,,,SKT-4031,1.0,0.0,GPIX
17/07/2025,09:13:11,,,,,SKT-4031,1.0,0.0,GPIX
17/07/2025,09:13:21,,,,,SKT-4031,1.0,0.0,GPIX
17/07/2025,09:13:30,,,,,SKT-4031,1.0,0.0,GPIX
17/07/2025,09:13:39,,,,,SKT-4031,1.0,0.0,GPIX
17/07/2025,09:13:48,,,,,SKT-4031,1.0,0.0,GPIX
17/07/2025,09:13:58,,,,,SKT-4031,1.0,0.0,GPIX
17/07/2025,09:14:07,,,,,SKT-4031,1.0,0.0,GPIX
19/07/2025,00:11:28,46.79289,-59.06767,7941.0,0.0,SKT-4031,1.0,0.0,GPIX
19/07/2025,00:11:35,46.79961,-59.05212,7941.0,0.0,SKT-4031,1.0,0.0,GPIX
19/07/2025,00:11:43,46.80729,-59.03434,7940.0,0.0,SKT-4031,1.0,0.0,GPIX
19/07/2025,00:11:50,46.814,-59.01876,7940.0,0.0,SKT-4031,1.0,0.0,GPIX
19/07/2025,00:11:57,46.82072,-59.00317,7939.0,0.0,SKT-4031,1.0,0.0,GPIX
19/07/2025,00:12:04,46.82743,-58.98755,7938.0,0.0,SKT-4031,1.0,0.0,GPIX
19/07/2025,00:12:11,46.83415,-58.97192,7937.0,0.0,SKT-4031,1.0,0.0,GPIX
19/07/2025,00:12:18,46.84085,-58.95628,7937.0,0.0,SKT-4031,1.0,0.0,GPIX
19/07/2025,00:12:25,46.84756,-58.94063,7937.0,0.0,SKT-4031,1.0,0.0,GPIX
19/07/2025,00:12:32,46.85426,-58.92501,7938.0,0.0,SKT-4031,1.0,0.0,GPIX
19/07/2025,00:12:39,46.86095,-58.90941,7938.0,0.0,SKT-4031,1.0,0.0,GPIX
19/07/2025,00:12:46,46.86765,-58.89383,7940.0,0.0,SKT-4031,1.0,0.0,GPIX
19/07/2025,00:12:53,46.87434,-58.87825,7941.0,0.0,SKT-4031,1.0,0.0,GPIX
19/07/2025,00:13:00,46.88103,-58.86265,7940.0,0.0,SKT-4031,1.0,0.0,GPIX
19/07/2025,00:13:07,46.88773,-58.84702,7940.0,0.0,SKT-4031,1.0,0.0,GPIX
19/07/2025,00:13:14,46.89442,-58.83137,7940.0,0.0,SKT-4031,1.0,0.0,GPIX
19/07/2025,00:13:21,46.90113,-58.81571,7940.0,0.0,SKT-4031,1.0,0.0,GPIX
19/07/2025,00:13:28,46.90783,-58.80003,7938.0,0.0,SKT-4031,1.0,0.0,GPIX
19/07/2025,00:13:35,46.91453,-58.78434,7937.0,0.0,SKT-4031,1.0,0.0,GPIX
19/07/2025,00:13:42,46.92124,-58.76867,7937.0,0.0,SKT-4031,1.0,0.0,GPIX
19/07/2025,00:13:49,46.92794,-58.75299,7937.0,0.0,SKT-4031,1.0,0.0,GPIX
19/07/2025,00:13:56,46.93464,-58.73731,7939.0,0.0,SKT-4031,1.0,0.0,GPIX
19/07/2025,00:14:03,46.94131,-58.72164,7940.0,0.0,SKT-4031,1.0,0.0,GPIX
19/07/2025,00:14:10,46.94798,-58.70596,7939.0,0.0,SKT-4031,1.0,0.0,GPIX
19/07/2025,00:14:17,46.95465,-58.69028,7939.0,0.0,SKT-4031,1.0,0.0,GPIX
19/07/2025,00:14:25,46.96227,-58.67234,7939.0,0.0,SKT-4031,1.0,0.0,GPIX
19/07/2025,00:14:32,46.96894,-58.65662,7938.0,0.0,SKT-4031,1.0,0.0,GPIX
19/07/2025,00:14:39,46.97563,-58.64088,7939.0,0.0,SKT-4031,1.0,0.0,GPIX
19/07/2025,00:14:46,46.98232,-58.62512,7939.0,0.0,SKT-4031,1.0,0.0,GPIX
19/07/2025,00:14:53,46.98898,-58.60934,7939.0,0.0,SKT-4031,1.0,0.0,GPIX
19/07/2025,00:15:00,46.99514,-58.59312,7937.0,0.0,SKT-4031,1.0,0.0,GPIX
19/07/2025,00:15:07,47.00002,-58.57606,7942.0,0.0,SKT-4031,1.0,0.0,GPIX
19/07/2025,00:15:14,47.00377,-58.55847,7944.0,0.0,SKT-4031,1.0,0.0,GPIX
19/07/2025,00:15:21,47.00674,-58.54062,7944.0,0.0,SKT-4031,1.0,0.0,GPIX
19/07/2025,00:15:28,47.00923,-58.52266,7944.0,0.0,SKT-4031,1.0,0.0,GPIX
19/07/2025,00:15:35,47.01143,-58.50465,7944.0,0.0,SKT-4031,1.0,0.0,GPIX
19/07/2025,00:15:42,47.01346,-58.48661,7944.0,0.0,SKT-4031,1.0,0.0,GPIX
19/07/2025,00:15:49,47.01539,-58.46854,7943.0,0.0,SKT-4031,1.0,0.0,GPIX
19/07/2025,00:15:56,47.01724,-58.45044,7943.0,0.0,SKT-4031,1.0,0.0,GPIX
19/07/2025,00:16:03,47.01904,-58.4323,7943.0,0.0,SKT-4031,1.0,0.0,GPIX
19/07/2025,00:16:10,47.0208,-58.41415,7942.0,0.0,SKT-4031,1.0,0.0,GPIX
19/07/2025,00:16:17,47.02258,-58.39598,7941.0,0.0,SKT-4031,1.0,0.0,GPIX
19/07/2025,00:16:24,47.02442,-58.37782,7940.0,0.0,SKT-4031,1.0,0.0,GPIX
19/07/2025,00:16:31,47.02628,-58.35966,7940.0,0.0,SKT-4031,1.0,0.0,GPIX
19/07/2025,00:16:38,47.02816,-58.34151,7940.0,0.0,SKT-4031,1.0,0.0,GPIX
19/07/2025,00:16:45,47.03008,-58.32336,7940.0,0.0,SKT-4031,1.0,0.0,GPIX
19/07/2025,00:16:52,47.03204,-58.30521,7942.0,0.0,SKT-4031,1.0,0.0,GPIX
19/07/2025,00:16:59,47.03403,-58.28704,7942.0,0.0,SKT-4031,1.0,0.0,GPIX
19/07/2025,00:17:06,47.03606,-58.26885,7942.0,0.0,SKT-4031,1.0,0.0,GPIX
19/07/2025,00:17:14,47.03842,-58.24807,7942.0,0.0,SKT-4031,1.0,0.0,GPIX
19/07/2025,00:17:21,47.04052,-58.2299,7943.0,0.0,SKT-4031,1.0,0.0,GPIX
19/07/2025,00:17:28,47.04265,-58.21173,7943.0,0.0,SKT-4031,1.0,0.0,GPIX
19/07/2025,00:17:35,47.04479,-58.19355,7943.0,0.0,SKT-4031,1.0,0.0,GPIX
19/07/2025,00:17:42,47.04694,-58.17536,7943.0,0.0,SKT-4031,1.0,0.0,GPIX
19/07/2025,00:17:49,47.0491,-58.15715,7942.0,0.0,SKT-4031,1.0,0.0,GPIX
19/07/2025,00:17:56,47.05127,-58.13892,7941.0,0.0,SKT-4031,1.0,0.0,GPIX
19/07/2025,00:18:03,47.05345,-58.12068,7941.0,0.0,SKT-4031,1.0,0.0,GPIX
19/07/2025,00:18:10,47.05563,-58.10244,7942.0,0.0,SKT-4031,1.0,0.0,GPIX
19/07/2025,00:18:17,47.0578,-58.08418,7942.0,0.0,SKT-4031,1.0,0.0,GPIX
19/07/2025,00:18:24,47.05996,-58.06592,7943.0,0.0,SKT-4031,1.0,0.0,GPIX
19/07/2025,00:18:31,47.0621,-58.04765,7945.0,0.0,SKT-4031,1.0,0.0,GPIX
19/07/2025,00:18:38,47.06425,-58.02937,7945.0,0.0,SKT-4031,1.0,0.0,GPIX
19/07/2025,00:18:45,47.06637,-58.01108,7945.0,0.0,SKT-4031,1.0,0.0,GPIX
19/07/2025,00:18:52,47.06848,-57.99279,7945.0,0.0,SKT-4031,1.0,0.0,GPIX
19/07/2025,00:18:59,47.07058,-57.97451,7946.0,0.0,SKT-4031,1.0,0.0,GPIX
19/07/2025,00:19:06,47.07267,-57.95624,7949.0,0.0,SKT-4031,1.0,0.0,GPIX
19/07/2025,00:19:13,47.07475,-57.93795,7949.0,0.0,SKT-4031,1.0,0.0,GPIX
19/07/2025,00:19:20,47.07681,-57.91966,7950.0,0.0,SKT-4031,1.0,0.0,GPIX
19/07/2025,00:19:27,47.07888,-57.90136,7950.0,0.0,SKT-4031,1.0,0.0,GPIX
19/07/2025,00:19:34,47.08095,-57.88305,7949.0,0.0,SKT-4031,1.0,0.0,GPIX
19/07/2025,00:19:42,47.0833,-57.86213,7948.0,0.0,SKT-4031,1.0,0.0,GPIX
19/07/2025,00:19:49,47.08535,-57.84383,7948.0,0.0,SKT-4031,1.0,0.0,GPIX
19/07/2025,00:19:56,47.08739,-57.82552,7947.0,0.0,SKT-4031,1.0,0.0,GPIX
19/07/2025,00:20:03,47.08943,-57.80723,7947.0,0.0,SKT-4031,1.0,0.0,GPIX
19/07/2025,00:20:10,47.09147,-57.78893,7947.0,0.0,SKT-4031,1.0,0.0,GPIX
19/07/2025,00:20:17,47.09349,-57.77062,7947.0,0.0,SKT-4031,1.0,0.0,GPIX
19/07/2025,00:20:24,47.0955,-57.7523,7947.0,0.0,SKT-4031,1.0,0.0,GPIX
19/07/2025,00:20:31,47.09752,-57.73399,7948.0,0.0,SKT-4031,1.0,0.0,GPIX
19/07/2025,00:20:38,47.09953,-57.71567,7948.0,0.0,SKT-4031,1.0,0.0,GPIX
19/07/2025,00:20:45,47.10152,-57.69735,7949.0,0.0,SKT-4031,1.0,0.0,GPIX
19/07/2025,00:20:52,47.10352,-57.67904,7949.0,0.0,SKT-4031,1.0,0.0,GPIX
19/07/2025,00:20:59,47.10552,-57.66073,7949.0,0.0,SKT-4031,1.0,0.0,GPIX
19/07/2025,00:21:06,47.10752,-57.64242,7949.0,0.0,SKT-4031,1.0,0.0,GPIX
19/07/2025,00:21:13,47.10952,-57.6241,7950.0,0.0,SKT-4031,1.0,0.0,GPIX
19/07/2025,00:21:20,47.11152,-57.60577,7950.0,0.0,SKT-4031,1.0,0.0,GPIX
19/07/2025,00:21:27,47.11349,-57.58745,7951.0,0.0,SKT-4031,1.0,0.0,GPIX
19/07/2025,00:21:34,47.11545,-57.56913,7951.0,0.0,SKT-4031,1.0,0.0,GPIX
19/07/2025,00:21:41,47.1174,-57.5508,7953.0,0.0,SKT-4031,1.0,0.0,GPIX
19/07/2025,00:21:48,47.11937,-57.53247,7952.0,0.0,SKT-4031,1.0,0.0,GPIX
19/07/2025,00:21:55,47.12135,-57.51413,7952.0,0.0,SKT-4031,1.0,0.0,GPIX
19/07/2025,00:22:02,47.12331,-57.49578,7952.0,0.0,SKT-4031,1.0,0.0,GPIX
19/07/2025,00:22:09,47.12527,-57.47744,7952.0,0.0,SKT-4031,1.0,0.0,GPIX
19/07/2025,00:22:16,47.12725,-57.4591,7952.0,0.0,SKT-4031,1.0,0.0,GPIX
19/07/2025,00:22:24,47.12952,-57.43812,7953.0,0.0,SKT-4031,1.0,0.0,GPIX
19/07/2025,00:22:31,47.13151,-57.41975,7953.0,0.0,SKT-4031,1.0,0.0,GPIX
19/07/2025,00:22:38,47.13349,-57.40138,7953.0,0.0,SKT-4031,1.0,0.0,GPIX
19/07/2025,00:22:45,47.13547,-57.38302,7953.0,0.0,SKT-4031,1.0,0.0,GPIX
19/07/2025,00:22:52,47.13746,-57.36465,7953.0,0.0,SKT-4031,1.0,0.0,GPIX
19/07/2025,00:22:59,47.13946,-57.34628,7954.0,0.0,SKT-4031,1.0,0.0,GPIX
19/07/2025,00:23:06,47.14145,-57.32792,7954.0,0.0,SKT-4031,1.0,0.0,GPIX
19/07/2025,00:23:13,47.14343,-57.30956,7955.0,0.0,SKT-4031,1.0,0.0,GPIX
19/07/2025,00:23:20,47.1454,-57.2912,7956.0,0.0,SKT-4031,1.0,0.0,GPIX
19/07/2025,00:23:27,47.14737,-57.27285,7957.0,0.0,SKT-4031,1.0,0.0,GPIX
19/07/2025,00:23:34,47.14934,-57.2545,7958.0,0.0,SKT-4031,1.0,0.0,GPIX
19/07/2025,00:23:41,47.1513,-57.23615,7958.0,0.0,SKT-4031,1.0,0.0,GPIX
19/07/2025,00:23:48,47.15326,-57.21779,7957.0,0.0,SKT-4031,1.0,0.0,GPIX
19/07/2025,00:23:55,47.15521,-57.19942,7956.0,0.0,SKT-4031,1.0,0.0,GPIX
19/07/2025,00:24:02,47.15717,-57.18106,7956.0,0.0,SKT-4031,1.0,0.0,GPIX
19/07/2025,00:24:09,47.15913,-57.1627,7956.0,0.0,SKT-4031,1.0,0.0,GPIX
19/07/2025,00:24:16,47.16108,-57.14434,7955.0,0.0,SKT-4031,1.0,0.0,GPIX
19/07/2025,00:24:23,47.16302,-57.12597,7955.0,0.0,SKT-4031,1.0,0.0,GPIX
19/07/2025,00:24:30,47.16496,-57.10761,7955.0,0.0,SKT-4031,1.0,0.0,GPIX
19/07/2025,00:24:37,47.1669,-57.08926,7956.0,0.0,SKT-4031,1.0,0.0,GPIX
19/07/2025,00:24:45,47.1691,-57.06828,7956.0,0.0,SKT-4031,1.0,0.0,GPIX
19/07/2025,00:24:52,47.17101,-57.04993,7957.0,0.0,SKT-4031,1.0,0.0,GPIX
19/07/2025,00:25:00,47.17318,-57.02896,7956.0,0.0,SKT-4031,1.0,0.0,GPIX
19/07/2025,00:25:07,47.17505,-57.01061,7958.0,0.0,SKT-4031,1.0,0.0,GPIX
19/07/2025,00:25:14,47.17694,-56.99226,7959.0,0.0,SKT-4031,1.0,0.0,GPIX
19/07/2025,00:25:21,47.17884,-56.97392,7959.0,0.0,SKT-4031,1.0,0.0,GPIX
19/07/2025,00:25:28,47.18075,-56.95557,7959.0,0.0,SKT-4031,1.0,0.0,GPIX
19/07/2025,00:25:35,47.18266,-56.93721,7960.0,0.0,SKT-4031,1.0,0.0,GPIX
19/07/2025,00:25:42,47.18456,-56.91885,7960.0,0.0,SKT-4031,1.0,0.0,GPIX
19/07/2025,00:25:49,47.18644,-56.90046,7960.0,0.0,SKT-4031,1.0,0.0,GPIX
19/07/2025,00:25:56,47.18832,-56.88207,7959.0,0.0,SKT-4031,1.0,0.0,GPIX
19/07/2025,00:26:03,47.19018,-56.86366,7959.0,0.0,SKT-4031,1.0,0.0,GPIX
19/07/2025,00:26:12,47.19258,-56.83999,7960.0,0.0,SKT-4031,1.0,0.0,GPIX
19/07/2025,00:26:19,47.19445,-56.82159,7961.0,0.0,SKT-4031,1.0,0.0,GPIX
19/07/2025,00:26:27,47.19659,-56.80054,7961.0,0.0,SKT-4031,1.0,0.0,GPIX
19/07/2025,00:26:34,47.19846,-56.78212,7961.0,0.0,SKT-4031,1.0,0.0,GPIX
19/07/2025,00:26:41,47.20033,-56.7637,7962.0,0.0,SKT-4031,1.0,0.0,GPIX
19/07/2025,00:26:48,47.2022,-56.74528,7963.0,0.0,SKT-4031,1.0,0.0,GPIX
19/07/2025,00:26:55,47.20407,-56.72685,7964.0,0.0,SKT-4031,1.0,0.0,GPIX
19/07/2025,00:27:02,47.20595,-56.70842,7965.0,0.0,SKT-4031,1.0,0.0,GPIX
19/07/2025,00:27:09,47.20782,-56.68999,7964.0,0.0,SKT-4031,1.0,0.0,GPIX
19/07/2025,00:27:16,47.20967,-56.67155,7963.0,0.0,SKT-4031,1.0,0.0,GPIX
19/07/2025,00:27:23,47.21149,-56.6531,7963.0,0.0,SKT-4031,1.0,0.0,GPIX
19/07/2025,00:27:30,47.21331,-56.63465,7962.0,0.0,SKT-4031,1.0,0.0,GPIX
19/07/2025,00:27:37,47.21514,-56.61622,7965.0,0.0,SKT-4031,1.0,0.0,GPIX
19/07/2025,00:27:44,47.21697,-56.5978,7967.0,0.0,SKT-4031,1.0,0.0,GPIX
19/07/2025,00:27:51,47.21881,-56.57939,7966.0,0.0,SKT-4031,1.0,0.0,GPIX
19/07/2025,00:27:58,47.22066,-56.56098,7967.0,0.0,SKT-4031,1.0,0.0,GPIX
19/07/2025,00:28:05,47.22251,-56.54257,7968.0,0.0,SKT-4031,1.0,0.0,GPIX
19/07/2025,00:28:12,47.22437,-56.52417,7967.0,0.0,SKT-4031,1.0,0.0,GPIX
19/07/2025,00:28:19,47.2262,-56.50575,7967.0,0.0,SKT-4031,1.0,0.0,GPIX
19/07/2025,00:28:27,47.2283,-56.4847,7966.0,0.0,SKT-4031,1.0,0.0,GPIX
19/07/2025,00:28:34,47.23014,-56.46627,7965.0,0.0,SKT-4031,1.0,0.0,GPIX
19/07/2025,00:28:41,47.23196,-56.44783,7965.0,0.0,SKT-4031,1.0,0.0,GPIX
19/07/2025,00:28:48,47.23378,-56.42941,7966.0,0.0,SKT-4031,1.0,0.0,GPIX
19/07/2025,00:28:55,47.23561,-56.41099,7967.0,0.0,SKT-4031,1.0,0.0,GPIX
19/07/2025,00:29:02,47.23743,-56.39257,7967.0,0.0,SKT-4031,1.0,0.0,GPIX
19/07/2025,00:29:09,47.23924,-56.37416,7967.0,0.0,SKT-4031,1.0,0.0,GPIX
19/07/2025,00:29:16,47.24106,-56.35575,7969.0,0.0,SKT-4031,1.0,0.0,GPIX
19/07/2025,00:29:23,47.24287,-56.33735,7971.0,0.0,SKT-4031,1.0,0.0,GPIX
19/07/2025,00:29:30,47.24471,-56.31894,7969.0,0.0,SKT-4031,1.0,0.0,GPIX
19/07/2025,00:29:37,47.24653,-56.30053,7970.0,0.0,SKT-4031,1.0,0.0,GPIX
19/07/2025,00:29:44,47.24836,-56.2821,7969.0,0.0,SKT-4031,1.0,0.0,GPIX
19/07/2025,00:29:51,47.25019,-56.26367,7970.0,0.0,SKT-4031,1.0,0.0,GPIX
19/07/2025,00:29:58,47.25202,-56.24525,7970.0,0.0,SKT-4031,1.0,0.0,GPIX
19/07/2025,00:30:05,47.25384,-56.22683,7971.0,0.0,SKT-4031,1.0,0.0,GPIX
19/07/2025,00:30:12,47.25565,-56.20841,7971.0,0.0,SKT-4031,1.0,0.0,GPIX
19/07/2025,00:30:19,47.25745,-56.18999,7972.0,0.0,SKT-4031,1.0,0.0,GPIX
19/07/2025,00:30:26,47.25925,-56.17156,7973.0,0.0,SKT-4031,1.0,0.0,GPIX
19/07/2025,00:30:33,47.26106,-56.15314,7972.0,0.0,SKT-4031,1.0,0.0,GPIX
19/07/2025,00:30:40,47.26286,-56.1347,7972.0,0.0,SKT-4031,1.0,0.0,GPIX
19/07/2025,00:30:47,47.26466,-56.11626,7971.0,0.0,SKT-4031,1.0,0.0,GPIX
19/07/2025,00:30:54,47.26645,-56.09781,7970.0,0.0,SKT-4031,1.0,0.0,GPIX
19/07/2025,00:31:01,47.26824,-56.07935,7970.0,0.0,SKT-4031,1.0,0.0,GPIX
19/07/2025,00:31:08,47.27,-56.06091,7972.0,0.0,SKT-4031,1.0,0.0,GPIX
19/07/2025,00:31:16,47.27201,-56.03985,7973.0,0.0,SKT-4031,1.0,0.0,GPIX
19/07/2025,00:31:23,47.27376,-56.02143,7972.0,0.0,SKT-4031,1.0,0.0,GPIX
19/07/2025,00:31:30,47.2755,-56.00302,7973.0,0.0,SKT-4031,1.0,0.0,GPIX
19/07/2025,00:31:37,47.27724,-55.98463,7973.0,0.0,SKT-4031,1.0,0.0,GPIX
19/07/2025,00:31:44,47.27898,-55.96624,7973.0,0.0,SKT-4031,1.0,0.0,GPIX
19/07/2025,00:31:51,47.2807,-55.94787,7973.0,0.0,SKT-4031,1.0,0.0,GPIX
19/07/2025,00:31:58,47.28241,-55.92951,7974.0,0.0,SKT-4031,1.0,0.0,GPIX
19/07/2025,00:32:05,47.28411,-55.91117,7974.0,0.0,SKT-4031,1.0,0.0,GPIX
19/07/2025,00:32:12,47.2858,-55.89283,7975.0,0.0,SKT-4031,1.0,0.0,GPIX
19/07/2025,00:32:19,47.28748,-55.8745,7975.0,0.0,SKT-4031,1.0,0.0,GPIX
19/07/2025,00:32:26,47.28914,-55.85617,7976.0,0.0,SKT-4031,1.0,0.0,GPIX
19/07/2025,00:32:33,47.29081,-55.83784,7977.0,0.0,SKT-4031,1.0,0.0,GPIX
19/07/2025,00:32:40,47.29247,-55.8195,7976.0,0.0,SKT-4031,1.0,0.0,GPIX
19/07/2025,00:32:47,47.29414,-55.80116,7977.0,0.0,SKT-4031,1.0,0.0,GPIX
19/07/2025,00:32:54,47.2958,-55.78282,7976.0,0.0,SKT-4031,1.0,0.0,GPIX
19/07/2025,00:33:01,47.29747,-55.76448,7977.0,0.0,SKT-4031,1.0,0.0,GPIX
19/07/2025,00:33:08,47.29913,-55.74614,7977.0,0.0,SKT-4031,1.0,0.0,GPIX
19/07/2025,00:33:15,47.3008,-55.72779,7977.0,0.0,SKT-4031,1.0,0.0,GPIX
19/07/2025,00:33:22,47.30247,-55.70943,7977.0,0.0,SKT-4031,1.0,0.0,GPIX
19/07/2025,00:33:29,47.30416,-55.69109,7977.0,0.0,SKT-4031,1.0,0.0,GPIX
19/07/2025,00:33:36,47.30585,-55.67275,7977.0,0.0,SKT-4031,1.0,0.0,GPIX
19/07/2025,00:33:43,47.30752,-55.65443,7977.0,0.0,SKT-4031,1.0,0.0,GPIX
19/07/2025,00:33:50,47.30919,-55.63614,7978.0,0.0,SKT-4031,1.0,0.0,GPIX
19/07/2025,00:33:57,47.31087,-55.61787,7980.0,0.0,SKT-4031,1.0,0.0,GPIX
19/07/2025,00:34:05,47.31279,-55.59703,7983.0,0.0,SKT-4031,1.0,0.0,GPIX
19/07/2025,00:34:12,47.31446,-55.57882,7981.0,0.0,SKT-4031,1.0,0.0,GPIX
19/07/2025,00:34:19,47.31614,-55.56065,7985.0,0.0,SKT-4031,1.0,0.0,GPIX
19/07/2025,00:34:27,47.31807,-55.5399,7983.0,0.0,SKT-4031,1.0,0.0,GPIX
19/07/2025,00:34:34,47.31976,-55.52174,7984.0,0.0,SKT-4031,1.0,0.0,GPIX
19/07/2025,00:34:42,47.32167,-55.501,7985.0,0.0,SKT-4031,1.0,0.0,GPIX
19/07/2025,00:34:49,47.32333,-55.48282,7986.0,0.0,SKT-4031,1.0,0.0,GPIX
19/07/2025,00:34:56,47.32499,-55.46465,7987.0,0.0,SKT-4031,1.0,0.0,GPIX
19/07/2025,00:35:03,47.32665,-55.44647,7986.0,0.0,SKT-4031,1.0,0.0,GPIX
19/07/2025,00:35:10,47.32829,-55.42832,7987.0,0.0,SKT-4031,1.0,0.0,GPIX
19/07/2025,00:35:17,47.32993,-55.41018,7989.0,0.0,SKT-4031,1.0,0.0,GPIX
19/07/2025,00:35:24,47.33156,-55.39205,7989.0,0.0,SKT-4031,1.0,0.0,GPIX
19/07/2025,00:35:31,47.33318,-55.37392,7989.0,0.0,SKT-4031,1.0,0.0,GPIX
19/07/2025,00:35:38,47.33478,-55.3558,7989.0,0.0,SKT-4031,1.0,0.0,GPIX
19/07/2025,00:35:45,47.33638,-55.33769,7988.0,0.0,SKT-4031,1.0,0.0,GPIX
19/07/2025,00:35:52,47.33797,-55.31958,7985.0,0.0,SKT-4031,1.0,0.0,GPIX
19/07/2025,00:35:59,47.33954,-55.30146,7984.0,0.0,SKT-4031,1.0,0.0,GPIX
19/07/2025,00:36:06,47.34111,-55.28334,7986.0,0.0,SKT-4031,1.0,0.0,GPIX
19/07/2025,00:36:13,47.34267,-55.26524,7987.0,0.0,SKT-4031,1.0,0.0,GPIX
19/07/2025,00:36:20,47.34426,-55.24714,7989.0,0.0,SKT-4031,1.0,0.0,GPIX
19/07/2025,00:36:27,47.34584,-55.22904,7990.0,0.0,SKT-4031,1.0,0.0,GPIX
19/07/2025,00:36:35,47.34765,-55.20835,7991.0,0.0,SKT-4031,1.0,0.0,GPIX
19/07/2025,00:36:42,47.34923,-55.19024,7992.0,0.0,SKT-4031,1.0,0.0,GPIX
19/07/2025,00:36:49,47.3508,-55.17212,7991.0,0.0,SKT-4031,1.0,0.0,GPIX
19/07/2025,00:36:56,47.35238,-55.15401,7992.0,0.0,SKT-4031,1.0,0.0,GPIX
19/07/2025,00:37:03,47.35395,-55.13591,7991.0,0.0,SKT-4031,1.0,0.0,GPIX
19/07/2025,00:37:10,47.35553,-55.11779,7992.0,0.0,SKT-4031,1.0,0.0,GPIX
19/07/2025,00:37:17,47.35712,-55.09967,7992.0,0.0,SKT-4031,1.0,0.0,GPIX
19/07/2025,00:37:24,47.35871,-55.08154,7992.0,0.0,SKT-4031,1.0,0.0,GPIX
19/07/2025,00:37:31,47.36029,-55.06341,7992.0,0.0,SKT-4031,1.0,0.0,GPIX
19/07/2025,00:37:38,47.36184,-55.04528,7993.0,0.0,SKT-4031,1.0,0.0,GPIX
19/07/2025,00:37:45,47.36341,-55.02716,7994.0,0.0,SKT-4031,1.0,0.0,GPIX
19/07/2025,00:37:52,47.36497,-55.00903,7995.0,0.0,SKT-4031,1.0,0.0,GPIX
19/07/2025,00:37:59,47.36654,-54.99089,7995.0,0.0,SKT-4031,1.0,0.0,GPIX
19/07/2025,00:38:06,47.36809,-54.97276,7997.0,0.0,SKT-4031,1.0,0.0,GPIX
19/07/2025,00:38:13,47.36964,-54.95462,7997.0,0.0,SKT-4031,1.0,0.0,GPIX
19/07/2025,00:38:20,47.37121,-54.93649,7998.0,0.0,SKT-4031,1.0,0.0,GPIX
19/07/2025,00:38:27,47.37276,-54.91837,7999.0,0.0,SKT-4031,1.0,0.0,GPIX
19/07/2025,00:38:34,47.37434,-54.90027,7996.0,0.0,SKT-4031,1.0,0.0,GPIX
19/07/2025,00:38:41,47.37591,-54.8822,8000.0,0.0,SKT-4031,1.0,0.0,GPIX
19/07/2025,00:38:48,47.37747,-54.86411,7999.0,0.0,SKT-4031,1.0,0.0,GPIX
19/07/2025,00:38:55,47.37901,-54.846,8000.0,0.0,SKT-4031,1.0,0.0,GPIX
19/07/2025,00:39:02,47.38055,-54.82787,7999.0,0.0,SKT-4031,1.0,0.0,GPIX
19/07/2025,00:39:09,47.38209,-54.80974,7998.0,0.0,SKT-4031,1.0,0.0,GPIX
19/07/2025,00:39:16,47.38361,-54.79161,7999.0,0.0,SKT-4031,1.0,0.0,GPIX
19/07/2025,00:39:24,47.38536,-54.77089,7999.0,0.0,SKT-4031,1.0,0.0,GPIX
19/07/2025,00:39:31,47.38686,-54.75279,7998.0,0.0,SKT-4031,1.0,0.0,GPIX
19/07/2025,00:39:38,47.38836,-54.73471,7999.0,0.0,SKT-4031,1.0,0.0,GPIX
19/07/2025,00:39:45,47.38987,-54.71664,7998.0,0.0,SKT-4031,1.0,0.0,GPIX
19/07/2025,00:39:52,47.39138,-54.69859,8000.0,0.0,SKT-4031,1.0,0.0,GPIX
19/07/2025,00:39:59,47.39289,-54.68054,8000.0,0.0,SKT-4031,1.0,0.0,GPIX
19/07/2025,00:40:06,47.39436,-54.66251,7999.0,0.0,SKT-4031,1.0,0.0,GPIX
19/07/2025,00:40:13,47.39584,-54.64449,8002.0,0.0,SKT-4031,1.0,0.0,GPIX
19/07/2025,00:40:20,47.39732,-54.62651,8004.0,0.0,SKT-4031,1.0,0.0,GPIX
19/07/2025,00:40:27,47.39879,-54.60852,8002.0,0.0,SKT-4031,1.0,0.0,GPIX
19/07/2025,00:40:34,47.40025,-54.59054,8003.0,0.0,SKT-4031,1.0,0.0,GPIX
19/07/2025,00:40:41,47.40172,-54.57257,8004.0,0.0,SKT-4031,1.0,0.0,GPIX
19/07/2025,00:40:48,47.40322,-54.55463,8004.0,0.0,SKT-4031,1.0,0.0,GPIX
19/07/2025,00:40:55,47.40469,-54.53671,8003.0,0.0,SKT-4031,1.0,0.0,GPIX
19/07/2025,00:41:02,47.40614,-54.5188,8003.0,0.0,SKT-4031,1.0,0.0,GPIX
19/07/2025,00:41:09,47.40759,-54.50089,8002.0,0.0,SKT-4031,1.0,0.0,GPIX
19/07/2025,00:41:16,47.40905,-54.48298,8001.0,0.0,SKT-4031,1.0,0.0,GPIX
19/07/2025,00:41:23,47.41052,-54.46508,8003.0,0.0,SKT-4031,1.0,0.0,GPIX
19/07/2025,00:41:30,47.41198,-54.44719,8003.0,0.0,SKT-4031,1.0,0.0,GPIX
19/07/2025,00:41:37,47.41343,-54.42931,8003.0,0.0,SKT-4031,1.0,0.0,GPIX
19/07/2025,00:41:44,47.41486,-54.41145,8004.0,0.0,SKT-4031,1.0,0.0,GPIX
19/07/2025,00:41:51,47.41627,-54.39357,8005.0,0.0,SKT-4031,1.0,0.0,GPIX
19/07/2025,00:41:58,47.41768,-54.37568,8007.0,0.0,SKT-4031,1.0,0.0,GPIX
19/07/2025,00:42:05,47.41909,-54.35778,8006.0,0.0,SKT-4031,1.0,0.0,GPIX
19/07/2025,00:42:13,47.42072,-54.33733,8008.0,0.0,SKT-4031,1.0,0.0,GPIX
19/07/2025,00:42:20,47.42216,-54.31947,8007.0,0.0,SKT-4031,1.0,0.0,GPIX
19/07/2025,00:42:27,47.4235,-54.30169,8006.0,0.0,SKT-4031,1.0,0.0,GPIX
19/07/2025,00:42:34,47.42466,-54.28401,7995.0,0.0,SKT-4031,1.0,0.0,GPIX
19/07/2025,00:42:41,47.42579,-54.26637,7969.0,0.0,SKT-4031,1.0,0.0,GPIX
19/07/2025,00:42:48,47.42697,-54.24867,7918.0,0.0,SKT-4031,1.0,0.0,GPIX
19/07/2025,00:42:55,47.42822,-54.23083,7856.0,0.0,SKT-4031,1.0,0.0,GPIX
19/07/2025,00:43:02,47.42951,-54.21286,7796.0,0.0,SKT-4031,1.0,0.0,GPIX
19/07/2025,00:43:09,47.43092,-54.19474,7734.0,0.0,SKT-4031,1.0,0.0,GPIX
19/07/2025,00:43:16,47.43257,-54.17651,7669.0,0.0,SKT-4031,1.0,0.0,GPIX
19/07/2025,00:43:23,47.43433,-54.15819,7600.0,0.0,SKT-4031,1.0,0.0,GPIX
19/07/2025,00:43:30,47.43602,-54.13976,7530.0,0.0,SKT-4031,1.0,0.0,GPIX
19/07/2025,00:43:37,47.43758,-54.12125,7461.0,0.0,SKT-4031,1.0,0.0,GPIX
19/07/2025,00:43:44,47.43906,-54.10267,7393.0,0.0,SKT-4031,1.0,0.0,GPIX
19/07/2025,00:43:51,47.44049,-54.0841,7326.0,0.0,SKT-4031,1.0,0.0,GPIX
19/07/2025,00:43:58,47.44188,-54.06551,7256.0,0.0,SKT-4031,1.0,0.0,GPIX
19/07/2025,00:44:05,47.44335,-54.04691,7186.0,0.0,SKT-4031,1.0,0.0,GPIX
19/07/2025,00:44:12,47.44498,-54.02829,7115.0,0.0,SKT-4031,1.0,0.0,GPIX
19/07/2025,00:44:19,47.44681,-54.00969,7046.0,0.0,SKT-4031,1.0,0.0,GPIX
19/07/2025,00:44:26,47.44871,-53.99111,6977.0,0.0,SKT-4031,1.0,0.0,GPIX
19/07/2025,00:44:33,47.45053,-53.97253,6910.0,0.0,SKT-4031,1.0,0.0,GPIX
19/07/2025,00:44:40,47.45212,-53.95392,6839.0,0.0,SKT-4031,1.0,0.0,GPIX
19/07/2025,00:44:47,47.45344,-53.93529,6774.0,0.0,SKT-4031,1.0,0.0,GPIX
19/07/2025,00:44:54,47.45465,-53.91667,6708.0,0.0,SKT-4031,1.0,0.0,GPIX
19/07/2025,00:45:02,47.45606,-53.89537,6630.0,0.0,SKT-4031,1.0,0.0,GPIX
19/07/2025,00:45:09,47.45735,-53.87671,6555.0,0.0,SKT-4031,1.0,0.0,GPIX
19/07/2025,00:45:16,47.45866,-53.85799,6487.0,0.0,SKT-4031,1.0,0.0,GPIX
19/07/2025,00:45:23,47.45997,-53.83929,6425.0,0.0,SKT-4031,1.0,0.0,GPIX
19/07/2025,00:45:30,47.46128,-53.82058,6355.0,0.0,SKT-4031,1.0,0.0,GPIX
19/07/2025,00:45:37,47.46259,-53.80185,6285.0,0.0,SKT-4031,1.0,0.0,GPIX
19/07/2025,00:45:44,47.46389,-53.78313,6219.0,0.0,SKT-4031,1.0,0.0,GPIX
19/07/2025,00:45:51,47.4652,-53.7644,6151.0,0.0,SKT-4031,1.0,0.0,GPIX
19/07/2025,00:45:58,47.46653,-53.74567,6083.0,0.0,SKT-4031,1.0,0.0,GPIX
19/07/2025,00:46:05,47.46787,-53.72691,6016.0,0.0,SKT-4031,1.0,0.0,GPIX
19/07/2025,00:46:12,47.46925,-53.70816,5951.0,0.0,SKT-4031,1.0,0.0,GPIX
19/07/2025,00:46:19,47.47065,-53.68944,5894.0,0.0,SKT-4031,1.0,0.0,GPIX
19/07/2025,00:46:26,47.47205,-53.67077,5834.0,0.0,SKT-4031,1.0,0.0,GPIX
19/07/2025,00:46:33,47.47346,-53.65211,5770.0,0.0,SKT-4031,1.0,0.0,GPIX
19/07/2025,00:46:40,47.47488,-53.63346,5706.0,0.0,SKT-4031,1.0,0.0,GPIX
19/07/2025,00:46:47,47.47625,-53.61483,5642.0,0.0,SKT-4031,1.0,0.0,GPIX
19/07/2025,00:46:54,47.4776,-53.59618,5576.0,0.0,SKT-4031,1.0,0.0,GPIX
19/07/2025,00:47:01,47.47895,-53.57752,5511.0,0.0,SKT-4031,1.0,0.0,GPIX
19/07/2025,00:47:08,47.4803,-53.55888,5445.0,0.0,SKT-4031,1.0,0.0,GPIX
19/07/2025,00:47:15,47.48161,-53.54029,5377.0,0.0,SKT-4031,1.0,0.0,GPIX
19/07/2025,00:47:22,47.48291,-53.52175,5309.0,0.0,SKT-4031,1.0,0.0,GPIX
19/07/2025,00:47:29,47.4842,-53.50322,5242.0,0.0,SKT-4031,1.0,0.0,GPIX
19/07/2025,00:47:36,47.4855,-53.48473,5176.0,0.0,SKT-4031,1.0,0.0,GPIX
19/07/2025,00:47:43,47.48683,-53.46627,5109.0,0.0,SKT-4031,1.0,0.0,GPIX
19/07/2025,00:47:51,47.48838,-53.44521,5029.0,0.0,SKT-4031,1.0,0.0,GPIX
19/07/2025,00:47:58,47.48974,-53.4268,4961.0,0.0,SKT-4031,1.0,0.0,GPIX
19/07/2025,00:48:05,47.49109,-53.40846,4898.0,0.0,SKT-4031,1.0,0.0,GPIX
19/07/2025,00:48:12,47.49244,-53.39017,4831.0,0.0,SKT-4031,1.0,0.0,GPIX
19/07/2025,00:48:19,47.49377,-53.37192,4764.0,0.0,SKT-4031,1.0,0.0,GPIX
19/07/2025,00:48:26,47.49509,-53.35371,4697.0,0.0,SKT-4031,1.0,0.0,GPIX
19/07/2025,00:48:33,47.49639,-53.33553,4631.0,0.0,SKT-4031,1.0,0.0,GPIX
19/07/2025,00:48:40,47.49767,-53.31742,4564.0,0.0,SKT-4031,1.0,0.0,GPIX
19/07/2025,00:48:47,47.49889,-53.2994,4500.0,0.0,SKT-4031,1.0,0.0,GPIX
19/07/2025,00:48:54,47.50008,-53.28144,4433.0,0.0,SKT-4031,1.0,0.0,GPIX
19/07/2025,00:49:01,47.50129,-53.26352,4366.0,0.0,SKT-4031,1.0,0.0,GPIX
19/07/2025,00:49:08,47.50252,-53.24566,4305.0,0.0,SKT-4031,1.0,0.0,GPIX
19/07/2025,00:49:15,47.50377,-53.22782,4241.0,0.0,SKT-4031,1.0,0.0,GPIX
19/07/2025,00:49:22,47.50504,-53.21,4174.0,0.0,SKT-4031,1.0,0.0,GPIX
19/07/2025,00:49:29,47.50632,-53.19221,4112.0,0.0,SKT-4031,1.0,0.0,GPIX
19/07/2025,00:49:36,47.50761,-53.17447,4048.0,0.0,SKT-4031,1.0,0.0,GPIX
19/07/2025,00:49:43,47.50885,-53.15683,3981.0,0.0,SKT-4031,1.0,0.0,GPIX
19/07/2025,00:49:50,47.50995,-53.13935,3918.0,0.0,SKT-4031,1.0,0.0,GPIX
19/07/2025,00:49:57,47.51093,-53.12206,3858.0,0.0,SKT-4031,1.0,0.0,GPIX
19/07/2025,00:50:04,47.51192,-53.10494,3793.0,0.0,SKT-4031,1.0,0.0,GPIX
19/07/2025,00:50:11,47.51295,-53.08801,3733.0,0.0,SKT-4031,1.0,0.0,GPIX
19/07/2025,00:50:18,47.51402,-53.07125,3672.0,0.0,SKT-4031,1.0,0.0,GPIX
19/07/2025,00:50:25,47.51513,-53.05466,3609.0,0.0,SKT-4031,1.0,0.0,GPIX
19/07/2025,00:50:32,47.51632,-53.03824,3550.0,0.0,SKT-4031,1.0,0.0,GPIX
19/07/2025,00:50:40,47.51775,-53.01968,3488.0,0.0,SKT-4031,1.0,0.0,GPIX
19/07/2025,00:50:47,47.51898,-53.00355,3429.0,0.0,SKT-4031,1.0,0.0,GPIX
19/07/2025,00:50:54,47.52021,-52.98747,3368.0,0.0,SKT-4031,1.0,0.0,GPIX
19/07/2025,00:51:02,47.5216,-52.9692,3306.0,0.0,SKT-4031,1.0,1.0,GPIX
19/07/2025,00:51:09,47.52278,-52.9533,3249.0,0.0,SKT-4031,1.0,1.0,GPIX
19/07/2025,00:51:17,47.52412,-52.93522,3183.0,0.0,SKT-4031,1.0,0.0,GPIX
19/07/2025,00:51:25,47.52542,-52.91721,3117.0,0.0,SKT-4031,1.0,0.0,GPIX
19/07/2025,00:51:33,47.52664,-52.89928,3053.0,0.0,SKT-4031,1.0,0.0,GPIX
19/07/2025,00:51:41,47.52782,-52.88147,2990.0,0.0,SKT-4031,1.0,0.0,GPIX
19/07/2025,00:51:49,47.52901,-52.86374,2923.0,0.0,SKT-4031,1.0,0.0,GPIX
19/07/2025,00:51:56,47.53004,-52.84827,2865.0,0.0,SKT-4031,1.0,0.0,GPIX
19/07/2025,00:52:03,47.53104,-52.83287,2811.0,0.0,SKT-4031,1.0,0.0,GPIX
19/07/2025,00:52:10,47.53202,-52.81753,2754.0,0.0,SKT-4031,1.0,0.0,GPIX
19/07/2025,00:52:17,47.533,-52.80228,2700.0,0.0,SKT-4031,1.0,0.0,GPIX
19/07/2025,00:52:25,47.53411,-52.78497,2640.0,0.0,SKT-4031,1.0,0.0,GPIX
19/07/2025,00:52:34,47.53536,-52.76561,2569.0,0.0,SKT-4031,1.0,0.0,GPIX
19/07/2025,00:52:42,47.5364,-52.74854,2505.0,0.0,SKT-4031,1.0,0.0,GPIX
19/07/2025,00:52:50,47.53739,-52.73164,2445.0,0.0,SKT-4031,1.0,0.0,GPIX
19/07/2025,00:52:57,47.5383,-52.71704,2401.0,0.0,SKT-4031,1.0,1.0,GPIX
19/07/2025,00:53:05,47.53938,-52.70057,2337.0,0.0,SKT-4031,1.0,0.0,GPIX
19/07/2025,00:53:14,47.54073,-52.68223,2265.0,0.0,SKT-4031,1.0,0.0,GPIX
19/07/2025,00:53:21,47.54182,-52.66814,2216.0,0.0,SKT-4031,1.0,1.0,GPIX
19/07/2025,00:53:29,47.54298,-52.65224,2163.0,0.0,SKT-4031,1.0,0.0,GPIX
19/07/2025,00:53:37,47.54405,-52.6365,2106.0,0.0,SKT-4031,1.0,0.0,GPIX
19/07/2025,00:53:45,47.54509,-52.62092,2051.0,0.0,SKT-4031,1.0,1.0,GPIX
19/07/2025,00:53:52,47.54597,-52.60735,2004.0,0.0,SKT-4031,1.0,1.0,GPIX
19/07/2025,00:54:00,47.54693,-52.5919,1949.0,0.0,SKT-4031,1.0,1.0,GPIX
19/07/2025,00:54:07,47.54778,-52.57845,1902.0,0.0,SKT-4031,1.0,1.0,GPIX
19/07/2025,00:54:14,47.5486,-52.56505,1854.0,0.0,SKT-4031,1.0,1.0,GPIX
19/07/2025,00:54:22,47.54951,-52.5498,1798.0,0.0,SKT-4031,1.0,1.0,GPIX
19/07/2025,00:54:29,47.5504,-52.53654,1761.0,0.0,SKT-4031,1.0,1.0,GPIX
19/07/2025,00:54:37,47.55277,-52.52183,1715.0,0.0,SKT-4031,1.0,1.0,GPIX
19/07/2025,00:54:44,47.55688,-52.51004,1655.0,0.0,SKT-4031,1.0,1.0,GPIX
19/07/2025,00:54:52,47.56378,-52.49902,1585.0,0.0,SKT-4031,1.0,1.0,GPIX
19/07/2025,00:54:59,47.57126,-52.49234,1527.0,0.0,SKT-4031,1.0,1.0,GPIX
19/07/2025,00:55:06,47.57938,-52.48833,1468.0,0.0,SKT-4031,1.0,1.0,GPIX
19/07/2025,00:55:14,47.58879,-52.48603,1408.0,0.0,SKT-4031,1.0,1.0,GPIX
19/07/2025,00:55:21,47.59691,-52.48524,1359.0,0.0,SKT-4031,1.0,1.0,GPIX
19/07/2025,00:55:29,47.60599,-52.48516,1304.0,0.0,SKT-4031,1.0,1.0,GPIX
19/07/2025,00:55:37,47.61456,-52.48706,1246.0,0.0,SKT-4031,1.0,0.0,GPIX
19/07/2025,00:55:45,47.62162,-52.49231,1196.0,0.0,SKT-4031,1.0,0.0,GPIX
19/07/2025,00:55:52,47.62605,-52.49889,1157.0,0.0,SKT-4031,1.0,1.0,GPIX
19/07/2025,00:56:00,47.62923,-52.50745,1117.0,0.0,SKT-4031,1.0,1.0,GPIX
19/07/2025,00:56:07,47.63109,-52.5151,1081.0,0.0,SKT-4031,1.0,1.0,GPIX
19/07/2025,00:56:15,47.63257,-52.52374,1044.0,0.0,SKT-4031,1.0,1.0,GPIX
19/07/2025,00:56:22,47.63337,-52.53108,1022.0,0.0,SKT-4031,1.0,1.0,GPIX
19/07/2025,00:56:29,47.6338,-52.53828,986.0,0.0,SKT-4031,1.0,1.0,GPIX
19/07/2025,00:56:37,47.63388,-52.54656,948.0,0.0,SKT-4031,1.0,1.0,GPIX
19/07/2025,00:56:45,47.63372,-52.55481,911.0,0.0,SKT-4031,1.0,0.0,GPIX
19/07/2025,00:56:52,47.63351,-52.56201,881.0,0.0,SKT-4031,1.0,1.0,GPIX
19/07/2025,00:57:00,47.63326,-52.57022,846.0,0.0,SKT-4031,1.0,1.0,GPIX
19/07/2025,00:57:07,47.633,-52.57739,816.0,0.0,SKT-4031,1.0,1.0,GPIX
19/07/2025,00:57:14,47.63273,-52.58453,788.0,0.0,SKT-4031,1.0,1.0,GPIX
19/07/2025,00:57:22,47.63237,-52.59265,754.0,0.0,SKT-4031,1.0,1.0,GPIX
19/07/2025,00:57:29,47.63202,-52.59972,726.0,0.0,SKT-4031,1.0,1.0,GPIX
19/07/2025,00:57:36,47.63167,-52.60676,697.0,0.0,SKT-4031,1.0,1.0,GPIX
19/07/2025,00:57:44,47.63127,-52.61478,663.0,0.0,SKT-4031,1.0,1.0,GPIX
19/07/2025,00:57:51,47.63096,-52.62162,629.0,0.0,SKT-4031,1.0,1.0,GPIX
19/07/2025,00:57:58,47.63065,-52.6283,599.0,0.0,SKT-4031,1.0,1.0,GPIX
19/07/2025,00:58:07,47.63022,-52.63665,561.0,0.0,SKT-4031,1.0,0.0,GPIX
19/07/2025,00:58:14,47.62992,-52.64287,540.0,0.0,SKT-4031,1.0,1.0,GPIX
19/07/2025,00:58:21,47.62958,-52.64889,518.0,0.0,SKT-4031,1.0,1.0,GPIX
19/07/2025,00:58:29,47.62915,-52.65561,488.0,0.0,SKT-4031,1.0,1.0,GPIX
19/07/2025,00:58:36,47.62873,-52.66155,464.0,0.0,SKT-4031,1.0,1.0,GPIX
19/07/2025,00:58:44,47.62823,-52.66843,435.0,0.0,SKT-4031,1.0,1.0,GPIX
19/07/2025,00:58:51,47.62785,-52.67465,410.0,0.0,SKT-4031,1.0,1.0,GPIX
19/07/2025,00:58:58,47.62752,-52.68093,384.0,0.0,SKT-4031,1.0,1.0,GPIX
19/07/2025,00:59:07,47.62722,-52.6891,350.0,0.0,SKT-4031,1.0,0.0,GPIX
19/07/2025,00:59:14,47.62693,-52.69555,324.0,0.0,SKT-4031,1.0,1.0,GPIX
19/07/2025,00:59:21,47.62666,-52.70198,300.0,0.0,SKT-4031,1.0,1.0,GPIX
19/07/2025,00:59:29,47.62636,-52.7093,270.0,0.0,SKT-4031,1.0,1.0,GPIX
19/07/2025,00:59:36,47.62608,-52.71566,244.0,0.0,SKT-4031,1.0,1.0,GPIX
19/07/2025,00:59:44,47.62587,-52.72293,213.0,0.0,SKT-4031,1.0,1.0,GPIX
19/07/2025,00:59:51,47.62571,-52.72929,188.0,0.0,SKT-4031,1.0,1.0,GPIX
19/07/2025,00:59:58,47.62539,-52.73569,165.0,0.0,SKT-4031,1.0,1.0,GPIX
19/07/2025,01:00:06,47.625,-52.74316,150.0,0.0,SKT-4031,1.0,1.0,GPIX
19/07/2025,01:00:13,47.62471,-52.74903,151.0,1.0,SKT-4031,1.0,1.0,GPIX
17/07/2025,10:03:09,,,,,SKT-4031,1.0,0.0,GPIX
17/07/2025,10:03:19,,,,,SKT-4031,1.0,0.0,GPIX
17/07/2025,10:03:29,,,,,SKT-4031,1.0,0.0,GPIX
17/07/2025,10:03:39,,,,,SKT-4031,1.0,0.0,GPIX
17/07/2025,10:03:49,,,,,SKT-4031,1.0,0.0,GPIX
19/07/2025,01:01:11,47.62449,-52.75407,152.0,1.0,SKT-4031,1.0,1.0,GPIX
19/07/2025,01:01:19,47.62452,-52.75312,152.0,1.0,SKT-4031,1.0,1.0,GPIX
17/07/2025,10:04:14,,,,,SKT-4031,1.0,0.0,GPIX
17/07/2025,10:04:24,,,,,SKT-4031,1.0,0.0,GPIX
17/07/2025,10:04:34,,,,,SKT-4031,1.0,0.0,GPIX
17/07/2025,10:04:44,,,,,SKT-4031,1.0,0.0,GPIX
17/07/2025,10:04:54,,,,,SKT-4031,1.0,0.0,GPIX
17/07/2025,10:05:03,,,,,SKT-4031,1.0,0.0,GPIX
17/07/2025,10:05:13,,,,,SKT-4031,1.0,0.0,GPIX
17/07/2025,10:05:22,,,,,SKT-4031,1.0,0.0,GPIX
17/07/2025,10:05:31,,,,,SKT-4031,1.0,0.0,GPIX
17/07/2025,10:05:40,,,,,SKT-4031,1.0,0.0,GPIX
17/07/2025,10:05:49,,,,,SKT-4031,1.0,0.0,GPIX
17/07/2025,10:05:59,,,,,SKT-4031,1.0,0.0,GPIX
17/07/2025,10:06:08,,,,,SKT-4031,1.0,0.0,GPIX
17/07/2025,10:06:17,,,,,SKT-4031,1.0,0.0,GPIX
17/07/2025,10:06:26,,,,,SKT-4031,1.0,0.0,GPIX
17/07/2025,10:06:35,,,,,SKT-4031,1.0,0.0,GPIX
17/07/2025,10:06:45,,,,,SKT-4031,1.0,0.0,GPIX
17/07/2025,10:06:54,,,,,SKT-4031,1.0,0.0,GPIX
17/07/2025,10:07:03,,,,,SKT-4031,1.0,0.0,GPIX
17/07/2025,10:07:12,,,,,SKT-4031,1.0,0.0,GPIX
17/07/2025,10:07:22,,,,,SKT-4031,1.0,0.0,GPIX
17/07/2025,10:07:31,,,,,SKT-4031,1.0,0.0,GPIX
17/07/2025,10:07:40,,,,,SKT-4031,1.0,0.0,GPIX
17/07/2025,10:07:49,,,,,SKT-4031,1.0,0.0,GPIX
17/07/2025,10:07:58,,,,,SKT-4031,1.0,0.0,GPIX
17/07/2025,10:08:08,,,,,SKT-4031,1.0,0.0,GPIX
19/07/2025,01:05:31,47.61492,-52.74351,152.0,1.0,SKT-4031,1.0,1.0,GPIX
19/07/2025,01:05:39,47.61492,-52.74351,152.0,1.0,SKT-4031,1.0,1.0,GPIX
19/07/2025,01:05:46,47.61492,-52.74351,152.0,1.0,SKT-4031,1.0,1.0,GPIX
19/07/2025,01:05:53,47.61492,-52.74351,152.0,1.0,SKT-4031,1.0,1.0,GPIX
19/07/2025,01:06:01,47.61492,-52.74351,152.0,1.0,SKT-4031,1.0,1.0,GPIX
19/07/2025,01:06:08,47.61493,-52.74351,152.0,1.0,SKT-4031,1.0,1.0,GPIX
19/07/2025,01:06:16,47.61493,-52.74351,152.0,1.0,SKT-4031,1.0,1.0,GPIX
19/07/2025,01:06:23,47.61493,-52.74351,152.0,1.0,SKT-4031,1.0,1.0,GPIX
19/07/2025,01:06:30,47.61493,-52.74351,152.0,1.0,SKT-4031,1.0,1.0,GPIX
19/07/2025,01:06:38,47.61493,-52.74351,152.0,1.0,SKT-4031,1.0,1.0,GPIX
19/07/2025,01:06:45,47.61493,-52.74351,152.0,1.0,SKT-4031,1.0,1.0,GPIX
19/07/2025,01:06:53,47.61493,-52.74352,152.0,1.0,SKT-4031,1.0,1.0,GPIX
19/07/2025,01:07:00,47.61491,-52.74351,152.0,1.0,SKT-4031,1.0,1.0,GPIX
19/07/2025,01:07:07,47.6148,-52.74352,153.0,1.0,SKT-4031,1.0,1.0,GPIX
19/07/2025,01:07:15,47.61462,-52.74359,153.0,1.0,SKT-4031,1.0,1.0,GPIX
19/07/2025,01:07:22,47.61448,-52.74368,154.0,1.0,SKT-4031,1.0,1.0,GPIX
19/07/2025,01:07:30,47.61435,-52.74376,154.0,1.0,SKT-4031,1.0,1.0,GPIX
19/07/2025,01:07:37,47.61425,-52.74383,154.0,1.0,SKT-4031,1.0,1.0,GPIX
19/07/2025,01:07:44,47.61419,-52.74386,154.0,1.0,SKT-4031,1.0,1.0,GPIX
19/07/2025,01:07:52,47.61414,-52.74389,155.0,1.0,SKT-4031,1.0,1.0,GPIX
19/07/2025,01:07:59,47.61412,-52.7439,154.0,1.0,SKT-4031,1.0,1.0,GPIX
19/07/2025,01:08:07,47.61411,-52.74391,154.0,1.0,SKT-4031,1.0,1.0,GPIX
19/07/2025,01:08:14,47.61412,-52.74391,154.0,1.0,SKT-4031,1.0,1.0,GPIX
19/07/2025,01:08:21,47.61412,-52.74391,154.0,1.0,SKT-4031,1.0,1.0,GPIX
19/07/2025,01:08:29,47.61412,-52.7439,154.0,1.0,SKT-4031,1.0,1.0,GPIX
19/07/2025,01:08:36,47.61412,-52.7439,154.0,1.0,SKT-4031,1.0,1.0,GPIX
19/07/2025,01:08:44,47.61411,-52.74391,154.0,1.0,SKT-4031,1.0,1.0,GPIX
19/07/2025,01:08:51,47.61412,-52.74391,154.0,1.0,SKT-4031,1.0,1.0,GPIX
19/07/2025,01:08:59,47.61412,-52.74392,153.0,1.0,SKT-4031,1.0,1.0,GPIX
19/07/2025,01:09:06,47.61412,-52.74391,154.0,1.0,SKT-4031,1.0,1.0,GPIX
19/07/2025,01:09:13,47.61412,-52.74391,154.0,1.0,SKT-4031,1.0,1.0,GPIX
19/07/2025,01:09:21,47.61412,-52.74391,154.0,1.0,SKT-4031,1.0,1.0,GPIX
19/07/2025,01:09:28,47.61412,-52.74391,154.0,1.0,SKT-4031,1.0,1.0,GPIX
19/07/2025,01:09:36,47.61411,-52.7439,155.0,1.0,SKT-4031,1.0,1.0,GPIX
19/07/2025,01:09:43,47.61411,-52.74391,155.0,1.0,SKT-4031,1.0,1.0,GPIX
19/07/2025,01:09:50,47.61412,-52.7439,154.0,1.0,SKT-4031,1.0,1.0,GPIX
19/07/2025,01:09:58,47.61412,-52.7439,154.0,1.0,SKT-4031,1.0,1.0,GPIX
19/07/2025,01:10:05,47.61412,-52.7439,155.0,1.0,SKT-4031,1.0,1.0,GPIX
19/07/2025,01:10:13,47.61412,-52.7439,155.0,1.0,SKT-4031,1.0,1.0,GPIX
19/07/2025,01:10:20,47.61412,-52.7439,155.0,1.0,SKT-4031,1.0,1.0,GPIX
19/07/2025,01:10:28,47.61412,-52.7439,155.0,1.0,SKT-4031,1.0,1.0,GPIX
19/07/2025,01:10:35,47.61411,-52.74391,155.0,1.0,SKT-4031,1.0,1.0,GPIX
19/07/2025,01:10:42,47.61411,-52.74391,154.0,1.0,SKT-4031,1.0,1.0,GPIX
19/07/2025,01:10:50,47.61411,-52.7439,154.0,1.0,SKT-4031,1.0,1.0,GPIX
19/07/2025,01:10:57,47.61411,-52.7439,154.0,1.0,SKT-4031,1.0,1.0,GPIX
19/07/2025,01:11:05,47.61411,-52.7439,155.0,1.0,SKT-4031,1.0,1.0,GPIX
19/07/2025,01:11:12,47.6141,-52.7439,154.0,1.0,SKT-4031,1.0,1.0,GPIX
19/07/2025,01:11:20,47.6141,-52.7439,154.0,1.0,SKT-4031,1.0,1.0,GPIX
19/07/2025,01:11:27,47.6141,-52.7439,154.0,1.0,SKT-4031,1.0,1.0,GPIX
19/07/2025,01:11:35,47.6141,-52.7439,154.0,1.0,SKT-4031,1.0,1.0,GPIX
19/07/2025,01:11:42,47.61411,-52.7439,154.0,1.0,SKT-4031,1.0,1.0,GPIX
19/07/2025,01:11:50,47.61411,-52.7439,154.0,1.0,SKT-4031,1.0,1.0,GPIX
19/07/2025,01:11:57,47.61411,-52.7439,154.0,1.0,SKT-4031,1.0,1.0,GPIX
19/07/2025,01:12:04,47.61411,-52.7439,154.0,1.0,SKT-4031,1.0,1.0,GPIX
17/07/2025,10:15:00,,,,,SKT-4031,1.0,1.0,GPIX
19/07/2025,01:12:22,47.61411,-52.7439,154.0,1.0,SKT-4031,1.0,1.0,GPIX
19/07/2025,01:12:29,47.61411,-52.74389,154.0,1.0,SKT-4031,1.0,1.0,GPIX
19/07/2025,01:12:37,47.61411,-52.74389,153.0,1.0,SKT-4031,1.0,1.0,GPIX
19/07/2025,01:12:45,47.61411,-52.74389,153.0,1.0,SKT-4031,1.0,1.0,GPIX
19/07/2025,01:12:52,47.61411,-52.74389,153.0,1.0,SKT-4031,1.0,1.0,GPIX
19/07/2025,01:13:01,47.61411,-52.74389,154.0,1.0,SKT-4031,1.0,1.0,GPIX
19/07/2025,01:13:09,47.61412,-52.74389,154.0,1.0,SKT-4031,1.0,1.0,GPIX
19/07/2025,01:13:16,47.61412,-52.74389,154.0,1.0,SKT-4031,1.0,1.0,GPIX
19/07/2025,01:13:23,47.61412,-52.74389,154.0,1.0,SKT-4031,1.0,1.0,GPIX
19/07/2025,01:13:31,47.61412,-52.74389,154.0,1.0,SKT-4031,1.0,1.0,GPIX
19/07/2025,01:13:38,47.61412,-52.74389,154.0,1.0,SKT-4031,1.0,1.0,GPIX
19/07/2025,01:13:46,47.61412,-52.74389,154.0,1.0,SKT-4031,1.0,1.0,GPIX
17/07/2025,10:16:42,,,,,SKT-4031,1.0,0.0,GPIX
19/07/2025,01:14:03,47.61412,-52.74389,153.0,1.0,SKT-4031,1.0,1.0,GPIX
19/07/2025,01:14:11,47.61412,-52.74389,153.0,1.0,SKT-4031,1.0,1.0,GPIX
19/07/2025,01:14:18,47.61412,-52.74389,153.0,1.0,SKT-4031,1.0,1.0,GPIX
19/07/2025,01:14:26,47.61411,-52.74389,154.0,1.0,SKT-4031,1.0,1.0,GPIX
19/07/2025,01:14:33,47.61411,-52.7439,154.0,1.0,SKT-4031,1.0,1.0,GPIX
19/07/2025,01:14:40,47.61411,-52.7439,154.0,1.0,SKT-4031,1.0,1.0,GPIX
19/07/2025,01:14:48,47.61411,-52.7439,154.0,1.0,SKT-4031,1.0,1.0,GPIX
19/07/2025,01:14:55,47.61412,-52.7439,154.0,1.0,SKT-4031,1.0,1.0,GPIX
19/07/2025,01:15:03,47.61412,-52.7439,155.0,1.0,SKT-4031,1.0,1.0,GPIX
19/07/2025,01:15:10,47.61412,-52.7439,155.0,1.0,SKT-4031,1.0,1.0,GPIX
19/07/2025,01:15:18,47.61412,-52.7439,154.0,1.0,SKT-4031,1.0,1.0,GPIX
19/07/2025,01:15:25,47.61412,-52.7439,154.0,1.0,SKT-4031,1.0,1.0,GPIX
19/07/2025,01:15:32,47.61412,-52.7439,154.0,1.0,SKT-4031,1.0,1.0,GPIX
19/07/2025,01:15:40,47.61412,-52.7439,154.0,1.0,SKT-4031,1.0,1.0,GPIX
19/07/2025,01:15:47,47.61412,-52.7439,154.0,1.0,SKT-4031,1.0,1.0,GPIX
19/07/2025,01:15:55,47.61412,-52.7439,154.0,1.0,SKT-4031,1.0,1.0,GPIX
19/07/2025,01:16:02,47.61412,-52.7439,154.0,1.0,SKT-4031,1.0,1.0,GPIX
19/07/2025,01:16:10,47.61412,-52.7439,154.0,1.0,SKT-4031,1.0,1.0,GPIX
19/07/2025,01:16:17,47.61412,-52.7439,154.0,1.0,SKT-4031,1.0,1.0,GPIX
19/07/2025,01:16:24,47.61412,-52.7439,155.0,1.0,SKT-4031,1.0,1.0,GPIX
19/07/2025,01:16:32,47.61412,-52.7439,155.0,1.0,SKT-4031,1.0,1.0,GPIX
19/07/2025,01:16:40,47.61412,-52.7439,155.0,1.0,SKT-4031,1.0,1.0,GPIX
19/07/2025,01:16:47,47.61412,-52.7439,155.0,1.0,SKT-4031,1.0,1.0,GPIX
19/07/2025,01:16:55,47.61412,-52.74391,156.0,1.0,SKT-4031,1.0,1.0,GPIX
19/07/2025,01:17:03,47.61412,-52.74391,156.0,1.0,SKT-4031,1.0,1.0,GPIX
19/07/2025,01:17:11,47.61412,-52.74392,156.0,1.0,SKT-4031,1.0,1.0,GPIX
19/07/2025,01:17:18,47.61412,-52.74392,156.0,1.0,SKT-4031,1.0,1.0,GPIX
19/07/2025,01:17:26,47.61412,-52.74392,156.0,1.0,SKT-4031,1.0,1.0,GPIX
19/07/2025,01:17:33,47.61412,-52.74392,156.0,1.0,SKT-4031,1.0,1.0,GPIX
19/07/2025,01:17:41,47.61412,-52.74391,156.0,1.0,SKT-4031,1.0,1.0,GPIX
19/07/2025,01:17:49,47.61412,-52.74391,156.0,1.0,SKT-4031,1.0,1.0,GPIX
19/07/2025,01:17:56,47.61412,-52.74391,156.0,1.0,SKT-4031,1.0,1.0,GPIX
19/07/2025,01:18:03,47.61412,-52.74391,155.0,1.0,SKT-4031,1.0,1.0,GPIX
19/07/2025,01:18:11,47.61412,-52.74391,155.0,1.0,SKT-4031,1.0,1.0,GPIX
19/07/2025,01:18:18,47.61412,-52.74391,155.0,1.0,SKT-4031,1.0,1.0,GPIX
19/07/2025,01:18:26,47.61412,-52.74391,155.0,1.0,SKT-4031,1.0,1.0,GPIX
19/07/2025,01:18:33,47.61412,-52.74391,155.0,1.0,SKT-4031,1.0,1.0,GPIX
19/07/2025,01:18:41,47.61412,-52.7439,155.0,1.0,SKT-4031,1.0,1.0,GPIX
19/07/2025,01:18:48,47.61412,-52.7439,155.0,1.0,SKT-4031,1.0,1.0,GPIX
19/07/2025,01:18:56,47.61412,-52.7439,155.0,1.0,SKT-4031,1.0,1.0,GPIX
19/07/2025,01:19:04,47.61411,-52.7439,155.0,1.0,SKT-4031,1.0,1.0,GPIX
19/07/2025,01:19:11,47.61411,-52.7439,154.0,1.0,SKT-4031,1.0,1.0,GPIX
19/07/2025,01:19:18,47.61411,-52.7439,154.0,1.0,SKT-4031,1.0,1.0,GPIX
19/07/2025,01:19:26,47.61411,-52.7439,154.0,1.0,SKT-4031,1.0,1.0,GPIX
19/07/2025,01:19:33,47.61411,-52.7439,154.0,1.0,SKT-4031,1.0,1.0,GPIX
19/07/2025,01:19:41,47.61411,-52.7439,154.0,1.0,SKT-4031,1.0,1.0,GPIX
19/07/2025,01:19:48,47.61411,-52.74389,154.0,1.0,SKT-4031,1.0,1.0,GPIX
19/07/2025,01:19:56,47.61412,-52.7439,154.0,1.0,SKT-4031,1.0,1.0,GPIX
19/07/2025,01:20:04,47.61412,-52.7439,155.0,1.0,SKT-4031,1.0,1.0,GPIX
19/07/2025,01:20:11,47.61412,-52.7439,155.0,1.0,SKT-4031,1.0,1.0,GPIX
19/07/2025,01:20:19,47.61412,-52.7439,155.0,1.0,SKT-4031,1.0,1.0,GPIX
19/07/2025,01:20:26,47.61412,-52.7439,155.0,1.0,SKT-4031,1.0,1.0,GPIX
19/07/2025,01:20:34,47.61412,-52.7439,155.0,1.0,SKT-4031,1.0,1.0,GPIX
19/07/2025,01:20:41,47.61412,-52.7439,155.0,1.0,SKT-4031,1.0,1.0,GPIX
19/07/2025,01:20:48,47.61412,-52.74389,155.0,1.0,SKT-4031,1.0,1.0,GPIX
19/07/2025,01:20:56,47.61412,-52.74389,156.0,1.0,SKT-4031,1.0,1.0,GPIX
19/07/2025,01:21:03,47.61412,-52.74389,156.0,1.0,SKT-4031,1.0,1.0,GPIX
19/07/2025,01:21:11,47.61412,-52.74389,156.0,1.0,SKT-4031,1.0,1.0,GPIX
19/07/2025,01:21:19,47.61412,-52.74389,156.0,1.0,SKT-4031,1.0,1.0,GPIX
19/07/2025,01:21:27,47.61412,-52.74389,156.0,1.0,SKT-4031,1.0,1.0,GPIX
19/07/2025,01:21:34,47.61412,-52.74389,156.0,1.0,SKT-4031,1.0,1.0,GPIX
19/07/2025,01:21:42,47.61412,-52.74389,156.0,1.0,SKT-4031,1.0,1.0,GPIX
19/07/2025,01:21:49,47.61412,-52.74389,156.0,1.0,SKT-4031,1.0,1.0,GPIX
19/07/2025,01:21:57,47.61412,-52.74389,155.0,1.0,SKT-4031,1.0,1.0,GPIX
19/07/2025,01:22:04,47.61412,-52.74389,155.0,1.0,SKT-4031,1.0,1.0,GPIX
19/07/2025,01:22:11,47.61412,-52.74389,154.0,1.0,SKT-4031,1.0,1.0,GPIX
19/07/2025,01:22:19,47.61412,-52.74389,154.0,1.0,SKT-4031,1.0,1.0,GPIX
19/07/2025,01:22:26,47.61412,-52.74389,153.0,1.0,SKT-4031,1.0,1.0,GPIX
19/07/2025,01:22:34,47.61412,-52.74389,153.0,1.0,SKT-4031,1.0,1.0,GPIX
17/07/2025,10:25:45,,,,,,0.0,0.0,
17/07/2025,10:25:53,,,,,,0.0,0.0,
17/07/2025,10:25:59,,,,,,0.0,0.0,
17/07/2025,10:26:04,,,,,,0.0,0.0,
19/07/2025,04:16:57,47.62044,-52.73561,149.0,1.0,SKT-4031,1.0,0.0,GPIX
19/07/2025,04:17:04,47.62043,-52.73563,150.0,1.0,SKT-4031,1.0,0.0,GPIX
19/07/2025,04:17:11,47.62043,-52.73565,152.0,1.0,SKT-4031,1.0,0.0,GPIX
19/07/2025,04:17:18,47.62044,-52.73568,152.0,1.0,SKT-4031,1.0,0.0,GPIX
19/07/2025,04:17:25,47.62045,-52.7357,150.0,1.0,SKT-4031,1.0,0.0,GPIX
19/07/2025,04:17:32,47.62045,-52.73569,149.0,1.0,SKT-4031,1.0,0.0,GPIX
19/07/2025,04:17:39,47.62045,-52.73569,149.0,1.0,SKT-4031,1.0,0.0,GPIX
19/07/2025,04:17:46,47.62044,-52.73569,151.0,1.0,SKT-4031,1.0,0.0,GPIX
19/07/2025,04:17:53,47.62044,-52.73569,153.0,1.0,SKT-4031,1.0,0.0,GPIX
19/07/2025,04:18:01,47.62045,-52.73568,154.0,1.0,SKT-4031,1.0,1.0,GPIX
19/07/2025,04:18:10,47.62047,-52.73568,154.0,1.0,SKT-4031,1.0,1.0,GPIX
19/07/2025,04:18:18,47.62047,-52.73568,155.0,1.0,SKT-4031,1.0,1.0,GPIX
19/07/2025,04:18:25,47.62047,-52.73568,156.0,1.0,SKT-4031,1.0,1.0,GPIX
19/07/2025,04:18:33,47.62046,-52.73568,158.0,1.0,SKT-4031,1.0,1.0,GPIX
19/07/2025,04:18:42,47.62044,-52.73565,161.0,1.0,SKT-4031,1.0,1.0,GPIX
19/07/2025,04:18:51,47.62044,-52.73563,162.0,1.0,SKT-4031,1.0,0.0,GPIX
19/07/2025,04:18:59,47.62044,-52.73561,162.0,1.0,SKT-4031,1.0,0.0,GPIX
19/07/2025,04:19:07,47.62044,-52.73559,159.0,1.0,SKT-4031,1.0,0.0,GPIX
19/07/2025,04:19:15,47.62045,-52.73557,157.0,1.0,SKT-4031,1.0,0.0,GPIX
19/07/2025,04:19:23,47.62045,-52.73557,159.0,1.0,SKT-4031,1.0,0.0,GPIX
19/07/2025,04:19:31,47.62045,-52.73559,164.0,1.0,SKT-4031,1.0,0.0,GPIX
19/07/2025,04:19:39,47.62046,-52.7356,164.0,1.0,SKT-4031,1.0,0.0,GPIX
19/07/2025,04:19:47,47.62045,-52.73561,159.0,1.0,SKT-4031,1.0,0.0,GPIX
19/07/2025,04:19:55,47.62045,-52.73562,154.0,1.0,SKT-4031,1.0,0.0,GPIX
19/07/2025,04:20:03,47.62044,-52.73562,151.0,1.0,SKT-4031,1.0,0.0,GPIX
19/07/2025,04:20:11,47.62043,-52.73563,148.0,1.0,SKT-4031,1.0,0.0,GPIX
19/07/2025,04:20:19,47.62043,-52.73563,146.0,1.0,SKT-4031,1.0,0.0,GPIX
19/07/2025,04:20:27,47.62042,-52.73563,144.0,1.0,SKT-4031,1.0,0.0,GPIX
19/07/2025,04:20:35,47.62041,-52.73563,143.0,1.0,SKT-4031,1.0,0.0,GPIX
19/07/2025,04:20:43,47.62041,-52.73564,143.0,1.0,SKT-4031,1.0,0.0,GPIX
19/07/2025,04:20:51,47.62042,-52.73565,142.0,1.0,SKT-4031,1.0,0.0,GPIX
19/07/2025,04:21:00,47.62044,-52.73567,140.0,1.0,SKT-4031,1.0,0.0,GPIX
19/07/2025,04:21:08,47.62044,-52.73569,138.0,1.0,SKT-4031,1.0,0.0,GPIX
19/07/2025,04:21:16,47.62045,-52.73569,137.0,1.0,SKT-4031,1.0,0.0,GPIX
19/07/2025,04:21:24,47.62046,-52.7357,139.0,1.0,SKT-4031,1.0,0.0,GPIX
19/07/2025,04:21:32,47.62045,-52.73571,143.0,1.0,SKT-4031,1.0,0.0,GPIX
19/07/2025,04:21:40,47.62043,-52.73571,145.0,1.0,SKT-4031,1.0,1.0,GPIX
19/07/2025,04:21:48,47.62043,-52.73571,146.0,1.0,SKT-4031,1.0,0.0,GPIX
19/07/2025,04:21:56,47.62043,-52.73569,148.0,1.0,SKT-4031,1.0,0.0,GPIX
19/07/2025,04:22:04,47.62043,-52.73568,151.0,1.0,SKT-4031,1.0,0.0,GPIX
19/07/2025,04:22:12,47.62042,-52.73564,154.0,1.0,SKT-4031,1.0,0.0,GPIX
19/07/2025,04:22:20,47.62042,-52.73561,153.0,1.0,SKT-4031,1.0,0.0,GPIX
19/07/2025,04:22:28,47.62043,-52.7356,150.0,1.0,SKT-4031,1.0,0.0,GPIX
19/07/2025,04:22:36,47.62045,-52.73561,148.0,1.0,SKT-4031,1.0,0.0,GPIX
19/07/2025,04:22:44,47.62045,-52.73561,148.0,1.0,SKT-4031,1.0,0.0,GPIX
19/07/2025,04:22:52,47.62045,-52.73563,150.0,1.0,SKT-4031,1.0,0.0,GPIX
19/07/2025,04:23:01,47.62043,-52.73564,152.0,1.0,SKT-4031,1.0,0.0,GPIX
19/07/2025,04:23:09,47.62042,-52.73564,154.0,1.0,SKT-4031,1.0,0.0,GPIX
19/07/2025,04:23:18,47.62043,-52.73563,158.0,1.0,SKT-4031,1.0,1.0,GPIX
19/07/2025,04:23:26,47.62045,-52.73563,161.0,1.0,SKT-4031,1.0,0.0,GPIX
19/07/2025,04:23:34,47.62046,-52.73563,161.0,1.0,SKT-4031,1.0,0.0,GPIX
19/07/2025,04:23:42,47.62047,-52.73563,159.0,1.0,SKT-4031,1.0,0.0,GPIX
19/07/2025,04:23:50,47.62048,-52.73562,157.0,1.0,SKT-4031,1.0,1.0,GPIX
19/07/2025,04:23:57,47.62048,-52.73563,154.0,1.0,SKT-4031,1.0,1.0,GPIX
19/07/2025,04:24:04,47.62048,-52.73565,153.0,1.0,SKT-4031,1.0,1.0,GPIX
19/07/2025,04:24:12,47.62047,-52.73566,155.0,1.0,SKT-4031,1.0,1.0,GPIX
19/07/2025,04:24:19,47.62046,-52.73566,158.0,1.0,SKT-4031,1.0,1.0,GPIX
19/07/2025,04:24:27,47.62047,-52.73568,159.0,1.0,SKT-4031,1.0,1.0,GPIX
19/07/2025,04:24:34,47.62047,-52.7357,158.0,1.0,SKT-4031,1.0,1.0,GPIX
19/07/2025,04:24:41,47.62047,-52.73571,156.0,1.0,SKT-4031,1.0,1.0,GPIX
19/07/2025,04:24:49,47.62046,-52.73571,154.0,1.0,SKT-4031,1.0,1.0,GPIX
19/07/2025,04:24:56,47.62046,-52.73571,153.0,1.0,SKT-4031,1.0,1.0,GPIX
19/07/2025,04:25:03,47.62045,-52.73569,153.0,1.0,SKT-4031,1.0,1.0,GPIX
19/07/2025,04:25:11,47.62044,-52.73569,153.0,1.0,SKT-4031,1.0,1.0,GPIX
19/07/2025,04:25:18,47.62044,-52.73569,154.0,1.0,SKT-4031,1.0,1.0,GPIX
19/07/2025,04:25:26,47.62045,-52.7357,153.0,1.0,SKT-4031,1.0,1.0,GPIX
19/07/2025,04:25:33,47.62043,-52.73568,148.0,1.0,SKT-4031,1.0,1.0,GPIX
19/07/2025,04:25:40,47.62042,-52.73567,148.0,1.0,SKT-4031,1.0,1.0,GPIX
19/07/2025,04:25:48,47.62041,-52.73566,148.0,1.0,SKT-4031,1.0,1.0,GPIX
19/07/2025,04:25:55,47.6204,-52.73565,147.0,1.0,SKT-4031,1.0,1.0,GPIX
19/07/2025,04:26:03,47.6204,-52.73563,148.0,1.0,SKT-4031,1.0,1.0,GPIX
19/07/2025,04:26:10,47.62041,-52.73562,151.0,1.0,SKT-4031,1.0,1.0,GPIX
19/07/2025,04:26:17,47.62043,-52.73563,152.0,1.0,SKT-4031,1.0,1.0,GPIX
19/07/2025,04:26:25,47.62045,-52.73565,151.0,1.0,SKT-4031,1.0,1.0,GPIX
19/07/2025,04:26:32,47.62046,-52.73568,150.0,1.0,SKT-4031,1.0,1.0,GPIX
19/07/2025,04:26:39,47.62047,-52.73571,149.0,1.0,SKT-4031,1.0,1.0,GPIX
19/07/2025,04:26:47,47.62048,-52.73573,147.0,1.0,SKT-4031,1.0,1.0,GPIX
19/07/2025,04:26:54,47.62047,-52.73573,145.0,1.0,SKT-4031,1.0,1.0,GPIX
19/07/2025,04:27:02,47.62046,-52.73572,143.0,1.0,SKT-4031,1.0,1.0,GPIX
19/07/2025,04:27:09,47.62043,-52.73571,143.0,1.0,SKT-4031,1.0,1.0,GPIX
19/07/2025,04:27:16,47.62042,-52.73569,145.0,1.0,SKT-4031,1.0,1.0,GPIX
19/07/2025,04:27:24,47.62041,-52.73569,148.0,1.0,SKT-4031,1.0,1.0,GPIX
19/07/2025,04:27:31,47.62042,-52.73568,149.0,1.0,SKT-4031,1.0,1.0,GPIX
19/07/2025,04:27:38,47.62042,-52.73567,151.0,1.0,SKT-4031,1.0,1.0,GPIX
19/07/2025,04:27:46,47.62042,-52.73566,152.0,1.0,SKT-4031,1.0,1.0,GPIX
19/07/2025,04:27:53,47.62042,-52.73565,153.0,1.0,SKT-4031,1.0,1.0,GPIX
19/07/2025,04:28:00,47.62043,-52.73565,154.0,1.0,SKT-4031,1.0,1.0,GPIX
19/07/2025,04:28:08,47.62042,-52.73563,154.0,1.0,SKT-4031,1.0,1.0,GPIX
19/07/2025,04:28:16,47.62042,-52.73562,153.0,1.0,SKT-4031,1.0,1.0,GPIX
19/07/2025,04:28:23,47.62042,-52.73562,153.0,1.0,SKT-4031,1.0,1.0,GPIX
19/07/2025,04:28:31,47.62043,-52.73563,155.0,1.0,SKT-4031,1.0,1.0,GPIX
19/07/2025,04:28:38,47.62043,-52.73563,154.0,1.0,SKT-4031,1.0,1.0,GPIX
19/07/2025,04:28:45,47.62043,-52.73563,152.0,1.0,SKT-4031,1.0,1.0,GPIX
19/07/2025,04:28:53,47.62041,-52.73563,153.0,1.0,SKT-4031,1.0,1.0,GPIX
19/07/2025,04:29:00,47.62041,-52.73565,152.0,1.0,SKT-4031,1.0,1.0,GPIX
19/07/2025,04:29:08,47.62041,-52.73567,148.0,1.0,SKT-4031,1.0,1.0,GPIX
19/07/2025,04:29:15,47.62041,-52.73567,145.0,1.0,SKT-4031,1.0,1.0,GPIX
19/07/2025,04:29:22,47.62042,-52.73567,143.0,1.0,SKT-4031,1.0,1.0,GPIX
19/07/2025,04:29:30,47.62044,-52.73568,141.0,1.0,SKT-4031,1.0,1.0,GPIX
19/07/2025,04:29:37,47.62044,-52.73569,141.0,1.0,SKT-4031,1.0,1.0,GPIX
19/07/2025,04:29:44,47.62043,-52.7357,141.0,1.0,SKT-4031,1.0,1.0,GPIX
19/07/2025,04:29:52,47.62043,-52.7357,141.0,1.0,SKT-4031,1.0,1.0,GPIX
19/07/2025,04:30:00,47.62043,-52.73571,140.0,1.0,SKT-4031,1.0,1.0,GPIX
19/07/2025,04:30:07,47.62043,-52.73571,140.0,1.0,SKT-4031,1.0,1.0,GPIX
19/07/2025,04:30:14,47.62043,-52.73571,141.0,1.0,SKT-4031,1.0,1.0,GPIX
19/07/2025,04:30:22,47.62042,-52.73572,142.0,1.0,SKT-4031,1.0,1.0,GPIX
19/07/2025,04:30:29,47.62041,-52.73572,142.0,1.0,SKT-4031,1.0,1.0,GPIX
19/07/2025,04:30:37,47.62041,-52.73572,142.0,1.0,SKT-4031,1.0,1.0,GPIX
19/07/2025,04:30:44,47.62041,-52.73572,142.0,1.0,SKT-4031,1.0,1.0,GPIX
19/07/2025,04:30:52,47.62043,-52.73573,139.0,1.0,SKT-4031,1.0,1.0,GPIX
19/07/2025,04:30:59,47.62044,-52.73573,139.0,1.0,SKT-4031,1.0,1.0,GPIX
19/07/2025,04:31:07,47.62045,-52.73573,139.0,1.0,SKT-4031,1.0,1.0,GPIX
19/07/2025,04:31:14,47.62045,-52.73574,139.0,1.0,SKT-4031,1.0,1.0,GPIX
19/07/2025,04:31:21,47.62044,-52.73573,137.0,1.0,SKT-4031,1.0,1.0,GPIX
19/07/2025,04:31:29,47.62043,-52.7357,131.0,1.0,SKT-4031,1.0,1.0,GPIX
19/07/2025,04:31:36,47.62042,-52.73568,129.0,1.0,SKT-4031,1.0,1.0,GPIX
19/07/2025,04:31:43,47.62041,-52.73565,127.0,1.0,SKT-4031,1.0,1.0,GPIX
19/07/2025,04:31:51,47.62039,-52.73563,127.0,1.0,SKT-4031,1.0,1.0,GPIX
19/07/2025,04:31:58,47.62038,-52.73563,128.0,1.0,SKT-4031,1.0,1.0,GPIX
19/07/2025,04:32:06,47.62038,-52.73563,130.0,1.0,SKT-4031,1.0,1.0,GPIX
19/07/2025,04:32:13,47.62039,-52.73565,132.0,1.0,SKT-4031,1.0,1.0,GPIX
19/07/2025,04:32:20,47.6204,-52.73566,135.0,1.0,SKT-4031,1.0,1.0,GPIX
19/07/2025,04:32:28,47.62041,-52.73566,137.0,1.0,SKT-4031,1.0,1.0,GPIX
19/07/2025,04:32:35,47.62042,-52.73567,141.0,1.0,SKT-4031,1.0,1.0,GPIX
19/07/2025,04:32:43,47.62043,-52.73568,144.0,1.0,SKT-4031,1.0,1.0,GPIX
19/07/2025,04:32:50,47.62045,-52.73569,146.0,1.0,SKT-4031,1.0,1.0,GPIX
19/07/2025,04:32:58,47.62045,-52.73569,146.0,1.0,SKT-4031,1.0,1.0,GPIX
19/07/2025,04:33:05,47.62045,-52.73567,146.0,1.0,SKT-4031,1.0,1.0,GPIX
19/07/2025,04:33:13,47.62044,-52.73565,147.0,1.0,SKT-4031,1.0,1.0,GPIX
19/07/2025,04:33:20,47.62043,-52.73563,148.0,1.0,SKT-4031,1.0,1.0,GPIX
19/07/2025,04:33:28,47.62044,-52.73563,148.0,1.0,SKT-4031,1.0,1.0,GPIX
19/07/2025,04:33:35,47.62045,-52.73563,147.0,1.0,SKT-4031,1.0,1.0,GPIX
19/07/2025,04:33:43,47.62045,-52.73563,146.0,1.0,SKT-4031,1.0,1.0,GPIX
19/07/2025,04:33:50,47.62045,-52.73563,144.0,1.0,SKT-4031,1.0,1.0,GPIX
19/07/2025,04:33:58,47.62045,-52.73563,145.0,1.0,SKT-4031,1.0,1.0,GPIX
19/07/2025,04:34:05,47.62044,-52.73563,145.0,1.0,SKT-4031,1.0,1.0,GPIX
19/07/2025,04:34:13,47.62043,-52.73562,146.0,1.0,SKT-4031,1.0,1.0,GPIX
19/07/2025,04:34:20,47.62043,-52.73562,146.0,1.0,SKT-4031,1.0,1.0,GPIX
19/07/2025,04:34:28,47.62043,-52.73563,146.0,1.0,SKT-4031,1.0,1.0,GPIX
19/07/2025,04:34:35,47.62044,-52.73564,146.0,1.0,SKT-4031,1.0,1.0,GPIX
19/07/2025,04:34:43,47.62045,-52.73565,145.0,1.0,SKT-4031,1.0,1.0,GPIX
19/07/2025,04:34:51,47.62045,-52.73566,145.0,1.0,SKT-4031,1.0,1.0,GPIX
19/07/2025,04:34:58,47.62045,-52.73567,146.0,1.0,SKT-4031,1.0,1.0,GPIX
19/07/2025,04:35:06,47.62044,-52.73569,147.0,1.0,SKT-4031,1.0,1.0,GPIX
19/07/2025,04:35:13,47.62043,-52.7357,148.0,1.0,SKT-4031,1.0,1.0,GPIX
19/07/2025,04:35:21,47.62044,-52.7357,149.0,1.0,SKT-4031,1.0,1.0,GPIX
19/07/2025,04:35:28,47.62046,-52.7357,150.0,1.0,SKT-4031,1.0,1.0,GPIX
19/07/2025,04:35:35,47.62048,-52.73569,150.0,1.0,SKT-4031,1.0,1.0,GPIX
19/07/2025,04:35:43,47.62048,-52.7357,147.0,1.0,SKT-4031,1.0,1.0,GPIX
19/07/2025,04:35:50,47.62048,-52.73571,143.0,1.0,SKT-4031,1.0,1.0,GPIX
19/07/2025,04:35:58,47.62048,-52.73572,140.0,1.0,SKT-4031,1.0,1.0,GPIX
19/07/2025,04:36:05,47.62048,-52.73573,139.0,1.0,SKT-4031,1.0,1.0,GPIX
19/07/2025,04:36:13,47.62048,-52.73573,141.0,1.0,SKT-4031,1.0,1.0,GPIX
19/07/2025,04:36:21,47.62048,-52.73573,143.0,1.0,SKT-4031,1.0,1.0,GPIX
19/07/2025,04:36:29,47.62049,-52.73574,145.0,1.0,SKT-4031,1.0,1.0,GPIX
19/07/2025,04:36:36,47.62049,-52.73574,145.0,1.0,SKT-4031,1.0,1.0,GPIX
19/07/2025,04:36:44,47.62049,-52.73575,146.0,1.0,SKT-4031,1.0,1.0,GPIX
19/07/2025,04:36:51,47.62049,-52.73576,148.0,1.0,SKT-4031,1.0,1.0,GPIX
19/07/2025,04:36:59,47.62048,-52.73576,152.0,1.0,SKT-4031,1.0,1.0,GPIX
19/07/2025,04:37:06,47.62046,-52.73575,156.0,1.0,SKT-4031,1.0,1.0,GPIX
19/07/2025,04:37:14,47.62046,-52.73574,158.0,1.0,SKT-4031,1.0,1.0,GPIX
19/07/2025,04:37:21,47.62045,-52.73574,158.0,1.0,SKT-4031,1.0,1.0,GPIX
19/07/2025,04:37:29,47.62042,-52.73571,158.0,1.0,SKT-4031,1.0,1.0,GPIX
19/07/2025,04:37:36,47.62041,-52.73568,157.0,1.0,SKT-4031,1.0,1.0,GPIX
19/07/2025,04:37:44,47.62041,-52.73567,154.0,1.0,SKT-4031,1.0,1.0,GPIX
19/07/2025,04:37:51,47.62043,-52.73567,151.0,1.0,SKT-4031,1.0,1.0,GPIX
19/07/2025,04:37:58,47.62043,-52.73568,149.0,1.0,SKT-4031,1.0,1.0,GPIX
19/07/2025,04:38:06,47.62044,-52.73569,151.0,1.0,SKT-4031,1.0,1.0,GPIX
19/07/2025,04:38:14,47.62045,-52.73569,153.0,1.0,SKT-4031,1.0,1.0,GPIX
19/07/2025,04:38:22,47.62045,-52.73569,155.0,1.0,SKT-4031,1.0,1.0,GPIX
19/07/2025,04:38:29,47.62046,-52.73569,157.0,1.0,SKT-4031,1.0,1.0,GPIX
19/07/2025,04:38:36,47.62047,-52.73568,161.0,1.0,SKT-4031,1.0,1.0,GPIX
19/07/2025,04:38:44,47.62047,-52.73567,164.0,1.0,SKT-4031,1.0,1.0,GPIX
19/07/2025,04:38:51,47.62048,-52.73567,166.0,1.0,SKT-4031,1.0,1.0,GPIX
19/07/2025,04:38:59,47.62048,-52.73567,169.0,1.0,SKT-4031,1.0,1.0,GPIX
19/07/2025,04:39:06,47.62048,-52.73567,170.0,1.0,SKT-4031,1.0,1.0,GPIX
19/07/2025,04:39:13,47.62046,-52.73568,169.0,1.0,SKT-4031,1.0,1.0,GPIX
19/07/2025,04:39:21,47.62045,-52.73568,165.0,1.0,SKT-4031,1.0,1.0,GPIX
19/07/2025,04:39:28,47.62043,-52.73567,161.0,1.0,SKT-4031,1.0,1.0,GPIX
19/07/2025,04:39:36,47.62042,-52.73566,156.0,1.0,SKT-4031,1.0,1.0,GPIX
19/07/2025,04:39:43,47.62042,-52.73565,154.0,1.0,SKT-4031,1.0,1.0,GPIX
19/07/2025,04:39:50,47.62042,-52.73565,153.0,1.0,SKT-4031,1.0,1.0,GPIX
19/07/2025,04:39:58,47.62042,-52.73564,153.0,1.0,SKT-4031,1.0,1.0,GPIX
19/07/2025,04:40:05,47.6204,-52.73564,155.0,1.0,SKT-4031,1.0,1.0,GPIX
19/07/2025,04:40:12,47.62038,-52.73563,156.0,1.0,SKT-4031,1.0,1.0,GPIX
19/07/2025,04:40:20,47.62037,-52.73563,156.0,1.0,SKT-4031,1.0,1.0,GPIX
19/07/2025,04:40:27,47.62036,-52.73564,155.0,1.0,SKT-4031,1.0,1.0,GPIX
19/07/2025,04:40:35,47.62035,-52.73565,152.0,1.0,SKT-4031,1.0,1.0,GPIX
19/07/2025,04:40:42,47.62036,-52.73566,148.0,1.0,SKT-4031,1.0,1.0,GPIX
19/07/2025,04:40:50,47.62035,-52.73565,145.0,1.0,SKT-4031,1.0,1.0,GPIX
19/07/2025,04:40:57,47.62035,-52.73565,144.0,1.0,SKT-4031,1.0,1.0,GPIX
19/07/2025,04:41:05,47.62035,-52.73563,141.0,1.0,SKT-4031,1.0,1.0,GPIX
19/07/2025,04:41:12,47.62035,-52.73561,138.0,1.0,SKT-4031,1.0,1.0,GPIX
19/07/2025,04:41:19,47.62035,-52.7356,136.0,1.0,SKT-4031,1.0,1.0,GPIX
19/07/2025,04:41:27,47.62036,-52.73561,135.0,1.0,SKT-4031,1.0,1.0,GPIX
19/07/2025,04:41:35,47.62038,-52.73564,135.0,1.0,SKT-4031,1.0,1.0,GPIX
19/07/2025,04:41:42,47.62039,-52.73566,135.0,1.0,SKT-4031,1.0,1.0,GPIX
19/07/2025,04:41:49,47.6204,-52.73566,135.0,1.0,SKT-4031,1.0,1.0,GPIX
19/07/2025,04:41:57,47.62041,-52.73567,135.0,1.0,SKT-4031,1.0,1.0,GPIX
19/07/2025,04:42:05,47.62041,-52.73567,136.0,1.0,SKT-4031,1.0,1.0,GPIX
19/07/2025,04:42:12,47.6204,-52.73567,136.0,1.0,SKT-4031,1.0,1.0,GPIX
19/07/2025,04:42:19,47.6204,-52.73567,138.0,1.0,SKT-4031,1.0,1.0,GPIX
19/07/2025,04:42:27,47.62041,-52.73567,142.0,1.0,SKT-4031,1.0,1.0,GPIX
19/07/2025,04:42:34,47.62042,-52.73567,145.0,1.0,SKT-4031,1.0,1.0,GPIX
19/07/2025,04:42:42,47.62043,-52.73568,149.0,1.0,SKT-4031,1.0,1.0,GPIX
19/07/2025,04:42:49,47.62045,-52.73568,154.0,1.0,SKT-4031,1.0,1.0,GPIX
19/07/2025,04:42:56,47.62046,-52.73569,159.0,1.0,SKT-4031,1.0,1.0,GPIX
19/07/2025,04:43:04,47.62048,-52.73571,164.0,1.0,SKT-4031,1.0,1.0,GPIX
19/07/2025,04:43:11,47.62048,-52.73573,167.0,1.0,SKT-4031,1.0,1.0,GPIX
19/07/2025,04:43:19,47.62045,-52.73574,164.0,1.0,SKT-4031,1.0,1.0,GPIX
19/07/2025,04:43:27,47.62046,-52.73575,159.0,1.0,SKT-4031,1.0,1.0,GPIX
19/07/2025,04:43:34,47.62047,-52.73575,156.0,1.0,SKT-4031,1.0,1.0,GPIX
19/07/2025,04:43:41,47.62049,-52.73575,153.0,1.0,SKT-4031,1.0,1.0,GPIX
19/07/2025,04:43:49,47.62049,-52.73576,151.0,1.0,SKT-4031,1.0,1.0,GPIX
19/07/2025,04:43:56,47.62049,-52.73576,150.0,1.0,SKT-4031,1.0,1.0,GPIX
19/07/2025,04:44:03,47.62048,-52.73574,149.0,1.0,SKT-4031,1.0,1.0,GPIX
19/07/2025,04:44:11,47.62048,-52.73573,149.0,1.0,SKT-4031,1.0,1.0,GPIX
19/07/2025,04:44:19,47.62047,-52.73572,149.0,1.0,SKT-4031,1.0,1.0,GPIX
19/07/2025,04:44:26,47.62047,-52.73572,151.0,1.0,SKT-4031,1.0,1.0,GPIX
19/07/2025,04:44:33,47.62046,-52.73572,154.0,1.0,SKT-4031,1.0,1.0,GPIX
19/07/2025,04:44:41,47.62046,-52.73571,155.0,1.0,SKT-4031,1.0,1.0,GPIX
19/07/2025,04:44:48,47.62047,-52.73571,156.0,1.0,SKT-4031,1.0,1.0,GPIX
19/07/2025,04:44:55,47.62047,-52.73571,156.0,1.0,SKT-4031,1.0,1.0,GPIX
19/07/2025,04:45:03,47.62048,-52.7357,156.0,1.0,SKT-4031,1.0,1.0,GPIX
19/07/2025,04:45:10,47.62049,-52.73569,156.0,1.0,SKT-4031,1.0,1.0,GPIX
19/07/2025,04:45:18,47.62049,-52.73569,157.0,1.0,SKT-4031,1.0,1.0,GPIX
19/07/2025,04:45:25,47.62049,-52.73568,157.0,1.0,SKT-4031,1.0,1.0,GPIX
19/07/2025,04:45:33,47.62049,-52.73568,147.0,1.0,SKT-4031,1.0,1.0,GPIX
19/07/2025,04:45:41,47.62048,-52.73568,142.0,1.0,SKT-4031,1.0,1.0,GPIX
19/07/2025,04:45:48,47.62046,-52.73569,140.0,1.0,SKT-4031,1.0,1.0,GPIX
19/07/2025,04:45:55,47.62046,-52.73569,140.0,1.0,SKT-4031,1.0,1.0,GPIX
19/07/2025,04:46:04,47.62046,-52.7357,141.0,1.0,SKT-4031,1.0,1.0,GPIX
19/07/2025,04:46:11,47.62046,-52.7357,140.0,1.0,SKT-4031,1.0,1.0,GPIX
19/07/2025,04:46:19,47.62046,-52.73571,138.0,1.0,SKT-4031,1.0,1.0,GPIX
19/07/2025,04:46:26,47.62046,-52.73571,137.0,1.0,SKT-4031,1.0,1.0,GPIX
19/07/2025,04:46:34,47.62045,-52.73572,139.0,1.0,SKT-4031,1.0,1.0,GPIX
19/07/2025,04:46:41,47.62044,-52.73573,140.0,1.0,SKT-4031,1.0,1.0,GPIX
19/07/2025,04:46:49,47.62045,-52.73572,140.0,1.0,SKT-4031,1.0,1.0,GPIX
19/07/2025,04:46:56,47.62046,-52.73571,139.0,1.0,SKT-4031,1.0,1.0,GPIX
19/07/2025,04:47:04,47.62047,-52.73571,138.0,1.0,SKT-4031,1.0,1.0,GPIX
19/07/2025,04:47:11,47.62048,-52.7357,137.0,1.0,SKT-4031,1.0,1.0,GPIX
19/07/2025,04:47:19,47.62048,-52.7357,136.0,1.0,SKT-4031,1.0,1.0,GPIX
19/07/2025,04:47:26,47.62049,-52.73569,136.0,1.0,SKT-4031,1.0,1.0,GPIX
19/07/2025,04:47:33,47.62049,-52.73569,137.0,1.0,SKT-4031,1.0,1.0,GPIX
19/07/2025,04:47:41,47.62049,-52.73568,138.0,1.0,SKT-4031,1.0,1.0,GPIX
19/07/2025,04:47:48,47.62051,-52.73569,139.0,1.0,SKT-4031,1.0,1.0,GPIX
19/07/2025,04:47:56,47.62051,-52.73569,139.0,1.0,SKT-4031,1.0,1.0,GPIX
19/07/2025,04:48:03,47.62051,-52.73569,137.0,1.0,SKT-4031,1.0,1.0,GPIX
19/07/2025,04:48:11,47.62051,-52.73569,136.0,1.0,SKT-4031,1.0,1.0,GPIX
19/07/2025,04:48:18,47.6205,-52.73569,137.0,1.0,SKT-4031,1.0,1.0,GPIX
19/07/2025,04:48:25,47.62047,-52.73571,139.0,1.0,SKT-4031,1.0,1.0,GPIX
19/07/2025,04:48:33,47.62045,-52.73572,140.0,1.0,SKT-4031,1.0,1.0,GPIX
19/07/2025,04:48:40,47.62044,-52.73572,140.0,1.0,SKT-4031,1.0,1.0,GPIX
19/07/2025,04:48:47,47.62044,-52.73572,138.0,1.0,SKT-4031,1.0,1.0,GPIX
19/07/2025,04:48:55,47.62045,-52.73572,140.0,1.0,SKT-4031,1.0,1.0,GPIX
19/07/2025,04:49:03,47.62047,-52.73573,140.0,1.0,SKT-4031,1.0,1.0,GPIX
19/07/2025,04:49:10,47.62048,-52.73572,139.0,1.0,SKT-4031,1.0,1.0,GPIX
19/07/2025,04:49:18,47.62051,-52.7357,138.0,1.0,SKT-4031,1.0,1.0,GPIX
19/07/2025,04:49:25,47.62051,-52.73569,136.0,1.0,SKT-4031,1.0,1.0,GPIX
19/07/2025,04:49:32,47.62052,-52.73569,137.0,1.0,SKT-4031,1.0,1.0,GPIX
19/07/2025,04:49:40,47.62053,-52.73568,139.0,1.0,SKT-4031,1.0,1.0,GPIX
19/07/2025,04:49:47,47.62052,-52.73568,141.0,1.0,SKT-4031,1.0,1.0,GPIX
19/07/2025,04:49:55,47.62052,-52.73567,145.0,1.0,SKT-4031,1.0,1.0,GPIX
19/07/2025,04:50:02,47.62051,-52.73567,146.0,1.0,SKT-4031,1.0,1.0,GPIX
19/07/2025,04:50:10,47.6205,-52.73566,147.0,1.0,SKT-4031,1.0,1.0,GPIX
19/07/2025,04:50:17,47.62048,-52.73567,149.0,1.0,SKT-4031,1.0,1.0,GPIX
19/07/2025,04:50:24,47.62046,-52.73568,150.0,1.0,SKT-4031,1.0,1.0,GPIX
19/07/2025,04:50:32,47.62046,-52.73569,149.0,1.0,SKT-4031,1.0,1.0,GPIX
19/07/2025,04:50:39,47.62047,-52.73569,147.0,1.0,SKT-4031,1.0,1.0,GPIX
19/07/2025,04:50:47,47.62047,-52.73569,145.0,1.0,SKT-4031,1.0,1.0,GPIX
19/07/2025,04:50:54,47.62048,-52.7357,147.0,1.0,SKT-4031,1.0,1.0,GPIX
19/07/2025,04:51:01,47.62049,-52.7357,148.0,1.0,SKT-4031,1.0,1.0,GPIX
19/07/2025,04:51:10,47.62049,-52.7357,148.0,1.0,SKT-4031,1.0,1.0,GPIX
19/07/2025,04:51:17,47.62049,-52.7357,148.0,1.0,SKT-4031,1.0,1.0,GPIX
19/07/2025,04:51:24,47.62049,-52.7357,146.0,1.0,SKT-4031,1.0,1.0,GPIX
19/07/2025,04:51:32,47.62049,-52.73571,146.0,1.0,SKT-4031,1.0,1.0,GPIX
19/07/2025,04:51:40,47.62049,-52.73572,146.0,1.0,SKT-4031,1.0,1.0,GPIX
19/07/2025,04:51:47,47.62048,-52.73573,147.0,1.0,SKT-4031,1.0,1.0,GPIX
19/07/2025,04:51:54,47.62046,-52.73574,149.0,1.0,SKT-4031,1.0,1.0,GPIX
19/07/2025,04:52:02,47.62045,-52.73574,150.0,1.0,SKT-4031,1.0,1.0,GPIX
19/07/2025,04:52:10,47.62044,-52.73574,149.0,1.0,SKT-4031,1.0,1.0,GPIX
19/07/2025,04:52:17,47.62043,-52.73573,147.0,1.0,SKT-4031,1.0,1.0,GPIX
19/07/2025,04:52:25,47.62042,-52.73573,144.0,1.0,SKT-4031,1.0,1.0,GPIX
19/07/2025,04:52:33,47.62041,-52.73572,143.0,1.0,SKT-4031,1.0,1.0,GPIX
19/07/2025,04:52:40,47.62041,-52.73571,142.0,1.0,SKT-4031,1.0,1.0,GPIX
19/07/2025,04:52:48,47.62042,-52.73571,141.0,1.0,SKT-4031,1.0,1.0,GPIX
19/07/2025,04:52:55,47.62042,-52.73571,142.0,1.0,SKT-4031,1.0,1.0,GPIX
19/07/2025,04:53:03,47.62043,-52.73571,145.0,1.0,SKT-4031,1.0,1.0,GPIX
19/07/2025,04:53:10,47.62045,-52.73571,147.0,1.0,SKT-4031,1.0,1.0,GPIX
19/07/2025,04:53:18,47.62045,-52.73571,149.0,1.0,SKT-4031,1.0,1.0,GPIX
19/07/2025,04:53:25,47.62045,-52.73571,150.0,1.0,SKT-4031,1.0,1.0,GPIX
19/07/2025,04:53:32,47.62044,-52.73572,151.0,1.0,SKT-4031,1.0,1.0,GPIX
19/07/2025,04:53:40,47.62044,-52.73571,151.0,1.0,SKT-4031,1.0,1.0,GPIX
19/07/2025,04:53:47,47.62044,-52.73569,151.0,1.0,SKT-4031,1.0,1.0,GPIX
19/07/2025,04:53:55,47.62043,-52.73566,149.0,1.0,SKT-4031,1.0,1.0,GPIX
19/07/2025,04:54:02,47.62041,-52.73563,148.0,1.0,SKT-4031,1.0,1.0,GPIX
19/07/2025,04:54:09,47.6204,-52.73562,149.0,1.0,SKT-4031,1.0,1.0,GPIX
19/07/2025,04:54:17,47.62039,-52.73562,150.0,1.0,SKT-4031,1.0,1.0,GPIX
19/07/2025,04:54:24,47.62038,-52.73562,151.0,1.0,SKT-4031,1.0,1.0,GPIX
19/07/2025,04:54:31,47.62038,-52.73561,150.0,1.0,SKT-4031,1.0,1.0,GPIX
19/07/2025,04:54:39,47.62039,-52.73562,147.0,1.0,SKT-4031,1.0,1.0,GPIX
19/07/2025,04:54:46,47.6204,-52.73564,146.0,1.0,SKT-4031,1.0,1.0,GPIX
19/07/2025,04:54:53,47.6204,-52.73566,145.0,1.0,SKT-4031,1.0,1.0,GPIX
19/07/2025,04:55:01,47.62041,-52.73568,143.0,1.0,SKT-4031,1.0,1.0,GPIX
19/07/2025,04:55:08,47.62043,-52.73568,142.0,1.0,SKT-4031,1.0,1.0,GPIX
19/07/2025,04:55:16,47.62043,-52.73568,143.0,1.0,SKT-4031,1.0,1.0,GPIX
19/07/2025,04:55:23,47.62045,-52.73568,149.0,1.0,SKT-4031,1.0,1.0,GPIX
19/07/2025,04:55:31,47.62046,-52.73567,152.0,1.0,SKT-4031,1.0,1.0,GPIX
19/07/2025,04:55:38,47.62047,-52.73567,154.0,1.0,SKT-4031,1.0,1.0,GPIX
19/07/2025,04:55:45,47.62046,-52.73567,155.0,1.0,SKT-4031,1.0,1.0,GPIX
19/07/2025,04:55:53,47.62044,-52.73568,154.0,1.0,SKT-4031,1.0,1.0,GPIX
19/07/2025,04:56:00,47.62046,-52.73569,157.0,1.0,SKT-4031,1.0,1.0,GPIX
19/07/2025,04:56:08,47.62049,-52.73571,160.0,1.0,SKT-4031,1.0,1.0,GPIX
19/07/2025,04:56:15,47.62051,-52.73571,163.0,1.0,SKT-4031,1.0,1.0,GPIX
19/07/2025,04:56:22,47.62054,-52.73572,164.0,1.0,SKT-4031,1.0,1.0,GPIX
19/07/2025,04:56:30,47.62054,-52.73571,165.0,1.0,SKT-4031,1.0,1.0,GPIX
19/07/2025,04:56:37,47.62054,-52.73571,166.0,1.0,SKT-4031,1.0,1.0,GPIX
19/07/2025,04:56:45,47.62052,-52.73571,164.0,1.0,SKT-4031,1.0,1.0,GPIX
19/07/2025,04:56:52,47.6205,-52.73572,163.0,1.0,SKT-4031,1.0,1.0,GPIX
19/07/2025,04:57:00,47.62049,-52.73573,162.0,1.0,SKT-4031,1.0,1.0,GPIX
19/07/2025,04:57:08,47.62047,-52.73573,160.0,1.0,SKT-4031,1.0,1.0,GPIX
19/07/2025,04:57:15,47.62046,-52.73572,157.0,1.0,SKT-4031,1.0,1.0,GPIX
19/07/2025,04:57:22,47.62045,-52.73573,154.0,1.0,SKT-4031,1.0,1.0,GPIX
19/07/2025,04:57:30,47.62045,-52.73573,152.0,1.0,SKT-4031,1.0,1.0,GPIX
19/07/2025,04:57:37,47.62045,-52.73573,150.0,1.0,SKT-4031,1.0,1.0,GPIX
19/07/2025,04:57:45,47.62045,-52.73573,148.0,1.0,SKT-4031,1.0,1.0,GPIX
19/07/2025,04:57:52,47.62045,-52.73572,146.0,1.0,SKT-4031,1.0,1.0,GPIX
19/07/2025,04:58:00,47.62045,-52.73571,143.0,1.0,SKT-4031,1.0,1.0,GPIX
19/07/2025,04:58:08,47.62046,-52.7357,140.0,1.0,SKT-4031,1.0,1.0,GPIX
19/07/2025,04:58:15,47.62046,-52.73569,139.0,1.0,SKT-4031,1.0,1.0,GPIX
19/07/2025,04:58:23,47.62047,-52.73568,139.0,1.0,SKT-4031,1.0,1.0,GPIX
19/07/2025,04:58:30,47.62048,-52.73568,140.0,1.0,SKT-4031,1.0,1.0,GPIX
19/07/2025,04:58:37,47.62049,-52.73568,140.0,1.0,SKT-4031,1.0,1.0,GPIX
19/07/2025,04:58:45,47.6205,-52.73568,140.0,1.0,SKT-4031,1.0,1.0,GPIX
19/07/2025,04:58:52,47.62051,-52.73569,139.0,1.0,SKT-4031,1.0,1.0,GPIX
19/07/2025,04:58:59,47.6205,-52.73571,141.0,1.0,SKT-4031,1.0,1.0,GPIX
19/07/2025,04:59:07,47.62048,-52.73572,143.0,1.0,SKT-4031,1.0,1.0,GPIX
19/07/2025,04:59:14,47.62046,-52.73571,142.0,1.0,SKT-4031,1.0,1.0,GPIX
19/07/2025,04:59:22,47.62047,-52.7357,141.0,1.0,SKT-4031,1.0,1.0,GPIX
19/07/2025,04:59:29,47.62048,-52.73568,142.0,1.0,SKT-4031,1.0,1.0,GPIX
19/07/2025,04:59:36,47.62049,-52.73566,143.0,1.0,SKT-4031,1.0,1.0,GPIX
19/07/2025,04:59:44,47.62049,-52.73565,143.0,1.0,SKT-4031,1.0,1.0,GPIX
19/07/2025,04:59:51,47.62051,-52.73563,144.0,1.0,SKT-4031,1.0,1.0,GPIX
19/07/2025,04:59:59,47.62051,-52.73565,148.0,1.0,SKT-4031,1.0,1.0,GPIX
19/07/2025,05:00:07,47.62049,-52.7357,155.0,1.0,SKT-4031,1.0,1.0,GPIX
19/07/2025,05:00:15,47.62048,-52.73573,158.0,1.0,SKT-4031,1.0,1.0,GPIX
19/07/2025,05:00:23,47.62048,-52.73574,158.0,1.0,SKT-4031,1.0,1.0,GPIX
19/07/2025,05:00:30,47.62048,-52.73574,156.0,1.0,SKT-4031,1.0,1.0,GPIX
19/07/2025,05:00:37,47.62048,-52.73574,150.0,1.0,SKT-4031,1.0,1.0,GPIX
19/07/2025,05:00:45,47.62048,-52.73573,145.0,1.0,SKT-4031,1.0,1.0,GPIX
19/07/2025,05:00:52,47.62046,-52.7357,140.0,1.0,SKT-4031,1.0,1.0,GPIX
19/07/2025,05:01:00,47.62045,-52.73569,140.0,1.0,SKT-4031,1.0,1.0,GPIX
19/07/2025,05:01:07,47.62043,-52.7357,142.0,1.0,SKT-4031,1.0,1.0,GPIX
19/07/2025,05:01:14,47.62044,-52.73571,142.0,1.0,SKT-4031,1.0,1.0,GPIX
19/07/2025,05:01:22,47.62045,-52.73571,141.0,1.0,SKT-4031,1.0,1.0,GPIX
19/07/2025,05:01:30,47.62046,-52.73573,138.0,1.0,SKT-4031,1.0,1.0,GPIX
19/07/2025,05:01:37,47.62047,-52.73575,138.0,1.0,SKT-4031,1.0,1.0,GPIX
19/07/2025,05:01:44,47.62047,-52.73576,138.0,1.0,SKT-4031,1.0,1.0,GPIX
19/07/2025,05:01:52,47.62048,-52.73576,138.0,1.0,SKT-4031,1.0,1.0,GPIX
19/07/2025,05:01:59,47.6205,-52.73576,140.0,1.0,SKT-4031,1.0,1.0,GPIX
19/07/2025,05:02:07,47.62053,-52.73577,139.0,1.0,SKT-4031,1.0,1.0,GPIX
19/07/2025,05:02:14,47.62053,-52.73577,139.0,1.0,SKT-4031,1.0,1.0,GPIX
19/07/2025,05:02:22,47.62053,-52.73574,140.0,1.0,SKT-4031,1.0,1.0,GPIX
19/07/2025,05:02:29,47.62052,-52.73571,141.0,1.0,SKT-4031,1.0,1.0,GPIX
19/07/2025,05:02:36,47.62051,-52.73568,141.0,1.0,SKT-4031,1.0,1.0,GPIX
19/07/2025,05:02:44,47.62049,-52.73562,134.0,1.0,SKT-4031,1.0,1.0,GPIX
19/07/2025,05:02:51,47.62047,-52.73559,128.0,1.0,SKT-4031,1.0,1.0,GPIX
19/07/2025,05:02:59,47.62046,-52.73559,126.0,1.0,SKT-4031,1.0,1.0,GPIX
19/07/2025,05:03:06,47.62046,-52.73562,125.0,1.0,SKT-4031,1.0,1.0,GPIX
19/07/2025,05:03:14,47.62047,-52.73563,127.0,1.0,SKT-4031,1.0,1.0,GPIX
19/07/2025,05:03:21,47.62047,-52.73565,130.0,1.0,SKT-4031,1.0,1.0,GPIX
19/07/2025,05:03:28,47.62045,-52.73567,133.0,1.0,SKT-4031,1.0,1.0,GPIX
19/07/2025,05:03:36,47.62043,-52.73571,134.0,1.0,SKT-4031,1.0,1.0,GPIX
19/07/2025,05:03:43,47.62041,-52.73573,133.0,1.0,SKT-4031,1.0,1.0,GPIX
19/07/2025,05:03:50,47.62041,-52.73573,135.0,1.0,SKT-4031,1.0,1.0,GPIX
19/07/2025,05:03:58,47.62042,-52.73573,137.0,1.0,SKT-4031,1.0,1.0,GPIX
19/07/2025,05:04:05,47.62044,-52.73573,140.0,1.0,SKT-4031,1.0,1.0,GPIX
19/07/2025,05:04:13,47.62045,-52.73573,143.0,1.0,SKT-4031,1.0,1.0,GPIX
19/07/2025,05:04:20,47.62047,-52.73573,142.0,1.0,SKT-4031,1.0,1.0,GPIX
19/07/2025,05:04:27,47.62048,-52.73572,139.0,1.0,SKT-4031,1.0,1.0,GPIX
19/07/2025,05:04:35,47.62049,-52.73572,134.0,1.0,SKT-4031,1.0,1.0,GPIX
19/07/2025,05:04:42,47.6205,-52.73571,131.0,1.0,SKT-4031,1.0,1.0,GPIX
19/07/2025,05:04:49,47.6205,-52.73569,129.0,1.0,SKT-4031,1.0,1.0,GPIX
19/07/2025,05:04:57,47.62051,-52.73569,130.0,1.0,SKT-4031,1.0,1.0,GPIX
19/07/2025,05:05:04,47.62052,-52.7357,133.0,1.0,SKT-4031,1.0,1.0,GPIX
19/07/2025,05:05:11,47.62053,-52.7357,137.0,1.0,SKT-4031,1.0,1.0,GPIX
19/07/2025,05:05:19,47.62054,-52.7357,138.0,1.0,SKT-4031,1.0,1.0,GPIX
19/07/2025,05:05:26,47.62053,-52.7357,138.0,1.0,SKT-4031,1.0,1.0,GPIX
19/07/2025,05:05:34,47.62053,-52.7357,141.0,1.0,SKT-4031,1.0,1.0,GPIX
19/07/2025,05:05:41,47.62053,-52.73569,148.0,1.0,SKT-4031,1.0,1.0,GPIX
19/07/2025,05:05:48,47.62054,-52.7357,154.0,1.0,SKT-4031,1.0,1.0,GPIX
19/07/2025,05:05:56,47.62056,-52.7357,159.0,1.0,SKT-4031,1.0,1.0,GPIX
19/07/2025,05:06:03,47.62056,-52.73571,164.0,1.0,SKT-4031,1.0,1.0,GPIX
19/07/2025,05:06:11,47.62057,-52.73573,170.0,1.0,SKT-4031,1.0,1.0,GPIX
19/07/2025,05:06:18,47.62059,-52.73572,168.0,1.0,SKT-4031,1.0,1.0,GPIX
19/07/2025,05:06:26,47.62061,-52.7357,168.0,1.0,SKT-4031,1.0,1.0,GPIX
19/07/2025,05:06:34,47.6206,-52.73568,167.0,1.0,SKT-4031,1.0,1.0,GPIX
19/07/2025,05:06:41,47.6206,-52.73565,166.0,1.0,SKT-4031,1.0,1.0,GPIX
19/07/2025,05:06:48,47.62062,-52.73564,166.0,1.0,SKT-4031,1.0,1.0,GPIX
19/07/2025,05:06:56,47.62063,-52.73564,166.0,1.0,SKT-4031,1.0,1.0,GPIX
19/07/2025,05:07:03,47.62061,-52.73566,163.0,1.0,SKT-4031,1.0,1.0,GPIX
19/07/2025,05:07:11,47.62062,-52.73568,165.0,1.0,SKT-4031,1.0,1.0,GPIX
19/07/2025,05:07:19,47.62064,-52.73569,167.0,1.0,SKT-4031,1.0,1.0,GPIX
19/07/2025,05:07:26,47.62063,-52.7357,167.0,1.0,SKT-4031,1.0,1.0,GPIX
19/07/2025,05:07:34,47.62062,-52.73571,166.0,1.0,SKT-4031,1.0,1.0,GPIX
19/07/2025,05:07:41,47.6206,-52.73571,164.0,1.0,SKT-4031,1.0,1.0,GPIX
19/07/2025,05:07:48,47.62056,-52.73572,160.0,1.0,SKT-4031,1.0,1.0,GPIX
19/07/2025,05:07:56,47.62054,-52.73572,157.0,1.0,SKT-4031,1.0,1.0,GPIX
19/07/2025,05:08:03,47.62054,-52.73574,160.0,1.0,SKT-4031,1.0,1.0,GPIX
19/07/2025,05:08:11,47.62052,-52.73574,159.0,1.0,SKT-4031,1.0,1.0,GPIX
19/07/2025,05:08:18,47.62051,-52.73575,156.0,1.0,SKT-4031,1.0,1.0,GPIX
19/07/2025,05:08:26,47.62049,-52.73576,155.0,1.0,SKT-4031,1.0,1.0,GPIX
19/07/2025,05:08:33,47.62049,-52.73575,156.0,1.0,SKT-4031,1.0,1.0,GPIX
19/07/2025,05:08:41,47.62049,-52.73574,156.0,1.0,SKT-4031,1.0,1.0,GPIX
19/07/2025,05:08:48,47.62049,-52.73573,154.0,1.0,SKT-4031,1.0,1.0,GPIX
19/07/2025,05:08:55,47.62049,-52.73573,152.0,1.0,SKT-4031,1.0,1.0,GPIX
19/07/2025,05:09:03,47.62048,-52.73572,150.0,1.0,SKT-4031,1.0,1.0,GPIX
19/07/2025,05:09:11,47.62046,-52.73571,150.0,1.0,SKT-4031,1.0,1.0,GPIX
19/07/2025,05:09:18,47.62045,-52.73572,151.0,1.0,SKT-4031,1.0,1.0,GPIX
19/07/2025,05:09:25,47.62045,-52.73572,150.0,1.0,SKT-4031,1.0,1.0,GPIX
19/07/2025,05:09:33,47.62045,-52.73571,149.0,1.0,SKT-4031,1.0,1.0,GPIX
19/07/2025,05:09:40,47.62046,-52.73571,148.0,1.0,SKT-4031,1.0,1.0,GPIX
19/07/2025,05:09:48,47.62048,-52.7357,146.0,1.0,SKT-4031,1.0,1.0,GPIX
19/07/2025,05:09:55,47.62049,-52.7357,145.0,1.0,SKT-4031,1.0,1.0,GPIX
19/07/2025,05:10:03,47.62049,-52.73571,146.0,1.0,SKT-4031,1.0,1.0,GPIX
19/07/2025,05:10:10,47.62048,-52.73571,148.0,1.0,SKT-4031,1.0,1.0,GPIX
19/07/2025,05:10:18,47.62051,-52.73573,159.0,1.0,SKT-4031,1.0,1.0,GPIX
19/07/2025,05:10:26,47.62053,-52.73573,165.0,1.0,SKT-4031,1.0,1.0,GPIX
19/07/2025,05:10:33,47.62054,-52.73573,167.0,1.0,SKT-4031,1.0,1.0,GPIX
19/07/2025,05:10:41,47.62053,-52.73571,164.0,1.0,SKT-4031,1.0,1.0,GPIX
19/07/2025,05:10:48,47.62052,-52.73568,160.0,1.0,SKT-4031,1.0,1.0,GPIX
19/07/2025,05:10:55,47.6205,-52.73566,157.0,1.0,SKT-4031,1.0,1.0,GPIX
19/07/2025,05:11:03,47.62048,-52.73566,156.0,1.0,SKT-4031,1.0,1.0,GPIX
19/07/2025,05:11:10,47.62048,-52.73566,155.0,1.0,SKT-4031,1.0,1.0,GPIX
19/07/2025,05:11:18,47.62046,-52.73568,154.0,1.0,SKT-4031,1.0,1.0,GPIX
19/07/2025,05:11:25,47.62045,-52.7357,156.0,1.0,SKT-4031,1.0,1.0,GPIX
19/07/2025,05:11:32,47.62044,-52.7357,159.0,1.0,SKT-4031,1.0,1.0,GPIX
19/07/2025,05:11:40,47.62046,-52.7357,160.0,1.0,SKT-4031,1.0,1.0,GPIX
19/07/2025,05:11:47,47.62048,-52.73571,158.0,1.0,SKT-4031,1.0,1.0,GPIX
19/07/2025,05:11:55,47.62049,-52.73572,157.0,1.0,SKT-4031,1.0,1.0,GPIX
19/07/2025,05:12:02,47.62051,-52.73575,156.0,1.0,SKT-4031,1.0,1.0,GPIX
19/07/2025,05:12:10,47.62051,-52.73575,156.0,1.0,SKT-4031,1.0,1.0,GPIX
19/07/2025,05:12:17,47.62049,-52.73574,154.0,1.0,SKT-4031,1.0,1.0,GPIX
19/07/2025,05:12:25,47.62046,-52.73572,153.0,1.0,SKT-4031,1.0,1.0,GPIX
19/07/2025,05:12:33,47.62044,-52.73571,152.0,1.0,SKT-4031,1.0,1.0,GPIX
19/07/2025,05:12:40,47.62042,-52.73572,159.0,1.0,SKT-4031,1.0,1.0,GPIX
19/07/2025,05:12:47,47.62041,-52.73573,166.0,1.0,SKT-4031,1.0,1.0,GPIX
19/07/2025,05:12:55,47.62041,-52.73574,168.0,1.0,SKT-4031,1.0,1.0,GPIX
19/07/2025,05:13:02,47.62041,-52.73573,168.0,1.0,SKT-4031,1.0,1.0,GPIX
19/07/2025,05:13:10,47.62042,-52.73573,167.0,1.0,SKT-4031,1.0,1.0,GPIX
19/07/2025,05:13:17,47.62044,-52.73573,164.0,1.0,SKT-4031,1.0,1.0,GPIX
19/07/2025,05:13:24,47.62047,-52.73573,162.0,1.0,SKT-4031,1.0,1.0,GPIX
19/07/2025,05:13:32,47.6205,-52.73573,161.0,1.0,SKT-4031,1.0,1.0,GPIX
19/07/2025,05:13:39,47.62052,-52.73572,161.0,1.0,SKT-4031,1.0,1.0,GPIX
19/07/2025,05:13:47,47.62052,-52.73572,161.0,1.0,SKT-4031,1.0,1.0,GPIX
19/07/2025,05:13:54,47.62051,-52.73572,164.0,1.0,SKT-4031,1.0,1.0,GPIX
19/07/2025,05:14:02,47.6205,-52.73573,166.0,1.0,SKT-4031,1.0,1.0,GPIX
19/07/2025,05:14:10,47.62049,-52.73573,166.0,1.0,SKT-4031,1.0,1.0,GPIX
19/07/2025,05:14:17,47.62049,-52.73573,167.0,1.0,SKT-4031,1.0,1.0,GPIX
19/07/2025,05:14:25,47.62053,-52.73574,173.0,1.0,SKT-4031,1.0,1.0,GPIX
19/07/2025,05:14:32,47.62059,-52.73575,181.0,1.0,SKT-4031,1.0,1.0,GPIX
19/07/2025,05:14:40,47.62064,-52.73576,190.0,1.0,SKT-4031,1.0,1.0,GPIX
19/07/2025,05:14:47,47.62065,-52.73576,194.0,1.0,SKT-4031,1.0,1.0,GPIX
19/07/2025,05:14:54,47.62066,-52.73578,200.0,1.0,SKT-4031,1.0,1.0,GPIX
19/07/2025,05:15:02,47.62069,-52.7358,209.0,1.0,SKT-4031,1.0,1.0,GPIX
19/07/2025,05:15:09,47.62072,-52.73579,214.0,1.0,SKT-4031,1.0,1.0,GPIX
19/07/2025,05:15:17,47.62074,-52.73581,219.0,1.0,SKT-4031,1.0,1.0,GPIX
19/07/2025,05:15:24,47.62072,-52.73581,218.0,1.0,SKT-4031,1.0,1.0,GPIX
19/07/2025,05:15:31,47.62069,-52.73582,215.0,1.0,SKT-4031,1.0,1.0,GPIX
19/07/2025,05:15:39,47.62067,-52.73583,209.0,1.0,SKT-4031,1.0,1.0,GPIX
19/07/2025,05:15:46,47.62067,-52.73585,202.0,1.0,SKT-4031,1.0,1.0,GPIX
19/07/2025,05:15:54,47.62066,-52.73585,192.0,1.0,SKT-4031,1.0,1.0,GPIX
19/07/2025,05:16:02,47.62065,-52.73584,183.0,1.0,SKT-4031,1.0,1.0,GPIX
19/07/2025,05:16:09,47.62064,-52.73581,176.0,1.0,SKT-4031,1.0,1.0,GPIX
19/07/2025,05:16:17,47.62063,-52.73578,168.0,1.0,SKT-4031,1.0,1.0,GPIX
19/07/2025,05:16:25,47.62061,-52.73574,162.0,1.0,SKT-4031,1.0,1.0,GPIX
19/07/2025,05:16:32,47.62059,-52.73573,157.0,1.0,SKT-4031,1.0,1.0,GPIX
19/07/2025,05:16:40,47.62057,-52.73569,151.0,1.0,SKT-4031,1.0,1.0,GPIX
19/07/2025,05:16:47,47.62057,-52.73567,147.0,1.0,SKT-4031,1.0,1.0,GPIX
19/07/2025,05:16:55,47.62054,-52.73568,148.0,1.0,SKT-4031,1.0,1.0,GPIX
19/07/2025,05:17:02,47.62051,-52.7357,150.0,1.0,SKT-4031,1.0,1.0,GPIX
19/07/2025,05:17:09,47.62049,-52.73572,152.0,1.0,SKT-4031,1.0,1.0,GPIX
19/07/2025,05:17:17,47.62047,-52.73573,152.0,1.0,SKT-4031,1.0,1.0,GPIX
19/07/2025,05:17:24,47.62046,-52.73574,152.0,1.0,SKT-4031,1.0,1.0,GPIX
19/07/2025,05:17:32,47.62045,-52.73573,151.0,1.0,SKT-4031,1.0,1.0,GPIX
19/07/2025,05:17:40,47.62044,-52.73571,150.0,1.0,SKT-4031,1.0,1.0,GPIX
19/07/2025,05:17:47,47.62045,-52.7357,151.0,1.0,SKT-4031,1.0,1.0,GPIX
19/07/2025,05:17:55,47.62045,-52.73568,153.0,1.0,SKT-4031,1.0,1.0,GPIX
19/07/2025,05:18:02,47.62045,-52.73567,154.0,1.0,SKT-4031,1.0,1.0,GPIX
19/07/2025,05:18:10,47.62045,-52.73568,155.0,1.0,SKT-4031,1.0,1.0,GPIX
19/07/2025,05:18:18,47.62045,-52.7357,154.0,1.0,SKT-4031,1.0,1.0,GPIX
19/07/2025,05:18:25,47.62046,-52.7357,153.0,1.0,SKT-4031,1.0,1.0,GPIX
19/07/2025,05:18:32,47.62047,-52.73568,152.0,1.0,SKT-4031,1.0,1.0,GPIX
19/07/2025,05:18:40,47.62047,-52.73568,151.0,1.0,SKT-4031,1.0,1.0,GPIX
19/07/2025,05:18:47,47.62047,-52.73567,151.0,1.0,SKT-4031,1.0,1.0,GPIX
19/07/2025,05:18:55,47.62047,-52.73566,152.0,1.0,SKT-4031,1.0,1.0,GPIX
19/07/2025,05:19:02,47.62047,-52.73565,152.0,1.0,SKT-4031,1.0,1.0,GPIX
19/07/2025,05:19:09,47.62048,-52.73565,152.0,1.0,SKT-4031,1.0,1.0,GPIX
19/07/2025,05:19:17,47.62049,-52.73567,153.0,1.0,SKT-4031,1.0,1.0,GPIX
19/07/2025,05:19:24,47.62049,-52.73569,153.0,1.0,SKT-4031,1.0,1.0,GPIX
19/07/2025,05:19:31,47.6205,-52.73571,155.0,1.0,SKT-4031,1.0,1.0,GPIX
19/07/2025,05:19:39,47.6205,-52.73574,157.0,1.0,SKT-4031,1.0,1.0,GPIX
17/07/2025,11:28:54,,,,,,0.0,0.0,
17/07/2025,11:28:59,,,,,,0.0,0.0,
17/07/2025,11:29:04,,,,,,0.0,0.0,
17/07/2025,11:29:11,,,,,,0.0,0.0,
19/07/2025,05:29:10,47.62054,-52.73577,171.0,1.0,SKT-4031,1.0,0.0,GPIX
19/07/2025,05:29:17,47.62054,-52.73577,168.0,1.0,SKT-4031,1.0,0.0,GPIX
19/07/2025,05:29:24,47.62053,-52.73576,166.0,1.0,SKT-4031,1.0,0.0,GPIX
19/07/2025,05:29:31,47.62053,-52.73574,164.0,1.0,SKT-4031,1.0,0.0,GPIX
19/07/2025,05:29:38,47.62051,-52.73571,163.0,1.0,SKT-4031,1.0,0.0,GPIX
19/07/2025,05:29:45,47.6205,-52.73569,163.0,1.0,SKT-4031,1.0,0.0,GPIX
19/07/2025,05:29:52,47.62049,-52.73569,164.0,1.0,SKT-4031,1.0,0.0,GPIX
19/07/2025,05:29:59,47.62048,-52.7357,166.0,1.0,SKT-4031,1.0,0.0,GPIX
19/07/2025,05:30:06,47.62048,-52.73571,166.0,1.0,SKT-4031,1.0,0.0,GPIX
19/07/2025,05:30:14,47.62049,-52.73572,164.0,1.0,SKT-4031,1.0,0.0,GPIX
19/07/2025,05:30:22,47.6205,-52.73571,160.0,1.0,SKT-4031,1.0,1.0,GPIX
19/07/2025,05:30:29,47.62051,-52.73571,157.0,1.0,SKT-4031,1.0,1.0,GPIX
19/07/2025,05:30:37,47.62051,-52.73569,151.0,1.0,SKT-4031,1.0,1.0,GPIX
19/07/2025,05:30:44,47.62049,-52.73566,145.0,1.0,SKT-4031,1.0,1.0,GPIX
19/07/2025,05:30:52,47.62046,-52.73567,149.0,1.0,SKT-4031,1.0,1.0,GPIX
19/07/2025,05:31:00,47.62046,-52.73568,157.0,1.0,SKT-4031,1.0,1.0,GPIX
19/07/2025,05:31:08,47.62045,-52.73569,162.0,1.0,SKT-4031,1.0,1.0,GPIX
19/07/2025,05:31:15,47.62045,-52.73569,163.0,1.0,SKT-4031,1.0,1.0,GPIX
19/07/2025,05:31:23,47.62045,-52.7357,162.0,1.0,SKT-4031,1.0,1.0,GPIX
19/07/2025,05:31:30,47.62045,-52.73568,161.0,1.0,SKT-4031,1.0,1.0,GPIX
19/07/2025,05:31:38,47.62044,-52.73566,157.0,1.0,SKT-4031,1.0,1.0,GPIX
19/07/2025,05:31:47,47.62043,-52.73565,148.0,1.0,SKT-4031,1.0,1.0,GPIX
19/07/2025,05:31:55,47.62044,-52.73567,147.0,1.0,SKT-4031,1.0,1.0,GPIX
19/07/2025,05:32:02,47.62044,-52.73568,150.0,1.0,SKT-4031,1.0,1.0,GPIX
19/07/2025,05:32:10,47.62045,-52.73569,153.0,1.0,SKT-4031,1.0,1.0,GPIX
19/07/2025,05:32:18,47.62046,-52.73568,157.0,1.0,SKT-4031,1.0,1.0,GPIX
19/07/2025,05:32:25,47.62047,-52.73567,159.0,1.0,SKT-4031,1.0,1.0,GPIX
19/07/2025,05:32:33,47.62046,-52.73565,159.0,1.0,SKT-4031,1.0,1.0,GPIX
19/07/2025,05:32:41,47.62046,-52.73565,160.0,1.0,SKT-4031,1.0,1.0,GPIX
19/07/2025,05:32:48,47.62045,-52.73564,163.0,1.0,SKT-4031,1.0,1.0,GPIX
19/07/2025,05:32:56,47.62044,-52.73565,168.0,1.0,SKT-4031,1.0,1.0,GPIX
19/07/2025,05:33:03,47.62043,-52.73565,171.0,1.0,SKT-4031,1.0,1.0,GPIX
19/07/2025,05:33:10,47.62043,-52.73563,171.0,1.0,SKT-4031,1.0,1.0,GPIX
19/07/2025,05:33:18,47.62045,-52.73562,171.0,1.0,SKT-4031,1.0,1.0,GPIX
19/07/2025,05:33:25,47.62046,-52.73561,171.0,1.0,SKT-4031,1.0,1.0,GPIX
19/07/2025,05:33:33,47.62048,-52.7356,173.0,1.0,SKT-4031,1.0,1.0,GPIX
19/07/2025,05:33:40,47.62048,-52.73557,175.0,1.0,SKT-4031,1.0,1.0,GPIX
19/07/2025,05:33:48,47.62048,-52.73557,176.0,1.0,SKT-4031,1.0,1.0,GPIX
19/07/2025,05:33:55,47.62046,-52.73557,172.0,1.0,SKT-4031,1.0,1.0,GPIX
19/07/2025,05:34:02,47.62044,-52.73561,169.0,1.0,SKT-4031,1.0,1.0,GPIX
19/07/2025,05:34:10,47.62048,-52.73571,168.0,1.0,SKT-4031,1.0,1.0,GPIX
19/07/2025,05:34:17,47.62048,-52.73574,167.0,1.0,SKT-4031,1.0,1.0,GPIX
19/07/2025,05:34:25,47.62046,-52.73575,167.0,1.0,SKT-4031,1.0,1.0,GPIX
19/07/2025,05:34:32,47.62047,-52.73575,166.0,1.0,SKT-4031,1.0,1.0,GPIX
19/07/2025,05:34:40,47.62047,-52.73574,166.0,1.0,SKT-4031,1.0,1.0,GPIX
19/07/2025,05:34:47,47.62047,-52.73573,163.0,1.0,SKT-4031,1.0,1.0,GPIX
19/07/2025,05:34:55,47.62048,-52.73573,159.0,1.0,SKT-4031,1.0,1.0,GPIX
19/07/2025,05:35:02,47.62048,-52.73573,157.0,1.0,SKT-4031,1.0,1.0,GPIX
19/07/2025,05:35:10,47.62048,-52.73573,155.0,1.0,SKT-4031,1.0,1.0,GPIX
19/07/2025,05:35:17,47.62047,-52.73574,153.0,1.0,SKT-4031,1.0,1.0,GPIX
19/07/2025,05:35:24,47.62046,-52.73574,152.0,1.0,SKT-4031,1.0,1.0,GPIX
19/07/2025,05:35:32,47.62046,-52.73574,156.0,1.0,SKT-4031,1.0,1.0,GPIX
19/07/2025,05:35:39,47.62046,-52.73573,160.0,1.0,SKT-4031,1.0,1.0,GPIX
19/07/2025,05:35:47,47.62045,-52.73573,162.0,1.0,SKT-4031,1.0,1.0,GPIX
19/07/2025,05:35:54,47.62045,-52.73573,162.0,1.0,SKT-4031,1.0,1.0,GPIX
19/07/2025,05:36:02,47.62045,-52.73573,162.0,1.0,SKT-4031,1.0,1.0,GPIX
19/07/2025,05:36:09,47.62046,-52.73575,164.0,1.0,SKT-4031,1.0,1.0,GPIX
19/07/2025,05:36:16,47.62046,-52.73576,165.0,1.0,SKT-4031,1.0,1.0,GPIX
19/07/2025,05:36:24,47.62048,-52.73579,166.0,1.0,SKT-4031,1.0,1.0,GPIX
17/07/2025,11:37:02,,,,,,0.0,0.0,
17/07/2025,11:37:08,,,,,,0.0,0.0,
17/07/2025,11:37:14,,,,,,0.0,0.0,
17/07/2025,11:37:19,,,,,,0.0,0.0,
17/07/2025,11:37:24,,,,,,0.0,0.0,
17/07/2025,11:37:29,,,,,,0.0,0.0,
17/07/2025,11:37:34,,,,,,0.0,0.0,
17/07/2025,11:37:39,,,,,,0.0,0.0,
17/07/2025,11:37:44,,,,,,0.0,0.0,
17/07/2025,11:37:49,,,,,,0.0,0.0,
17/07/2025,11:37:54,,,,,,0.0,0.0,
17/07/2025,11:38:33,,,,,,0.0,0.0,
19/07/2025,07:52:59,47.62054,-52.73573,153.0,1.0,SKT-4031,1.0,1.0,GPIX
19/07/2025,07:53:06,47.62053,-52.73574,150.0,1.0,SKT-4031,1.0,1.0,GPIX
19/07/2025,07:53:13,47.6205,-52.73575,145.0,1.0,SKT-4031,1.0,1.0,GPIX
19/07/2025,07:53:21,47.62048,-52.73576,141.0,1.0,SKT-4031,1.0,1.0,GPIX
19/07/2025,07:53:29,47.62046,-52.73577,138.0,1.0,SKT-4031,1.0,1.0,GPIX
19/07/2025,07:53:36,47.62044,-52.73577,137.0,1.0,SKT-4031,1.0,1.0,GPIX
19/07/2025,07:53:44,47.62042,-52.73577,136.0,1.0,SKT-4031,1.0,1.0,GPIX
19/07/2025,07:53:53,47.62041,-52.73576,135.0,1.0,SKT-4031,1.0,1.0,GPIX
19/07/2025,07:54:01,47.62041,-52.73576,135.0,1.0,SKT-4031,1.0,1.0,GPIX
19/07/2025,07:54:08,47.62041,-52.73576,134.0,1.0,SKT-4031,1.0,1.0,GPIX
19/07/2025,07:54:16,47.62042,-52.73577,135.0,1.0,SKT-4031,1.0,1.0,GPIX
19/07/2025,07:54:23,47.62043,-52.73577,137.0,1.0,SKT-4031,1.0,1.0,GPIX
19/07/2025,07:54:30,47.62042,-52.73577,139.0,1.0,SKT-4031,1.0,1.0,GPIX
19/07/2025,07:54:38,47.62041,-52.73577,140.0,1.0,SKT-4031,1.0,1.0,GPIX
19/07/2025,07:54:45,47.62041,-52.73576,141.0,1.0,SKT-4031,1.0,1.0,GPIX
19/07/2025,07:54:53,47.62041,-52.73576,142.0,1.0,SKT-4031,1.0,1.0,GPIX
19/07/2025,07:55:00,47.62042,-52.73576,144.0,1.0,SKT-4031,1.0,1.0,GPIX
19/07/2025,07:55:08,47.62043,-52.73576,149.0,1.0,SKT-4031,1.0,1.0,GPIX
19/07/2025,07:55:15,47.62044,-52.73576,153.0,1.0,SKT-4031,1.0,1.0,GPIX
19/07/2025,07:55:23,47.62045,-52.73576,156.0,1.0,SKT-4031,1.0,1.0,GPIX
19/07/2025,07:55:30,47.62046,-52.73576,156.0,1.0,SKT-4031,1.0,1.0,GPIX
19/07/2025,07:55:38,47.62047,-52.73577,154.0,1.0,SKT-4031,1.0,1.0,GPIX
19/07/2025,07:55:45,47.62048,-52.73579,156.0,1.0,SKT-4031,1.0,1.0,GPIX
19/07/2025,07:55:52,47.62049,-52.73581,158.0,1.0,SKT-4031,1.0,1.0,GPIX
19/07/2025,07:56:00,47.62051,-52.73581,161.0,1.0,SKT-4031,1.0,1.0,GPIX
19/07/2025,07:56:07,47.62051,-52.73581,163.0,1.0,SKT-4031,1.0,1.0,GPIX
19/07/2025,07:56:15,47.62051,-52.73581,162.0,1.0,SKT-4031,1.0,1.0,GPIX
19/07/2025,07:56:22,47.62052,-52.73581,161.0,1.0,SKT-4031,1.0,1.0,GPIX
19/07/2025,07:56:30,47.62051,-52.7358,162.0,1.0,SKT-4031,1.0,1.0,GPIX
19/07/2025,07:56:37,47.62051,-52.73579,161.0,1.0,SKT-4031,1.0,1.0,GPIX
19/07/2025,07:56:44,47.62051,-52.73577,160.0,1.0,SKT-4031,1.0,1.0,GPIX
19/07/2025,07:56:52,47.6205,-52.73576,160.0,1.0,SKT-4031,1.0,1.0,GPIX
19/07/2025,07:56:59,47.6205,-52.73575,159.0,1.0,SKT-4031,1.0,1.0,GPIX
19/07/2025,07:57:07,47.62048,-52.73574,156.0,1.0,SKT-4031,1.0,1.0,GPIX
19/07/2025,07:57:15,47.62047,-52.73573,153.0,1.0,SKT-4031,1.0,1.0,GPIX
19/07/2025,07:57:22,47.62046,-52.73571,150.0,1.0,SKT-4031,1.0,1.0,GPIX
19/07/2025,07:57:30,47.62045,-52.73569,148.0,1.0,SKT-4031,1.0,1.0,GPIX
19/07/2025,07:57:37,47.62045,-52.73568,146.0,1.0,SKT-4031,1.0,1.0,GPIX
19/07/2025,07:57:45,47.62044,-52.73566,143.0,1.0,SKT-4031,1.0,1.0,GPIX
19/07/2025,07:57:52,47.62044,-52.73566,142.0,1.0,SKT-4031,1.0,1.0,GPIX
19/07/2025,07:57:59,47.62044,-52.73566,142.0,1.0,SKT-4031,1.0,1.0,GPIX
19/07/2025,07:58:07,47.62045,-52.73566,145.0,1.0,SKT-4031,1.0,1.0,GPIX
19/07/2025,07:58:14,47.62047,-52.73566,147.0,1.0,SKT-4031,1.0,1.0,GPIX
19/07/2025,07:58:22,47.62048,-52.73564,147.0,1.0,SKT-4031,1.0,1.0,GPIX
19/07/2025,07:58:29,47.62048,-52.73562,147.0,1.0,SKT-4031,1.0,1.0,GPIX
19/07/2025,07:58:36,47.62048,-52.73562,149.0,1.0,SKT-4031,1.0,1.0,GPIX
19/07/2025,07:58:44,47.62049,-52.73565,153.0,1.0,SKT-4031,1.0,1.0,GPIX
19/07/2025,07:58:51,47.62048,-52.73566,154.0,1.0,SKT-4031,1.0,1.0,GPIX
19/07/2025,07:58:59,47.62048,-52.73567,156.0,1.0,SKT-4031,1.0,1.0,GPIX
19/07/2025,07:59:06,47.62049,-52.73568,157.0,1.0,SKT-4031,1.0,1.0,GPIX
19/07/2025,07:59:14,47.62052,-52.73568,157.0,1.0,SKT-4031,1.0,1.0,GPIX
19/07/2025,07:59:21,47.62053,-52.73569,155.0,1.0,SKT-4031,1.0,1.0,GPIX
19/07/2025,07:59:29,47.62054,-52.73571,153.0,1.0,SKT-4031,1.0,1.0,GPIX
19/07/2025,07:59:36,47.62053,-52.73573,150.0,1.0,SKT-4031,1.0,1.0,GPIX
19/07/2025,07:59:44,47.62053,-52.73576,150.0,1.0,SKT-4031,1.0,1.0,GPIX
19/07/2025,07:59:51,47.62053,-52.73576,151.0,1.0,SKT-4031,1.0,1.0,GPIX
19/07/2025,07:59:58,47.62051,-52.73576,150.0,1.0,SKT-4031,1.0,1.0,GPIX
19/07/2025,08:00:06,47.62049,-52.73574,148.0,1.0,SKT-4031,1.0,1.0,GPIX
19/07/2025,08:00:13,47.62048,-52.73572,146.0,1.0,SKT-4031,1.0,1.0,GPIX
19/07/2025,08:00:21,47.62046,-52.7357,144.0,1.0,SKT-4031,1.0,1.0,GPIX
19/07/2025,08:00:28,47.62046,-52.73569,143.0,1.0,SKT-4031,1.0,1.0,GPIX
19/07/2025,08:00:36,47.62046,-52.73566,140.0,1.0,SKT-4031,1.0,1.0,GPIX
19/07/2025,08:00:43,47.62045,-52.73565,137.0,1.0,SKT-4031,1.0,1.0,GPIX
19/07/2025,08:00:51,47.62045,-52.73564,137.0,1.0,SKT-4031,1.0,1.0,GPIX
19/07/2025,08:00:58,47.62044,-52.73564,136.0,1.0,SKT-4031,1.0,1.0,GPIX
19/07/2025,08:01:05,47.62045,-52.73564,139.0,1.0,SKT-4031,1.0,1.0,GPIX
19/07/2025,08:01:13,47.62046,-52.73564,142.0,1.0,SKT-4031,1.0,1.0,GPIX
19/07/2025,08:01:20,47.62048,-52.73563,144.0,1.0,SKT-4031,1.0,1.0,GPIX
19/07/2025,08:01:28,47.62048,-52.73561,143.0,1.0,SKT-4031,1.0,1.0,GPIX
19/07/2025,08:01:35,47.62047,-52.73561,140.0,1.0,SKT-4031,1.0,1.0,GPIX
19/07/2025,08:01:43,47.62047,-52.73562,137.0,1.0,SKT-4031,1.0,1.0,GPIX
19/07/2025,08:01:50,47.62047,-52.73564,140.0,1.0,SKT-4031,1.0,1.0,GPIX
19/07/2025,08:01:58,47.62048,-52.73565,145.0,1.0,SKT-4031,1.0,1.0,GPIX
19/07/2025,08:02:05,47.62049,-52.73566,148.0,1.0,SKT-4031,1.0,1.0,GPIX
19/07/2025,08:02:13,47.62049,-52.73566,151.0,1.0,SKT-4031,1.0,1.0,GPIX
19/07/2025,08:02:20,47.62049,-52.73565,151.0,1.0,SKT-4031,1.0,1.0,GPIX
19/07/2025,08:02:27,47.62047,-52.73563,149.0,1.0,SKT-4031,1.0,1.0,GPIX
19/07/2025,08:02:35,47.62047,-52.73563,149.0,1.0,SKT-4031,1.0,1.0,GPIX
19/07/2025,08:02:42,47.62048,-52.73563,150.0,1.0,SKT-4031,1.0,1.0,GPIX
19/07/2025,08:02:50,47.62049,-52.73563,152.0,1.0,SKT-4031,1.0,1.0,GPIX
19/07/2025,08:02:57,47.6205,-52.73565,156.0,1.0,SKT-4031,1.0,1.0,GPIX
19/07/2025,08:03:06,47.6205,-52.73567,159.0,1.0,SKT-4031,1.0,1.0,GPIX
19/07/2025,08:03:14,47.62051,-52.73571,160.0,1.0,SKT-4031,1.0,1.0,GPIX
19/07/2025,08:03:21,47.62051,-52.73573,159.0,1.0,SKT-4031,1.0,1.0,GPIX
19/07/2025,08:03:29,47.62051,-52.73574,160.0,1.0,SKT-4031,1.0,1.0,GPIX
19/07/2025,08:03:36,47.62053,-52.73576,163.0,1.0,SKT-4031,1.0,1.0,GPIX
19/07/2025,08:03:43,47.62055,-52.73576,166.0,1.0,SKT-4031,1.0,1.0,GPIX
19/07/2025,08:03:51,47.62057,-52.73576,168.0,1.0,SKT-4031,1.0,1.0,GPIX
19/07/2025,08:03:58,47.62057,-52.73576,166.0,1.0,SKT-4031,1.0,1.0,GPIX
19/07/2025,08:04:06,47.62055,-52.73575,158.0,1.0,SKT-4031,1.0,1.0,GPIX
19/07/2025,08:04:13,47.62053,-52.73574,152.0,1.0,SKT-4031,1.0,1.0,GPIX
19/07/2025,08:04:21,47.6205,-52.73573,146.0,1.0,SKT-4031,1.0,1.0,GPIX
19/07/2025,08:04:28,47.62049,-52.73572,145.0,1.0,SKT-4031,1.0,1.0,GPIX
19/07/2025,08:04:36,47.62049,-52.73573,149.0,1.0,SKT-4031,1.0,1.0,GPIX
19/07/2025,08:04:43,47.62048,-52.73575,154.0,1.0,SKT-4031,1.0,1.0,GPIX
19/07/2025,08:04:50,47.62049,-52.73577,157.0,1.0,SKT-4031,1.0,1.0,GPIX
19/07/2025,08:04:58,47.62048,-52.73577,157.0,1.0,SKT-4031,1.0,1.0,GPIX
19/07/2025,08:05:06,47.62048,-52.73576,156.0,1.0,SKT-4031,1.0,1.0,GPIX
19/07/2025,08:05:13,47.62048,-52.73576,156.0,1.0,SKT-4031,1.0,1.0,GPIX
19/07/2025,08:05:20,47.62047,-52.73575,156.0,1.0,SKT-4031,1.0,1.0,GPIX
19/07/2025,08:05:28,47.62048,-52.73573,157.0,1.0,SKT-4031,1.0,1.0,GPIX
19/07/2025,08:05:35,47.62047,-52.73572,157.0,1.0,SKT-4031,1.0,1.0,GPIX
19/07/2025,08:05:43,47.62046,-52.73571,155.0,1.0,SKT-4031,1.0,1.0,GPIX
17/07/2025,11:52:10,,,,,,0.0,0.0,
17/07/2025,11:52:15,,,,,,0.0,0.0,
17/07/2025,11:52:21,,,,,,0.0,0.0,
17/07/2025,11:52:27,,,,,,0.0,0.0,
19/07/2025,09:45:15,47.62036,-52.73574,129.0,1.0,SKT-4031,1.0,0.0,GPIX
19/07/2025,09:45:22,47.62036,-52.73575,129.0,1.0,SKT-4031,1.0,0.0,GPIX
19/07/2025,09:45:29,47.62037,-52.73576,128.0,1.0,SKT-4031,1.0,0.0,GPIX
19/07/2025,09:45:36,47.62038,-52.73576,127.0,1.0,SKT-4031,1.0,0.0,GPIX
19/07/2025,09:45:43,47.62038,-52.73576,127.0,1.0,SKT-4031,1.0,0.0,GPIX
19/07/2025,09:45:50,47.62039,-52.73576,126.0,1.0,SKT-4031,1.0,0.0,GPIX
19/07/2025,09:45:57,47.62039,-52.73576,125.0,1.0,SKT-4031,1.0,0.0,GPIX
19/07/2025,09:46:04,47.62039,-52.73574,126.0,1.0,SKT-4031,1.0,0.0,GPIX
19/07/2025,09:46:11,47.62039,-52.73571,131.0,1.0,SKT-4031,1.0,0.0,GPIX
19/07/2025,09:46:19,47.62039,-52.7357,132.0,1.0,SKT-4031,1.0,0.0,GPIX
19/07/2025,09:46:30,47.6204,-52.7357,133.0,1.0,SKT-4031,1.0,1.0,GPIX
19/07/2025,09:47:00,47.62040,-52.73573,133.0,1.0,SKT-4031,1.0,1.0,GPIX
19/07/2025,09:47:07,47.62040,-52.7357,139.0,1.0,SKT-4031,1.0,1.0,GPIX
19/07/2025,09:47:14,47.62040,-52.73569,140.0,1.0,SKT-4031,1.0,1.0,GPIX
19/07/2025,09:47:22,47.62040,-52.73569,138.0,1.0,SKT-4031,1.0,1.0,GPIX
19/07/2025,09:47:29,47.62040,-52.73569,138.0,1.0,SKT-4031,1.0,1.0,GPIX
19/07/2025,09:47:36,47.62039,-52.73569,139.0,1.0,SKT-4031,1.0,1.0,GPIX
19/07/2025,09:47:44,47.62037,-52.73569,142.0,1.0,SKT-4031,1.0,1.0,GPIX
19/07/2025,09:47:58,47.62033,-52.73568,144.0,1.0,SKT-4031,1.0,1.0,GPIX
19/07/2025,09:48:06,47.62032,-52.73566,143.0,1.0,SKT-4031,1.0,1.0,GPIX
19/07/2025,09:48:13,47.62031,-52.73567,142.0,1.0,SKT-4031,1.0,1.0,GPIX
19/07/2025,09:48:20,47.62031,-52.73569,139.0,1.0,SKT-4031,1.0,1.0,GPIX
19/07/2025,09:48:28,47.62034,-52.73571,137.0,1.0,SKT-4031,1.0,1.0,GPIX
19/07/2025,09:48:35,47.62037,-52.73573,135.0,1.0,SKT-4031,1.0,1.0,GPIX
19/07/2025,09:48:43,47.62038,-52.73572,135.0,1.0,SKT-4031,1.0,1.0,GPIX
19/07/2025,09:48:51,47.62039,-52.73571,137.0,1.0,SKT-4031,1.0,1.0,GPIX
19/07/2025,09:48:59,47.6204,-52.73569,141.0,1.0,SKT-4031,1.0,1.0,GPIX
19/07/2025,09:49:06,47.6204,-52.73568,144.0,1.0,SKT-4031,1.0,1.0,GPIX
19/07/2025,09:49:13,47.6204,-52.73566,145.0,1.0,SKT-4031,1.0,1.0,GPIX
19/07/2025,09:49:21,47.62041,-52.73566,145.0,1.0,SKT-4031,1.0,1.0,GPIX
19/07/2025,09:49:28,47.62043,-52.73566,147.0,1.0,SKT-4031,1.0,1.0,GPIX
19/07/2025,09:49:35,47.62044,-52.73567,148.0,1.0,SKT-4031,1.0,1.0,GPIX
19/07/2025,09:49:43,47.62044,-52.73567,149.0,1.0,SKT-4031,1.0,1.0,GPIX
19/07/2025,09:49:50,47.62044,-52.73568,152.0,1.0,SKT-4031,1.0,1.0,GPIX
19/07/2025,09:49:58,47.62044,-52.73571,152.0,1.0,SKT-4031,1.0,1.0,GPIX
19/07/2025,09:50:05,47.62044,-52.73573,148.0,1.0,SKT-4031,1.0,1.0,GPIX
19/07/2025,09:50:12,47.62044,-52.73574,141.0,1.0,SKT-4031,1.0,1.0,GPIX
19/07/2025,09:50:20,47.62043,-52.73575,134.0,1.0,SKT-4031,1.0,1.0,GPIX
19/07/2025,09:50:27,47.62043,-52.73576,130.0,1.0,SKT-4031,1.0,1.0,GPIX
19/07/2025,09:50:34,47.62044,-52.73576,130.0,1.0,SKT-4031,1.0,1.0,GPIX
19/07/2025,09:50:42,47.62044,-52.73576,134.0,1.0,SKT-4031,1.0,1.0,GPIX
19/07/2025,09:50:49,47.62044,-52.73576,135.0,1.0,SKT-4031,1.0,1.0,GPIX
19/07/2025,09:50:56,47.62045,-52.73577,139.0,1.0,SKT-4031,1.0,1.0,GPIX
19/07/2025,09:51:04,47.62046,-52.73577,144.0,1.0,SKT-4031,1.0,1.0,GPIX
19/07/2025,09:51:11,47.62048,-52.73575,148.0,1.0,SKT-4031,1.0,1.0,GPIX
19/07/2025,09:51:18,47.62047,-52.73574,148.0,1.0,SKT-4031,1.0,1.0,GPIX
19/07/2025,09:51:26,47.62046,-52.73574,147.0,1.0,SKT-4031,1.0,1.0,GPIX
19/07/2025,09:51:33,47.62046,-52.73574,146.0,1.0,SKT-4031,1.0,1.0,GPIX
19/07/2025,09:51:40,47.62046,-52.73574,145.0,1.0,SKT-4031,1.0,1.0,GPIX
19/07/2025,09:51:48,47.62048,-52.73574,146.0,1.0,SKT-4031,1.0,1.0,GPIX
19/07/2025,09:51:55,47.6205,-52.73574,149.0,1.0,SKT-4031,1.0,1.0,GPIX
19/07/2025,09:52:02,47.62052,-52.73574,150.0,1.0,SKT-4031,1.0,1.0,GPIX
19/07/2025,09:52:10,47.6205,-52.73574,150.0,1.0,SKT-4031,1.0,1.0,GPIX
19/07/2025,09:52:18,47.62047,-52.73574,147.0,1.0,SKT-4031,1.0,1.0,GPIX
19/07/2025,09:52:26,47.62043,-52.73573,143.0,1.0,SKT-4031,1.0,1.0,GPIX
19/07/2025,09:52:33,47.62041,-52.73572,141.0,1.0,SKT-4031,1.0,1.0,GPIX
19/07/2025,09:52:40,47.62038,-52.73571,138.0,1.0,SKT-4031,1.0,1.0,GPIX
19/07/2025,09:52:48,47.62038,-52.73571,138.0,1.0,SKT-4031,1.0,1.0,GPIX
19/07/2025,09:52:56,47.62039,-52.73571,140.0,1.0,SKT-4031,1.0,1.0,GPIX
19/07/2025,09:53:03,47.62041,-52.73572,142.0,1.0,SKT-4031,1.0,1.0,GPIX
19/07/2025,09:53:10,47.62044,-52.73574,143.0,1.0,SKT-4031,1.0,1.0,GPIX
19/07/2025,09:53:18,47.62047,-52.73575,144.0,1.0,SKT-4031,1.0,1.0,GPIX
19/07/2025,09:53:25,47.62049,-52.73577,146.0,1.0,SKT-4031,1.0,1.0,GPIX
19/07/2025,09:53:32,47.62046,-52.73577,148.0,1.0,SKT-4031,1.0,1.0,GPIX
19/07/2025,09:53:40,47.62043,-52.73576,148.0,1.0,SKT-4031,1.0,1.0,GPIX
19/07/2025,09:53:47,47.6204,-52.73576,144.0,1.0,SKT-4031,1.0,1.0,GPIX
19/07/2025,09:53:55,47.6204,-52.73579,140.0,1.0,SKT-4031,1.0,1.0,GPIX
19/07/2025,09:54:02,47.62039,-52.7358,135.0,1.0,SKT-4031,1.0,1.0,GPIX
19/07/2025,09:54:09,47.62038,-52.7358,130.0,1.0,SKT-4031,1.0,1.0,GPIX
19/07/2025,09:54:17,47.62036,-52.73579,126.0,1.0,SKT-4031,1.0,1.0,GPIX
19/07/2025,09:54:24,47.62035,-52.73578,125.0,1.0,SKT-4031,1.0,1.0,GPIX
19/07/2025,09:54:31,47.62032,-52.73576,121.0,1.0,SKT-4031,1.0,1.0,GPIX
19/07/2025,09:54:39,47.62031,-52.73574,121.0,1.0,SKT-4031,1.0,1.0,GPIX
19/07/2025,09:54:46,47.62031,-52.73573,121.0,1.0,SKT-4031,1.0,1.0,GPIX
19/07/2025,09:54:54,47.62031,-52.73573,121.0,1.0,SKT-4031,1.0,1.0,GPIX
19/07/2025,09:55:01,47.62033,-52.73573,122.0,1.0,SKT-4031,1.0,1.0,GPIX
19/07/2025,09:55:08,47.62038,-52.73575,127.0,1.0,SKT-4031,1.0,1.0,GPIX
19/07/2025,09:55:16,47.62043,-52.73576,132.0,1.0,SKT-4031,1.0,1.0,GPIX
19/07/2025,09:55:23,47.62045,-52.73576,136.0,1.0,SKT-4031,1.0,1.0,GPIX
19/07/2025,09:55:30,47.62046,-52.73576,137.0,1.0,SKT-4031,1.0,1.0,GPIX
19/07/2025,09:55:38,47.62045,-52.73575,133.0,1.0,SKT-4031,1.0,1.0,GPIX
19/07/2025,09:55:45,47.62042,-52.73574,130.0,1.0,SKT-4031,1.0,1.0,GPIX
19/07/2025,09:55:52,47.62039,-52.73574,127.0,1.0,SKT-4031,1.0,1.0,GPIX
19/07/2025,09:56:00,47.62037,-52.73573,126.0,1.0,SKT-4031,1.0,1.0,GPIX
19/07/2025,09:56:07,47.62038,-52.73573,130.0,1.0,SKT-4031,1.0,1.0,GPIX
19/07/2025,09:56:14,47.62039,-52.73573,135.0,1.0,SKT-4031,1.0,1.0,GPIX
19/07/2025,09:56:22,47.6204,-52.73572,139.0,1.0,SKT-4031,1.0,1.0,GPIX
19/07/2025,09:56:29,47.6204,-52.73571,139.0,1.0,SKT-4031,1.0,1.0,GPIX
19/07/2025,09:56:36,47.62041,-52.7357,140.0,1.0,SKT-4031,1.0,1.0,GPIX
19/07/2025,09:56:44,47.62041,-52.7357,138.0,1.0,SKT-4031,1.0,1.0,GPIX
19/07/2025,09:56:51,47.62039,-52.73572,134.0,1.0,SKT-4031,1.0,1.0,GPIX
19/07/2025,09:56:58,47.62038,-52.73573,130.0,1.0,SKT-4031,1.0,1.0,GPIX
19/07/2025,09:57:06,47.62037,-52.73576,125.0,1.0,SKT-4031,1.0,1.0,GPIX
19/07/2025,09:57:13,47.62037,-52.73579,122.0,1.0,SKT-4031,1.0,1.0,GPIX
19/07/2025,09:57:20,47.62038,-52.73581,121.0,1.0,SKT-4031,1.0,1.0,GPIX
19/07/2025,09:57:28,47.62041,-52.73582,122.0,1.0,SKT-4031,1.0,1.0,GPIX
19/07/2025,09:57:35,47.62043,-52.73581,126.0,1.0,SKT-4031,1.0,1.0,GPIX
19/07/2025,09:57:43,47.62045,-52.73581,131.0,1.0,SKT-4031,1.0,1.0,GPIX
19/07/2025,09:57:50,47.62046,-52.73579,137.0,1.0,SKT-4031,1.0,1.0,GPIX
19/07/2025,09:57:58,47.62046,-52.73576,137.0,1.0,SKT-4031,1.0,1.0,GPIX
19/07/2025,09:58:05,47.62045,-52.73574,134.0,1.0,SKT-4031,1.0,1.0,GPIX
19/07/2025,09:58:12,47.62043,-52.73571,132.0,1.0,SKT-4031,1.0,1.0,GPIX
19/07/2025,09:58:20,47.62043,-52.7357,131.0,1.0,SKT-4031,1.0,1.0,GPIX
19/07/2025,09:58:27,47.62044,-52.73573,132.0,1.0,SKT-4031,1.0,1.0,GPIX
19/07/2025,09:58:35,47.62043,-52.73579,134.0,1.0,SKT-4031,1.0,1.0,GPIX
19/07/2025,09:58:42,47.62042,-52.73582,135.0,1.0,SKT-4031,1.0,1.0,GPIX
19/07/2025,09:58:49,47.62042,-52.73582,136.0,1.0,SKT-4031,1.0,1.0,GPIX
19/07/2025,09:58:57,47.62041,-52.7358,136.0,1.0,SKT-4031,1.0,1.0,GPIX
19/07/2025,09:59:04,47.62041,-52.73579,136.0,1.0,SKT-4031,1.0,1.0,GPIX
19/07/2025,09:59:12,47.62043,-52.73577,137.0,1.0,SKT-4031,1.0,1.0,GPIX
19/07/2025,09:59:19,47.62045,-52.73577,138.0,1.0,SKT-4031,1.0,1.0,GPIX
19/07/2025,09:59:26,47.62047,-52.73576,138.0,1.0,SKT-4031,1.0,1.0,GPIX
19/07/2025,09:59:34,47.62047,-52.73575,136.0,1.0,SKT-4031,1.0,1.0,GPIX
19/07/2025,09:59:41,47.62047,-52.73574,135.0,1.0,SKT-4031,1.0,1.0,GPIX
19/07/2025,09:59:49,47.62046,-52.73573,131.0,1.0,SKT-4031,1.0,1.0,GPIX
19/07/2025,09:59:56,47.62043,-52.73571,129.0,1.0,SKT-4031,1.0,1.0,GPIX
19/07/2025,10:00:04,47.6204,-52.73569,125.0,1.0,SKT-4031,1.0,1.0,GPIX
19/07/2025,10:00:11,47.62038,-52.73569,121.0,1.0,SKT-4031,1.0,1.0,GPIX
19/07/2025,10:00:19,47.62036,-52.73569,118.0,1.0,SKT-4031,1.0,1.0,GPIX
19/07/2025,10:00:27,47.62033,-52.73568,114.0,1.0,SKT-4031,1.0,1.0,GPIX
19/07/2025,10:00:35,47.62031,-52.73569,112.0,1.0,SKT-4031,1.0,1.0,GPIX
19/07/2025,10:00:42,47.62031,-52.73571,114.0,1.0,SKT-4031,1.0,1.0,GPIX
19/07/2025,10:01:04,47.62035,-52.73574,116.0,1.0,SKT-4031,1.0,1.0,GPIX
19/07/2025,10:01:12,47.62033,-52.73576,109.0,1.0,SKT-4031,1.0,1.0,GPIX
19/07/2025,10:01:19,47.62032,-52.73577,102.0,1.0,SKT-4031,1.0,1.0,GPIX
19/07/2025,10:01:26,47.6203,-52.73577,98.0,1.0,SKT-4031,1.0,1.0,GPIX
19/07/2025,10:01:34,47.6203,-52.73577,98.0,1.0,SKT-4031,1.0,1.0,GPIX
19/07/2025,10:01:41,47.62031,-52.73577,99.0,1.0,SKT-4031,1.0,1.0,GPIX
19/07/2025,10:01:48,47.62032,-52.73576,101.0,1.0,SKT-4031,1.0,1.0,GPIX
19/07/2025,10:01:56,47.62035,-52.73575,106.0,1.0,SKT-4031,1.0,1.0,GPIX
19/07/2025,10:02:03,47.62037,-52.73574,110.0,1.0,SKT-4031,1.0,1.0,GPIX
19/07/2025,10:02:10,47.62038,-52.73575,111.0,1.0,SKT-4031,1.0,1.0,GPIX
19/07/2025,10:02:18,47.62037,-52.73575,111.0,1.0,SKT-4031,1.0,1.0,GPIX
19/07/2025,10:02:25,47.62037,-52.73574,113.0,1.0,SKT-4031,1.0,1.0,GPIX
19/07/2025,10:02:33,47.6204,-52.73573,119.0,1.0,SKT-4031,1.0,1.0,GPIX
19/07/2025,10:02:40,47.62043,-52.73573,125.0,1.0,SKT-4031,1.0,1.0,GPIX
19/07/2025,10:02:48,47.62047,-52.73574,132.0,1.0,SKT-4031,1.0,1.0,GPIX
19/07/2025,10:02:55,47.62052,-52.73574,136.0,1.0,SKT-4031,1.0,1.0,GPIX
19/07/2025,10:03:02,47.62055,-52.73576,138.0,1.0,SKT-4031,1.0,1.0,GPIX
19/07/2025,10:03:10,47.62058,-52.73577,138.0,1.0,SKT-4031,1.0,1.0,GPIX
19/07/2025,10:03:17,47.62059,-52.73577,137.0,1.0,SKT-4031,1.0,1.0,GPIX
19/07/2025,10:03:24,47.62057,-52.73577,134.0,1.0,SKT-4031,1.0,1.0,GPIX
19/07/2025,10:03:32,47.62055,-52.73578,131.0,1.0,SKT-4031,1.0,1.0,GPIX
19/07/2025,10:03:39,47.62055,-52.73578,133.0,1.0,SKT-4031,1.0,1.0,GPIX
19/07/2025,10:03:46,47.62057,-52.73578,137.0,1.0,SKT-4031,1.0,1.0,GPIX
19/07/2025,10:03:54,47.62059,-52.73578,140.0,1.0,SKT-4031,1.0,1.0,GPIX
19/07/2025,10:04:50,,,,,,0.0,0.0,
19/07/2025,10:04:57,,,,,,0.0,0.0,
19/07/2025,10:05:02,,,,,,0.0,0.0,
19/07/2025,10:05:09,,,,,,0.0,0.0,
19/07/2025,10:05:14,,,,,,0.0,0.0,
19/07/2025,10:05:19,,,,,,0.0,0.0,
19/07/2025,10:05:24,,,,,,0.0,0.0,
19/07/2025,10:05:29,,,,,,0.0,0.0,
19/07/2025,10:05:34,,,,,,0.0,0.0,
19/07/2025,10:05:39,,,,,,0.0,0.0,
19/07/2025,10:05:44,,,,,,0.0,0.0,
19/07/2025,10:07:47,,,,,,0.0,0.0,
19/07/2025,10:07:52,,,,,,0.0,0.0,
19/07/2025,10:07:57,,,,,,0.0,0.0,
19/07/2025,10:08:02,,,,,,0.0,0.0,
19/07/2025,10:08:07,,,,,,0.0,0.0,
19/07/2025,10:08:12,,,,,,0.0,0.0,
19/07/2025,10:08:17,,,,,,0.0,0.0,
19/07/2025,10:08:22,,,,,,0.0,0.0,
19/07/2025,10:08:27,,,,,,0.0,0.0,
19/07/2025,10:08:32,,,,,,0.0,0.0,
19/07/2025,10:08:37,,,,,,0.0,0.0,
19/07/2025,10:09:14,,,,,,0.0,0.0,
19/07/2025,17:50:01,47.62053,-52.73568,167.0,1.0,SKT-4031,1.0,1.0,GPIX
19/07/2025,17:50:09,47.62052,-52.73568,166.0,1.0,SKT-4031,1.0,1.0,GPIX
19/07/2025,17:50:17,47.62052,-52.73567,165.0,1.0,SKT-4031,1.0,1.0,GPIX
19/07/2025,17:50:24,47.62051,-52.73568,163.0,1.0,SKT-4031,1.0,1.0,GPIX
19/07/2025,17:50:31,47.62051,-52.73568,163.0,1.0,SKT-4031,1.0,1.0,GPIX
19/07/2025,17:50:39,47.6205,-52.73568,163.0,1.0,SKT-4031,1.0,1.0,GPIX
19/07/2025,17:50:46,47.62048,-52.7357,163.0,1.0,SKT-4031,1.0,1.0,GPIX
19/07/2025,17:50:54,47.62048,-52.7357,162.0,1.0,SKT-4031,1.0,1.0,GPIX
19/07/2025,17:51:01,47.62048,-52.73568,160.0,1.0,SKT-4031,1.0,1.0,GPIX
19/07/2025,17:51:09,47.62049,-52.73567,157.0,1.0,SKT-4031,1.0,1.0,GPIX
19/07/2025,17:51:16,47.62051,-52.73566,154.0,1.0,SKT-4031,1.0,1.0,GPIX
19/07/2025,17:51:23,47.62049,-52.73566,153.0,1.0,SKT-4031,1.0,1.0,GPIX
19/07/2025,17:51:31,47.62048,-52.73567,154.0,1.0,SKT-4031,1.0,1.0,GPIX
19/07/2025,17:51:38,47.62047,-52.73568,156.0,1.0,SKT-4031,1.0,1.0,GPIX
19/07/2025,17:51:46,47.62047,-52.73569,159.0,1.0,SKT-4031,1.0,1.0,GPIX
19/07/2025,17:51:53,47.62046,-52.7357,161.0,1.0,SKT-4031,1.0,1.0,GPIX
19/07/2025,17:52:00,47.62045,-52.73571,163.0,1.0,SKT-4031,1.0,1.0,GPIX
19/07/2025,17:52:08,47.62043,-52.73572,165.0,1.0,SKT-4031,1.0,1.0,GPIX
19/07/2025,17:52:15,47.62043,-52.73573,167.0,1.0,SKT-4031,1.0,1.0,GPIX
19/07/2025,17:52:23,47.62043,-52.73573,168.0,1.0,SKT-4031,1.0,1.0,GPIX
19/07/2025,17:52:30,47.62044,-52.73573,168.0,1.0,SKT-4031,1.0,1.0,GPIX
19/07/2025,17:52:38,47.62045,-52.73571,167.0,1.0,SKT-4031,1.0,1.0,GPIX
19/07/2025,17:52:45,47.62045,-52.73571,166.0,1.0,SKT-4031,1.0,1.0,GPIX
19/07/2025,17:52:52,47.62044,-52.7357,164.0,1.0,SKT-4031,1.0,1.0,GPIX
19/07/2025,17:53:00,47.62043,-52.7357,163.0,1.0,SKT-4031,1.0,1.0,GPIX
19/07/2025,17:53:07,47.62043,-52.73571,160.0,1.0,SKT-4031,1.0,1.0,GPIX
19/07/2025,17:53:15,47.62043,-52.73571,157.0,1.0,SKT-4031,1.0,1.0,GPIX
19/07/2025,17:53:22,47.62041,-52.73571,155.0,1.0,SKT-4031,1.0,1.0,GPIX
19/07/2025,17:53:30,47.6204,-52.73572,154.0,1.0,SKT-4031,1.0,1.0,GPIX
19/07/2025,17:53:38,47.62038,-52.73573,155.0,1.0,SKT-4031,1.0,1.0,GPIX
19/07/2025,17:53:45,47.62037,-52.73573,154.0,1.0,SKT-4031,1.0,1.0,GPIX
19/07/2025,17:53:52,47.62038,-52.73572,155.0,1.0,SKT-4031,1.0,1.0,GPIX
19/07/2025,17:54:00,47.62038,-52.7357,156.0,1.0,SKT-4031,1.0,1.0,GPIX
19/07/2025,17:54:07,47.62039,-52.73568,158.0,1.0,SKT-4031,1.0,1.0,GPIX
19/07/2025,17:54:14,47.6204,-52.73567,160.0,1.0,SKT-4031,1.0,1.0,GPIX
19/07/2025,17:54:22,47.62042,-52.73566,161.0,1.0,SKT-4031,1.0,1.0,GPIX
19/07/2025,17:54:29,47.62043,-52.73567,161.0,1.0,SKT-4031,1.0,1.0,GPIX
19/07/2025,17:54:37,47.62044,-52.73569,161.0,1.0,SKT-4031,1.0,1.0,GPIX
19/07/2025,17:54:44,47.62044,-52.73571,161.0,1.0,SKT-4031,1.0,1.0,GPIX
19/07/2025,17:54:51,47.62043,-52.73572,160.0,1.0,SKT-4031,1.0,1.0,GPIX
19/07/2025,17:54:59,47.62044,-52.73574,160.0,1.0,SKT-4031,1.0,1.0,GPIX
19/07/2025,17:55:06,47.62045,-52.73574,160.0,1.0,SKT-4031,1.0,1.0,GPIX
19/07/2025,17:55:14,47.62045,-52.73574,160.0,1.0,SKT-4031,1.0,1.0,GPIX
19/07/2025,17:55:21,47.62043,-52.73574,160.0,1.0,SKT-4031,1.0,1.0,GPIX
19/07/2025,17:55:29,47.62041,-52.73576,159.0,1.0,SKT-4031,1.0,1.0,GPIX
19/07/2025,17:55:36,47.62041,-52.73577,160.0,1.0,SKT-4031,1.0,1.0,GPIX
19/07/2025,17:55:44,47.62042,-52.73576,161.0,1.0,SKT-4031,1.0,1.0,GPIX
19/07/2025,17:55:52,47.62043,-52.73576,161.0,1.0,SKT-4031,1.0,1.0,GPIX
19/07/2025,17:56:00,47.62043,-52.73576,160.0,1.0,SKT-4031,1.0,1.0,GPIX
19/07/2025,17:56:08,47.62042,-52.73576,161.0,1.0,SKT-4031,1.0,1.0,GPIX
19/07/2025,17:56:15,47.62041,-52.73574,161.0,1.0,SKT-4031,1.0,1.0,GPIX
19/07/2025,17:56:22,47.62041,-52.73573,161.0,1.0,SKT-4031,1.0,1.0,GPIX
19/07/2025,17:56:30,47.62041,-52.73572,162.0,1.0,SKT-4031,1.0,1.0,GPIX
19/07/2025,17:56:37,47.62041,-52.73571,164.0,1.0,SKT-4031,1.0,1.0,GPIX
19/07/2025,17:56:44,47.62041,-52.73571,165.0,1.0,SKT-4031,1.0,1.0,GPIX
19/07/2025,17:56:52,47.6204,-52.73571,166.0,1.0,SKT-4031,1.0,1.0,GPIX
19/07/2025,17:56:59,47.6204,-52.73571,167.0,1.0,SKT-4031,1.0,1.0,GPIX
19/07/2025,17:57:07,47.6204,-52.73571,168.0,1.0,SKT-4031,1.0,1.0,GPIX
19/07/2025,17:57:14,47.62041,-52.73569,166.0,1.0,SKT-4031,1.0,1.0,GPIX
19/07/2025,17:57:22,47.62041,-52.73568,164.0,1.0,SKT-4031,1.0,1.0,GPIX
19/07/2025,17:57:29,47.62041,-52.73566,162.0,1.0,SKT-4031,1.0,1.0,GPIX
19/07/2025,17:57:36,47.6204,-52.73565,161.0,1.0,SKT-4031,1.0,1.0,GPIX
19/07/2025,17:57:44,47.6204,-52.73568,160.0,1.0,SKT-4031,1.0,1.0,GPIX
19/07/2025,17:57:51,47.62042,-52.73571,160.0,1.0,SKT-4031,1.0,1.0,GPIX
19/07/2025,17:57:58,47.62043,-52.73574,159.0,1.0,SKT-4031,1.0,1.0,GPIX
19/07/2025,17:58:06,47.62045,-52.73576,159.0,1.0,SKT-4031,1.0,1.0,GPIX
19/07/2025,17:58:13,47.62046,-52.73576,158.0,1.0,SKT-4031,1.0,1.0,GPIX
19/07/2025,17:58:20,47.62047,-52.73575,159.0,1.0,SKT-4031,1.0,1.0,GPIX
19/07/2025,17:58:28,47.62046,-52.73574,161.0,1.0,SKT-4031,1.0,1.0,GPIX
19/07/2025,17:58:35,47.62047,-52.73573,164.0,1.0,SKT-4031,1.0,1.0,GPIX
19/07/2025,17:58:42,47.62048,-52.73573,164.0,1.0,SKT-4031,1.0,1.0,GPIX
19/07/2025,17:58:50,47.62049,-52.73573,163.0,1.0,SKT-4031,1.0,1.0,GPIX
19/07/2025,17:58:58,47.6205,-52.73573,162.0,1.0,SKT-4031,1.0,1.0,GPIX
19/07/2025,17:59:05,47.6205,-52.73573,160.0,1.0,SKT-4031,1.0,1.0,GPIX
19/07/2025,17:59:12,47.6205,-52.73573,159.0,1.0,SKT-4031,1.0,1.0,GPIX
19/07/2025,17:59:20,47.6205,-52.73572,159.0,1.0,SKT-4031,1.0,1.0,GPIX
19/07/2025,17:59:27,47.6205,-52.73571,158.0,1.0,SKT-4031,1.0,1.0,GPIX
19/07/2025,17:59:36,47.62051,-52.73569,153.0,1.0,SKT-4031,1.0,1.0,GPIX
19/07/2025,17:59:43,47.62053,-52.73567,147.0,1.0,SKT-4031,1.0,1.0,GPIX
19/07/2025,17:59:51,47.62053,-52.73565,142.0,1.0,SKT-4031,1.0,1.0,GPIX
19/07/2025,17:59:58,47.62053,-52.73565,139.0,1.0,SKT-4031,1.0,1.0,GPIX
19/07/2025,18:00:05,47.62053,-52.73565,138.0,1.0,SKT-4031,1.0,1.0,GPIX
19/07/2025,18:00:13,47.62052,-52.73566,138.0,1.0,SKT-4031,1.0,1.0,GPIX
19/07/2025,18:00:20,47.62051,-52.73567,138.0,1.0,SKT-4031,1.0,1.0,GPIX
19/07/2025,18:00:28,47.62049,-52.73568,139.0,1.0,SKT-4031,1.0,1.0,GPIX
19/07/2025,18:00:35,47.62048,-52.73569,140.0,1.0,SKT-4031,1.0,1.0,GPIX
19/07/2025,18:00:42,47.62048,-52.7357,141.0,1.0,SKT-4031,1.0,1.0,GPIX
19/07/2025,18:00:50,47.62047,-52.73569,142.0,1.0,SKT-4031,1.0,1.0,GPIX
19/07/2025,18:00:57,47.62047,-52.73569,143.0,1.0,SKT-4031,1.0,1.0,GPIX
19/07/2025,18:01:04,47.62049,-52.73568,146.0,1.0,SKT-4031,1.0,1.0,GPIX
19/07/2025,18:01:12,47.6205,-52.73569,148.0,1.0,SKT-4031,1.0,1.0,GPIX
19/07/2025,18:01:20,47.6205,-52.7357,150.0,1.0,SKT-4031,1.0,1.0,GPIX
19/07/2025,18:01:27,47.62049,-52.73572,151.0,1.0,SKT-4031,1.0,1.0,GPIX
19/07/2025,18:01:34,47.62048,-52.73573,151.0,1.0,SKT-4031,1.0,1.0,GPIX
19/07/2025,18:01:42,47.62047,-52.73574,149.0,1.0,SKT-4031,1.0,1.0,GPIX
19/07/2025,18:01:49,47.62046,-52.73573,147.0,1.0,SKT-4031,1.0,1.0,GPIX
19/07/2025,18:01:56,47.62046,-52.73573,145.0,1.0,SKT-4031,1.0,1.0,GPIX
19/07/2025,18:02:04,47.62045,-52.73573,145.0,1.0,SKT-4031,1.0,1.0,GPIX
19/07/2025,18:02:11,47.62044,-52.73573,147.0,1.0,SKT-4031,1.0,1.0,GPIX
19/07/2025,18:02:19,47.62043,-52.73574,151.0,1.0,SKT-4031,1.0,1.0,GPIX
19/07/2025,18:02:26,47.6204,-52.73574,153.0,1.0,SKT-4031,1.0,1.0,GPIX
19/07/2025,18:02:33,47.62039,-52.73574,154.0,1.0,SKT-4031,1.0,1.0,GPIX
19/07/2025,18:02:41,47.62038,-52.73574,155.0,1.0,SKT-4031,1.0,1.0,GPIX
19/07/2025,18:02:48,47.62039,-52.73574,155.0,1.0,SKT-4031,1.0,1.0,GPIX
19/07/2025,18:02:56,47.6204,-52.73574,155.0,1.0,SKT-4031,1.0,1.0,GPIX
19/07/2025,18:03:03,47.6204,-52.73574,154.0,1.0,SKT-4031,1.0,1.0,GPIX
19/07/2025,18:03:11,47.6204,-52.73574,151.0,1.0,SKT-4031,1.0,1.0,GPIX
19/07/2025,18:03:18,47.62038,-52.73574,150.0,1.0,SKT-4031,1.0,1.0,GPIX
19/07/2025,18:03:25,47.62037,-52.73574,149.0,1.0,SKT-4031,1.0,1.0,GPIX
19/07/2025,18:03:33,47.62038,-52.73573,148.0,1.0,SKT-4031,1.0,1.0,GPIX
19/07/2025,18:03:40,47.62039,-52.73573,148.0,1.0,SKT-4031,1.0,1.0,GPIX
19/07/2025,18:03:47,47.6204,-52.73573,149.0,1.0,SKT-4031,1.0,1.0,GPIX
19/07/2025,18:03:55,47.6204,-52.73573,149.0,1.0,SKT-4031,1.0,1.0,GPIX
19/07/2025,18:04:02,47.62041,-52.73573,149.0,1.0,SKT-4031,1.0,1.0,GPIX
19/07/2025,18:04:10,47.62041,-52.73572,149.0,1.0,SKT-4031,1.0,1.0,GPIX
19/07/2025,18:04:17,47.62041,-52.73572,149.0,1.0,SKT-4031,1.0,1.0,GPIX
19/07/2025,18:04:24,47.62042,-52.73571,148.0,1.0,SKT-4031,1.0,1.0,GPIX
19/07/2025,18:04:32,47.62043,-52.73571,148.0,1.0,SKT-4031,1.0,1.0,GPIX
19/07/2025,18:04:39,47.62043,-52.7357,149.0,1.0,SKT-4031,1.0,1.0,GPIX
19/07/2025,18:04:46,47.62043,-52.7357,149.0,1.0,SKT-4031,1.0,1.0,GPIX
19/07/2025,18:04:54,47.62042,-52.73571,149.0,1.0,SKT-4031,1.0,1.0,GPIX
19/07/2025,18:05:01,47.62042,-52.73572,148.0,1.0,SKT-4031,1.0,1.0,GPIX
19/07/2025,18:05:09,47.62041,-52.73574,147.0,1.0,SKT-4031,1.0,1.0,GPIX
19/07/2025,18:05:16,47.62041,-52.73574,146.0,1.0,SKT-4031,1.0,1.0,GPIX
19/07/2025,18:05:23,47.62041,-52.73575,146.0,1.0,SKT-4031,1.0,1.0,GPIX
19/07/2025,18:05:31,47.6204,-52.73575,146.0,1.0,SKT-4031,1.0,1.0,GPIX
19/07/2025,18:05:38,47.6204,-52.73574,147.0,1.0,SKT-4031,1.0,1.0,GPIX
19/07/2025,18:05:46,47.6204,-52.73574,148.0,1.0,SKT-4031,1.0,1.0,GPIX
19/07/2025,18:05:53,47.6204,-52.73573,149.0,1.0,SKT-4031,1.0,1.0,GPIX
19/07/2025,18:06:01,47.62041,-52.73571,149.0,1.0,SKT-4031,1.0,1.0,GPIX
19/07/2025,18:06:08,47.62041,-52.73569,150.0,1.0,SKT-4031,1.0,1.0,GPIX
19/07/2025,18:06:16,47.62042,-52.73567,152.0,1.0,SKT-4031,1.0,1.0,GPIX
19/07/2025,18:06:23,47.62041,-52.73565,154.0,1.0,SKT-4031,1.0,1.0,GPIX
19/07/2025,18:06:30,47.6204,-52.73563,156.0,1.0,SKT-4031,1.0,1.0,GPIX
19/07/2025,18:06:38,47.62039,-52.73563,157.0,1.0,SKT-4031,1.0,1.0,GPIX
19/07/2025,18:06:45,47.62038,-52.73565,157.0,1.0,SKT-4031,1.0,1.0,GPIX
19/07/2025,18:06:53,47.62037,-52.73568,157.0,1.0,SKT-4031,1.0,1.0,GPIX
19/07/2025,18:07:00,47.62039,-52.73568,158.0,1.0,SKT-4031,1.0,1.0,GPIX
19/07/2025,18:07:07,47.6204,-52.73568,160.0,1.0,SKT-4031,1.0,1.0,GPIX
19/07/2025,18:07:15,47.6204,-52.73569,161.0,1.0,SKT-4031,1.0,1.0,GPIX
19/07/2025,18:07:22,47.62041,-52.73569,160.0,1.0,SKT-4031,1.0,1.0,GPIX
19/07/2025,18:07:29,47.62043,-52.73569,158.0,1.0,SKT-4031,1.0,1.0,GPIX
19/07/2025,18:07:37,47.62045,-52.73569,156.0,1.0,SKT-4031,1.0,1.0,GPIX
19/07/2025,18:07:44,47.62044,-52.73571,155.0,1.0,SKT-4031,1.0,1.0,GPIX
19/07/2025,18:07:52,47.62042,-52.73572,154.0,1.0,SKT-4031,1.0,1.0,GPIX
19/07/2025,18:07:59,47.62042,-52.73571,155.0,1.0,SKT-4031,1.0,1.0,GPIX
19/07/2025,18:08:06,47.62043,-52.7357,155.0,1.0,SKT-4031,1.0,1.0,GPIX
19/07/2025,18:08:14,47.62045,-52.73569,156.0,1.0,SKT-4031,1.0,1.0,GPIX
19/07/2025,18:08:21,47.62046,-52.73568,156.0,1.0,SKT-4031,1.0,1.0,GPIX
19/07/2025,18:08:28,47.62047,-52.73566,157.0,1.0,SKT-4031,1.0,1.0,GPIX
19/07/2025,18:08:36,47.62048,-52.73566,155.0,1.0,SKT-4031,1.0,1.0,GPIX
19/07/2025,18:08:43,47.62048,-52.73567,152.0,1.0,SKT-4031,1.0,1.0,GPIX
19/07/2025,18:08:51,47.62047,-52.73568,148.0,1.0,SKT-4031,1.0,1.0,GPIX
19/07/2025,18:08:58,47.62046,-52.73568,147.0,1.0,SKT-4031,1.0,1.0,GPIX
19/07/2025,18:09:06,47.62043,-52.73569,146.0,1.0,SKT-4031,1.0,1.0,GPIX
19/07/2025,18:09:13,47.62042,-52.7357,147.0,1.0,SKT-4031,1.0,1.0,GPIX
19/07/2025,18:09:21,47.6204,-52.73571,147.0,1.0,SKT-4031,1.0,1.0,GPIX
19/07/2025,18:09:29,47.6204,-52.73571,147.0,1.0,SKT-4031,1.0,1.0,GPIX
19/07/2025,18:09:37,47.6204,-52.73571,149.0,1.0,SKT-4031,1.0,1.0,GPIX
19/07/2025,18:09:44,47.6204,-52.73569,150.0,1.0,SKT-4031,1.0,1.0,GPIX
19/07/2025,18:09:52,47.62041,-52.73566,151.0,1.0,SKT-4031,1.0,1.0,GPIX
19/07/2025,18:09:59,47.62041,-52.73565,151.0,1.0,SKT-4031,1.0,1.0,GPIX
19/07/2025,18:10:06,47.62041,-52.73563,151.0,1.0,SKT-4031,1.0,1.0,GPIX
19/07/2025,18:10:14,47.62042,-52.73564,150.0,1.0,SKT-4031,1.0,1.0,GPIX
19/07/2025,18:10:22,47.62042,-52.73565,149.0,1.0,SKT-4031,1.0,1.0,GPIX
19/07/2025,18:10:29,47.62042,-52.73566,148.0,1.0,SKT-4031,1.0,1.0,GPIX
19/07/2025,18:10:36,47.62042,-52.73569,147.0,1.0,SKT-4031,1.0,1.0,GPIX
19/07/2025,18:10:44,47.62043,-52.73574,146.0,1.0,SKT-4031,1.0,1.0,GPIX
19/07/2025,18:10:51,47.62044,-52.73577,147.0,1.0,SKT-4031,1.0,1.0,GPIX
19/07/2025,18:10:59,47.62045,-52.73578,148.0,1.0,SKT-4031,1.0,1.0,GPIX
19/07/2025,18:11:06,47.62046,-52.73577,150.0,1.0,SKT-4031,1.0,1.0,GPIX
19/07/2025,18:11:14,47.62046,-52.73574,151.0,1.0,SKT-4031,1.0,1.0,GPIX
19/07/2025,18:11:22,47.62048,-52.73573,150.0,1.0,SKT-4031,1.0,1.0,GPIX
19/07/2025,18:11:29,47.62048,-52.7357,149.0,1.0,SKT-4031,1.0,1.0,GPIX
19/07/2025,18:11:37,47.62049,-52.73568,148.0,1.0,SKT-4031,1.0,1.0,GPIX
19/07/2025,18:11:44,47.6205,-52.73567,148.0,1.0,SKT-4031,1.0,1.0,GPIX
19/07/2025,18:11:52,47.62051,-52.73566,148.0,1.0,SKT-4031,1.0,1.0,GPIX
19/07/2025,18:11:59,47.62051,-52.73566,148.0,1.0,SKT-4031,1.0,1.0,GPIX
19/07/2025,18:12:06,47.62052,-52.73566,148.0,1.0,SKT-4031,1.0,1.0,GPIX
19/07/2025,18:12:14,47.62052,-52.73565,147.0,1.0,SKT-4031,1.0,1.0,GPIX
19/07/2025,18:12:21,47.62051,-52.73564,146.0,1.0,SKT-4031,1.0,1.0,GPIX
19/07/2025,18:12:29,47.62049,-52.73563,146.0,1.0,SKT-4031,1.0,1.0,GPIX
19/07/2025,18:12:37,47.62049,-52.73564,145.0,1.0,SKT-4031,1.0,1.0,GPIX
19/07/2025,18:12:44,47.62049,-52.73564,144.0,1.0,SKT-4031,1.0,1.0,GPIX
19/07/2025,18:12:52,47.62048,-52.73565,143.0,1.0,SKT-4031,1.0,1.0,GPIX
19/07/2025,18:12:59,47.62047,-52.73566,141.0,1.0,SKT-4031,1.0,1.0,GPIX
19/07/2025,18:13:07,47.62046,-52.73567,140.0,1.0,SKT-4031,1.0,1.0,GPIX
19/07/2025,18:13:14,47.62047,-52.73568,141.0,1.0,SKT-4031,1.0,1.0,GPIX
19/07/2025,18:13:21,47.62047,-52.73569,141.0,1.0,SKT-4031,1.0,1.0,GPIX
19/07/2025,18:13:29,47.62047,-52.7357,140.0,1.0,SKT-4031,1.0,1.0,GPIX
19/07/2025,18:13:36,47.62047,-52.73571,140.0,1.0,SKT-4031,1.0,1.0,GPIX
19/07/2025,18:13:44,47.62047,-52.73571,142.0,1.0,SKT-4031,1.0,1.0,GPIX
19/07/2025,18:13:51,47.62046,-52.73571,144.0,1.0,SKT-4031,1.0,1.0,GPIX
19/07/2025,18:13:58,47.62045,-52.73571,147.0,1.0,SKT-4031,1.0,1.0,GPIX
19/07/2025,18:14:06,47.62045,-52.73571,151.0,1.0,SKT-4031,1.0,1.0,GPIX
19/07/2025,18:14:13,47.62045,-52.73571,153.0,1.0,SKT-4031,1.0,1.0,GPIX
19/07/2025,18:14:21,47.62046,-52.73572,154.0,1.0,SKT-4031,1.0,1.0,GPIX
19/07/2025,18:14:28,47.62046,-52.73572,156.0,1.0,SKT-4031,1.0,1.0,GPIX
19/07/2025,18:14:36,47.62045,-52.73572,156.0,1.0,SKT-4031,1.0,1.0,GPIX
19/07/2025,18:14:43,47.62044,-52.73573,156.0,1.0,SKT-4031,1.0,1.0,GPIX
19/07/2025,18:14:51,47.62043,-52.73574,155.0,1.0,SKT-4031,1.0,1.0,GPIX
19/07/2025,18:14:58,47.62044,-52.73574,153.0,1.0,SKT-4031,1.0,1.0,GPIX
19/07/2025,18:15:05,47.62044,-52.73574,152.0,1.0,SKT-4031,1.0,1.0,GPIX
19/07/2025,18:15:13,47.62043,-52.73575,152.0,1.0,SKT-4031,1.0,1.0,GPIX
19/07/2025,18:15:20,47.62042,-52.73576,153.0,1.0,SKT-4031,1.0,1.0,GPIX
19/07/2025,18:15:27,47.6204,-52.73576,153.0,1.0,SKT-4031,1.0,1.0,GPIX
19/07/2025,18:15:35,47.62038,-52.73577,154.0,1.0,SKT-4031,1.0,1.0,GPIX
19/07/2025,18:15:42,47.62038,-52.73577,154.0,1.0,SKT-4031,1.0,1.0,GPIX
19/07/2025,18:15:50,47.62038,-52.73576,152.0,1.0,SKT-4031,1.0,1.0,GPIX
19/07/2025,18:15:57,47.62038,-52.73574,149.0,1.0,SKT-4031,1.0,1.0,GPIX
19/07/2025,18:16:04,47.62038,-52.73574,147.0,1.0,SKT-4031,1.0,1.0,GPIX
19/07/2025,18:16:12,47.62038,-52.73574,146.0,1.0,SKT-4031,1.0,1.0,GPIX
19/07/2025,18:16:19,47.62039,-52.73576,147.0,1.0,SKT-4031,1.0,1.0,GPIX
19/07/2025,18:16:26,47.6204,-52.73576,146.0,1.0,SKT-4031,1.0,1.0,GPIX
19/07/2025,18:16:34,47.62041,-52.73576,146.0,1.0,SKT-4031,1.0,1.0,GPIX
19/07/2025,18:16:41,47.62044,-52.73575,146.0,1.0,SKT-4031,1.0,1.0,GPIX
19/07/2025,18:16:49,47.62047,-52.73573,145.0,1.0,SKT-4031,1.0,1.0,GPIX
19/07/2025,18:16:56,47.62049,-52.73571,146.0,1.0,SKT-4031,1.0,1.0,GPIX
19/07/2025,18:17:04,47.6205,-52.73567,150.0,1.0,SKT-4031,1.0,1.0,GPIX
19/07/2025,18:17:11,47.62051,-52.73565,156.0,1.0,SKT-4031,1.0,1.0,GPIX
19/07/2025,18:17:19,47.62051,-52.73563,159.0,1.0,SKT-4031,1.0,1.0,GPIX
19/07/2025,18:17:26,47.62051,-52.73563,161.0,1.0,SKT-4031,1.0,1.0,GPIX
19/07/2025,18:17:33,47.6205,-52.73563,165.0,1.0,SKT-4031,1.0,1.0,GPIX
19/07/2025,18:17:41,47.62049,-52.73565,167.0,1.0,SKT-4031,1.0,1.0,GPIX
19/07/2025,18:17:48,47.62048,-52.73566,169.0,1.0,SKT-4031,1.0,1.0,GPIX
19/07/2025,18:17:56,47.62048,-52.73567,168.0,1.0,SKT-4031,1.0,1.0,GPIX
19/07/2025,18:18:03,47.62048,-52.73568,165.0,1.0,SKT-4031,1.0,1.0,GPIX
19/07/2025,18:18:11,47.6205,-52.73569,162.0,1.0,SKT-4031,1.0,1.0,GPIX
19/07/2025,18:18:18,47.62051,-52.73569,159.0,1.0,SKT-4031,1.0,1.0,GPIX
19/07/2025,18:18:25,47.62051,-52.73569,155.0,1.0,SKT-4031,1.0,1.0,GPIX
19/07/2025,18:18:33,47.62051,-52.73569,152.0,1.0,SKT-4031,1.0,1.0,GPIX
19/07/2025,18:18:40,47.62049,-52.73571,150.0,1.0,SKT-4031,1.0,1.0,GPIX
19/07/2025,18:18:48,47.62049,-52.73571,148.0,1.0,SKT-4031,1.0,1.0,GPIX
19/07/2025,18:18:55,47.6205,-52.73572,146.0,1.0,SKT-4031,1.0,1.0,GPIX
19/07/2025,18:19:03,47.62051,-52.73572,146.0,1.0,SKT-4031,1.0,1.0,GPIX
19/07/2025,18:19:10,47.62051,-52.73572,147.0,1.0,SKT-4031,1.0,1.0,GPIX
19/07/2025,18:19:18,47.6205,-52.73572,151.0,1.0,SKT-4031,1.0,1.0,GPIX
19/07/2025,18:19:25,47.62049,-52.73573,155.0,1.0,SKT-4031,1.0,1.0,GPIX
19/07/2025,18:19:33,47.62049,-52.73574,158.0,1.0,SKT-4031,1.0,1.0,GPIX
19/07/2025,18:19:40,47.62048,-52.73573,159.0,1.0,SKT-4031,1.0,1.0,GPIX
19/07/2025,18:19:47,47.62048,-52.73571,159.0,1.0,SKT-4031,1.0,1.0,GPIX
19/07/2025,18:19:55,47.62049,-52.73569,159.0,1.0,SKT-4031,1.0,1.0,GPIX
19/07/2025,18:20:02,47.62049,-52.73569,160.0,1.0,SKT-4031,1.0,1.0,GPIX
19/07/2025,18:20:10,47.62048,-52.73569,160.0,1.0,SKT-4031,1.0,1.0,GPIX
19/07/2025,18:20:17,47.62048,-52.7357,161.0,1.0,SKT-4031,1.0,1.0,GPIX
19/07/2025,18:20:25,47.62047,-52.73572,161.0,1.0,SKT-4031,1.0,1.0,GPIX
19/07/2025,18:20:32,47.62047,-52.73573,162.0,1.0,SKT-4031,1.0,1.0,GPIX
19/07/2025,18:20:39,47.62046,-52.73574,161.0,1.0,SKT-4031,1.0,1.0,GPIX
19/07/2025,18:20:47,47.62046,-52.73574,158.0,1.0,SKT-4031,1.0,1.0,GPIX
19/07/2025,18:20:54,47.62046,-52.73574,153.0,1.0,SKT-4031,1.0,1.0,GPIX
19/07/2025,18:21:01,47.62045,-52.73571,150.0,1.0,SKT-4031,1.0,1.0,GPIX
19/07/2025,18:21:10,47.62043,-52.73569,148.0,1.0,SKT-4031,1.0,1.0,GPIX
19/07/2025,18:21:18,47.62041,-52.73566,149.0,1.0,SKT-4031,1.0,1.0,GPIX
19/07/2025,18:21:25,47.6204,-52.73565,151.0,1.0,SKT-4031,1.0,1.0,GPIX
19/07/2025,18:21:32,47.6204,-52.73564,153.0,1.0,SKT-4031,1.0,1.0,GPIX
19/07/2025,18:21:40,47.62039,-52.73565,155.0,1.0,SKT-4031,1.0,1.0,GPIX
19/07/2025,18:21:47,47.62038,-52.73568,154.0,1.0,SKT-4031,1.0,1.0,GPIX
19/07/2025,18:21:55,47.62039,-52.73571,154.0,1.0,SKT-4031,1.0,1.0,GPIX
19/07/2025,18:22:02,47.62041,-52.73574,152.0,1.0,SKT-4031,1.0,1.0,GPIX
19/07/2025,18:22:10,47.62043,-52.73577,150.0,1.0,SKT-4031,1.0,1.0,GPIX
19/07/2025,18:22:17,47.62044,-52.73579,146.0,1.0,SKT-4031,1.0,1.0,GPIX
19/07/2025,18:22:24,47.62045,-52.7358,144.0,1.0,SKT-4031,1.0,1.0,GPIX
19/07/2025,18:22:32,47.62045,-52.73579,144.0,1.0,SKT-4031,1.0,1.0,GPIX
19/07/2025,18:22:39,47.62045,-52.73579,147.0,1.0,SKT-4031,1.0,1.0,GPIX
19/07/2025,18:22:46,47.62044,-52.73579,150.0,1.0,SKT-4031,1.0,1.0,GPIX
19/07/2025,18:22:54,47.62043,-52.73578,153.0,1.0,SKT-4031,1.0,1.0,GPIX
19/07/2025,18:23:01,47.62042,-52.73577,157.0,1.0,SKT-4031,1.0,1.0,GPIX
19/07/2025,18:23:09,47.62041,-52.73577,159.0,1.0,SKT-4031,1.0,1.0,GPIX
19/07/2025,18:23:16,47.62041,-52.73578,160.0,1.0,SKT-4031,1.0,1.0,GPIX
19/07/2025,18:23:24,47.62041,-52.73579,159.0,1.0,SKT-4031,1.0,1.0,GPIX
19/07/2025,18:23:31,47.62043,-52.73579,158.0,1.0,SKT-4031,1.0,1.0,GPIX
19/07/2025,18:23:39,47.62044,-52.73579,158.0,1.0,SKT-4031,1.0,1.0,GPIX
19/07/2025,18:23:46,47.62045,-52.73579,159.0,1.0,SKT-4031,1.0,1.0,GPIX
19/07/2025,18:23:53,47.62046,-52.73578,161.0,1.0,SKT-4031,1.0,1.0,GPIX
19/07/2025,18:24:01,47.62046,-52.73576,160.0,1.0,SKT-4031,1.0,1.0,GPIX
19/07/2025,18:24:08,47.62047,-52.73576,158.0,1.0,SKT-4031,1.0,1.0,GPIX
19/07/2025,18:24:16,47.62048,-52.73577,156.0,1.0,SKT-4031,1.0,1.0,GPIX
19/07/2025,18:24:24,47.6205,-52.73578,156.0,1.0,SKT-4031,1.0,1.0,GPIX
19/07/2025,18:24:31,47.62051,-52.73581,155.0,1.0,SKT-4031,1.0,1.0,GPIX
19/07/2025,18:24:39,47.62051,-52.73584,155.0,1.0,SKT-4031,1.0,1.0,GPIX
19/07/2025,18:24:46,47.6205,-52.73586,155.0,1.0,SKT-4031,1.0,1.0,GPIX
19/07/2025,18:24:54,47.62049,-52.73587,156.0,1.0,SKT-4031,1.0,1.0,GPIX
19/07/2025,18:25:02,47.62048,-52.73586,157.0,1.0,SKT-4031,1.0,1.0,GPIX
19/07/2025,18:25:09,47.62047,-52.73585,157.0,1.0,SKT-4031,1.0,1.0,GPIX
19/07/2025,18:25:17,47.62046,-52.73583,157.0,1.0,SKT-4031,1.0,1.0,GPIX
19/07/2025,18:25:24,47.62045,-52.73582,157.0,1.0,SKT-4031,1.0,1.0,GPIX
19/07/2025,18:25:32,47.62044,-52.73581,157.0,1.0,SKT-4031,1.0,1.0,GPIX
19/07/2025,18:25:40,47.62044,-52.73579,157.0,1.0,SKT-4031,1.0,1.0,GPIX
19/07/2025,18:25:47,47.62044,-52.73577,156.0,1.0,SKT-4031,1.0,1.0,GPIX
19/07/2025,18:25:55,47.62044,-52.73576,157.0,1.0,SKT-4031,1.0,1.0,GPIX
19/07/2025,18:26:02,47.62044,-52.73576,159.0,1.0,SKT-4031,1.0,1.0,GPIX
19/07/2025,18:26:10,47.62043,-52.73576,161.0,1.0,SKT-4031,1.0,1.0,GPIX
19/07/2025,18:26:17,47.62043,-52.73576,160.0,1.0,SKT-4031,1.0,1.0,GPIX
19/07/2025,18:26:24,47.62043,-52.73575,159.0,1.0,SKT-4031,1.0,1.0,GPIX
19/07/2025,18:26:32,47.62045,-52.73574,158.0,1.0,SKT-4031,1.0,1.0,GPIX
19/07/2025,18:26:39,47.62046,-52.73573,155.0,1.0,SKT-4031,1.0,1.0,GPIX
19/07/2025,18:26:47,47.62046,-52.73574,154.0,1.0,SKT-4031,1.0,1.0,GPIX
19/07/2025,18:26:54,47.62045,-52.73576,152.0,1.0,SKT-4031,1.0,1.0,GPIX
19/07/2025,18:27:01,47.62044,-52.73579,149.0,1.0,SKT-4031,1.0,1.0,GPIX
19/07/2025,18:27:10,47.62042,-52.73582,147.0,1.0,SKT-4031,1.0,1.0,GPIX
19/07/2025,18:27:17,47.62041,-52.73582,146.0,1.0,SKT-4031,1.0,1.0,GPIX
19/07/2025,18:27:24,47.62041,-52.73583,146.0,1.0,SKT-4031,1.0,1.0,GPIX
19/07/2025,18:27:32,47.62041,-52.73582,146.0,1.0,SKT-4031,1.0,1.0,GPIX
19/07/2025,18:27:39,47.6204,-52.73581,146.0,1.0,SKT-4031,1.0,1.0,GPIX
19/07/2025,18:27:47,47.62038,-52.73579,148.0,1.0,SKT-4031,1.0,1.0,GPIX
19/07/2025,18:27:54,47.62038,-52.73577,150.0,1.0,SKT-4031,1.0,1.0,GPIX
19/07/2025,18:28:01,47.62039,-52.73576,153.0,1.0,SKT-4031,1.0,1.0,GPIX
19/07/2025,18:28:09,47.6204,-52.73576,157.0,1.0,SKT-4031,1.0,1.0,GPIX
19/07/2025,18:28:16,47.62041,-52.73576,159.0,1.0,SKT-4031,1.0,1.0,GPIX
19/07/2025,18:28:24,47.62041,-52.73576,158.0,1.0,SKT-4031,1.0,1.0,GPIX
19/07/2025,18:28:31,47.62042,-52.73577,157.0,1.0,SKT-4031,1.0,1.0,GPIX
19/07/2025,18:28:38,47.62043,-52.73578,157.0,1.0,SKT-4031,1.0,1.0,GPIX
19/07/2025,18:28:46,47.62043,-52.73579,156.0,1.0,SKT-4031,1.0,1.0,GPIX
19/07/2025,18:28:53,47.62043,-52.73579,154.0,1.0,SKT-4031,1.0,1.0,GPIX
19/07/2025,18:29:01,47.62043,-52.73579,153.0,1.0,SKT-4031,1.0,1.0,GPIX
19/07/2025,18:29:08,47.62043,-52.73579,152.0,1.0,SKT-4031,1.0,1.0,GPIX
19/07/2025,18:29:15,47.62042,-52.73579,151.0,1.0,SKT-4031,1.0,1.0,GPIX
19/07/2025,18:29:23,47.62041,-52.73579,149.0,1.0,SKT-4031,1.0,1.0,GPIX
19/07/2025,18:29:30,47.62041,-52.73579,147.0,1.0,SKT-4031,1.0,1.0,GPIX
19/07/2025,18:29:37,47.6204,-52.73579,146.0,1.0,SKT-4031,1.0,1.0,GPIX
19/07/2025,18:29:45,47.6204,-52.73579,146.0,1.0,SKT-4031,1.0,1.0,GPIX
19/07/2025,18:29:52,47.6204,-52.7358,149.0,1.0,SKT-4031,1.0,1.0,GPIX
19/07/2025,18:30:00,47.6204,-52.7358,152.0,1.0,SKT-4031,1.0,1.0,GPIX
19/07/2025,18:30:07,47.6204,-52.7358,154.0,1.0,SKT-4031,1.0,1.0,GPIX
19/07/2025,18:30:14,47.62041,-52.73579,155.0,1.0,SKT-4031,1.0,1.0,GPIX
19/07/2025,18:30:21,47.62042,-52.73578,155.0,1.0,SKT-4031,1.0,1.0,GPIX
19/07/2025,18:30:29,47.62044,-52.73577,152.0,1.0,SKT-4031,1.0,1.0,GPIX
19/07/2025,18:30:37,47.62043,-52.73575,148.0,1.0,SKT-4031,1.0,1.0,GPIX
19/07/2025,18:30:45,47.62043,-52.73573,144.0,1.0,SKT-4031,1.0,1.0,GPIX
19/07/2025,18:30:52,47.62043,-52.73573,141.0,1.0,SKT-4031,1.0,1.0,GPIX
19/07/2025,18:31:00,47.62044,-52.73574,138.0,1.0,SKT-4031,1.0,1.0,GPIX
19/07/2025,18:31:08,47.62043,-52.73577,138.0,1.0,SKT-4031,1.0,1.0,GPIX
19/07/2025,18:31:16,47.62042,-52.73579,138.0,1.0,SKT-4031,1.0,1.0,GPIX
19/07/2025,18:31:23,47.62041,-52.73582,138.0,1.0,SKT-4031,1.0,1.0,GPIX
19/07/2025,18:31:30,47.6204,-52.73584,138.0,1.0,SKT-4031,1.0,1.0,GPIX
19/07/2025,18:31:38,47.6204,-52.73586,139.0,1.0,SKT-4031,1.0,1.0,GPIX
19/07/2025,18:31:45,47.6204,-52.73586,140.0,1.0,SKT-4031,1.0,1.0,GPIX
19/07/2025,18:31:53,47.62039,-52.73585,143.0,1.0,SKT-4031,1.0,1.0,GPIX
19/07/2025,18:32:00,47.62039,-52.73582,146.0,1.0,SKT-4031,1.0,1.0,GPIX
19/07/2025,18:32:08,47.62038,-52.73579,148.0,1.0,SKT-4031,1.0,1.0,GPIX
19/07/2025,18:32:15,47.62039,-52.73578,148.0,1.0,SKT-4031,1.0,1.0,GPIX
19/07/2025,18:32:23,47.6204,-52.73578,149.0,1.0,SKT-4031,1.0,1.0,GPIX
19/07/2025,18:32:30,47.62041,-52.73578,149.0,1.0,SKT-4031,1.0,1.0,GPIX
19/07/2025,18:32:38,47.62043,-52.73577,149.0,1.0,SKT-4031,1.0,1.0,GPIX
19/07/2025,18:32:45,47.62043,-52.73577,151.0,1.0,SKT-4031,1.0,1.0,GPIX
19/07/2025,18:32:53,47.62045,-52.73577,152.0,1.0,SKT-4031,1.0,1.0,GPIX
19/07/2025,18:33:00,47.62045,-52.73578,152.0,1.0,SKT-4031,1.0,1.0,GPIX
19/07/2025,18:33:08,47.62046,-52.73579,150.0,1.0,SKT-4031,1.0,1.0,GPIX
19/07/2025,18:33:15,47.62046,-52.7358,148.0,1.0,SKT-4031,1.0,1.0,GPIX
19/07/2025,18:33:22,47.62046,-52.73581,145.0,1.0,SKT-4031,1.0,1.0,GPIX
19/07/2025,10:53:05,,,,,,0.0,0.0,
19/07/2025,10:53:11,,,,,,0.0,0.0,
19/07/2025,10:53:16,,,,,,0.0,0.0,
19/07/2025,10:53:21,,,,,,0.0,0.0,
19/07/2025,10:53:26,,,,,,0.0,0.0,
19/07/2025,10:53:31,,,,,,0.0,0.0,
19/07/2025,10:53:36,,,,,,0.0,0.0,
19/07/2025,10:53:41,,,,,,0.0,0.0,
19/07/2025,10:53:47,,,,,,0.0,0.0,
19/07/2025,10:53:52,,,,,,0.0,0.0,
19/07/2025,10:53:57,,,,,,0.0,0.0,
19/07/2025,10:54:34,,,,,,0.0,0.0,
19/07/2025,18:37:04,47.6204,-52.73585,153.0,1.0,SKT-4031,1.0,1.0,GPIX
19/07/2025,18:37:11,47.62039,-52.73583,156.0,1.0,SKT-4031,1.0,1.0,GPIX
19/07/2025,18:37:18,47.62039,-52.73581,158.0,1.0,SKT-4031,1.0,1.0,GPIX
19/07/2025,18:37:26,47.6204,-52.73582,157.0,1.0,SKT-4031,1.0,1.0,GPIX
19/07/2025,18:37:33,47.62041,-52.73583,154.0,1.0,SKT-4031,1.0,1.0,GPIX
19/07/2025,18:37:41,47.62042,-52.73585,152.0,1.0,SKT-4031,1.0,1.0,GPIX
19/07/2025,18:37:49,47.62043,-52.73584,155.0,1.0,SKT-4031,1.0,1.0,GPIX
19/07/2025,18:37:57,47.62043,-52.73583,160.0,1.0,SKT-4031,1.0,1.0,GPIX
19/07/2025,18:38:05,47.62044,-52.73583,161.0,1.0,SKT-4031,1.0,1.0,GPIX
19/07/2025,18:38:13,47.62045,-52.73583,156.0,1.0,SKT-4031,1.0,1.0,GPIX
19/07/2025,18:38:20,47.62046,-52.73583,150.0,1.0,SKT-4031,1.0,1.0,GPIX
19/07/2025,18:38:27,47.62047,-52.73582,142.0,1.0,SKT-4031,1.0,1.0,GPIX
19/07/2025,18:38:35,47.62048,-52.73582,135.0,1.0,SKT-4031,1.0,1.0,GPIX
19/07/2025,18:38:42,47.62047,-52.73582,130.0,1.0,SKT-4031,1.0,1.0,GPIX
19/07/2025,18:38:50,47.62046,-52.73582,125.0,1.0,SKT-4031,1.0,1.0,GPIX
19/07/2025,18:38:57,47.62045,-52.73582,123.0,1.0,SKT-4031,1.0,1.0,GPIX
19/07/2025,18:39:05,47.62044,-52.73582,125.0,1.0,SKT-4031,1.0,1.0,GPIX
19/07/2025,18:39:12,47.62043,-52.73582,126.0,1.0,SKT-4031,1.0,1.0,GPIX
19/07/2025,18:39:19,47.62042,-52.73582,127.0,1.0,SKT-4031,1.0,1.0,GPIX
19/07/2025,18:39:27,47.62041,-52.73582,133.0,1.0,SKT-4031,1.0,1.0,GPIX
19/07/2025,18:39:34,47.62041,-52.73581,138.0,1.0,SKT-4031,1.0,1.0,GPIX
19/07/2025,18:39:42,47.62041,-52.73579,143.0,1.0,SKT-4031,1.0,1.0,GPIX
19/07/2025,18:39:49,47.62041,-52.73577,146.0,1.0,SKT-4031,1.0,1.0,GPIX
19/07/2025,18:39:56,47.62042,-52.73576,148.0,1.0,SKT-4031,1.0,1.0,GPIX
19/07/2025,18:40:04,47.62042,-52.73576,151.0,1.0,SKT-4031,1.0,1.0,GPIX
19/07/2025,18:40:12,47.62042,-52.73575,152.0,1.0,SKT-4031,1.0,1.0,GPIX
19/07/2025,18:40:19,47.62042,-52.73574,150.0,1.0,SKT-4031,1.0,1.0,GPIX
19/07/2025,18:40:27,47.62043,-52.73574,148.0,1.0,SKT-4031,1.0,1.0,GPIX
19/07/2025,18:40:34,47.62043,-52.73574,147.0,1.0,SKT-4031,1.0,1.0,GPIX
19/07/2025,18:40:41,47.62044,-52.73573,145.0,1.0,SKT-4031,1.0,1.0,GPIX
19/07/2025,18:40:48,47.62045,-52.73572,143.0,1.0,SKT-4031,1.0,1.0,GPIX
19/07/2025,18:40:56,47.62045,-52.73571,140.0,1.0,SKT-4031,1.0,1.0,GPIX
19/07/2025,18:41:03,47.62045,-52.73571,139.0,1.0,SKT-4031,1.0,1.0,GPIX
19/07/2025,18:41:11,47.62045,-52.73571,141.0,1.0,SKT-4031,1.0,1.0,GPIX
19/07/2025,18:41:18,47.62044,-52.73571,144.0,1.0,SKT-4031,1.0,1.0,GPIX
19/07/2025,18:41:26,47.62043,-52.73571,147.0,1.0,SKT-4031,1.0,1.0,GPIX
19/07/2025,18:41:34,47.62042,-52.7357,151.0,1.0,SKT-4031,1.0,1.0,GPIX
19/07/2025,18:41:42,47.6204,-52.73569,155.0,1.0,SKT-4031,1.0,1.0,GPIX
19/07/2025,18:41:49,47.6204,-52.73569,159.0,1.0,SKT-4031,1.0,1.0,GPIX
19/07/2025,18:41:56,47.62039,-52.7357,160.0,1.0,SKT-4031,1.0,1.0,GPIX
19/07/2025,18:42:04,47.6204,-52.73572,160.0,1.0,SKT-4031,1.0,1.0,GPIX
19/07/2025,18:42:11,47.62041,-52.73573,160.0,1.0,SKT-4031,1.0,1.0,GPIX
19/07/2025,18:42:19,47.62043,-52.73573,160.0,1.0,SKT-4031,1.0,1.0,GPIX
19/07/2025,18:42:26,47.62044,-52.73573,161.0,1.0,SKT-4031,1.0,1.0,GPIX
19/07/2025,18:42:33,47.62045,-52.73571,162.0,1.0,SKT-4031,1.0,1.0,GPIX
19/07/2025,18:42:41,47.62045,-52.73569,165.0,1.0,SKT-4031,1.0,1.0,GPIX
19/07/2025,18:42:48,47.62045,-52.73568,166.0,1.0,SKT-4031,1.0,1.0,GPIX
19/07/2025,18:42:56,47.62045,-52.73567,166.0,1.0,SKT-4031,1.0,1.0,GPIX
19/07/2025,18:43:03,47.62045,-52.73569,163.0,1.0,SKT-4031,1.0,1.0,GPIX
19/07/2025,11:01:11,,,,,,0.0,0.0,
19/07/2025,11:01:16,,,,,,0.0,0.0,
19/07/2025,11:01:23,,,,,,0.0,0.0,
19/07/2025,11:01:28,,,,,,0.0,0.0,
19/07/2025,11:01:34,,,,,,0.0,0.0,
19/07/2025,11:01:39,,,,,,0.0,0.0,
19/07/2025,11:01:44,,,,,,0.0,0.0,
19/07/2025,11:01:49,,,,,,0.0,0.0,
19/07/2025,11:01:54,,,,,,0.0,0.0,
19/07/2025,11:01:59,,,,,,0.0,0.0,
19/07/2025,11:02:04,,,,,,0.0,0.0,
19/07/2025,11:02:09,,,,,,0.0,0.0,
19/07/2025,11:03:12,,,,,,0.0,0.0,
19/07/2025,11:03:17,,,,,,0.0,0.0,
19/07/2025,11:03:24,,,,,,0.0,0.0,
19/07/2025,11:03:29,,,,,,0.0,0.0,
19/07/2025,11:03:34,,,,,,0.0,0.0,
19/07/2025,19:29:14,47.6205,-52.73559,169.0,1.0,SKT-4031,1.0,0.0,GPIX
19/07/2025,19:29:21,47.6205,-52.73553,172.0,1.0,SKT-4031,1.0,0.0,GPIX
19/07/2025,19:29:28,47.6205,-52.7355,174.0,1.0,SKT-4031,1.0,0.0,GPIX
19/07/2025,19:29:35,47.62049,-52.73548,177.0,1.0,SKT-4031,1.0,0.0,GPIX
19/07/2025,19:29:42,47.62048,-52.73545,178.0,1.0,SKT-4031,1.0,0.0,GPIX
19/07/2025,19:29:49,47.62051,-52.73542,173.0,1.0,SKT-4031,1.0,0.0,GPIX
19/07/2025,19:29:56,47.6205,-52.73544,168.0,1.0,SKT-4031,1.0,0.0,GPIX
19/07/2025,19:30:03,47.62048,-52.73548,164.0,1.0,SKT-4031,1.0,0.0,GPIX
19/07/2025,19:30:11,47.62048,-52.73551,163.0,1.0,SKT-4031,1.0,0.0,GPIX
19/07/2025,19:30:19,47.62048,-52.73552,164.0,1.0,SKT-4031,1.0,1.0,GPIX
19/07/2025,19:30:26,47.62047,-52.73552,164.0,1.0,SKT-4031,1.0,1.0,GPIX
19/07/2025,19:30:33,47.62046,-52.73551,164.0,1.0,SKT-4031,1.0,1.0,GPIX
19/07/2025,19:30:41,47.62045,-52.7355,165.0,1.0,SKT-4031,1.0,1.0,GPIX
19/07/2025,19:30:48,47.62045,-52.7355,164.0,1.0,SKT-4031,1.0,1.0,GPIX
19/07/2025,19:30:55,47.62044,-52.73548,164.0,1.0,SKT-4031,1.0,1.0,GPIX
19/07/2025,19:31:03,47.62044,-52.73545,165.0,1.0,SKT-4031,1.0,1.0,GPIX
19/07/2025,19:31:10,47.62043,-52.73544,165.0,1.0,SKT-4031,1.0,1.0,GPIX
19/07/2025,19:31:17,47.62042,-52.73543,165.0,1.0,SKT-4031,1.0,1.0,GPIX
19/07/2025,19:31:25,47.62042,-52.73544,164.0,1.0,SKT-4031,1.0,1.0,GPIX
19/07/2025,19:31:32,47.62043,-52.73546,164.0,1.0,SKT-4031,1.0,1.0,GPIX
19/07/2025,19:31:39,47.62044,-52.73547,164.0,1.0,SKT-4031,1.0,1.0,GPIX
19/07/2025,19:31:47,47.62045,-52.73548,163.0,1.0,SKT-4031,1.0,1.0,GPIX
19/07/2025,19:31:54,47.62046,-52.73549,163.0,1.0,SKT-4031,1.0,1.0,GPIX
19/07/2025,19:32:01,47.62047,-52.7355,164.0,1.0,SKT-4031,1.0,1.0,GPIX
19/07/2025,19:32:09,47.62046,-52.73553,164.0,1.0,SKT-4031,1.0,1.0,GPIX
19/07/2025,19:32:16,47.62047,-52.73555,162.0,1.0,SKT-4031,1.0,1.0,GPIX
19/07/2025,19:32:23,47.62047,-52.73556,161.0,1.0,SKT-4031,1.0,1.0,GPIX
19/07/2025,11:07:28,,,,,,0.0,0.0,
19/07/2025,11:07:33,,,,,,0.0,0.0,
19/07/2025,11:08:28,,,,,,0.0,0.0,
19/07/2025,11:08:35,,,,,,0.0,0.0,
19/07/2025,11:08:40,,,,,,0.0,0.0,
19/07/2025,11:08:45,,,,,,0.0,0.0,
19/07/2025,11:08:51,,,,,,0.0,0.0,
19/07/2025,11:08:56,,,,,,0.0,0.0,
19/07/2025,11:10:29,,,,,,0.0,0.0,
19/07/2025,11:10:34,,,,,,0.0,0.0,
19/07/2025,11:10:40,,,,,,0.0,0.0,
19/07/2025,11:10:45,,,,,,0.0,0.0,
19/07/2025,11:10:50,,,,,,0.0,0.0,
19/07/2025,11:10:55,,,,,,0.0,0.0,
19/07/2025,11:11:00,,,,,,0.0,0.0,
19/07/2025,11:11:05,,,,,,0.0,0.0,
19/07/2025,11:11:10,,,,,,0.0,0.0,
19/07/2025,11:11:15,,,,,,0.0,0.0,
19/07/2025,11:11:20,,,,,,0.0,0.0,
19/07/2025,11:11:59,,,,,,0.0,0.0,
19/07/2025,20:43:35,47.62048,-52.73571,141.0,1.0,SKT-4031,1.0,1.0,GPIX
19/07/2025,20:43:43,47.62047,-52.73571,141.0,1.0,SKT-4031,1.0,1.0,GPIX
19/07/2025,20:43:50,47.62046,-52.73571,142.0,1.0,SKT-4031,1.0,1.0,GPIX
19/07/2025,20:43:58,47.62043,-52.73571,143.0,1.0,SKT-4031,1.0,1.0,GPIX
19/07/2025,20:44:05,47.62041,-52.73571,145.0,1.0,SKT-4031,1.0,1.0,GPIX
19/07/2025,20:44:14,47.62038,-52.73571,148.0,1.0,SKT-4031,1.0,1.0,GPIX
19/07/2025,20:44:22,47.62037,-52.73571,148.0,1.0,SKT-4031,1.0,1.0,GPIX
19/07/2025,20:44:29,47.62037,-52.73572,147.0,1.0,SKT-4031,1.0,1.0,GPIX
19/07/2025,20:44:37,47.62037,-52.73572,147.0,1.0,SKT-4031,1.0,1.0,GPIX
19/07/2025,11:13:40,,,,,,0.0,0.0,
19/07/2025,11:13:46,,,,,,0.0,0.0,
19/07/2025,11:13:51,,,,,,0.0,0.0,
19/07/2025,11:13:57,,,,,,0.0,0.0,
20/07/2025,13:08:27,47.62042,-52.73563,152.0,0.0,SKT-4031,1.0,0.0,GPIX
20/07/2025,13:08:34,47.62042,-52.73561,153.0,0.0,SKT-4031,1.0,0.0,GPIX
20/07/2025,13:08:41,47.62042,-52.73558,152.0,0.0,SKT-4031,1.0,0.0,GPIX
20/07/2025,13:08:48,47.62042,-52.73557,152.0,0.0,SKT-4031,1.0,0.0,GPIX
20/07/2025,13:08:55,47.62043,-52.73556,152.0,0.0,SKT-4031,1.0,0.0,GPIX
20/07/2025,13:09:02,47.62043,-52.73557,152.0,0.0,SKT-4031,1.0,0.0,GPIX
20/07/2025,13:09:10,47.62045,-52.7356,153.0,0.0,SKT-4031,1.0,0.0,GPIX
20/07/2025,13:09:17,47.62046,-52.73563,154.0,0.0,SKT-4031,1.0,0.0,GPIX
20/07/2025,13:09:24,47.62046,-52.73566,156.0,0.0,SKT-4031,1.0,0.0,GPIX
20/07/2025,13:09:32,47.62045,-52.73567,158.0,0.0,SKT-4031,1.0,0.0,GPIX
20/07/2025,13:09:40,47.62045,-52.73567,159.0,0.0,SKT-4031,1.0,0.0,GPIX
20/07/2025,13:09:48,47.62045,-52.73568,157.0,0.0,SKT-4031,1.0,0.0,GPIX
20/07/2025,13:09:56,47.62044,-52.73568,156.0,0.0,SKT-4031,1.0,0.0,GPIX
20/07/2025,13:10:04,47.62045,-52.73569,153.0,0.0,SKT-4031,1.0,0.0,GPIX
20/07/2025,13:10:12,47.62045,-52.73569,151.0,0.0,SKT-4031,1.0,0.0,GPIX
20/07/2025,13:10:19,47.62045,-52.7357,150.0,0.0,SKT-4031,1.0,0.0,GPIX
20/07/2025,13:10:27,47.62045,-52.7357,148.0,0.0,SKT-4031,1.0,0.0,GPIX
20/07/2025,13:10:34,47.62045,-52.73571,146.0,0.0,SKT-4031,1.0,0.0,GPIX
20/07/2025,13:10:42,47.62045,-52.73571,144.0,0.0,SKT-4031,1.0,0.0,GPIX
20/07/2025,13:10:50,47.62045,-52.73571,143.0,0.0,SKT-4031,1.0,0.0,GPIX
20/07/2025,13:10:59,47.62045,-52.7357,141.0,0.0,SKT-4031,1.0,0.0,GPIX
20/07/2025,13:11:07,47.62044,-52.7357,139.0,0.0,SKT-4031,1.0,0.0,GPIX
20/07/2025,13:11:15,47.62044,-52.73571,138.0,0.0,SKT-4031,1.0,0.0,GPIX
20/07/2025,13:11:23,47.62044,-52.73572,137.0,0.0,SKT-4031,1.0,0.0,GPIX
20/07/2025,13:11:30,47.62045,-52.73573,137.0,0.0,SKT-4031,1.0,0.0,GPIX
20/07/2025,13:11:37,47.62045,-52.73573,137.0,0.0,SKT-4031,1.0,0.0,GPIX
20/07/2025,13:11:44,47.62045,-52.73573,137.0,0.0,SKT-4031,1.0,0.0,GPIX
20/07/2025,13:11:51,47.62045,-52.73571,137.0,0.0,SKT-4031,1.0,0.0,GPIX
20/07/2025,13:11:59,47.62045,-52.73569,137.0,0.0,SKT-4031,1.0,0.0,GPIX
20/07/2025,13:12:06,47.62044,-52.73569,137.0,0.0,SKT-4031,1.0,0.0,GPIX
20/07/2025,13:12:13,47.62043,-52.73568,136.0,0.0,SKT-4031,1.0,0.0,GPIX
20/07/2025,13:12:20,47.62043,-52.73568,134.0,0.0,SKT-4031,1.0,0.0,GPIX
20/07/2025,13:12:28,47.62043,-52.73568,132.0,0.0,SKT-4031,1.0,0.0,GPIX
20/07/2025,13:12:35,47.62043,-52.73567,130.0,0.0,SKT-4031,1.0,0.0,GPIX
20/07/2025,13:12:42,47.62043,-52.73566,131.0,0.0,SKT-4031,1.0,0.0,GPIX
20/07/2025,13:12:49,47.62045,-52.73566,131.0,0.0,SKT-4031,1.0,0.0,GPIX
20/07/2025,13:12:56,47.62046,-52.73566,133.0,0.0,SKT-4031,1.0,0.0,GPIX
20/07/2025,13:13:03,47.62048,-52.73567,136.0,0.0,SKT-4031,1.0,0.0,GPIX
20/07/2025,13:13:10,47.62048,-52.73568,140.0,0.0,SKT-4031,1.0,0.0,GPIX
20/07/2025,13:13:17,47.62047,-52.73568,143.0,0.0,SKT-4031,1.0,0.0,GPIX
20/07/2025,13:13:24,47.62048,-52.73568,144.0,0.0,SKT-4031,1.0,0.0,GPIX
20/07/2025,13:13:32,47.62048,-52.73567,145.0,0.0,SKT-4031,1.0,0.0,GPIX
20/07/2025,13:13:39,47.62048,-52.73566,145.0,0.0,SKT-4031,1.0,1.0,GPIX
20/07/2025,13:13:46,47.62048,-52.73565,145.0,0.0,SKT-4031,1.0,1.0,GPIX
20/07/2025,13:13:53,47.62048,-52.73565,146.0,0.0,SKT-4031,1.0,1.0,GPIX
20/07/2025,13:14:01,47.62047,-52.73565,149.0,0.0,SKT-4031,1.0,1.0,GPIX
20/07/2025,13:14:23,47.62043,-52.73564,156.0,0.0,SKT-4031,1.0,1.0,GPIX
20/07/2025,13:14:30,47.62043,-52.73563,156.0,0.0,SKT-4031,1.0,1.0,GPIX
20/07/2025,13:14:37,47.62043,-52.73562,155.0,0.0,SKT-4031,1.0,1.0,GPIX
20/07/2025,13:14:45,47.62043,-52.73561,151.0,0.0,SKT-4031,1.0,1.0,GPIX
20/07/2025,13:14:53,47.62043,-52.73561,148.0,0.0,SKT-4031,1.0,1.0,GPIX
20/07/2025,13:15:00,47.62043,-52.7356,145.0,0.0,SKT-4031,1.0,1.0,GPIX
20/07/2025,13:15:07,47.62044,-52.73559,142.0,0.0,SKT-4031,1.0,1.0,GPIX
20/07/2025,13:15:15,47.62045,-52.73557,143.0,0.0,SKT-4031,1.0,1.0,GPIX
20/07/2025,13:15:22,47.62046,-52.73557,141.0,0.0,SKT-4031,1.0,1.0,GPIX
20/07/2025,13:15:33,47.62047,-52.73558,142.0,0.0,SKT-4031,1.0,1.0,GPIX
20/07/2025,13:15:40,47.62046,-52.7356,146.0,0.0,SKT-4031,1.0,1.0,GPIX
20/07/2025,13:15:47,47.62045,-52.73562,152.0,0.0,SKT-4031,1.0,1.0,GPIX
20/07/2025,13:15:55,47.62044,-52.73566,157.0,0.0,SKT-4031,1.0,1.0,GPIX
20/07/2025,13:16:02,47.62043,-52.73569,159.0,0.0,SKT-4031,1.0,1.0,GPIX
20/07/2025,13:16:09,47.62042,-52.7357,157.0,0.0,SKT-4031,1.0,1.0,GPIX
20/07/2025,13:16:17,47.62041,-52.7357,152.0,0.0,SKT-4031,1.0,1.0,GPIX
20/07/2025,13:16:24,47.62041,-52.73569,146.0,0.0,SKT-4031,1.0,1.0,GPIX
20/07/2025,13:16:32,47.62042,-52.73569,143.0,0.0,SKT-4031,1.0,1.0,GPIX
20/07/2025,13:16:40,47.62043,-52.73568,144.0,0.0,SKT-4031,1.0,1.0,GPIX
20/07/2025,13:16:47,47.62044,-52.73568,146.0,0.0,SKT-4031,1.0,1.0,GPIX
20/07/2025,13:16:54,47.62045,-52.73566,148.0,0.0,SKT-4031,1.0,1.0,GPIX
20/07/2025,13:17:02,47.62046,-52.73565,152.0,0.0,SKT-4031,1.0,1.0,GPIX
20/07/2025,13:17:09,47.62046,-52.73563,153.0,0.0,SKT-4031,1.0,1.0,GPIX
20/07/2025,13:17:16,47.62046,-52.73562,152.0,0.0,SKT-4031,1.0,1.0,GPIX
20/07/2025,13:17:24,47.62045,-52.73562,151.0,0.0,SKT-4031,1.0,1.0,GPIX
20/07/2025,13:17:31,47.62045,-52.73563,149.0,0.0,SKT-4031,1.0,1.0,GPIX
20/07/2025,13:17:38,47.62043,-52.73563,149.0,0.0,SKT-4031,1.0,1.0,GPIX
20/07/2025,13:17:46,47.62041,-52.73562,150.0,0.0,SKT-4031,1.0,1.0,GPIX
20/07/2025,13:17:53,47.6204,-52.73562,150.0,0.0,SKT-4031,1.0,1.0,GPIX
20/07/2025,13:18:01,47.62041,-52.73563,148.0,0.0,SKT-4031,1.0,1.0,GPIX
20/07/2025,13:18:08,47.62042,-52.73564,147.0,0.0,SKT-4031,1.0,1.0,GPIX
20/07/2025,13:18:16,47.62043,-52.73564,148.0,0.0,SKT-4031,1.0,1.0,GPIX
20/07/2025,13:18:23,47.62044,-52.73564,149.0,0.0,SKT-4031,1.0,1.0,GPIX
20/07/2025,13:18:30,47.62043,-52.73564,151.0,0.0,SKT-4031,1.0,1.0,GPIX
20/07/2025,13:18:37,47.62043,-52.73563,152.0,0.0,SKT-4031,1.0,1.0,GPIX
20/07/2025,13:18:45,47.62043,-52.73563,152.0,0.0,SKT-4031,1.0,1.0,GPIX
20/07/2025,13:18:52,47.62041,-52.73563,153.0,0.0,SKT-4031,1.0,1.0,GPIX
20/07/2025,13:18:59,47.62041,-52.73563,153.0,0.0,SKT-4031,1.0,1.0,GPIX
20/07/2025,13:19:07,47.62041,-52.73563,152.0,0.0,SKT-4031,1.0,1.0,GPIX
20/07/2025,13:19:14,47.62041,-52.73563,152.0,0.0,SKT-4031,1.0,1.0,GPIX
20/07/2025,13:19:21,47.62042,-52.73563,150.0,0.0,SKT-4031,1.0,1.0,GPIX
20/07/2025,13:19:29,47.62043,-52.73563,148.0,0.0,SKT-4031,1.0,1.0,GPIX
20/07/2025,13:19:36,47.62045,-52.73564,147.0,0.0,SKT-4031,1.0,1.0,GPIX
20/07/2025,13:19:43,47.62046,-52.73565,147.0,0.0,SKT-4031,1.0,1.0,GPIX
20/07/2025,13:19:51,47.62047,-52.73566,150.0,0.0,SKT-4031,1.0,1.0,GPIX
20/07/2025,13:19:58,47.62048,-52.73566,153.0,0.0,SKT-4031,1.0,1.0,GPIX
20/07/2025,13:20:05,47.62048,-52.73566,155.0,0.0,SKT-4031,1.0,1.0,GPIX
20/07/2025,13:20:13,47.62047,-52.73566,157.0,0.0,SKT-4031,1.0,1.0,GPIX
20/07/2025,13:20:20,47.62046,-52.73565,156.0,0.0,SKT-4031,1.0,1.0,GPIX
20/07/2025,13:20:28,47.62045,-52.73565,155.0,0.0,SKT-4031,1.0,1.0,GPIX
20/07/2025,13:20:35,47.62045,-52.73566,153.0,0.0,SKT-4031,1.0,1.0,GPIX
20/07/2025,13:20:42,47.62044,-52.73567,151.0,0.0,SKT-4031,1.0,1.0,GPIX
20/07/2025,13:20:50,47.62045,-52.73569,149.0,0.0,SKT-4031,1.0,1.0,GPIX
20/07/2025,13:20:57,47.62045,-52.73569,148.0,0.0,SKT-4031,1.0,1.0,GPIX
20/07/2025,13:21:04,47.62046,-52.7357,151.0,0.0,SKT-4031,1.0,1.0,GPIX
20/07/2025,13:21:12,47.62046,-52.7357,152.0,0.0,SKT-4031,1.0,1.0,GPIX
20/07/2025,13:21:19,47.62046,-52.7357,152.0,0.0,SKT-4031,1.0,1.0,GPIX
20/07/2025,13:21:26,47.62045,-52.73568,151.0,0.0,SKT-4031,1.0,1.0,GPIX
20/07/2025,13:21:34,47.62045,-52.73567,150.0,0.0,SKT-4031,1.0,1.0,GPIX
20/07/2025,13:21:41,47.62044,-52.73566,149.0,0.0,SKT-4031,1.0,1.0,GPIX
20/07/2025,13:21:48,47.62043,-52.73565,150.0,0.0,SKT-4031,1.0,1.0,GPIX
20/07/2025,13:21:56,47.62043,-52.73564,151.0,0.0,SKT-4031,1.0,1.0,GPIX
20/07/2025,13:22:03,47.62042,-52.73565,153.0,0.0,SKT-4031,1.0,1.0,GPIX
20/07/2025,13:22:10,47.62041,-52.73565,155.0,0.0,SKT-4031,1.0,1.0,GPIX
20/07/2025,13:22:18,47.62042,-52.73566,155.0,0.0,SKT-4031,1.0,1.0,GPIX
20/07/2025,13:22:25,47.62042,-52.73566,156.0,0.0,SKT-4031,1.0,1.0,GPIX
20/07/2025,13:22:33,47.62043,-52.73566,156.0,0.0,SKT-4031,1.0,1.0,GPIX
20/07/2025,13:22:41,47.62043,-52.73565,154.0,0.0,SKT-4031,1.0,1.0,GPIX
20/07/2025,13:22:48,47.62044,-52.73565,153.0,0.0,SKT-4031,1.0,1.0,GPIX
20/07/2025,13:22:55,47.62044,-52.73564,153.0,0.0,SKT-4031,1.0,1.0,GPIX
20/07/2025,13:23:03,47.62044,-52.73563,151.0,0.0,SKT-4031,1.0,1.0,GPIX
20/07/2025,13:23:10,47.62045,-52.73562,148.0,0.0,SKT-4031,1.0,1.0,GPIX
20/07/2025,13:23:18,47.62044,-52.73562,144.0,0.0,SKT-4031,1.0,1.0,GPIX
20/07/2025,13:23:25,47.62043,-52.73563,140.0,0.0,SKT-4031,1.0,1.0,GPIX
20/07/2025,13:24:01,,,,,,0.0,0.0,
20/07/2025,13:24:07,,,,,,0.0,0.0,
20/07/2025,13:24:12,,,,,,0.0,0.0,
20/07/2025,13:24:17,,,,,,0.0,0.0,
20/07/2025,13:24:22,,,,,,0.0,0.0,
20/07/2025,13:24:27,,,,,,0.0,0.0,
20/07/2025,13:24:32,,,,,,0.0,0.0,
20/07/2025,13:24:37,,,,,,0.0,0.0,
20/07/2025,13:24:42,,,,,,0.0,0.0,
20/07/2025,13:24:47,,,,,,0.0,0.0,
20/07/2025,13:24:52,,,,,,0.0,0.0,
20/07/2025,13:25:29,,,,,,0.0,0.0,
20/07/2025,13:47:13,47.62043,-52.73569,142.0,1.0,SKT-4031,1.0,0.0,GPIX
20/07/2025,13:47:22,47.62044,-52.73568,141.0,1.0,SKT-4031,1.0,1.0,GPIX
20/07/2025,13:47:31,47.62044,-52.73568,140.0,1.0,SKT-4031,1.0,1.0,GPIX
20/07/2025,13:47:39,47.62043,-52.73568,141.0,1.0,SKT-4031,1.0,1.0,GPIX
20/07/2025,13:47:48,47.62042,-52.73568,145.0,1.0,SKT-4031,1.0,1.0,GPIX
20/07/2025,13:48:32,47.62041,-52.73565,141.0,1.0,SKT-4031,1.0,1.0,GPIX
20/07/2025,13:48:42,47.62043,-52.73565,138.0,1.0,SKT-4031,1.0,1.0,GPIX
20/07/2025,13:48:50,47.62044,-52.73564,138.0,1.0,SKT-4031,1.0,1.0,GPIX
20/07/2025,13:48:58,47.62045,-52.73564,141.0,1.0,SKT-4031,1.0,1.0,GPIX
20/07/2025,13:49:06,47.62045,-52.73565,142.0,1.0,SKT-4031,1.0,1.0,GPIX
20/07/2025,13:49:14,47.62044,-52.73565,146.0,1.0,SKT-4031,1.0,1.0,GPIX
20/07/2025,13:49:22,47.62043,-52.73565,149.0,1.0,SKT-4031,1.0,1.0,GPIX
20/07/2025,13:49:30,47.62043,-52.73565,151.0,1.0,SKT-4031,1.0,1.0,GPIX
20/07/2025,13:49:38,47.62043,-52.73565,151.0,1.0,SKT-4031,1.0,1.0,GPIX
20/07/2025,13:49:46,47.62043,-52.73566,151.0,1.0,SKT-4031,1.0,1.0,GPIX
20/07/2025,13:49:54,47.62043,-52.73567,150.0,1.0,SKT-4031,1.0,1.0,GPIX
20/07/2025,13:50:02,47.62042,-52.73568,148.0,1.0,SKT-4031,1.0,1.0,GPIX
20/07/2025,13:50:10,47.62042,-52.73568,146.0,1.0,SKT-4031,1.0,1.0,GPIX
20/07/2025,13:50:18,47.62042,-52.73568,146.0,1.0,SKT-4031,1.0,0.0,GPIX
20/07/2025,13:50:26,47.62042,-52.73566,150.0,1.0,SKT-4031,1.0,1.0,GPIX
20/07/2025,13:50:34,47.62042,-52.73565,153.0,1.0,SKT-4031,1.0,1.0,GPIX
20/07/2025,13:50:42,47.62042,-52.73564,156.0,1.0,SKT-4031,1.0,1.0,GPIX
20/07/2025,13:50:50,47.62042,-52.73563,158.0,1.0,SKT-4031,1.0,1.0,GPIX
20/07/2025,13:50:57,47.62043,-52.73563,157.0,1.0,SKT-4031,1.0,1.0,GPIX
20/07/2025,13:51:08,47.62044,-52.73562,151.0,1.0,SKT-4031,1.0,1.0,GPIX
20/07/2025,13:51:16,47.62045,-52.73562,147.0,1.0,SKT-4031,1.0,1.0,GPIX
20/07/2025,13:51:24,47.62045,-52.73562,144.0,1.0,SKT-4031,1.0,1.0,GPIX
20/07/2025,13:51:32,47.62045,-52.73562,141.0,1.0,SKT-4031,1.0,1.0,GPIX
20/07/2025,13:51:40,47.62045,-52.73563,142.0,1.0,SKT-4031,1.0,1.0,GPIX
20/07/2025,13:51:48,47.62043,-52.73564,146.0,1.0,SKT-4031,1.0,1.0,GPIX
20/07/2025,13:51:55,47.62042,-52.73563,151.0,1.0,SKT-4031,1.0,1.0,GPIX
20/07/2025,13:52:04,47.62041,-52.73563,154.0,1.0,SKT-4031,1.0,1.0,GPIX
20/07/2025,13:52:12,47.62042,-52.73563,155.0,1.0,SKT-4031,1.0,1.0,GPIX
20/07/2025,13:52:20,47.62043,-52.73561,156.0,1.0,SKT-4031,1.0,1.0,GPIX
20/07/2025,13:52:28,47.62044,-52.7356,154.0,1.0,SKT-4031,1.0,1.0,GPIX
20/07/2025,13:52:36,47.62046,-52.73559,152.0,1.0,SKT-4031,1.0,1.0,GPIX
20/07/2025,13:52:44,47.62047,-52.73558,152.0,1.0,SKT-4031,1.0,1.0,GPIX
20/07/2025,13:52:51,47.62047,-52.73558,152.0,1.0,SKT-4031,1.0,1.0,GPIX
20/07/2025,13:52:59,47.62047,-52.73559,151.0,1.0,SKT-4031,1.0,1.0,GPIX
20/07/2025,13:53:09,47.62045,-52.7356,152.0,1.0,SKT-4031,1.0,1.0,GPIX
20/07/2025,13:53:18,47.62043,-52.73561,155.0,1.0,SKT-4031,1.0,1.0,GPIX
20/07/2025,13:53:25,47.62042,-52.73561,159.0,1.0,SKT-4031,1.0,1.0,GPIX
20/07/2025,13:53:33,47.62042,-52.7356,162.0,1.0,SKT-4031,1.0,1.0,GPIX
20/07/2025,13:53:41,47.62042,-52.73559,164.0,1.0,SKT-4031,1.0,1.0,GPIX
20/07/2025,13:53:48,47.62043,-52.73559,165.0,1.0,SKT-4031,1.0,1.0,GPIX
20/07/2025,13:53:56,47.62044,-52.73558,163.0,1.0,SKT-4031,1.0,1.0,GPIX
20/07/2025,13:54:07,47.62043,-52.73558,158.0,1.0,SKT-4031,1.0,1.0,GPIX
20/07/2025,13:54:16,47.62042,-52.73559,155.0,1.0,SKT-4031,1.0,1.0,GPIX
20/07/2025,13:54:24,47.62042,-52.7356,152.0,1.0,SKT-4031,1.0,1.0,GPIX
20/07/2025,13:54:33,47.62042,-52.73561,153.0,1.0,SKT-4031,1.0,1.0,GPIX
20/07/2025,13:54:42,47.62042,-52.73562,152.0,1.0,SKT-4031,1.0,1.0,GPIX
20/07/2025,13:54:49,47.62042,-52.73563,151.0,1.0,SKT-4031,1.0,1.0,GPIX
20/07/2025,13:54:57,47.62043,-52.73565,149.0,1.0,SKT-4031,1.0,1.0,GPIX
20/07/2025,13:55:07,47.62043,-52.73567,147.0,1.0,SKT-4031,1.0,1.0,GPIX
20/07/2025,13:55:15,47.62042,-52.73566,148.0,1.0,SKT-4031,1.0,1.0,GPIX
20/07/2025,13:55:24,47.62042,-52.73566,150.0,1.0,SKT-4031,1.0,1.0,GPIX
20/07/2025,13:55:32,47.62042,-52.73566,151.0,1.0,SKT-4031,1.0,1.0,GPIX
20/07/2025,13:55:40,47.62042,-52.73566,154.0,1.0,SKT-4031,1.0,1.0,GPIX
20/07/2025,13:55:47,47.62041,-52.73566,158.0,1.0,SKT-4031,1.0,1.0,GPIX
20/07/2025,13:55:55,47.62042,-52.73565,161.0,1.0,SKT-4031,1.0,1.0,GPIX
20/07/2025,13:56:03,47.62043,-52.73565,163.0,1.0,SKT-4031,1.0,1.0,GPIX
20/07/2025,13:56:11,47.62043,-52.73565,165.0,1.0,SKT-4031,1.0,0.0,GPIX
20/07/2025,13:56:20,47.62043,-52.73565,166.0,1.0,SKT-4031,1.0,1.0,GPIX
20/07/2025,13:56:28,47.62043,-52.73566,167.0,1.0,SKT-4031,1.0,1.0,GPIX
20/07/2025,13:56:36,47.62042,-52.73568,168.0,1.0,SKT-4031,1.0,1.0,GPIX
20/07/2025,13:56:43,47.62041,-52.73569,166.0,1.0,SKT-4031,1.0,1.0,GPIX
20/07/2025,13:56:51,47.62041,-52.73571,165.0,1.0,SKT-4031,1.0,1.0,GPIX
20/07/2025,13:56:59,47.6204,-52.73572,164.0,1.0,SKT-4031,1.0,1.0,GPIX
20/07/2025,13:57:09,47.62041,-52.73572,164.0,1.0,SKT-4031,1.0,1.0,GPIX
20/07/2025,13:57:18,47.62042,-52.73571,163.0,1.0,SKT-4031,1.0,1.0,GPIX
20/07/2025,13:57:25,47.62044,-52.73571,160.0,1.0,SKT-4031,1.0,1.0,GPIX
20/07/2025,13:57:33,47.62045,-52.73571,159.0,1.0,SKT-4031,1.0,1.0,GPIX
20/07/2025,13:57:42,47.62046,-52.73569,158.0,1.0,SKT-4031,1.0,1.0,GPIX
20/07/2025,13:57:50,47.62048,-52.73568,156.0,1.0,SKT-4031,1.0,1.0,GPIX
20/07/2025,13:57:58,47.62048,-52.73567,155.0,1.0,SKT-4031,1.0,1.0,GPIX
20/07/2025,13:58:07,47.62045,-52.73568,155.0,1.0,SKT-4031,1.0,1.0,GPIX
20/07/2025,13:58:15,47.62041,-52.73567,155.0,1.0,SKT-4031,1.0,1.0,GPIX
20/07/2025,13:58:23,47.62039,-52.73566,157.0,1.0,SKT-4031,1.0,1.0,GPIX
20/07/2025,13:58:31,47.62036,-52.73565,161.0,1.0,SKT-4031,1.0,1.0,GPIX
20/07/2025,13:58:39,47.62035,-52.73564,163.0,1.0,SKT-4031,1.0,1.0,GPIX
20/07/2025,13:58:47,47.62035,-52.73563,164.0,1.0,SKT-4031,1.0,1.0,GPIX
20/07/2025,13:58:54,47.62036,-52.73563,163.0,1.0,SKT-4031,1.0,1.0,GPIX
20/07/2025,13:59:03,47.62037,-52.73564,162.0,1.0,SKT-4031,1.0,1.0,GPIX
20/07/2025,13:59:12,47.62038,-52.73565,162.0,1.0,SKT-4031,1.0,1.0,GPIX
20/07/2025,13:59:20,47.62038,-52.73565,163.0,1.0,SKT-4031,1.0,1.0,GPIX
20/07/2025,13:59:28,47.62038,-52.73565,162.0,1.0,SKT-4031,1.0,1.0,GPIX
20/07/2025,13:59:35,47.62038,-52.73565,160.0,1.0,SKT-4031,1.0,1.0,GPIX
20/07/2025,13:59:43,47.62036,-52.73567,158.0,1.0,SKT-4031,1.0,1.0,GPIX
20/07/2025,13:59:50,47.62035,-52.73569,155.0,1.0,SKT-4031,1.0,1.0,GPIX
20/07/2025,13:59:58,47.62035,-52.7357,150.0,1.0,SKT-4031,1.0,1.0,GPIX
20/07/2025,14:00:07,47.62036,-52.73571,144.0,1.0,SKT-4031,1.0,1.0,GPIX
20/07/2025,14:00:15,47.62037,-52.73571,141.0,1.0,SKT-4031,1.0,0.0,GPIX
20/07/2025,14:00:23,47.62039,-52.73571,141.0,1.0,SKT-4031,1.0,1.0,GPIX
20/07/2025,14:00:31,47.6204,-52.7357,143.0,1.0,SKT-4031,1.0,1.0,GPIX
20/07/2025,14:00:56,47.6204,-52.73568,152.0,1.0,SKT-4031,1.0,1.0,GPIX
20/07/2025,14:01:04,47.6204,-52.73569,154.0,1.0,SKT-4031,1.0,0.0,GPIX
20/07/2025,14:01:12,47.6204,-52.73569,155.0,1.0,SKT-4031,1.0,0.0,GPIX
20/07/2025,14:01:20,47.62039,-52.7357,155.0,1.0,SKT-4031,1.0,0.0,GPIX
20/07/2025,14:01:28,47.6204,-52.73571,155.0,1.0,SKT-4031,1.0,1.0,GPIX
20/07/2025,14:01:36,47.6204,-52.7357,156.0,1.0,SKT-4031,1.0,1.0,GPIX
20/07/2025,14:01:45,47.6204,-52.73569,158.0,1.0,SKT-4031,1.0,1.0,GPIX
20/07/2025,14:01:53,47.62039,-52.73568,160.0,1.0,SKT-4031,1.0,1.0,GPIX
20/07/2025,14:02:01,47.62039,-52.73566,164.0,1.0,SKT-4031,1.0,1.0,GPIX
20/07/2025,14:02:09,47.62039,-52.73566,167.0,1.0,SKT-4031,1.0,0.0,GPIX
20/07/2025,14:02:17,47.62038,-52.73567,167.0,1.0,SKT-4031,1.0,0.0,GPIX
20/07/2025,14:02:25,47.62037,-52.73568,165.0,1.0,SKT-4031,1.0,1.0,GPIX
20/07/2025,14:02:34,47.62036,-52.7357,161.0,1.0,SKT-4031,1.0,1.0,GPIX
20/07/2025,14:02:42,47.62035,-52.73571,156.0,1.0,SKT-4031,1.0,1.0,GPIX
20/07/2025,14:02:49,47.62034,-52.73571,154.0,1.0,SKT-4031,1.0,1.0,GPIX
20/07/2025,14:02:57,47.62034,-52.7357,155.0,1.0,SKT-4031,1.0,1.0,GPIX
20/07/2025,14:03:05,47.62036,-52.7357,154.0,1.0,SKT-4031,1.0,1.0,GPIX
20/07/2025,14:03:13,47.62037,-52.7357,156.0,1.0,SKT-4031,1.0,0.0,GPIX
20/07/2025,14:03:22,47.62038,-52.7357,160.0,1.0,SKT-4031,1.0,1.0,GPIX
20/07/2025,14:03:30,47.62036,-52.73571,166.0,1.0,SKT-4031,1.0,1.0,GPIX
20/07/2025,14:03:38,47.62034,-52.73572,171.0,1.0,SKT-4031,1.0,1.0,GPIX
20/07/2025,14:03:46,47.62033,-52.73573,175.0,1.0,SKT-4031,1.0,1.0,GPIX
20/07/2025,14:03:54,47.62032,-52.73573,177.0,1.0,SKT-4031,1.0,1.0,GPIX
20/07/2025,14:04:02,47.62032,-52.73572,175.0,1.0,SKT-4031,1.0,1.0,GPIX
20/07/2025,14:04:10,47.62032,-52.73572,172.0,1.0,SKT-4031,1.0,0.0,GPIX
20/07/2025,14:04:18,47.62033,-52.73572,169.0,1.0,SKT-4031,1.0,0.0,GPIX
20/07/2025,14:04:26,47.62035,-52.73573,168.0,1.0,SKT-4031,1.0,1.0,GPIX
20/07/2025,14:04:34,47.62036,-52.73574,168.0,1.0,SKT-4031,1.0,1.0,GPIX
20/07/2025,14:04:42,47.62038,-52.73575,164.0,1.0,SKT-4031,1.0,1.0,GPIX
20/07/2025,14:04:50,47.6204,-52.73576,161.0,1.0,SKT-4031,1.0,1.0,GPIX
20/07/2025,14:04:57,47.62041,-52.73577,158.0,1.0,SKT-4031,1.0,1.0,GPIX
20/07/2025,14:05:06,47.62041,-52.73576,158.0,1.0,SKT-4031,1.0,1.0,GPIX
20/07/2025,14:05:14,47.62042,-52.73573,158.0,1.0,SKT-4031,1.0,1.0,GPIX
20/07/2025,14:05:22,47.62042,-52.73571,157.0,1.0,SKT-4031,1.0,1.0,GPIX
20/07/2025,14:05:30,47.62041,-52.73569,154.0,1.0,SKT-4031,1.0,1.0,GPIX
20/07/2025,14:05:38,47.62039,-52.73569,152.0,1.0,SKT-4031,1.0,1.0,GPIX
20/07/2025,14:05:46,47.62037,-52.73567,151.0,1.0,SKT-4031,1.0,1.0,GPIX
20/07/2025,14:05:53,47.62035,-52.73565,150.0,1.0,SKT-4031,1.0,1.0,GPIX
20/07/2025,14:06:01,47.62033,-52.73564,150.0,1.0,SKT-4031,1.0,1.0,GPIX
20/07/2025,14:06:09,47.62033,-52.73563,149.0,1.0,SKT-4031,1.0,0.0,GPIX
20/07/2025,14:06:17,47.62033,-52.73563,150.0,1.0,SKT-4031,1.0,1.0,GPIX
20/07/2025,14:06:25,47.62034,-52.73563,151.0,1.0,SKT-4031,1.0,1.0,GPIX
20/07/2025,14:06:33,47.62037,-52.73564,151.0,1.0,SKT-4031,1.0,1.0,GPIX
20/07/2025,14:06:41,47.62038,-52.73565,150.0,1.0,SKT-4031,1.0,1.0,GPIX
20/07/2025,14:06:49,47.6204,-52.73566,149.0,1.0,SKT-4031,1.0,1.0,GPIX
20/07/2025,14:06:57,47.6204,-52.73566,147.0,1.0,SKT-4031,1.0,1.0,GPIX
20/07/2025,14:07:05,47.6204,-52.73568,145.0,1.0,SKT-4031,1.0,1.0,GPIX
20/07/2025,14:07:13,47.6204,-52.73569,145.0,1.0,SKT-4031,1.0,1.0,GPIX
20/07/2025,14:07:21,47.62039,-52.73569,147.0,1.0,SKT-4031,1.0,1.0,GPIX
20/07/2025,14:07:29,47.6204,-52.73569,151.0,1.0,SKT-4031,1.0,1.0,GPIX
20/07/2025,14:07:37,47.62041,-52.73569,155.0,1.0,SKT-4031,1.0,1.0,GPIX
20/07/2025,14:07:45,47.62043,-52.7357,155.0,1.0,SKT-4031,1.0,1.0,GPIX
20/07/2025,14:07:52,47.62045,-52.73569,154.0,1.0,SKT-4031,1.0,1.0,GPIX
20/07/2025,14:08:00,47.62046,-52.73569,154.0,1.0,SKT-4031,1.0,1.0,GPIX
20/07/2025,14:08:08,47.62045,-52.73571,156.0,1.0,SKT-4031,1.0,1.0,GPIX
20/07/2025,14:08:16,47.62043,-52.73574,157.0,1.0,SKT-4031,1.0,1.0,GPIX
20/07/2025,14:08:25,47.62043,-52.73575,157.0,1.0,SKT-4031,1.0,1.0,GPIX
20/07/2025,14:08:32,47.62044,-52.73575,156.0,1.0,SKT-4031,1.0,1.0,GPIX
20/07/2025,14:08:40,47.62046,-52.73574,153.0,1.0,SKT-4031,1.0,1.0,GPIX
20/07/2025,14:08:48,47.6205,-52.73573,151.0,1.0,SKT-4031,1.0,1.0,GPIX
20/07/2025,14:08:56,47.62053,-52.73571,150.0,1.0,SKT-4031,1.0,1.0,GPIX
20/07/2025,14:09:04,47.62053,-52.73571,153.0,1.0,SKT-4031,1.0,1.0,GPIX
20/07/2025,14:09:12,47.62053,-52.73571,156.0,1.0,SKT-4031,1.0,0.0,GPIX
20/07/2025,14:09:20,47.62052,-52.73569,157.0,1.0,SKT-4031,1.0,0.0,GPIX
20/07/2025,14:09:28,47.6205,-52.73568,159.0,1.0,SKT-4031,1.0,1.0,GPIX
20/07/2025,14:09:36,47.62048,-52.73567,161.0,1.0,SKT-4031,1.0,1.0,GPIX
20/07/2025,14:09:44,47.62046,-52.73568,163.0,1.0,SKT-4031,1.0,1.0,GPIX
20/07/2025,14:09:51,47.62045,-52.73567,163.0,1.0,SKT-4031,1.0,1.0,GPIX
20/07/2025,14:09:59,47.62045,-52.73567,163.0,1.0,SKT-4031,1.0,1.0,GPIX
20/07/2025,14:10:10,47.62043,-52.73567,165.0,1.0,SKT-4031,1.0,1.0,GPIX
20/07/2025,14:10:18,47.62042,-52.73568,161.0,1.0,SKT-4031,1.0,0.0,GPIX
20/07/2025,14:10:26,47.62042,-52.73568,155.0,1.0,SKT-4031,1.0,1.0,GPIX
20/07/2025,14:10:35,47.62041,-52.73568,152.0,1.0,SKT-4031,1.0,1.0,GPIX
20/07/2025,14:10:43,47.62041,-52.73567,153.0,1.0,SKT-4031,1.0,0.0,GPIX
20/07/2025,14:10:51,47.6204,-52.73567,153.0,1.0,SKT-4031,1.0,1.0,GPIX
20/07/2025,14:11:00,47.6204,-52.73568,152.0,1.0,SKT-4031,1.0,1.0,GPIX
20/07/2025,14:11:08,47.6204,-52.73569,150.0,1.0,SKT-4031,1.0,0.0,GPIX
20/07/2025,14:11:16,47.6204,-52.73571,149.0,1.0,SKT-4031,1.0,1.0,GPIX
20/07/2025,14:11:24,47.6204,-52.73571,150.0,1.0,SKT-4031,1.0,1.0,GPIX
20/07/2025,14:11:32,47.6204,-52.73571,152.0,1.0,SKT-4031,1.0,1.0,GPIX
20/07/2025,14:11:40,47.62039,-52.7357,157.0,1.0,SKT-4031,1.0,1.0,GPIX
20/07/2025,14:11:49,47.62041,-52.73566,159.0,1.0,SKT-4031,1.0,0.0,GPIX
20/07/2025,14:11:57,47.62042,-52.73563,161.0,1.0,SKT-4031,1.0,0.0,GPIX
20/07/2025,14:12:05,47.62043,-52.73562,161.0,1.0,SKT-4031,1.0,0.0,GPIX
20/07/2025,14:12:13,47.62043,-52.73561,162.0,1.0,SKT-4031,1.0,0.0,GPIX
20/07/2025,14:12:21,47.62043,-52.73561,159.0,1.0,SKT-4031,1.0,0.0,GPIX
20/07/2025,14:12:29,47.62043,-52.73561,157.0,1.0,SKT-4031,1.0,0.0,GPIX
20/07/2025,14:12:37,47.62044,-52.73562,156.0,1.0,SKT-4031,1.0,0.0,GPIX
20/07/2025,14:12:45,47.62045,-52.73563,155.0,1.0,SKT-4031,1.0,0.0,GPIX
20/07/2025,14:12:53,47.62045,-52.73564,154.0,1.0,SKT-4031,1.0,0.0,GPIX
20/07/2025,14:13:01,47.62045,-52.73564,155.0,1.0,SKT-4031,1.0,0.0,GPIX
20/07/2025,14:13:09,47.62045,-52.73565,155.0,1.0,SKT-4031,1.0,0.0,GPIX
20/07/2025,14:13:17,47.62044,-52.73565,156.0,1.0,SKT-4031,1.0,0.0,GPIX
20/07/2025,14:13:25,47.62043,-52.73565,156.0,1.0,SKT-4031,1.0,0.0,GPIX
20/07/2025,14:13:33,47.62042,-52.73565,153.0,1.0,SKT-4031,1.0,0.0,GPIX
20/07/2025,14:13:41,47.62042,-52.73566,151.0,1.0,SKT-4031,1.0,0.0,GPIX
20/07/2025,14:13:49,47.62041,-52.73567,149.0,1.0,SKT-4031,1.0,0.0,GPIX
20/07/2025,14:13:58,47.6204,-52.73567,148.0,1.0,SKT-4031,1.0,0.0,GPIX
20/07/2025,14:14:05,47.6204,-52.73568,148.0,1.0,SKT-4031,1.0,0.0,GPIX
20/07/2025,14:14:12,47.62041,-52.73568,149.0,1.0,SKT-4031,1.0,0.0,GPIX
20/07/2025,14:14:19,47.62043,-52.73569,150.0,1.0,SKT-4031,1.0,0.0,GPIX
20/07/2025,14:14:26,47.62044,-52.73569,149.0,1.0,SKT-4031,1.0,0.0,GPIX
20/07/2025,14:14:33,47.62043,-52.7357,147.0,1.0,SKT-4031,1.0,0.0,GPIX
20/07/2025,14:14:41,47.62041,-52.7357,144.0,1.0,SKT-4031,1.0,0.0,GPIX
20/07/2025,14:14:48,47.62041,-52.7357,144.0,1.0,SKT-4031,1.0,0.0,GPIX
20/07/2025,14:14:55,47.62041,-52.73571,146.0,1.0,SKT-4031,1.0,1.0,GPIX
20/07/2025,14:15:03,47.62041,-52.73572,148.0,1.0,SKT-4031,1.0,1.0,GPIX
20/07/2025,14:15:10,47.6204,-52.73573,149.0,1.0,SKT-4031,1.0,1.0,GPIX
20/07/2025,14:15:17,47.62039,-52.73574,149.0,1.0,SKT-4031,1.0,1.0,GPIX
20/07/2025,14:15:25,47.62037,-52.73576,148.0,1.0,SKT-4031,1.0,1.0,GPIX
20/07/2025,14:15:32,47.62037,-52.73577,149.0,1.0,SKT-4031,1.0,1.0,GPIX
20/07/2025,14:15:39,47.62036,-52.73578,151.0,1.0,SKT-4031,1.0,1.0,GPIX
20/07/2025,14:15:47,47.62038,-52.73579,153.0,1.0,SKT-4031,1.0,1.0,GPIX
20/07/2025,14:15:54,47.6204,-52.73579,155.0,1.0,SKT-4031,1.0,1.0,GPIX
20/07/2025,14:16:02,47.62043,-52.73578,157.0,1.0,SKT-4031,1.0,1.0,GPIX
20/07/2025,14:16:09,47.62043,-52.73576,157.0,1.0,SKT-4031,1.0,1.0,GPIX
20/07/2025,14:16:16,47.62044,-52.73574,158.0,1.0,SKT-4031,1.0,1.0,GPIX
20/07/2025,14:16:24,47.62043,-52.73573,159.0,1.0,SKT-4031,1.0,1.0,GPIX
20/07/2025,14:16:31,47.62043,-52.73571,158.0,1.0,SKT-4031,1.0,1.0,GPIX
20/07/2025,14:16:39,47.62041,-52.73569,156.0,1.0,SKT-4031,1.0,1.0,GPIX
20/07/2025,14:16:46,47.62039,-52.73567,154.0,1.0,SKT-4031,1.0,1.0,GPIX
20/07/2025,14:16:54,47.62039,-52.73565,154.0,1.0,SKT-4031,1.0,1.0,GPIX
20/07/2025,14:17:01,47.62039,-52.73563,156.0,1.0,SKT-4031,1.0,1.0,GPIX
20/07/2025,14:17:43,,,,,,0.0,0.0,
20/07/2025,14:17:48,,,,,,0.0,0.0,
20/07/2025,14:17:56,,,,,,0.0,0.0,
20/07/2025,14:18:01,,,,,,0.0,0.0,
20/07/2025,14:18:06,,,,,,0.0,0.0,
20/07/2025,14:18:11,,,,,,0.0,0.0,
20/07/2025,14:18:16,,,,,,0.0,0.0,
20/07/2025,14:18:21,,,,,,0.0,0.0,
20/07/2025,14:18:26,,,,,,0.0,0.0,
20/07/2025,14:18:31,,,,,,0.0,0.0,
20/07/2025,14:18:36,,,,,,0.0,0.0,
20/07/2025,14:18:41,,,,,,0.0,0.0,
20/07/2025,14:19:18,,,,,,0.0,0.0,
20/07/2025,14:28:50,47.6205,-52.73639,142.0,1.0,SKT-4031,1.0,1.0,GPIX
20/07/2025,14:28:57,47.62049,-52.73639,142.0,1.0,SKT-4031,1.0,1.0,GPIX
20/07/2025,14:29:05,47.62049,-52.7364,142.0,1.0,SKT-4031,1.0,1.0,GPIX
20/07/2025,14:29:12,47.62049,-52.7364,142.0,1.0,SKT-4031,1.0,1.0,GPIX
20/07/2025,14:29:20,47.62049,-52.7364,142.0,1.0,SKT-4031,1.0,1.0,GPIX
20/07/2025,14:29:27,47.62049,-52.7364,142.0,1.0,SKT-4031,1.0,1.0,GPIX
20/07/2025,14:29:35,47.62049,-52.7364,142.0,1.0,SKT-4031,1.0,1.0,GPIX
20/07/2025,14:29:42,47.62049,-52.7364,142.0,1.0,SKT-4031,1.0,1.0,GPIX
20/07/2025,14:29:50,47.62049,-52.7364,142.0,1.0,SKT-4031,1.0,1.0,GPIX
20/07/2025,14:29:57,47.62049,-52.7364,142.0,1.0,SKT-4031,1.0,1.0,GPIX
20/07/2025,14:30:05,47.62049,-52.73639,142.0,1.0,SKT-4031,1.0,1.0,GPIX
20/07/2025,14:30:13,47.62049,-52.73639,142.0,1.0,SKT-4031,1.0,1.0,GPIX
20/07/2025,14:30:20,47.62049,-52.73639,142.0,1.0,SKT-4031,1.0,1.0,GPIX
20/07/2025,14:30:28,47.62049,-52.73639,142.0,1.0,SKT-4031,1.0,1.0,GPIX
20/07/2025,14:30:36,47.62049,-52.73639,142.0,1.0,SKT-4031,1.0,1.0,GPIX
20/07/2025,14:30:44,47.62049,-52.73639,141.0,1.0,SKT-4031,1.0,1.0,GPIX
20/07/2025,14:30:51,47.62049,-52.7364,141.0,1.0,SKT-4031,1.0,1.0,GPIX
20/07/2025,14:30:59,47.62049,-52.7364,140.0,1.0,SKT-4031,1.0,1.0,GPIX
20/07/2025,14:31:07,47.62049,-52.7364,139.0,1.0,SKT-4031,1.0,1.0,GPIX
20/07/2025,14:31:14,47.62049,-52.73641,139.0,1.0,SKT-4031,1.0,1.0,GPIX
20/07/2025,14:31:22,47.62049,-52.7364,139.0,1.0,SKT-4031,1.0,1.0,GPIX
20/07/2025,14:31:29,47.62049,-52.7364,141.0,1.0,SKT-4031,1.0,1.0,GPIX
20/07/2025,14:31:37,47.6205,-52.73639,142.0,1.0,SKT-4031,1.0,1.0,GPIX
20/07/2025,14:31:44,47.6205,-52.73639,144.0,1.0,SKT-4031,1.0,1.0,GPIX
20/07/2025,14:31:51,47.6205,-52.73638,145.0,1.0,SKT-4031,1.0,1.0,GPIX
20/07/2025,14:31:59,47.62051,-52.73637,146.0,1.0,SKT-4031,1.0,1.0,GPIX
20/07/2025,14:32:06,47.62051,-52.73637,147.0,1.0,SKT-4031,1.0,1.0,GPIX
20/07/2025,14:32:14,47.62051,-52.73637,147.0,1.0,SKT-4031,1.0,1.0,GPIX
20/07/2025,14:32:21,47.62051,-52.73637,146.0,1.0,SKT-4031,1.0,1.0,GPIX
20/07/2025,14:32:28,47.62051,-52.73638,145.0,1.0,SKT-4031,1.0,1.0,GPIX
20/07/2025,14:32:36,47.62051,-52.73638,144.0,1.0,SKT-4031,1.0,1.0,GPIX
20/07/2025,14:32:43,47.62051,-52.73639,143.0,1.0,SKT-4031,1.0,1.0,GPIX
20/07/2025,14:32:51,47.6205,-52.73639,143.0,1.0,SKT-4031,1.0,1.0,GPIX
20/07/2025,14:32:58,47.6205,-52.73639,143.0,1.0,SKT-4031,1.0,1.0,GPIX
20/07/2025,14:33:06,47.62049,-52.73639,143.0,1.0,SKT-4031,1.0,1.0,GPIX
20/07/2025,14:33:14,47.62049,-52.73639,143.0,1.0,SKT-4031,1.0,1.0,GPIX
20/07/2025,14:33:21,47.62049,-52.7364,143.0,1.0,SKT-4031,1.0,1.0,GPIX
20/07/2025,14:33:29,47.62049,-52.7364,142.0,1.0,SKT-4031,1.0,1.0,GPIX
20/07/2025,14:33:36,47.62049,-52.7364,142.0,1.0,SKT-4031,1.0,1.0,GPIX
20/07/2025,14:33:43,47.62049,-52.7364,141.0,1.0,SKT-4031,1.0,1.0,GPIX
20/07/2025,14:33:51,47.62049,-52.7364,141.0,1.0,SKT-4031,1.0,1.0,GPIX
20/07/2025,14:33:58,47.62049,-52.7364,140.0,1.0,SKT-4031,1.0,1.0,GPIX
20/07/2025,14:34:05,47.62049,-52.7364,140.0,1.0,SKT-4031,1.0,1.0,GPIX
20/07/2025,14:34:14,47.62049,-52.7364,141.0,1.0,SKT-4031,1.0,1.0,GPIX
20/07/2025,14:34:21,47.62048,-52.7364,141.0,1.0,SKT-4031,1.0,1.0,GPIX
20/07/2025,14:34:28,47.62049,-52.73639,141.0,1.0,SKT-4031,1.0,1.0,GPIX
20/07/2025,14:34:36,47.62048,-52.73639,141.0,1.0,SKT-4031,1.0,1.0,GPIX
20/07/2025,14:34:43,47.62048,-52.73639,141.0,1.0,SKT-4031,1.0,1.0,GPIX
20/07/2025,14:34:51,47.62048,-52.73639,141.0,1.0,SKT-4031,1.0,1.0,GPIX
20/07/2025,14:34:58,47.62048,-52.7364,141.0,1.0,SKT-4031,1.0,1.0,GPIX
20/07/2025,14:35:06,47.62049,-52.7364,140.0,1.0,SKT-4031,1.0,1.0,GPIX
20/07/2025,14:35:13,47.62049,-52.7364,140.0,1.0,SKT-4031,1.0,1.0,GPIX
20/07/2025,14:35:20,47.62049,-52.7364,140.0,1.0,SKT-4031,1.0,1.0,GPIX
20/07/2025,14:35:28,47.62049,-52.7364,141.0,1.0,SKT-4031,1.0,1.0,GPIX
20/07/2025,14:35:35,47.62048,-52.73641,142.0,1.0,SKT-4031,1.0,1.0,GPIX
20/07/2025,14:35:42,47.62048,-52.73641,142.0,1.0,SKT-4031,1.0,1.0,GPIX
20/07/2025,14:35:50,47.62048,-52.73641,141.0,1.0,SKT-4031,1.0,1.0,GPIX
20/07/2025,14:35:57,47.62048,-52.73641,141.0,1.0,SKT-4031,1.0,1.0,GPIX
20/07/2025,14:36:05,47.62049,-52.73642,140.0,1.0,SKT-4031,1.0,1.0,GPIX
20/07/2025,14:36:12,47.62049,-52.73642,139.0,1.0,SKT-4031,1.0,1.0,GPIX
20/07/2025,14:36:19,47.62049,-52.73642,140.0,1.0,SKT-4031,1.0,1.0,GPIX
20/07/2025,14:36:27,47.62049,-52.73642,140.0,1.0,SKT-4031,1.0,1.0,GPIX
20/07/2025,14:36:35,47.62049,-52.73642,141.0,1.0,SKT-4031,1.0,1.0,GPIX
20/07/2025,14:36:42,47.62049,-52.73641,141.0,1.0,SKT-4031,1.0,1.0,GPIX
20/07/2025,14:36:49,47.62049,-52.73641,141.0,1.0,SKT-4031,1.0,1.0,GPIX
20/07/2025,14:36:57,47.62049,-52.73641,141.0,1.0,SKT-4031,1.0,1.0,GPIX
20/07/2025,14:37:04,47.62049,-52.73641,141.0,1.0,SKT-4031,1.0,1.0,GPIX
20/07/2025,14:37:12,47.62049,-52.73641,141.0,1.0,SKT-4031,1.0,1.0,GPIX
20/07/2025,14:37:19,47.62048,-52.73641,141.0,1.0,SKT-4031,1.0,1.0,GPIX
20/07/2025,14:37:26,47.62048,-52.73641,141.0,1.0,SKT-4031,1.0,1.0,GPIX
20/07/2025,14:37:34,47.62048,-52.7364,141.0,1.0,SKT-4031,1.0,1.0,GPIX
20/07/2025,14:37:41,47.62048,-52.73641,141.0,1.0,SKT-4031,1.0,1.0,GPIX
20/07/2025,14:37:49,47.62048,-52.73641,141.0,1.0,SKT-4031,1.0,1.0,GPIX
20/07/2025,14:37:56,47.62048,-52.73641,141.0,1.0,SKT-4031,1.0,1.0,GPIX
20/07/2025,14:38:03,47.62048,-52.73642,140.0,1.0,SKT-4031,1.0,1.0,GPIX
20/07/2025,14:38:11,47.62048,-52.73642,139.0,1.0,SKT-4031,1.0,1.0,GPIX
20/07/2025,14:38:18,47.62048,-52.73642,138.0,1.0,SKT-4031,1.0,1.0,GPIX
20/07/2025,14:38:26,47.62048,-52.73642,138.0,1.0,SKT-4031,1.0,1.0,GPIX
20/07/2025,14:38:33,47.62048,-52.73643,138.0,1.0,SKT-4031,1.0,1.0,GPIX
20/07/2025,14:38:41,47.62048,-52.73643,138.0,1.0,SKT-4031,1.0,1.0,GPIX
20/07/2025,14:38:48,47.62048,-52.73643,138.0,1.0,SKT-4031,1.0,1.0,GPIX
20/07/2025,14:38:55,47.62048,-52.73643,139.0,1.0,SKT-4031,1.0,1.0,GPIX
20/07/2025,14:39:03,47.62048,-52.73642,139.0,1.0,SKT-4031,1.0,1.0,GPIX
20/07/2025,14:39:10,47.62048,-52.73642,139.0,1.0,SKT-4031,1.0,1.0,GPIX
20/07/2025,14:39:18,47.62048,-52.73641,140.0,1.0,SKT-4031,1.0,1.0,GPIX
20/07/2025,14:39:25,47.62048,-52.73641,140.0,1.0,SKT-4031,1.0,1.0,GPIX
20/07/2025,14:39:33,47.62048,-52.73641,140.0,1.0,SKT-4031,1.0,1.0,GPIX
20/07/2025,14:39:40,47.62049,-52.73641,140.0,1.0,SKT-4031,1.0,1.0,GPIX
20/07/2025,14:39:47,47.62049,-52.73641,140.0,1.0,SKT-4031,1.0,1.0,GPIX
20/07/2025,14:39:55,47.62049,-52.73641,140.0,1.0,SKT-4031,1.0,1.0,GPIX
20/07/2025,14:40:02,47.62049,-52.73641,140.0,1.0,SKT-4031,1.0,1.0,GPIX
20/07/2025,14:40:09,47.62049,-52.73641,140.0,1.0,SKT-4031,1.0,1.0,GPIX
20/07/2025,14:40:17,47.62049,-52.73641,140.0,1.0,SKT-4031,1.0,1.0,GPIX
20/07/2025,14:40:24,47.6205,-52.7364,140.0,1.0,SKT-4031,1.0,1.0,GPIX
20/07/2025,14:40:32,47.6205,-52.7364,140.0,1.0,SKT-4031,1.0,1.0,GPIX
20/07/2025,14:40:41,47.62049,-52.7364,141.0,1.0,SKT-4031,1.0,1.0,GPIX
20/07/2025,14:40:48,47.62049,-52.7364,140.0,1.0,SKT-4031,1.0,1.0,GPIX
20/07/2025,14:40:56,47.62049,-52.7364,140.0,1.0,SKT-4031,1.0,1.0,GPIX
20/07/2025,14:31:59,,,,,,0.0,0.0,
20/07/2025,14:32:04,,,,,,0.0,0.0,
20/07/2025,14:32:09,,,,,,0.0,0.0,
20/07/2025,14:32:15,,,,,,0.0,0.0,
20/07/2025,14:32:20,,,,,,0.0,0.0,
20/07/2025,14:32:25,,,,,,0.0,0.0,
20/07/2025,14:32:30,,,,,,0.0,0.0,
20/07/2025,14:32:35,,,,,,0.0,0.0,
20/07/2025,14:32:40,,,,,,0.0,0.0,
20/07/2025,14:32:45,,,,,,0.0,0.0,
20/07/2025,14:32:50,,,,,,0.0,0.0,
20/07/2025,14:33:28,,,,,,0.0,0.0,
20/07/2025,15:23:11,47.61345,-52.74124,153.0,1.0,SKT-4031,1.0,1.0,GPIX
20/07/2025,15:23:18,47.61345,-52.74124,153.0,1.0,SKT-4031,1.0,1.0,GPIX
20/07/2025,15:23:40,47.61345,-52.74125,151.0,1.0,SKT-4031,1.0,1.0,GPIX
20/07/2025,15:23:48,47.61345,-52.74125,152.0,1.0,SKT-4031,1.0,1.0,GPIX
20/07/2025,15:24:03,47.61346,-52.74124,152.0,1.0,SKT-4031,1.0,1.0,GPIX
20/07/2025,15:24:11,47.61345,-52.74125,152.0,1.0,SKT-4031,1.0,1.0,GPIX
20/07/2025,15:24:19,47.61345,-52.74125,152.0,1.0,SKT-4031,1.0,1.0,GPIX
20/07/2025,15:24:26,47.61345,-52.74125,152.0,1.0,SKT-4031,1.0,1.0,GPIX
20/07/2025,15:24:34,47.61345,-52.74125,152.0,1.0,SKT-4031,1.0,1.0,GPIX
20/07/2025,15:24:41,47.61345,-52.74125,153.0,1.0,SKT-4031,1.0,1.0,GPIX
20/07/2025,15:24:49,47.61345,-52.74125,153.0,1.0,SKT-4031,1.0,1.0,GPIX
20/07/2025,15:24:56,47.61346,-52.74125,153.0,1.0,SKT-4031,1.0,1.0,GPIX
20/07/2025,15:25:04,47.61346,-52.74125,153.0,1.0,SKT-4031,1.0,1.0,GPIX
20/07/2025,15:25:11,47.61346,-52.74126,152.0,1.0,SKT-4031,1.0,1.0,GPIX
20/07/2025,15:25:18,47.61346,-52.74126,152.0,1.0,SKT-4031,1.0,1.0,GPIX
20/07/2025,15:25:26,47.61346,-52.74125,153.0,1.0,SKT-4031,1.0,1.0,GPIX
20/07/2025,15:25:34,47.61346,-52.74125,153.0,1.0,SKT-4031,1.0,1.0,GPIX
20/07/2025,15:25:41,47.61346,-52.74125,152.0,1.0,SKT-4031,1.0,1.0,GPIX
20/07/2025,15:25:49,47.61346,-52.74126,152.0,1.0,SKT-4031,1.0,1.0,GPIX
20/07/2025,15:25:56,47.61346,-52.74126,152.0,1.0,SKT-4031,1.0,1.0,GPIX
20/07/2025,15:26:04,47.61345,-52.74126,153.0,1.0,SKT-4031,1.0,1.0,GPIX
20/07/2025,15:26:13,47.61346,-52.74126,152.0,1.0,SKT-4031,1.0,1.0,GPIX
20/07/2025,15:26:20,47.61345,-52.74126,153.0,1.0,SKT-4031,1.0,1.0,GPIX
20/07/2025,15:26:27,47.61345,-52.74127,152.0,1.0,SKT-4031,1.0,1.0,GPIX
20/07/2025,15:26:35,47.61346,-52.74128,151.0,1.0,SKT-4031,1.0,1.0,GPIX
20/07/2025,15:26:42,47.61346,-52.74128,151.0,1.0,SKT-4031,1.0,1.0,GPIX
20/07/2025,15:26:49,47.61345,-52.74128,152.0,1.0,SKT-4031,1.0,1.0,GPIX
20/07/2025,15:26:57,47.61345,-52.74128,153.0,1.0,SKT-4031,1.0,1.0,GPIX
20/07/2025,15:27:04,47.61346,-52.74128,152.0,1.0,SKT-4031,1.0,1.0,GPIX
20/07/2025,15:27:12,47.61346,-52.74127,152.0,1.0,SKT-4031,1.0,1.0,GPIX
20/07/2025,15:27:20,47.61346,-52.74127,152.0,1.0,SKT-4031,1.0,1.0,GPIX
20/07/2025,15:27:27,47.61346,-52.74127,152.0,1.0,SKT-4031,1.0,1.0,GPIX
20/07/2025,15:27:34,47.61347,-52.74126,152.0,1.0,SKT-4031,1.0,1.0,GPIX
20/07/2025,15:27:42,47.61346,-52.74126,152.0,1.0,SKT-4031,1.0,1.0,GPIX
20/07/2025,15:27:50,47.61346,-52.74127,152.0,1.0,SKT-4031,1.0,1.0,GPIX
20/07/2025,15:27:57,47.61346,-52.74127,152.0,1.0,SKT-4031,1.0,1.0,GPIX
20/07/2025,15:28:05,47.61346,-52.74127,152.0,1.0,SKT-4031,1.0,1.0,GPIX
20/07/2025,15:28:13,47.61346,-52.74126,153.0,1.0,SKT-4031,1.0,1.0,GPIX
20/07/2025,15:28:20,47.61346,-52.74126,153.0,1.0,SKT-4031,1.0,1.0,GPIX
20/07/2025,15:28:28,47.61346,-52.74126,153.0,1.0,SKT-4031,1.0,1.0,GPIX
20/07/2025,15:28:36,47.61346,-52.74126,153.0,1.0,SKT-4031,1.0,1.0,GPIX
20/07/2025,15:28:44,47.61346,-52.74126,153.0,1.0,SKT-4031,1.0,1.0,GPIX
20/07/2025,15:28:52,47.61347,-52.74126,152.0,1.0,SKT-4031,1.0,1.0,GPIX
20/07/2025,15:28:59,47.61347,-52.74126,152.0,1.0,SKT-4031,1.0,1.0,GPIX
20/07/2025,15:29:06,47.61346,-52.74126,152.0,1.0,SKT-4031,1.0,1.0,GPIX
20/07/2025,15:29:14,47.61346,-52.74126,152.0,1.0,SKT-4031,1.0,1.0,GPIX
20/07/2025,15:29:22,47.61346,-52.74127,152.0,1.0,SKT-4031,1.0,1.0,GPIX
20/07/2025,15:29:29,47.61345,-52.74127,152.0,1.0,SKT-4031,1.0,1.0,GPIX
20/07/2025,15:29:37,47.61345,-52.74127,153.0,1.0,SKT-4031,1.0,1.0,GPIX
20/07/2025,15:29:44,47.61345,-52.74127,152.0,1.0,SKT-4031,1.0,1.0,GPIX
20/07/2025,15:29:52,47.61345,-52.74127,153.0,1.0,SKT-4031,1.0,1.0,GPIX
20/07/2025,15:29:59,47.61345,-52.74127,154.0,1.0,SKT-4031,1.0,1.0,GPIX
20/07/2025,15:30:08,47.61345,-52.74127,154.0,1.0,SKT-4031,1.0,1.0,GPIX
20/07/2025,15:30:15,47.61345,-52.74128,154.0,1.0,SKT-4031,1.0,1.0,GPIX
20/07/2025,15:30:23,47.61345,-52.74128,154.0,1.0,SKT-4031,1.0,1.0,GPIX
20/07/2025,15:30:30,47.61345,-52.74128,154.0,1.0,SKT-4031,1.0,1.0,GPIX
20/07/2025,15:30:38,47.61345,-52.74128,154.0,1.0,SKT-4031,1.0,1.0,GPIX
20/07/2025,15:30:45,47.61345,-52.74128,154.0,1.0,SKT-4031,1.0,1.0,GPIX
20/07/2025,15:30:53,47.61345,-52.74128,154.0,1.0,SKT-4031,1.0,1.0,GPIX
20/07/2025,15:31:00,47.61345,-52.74128,154.0,1.0,SKT-4031,1.0,1.0,GPIX
20/07/2025,15:31:08,47.61345,-52.74128,154.0,1.0,SKT-4031,1.0,1.0,GPIX
20/07/2025,15:31:16,47.61345,-52.74128,154.0,1.0,SKT-4031,1.0,1.0,GPIX
20/07/2025,15:31:23,47.61346,-52.74128,153.0,1.0,SKT-4031,1.0,1.0,GPIX
20/07/2025,15:31:30,47.61346,-52.74128,153.0,1.0,SKT-4031,1.0,1.0,GPIX
20/07/2025,15:31:38,47.61346,-52.74128,152.0,1.0,SKT-4031,1.0,1.0,GPIX
20/07/2025,15:31:45,47.61346,-52.74127,152.0,1.0,SKT-4031,1.0,1.0,GPIX
20/07/2025,15:31:53,47.61346,-52.74127,151.0,1.0,SKT-4031,1.0,1.0,GPIX
20/07/2025,15:32:00,47.61346,-52.74127,151.0,1.0,SKT-4031,1.0,1.0,GPIX
20/07/2025,15:32:08,47.61346,-52.74127,151.0,1.0,SKT-4031,1.0,1.0,GPIX
20/07/2025,15:32:16,47.61347,-52.74126,150.0,1.0,SKT-4031,1.0,1.0,GPIX
20/07/2025,15:32:24,47.61346,-52.74126,150.0,1.0,SKT-4031,1.0,1.0,GPIX
20/07/2025,15:32:31,47.61346,-52.74126,150.0,1.0,SKT-4031,1.0,1.0,GPIX
20/07/2025,15:32:39,47.61346,-52.74127,150.0,1.0,SKT-4031,1.0,1.0,GPIX
20/07/2025,15:32:46,47.61347,-52.74127,149.0,1.0,SKT-4031,1.0,1.0,GPIX
20/07/2025,15:32:54,47.61346,-52.74127,150.0,1.0,SKT-4031,1.0,1.0,GPIX
20/07/2025,15:33:01,47.61346,-52.74127,149.0,1.0,SKT-4031,1.0,1.0,GPIX
20/07/2025,15:33:09,47.61346,-52.74127,149.0,1.0,SKT-4031,1.0,1.0,GPIX
20/07/2025,15:33:16,47.61346,-52.74127,150.0,1.0,SKT-4031,1.0,1.0,GPIX
20/07/2025,15:33:24,47.61346,-52.74127,150.0,1.0,SKT-4031,1.0,1.0,GPIX
20/07/2025,15:33:31,47.61346,-52.74127,150.0,1.0,SKT-4031,1.0,1.0,GPIX
20/07/2025,15:33:39,47.61346,-52.74127,151.0,1.0,SKT-4031,1.0,1.0,GPIX
20/07/2025,15:33:46,47.61346,-52.74126,152.0,1.0,SKT-4031,1.0,1.0,GPIX
20/07/2025,15:33:54,47.61346,-52.74126,152.0,1.0,SKT-4031,1.0,1.0,GPIX
20/07/2025,15:34:01,47.61346,-52.74126,152.0,1.0,SKT-4031,1.0,1.0,GPIX
20/07/2025,15:34:09,47.61346,-52.74126,152.0,1.0,SKT-4031,1.0,1.0,GPIX
20/07/2025,15:34:16,47.61346,-52.74126,152.0,1.0,SKT-4031,1.0,1.0,GPIX
20/07/2025,15:34:24,47.61346,-52.74126,152.0,1.0,SKT-4031,1.0,1.0,GPIX
20/07/2025,15:34:32,47.61346,-52.74126,153.0,1.0,SKT-4031,1.0,1.0,GPIX
20/07/2025,15:34:39,47.61345,-52.74126,153.0,1.0,SKT-4031,1.0,1.0,GPIX
20/07/2025,15:34:46,47.61345,-52.74126,153.0,1.0,SKT-4031,1.0,1.0,GPIX
20/07/2025,15:34:54,47.61345,-52.74126,153.0,1.0,SKT-4031,1.0,1.0,GPIX
20/07/2025,15:35:01,47.61345,-52.74126,153.0,1.0,SKT-4031,1.0,1.0,GPIX
20/07/2025,15:35:09,47.61346,-52.74126,152.0,1.0,SKT-4031,1.0,1.0,GPIX
20/07/2025,15:35:17,47.61346,-52.74126,151.0,1.0,SKT-4031,1.0,1.0,GPIX
20/07/2025,15:35:24,47.61346,-52.74126,152.0,1.0,SKT-4031,1.0,1.0,GPIX
20/07/2025,15:35:32,47.61346,-52.74126,152.0,1.0,SKT-4031,1.0,1.0,GPIX
20/07/2025,15:35:39,47.61346,-52.74126,151.0,1.0,SKT-4031,1.0,1.0,GPIX
20/07/2025,15:35:47,47.61346,-52.74126,151.0,1.0,SKT-4031,1.0,1.0,GPIX
20/07/2025,15:35:54,47.61346,-52.74126,152.0,1.0,SKT-4031,1.0,1.0,GPIX
20/07/2025,15:36:02,47.61346,-52.74126,152.0,1.0,SKT-4031,1.0,1.0,GPIX
20/07/2025,15:36:10,47.61347,-52.74126,151.0,1.0,SKT-4031,1.0,1.0,GPIX
20/07/2025,15:36:18,47.61347,-52.74126,151.0,1.0,SKT-4031,1.0,1.0,GPIX
20/07/2025,15:36:25,47.61347,-52.74126,151.0,1.0,SKT-4031,1.0,1.0,GPIX
20/07/2025,15:36:33,47.61347,-52.74126,151.0,1.0,SKT-4031,1.0,1.0,GPIX
20/07/2025,15:36:41,47.61347,-52.74126,151.0,1.0,SKT-4031,1.0,1.0,GPIX
20/07/2025,15:36:49,47.61347,-52.74126,151.0,1.0,SKT-4031,1.0,1.0,GPIX
20/07/2025,15:36:56,47.61346,-52.74126,151.0,1.0,SKT-4031,1.0,1.0,GPIX
20/07/2025,15:37:04,47.61346,-52.74126,152.0,1.0,SKT-4031,1.0,1.0,GPIX
20/07/2025,15:37:11,47.61346,-52.74126,152.0,1.0,SKT-4031,1.0,1.0,GPIX
20/07/2025,15:37:19,47.61346,-52.74126,153.0,1.0,SKT-4031,1.0,1.0,GPIX
20/07/2025,15:37:27,47.61346,-52.74126,153.0,1.0,SKT-4031,1.0,1.0,GPIX
20/07/2025,15:37:34,47.61346,-52.74126,153.0,1.0,SKT-4031,1.0,1.0,GPIX
20/07/2025,15:37:42,47.61346,-52.74125,153.0,1.0,SKT-4031,1.0,1.0,GPIX
20/07/2025,15:37:49,47.61345,-52.74125,153.0,1.0,SKT-4031,1.0,1.0,GPIX
20/07/2025,15:37:57,47.61345,-52.74125,154.0,1.0,SKT-4031,1.0,1.0,GPIX
20/07/2025,15:38:04,47.61345,-52.74126,154.0,1.0,SKT-4031,1.0,1.0,GPIX
20/07/2025,15:38:12,47.61345,-52.74125,154.0,1.0,SKT-4031,1.0,1.0,GPIX
20/07/2025,15:38:19,47.61345,-52.74126,154.0,1.0,SKT-4031,1.0,1.0,GPIX
20/07/2025,15:38:27,47.61345,-52.74126,154.0,1.0,SKT-4031,1.0,1.0,GPIX
20/07/2025,15:38:34,47.61345,-52.74126,154.0,1.0,SKT-4031,1.0,1.0,GPIX
20/07/2025,15:38:42,47.61345,-52.74126,154.0,1.0,SKT-4031,1.0,1.0,GPIX
20/07/2025,15:38:49,47.61345,-52.74126,153.0,1.0,SKT-4031,1.0,1.0,GPIX
20/07/2025,15:38:57,47.61345,-52.74126,153.0,1.0,SKT-4031,1.0,1.0,GPIX
20/07/2025,15:39:04,47.61345,-52.74126,153.0,1.0,SKT-4031,1.0,1.0,GPIX
20/07/2025,15:39:12,47.61345,-52.74126,153.0,1.0,SKT-4031,1.0,1.0,GPIX
20/07/2025,15:39:20,47.61345,-52.74126,152.0,1.0,SKT-4031,1.0,1.0,GPIX
20/07/2025,15:39:28,47.61345,-52.74126,152.0,1.0,SKT-4031,1.0,1.0,GPIX
20/07/2025,15:39:35,47.61345,-52.74126,153.0,1.0,SKT-4031,1.0,1.0,GPIX
20/07/2025,15:39:42,47.61346,-52.74126,152.0,1.0,SKT-4031,1.0,1.0,GPIX
20/07/2025,15:39:50,47.61346,-52.74126,152.0,1.0,SKT-4031,1.0,1.0,GPIX
20/07/2025,15:39:57,47.61345,-52.74126,152.0,1.0,SKT-4031,1.0,1.0,GPIX
20/07/2025,15:40:05,47.61345,-52.74126,153.0,1.0,SKT-4031,1.0,1.0,GPIX
20/07/2025,15:40:13,47.61345,-52.74126,153.0,1.0,SKT-4031,1.0,1.0,GPIX
20/07/2025,15:40:20,47.61345,-52.74126,153.0,1.0,SKT-4031,1.0,1.0,GPIX
20/07/2025,15:40:28,47.61345,-52.74126,154.0,1.0,SKT-4031,1.0,1.0,GPIX
20/07/2025,15:40:36,47.61346,-52.74126,153.0,1.0,SKT-4031,1.0,1.0,GPIX
20/07/2025,15:40:43,47.61345,-52.74126,154.0,1.0,SKT-4031,1.0,1.0,GPIX
20/07/2025,15:40:51,47.61345,-52.74126,154.0,1.0,SKT-4031,1.0,1.0,GPIX
20/07/2025,15:40:59,47.61345,-52.74126,154.0,1.0,SKT-4031,1.0,1.0,GPIX
20/07/2025,15:41:07,47.61345,-52.74126,155.0,1.0,SKT-4031,1.0,1.0,GPIX
20/07/2025,15:41:14,47.61344,-52.74126,155.0,1.0,SKT-4031,1.0,1.0,GPIX
20/07/2025,15:41:22,47.61344,-52.74126,155.0,1.0,SKT-4031,1.0,1.0,GPIX
20/07/2025,15:41:29,47.61344,-52.74126,155.0,1.0,SKT-4031,1.0,1.0,GPIX
20/07/2025,15:41:37,47.61344,-52.74127,156.0,1.0,SKT-4031,1.0,1.0,GPIX
20/07/2025,15:41:44,47.61344,-52.74127,156.0,1.0,SKT-4031,1.0,1.0,GPIX
20/07/2025,15:41:52,47.61344,-52.74127,156.0,1.0,SKT-4031,1.0,1.0,GPIX
20/07/2025,15:41:59,47.61344,-52.74127,156.0,1.0,SKT-4031,1.0,1.0,GPIX
20/07/2025,15:42:07,47.61344,-52.74127,156.0,1.0,SKT-4031,1.0,1.0,GPIX
20/07/2025,15:42:15,47.61345,-52.74127,156.0,1.0,SKT-4031,1.0,1.0,GPIX
20/07/2025,15:42:22,47.61345,-52.74127,156.0,1.0,SKT-4031,1.0,1.0,GPIX
20/07/2025,15:42:30,47.61345,-52.74127,156.0,1.0,SKT-4031,1.0,1.0,GPIX
20/07/2025,15:42:37,47.61345,-52.74127,155.0,1.0,SKT-4031,1.0,1.0,GPIX
20/07/2025,15:42:44,47.61345,-52.74127,155.0,1.0,SKT-4031,1.0,1.0,GPIX
20/07/2025,15:42:52,47.61345,-52.74127,156.0,1.0,SKT-4031,1.0,1.0,GPIX
20/07/2025,15:42:59,47.61345,-52.74127,156.0,1.0,SKT-4031,1.0,1.0,GPIX
20/07/2025,15:43:07,47.61345,-52.74127,156.0,1.0,SKT-4031,1.0,1.0,GPIX
20/07/2025,15:43:15,47.61345,-52.74127,156.0,1.0,SKT-4031,1.0,1.0,GPIX
20/07/2025,15:43:22,47.61345,-52.74126,156.0,1.0,SKT-4031,1.0,1.0,GPIX
20/07/2025,15:43:30,47.61345,-52.74126,155.0,1.0,SKT-4031,1.0,1.0,GPIX
20/07/2025,15:43:37,47.61345,-52.74126,156.0,1.0,SKT-4031,1.0,1.0,GPIX
20/07/2025,15:43:45,47.61345,-52.74126,156.0,1.0,SKT-4031,1.0,1.0,GPIX
20/07/2025,15:43:52,47.61345,-52.74126,155.0,1.0,SKT-4031,1.0,1.0,GPIX
20/07/2025,15:44:00,47.61345,-52.74126,154.0,1.0,SKT-4031,1.0,1.0,GPIX
20/07/2025,15:44:07,47.61345,-52.74126,154.0,1.0,SKT-4031,1.0,1.0,GPIX
20/07/2025,15:44:14,47.61345,-52.74126,154.0,1.0,SKT-4031,1.0,1.0,GPIX
20/07/2025,15:44:22,47.61345,-52.74126,154.0,1.0,SKT-4031,1.0,1.0,GPIX
20/07/2025,15:44:29,47.61345,-52.74126,153.0,1.0,SKT-4031,1.0,1.0,GPIX
20/07/2025,15:44:37,47.61345,-52.74126,153.0,1.0,SKT-4031,1.0,1.0,GPIX
20/07/2025,15:44:44,47.61346,-52.74126,153.0,1.0,SKT-4031,1.0,1.0,GPIX
20/07/2025,15:44:52,47.61345,-52.74126,153.0,1.0,SKT-4031,1.0,1.0,GPIX
20/07/2025,15:44:59,47.61345,-52.74126,153.0,1.0,SKT-4031,1.0,1.0,GPIX
20/07/2025,15:45:07,47.61346,-52.74126,153.0,1.0,SKT-4031,1.0,1.0,GPIX
20/07/2025,15:45:15,47.61345,-52.74126,153.0,1.0,SKT-4031,1.0,1.0,GPIX
20/07/2025,15:45:22,47.61345,-52.74126,153.0,1.0,SKT-4031,1.0,1.0,GPIX
20/07/2025,15:45:30,47.61346,-52.74126,152.0,1.0,SKT-4031,1.0,1.0,GPIX
20/07/2025,15:45:37,47.61345,-52.74126,152.0,1.0,SKT-4031,1.0,1.0,GPIX
20/07/2025,15:45:45,47.61345,-52.74126,153.0,1.0,SKT-4031,1.0,1.0,GPIX
20/07/2025,15:45:52,47.61346,-52.74126,152.0,1.0,SKT-4031,1.0,1.0,GPIX
20/07/2025,15:45:59,47.61346,-52.74126,152.0,1.0,SKT-4031,1.0,1.0,GPIX
20/07/2025,15:46:07,47.61346,-52.74126,153.0,1.0,SKT-4031,1.0,1.0,GPIX
20/07/2025,15:46:15,47.61346,-52.74126,153.0,1.0,SKT-4031,1.0,1.0,GPIX
20/07/2025,15:46:22,47.61346,-52.74126,152.0,1.0,SKT-4031,1.0,1.0,GPIX
20/07/2025,15:46:30,47.61346,-52.74126,153.0,1.0,SKT-4031,1.0,1.0,GPIX
20/07/2025,15:46:37,47.61346,-52.74126,153.0,1.0,SKT-4031,1.0,1.0,GPIX
20/07/2025,15:46:45,47.61346,-52.74125,153.0,1.0,SKT-4031,1.0,1.0,GPIX
20/07/2025,15:46:52,47.61346,-52.74125,153.0,1.0,SKT-4031,1.0,1.0,GPIX
20/07/2025,15:47:00,47.61346,-52.74125,153.0,1.0,SKT-4031,1.0,1.0,GPIX
20/07/2025,15:47:08,47.61346,-52.74125,153.0,1.0,SKT-4031,1.0,1.0,GPIX
20/07/2025,15:47:15,47.61346,-52.74125,153.0,1.0,SKT-4031,1.0,1.0,GPIX
20/07/2025,15:47:22,47.61346,-52.74125,153.0,1.0,SKT-4031,1.0,1.0,GPIX
20/07/2025,15:47:30,47.61346,-52.74125,153.0,1.0,SKT-4031,1.0,1.0,GPIX
20/07/2025,15:47:37,47.61346,-52.74125,153.0,1.0,SKT-4031,1.0,1.0,GPIX
20/07/2025,15:47:45,47.61346,-52.74125,153.0,1.0,SKT-4031,1.0,1.0,GPIX
20/07/2025,15:47:52,47.61346,-52.74125,153.0,1.0,SKT-4031,1.0,1.0,GPIX
20/07/2025,15:47:59,47.61346,-52.74125,152.0,1.0,SKT-4031,1.0,1.0,GPIX
20/07/2025,15:48:07,47.61346,-52.74125,152.0,1.0,SKT-4031,1.0,1.0,GPIX
20/07/2025,15:48:14,47.61346,-52.74126,151.0,1.0,SKT-4031,1.0,1.0,GPIX
20/07/2025,15:48:22,47.61346,-52.74126,150.0,1.0,SKT-4031,1.0,1.0,GPIX
20/07/2025,15:48:29,47.61346,-52.74126,150.0,1.0,SKT-4031,1.0,1.0,GPIX
20/07/2025,15:48:37,47.61346,-52.74126,150.0,1.0,SKT-4031,1.0,1.0,GPIX
20/07/2025,15:48:44,47.61346,-52.74126,150.0,1.0,SKT-4031,1.0,1.0,GPIX
20/07/2025,15:48:51,47.61347,-52.74126,149.0,1.0,SKT-4031,1.0,1.0,GPIX
20/07/2025,15:48:59,47.61347,-52.74126,149.0,1.0,SKT-4031,1.0,1.0,GPIX
20/07/2025,15:49:06,47.61347,-52.74126,150.0,1.0,SKT-4031,1.0,1.0,GPIX
20/07/2025,15:49:13,47.61347,-52.74126,150.0,1.0,SKT-4031,1.0,1.0,GPIX
20/07/2025,15:49:21,47.61347,-52.74126,149.0,1.0,SKT-4031,1.0,1.0,GPIX
20/07/2025,15:49:29,47.61347,-52.74126,149.0,1.0,SKT-4031,1.0,1.0,GPIX
20/07/2025,15:49:36,47.61347,-52.74126,149.0,1.0,SKT-4031,1.0,1.0,GPIX
20/07/2025,15:49:43,47.61347,-52.74126,149.0,1.0,SKT-4031,1.0,1.0,GPIX
20/07/2025,15:49:51,47.61347,-52.74126,149.0,1.0,SKT-4031,1.0,1.0,GPIX
20/07/2025,15:49:59,47.61347,-52.74126,149.0,1.0,SKT-4031,1.0,1.0,GPIX
20/07/2025,15:50:06,47.61347,-52.74126,149.0,1.0,SKT-4031,1.0,1.0,GPIX
20/07/2025,15:50:14,47.61347,-52.74126,150.0,1.0,SKT-4031,1.0,1.0,GPIX
20/07/2025,15:50:21,47.61347,-52.74126,150.0,1.0,SKT-4031,1.0,1.0,GPIX
20/07/2025,15:50:28,47.61347,-52.74126,150.0,1.0,SKT-4031,1.0,1.0,GPIX
20/07/2025,15:50:36,47.61347,-52.74126,150.0,1.0,SKT-4031,1.0,1.0,GPIX
20/07/2025,15:50:43,47.61347,-52.74126,150.0,1.0,SKT-4031,1.0,1.0,GPIX
20/07/2025,15:50:52,47.61347,-52.74126,150.0,1.0,SKT-4031,1.0,1.0,GPIX
20/07/2025,15:50:59,47.61347,-52.74126,150.0,1.0,SKT-4031,1.0,1.0,GPIX
20/07/2025,15:51:07,47.61347,-52.74126,150.0,1.0,SKT-4031,1.0,1.0,GPIX
20/07/2025,15:51:14,47.61347,-52.74126,150.0,1.0,SKT-4031,1.0,1.0,GPIX
20/07/2025,15:51:21,47.61347,-52.74125,150.0,1.0,SKT-4031,1.0,1.0,GPIX
20/07/2025,15:51:29,47.61347,-52.74125,150.0,1.0,SKT-4031,1.0,1.0,GPIX
20/07/2025,15:51:37,47.61347,-52.74125,151.0,1.0,SKT-4031,1.0,1.0,GPIX
20/07/2025,15:51:44,47.61347,-52.74125,151.0,1.0,SKT-4031,1.0,1.0,GPIX
20/07/2025,15:51:51,47.61347,-52.74125,152.0,1.0,SKT-4031,1.0,1.0,GPIX
20/07/2025,15:51:59,47.61346,-52.74125,152.0,1.0,SKT-4031,1.0,1.0,GPIX
20/07/2025,15:52:06,47.61346,-52.74124,153.0,1.0,SKT-4031,1.0,1.0,GPIX
20/07/2025,15:52:14,47.61346,-52.74124,153.0,1.0,SKT-4031,1.0,1.0,GPIX
20/07/2025,15:52:21,47.61346,-52.74125,153.0,1.0,SKT-4031,1.0,1.0,GPIX
20/07/2025,15:52:28,47.61347,-52.74125,152.0,1.0,SKT-4031,1.0,1.0,GPIX
20/07/2025,15:52:36,47.61348,-52.74125,151.0,1.0,SKT-4031,1.0,1.0,GPIX
20/07/2025,15:52:43,47.61348,-52.74125,152.0,1.0,SKT-4031,1.0,1.0,GPIX
20/07/2025,15:52:51,47.61347,-52.74125,153.0,1.0,SKT-4031,1.0,1.0,GPIX
20/07/2025,15:52:58,47.61348,-52.74125,153.0,1.0,SKT-4031,1.0,1.0,GPIX
20/07/2025,15:53:06,47.61347,-52.74124,154.0,1.0,SKT-4031,1.0,1.0,GPIX
20/07/2025,15:53:13,47.61347,-52.74124,154.0,1.0,SKT-4031,1.0,1.0,GPIX
20/07/2025,15:53:20,47.61347,-52.74124,155.0,1.0,SKT-4031,1.0,1.0,GPIX
20/07/2025,15:53:28,47.61347,-52.74124,155.0,1.0,SKT-4031,1.0,1.0,GPIX
20/07/2025,15:53:35,47.61347,-52.74124,155.0,1.0,SKT-4031,1.0,1.0,GPIX
20/07/2025,15:53:43,47.61346,-52.74124,155.0,1.0,SKT-4031,1.0,1.0,GPIX
20/07/2025,15:53:50,47.61346,-52.74125,155.0,1.0,SKT-4031,1.0,1.0,GPIX
20/07/2025,15:53:58,47.61346,-52.74125,154.0,1.0,SKT-4031,1.0,1.0,GPIX
20/07/2025,15:54:05,47.61346,-52.74125,154.0,1.0,SKT-4031,1.0,1.0,GPIX
20/07/2025,15:54:12,47.61347,-52.74125,154.0,1.0,SKT-4031,1.0,1.0,GPIX
20/07/2025,15:54:20,47.61347,-52.74125,154.0,1.0,SKT-4031,1.0,1.0,GPIX
20/07/2025,15:54:27,47.61346,-52.74126,153.0,1.0,SKT-4031,1.0,1.0,GPIX
20/07/2025,15:54:35,47.61346,-52.74126,153.0,1.0,SKT-4031,1.0,0.0,GPIX
20/07/2025,15:54:43,47.61346,-52.74126,152.0,1.0,SKT-4031,1.0,1.0,GPIX
20/07/2025,15:54:50,47.61346,-52.74126,152.0,1.0,SKT-4031,1.0,1.0,GPIX
20/07/2025,15:54:58,47.61346,-52.74126,151.0,1.0,SKT-4031,1.0,1.0,GPIX
20/07/2025,15:55:05,47.61346,-52.74126,151.0,1.0,SKT-4031,1.0,1.0,GPIX
20/07/2025,15:55:13,47.61346,-52.74126,151.0,1.0,SKT-4031,1.0,1.0,GPIX
20/07/2025,15:55:21,47.61345,-52.74126,152.0,1.0,SKT-4031,1.0,1.0,GPIX
20/07/2025,15:55:28,47.61345,-52.74126,152.0,1.0,SKT-4031,1.0,1.0,GPIX
20/07/2025,15:55:36,47.61345,-52.74126,153.0,1.0,SKT-4031,1.0,1.0,GPIX
20/07/2025,15:55:43,47.61345,-52.74125,153.0,1.0,SKT-4031,1.0,1.0,GPIX
20/07/2025,15:55:50,47.61345,-52.74125,153.0,1.0,SKT-4031,1.0,1.0,GPIX
20/07/2025,15:55:58,47.61345,-52.74125,153.0,1.0,SKT-4031,1.0,1.0,GPIX
20/07/2025,15:56:05,47.61345,-52.74125,153.0,1.0,SKT-4031,1.0,1.0,GPIX
20/07/2025,15:56:12,47.61345,-52.74125,153.0,1.0,SKT-4031,1.0,1.0,GPIX
20/07/2025,15:56:20,47.61345,-52.74125,152.0,1.0,SKT-4031,1.0,1.0,GPIX
20/07/2025,15:56:27,47.61345,-52.74125,153.0,1.0,SKT-4031,1.0,1.0,GPIX
20/07/2025,15:56:35,47.61345,-52.74125,153.0,1.0,SKT-4031,1.0,1.0,GPIX
20/07/2025,15:56:42,47.61345,-52.74125,153.0,1.0,SKT-4031,1.0,1.0,GPIX
20/07/2025,15:56:49,47.61345,-52.74125,153.0,1.0,SKT-4031,1.0,1.0,GPIX
20/07/2025,15:56:57,47.61345,-52.74125,154.0,1.0,SKT-4031,1.0,1.0,GPIX
20/07/2025,15:57:04,47.61345,-52.74125,154.0,1.0,SKT-4031,1.0,1.0,GPIX
20/07/2025,15:57:12,47.61346,-52.74125,153.0,1.0,SKT-4031,1.0,1.0,GPIX
20/07/2025,15:57:19,47.61346,-52.74125,154.0,1.0,SKT-4031,1.0,1.0,GPIX
20/07/2025,15:57:26,47.61345,-52.74125,154.0,1.0,SKT-4031,1.0,1.0,GPIX
20/07/2025,15:57:34,47.61345,-52.74125,154.0,1.0,SKT-4031,1.0,1.0,GPIX
20/07/2025,15:57:41,47.61345,-52.74125,155.0,1.0,SKT-4031,1.0,1.0,GPIX
20/07/2025,15:57:48,47.61345,-52.74125,155.0,1.0,SKT-4031,1.0,1.0,GPIX
20/07/2025,15:57:56,47.61345,-52.74126,154.0,1.0,SKT-4031,1.0,1.0,GPIX
20/07/2025,15:58:03,47.61345,-52.74125,153.0,1.0,SKT-4031,1.0,1.0,GPIX
20/07/2025,15:58:11,47.61345,-52.74125,153.0,1.0,SKT-4031,1.0,1.0,GPIX
20/07/2025,15:58:18,47.61345,-52.74125,152.0,1.0,SKT-4031,1.0,1.0,GPIX
20/07/2025,15:58:25,47.61345,-52.74125,153.0,1.0,SKT-4031,1.0,1.0,GPIX
20/07/2025,15:58:33,47.61345,-52.74125,153.0,1.0,SKT-4031,1.0,1.0,GPIX
20/07/2025,15:58:40,47.61345,-52.74125,153.0,1.0,SKT-4031,1.0,1.0,GPIX
20/07/2025,15:58:48,47.61345,-52.74125,153.0,1.0,SKT-4031,1.0,1.0,GPIX
20/07/2025,15:58:55,47.61346,-52.74125,153.0,1.0,SKT-4031,1.0,1.0,GPIX
20/07/2025,15:59:03,47.61346,-52.74125,152.0,1.0,SKT-4031,1.0,1.0,GPIX
20/07/2025,15:59:10,47.61346,-52.74125,153.0,1.0,SKT-4031,1.0,1.0,GPIX
20/07/2025,15:59:18,47.61345,-52.74125,153.0,1.0,SKT-4031,1.0,1.0,GPIX
20/07/2025,15:59:26,47.61346,-52.74125,153.0,1.0,SKT-4031,1.0,1.0,GPIX
20/07/2025,15:59:33,47.61345,-52.74125,153.0,1.0,SKT-4031,1.0,1.0,GPIX
20/07/2025,15:59:41,47.61345,-52.74125,153.0,1.0,SKT-4031,1.0,1.0,GPIX
20/07/2025,15:59:48,47.61346,-52.74125,153.0,1.0,SKT-4031,1.0,1.0,GPIX
20/07/2025,15:59:56,47.61346,-52.74125,153.0,1.0,SKT-4031,1.0,1.0,GPIX
20/07/2025,16:00:03,47.61346,-52.74126,152.0,1.0,SKT-4031,1.0,1.0,GPIX
20/07/2025,16:00:11,47.61346,-52.74126,152.0,1.0,SKT-4031,1.0,0.0,GPIX
20/07/2025,16:00:19,47.61346,-52.74126,151.0,1.0,SKT-4031,1.0,1.0,GPIX
20/07/2025,16:00:27,47.61346,-52.74126,151.0,1.0,SKT-4031,1.0,1.0,GPIX
20/07/2025,16:00:34,47.61346,-52.74126,151.0,1.0,SKT-4031,1.0,1.0,GPIX
20/07/2025,16:00:42,47.61346,-52.74126,151.0,1.0,SKT-4031,1.0,1.0,GPIX
20/07/2025,16:01:04,47.61347,-52.74126,152.0,1.0,SKT-4031,1.0,1.0,GPIX
20/07/2025,16:01:12,47.61347,-52.74126,151.0,1.0,SKT-4031,1.0,1.0,GPIX
20/07/2025,16:01:19,47.61347,-52.74126,151.0,1.0,SKT-4031,1.0,1.0,GPIX
20/07/2025,16:01:27,47.61347,-52.74126,150.0,1.0,SKT-4031,1.0,1.0,GPIX
20/07/2025,16:01:34,47.61348,-52.74126,151.0,1.0,SKT-4031,1.0,1.0,GPIX
20/07/2025,16:01:42,47.61348,-52.74125,151.0,1.0,SKT-4031,1.0,1.0,GPIX
20/07/2025,16:01:49,47.61348,-52.74125,152.0,1.0,SKT-4031,1.0,1.0,GPIX
20/07/2025,16:01:57,47.61348,-52.74125,152.0,1.0,SKT-4031,1.0,1.0,GPIX
20/07/2025,16:02:04,47.61348,-52.74125,152.0,1.0,SKT-4031,1.0,1.0,GPIX
20/07/2025,16:02:12,47.61348,-52.74125,153.0,1.0,SKT-4031,1.0,1.0,GPIX
20/07/2025,16:02:20,47.61348,-52.74125,152.0,1.0,SKT-4031,1.0,1.0,GPIX
20/07/2025,16:02:27,47.61348,-52.74125,152.0,1.0,SKT-4031,1.0,1.0,GPIX
20/07/2025,16:02:35,47.61348,-52.74125,152.0,1.0,SKT-4031,1.0,1.0,GPIX
20/07/2025,16:02:42,47.61348,-52.74125,151.0,1.0,SKT-4031,1.0,1.0,GPIX
20/07/2025,16:02:50,47.61348,-52.74125,151.0,1.0,SKT-4031,1.0,1.0,GPIX
20/07/2025,16:02:57,47.61348,-52.74125,151.0,1.0,SKT-4031,1.0,1.0,GPIX
20/07/2025,16:03:05,47.61348,-52.74125,150.0,1.0,SKT-4031,1.0,1.0,GPIX
20/07/2025,16:03:12,47.61348,-52.74125,150.0,1.0,SKT-4031,1.0,1.0,GPIX
20/07/2025,16:03:20,47.61348,-52.74125,150.0,1.0,SKT-4031,1.0,1.0,GPIX
20/07/2025,16:03:27,47.61348,-52.74125,150.0,1.0,SKT-4031,1.0,1.0,GPIX
20/07/2025,16:03:35,47.61348,-52.74125,150.0,1.0,SKT-4031,1.0,1.0,GPIX
20/07/2025,16:03:42,47.61348,-52.74124,150.0,1.0,SKT-4031,1.0,1.0,GPIX
20/07/2025,16:03:50,47.61347,-52.74124,151.0,1.0,SKT-4031,1.0,1.0,GPIX
20/07/2025,16:03:57,47.61347,-52.74124,151.0,1.0,SKT-4031,1.0,1.0,GPIX
20/07/2025,16:04:05,47.61347,-52.74124,151.0,1.0,SKT-4031,1.0,1.0,GPIX
20/07/2025,16:04:12,47.61347,-52.74124,152.0,1.0,SKT-4031,1.0,1.0,GPIX
20/07/2025,16:04:20,47.61346,-52.74124,151.0,1.0,SKT-4031,1.0,1.0,GPIX
20/07/2025,16:04:28,47.61347,-52.74125,151.0,1.0,SKT-4031,1.0,1.0,GPIX
20/07/2025,16:04:35,47.61347,-52.74124,151.0,1.0,SKT-4031,1.0,1.0,GPIX
20/07/2025,16:04:42,47.61347,-52.74124,151.0,1.0,SKT-4031,1.0,1.0,GPIX
20/07/2025,16:04:50,47.61347,-52.74124,150.0,1.0,SKT-4031,1.0,1.0,GPIX
20/07/2025,16:04:57,47.61347,-52.74124,150.0,1.0,SKT-4031,1.0,1.0,GPIX
20/07/2025,16:05:05,47.61347,-52.74124,150.0,1.0,SKT-4031,1.0,1.0,GPIX
20/07/2025,16:05:12,47.61348,-52.74125,149.0,1.0,SKT-4031,1.0,1.0,GPIX
20/07/2025,16:05:20,47.61348,-52.74125,148.0,1.0,SKT-4031,1.0,1.0,GPIX
20/07/2025,16:05:27,47.61348,-52.74125,149.0,1.0,SKT-4031,1.0,1.0,GPIX
20/07/2025,16:05:34,47.61348,-52.74124,149.0,1.0,SKT-4031,1.0,1.0,GPIX
20/07/2025,16:05:42,47.61351,-52.74114,149.0,1.0,SKT-4031,1.0,1.0,GPIX
20/07/2025,16:05:49,47.61355,-52.74105,149.0,1.0,SKT-4031,1.0,1.0,GPIX
20/07/2025,16:05:57,47.61361,-52.74096,149.0,1.0,SKT-4031,1.0,1.0,GPIX
20/07/2025,16:06:04,47.61366,-52.74089,149.0,1.0,SKT-4031,1.0,1.0,GPIX
20/07/2025,16:06:12,47.61371,-52.7408,149.0,1.0,SKT-4031,1.0,1.0,GPIX
20/07/2025,16:06:19,47.61374,-52.7407,150.0,1.0,SKT-4031,1.0,1.0,GPIX
20/07/2025,16:06:27,47.61377,-52.74057,150.0,1.0,SKT-4031,1.0,1.0,GPIX
20/07/2025,16:06:34,47.61377,-52.74049,150.0,1.0,SKT-4031,1.0,1.0,GPIX
20/07/2025,16:06:42,47.61377,-52.7404,150.0,1.0,SKT-4031,1.0,1.0,GPIX
20/07/2025,16:06:49,47.61377,-52.74039,149.0,1.0,SKT-4031,1.0,1.0,GPIX
20/07/2025,16:06:57,47.61377,-52.74046,150.0,1.0,SKT-4031,1.0,1.0,GPIX
20/07/2025,16:07:04,47.61378,-52.74057,150.0,1.0,SKT-4031,1.0,1.0,GPIX
20/07/2025,16:07:12,47.61383,-52.74068,149.0,1.0,SKT-4031,1.0,1.0,GPIX
20/07/2025,16:07:19,47.6139,-52.74076,149.0,1.0,SKT-4031,1.0,1.0,GPIX
20/07/2025,16:07:27,47.61395,-52.74085,149.0,1.0,SKT-4031,1.0,1.0,GPIX
20/07/2025,16:07:34,47.61399,-52.74094,149.0,1.0,SKT-4031,1.0,1.0,GPIX
20/07/2025,16:07:41,47.61402,-52.74105,148.0,1.0,SKT-4031,1.0,1.0,GPIX
20/07/2025,16:07:49,47.61404,-52.74113,148.0,1.0,SKT-4031,1.0,1.0,GPIX
20/07/2025,16:07:56,47.61404,-52.74114,149.0,1.0,SKT-4031,1.0,1.0,GPIX
20/07/2025,16:08:04,47.61404,-52.74114,149.0,1.0,SKT-4031,1.0,1.0,GPIX
20/07/2025,16:08:12,47.61404,-52.74114,149.0,1.0,SKT-4031,1.0,1.0,GPIX
20/07/2025,16:08:19,47.61404,-52.74114,149.0,1.0,SKT-4031,1.0,1.0,GPIX
20/07/2025,16:08:27,47.61405,-52.74114,149.0,1.0,SKT-4031,1.0,1.0,GPIX
20/07/2025,16:08:34,47.61405,-52.74114,149.0,1.0,SKT-4031,1.0,1.0,GPIX
20/07/2025,16:08:41,47.61404,-52.74114,149.0,1.0,SKT-4031,1.0,1.0,GPIX
20/07/2025,16:08:49,47.61405,-52.74114,149.0,1.0,SKT-4031,1.0,1.0,GPIX
20/07/2025,16:08:56,47.61405,-52.74114,149.0,1.0,SKT-4031,1.0,1.0,GPIX
20/07/2025,16:09:04,47.61405,-52.74114,149.0,1.0,SKT-4031,1.0,1.0,GPIX
20/07/2025,16:09:11,47.61405,-52.74114,150.0,1.0,SKT-4031,1.0,1.0,GPIX
20/07/2025,16:09:19,47.61405,-52.74114,150.0,1.0,SKT-4031,1.0,1.0,GPIX
20/07/2025,16:09:26,47.61405,-52.74114,150.0,1.0,SKT-4031,1.0,1.0,GPIX
20/07/2025,16:09:33,47.61405,-52.74114,150.0,1.0,SKT-4031,1.0,1.0,GPIX
20/07/2025,16:09:41,47.61405,-52.74114,150.0,1.0,SKT-4031,1.0,1.0,GPIX
20/07/2025,16:09:48,47.61405,-52.74114,150.0,1.0,SKT-4031,1.0,1.0,GPIX
20/07/2025,16:09:56,47.61405,-52.74114,150.0,1.0,SKT-4031,1.0,1.0,GPIX
20/07/2025,16:10:03,47.61405,-52.74114,150.0,1.0,SKT-4031,1.0,1.0,GPIX
20/07/2025,16:10:11,47.61404,-52.74114,150.0,1.0,SKT-4031,1.0,1.0,GPIX
20/07/2025,16:10:18,47.61404,-52.74114,150.0,1.0,SKT-4031,1.0,1.0,GPIX
20/07/2025,16:10:26,47.61404,-52.74114,150.0,1.0,SKT-4031,1.0,1.0,GPIX
20/07/2025,16:10:33,47.61405,-52.74114,150.0,1.0,SKT-4031,1.0,1.0,GPIX
20/07/2025,16:10:40,47.61405,-52.74114,151.0,1.0,SKT-4031,1.0,1.0,GPIX
20/07/2025,16:10:48,47.61405,-52.74113,151.0,1.0,SKT-4031,1.0,1.0,GPIX
20/07/2025,16:10:55,47.61404,-52.74113,151.0,1.0,SKT-4031,1.0,1.0,GPIX
20/07/2025,16:11:03,47.61404,-52.74113,150.0,1.0,SKT-4031,1.0,1.0,GPIX
20/07/2025,16:11:10,47.61404,-52.74113,150.0,1.0,SKT-4031,1.0,1.0,GPIX
20/07/2025,16:11:18,47.61404,-52.74113,150.0,1.0,SKT-4031,1.0,1.0,GPIX
20/07/2025,16:11:26,47.61406,-52.74117,150.0,1.0,SKT-4031,1.0,1.0,GPIX
20/07/2025,16:11:33,47.6141,-52.74131,150.0,1.0,SKT-4031,1.0,1.0,GPIX
20/07/2025,16:11:40,47.61417,-52.74156,150.0,1.0,SKT-4031,1.0,1.0,GPIX
20/07/2025,16:11:48,47.61427,-52.74189,150.0,1.0,SKT-4031,1.0,1.0,GPIX
20/07/2025,16:11:55,47.61436,-52.74224,151.0,1.0,SKT-4031,1.0,1.0,GPIX
20/07/2025,16:12:03,47.61449,-52.74268,151.0,1.0,SKT-4031,1.0,1.0,GPIX
20/07/2025,16:12:10,47.61462,-52.74306,151.0,1.0,SKT-4031,1.0,1.0,GPIX
20/07/2025,16:12:18,47.6149,-52.74341,150.0,1.0,SKT-4031,1.0,1.0,GPIX
20/07/2025,16:12:25,47.61531,-52.74325,150.0,1.0,SKT-4031,1.0,1.0,GPIX
20/07/2025,16:12:33,47.6157,-52.74261,149.0,1.0,SKT-4031,1.0,1.0,GPIX
20/07/2025,16:12:40,47.61609,-52.74196,149.0,1.0,SKT-4031,1.0,1.0,GPIX
20/07/2025,16:12:47,47.61647,-52.74132,148.0,1.0,SKT-4031,1.0,1.0,GPIX
20/07/2025,16:12:55,47.61672,-52.74059,149.0,1.0,SKT-4031,1.0,1.0,GPIX
20/07/2025,16:13:03,47.61651,-52.73989,148.0,1.0,SKT-4031,1.0,1.0,GPIX
20/07/2025,16:13:11,47.6161,-52.73935,148.0,1.0,SKT-4031,1.0,1.0,GPIX
20/07/2025,16:13:19,47.61604,-52.73878,147.0,1.0,SKT-4031,1.0,1.0,GPIX
20/07/2025,16:13:26,47.61634,-52.73862,147.0,1.0,SKT-4031,1.0,1.0,GPIX
20/07/2025,16:13:33,47.61673,-52.73864,147.0,1.0,SKT-4031,1.0,1.0,GPIX
20/07/2025,16:13:41,47.6172,-52.73869,147.0,1.0,SKT-4031,1.0,1.0,GPIX
20/07/2025,16:13:48,47.61765,-52.73873,147.0,1.0,SKT-4031,1.0,1.0,GPIX
20/07/2025,16:13:56,47.61819,-52.73878,147.0,1.0,SKT-4031,1.0,1.0,GPIX
20/07/2025,16:14:03,47.61871,-52.73883,147.0,1.0,SKT-4031,1.0,1.0,GPIX
20/07/2025,16:14:11,47.61932,-52.73889,147.0,1.0,SKT-4031,1.0,1.0,GPIX
20/07/2025,16:14:18,47.6199,-52.73895,147.0,1.0,SKT-4031,1.0,1.0,GPIX
20/07/2025,16:14:26,47.62058,-52.73901,147.0,1.0,SKT-4031,1.0,1.0,GPIX
20/07/2025,16:14:33,47.62121,-52.73907,147.0,1.0,SKT-4031,1.0,1.0,GPIX
20/07/2025,16:14:41,47.62193,-52.73914,147.0,1.0,SKT-4031,1.0,1.0,GPIX
20/07/2025,16:14:48,47.62253,-52.7392,147.0,1.0,SKT-4031,1.0,1.0,GPIX
20/07/2025,16:14:55,47.62308,-52.73925,147.0,1.0,SKT-4031,1.0,1.0,GPIX
20/07/2025,16:15:03,47.62367,-52.73932,147.0,1.0,SKT-4031,1.0,1.0,GPIX
20/07/2025,16:15:11,47.62425,-52.73936,147.0,1.0,SKT-4031,1.0,1.0,GPIX
20/07/2025,16:15:18,47.62471,-52.73939,148.0,1.0,SKT-4031,1.0,1.0,GPIX
20/07/2025,16:15:26,47.6251,-52.73958,148.0,1.0,SKT-4031,1.0,1.0,GPIX
20/07/2025,16:15:34,47.62515,-52.74011,148.0,1.0,SKT-4031,1.0,1.0,GPIX
20/07/2025,16:15:41,47.62508,-52.74155,148.0,1.0,SKT-4031,1.0,1.0,GPIX
20/07/2025,16:15:49,47.62489,-52.74553,149.0,1.0,SKT-4031,1.0,1.0,GPIX
20/07/2025,16:15:56,47.62464,-52.7508,152.0,1.0,SKT-4031,1.0,1.0,GPIX
20/07/2025,16:16:04,47.62431,-52.75815,196.0,0.0,SKT-4031,1.0,1.0,GPIX
20/07/2025,16:16:12,47.62399,-52.76602,278.0,0.0,SKT-4031,1.0,1.0,GPIX
20/07/2025,16:16:19,47.62378,-52.77328,355.0,0.0,SKT-4031,1.0,1.0,GPIX
20/07/2025,16:16:26,47.62371,-52.78085,437.0,0.0,SKT-4031,1.0,1.0,GPIX
20/07/2025,16:16:34,47.62372,-52.78982,542.0,0.0,SKT-4031,1.0,1.0,GPIX
20/07/2025,16:16:42,47.62375,-52.79903,640.0,0.0,SKT-4031,1.0,1.0,GPIX
20/07/2025,16:16:50,47.6238,-52.80839,741.0,0.0,SKT-4031,1.0,1.0,GPIX
20/07/2025,16:16:57,47.62387,-52.81664,833.0,0.0,SKT-4031,1.0,1.0,GPIX
20/07/2025,16:17:05,47.62413,-52.82615,936.0,0.0,SKT-4031,1.0,1.0,GPIX
20/07/2025,16:17:13,47.62592,-52.83544,1037.0,0.0,SKT-4031,1.0,1.0,GPIX
20/07/2025,16:17:21,47.62958,-52.8438,1141.0,0.0,SKT-4031,1.0,0.0,GPIX
20/07/2025,16:17:28,47.63338,-52.85065,1232.0,0.0,SKT-4031,1.0,1.0,GPIX
20/07/2025,16:17:36,47.63791,-52.85839,1337.0,0.0,SKT-4031,1.0,1.0,GPIX
20/07/2025,16:17:44,47.64267,-52.86598,1436.0,0.0,SKT-4031,1.0,1.0,GPIX
20/07/2025,16:17:52,47.6479,-52.87337,1509.0,0.0,SKT-4031,1.0,1.0,GPIX
20/07/2025,16:17:59,47.65294,-52.87957,1580.0,0.0,SKT-4031,1.0,1.0,GPIX
20/07/2025,16:18:07,47.65907,-52.88633,1672.0,0.0,SKT-4031,1.0,1.0,GPIX
20/07/2025,16:18:15,47.66547,-52.89289,1769.0,0.0,SKT-4031,1.0,1.0,GPIX
20/07/2025,16:18:22,47.6712,-52.89858,1851.0,0.0,SKT-4031,1.0,1.0,GPIX
20/07/2025,16:18:29,47.677,-52.90433,1932.0,0.0,SKT-4031,1.0,1.0,GPIX
20/07/2025,16:18:37,47.68363,-52.91108,2030.0,0.0,SKT-4031,1.0,1.0,GPIX
20/07/2025,16:18:44,47.68938,-52.91718,2121.0,0.0,SKT-4031,1.0,1.0,GPIX
20/07/2025,16:18:51,47.69513,-52.92336,2213.0,0.0,SKT-4031,1.0,1.0,GPIX
20/07/2025,16:18:59,47.70171,-52.93047,2312.0,0.0,SKT-4031,1.0,1.0,GPIX
20/07/2025,16:19:06,47.70754,-52.93675,2394.0,0.0,SKT-4031,1.0,1.0,GPIX
20/07/2025,16:19:14,47.71425,-52.94398,2485.0,0.0,SKT-4031,1.0,1.0,GPIX
20/07/2025,16:19:22,47.72101,-52.9513,2577.0,0.0,SKT-4031,1.0,1.0,GPIX
20/07/2025,16:19:30,47.72779,-52.95871,2671.0,0.0,SKT-4031,1.0,1.0,GPIX
20/07/2025,16:19:38,47.73458,-52.96616,2769.0,0.0,SKT-4031,1.0,1.0,GPIX
20/07/2025,16:19:46,47.74137,-52.9737,2859.0,0.0,SKT-4031,1.0,1.0,GPIX
20/07/2025,16:19:57,,,,,SKT-4031,1.0,0.0,GPIX
20/07/2025,16:20:04,47.75674,-52.9908,3073.0,0.0,SKT-4031,1.0,0.0,GPIX
20/07/2025,16:20:12,47.7636,-52.99837,3168.0,0.0,SKT-4031,1.0,0.0,GPIX
20/07/2025,16:20:23,,,,,SKT-4031,1.0,0.0,GPIX
20/07/2025,16:20:34,,,,,SKT-4031,1.0,0.0,GPIX
20/07/2025,16:20:40,47.7888,-53.02615,3347.0,0.0,SKT-4031,1.0,1.0,GPIX
20/07/2025,16:20:48,47.79631,-53.03437,3419.0,0.0,SKT-4031,1.0,1.0,GPIX
20/07/2025,16:20:55,47.80293,-53.04165,3485.0,0.0,SKT-4031,1.0,1.0,GPIX
20/07/2025,16:21:03,47.81054,-53.05007,3560.0,0.0,SKT-4031,1.0,1.0,GPIX
20/07/2025,16:21:10,47.81724,-53.05751,3623.0,0.0,SKT-4031,1.0,1.0,GPIX
20/07/2025,16:21:18,47.82496,-53.06606,3692.0,0.0,SKT-4031,1.0,1.0,GPIX
20/07/2025,16:21:25,47.83176,-53.07366,3732.0,0.0,SKT-4031,1.0,1.0,GPIX
20/07/2025,16:21:33,47.83969,-53.08264,3744.0,0.0,SKT-4031,1.0,1.0,GPIX
20/07/2025,16:21:41,47.84784,-53.09187,3753.0,0.0,SKT-4031,1.0,1.0,GPIX
20/07/2025,16:21:48,47.85519,-53.10011,3758.0,0.0,SKT-4031,1.0,1.0,GPIX
20/07/2025,16:21:56,47.8638,-53.10971,3762.0,0.0,SKT-4031,1.0,1.0,GPIX
20/07/2025,16:22:05,47.87369,-53.12078,3766.0,0.0,SKT-4031,1.0,1.0,GPIX
20/07/2025,16:22:13,47.88266,-53.13085,3766.0,0.0,SKT-4031,1.0,1.0,GPIX
20/07/2025,16:22:20,47.89062,-53.13979,3768.0,0.0,SKT-4031,1.0,1.0,GPIX
20/07/2025,16:22:28,47.89986,-53.15014,3766.0,0.0,SKT-4031,1.0,1.0,GPIX
20/07/2025,16:22:35,47.90805,-53.15931,3765.0,0.0,SKT-4031,1.0,1.0,GPIX
20/07/2025,16:22:43,47.91755,-53.16988,3765.0,0.0,SKT-4031,1.0,1.0,GPIX
20/07/2025,16:22:50,47.92595,-53.17923,3764.0,0.0,SKT-4031,1.0,1.0,GPIX
20/07/2025,16:22:58,47.93566,-53.19001,3763.0,0.0,SKT-4031,1.0,1.0,GPIX
20/07/2025,16:23:06,47.94545,-53.20053,3764.0,0.0,SKT-4031,1.0,0.0,GPIX
20/07/2025,16:23:14,47.95526,-53.21067,3761.0,0.0,SKT-4031,1.0,0.0,GPIX
20/07/2025,16:23:22,47.9648,-53.22113,3757.0,0.0,SKT-4031,1.0,0.0,GPIX
20/07/2025,16:23:30,47.97401,-53.23198,3760.0,0.0,SKT-4031,1.0,0.0,GPIX
20/07/2025,16:23:38,47.98306,-53.24287,3761.0,0.0,SKT-4031,1.0,0.0,GPIX
20/07/2025,16:23:46,47.99213,-53.25359,3762.0,0.0,SKT-4031,1.0,0.0,GPIX
20/07/2025,16:23:54,48.00127,-53.26407,3761.0,0.0,SKT-4031,1.0,0.0,GPIX
20/07/2025,16:24:02,48.01045,-53.27439,3760.0,0.0,SKT-4031,1.0,0.0,GPIX
20/07/2025,16:24:10,48.01963,-53.28464,3762.0,0.0,SKT-4031,1.0,0.0,GPIX
20/07/2025,16:24:19,48.02991,-53.29612,3762.0,0.0,SKT-4031,1.0,0.0,GPIX
20/07/2025,16:24:27,48.03902,-53.30629,3760.0,0.0,SKT-4031,1.0,0.0,GPIX
20/07/2025,16:24:35,48.04809,-53.31643,3759.0,0.0,SKT-4031,1.0,0.0,GPIX
20/07/2025,16:24:43,48.05711,-53.32654,3761.0,0.0,SKT-4031,1.0,0.0,GPIX
20/07/2025,16:24:51,48.06609,-53.33664,3761.0,0.0,SKT-4031,1.0,0.0,GPIX
20/07/2025,16:24:59,48.07504,-53.34672,3759.0,0.0,SKT-4031,1.0,0.0,GPIX
20/07/2025,16:25:07,48.08394,-53.35678,3758.0,0.0,SKT-4031,1.0,0.0,GPIX
20/07/2025,16:25:15,48.09282,-53.3668,3757.0,0.0,SKT-4031,1.0,0.0,GPIX
20/07/2025,16:25:23,48.10168,-53.37679,3756.0,0.0,SKT-4031,1.0,0.0,GPIX
20/07/2025,16:25:31,48.11052,-53.38676,3757.0,0.0,SKT-4031,1.0,0.0,GPIX
20/07/2025,16:25:39,48.11934,-53.39672,3756.0,0.0,SKT-4031,1.0,0.0,GPIX
20/07/2025,16:25:47,48.12814,-53.4067,3757.0,0.0,SKT-4031,1.0,0.0,GPIX
20/07/2025,16:25:55,48.13693,-53.41668,3758.0,0.0,SKT-4031,1.0,0.0,GPIX
20/07/2025,16:26:03,48.14572,-53.42666,3757.0,0.0,SKT-4031,1.0,0.0,GPIX
20/07/2025,16:26:11,48.15452,-53.43663,3757.0,0.0,SKT-4031,1.0,0.0,GPIX
20/07/2025,16:26:20,48.16439,-53.44785,3756.0,0.0,SKT-4031,1.0,0.0,GPIX
20/07/2025,16:26:28,48.17316,-53.45785,3754.0,0.0,SKT-4031,1.0,0.0,GPIX
20/07/2025,16:26:36,48.18193,-53.46788,3753.0,0.0,SKT-4031,1.0,0.0,GPIX
20/07/2025,16:26:44,48.19071,-53.47793,3754.0,0.0,SKT-4031,1.0,0.0,GPIX
20/07/2025,16:26:52,48.19949,-53.48795,3758.0,0.0,SKT-4031,1.0,0.0,GPIX
20/07/2025,16:27:00,48.20826,-53.49796,3758.0,0.0,SKT-4031,1.0,0.0,GPIX
20/07/2025,16:27:08,48.21705,-53.508,3758.0,0.0,SKT-4031,1.0,0.0,GPIX
20/07/2025,16:27:16,48.22586,-53.51809,3757.0,0.0,SKT-4031,1.0,0.0,GPIX
20/07/2025,16:27:24,48.23469,-53.52818,3758.0,0.0,SKT-4031,1.0,0.0,GPIX
20/07/2025,16:27:32,48.24354,-53.5383,3757.0,0.0,SKT-4031,1.0,0.0,GPIX
20/07/2025,16:27:40,48.25241,-53.54845,3755.0,0.0,SKT-4031,1.0,0.0,GPIX
20/07/2025,16:27:48,48.26129,-53.55859,3753.0,0.0,SKT-4031,1.0,0.0,GPIX
20/07/2025,16:27:56,48.27018,-53.56872,3754.0,0.0,SKT-4031,1.0,0.0,GPIX
20/07/2025,16:28:04,48.27908,-53.57885,3754.0,0.0,SKT-4031,1.0,0.0,GPIX
20/07/2025,16:28:12,48.28801,-53.58903,3752.0,0.0,SKT-4031,1.0,0.0,GPIX
20/07/2025,16:28:20,48.29694,-53.59923,3752.0,0.0,SKT-4031,1.0,0.0,GPIX
20/07/2025,16:28:29,48.30698,-53.61069,3753.0,0.0,SKT-4031,1.0,0.0,GPIX
20/07/2025,16:28:37,48.31589,-53.62085,3754.0,0.0,SKT-4031,1.0,0.0,GPIX
20/07/2025,16:28:45,48.32477,-53.63102,3755.0,0.0,SKT-4031,1.0,0.0,GPIX
20/07/2025,16:28:53,48.33364,-53.64114,3752.0,0.0,SKT-4031,1.0,0.0,GPIX
20/07/2025,16:29:01,48.34254,-53.65123,3751.0,0.0,SKT-4031,1.0,0.0,GPIX
20/07/2025,16:29:09,48.35141,-53.66137,3752.0,0.0,SKT-4031,1.0,0.0,GPIX
20/07/2025,16:29:17,48.36027,-53.67149,3751.0,0.0,SKT-4031,1.0,0.0,GPIX
20/07/2025,16:29:25,48.3691,-53.68154,3751.0,0.0,SKT-4031,1.0,0.0,GPIX
20/07/2025,16:29:33,48.37789,-53.69162,3750.0,0.0,SKT-4031,1.0,0.0,GPIX
20/07/2025,16:29:41,48.38667,-53.70177,3750.0,0.0,SKT-4031,1.0,0.0,GPIX
20/07/2025,16:29:49,48.39546,-53.71192,3751.0,0.0,SKT-4031,1.0,0.0,GPIX
20/07/2025,16:29:57,48.40428,-53.72201,3750.0,0.0,SKT-4031,1.0,0.0,GPIX
20/07/2025,16:30:05,48.41309,-53.73212,3750.0,0.0,SKT-4031,1.0,0.0,GPIX
20/07/2025,16:30:14,48.42295,-53.74353,3751.0,0.0,SKT-4031,1.0,0.0,GPIX
20/07/2025,16:30:23,48.4328,-53.75497,3753.0,0.0,SKT-4031,1.0,0.0,GPIX
20/07/2025,16:30:31,48.44158,-53.76513,3751.0,0.0,SKT-4031,1.0,0.0,GPIX
20/07/2025,16:30:39,48.45039,-53.77528,3750.0,0.0,SKT-4031,1.0,0.0,GPIX
20/07/2025,16:30:47,48.4592,-53.78545,3749.0,0.0,SKT-4031,1.0,0.0,GPIX
20/07/2025,16:30:55,48.46803,-53.79563,3749.0,0.0,SKT-4031,1.0,0.0,GPIX
20/07/2025,16:31:03,48.47688,-53.80582,3749.0,0.0,SKT-4031,1.0,0.0,GPIX
20/07/2025,16:31:11,48.48574,-53.81601,3747.0,0.0,SKT-4031,1.0,0.0,GPIX
20/07/2025,16:31:19,48.49461,-53.8262,3749.0,0.0,SKT-4031,1.0,0.0,GPIX
20/07/2025,16:31:27,48.50347,-53.83642,3744.0,0.0,SKT-4031,1.0,0.0,GPIX
20/07/2025,16:31:35,48.51233,-53.84661,3746.0,0.0,SKT-4031,1.0,0.0,GPIX
20/07/2025,16:31:43,48.52115,-53.85684,3759.0,0.0,SKT-4031,1.0,0.0,GPIX
20/07/2025,16:31:51,48.52993,-53.86708,3761.0,0.0,SKT-4031,1.0,0.0,GPIX
20/07/2025,16:31:59,48.53877,-53.8768,3766.0,0.0,SKT-4031,1.0,0.0,GPIX
20/07/2025,16:32:07,48.54757,-53.88603,3766.0,0.0,SKT-4031,1.0,0.0,GPIX
20/07/2025,16:32:16,48.55728,-53.89628,3750.0,0.0,SKT-4031,1.0,0.0,GPIX
20/07/2025,16:32:24,48.56575,-53.90565,3701.0,0.0,SKT-4031,1.0,0.0,GPIX
20/07/2025,16:32:32,48.57418,-53.91539,3637.0,0.0,SKT-4031,1.0,0.0,GPIX
20/07/2025,16:32:40,48.58266,-53.92533,3575.0,0.0,SKT-4031,1.0,0.0,GPIX
20/07/2025,16:32:48,48.59124,-53.93512,3510.0,0.0,SKT-4031,1.0,0.0,GPIX
20/07/2025,16:32:56,48.59988,-53.94472,3448.0,0.0,SKT-4031,1.0,0.0,GPIX
20/07/2025,16:33:04,48.6085,-53.95412,3385.0,0.0,SKT-4031,1.0,0.0,GPIX
20/07/2025,16:33:12,48.61699,-53.96335,3321.0,0.0,SKT-4031,1.0,0.0,GPIX
20/07/2025,16:33:20,48.62528,-53.97254,3259.0,0.0,SKT-4031,1.0,0.0,GPIX
20/07/2025,16:33:28,48.63336,-53.98166,3206.0,0.0,SKT-4031,1.0,0.0,GPIX
20/07/2025,16:33:36,48.64127,-53.99065,3147.0,0.0,SKT-4031,1.0,0.0,GPIX
20/07/2025,16:33:44,48.64897,-53.99965,3088.0,0.0,SKT-4031,1.0,0.0,GPIX
20/07/2025,16:33:52,48.65639,-54.00882,3032.0,0.0,SKT-4031,1.0,0.0,GPIX
20/07/2025,16:34:00,48.66366,-54.01826,2973.0,0.0,SKT-4031,1.0,0.0,GPIX
20/07/2025,16:34:08,48.67089,-54.02793,2918.0,0.0,SKT-4031,1.0,0.0,GPIX
20/07/2025,16:34:17,48.6792,-54.03855,2851.0,0.0,SKT-4031,1.0,0.0,GPIX
20/07/2025,16:34:25,48.68681,-54.04767,2791.0,0.0,SKT-4031,1.0,0.0,GPIX
20/07/2025,16:34:33,48.69452,-54.05662,2736.0,0.0,SKT-4031,1.0,0.0,GPIX
20/07/2025,16:34:41,48.70221,-54.06557,2677.0,0.0,SKT-4031,1.0,0.0,GPIX
20/07/2025,16:34:49,48.70991,-54.07465,2611.0,0.0,SKT-4031,1.0,0.0,GPIX
20/07/2025,16:34:57,48.71754,-54.08385,2558.0,0.0,SKT-4031,1.0,0.0,GPIX
20/07/2025,16:35:05,48.72509,-54.09278,2500.0,0.0,SKT-4031,1.0,0.0,GPIX
20/07/2025,16:35:13,48.73262,-54.10133,2449.0,0.0,SKT-4031,1.0,0.0,GPIX
20/07/2025,16:35:21,48.74014,-54.10943,2406.0,0.0,SKT-4031,1.0,0.0,GPIX
20/07/2025,16:35:29,48.74746,-54.11738,2350.0,0.0,SKT-4031,1.0,0.0,GPIX
20/07/2025,16:35:37,48.7546,-54.1254,2284.0,0.0,SKT-4031,1.0,0.0,GPIX
20/07/2025,16:35:45,48.76159,-54.13343,2230.0,0.0,SKT-4031,1.0,0.0,GPIX
20/07/2025,16:35:53,48.76831,-54.14151,2182.0,0.0,SKT-4031,1.0,0.0,GPIX
20/07/2025,16:36:01,48.77491,-54.14952,2132.0,0.0,SKT-4031,1.0,0.0,GPIX
20/07/2025,16:36:09,48.78153,-54.15744,2084.0,0.0,SKT-4031,1.0,0.0,GPIX
20/07/2025,16:36:18,48.78896,-54.16633,2025.0,0.0,SKT-4031,1.0,0.0,GPIX
20/07/2025,16:36:26,48.79559,-54.1742,1979.0,0.0,SKT-4031,1.0,0.0,GPIX
20/07/2025,16:36:34,48.80212,-54.18238,1930.0,0.0,SKT-4031,1.0,0.0,GPIX
20/07/2025,16:36:42,48.80867,-54.19069,1874.0,0.0,SKT-4031,1.0,0.0,GPIX
20/07/2025,16:36:50,48.81532,-54.19897,1822.0,0.0,SKT-4031,1.0,0.0,GPIX
20/07/2025,16:36:58,48.82208,-54.20715,1772.0,0.0,SKT-4031,1.0,0.0,GPIX
20/07/2025,16:37:06,48.82895,-54.21526,1716.0,0.0,SKT-4031,1.0,0.0,GPIX
20/07/2025,16:37:14,48.83583,-54.22344,1665.0,0.0,SKT-4031,1.0,0.0,GPIX
20/07/2025,16:37:22,48.8427,-54.23145,1611.0,0.0,SKT-4031,1.0,0.0,GPIX
20/07/2025,16:37:30,48.84956,-54.23904,1559.0,0.0,SKT-4031,1.0,0.0,GPIX
20/07/2025,16:37:38,48.85633,-54.24636,1511.0,0.0,SKT-4031,1.0,0.0,GPIX
20/07/2025,16:37:46,48.8629,-54.25351,1465.0,0.0,SKT-4031,1.0,0.0,GPIX
20/07/2025,16:37:54,48.86922,-54.26062,1420.0,0.0,SKT-4031,1.0,0.0,GPIX
20/07/2025,16:38:02,48.87537,-54.26758,1375.0,0.0,SKT-4031,1.0,0.0,GPIX
20/07/2025,16:38:10,48.88138,-54.27436,1330.0,0.0,SKT-4031,1.0,0.0,GPIX
20/07/2025,16:38:19,48.88751,-54.28231,1281.0,0.0,SKT-4031,1.0,0.0,GPIX
20/07/2025,16:38:27,48.89101,-54.2909,1244.0,0.0,SKT-4031,1.0,0.0,GPIX
20/07/2025,16:38:35,48.89301,-54.30009,1206.0,0.0,SKT-4031,1.0,0.0,GPIX
20/07/2025,16:38:43,48.89466,-54.30971,1171.0,0.0,SKT-4031,1.0,0.0,GPIX
20/07/2025,16:38:51,48.89638,-54.31979,1131.0,0.0,SKT-4031,1.0,0.0,GPIX
20/07/2025,16:38:59,48.89838,-54.32989,1089.0,0.0,SKT-4031,1.0,0.0,GPIX
20/07/2025,16:39:07,48.90063,-54.33986,1049.0,0.0,SKT-4031,1.0,0.0,GPIX
20/07/2025,16:39:15,48.90291,-54.34969,1010.0,0.0,SKT-4031,1.0,0.0,GPIX
20/07/2025,16:39:23,48.90503,-54.35933,971.0,0.0,SKT-4031,1.0,0.0,GPIX
20/07/2025,16:39:31,48.90701,-54.36887,920.0,0.0,SKT-4031,1.0,0.0,GPIX
20/07/2025,16:39:39,48.90895,-54.37825,877.0,0.0,SKT-4031,1.0,0.0,GPIX
20/07/2025,16:39:47,48.91093,-54.38737,840.0,0.0,SKT-4031,1.0,0.0,GPIX
20/07/2025,16:39:55,48.91286,-54.39636,797.0,0.0,SKT-4031,1.0,0.0,GPIX
20/07/2025,16:40:03,48.91473,-54.40548,759.0,0.0,SKT-4031,1.0,0.0,GPIX
20/07/2025,16:40:11,48.9167,-54.41461,720.0,0.0,SKT-4031,1.0,0.0,GPIX
20/07/2025,16:40:19,48.91875,-54.42364,678.0,0.0,SKT-4031,1.0,0.0,GPIX
20/07/2025,16:40:28,48.92097,-54.43317,633.0,0.0,SKT-4031,1.0,0.0,GPIX
20/07/2025,16:40:36,48.92273,-54.44101,608.0,0.0,SKT-4031,1.0,0.0,GPIX
20/07/2025,16:40:44,48.92423,-54.44814,580.0,0.0,SKT-4031,1.0,0.0,GPIX
20/07/2025,16:40:52,48.92558,-54.45481,552.0,0.0,SKT-4031,1.0,0.0,GPIX
20/07/2025,16:41:00,48.92685,-54.46139,525.0,0.0,SKT-4031,1.0,0.0,GPIX
20/07/2025,16:41:08,48.92809,-54.46787,499.0,0.0,SKT-4031,1.0,0.0,GPIX
20/07/2025,16:41:16,48.92934,-54.4744,470.0,0.0,SKT-4031,1.0,0.0,GPIX
20/07/2025,16:41:24,48.93064,-54.48097,444.0,0.0,SKT-4031,1.0,0.0,GPIX
20/07/2025,16:41:31,48.93181,-54.48668,420.0,0.0,SKT-4031,1.0,0.0,GPIX
20/07/2025,16:41:39,48.93319,-54.49326,395.0,0.0,SKT-4031,1.0,0.0,GPIX
20/07/2025,16:41:47,48.93465,-54.4997,369.0,0.0,SKT-4031,1.0,1.0,GPIX
20/07/2025,16:41:54,48.93588,-54.50523,343.0,0.0,SKT-4031,1.0,1.0,GPIX
20/07/2025,16:42:02,48.93726,-54.51146,316.0,0.0,SKT-4031,1.0,1.0,GPIX
20/07/2025,16:42:09,48.93845,-54.51692,295.0,0.0,SKT-4031,1.0,1.0,GPIX
20/07/2025,16:42:16,48.93962,-54.52239,274.0,0.0,SKT-4031,1.0,1.0,GPIX
20/07/2025,16:42:24,48.94096,-54.52862,248.0,0.0,SKT-4031,1.0,1.0,GPIX
20/07/2025,16:42:31,48.94216,-54.5341,225.0,0.0,SKT-4031,1.0,1.0,GPIX
20/07/2025,16:42:39,48.94357,-54.54057,203.0,0.0,SKT-4031,1.0,1.0,GPIX
20/07/2025,16:42:46,48.94482,-54.54634,181.0,0.0,SKT-4031,1.0,1.0,GPIX
20/07/2025,16:42:54,48.94624,-54.55303,155.0,0.0,SKT-4031,1.0,1.0,GPIX
20/07/2025,16:43:01,48.94748,-54.55878,153.0,0.0,SKT-4031,1.0,1.0,GPIX
20/07/2025,16:43:09,48.94866,-54.56432,156.0,1.0,SKT-4031,1.0,1.0,GPIX
20/07/2025,16:43:17,48.94934,-54.56745,159.0,1.0,SKT-4031,1.0,1.0,GPIX
20/07/2025,16:43:24,48.94955,-54.5685,160.0,1.0,SKT-4031,1.0,1.0,GPIX
20/07/2025,16:43:31,48.94944,-54.56885,160.0,1.0,SKT-4031,1.0,1.0,GPIX
20/07/2025,16:43:39,48.9491,-54.56907,160.0,1.0,SKT-4031,1.0,1.0,GPIX
20/07/2025,16:43:46,48.94868,-54.56927,161.0,1.0,SKT-4031,1.0,1.0,GPIX
20/07/2025,16:43:54,48.94818,-54.56952,162.0,1.0,SKT-4031,1.0,1.0,GPIX
20/07/2025,16:44:02,48.94777,-54.56972,163.0,1.0,SKT-4031,1.0,1.0,GPIX
20/07/2025,16:44:09,48.94748,-54.56986,163.0,1.0,SKT-4031,1.0,1.0,GPIX
20/07/2025,16:44:17,48.94723,-54.57019,164.0,1.0,SKT-4031,1.0,1.0,GPIX
20/07/2025,16:44:24,48.94716,-54.57064,164.0,1.0,SKT-4031,1.0,1.0,GPIX
20/07/2025,16:44:31,48.94711,-54.57114,164.0,1.0,SKT-4031,1.0,1.0,GPIX
20/07/2025,16:44:39,48.94703,-54.57172,165.0,1.0,SKT-4031,1.0,1.0,GPIX
20/07/2025,16:44:46,48.94696,-54.5722,165.0,1.0,SKT-4031,1.0,1.0,GPIX
20/07/2025,16:44:54,48.94689,-54.57273,165.0,1.0,SKT-4031,1.0,1.0,GPIX
20/07/2025,16:45:01,48.94693,-54.57316,165.0,1.0,SKT-4031,1.0,1.0,GPIX
20/07/2025,16:45:08,48.94699,-54.57347,165.0,1.0,SKT-4031,1.0,1.0,GPIX
20/07/2025,16:45:16,48.94704,-54.57369,165.0,1.0,SKT-4031,1.0,1.0,GPIX
20/07/2025,16:45:23,48.94707,-54.57379,165.0,1.0,SKT-4031,1.0,1.0,GPIX
20/07/2025,16:45:31,48.94707,-54.57379,165.0,1.0,SKT-4031,1.0,1.0,GPIX
20/07/2025,16:45:38,48.94707,-54.57379,165.0,1.0,SKT-4031,1.0,1.0,GPIX
20/07/2025,16:45:46,48.94707,-54.57379,165.0,1.0,SKT-4031,1.0,1.0,GPIX
20/07/2025,16:45:53,48.94707,-54.57379,165.0,1.0,SKT-4031,1.0,1.0,GPIX
20/07/2025,16:46:01,48.94707,-54.57379,165.0,1.0,SKT-4031,1.0,1.0,GPIX
20/07/2025,16:46:08,48.94707,-54.57379,165.0,1.0,SKT-4031,1.0,1.0,GPIX
20/07/2025,16:46:16,48.94707,-54.57379,165.0,1.0,SKT-4031,1.0,1.0,GPIX
20/07/2025,16:46:23,48.94707,-54.57379,165.0,1.0,SKT-4031,1.0,1.0,GPIX
20/07/2025,16:46:30,48.94707,-54.57379,165.0,1.0,SKT-4031,1.0,1.0,GPIX
20/07/2025,16:46:38,48.94707,-54.57379,165.0,1.0,SKT-4031,1.0,1.0,GPIX
20/07/2025,16:46:45,48.94707,-54.57379,165.0,1.0,SKT-4031,1.0,1.0,GPIX
20/07/2025,16:46:53,48.94707,-54.57379,166.0,1.0,SKT-4031,1.0,1.0,GPIX
20/07/2025,16:47:00,48.94707,-54.57379,165.0,1.0,SKT-4031,1.0,1.0,GPIX
20/07/2025,16:47:07,48.94707,-54.57379,165.0,1.0,SKT-4031,1.0,1.0,GPIX
20/07/2025,16:47:15,48.94707,-54.57379,165.0,1.0,SKT-4031,1.0,1.0,GPIX
20/07/2025,16:47:22,48.94707,-54.57379,165.0,1.0,SKT-4031,1.0,1.0,GPIX
20/07/2025,16:47:30,48.94707,-54.57379,165.0,1.0,SKT-4031,1.0,1.0,GPIX
20/07/2025,16:47:37,48.94707,-54.57379,165.0,1.0,SKT-4031,1.0,1.0,GPIX
20/07/2025,16:47:45,48.94707,-54.57379,165.0,1.0,SKT-4031,1.0,1.0,GPIX
20/07/2025,16:47:52,48.94707,-54.57379,165.0,1.0,SKT-4031,1.0,1.0,GPIX
20/07/2025,16:47:59,48.94707,-54.57379,165.0,1.0,SKT-4031,1.0,1.0,GPIX
20/07/2025,16:48:07,48.94707,-54.57379,165.0,1.0,SKT-4031,1.0,1.0,GPIX
20/07/2025,16:48:14,48.94707,-54.57379,166.0,1.0,SKT-4031,1.0,1.0,GPIX
20/07/2025,16:48:22,48.94707,-54.57379,166.0,1.0,SKT-4031,1.0,1.0,GPIX
20/07/2025,16:48:29,48.94706,-54.57378,166.0,1.0,SKT-4031,1.0,1.0,GPIX
20/07/2025,16:48:37,48.94706,-54.57378,166.0,1.0,SKT-4031,1.0,1.0,GPIX
20/07/2025,16:48:44,48.94706,-54.57378,166.0,1.0,SKT-4031,1.0,1.0,GPIX
20/07/2025,16:48:52,48.94706,-54.57378,166.0,1.0,SKT-4031,1.0,1.0,GPIX
20/07/2025,16:48:59,48.94706,-54.57378,166.0,1.0,SKT-4031,1.0,1.0,GPIX
20/07/2025,16:49:06,48.94706,-54.57378,166.0,1.0,SKT-4031,1.0,1.0,GPIX
20/07/2025,16:49:14,48.94706,-54.57378,166.0,1.0,SKT-4031,1.0,1.0,GPIX
20/07/2025,16:49:21,48.94706,-54.57378,166.0,1.0,SKT-4031,1.0,1.0,GPIX
20/07/2025,16:49:28,48.94706,-54.57378,166.0,1.0,SKT-4031,1.0,1.0,GPIX
20/07/2025,16:49:36,48.94706,-54.57378,166.0,1.0,SKT-4031,1.0,1.0,GPIX
20/07/2025,16:49:43,48.94706,-54.57378,167.0,1.0,SKT-4031,1.0,1.0,GPIX
20/07/2025,16:49:50,48.94706,-54.57378,166.0,1.0,SKT-4031,1.0,1.0,GPIX
20/07/2025,16:49:58,48.94706,-54.57378,166.0,1.0,SKT-4031,1.0,1.0,GPIX
20/07/2025,16:50:05,48.94707,-54.57378,165.0,1.0,SKT-4031,1.0,1.0,GPIX
20/07/2025,16:50:13,48.94707,-54.57378,165.0,1.0,SKT-4031,1.0,1.0,GPIX
20/07/2025,16:50:20,48.94707,-54.57379,165.0,1.0,SKT-4031,1.0,1.0,GPIX
20/07/2025,16:50:27,48.94707,-54.57379,165.0,1.0,SKT-4031,1.0,1.0,GPIX
20/07/2025,16:50:35,48.94707,-54.57379,165.0,1.0,SKT-4031,1.0,1.0,GPIX
20/07/2025,16:50:42,48.94707,-54.5738,164.0,1.0,SKT-4031,1.0,1.0,GPIX
20/07/2025,16:50:49,48.94707,-54.5738,164.0,1.0,SKT-4031,1.0,1.0,GPIX
20/07/2025,16:50:57,48.94707,-54.5738,165.0,1.0,SKT-4031,1.0,1.0,GPIX
20/07/2025,16:51:04,48.94706,-54.57379,165.0,1.0,SKT-4031,1.0,1.0,GPIX
20/07/2025,16:51:12,48.94706,-54.57379,165.0,1.0,SKT-4031,1.0,1.0,GPIX
20/07/2025,16:51:19,48.94707,-54.57379,165.0,1.0,SKT-4031,1.0,1.0,GPIX
20/07/2025,16:51:26,48.94707,-54.57379,165.0,1.0,SKT-4031,1.0,1.0,GPIX
20/07/2025,16:51:34,48.94707,-54.57379,165.0,1.0,SKT-4031,1.0,1.0,GPIX
20/07/2025,16:51:41,48.94707,-54.57379,165.0,1.0,SKT-4031,1.0,1.0,GPIX
20/07/2025,16:51:48,48.94707,-54.57379,165.0,1.0,SKT-4031,1.0,1.0,GPIX
20/07/2025,16:51:56,48.94706,-54.57379,165.0,1.0,SKT-4031,1.0,1.0,GPIX
20/07/2025,16:52:03,48.94707,-54.57379,165.0,1.0,SKT-4031,1.0,1.0,GPIX
20/07/2025,16:52:10,48.94707,-54.57379,165.0,1.0,SKT-4031,1.0,1.0,GPIX
20/07/2025,16:52:18,48.94707,-54.57379,165.0,1.0,SKT-4031,1.0,1.0,GPIX
20/07/2025,16:52:25,48.94707,-54.57379,165.0,1.0,SKT-4031,1.0,1.0,GPIX
20/07/2025,16:52:33,48.94706,-54.57378,165.0,1.0,SKT-4031,1.0,1.0,GPIX
20/07/2025,16:52:40,48.94706,-54.57378,165.0,1.0,SKT-4031,1.0,1.0,GPIX
20/07/2025,16:52:48,48.94706,-54.57378,165.0,1.0,SKT-4031,1.0,1.0,GPIX
20/07/2025,16:52:55,48.94706,-54.57378,165.0,1.0,SKT-4031,1.0,1.0,GPIX
20/07/2025,16:53:03,48.94706,-54.57378,165.0,1.0,SKT-4031,1.0,1.0,GPIX
20/07/2025,16:53:10,48.94706,-54.57378,165.0,1.0,SKT-4031,1.0,1.0,GPIX
20/07/2025,16:53:17,48.94706,-54.57378,165.0,1.0,SKT-4031,1.0,1.0,GPIX
20/07/2025,16:53:25,48.94706,-54.57378,166.0,1.0,SKT-4031,1.0,1.0,GPIX
20/07/2025,16:53:32,48.94706,-54.57378,166.0,1.0,SKT-4031,1.0,1.0,GPIX
20/07/2025,16:53:39,48.94706,-54.57378,166.0,1.0,SKT-4031,1.0,1.0,GPIX
20/07/2025,16:53:47,48.94706,-54.57378,166.0,1.0,SKT-4031,1.0,1.0,GPIX
20/07/2025,16:53:54,48.94706,-54.57378,167.0,1.0,SKT-4031,1.0,1.0,GPIX
20/07/2025,16:54:02,48.94706,-54.57378,167.0,1.0,SKT-4031,1.0,1.0,GPIX
20/07/2025,16:54:09,48.94706,-54.57378,167.0,1.0,SKT-4031,1.0,1.0,GPIX
20/07/2025,16:54:17,48.94706,-54.57378,167.0,1.0,SKT-4031,1.0,1.0,GPIX
20/07/2025,16:54:25,48.94706,-54.57378,167.0,1.0,SKT-4031,1.0,1.0,GPIX
20/07/2025,16:54:32,48.94706,-54.57378,167.0,1.0,SKT-4031,1.0,1.0,GPIX
20/07/2025,16:54:40,48.94706,-54.57378,166.0,1.0,SKT-4031,1.0,1.0,GPIX
20/07/2025,16:54:48,48.94706,-54.57378,166.0,1.0,SKT-4031,1.0,1.0,GPIX
20/07/2025,16:54:55,48.94706,-54.57378,166.0,1.0,SKT-4031,1.0,1.0,GPIX
20/07/2025,16:55:02,48.94706,-54.57379,165.0,1.0,SKT-4031,1.0,1.0,GPIX
20/07/2025,16:55:10,48.94706,-54.57379,165.0,1.0,SKT-4031,1.0,1.0,GPIX
20/07/2025,16:55:17,48.94706,-54.57379,165.0,1.0,SKT-4031,1.0,1.0,GPIX
20/07/2025,16:55:25,48.94706,-54.57379,165.0,1.0,SKT-4031,1.0,1.0,GPIX
20/07/2025,16:55:33,48.94706,-54.57379,165.0,1.0,SKT-4031,1.0,1.0,GPIX
20/07/2025,16:55:40,48.94706,-54.57379,165.0,1.0,SKT-4031,1.0,1.0,GPIX
20/07/2025,16:55:47,48.94706,-54.57379,166.0,1.0,SKT-4031,1.0,1.0,GPIX
20/07/2025,16:55:55,48.94706,-54.57379,166.0,1.0,SKT-4031,1.0,1.0,GPIX
20/07/2025,16:56:02,48.94706,-54.5738,166.0,1.0,SKT-4031,1.0,1.0,GPIX
20/07/2025,16:56:09,48.94706,-54.5738,166.0,1.0,SKT-4031,1.0,1.0,GPIX
20/07/2025,16:56:17,48.94706,-54.5738,166.0,1.0,SKT-4031,1.0,1.0,GPIX
20/07/2025,16:56:24,48.94706,-54.5738,165.0,1.0,SKT-4031,1.0,1.0,GPIX
20/07/2025,16:56:31,48.94706,-54.5738,165.0,1.0,SKT-4031,1.0,1.0,GPIX
20/07/2025,16:56:39,48.94706,-54.5738,165.0,1.0,SKT-4031,1.0,1.0,GPIX
20/07/2025,16:56:46,48.94707,-54.5738,165.0,1.0,SKT-4031,1.0,1.0,GPIX
20/07/2025,16:56:54,48.94707,-54.5738,164.0,1.0,SKT-4031,1.0,1.0,GPIX
20/07/2025,16:57:01,48.94707,-54.5738,164.0,1.0,SKT-4031,1.0,1.0,GPIX
20/07/2025,16:57:08,48.94707,-54.5738,164.0,1.0,SKT-4031,1.0,1.0,GPIX
20/07/2025,16:57:16,48.94707,-54.5738,164.0,1.0,SKT-4031,1.0,1.0,GPIX
20/07/2025,16:57:23,48.94707,-54.5738,164.0,1.0,SKT-4031,1.0,1.0,GPIX
20/07/2025,16:57:30,48.94707,-54.5738,164.0,1.0,SKT-4031,1.0,1.0,GPIX
20/07/2025,16:57:38,48.94707,-54.5738,164.0,1.0,SKT-4031,1.0,1.0,GPIX
20/07/2025,16:57:45,48.94707,-54.57379,164.0,1.0,SKT-4031,1.0,1.0,GPIX
20/07/2025,16:57:53,48.94707,-54.57379,164.0,1.0,SKT-4031,1.0,1.0,GPIX
20/07/2025,16:58:00,48.94706,-54.57379,164.0,1.0,SKT-4031,1.0,1.0,GPIX
20/07/2025,16:58:07,48.94706,-54.5738,164.0,1.0,SKT-4031,1.0,1.0,GPIX
20/07/2025,16:58:15,48.94706,-54.57379,164.0,1.0,SKT-4031,1.0,1.0,GPIX
20/07/2025,16:58:22,48.94706,-54.57379,164.0,1.0,SKT-4031,1.0,1.0,GPIX
20/07/2025,16:58:30,48.94706,-54.57379,164.0,1.0,SKT-4031,1.0,1.0,GPIX
20/07/2025,16:58:38,48.94706,-54.57379,165.0,1.0,SKT-4031,1.0,1.0,GPIX
20/07/2025,16:58:46,48.94706,-54.57379,165.0,1.0,SKT-4031,1.0,1.0,GPIX
20/07/2025,16:58:53,48.94706,-54.57379,165.0,1.0,SKT-4031,1.0,1.0,GPIX
20/07/2025,16:59:01,48.94706,-54.57379,165.0,1.0,SKT-4031,1.0,1.0,GPIX
20/07/2025,16:59:08,48.94706,-54.57379,165.0,1.0,SKT-4031,1.0,1.0,GPIX
20/07/2025,16:59:15,48.94706,-54.57379,166.0,1.0,SKT-4031,1.0,1.0,GPIX
20/07/2025,16:59:23,48.94706,-54.57379,166.0,1.0,SKT-4031,1.0,1.0,GPIX
20/07/2025,16:59:30,48.94706,-54.57379,166.0,1.0,SKT-4031,1.0,1.0,GPIX
20/07/2025,16:59:38,48.94706,-54.57379,165.0,1.0,SKT-4031,1.0,1.0,GPIX
20/07/2025,16:59:45,48.94706,-54.57379,165.0,1.0,SKT-4031,1.0,1.0,GPIX
20/07/2025,16:59:52,48.94706,-54.57379,165.0,1.0,SKT-4031,1.0,1.0,GPIX
20/07/2025,17:00:00,48.94706,-54.5738,165.0,1.0,SKT-4031,1.0,1.0,GPIX
20/07/2025,17:00:07,48.94706,-54.5738,164.0,1.0,SKT-4031,1.0,1.0,GPIX
