Date,Time,Lat,Long,Alt,DIN2,SSID,WIFI,INT,Registration
29/07/2025,00:00:00,44.87493,-63.51819,121.0,0.1,SKT-4214,1,1,GPNV
29/07/2025,00:00:07,44.87455,-63.51912,121.0,0.0,SKT-4214,1,1,GPNV
29/07/2025,00:00:15,44.87445,-63.5201,121.0,0.0,SKT-4214,1,1,GPNV
29/07/2025,00:00:22,44.8746,-63.52072,122.0,0.0,SKT-4214,1,1,GPNV
29/07/2025,00:00:29,44.87483,-63.52109,122.0,0.0,SKT-4214,1,1,GPNV
29/07/2025,00:00:36,44.87514,-63.52113,123.0,0.0,SKT-4214,1,1,GPNV
29/07/2025,00:00:44,44.87558,-63.52077,123.0,0.0,SKT-4214,1,1,GPNV
29/07/2025,00:00:51,44.87601,-63.52034,123.0,-0.0,SKT-4214,1,1,GPNV
29/07/2025,00:00:59,44.87653,-63.51982,123.0,0.0,SKT-4214,1,1,GPNV
29/07/2025,00:01:06,44.87704,-63.51931,123.0,-0.0,SKT-4214,1,1,GPNV
29/07/2025,00:01:13,44.87757,-63.5188,122.0,-0.0,SKT-4214,1,1,GPNV
29/07/2025,00:01:20,44.87806,-63.51832,122.0,-0.0,SKT-4214,1,1,GPNV
29/07/2025,00:01:28,44.8786,-63.51778,121.0,0.0,SKT-4214,1,1,GPNV
29/07/2025,00:01:35,44.87907,-63.51731,120.0,-0.0,SKT-4214,1,1,GPNV
29/07/2025,00:01:42,44.87955,-63.51683,119.0,0.0,SKT-4214,1,1,GPNV
29/07/2025,00:01:49,44.88005,-63.51635,118.0,0.0,SKT-4214,1,1,GPNV
29/07/2025,00:01:56,44.88055,-63.51585,117.0,-0.0,SKT-4214,1,1,GPNV
29/07/2025,00:02:04,44.88113,-63.51528,117.0,-0.0,SKT-4214,1,1,GPNV
29/07/2025,00:02:11,44.88164,-63.51478,116.0,-0.0,SKT-4214,1,1,GPNV
29/07/2025,00:02:18,44.88211,-63.51431,115.0,0.0,SKT-4214,1,1,GPNV
29/07/2025,00:02:25,44.88255,-63.51388,116.0,0.1,SKT-4214,1,1,GPNV
29/07/2025,00:02:33,44.88301,-63.5136,116.0,-0.1,SKT-4214,1,1,GPNV
29/07/2025,00:02:40,44.88337,-63.51356,116.0,0.0,SKT-4214,1,1,GPNV
29/07/2025,00:02:47,44.88367,-63.5135,115.0,0.0,SKT-4214,1,1,GPNV
29/07/2025,00:02:54,44.88388,-63.51344,116.0,0.0,SKT-4214,1,1,GPNV
29/07/2025,00:03:02,44.88404,-63.5134,116.0,-0.0,SKT-4214,1,0,GPNV
29/07/2025,00:03:10,44.88414,-63.51337,116.0,-0.0,SKT-4214,1,0,GPNV
29/07/2025,00:03:18,44.88419,-63.51335,115.0,-0.0,SKT-4214,1,0,GPNV
29/07/2025,00:03:27,44.88419,-63.51336,115.0,-0.0,SKT-4214,1,0,GPNV
29/07/2025,00:03:35,44.88419,-63.51336,116.0,-0.0,SKT-4214,1,0,GPNV
29/07/2025,00:03:42,44.88418,-63.51336,117.0,-0.0,SKT-4214,1,1,GPNV
29/07/2025,00:03:49,44.88418,-63.51336,117.0,-0.0,SKT-4214,1,1,GPNV
29/07/2025,00:03:56,44.88419,-63.51336,118.0,-0.0,SKT-4214,1,1,GPNV
29/07/2025,00:04:04,44.88419,-63.51336,117.0,,SKT-4214,1,1,GPNV
29/07/2025,00:04:11,44.8842,-63.51336,117.0,,SKT-4214,1,1,GPNV
29/07/2025,00:04:18,44.8842,-63.51335,117.0,,SKT-4214,1,1,GPNV
29/07/2025,00:04:25,44.8842,-63.51335,117.0,,SKT-4214,1,1,GPNV
29/07/2025,00:04:32,44.88419,-63.51335,118.0,,SKT-4214,1,1,GPNV
29/07/2025,00:04:39,44.88419,-63.51335,118.0,,SKT-4214,1,1,GPNV
29/07/2025,00:04:47,44.88419,-63.51335,118.0,,SKT-4214,1,1,GPNV
29/07/2025,00:04:54,44.88419,-63.51335,120.0,,SKT-4214,1,1,GPNV
29/07/2025,00:05:01,44.88418,-63.51335,120.0,,SKT-4214,1,1,GPNV
29/07/2025,00:05:08,44.88418,-63.51334,121.0,,SKT-4214,1,1,GPNV
29/07/2025,00:05:15,44.88418,-63.51334,120.0,,SKT-4214,1,1,GPNV
29/07/2025,00:05:23,44.88419,-63.51334,120.0,,SKT-4214,1,1,GPNV
29/07/2025,00:05:30,44.88419,-63.51334,119.0,,SKT-4214,1,1,GPNV
29/07/2025,00:05:37,44.88419,-63.51335,118.0,,SKT-4214,1,1,GPNV
29/07/2025,00:05:44,44.88419,-63.51335,118.0,,SKT-4214,1,1,GPNV
29/07/2025,00:05:51,44.88418,-63.51335,118.0,,SKT-4214,1,1,GPNV
29/07/2025,00:05:58,44.88417,-63.51336,118.0,,SKT-4214,1,1,GPNV
29/07/2025,00:06:05,44.88417,-63.51336,119.0,,SKT-4214,1,1,GPNV
29/07/2025,00:06:13,44.88418,-63.51336,120.0,,SKT-4214,1,1,GPNV
29/07/2025,00:06:20,44.88418,-63.51336,121.0,,SKT-4214,1,1,GPNV
29/07/2025,00:06:27,44.88419,-63.51336,121.0,,SKT-4214,1,1,GPNV
29/07/2025,00:06:34,44.88419,-63.51335,120.0,,SKT-4214,1,1,GPNV
29/07/2025,00:06:41,44.88419,-63.51335,119.0,,SKT-4214,1,1,GPNV
29/07/2025,00:06:48,44.88419,-63.51335,118.0,,SKT-4214,1,1,GPNV
29/07/2025,00:06:55,44.88419,-63.51335,117.0,,SKT-4214,1,1,GPNV
29/07/2025,00:07:03,44.88419,-63.51335,117.0,,SKT-4214,1,1,GPNV
29/07/2025,00:07:10,44.88419,-63.51336,117.0,,SKT-4214,1,1,GPNV
29/07/2025,00:07:17,44.8842,-63.51336,116.0,,SKT-4214,1,1,GPNV
29/07/2025,00:07:24,44.88419,-63.51336,116.0,,SKT-4214,1,1,GPNV
29/07/2025,00:07:32,44.88419,-63.51336,117.0,,SKT-4214,1,1,GPNV
29/07/2025,00:07:39,44.88418,-63.51337,117.0,,SKT-4214,1,1,GPNV
29/07/2025,00:07:46,44.88419,-63.51337,117.0,,SKT-4214,1,1,GPNV
29/07/2025,00:07:53,44.88419,-63.51337,117.0,,SKT-4214,1,1,GPNV
29/07/2025,00:08:00,44.88419,-63.51336,117.0,,SKT-4214,1,1,GPNV
29/07/2025,00:08:07,44.88419,-63.51336,117.0,,SKT-4214,1,1,GPNV
29/07/2025,00:08:14,44.88419,-63.51336,117.0,,SKT-4214,1,1,GPNV
29/07/2025,00:08:22,44.8842,-63.51336,117.0,,SKT-4214,1,1,GPNV
29/07/2025,00:08:29,44.8842,-63.51337,117.0,,SKT-4214,1,1,GPNV
29/07/2025,00:08:37,44.8842,-63.51337,117.0,,SKT-4214,1,1,GPNV
29/07/2025,00:08:44,44.8842,-63.51337,118.0,,SKT-4214,1,1,GPNV
29/07/2025,00:08:51,44.88419,-63.51336,118.0,,SKT-4214,1,1,GPNV
29/07/2025,00:08:58,44.88419,-63.51337,118.0,,SKT-4214,1,1,GPNV
29/07/2025,00:09:06,44.88419,-63.51336,116.0,,SKT-4214,1,1,GPNV
29/07/2025,00:09:14,44.88419,-63.51336,115.0,,SKT-4214,1,1,GPNV
29/07/2025,00:09:21,44.88419,-63.51336,115.0,,SKT-4214,1,1,GPNV
29/07/2025,00:09:28,44.88419,-63.51336,116.0,,SKT-4214,1,1,GPNV
29/07/2025,00:09:35,44.8842,-63.51336,117.0,,SKT-4214,1,1,GPNV
29/07/2025,00:09:42,44.8842,-63.51337,117.0,,SKT-4214,1,1,GPNV
29/07/2025,00:09:50,44.8842,-63.51336,118.0,,SKT-4214,1,1,GPNV
29/07/2025,00:09:57,44.8842,-63.51336,118.0,,SKT-4214,1,1,GPNV
29/07/2025,00:10:04,44.8842,-63.51335,118.0,,SKT-4214,1,1,GPNV
29/07/2025,00:10:11,44.8842,-63.51335,118.0,,SKT-4214,1,1,GPNV
29/07/2025,00:10:18,44.88419,-63.51335,118.0,,SKT-4214,1,1,GPNV
29/07/2025,00:10:25,44.88419,-63.51336,118.0,,SKT-4214,1,1,GPNV
29/07/2025,00:10:32,44.88419,-63.51336,118.0,,SKT-4214,1,1,GPNV
29/07/2025,00:10:39,44.88419,-63.51337,117.0,,SKT-4214,1,1,GPNV
29/07/2025,00:10:47,44.88419,-63.51337,117.0,,SKT-4214,1,1,GPNV
29/07/2025,00:10:54,44.88419,-63.51337,117.0,,SKT-4214,1,1,GPNV
29/07/2025,00:11:01,44.88419,-63.51337,118.0,,SKT-4214,1,1,GPNV
29/07/2025,00:11:08,44.88419,-63.51337,119.0,,SKT-4214,1,1,GPNV
29/07/2025,00:11:15,44.88419,-63.51337,119.0,,SKT-4214,1,1,GPNV
29/07/2025,00:11:22,44.88419,-63.51337,119.0,,SKT-4214,1,1,GPNV
29/07/2025,00:11:29,44.88419,-63.51338,119.0,,SKT-4214,1,1,GPNV
29/07/2025,00:11:37,44.88419,-63.51338,118.0,,SKT-4214,1,1,GPNV
29/07/2025,00:11:44,44.88419,-63.51337,116.0,,SKT-4214,1,1,GPNV
29/07/2025,00:11:51,44.88419,-63.51337,116.0,,SKT-4214,1,1,GPNV
29/07/2025,00:11:58,44.88419,-63.51337,116.0,,SKT-4214,1,1,GPNV
29/07/2025,00:12:05,44.88419,-63.51338,116.0,,SKT-4214,1,1,GPNV
29/07/2025,00:12:13,44.88419,-63.51338,116.0,,SKT-4214,1,1,GPNV
29/07/2025,00:12:20,44.88418,-63.51338,117.0,,SKT-4214,1,1,GPNV
29/07/2025,00:12:27,44.88418,-63.51338,117.0,,SKT-4214,1,1,GPNV
29/07/2025,00:12:34,44.88418,-63.51338,118.0,,SKT-4214,1,1,GPNV
29/07/2025,00:12:41,44.88418,-63.51338,118.0,,SKT-4214,1,1,GPNV
29/07/2025,00:12:48,44.88418,-63.51338,118.0,,SKT-4214,1,1,GPNV
29/07/2025,00:12:55,44.88418,-63.51338,118.0,,SKT-4214,1,1,GPNV
29/07/2025,00:13:03,44.88418,-63.51338,119.0,,SKT-4214,1,1,GPNV
29/07/2025,00:13:10,44.88418,-63.51338,119.0,,SKT-4214,1,1,GPNV
29/07/2025,00:13:17,44.88417,-63.51338,118.0,,SKT-4214,1,1,GPNV
29/07/2025,00:13:24,44.88417,-63.51339,117.0,,SKT-4214,1,1,GPNV
29/07/2025,00:13:31,44.88417,-63.51339,117.0,,SKT-4214,1,1,GPNV
29/07/2025,00:13:39,44.88417,-63.51339,118.0,,SKT-4214,1,1,GPNV
29/07/2025,00:13:46,44.88418,-63.51339,118.0,,SKT-4214,1,1,GPNV
29/07/2025,00:13:53,44.88418,-63.51338,118.0,,SKT-4214,1,1,GPNV
29/07/2025,00:14:00,44.88418,-63.51338,119.0,,SKT-4214,1,1,GPNV
29/07/2025,00:14:07,44.88418,-63.51338,119.0,,SKT-4214,1,1,GPNV
29/07/2025,00:14:15,44.88418,-63.51337,119.0,,SKT-4214,1,1,GPNV
29/07/2025,00:14:22,44.88418,-63.51337,120.0,,SKT-4214,1,1,GPNV
29/07/2025,00:14:29,44.88418,-63.51337,119.0,,SKT-4214,1,1,GPNV
29/07/2025,00:14:36,44.88419,-63.51337,119.0,,SKT-4214,1,1,GPNV
29/07/2025,00:14:43,44.88419,-63.51338,118.0,,SKT-4214,1,1,GPNV
29/07/2025,00:14:51,44.88419,-63.51338,118.0,,SKT-4214,1,1,GPNV
29/07/2025,00:14:58,44.88419,-63.51338,117.0,,SKT-4214,1,1,GPNV
29/07/2025,00:15:05,44.88419,-63.51338,116.0,,SKT-4214,1,1,GPNV
29/07/2025,00:15:12,44.88419,-63.51339,116.0,,SKT-4214,1,1,GPNV
29/07/2025,00:15:20,44.88419,-63.51338,117.0,,SKT-4214,1,1,GPNV
29/07/2025,00:15:27,44.88419,-63.51338,118.0,,SKT-4214,1,1,GPNV
29/07/2025,00:15:34,44.88419,-63.51337,119.0,,SKT-4214,1,1,GPNV
29/07/2025,00:15:41,44.88419,-63.51337,118.0,,SKT-4214,1,1,GPNV
29/07/2025,00:15:48,44.88419,-63.51337,119.0,,SKT-4214,1,1,GPNV
29/07/2025,00:15:56,44.88419,-63.51337,119.0,,SKT-4214,1,1,GPNV
29/07/2025,00:16:03,44.88419,-63.51337,120.0,,SKT-4214,1,1,GPNV
29/07/2025,00:16:10,44.88419,-63.51337,120.0,,SKT-4214,1,1,GPNV
29/07/2025,00:16:17,44.88419,-63.51337,119.0,,SKT-4214,1,1,GPNV
29/07/2025,00:16:24,44.88419,-63.51337,120.0,,SKT-4214,1,1,GPNV
29/07/2025,00:16:32,44.88419,-63.51336,119.0,,SKT-4214,1,1,GPNV
29/07/2025,00:16:39,44.88419,-63.51336,118.0,,SKT-4214,1,1,GPNV
29/07/2025,00:16:46,44.8842,-63.51336,118.0,,SKT-4214,1,1,GPNV
29/07/2025,00:16:54,44.88419,-63.51337,118.0,,SKT-4214,1,1,GPNV
29/07/2025,00:17:02,44.88419,-63.51337,118.0,,SKT-4214,1,1,GPNV
29/07/2025,00:17:09,44.88419,-63.51337,118.0,,SKT-4214,1,1,GPNV
29/07/2025,00:17:16,44.88418,-63.51337,118.0,,SKT-4214,1,1,GPNV
29/07/2025,00:17:23,44.88419,-63.51337,119.0,,SKT-4214,1,1,GPNV
29/07/2025,00:17:30,44.88419,-63.51337,119.0,,SKT-4214,1,1,GPNV
29/07/2025,00:17:38,44.88419,-63.51337,119.0,,SKT-4214,1,1,GPNV
29/07/2025,00:17:45,44.8842,-63.51337,119.0,,SKT-4214,1,1,GPNV
29/07/2025,00:17:52,44.8842,-63.51337,119.0,,SKT-4214,1,1,GPNV
29/07/2025,00:17:59,44.8842,-63.51337,120.0,,SKT-4214,1,1,GPNV
29/07/2025,00:18:06,44.88419,-63.51338,120.0,,SKT-4214,1,1,GPNV
29/07/2025,00:18:14,44.88419,-63.51338,121.0,,SKT-4214,1,1,GPNV
29/07/2025,00:18:21,44.88419,-63.51338,122.0,,SKT-4214,1,1,GPNV
29/07/2025,00:18:28,44.88419,-63.51338,121.0,,SKT-4214,1,1,GPNV
29/07/2025,00:18:35,44.88419,-63.51338,121.0,,SKT-4214,1,1,GPNV
29/07/2025,00:18:42,44.88419,-63.51337,120.0,,SKT-4214,1,1,GPNV
29/07/2025,00:18:49,44.88419,-63.51337,119.0,,SKT-4214,1,1,GPNV
29/07/2025,00:18:57,44.8842,-63.51337,119.0,,SKT-4214,1,1,GPNV
29/07/2025,00:19:04,44.8842,-63.51337,118.0,,SKT-4214,1,1,GPNV
29/07/2025,00:19:11,44.8842,-63.51338,118.0,,SKT-4214,1,1,GPNV
29/07/2025,00:19:19,44.8842,-63.51337,118.0,,SKT-4214,1,1,GPNV
29/07/2025,00:19:26,44.88419,-63.51337,119.0,,SKT-4214,1,1,GPNV
29/07/2025,00:19:33,44.88419,-63.51337,119.0,,SKT-4214,1,1,GPNV
29/07/2025,00:19:40,44.88419,-63.51337,118.0,,SKT-4214,1,1,GPNV
29/07/2025,00:19:47,44.88419,-63.51337,118.0,,SKT-4214,1,1,GPNV
29/07/2025,00:19:54,44.88419,-63.51337,118.0,,SKT-4214,1,1,GPNV
29/07/2025,00:20:01,44.88419,-63.51337,119.0,,SKT-4214,1,1,GPNV
29/07/2025,00:20:09,44.88419,-63.51337,119.0,,SKT-4214,1,1,GPNV
29/07/2025,00:20:16,44.88419,-63.51337,119.0,,SKT-4214,1,1,GPNV
29/07/2025,00:20:23,44.88419,-63.51336,118.0,,SKT-4214,1,1,GPNV
29/07/2025,00:20:31,44.88419,-63.51336,117.0,,SKT-4214,1,1,GPNV
29/07/2025,00:20:38,44.88419,-63.51336,117.0,,SKT-4214,1,1,GPNV
29/07/2025,00:20:45,44.88418,-63.51337,117.0,,SKT-4214,1,1,GPNV
29/07/2025,00:20:52,44.88417,-63.51337,117.0,,SKT-4214,1,1,GPNV
29/07/2025,00:20:59,44.88417,-63.51337,117.0,,SKT-4214,1,1,GPNV
29/07/2025,00:21:07,44.88417,-63.51337,116.0,,SKT-4214,1,1,GPNV
29/07/2025,00:21:15,44.88417,-63.51338,117.0,,SKT-4214,1,1,GPNV
29/07/2025,00:21:22,44.88417,-63.51337,117.0,,SKT-4214,1,1,GPNV
29/07/2025,00:21:29,44.88418,-63.51337,117.0,,SKT-4214,1,1,GPNV
29/07/2025,00:21:36,44.88418,-63.51337,117.0,,SKT-4214,1,1,GPNV
29/07/2025,00:21:43,44.88418,-63.51337,117.0,,SKT-4214,1,1,GPNV
29/07/2025,00:21:51,44.88418,-63.51337,118.0,,SKT-4214,1,1,GPNV
29/07/2025,00:22:07,44.88418,-63.51336,120.0,,SKT-4214,1,1,GPNV
29/07/2025,00:22:14,44.88418,-63.51337,119.0,,SKT-4214,1,1,GPNV
29/07/2025,00:22:21,44.88418,-63.51337,119.0,,SKT-4214,1,1,GPNV
29/07/2025,00:22:29,44.88419,-63.51337,119.0,,SKT-4214,1,1,GPNV
29/07/2025,00:22:36,44.88419,-63.51337,119.0,,SKT-4214,1,1,GPNV
29/07/2025,00:22:43,44.88419,-63.51337,120.0,,SKT-4214,1,1,GPNV
29/07/2025,00:22:50,44.88419,-63.51336,120.0,,SKT-4214,1,1,GPNV
29/07/2025,00:22:57,44.88419,-63.51336,121.0,,SKT-4214,1,1,GPNV
29/07/2025,00:23:05,44.88418,-63.51336,122.0,,SKT-4214,1,1,GPNV
29/07/2025,00:23:12,44.88418,-63.51336,123.0,,SKT-4214,1,1,GPNV
29/07/2025,00:23:20,44.88419,-63.51337,122.0,,SKT-4214,1,1,GPNV
29/07/2025,00:23:27,44.88419,-63.51337,121.0,,SKT-4214,1,1,GPNV
29/07/2025,00:23:34,44.88419,-63.51337,120.0,,SKT-4214,1,1,GPNV
29/07/2025,00:23:41,44.88419,-63.51337,120.0,,SKT-4214,1,1,GPNV
29/07/2025,00:23:48,44.88419,-63.51336,121.0,,SKT-4214,1,1,GPNV
29/07/2025,00:23:56,44.88419,-63.51336,121.0,,SKT-4214,1,1,GPNV
29/07/2025,00:24:03,44.88419,-63.51336,121.0,,SKT-4214,1,1,GPNV
29/07/2025,00:24:10,44.88418,-63.51336,122.0,,SKT-4214,1,1,GPNV
29/07/2025,00:24:17,44.88419,-63.51336,121.0,,SKT-4214,1,1,GPNV
29/07/2025,00:24:24,44.88419,-63.51336,120.0,,SKT-4214,1,1,GPNV
29/07/2025,00:24:32,44.88419,-63.51336,120.0,,SKT-4214,1,1,GPNV
29/07/2025,00:24:40,44.88419,-63.51336,120.0,,SKT-4214,1,1,GPNV
29/07/2025,00:24:47,44.88418,-63.51336,121.0,,SKT-4214,1,1,GPNV
29/07/2025,00:24:55,44.88418,-63.51336,121.0,,SKT-4214,1,1,GPNV
29/07/2025,00:25:02,44.88418,-63.51336,122.0,,SKT-4214,1,1,GPNV
29/07/2025,00:25:10,44.88418,-63.51336,123.0,,SKT-4214,1,1,GPNV
29/07/2025,00:25:17,44.88417,-63.51336,123.0,,SKT-4214,1,1,GPNV
29/07/2025,00:25:24,44.88418,-63.51337,123.0,,SKT-4214,1,1,GPNV
29/07/2025,00:25:32,44.88418,-63.51337,122.0,,SKT-4214,1,1,GPNV
29/07/2025,00:25:39,44.88419,-63.51337,122.0,,SKT-4214,1,1,GPNV
29/07/2025,00:25:46,44.88419,-63.51337,122.0,,SKT-4214,1,1,GPNV
29/07/2025,00:25:53,44.88419,-63.51336,122.0,,SKT-4214,1,1,GPNV
29/07/2025,00:26:01,44.88419,-63.51336,121.0,,SKT-4214,1,1,GPNV
29/07/2025,00:26:08,44.88418,-63.51335,121.0,,SKT-4214,1,1,GPNV
29/07/2025,00:26:15,44.88418,-63.51335,121.0,,SKT-4214,1,1,GPNV
29/07/2025,00:26:22,44.88418,-63.51336,120.0,,SKT-4214,1,1,GPNV
29/07/2025,00:26:29,44.88418,-63.51336,119.0,,SKT-4214,1,1,GPNV
29/07/2025,00:26:36,44.88418,-63.51336,119.0,,SKT-4214,1,1,GPNV
29/07/2025,00:26:44,44.88418,-63.51336,118.0,,SKT-4214,1,1,GPNV
29/07/2025,00:26:51,44.88418,-63.51336,119.0,,SKT-4214,1,1,GPNV
29/07/2025,00:26:58,44.88418,-63.51336,119.0,,SKT-4214,1,1,GPNV
29/07/2025,00:27:05,44.88418,-63.51336,119.0,,SKT-4214,1,1,GPNV
29/07/2025,00:27:12,44.88417,-63.51336,120.0,,SKT-4214,1,1,GPNV
29/07/2025,00:27:19,44.88417,-63.51336,120.0,,SKT-4214,1,1,GPNV
29/07/2025,00:27:27,44.88418,-63.51336,118.0,,SKT-4214,1,1,GPNV
29/07/2025,00:27:34,44.88418,-63.51336,117.0,,SKT-4214,1,1,GPNV
29/07/2025,00:27:41,44.88418,-63.51336,117.0,,SKT-4214,1,1,GPNV
29/07/2025,00:27:48,44.88418,-63.51336,117.0,,SKT-4214,1,1,GPNV
29/07/2025,00:27:55,44.88418,-63.51336,118.0,,SKT-4214,1,1,GPNV
29/07/2025,00:28:02,44.88418,-63.51336,118.0,,SKT-4214,1,1,GPNV
29/07/2025,00:28:10,44.88417,-63.51336,118.0,,SKT-4214,1,1,GPNV
29/07/2025,00:28:17,44.88418,-63.51337,118.0,,SKT-4214,1,1,GPNV
29/07/2025,00:28:24,44.88418,-63.51337,117.0,,SKT-4214,1,1,GPNV
29/07/2025,00:28:31,44.88418,-63.51337,117.0,,SKT-4214,1,1,GPNV
29/07/2025,00:28:38,44.88418,-63.51337,117.0,,SKT-4214,1,1,GPNV
29/07/2025,00:28:46,44.88418,-63.51336,118.0,,SKT-4214,1,1,GPNV
29/07/2025,00:28:53,44.88419,-63.51336,118.0,,SKT-4214,1,1,GPNV
29/07/2025,00:29:00,44.88418,-63.51336,119.0,,SKT-4214,1,1,GPNV
29/07/2025,00:29:07,44.88419,-63.51336,119.0,,SKT-4214,1,1,GPNV
29/07/2025,00:29:14,44.88419,-63.51336,120.0,,SKT-4214,1,1,GPNV
29/07/2025,00:29:22,44.88419,-63.51336,120.0,,SKT-4214,1,1,GPNV
29/07/2025,00:29:29,44.88419,-63.51336,120.0,,SKT-4214,1,1,GPNV
29/07/2025,00:29:36,44.88419,-63.51336,120.0,,SKT-4214,1,1,GPNV
29/07/2025,00:29:43,44.88419,-63.51337,120.0,,SKT-4214,1,1,GPNV
29/07/2025,00:29:50,44.88419,-63.51337,121.0,,SKT-4214,1,1,GPNV
29/07/2025,00:29:57,44.88419,-63.51338,121.0,,SKT-4214,1,1,GPNV
29/07/2025,00:30:05,44.88419,-63.51338,120.0,,SKT-4214,1,1,GPNV
29/07/2025,00:30:12,44.88419,-63.51338,119.0,,SKT-4214,1,1,GPNV
29/07/2025,00:30:19,44.88419,-63.51338,119.0,,SKT-4214,1,1,GPNV
29/07/2025,00:30:26,44.88418,-63.51338,118.0,,SKT-4214,1,1,GPNV
29/07/2025,00:30:33,44.88418,-63.51337,119.0,,SKT-4214,1,1,GPNV
29/07/2025,00:30:40,44.88418,-63.51337,118.0,,SKT-4214,1,1,GPNV
29/07/2025,00:30:48,44.88418,-63.51336,118.0,,SKT-4214,1,1,GPNV
29/07/2025,00:30:55,44.88418,-63.51336,118.0,,SKT-4214,1,1,GPNV
29/07/2025,00:31:02,44.88419,-63.51337,117.0,,SKT-4214,1,1,GPNV
29/07/2025,00:31:09,44.88419,-63.51337,116.0,,SKT-4214,1,1,GPNV
29/07/2025,00:31:16,44.88419,-63.51337,115.0,,SKT-4214,1,1,GPNV
29/07/2025,00:31:23,44.88419,-63.51337,115.0,,SKT-4214,1,1,GPNV
29/07/2025,00:31:31,44.88419,-63.51336,116.0,,SKT-4214,1,1,GPNV
29/07/2025,00:31:38,44.88419,-63.51336,117.0,,SKT-4214,1,1,GPNV
29/07/2025,00:31:45,44.88419,-63.51336,116.0,,SKT-4214,1,1,GPNV
29/07/2025,00:31:52,44.88419,-63.51336,116.0,,SKT-4214,1,1,GPNV
29/07/2025,00:32:00,44.88418,-63.51336,116.0,,SKT-4214,1,1,GPNV
29/07/2025,00:32:07,44.88418,-63.51336,117.0,,SKT-4214,1,1,GPNV
29/07/2025,00:32:15,44.88418,-63.51336,118.0,,SKT-4214,1,1,GPNV
29/07/2025,00:32:22,44.88419,-63.51337,117.0,,SKT-4214,1,1,GPNV
29/07/2025,00:32:29,44.88419,-63.51336,117.0,,SKT-4214,1,1,GPNV
29/07/2025,00:32:36,44.88419,-63.51336,117.0,,SKT-4214,1,1,GPNV
29/07/2025,00:32:43,44.88418,-63.51336,117.0,,SKT-4214,1,1,GPNV
29/07/2025,00:32:51,44.88418,-63.51336,117.0,,SKT-4214,1,1,GPNV
29/07/2025,00:32:58,44.88418,-63.51337,116.0,,SKT-4214,1,1,GPNV
29/07/2025,00:33:05,44.88418,-63.51336,116.0,,SKT-4214,1,1,GPNV
29/07/2025,00:33:12,44.88417,-63.51336,115.0,,SKT-4214,1,1,GPNV
29/07/2025,00:33:19,44.88417,-63.51336,115.0,,SKT-4214,1,1,GPNV
29/07/2025,00:33:27,44.88417,-63.51336,116.0,,SKT-4214,1,1,GPNV
29/07/2025,00:33:34,44.88417,-63.51336,116.0,,SKT-4214,1,1,GPNV
29/07/2025,00:33:41,44.88417,-63.51337,117.0,,SKT-4214,1,1,GPNV
29/07/2025,00:33:48,44.88418,-63.51337,116.0,,SKT-4214,1,1,GPNV
29/07/2025,00:33:55,44.88418,-63.51336,115.0,,SKT-4214,1,1,GPNV
29/07/2025,00:34:03,44.88418,-63.51335,115.0,,SKT-4214,1,1,GPNV
29/07/2025,00:34:10,44.88419,-63.51335,115.0,,SKT-4214,1,1,GPNV
29/07/2025,00:34:17,44.88419,-63.51335,114.0,,SKT-4214,1,1,GPNV
29/07/2025,00:34:24,44.88419,-63.51336,115.0,,SKT-4214,1,1,GPNV
29/07/2025,00:34:31,44.88419,-63.51335,116.0,,SKT-4214,1,1,GPNV
29/07/2025,00:34:38,44.88419,-63.51335,116.0,,SKT-4214,1,1,GPNV
29/07/2025,00:34:46,44.88419,-63.51334,116.0,,SKT-4214,1,1,GPNV
29/07/2025,00:34:53,44.88419,-63.51334,117.0,,SKT-4214,1,1,GPNV
29/07/2025,00:35:01,44.8842,-63.51335,118.0,,SKT-4214,1,1,GPNV
29/07/2025,00:35:08,44.8842,-63.51336,117.0,,SKT-4214,1,1,GPNV
29/07/2025,00:35:15,44.8842,-63.51336,118.0,,SKT-4214,1,1,GPNV
29/07/2025,00:35:22,44.88419,-63.51336,118.0,,SKT-4214,1,1,GPNV
29/07/2025,00:35:29,44.88419,-63.51335,118.0,,SKT-4214,1,1,GPNV
29/07/2025,00:35:37,44.88419,-63.51335,117.0,,SKT-4214,1,1,GPNV
29/07/2025,00:35:44,44.88419,-63.51335,118.0,,SKT-4214,1,1,GPNV
29/07/2025,00:35:51,44.88419,-63.51335,118.0,,SKT-4214,1,1,GPNV
29/07/2025,00:35:58,44.88419,-63.51335,118.0,,SKT-4214,1,1,GPNV
29/07/2025,00:36:05,44.88419,-63.51335,118.0,,SKT-4214,1,1,GPNV
29/07/2025,00:36:13,44.88419,-63.51335,117.0,,SKT-4214,1,1,GPNV
29/07/2025,00:36:20,44.88419,-63.51336,117.0,,SKT-4214,1,1,GPNV
29/07/2025,00:36:27,44.88418,-63.51336,117.0,,SKT-4214,1,1,GPNV
29/07/2025,00:36:34,44.88418,-63.51336,117.0,,SKT-4214,1,1,GPNV
29/07/2025,00:36:41,44.88417,-63.51337,117.0,,SKT-4214,1,1,GPNV
29/07/2025,00:36:48,44.88417,-63.51337,117.0,,SKT-4214,1,1,GPNV
29/07/2025,00:36:56,44.88417,-63.51337,117.0,,SKT-4214,1,1,GPNV
29/07/2025,00:37:03,44.88417,-63.51337,117.0,,SKT-4214,1,1,GPNV
29/07/2025,00:37:10,44.88417,-63.51337,117.0,,SKT-4214,1,1,GPNV
29/07/2025,00:37:17,44.88417,-63.51337,117.0,,SKT-4214,1,1,GPNV
29/07/2025,00:37:24,44.88417,-63.51337,117.0,,SKT-4214,1,1,GPNV
29/07/2025,00:37:31,44.88417,-63.51337,117.0,,SKT-4214,1,1,GPNV
29/07/2025,00:37:39,44.88417,-63.51337,118.0,,SKT-4214,1,1,GPNV
29/07/2025,00:37:46,44.88418,-63.51336,117.0,,SKT-4214,1,1,GPNV
29/07/2025,00:37:53,44.88418,-63.51336,116.0,,SKT-4214,1,1,GPNV
29/07/2025,00:38:00,44.88418,-63.51336,116.0,,SKT-4214,1,1,GPNV
29/07/2025,00:38:07,44.88419,-63.51336,115.0,,SKT-4214,1,1,GPNV
29/07/2025,00:38:14,44.88419,-63.51336,115.0,,SKT-4214,1,1,GPNV
29/07/2025,00:38:22,44.88419,-63.51337,116.0,,SKT-4214,1,1,GPNV
29/07/2025,00:38:29,44.88419,-63.51337,116.0,,SKT-4214,1,1,GPNV
29/07/2025,00:38:36,44.88419,-63.51337,116.0,,SKT-4214,1,1,GPNV
29/07/2025,00:38:43,44.88419,-63.51337,116.0,,SKT-4214,1,1,GPNV
29/07/2025,00:38:50,44.88419,-63.51337,116.0,,SKT-4214,1,1,GPNV
29/07/2025,00:38:57,44.88419,-63.51337,115.0,,SKT-4214,1,1,GPNV
29/07/2025,00:39:05,44.88418,-63.51337,115.0,,SKT-4214,1,1,GPNV
29/07/2025,00:39:12,44.88418,-63.51337,116.0,,SKT-4214,1,1,GPNV
29/07/2025,00:39:19,44.88418,-63.51337,115.0,,SKT-4214,1,1,GPNV
29/07/2025,00:39:26,44.88418,-63.51336,115.0,,SKT-4214,1,1,GPNV
29/07/2025,00:39:33,44.88418,-63.51336,114.0,,SKT-4214,1,1,GPNV
29/07/2025,00:39:41,44.88418,-63.51336,115.0,,SKT-4214,1,1,GPNV
29/07/2025,00:39:48,44.88417,-63.51337,115.0,,SKT-4214,1,1,GPNV
29/07/2025,00:39:55,44.88417,-63.51337,116.0,,SKT-4214,1,1,GPNV
29/07/2025,00:40:02,44.88417,-63.51337,117.0,,SKT-4214,1,1,GPNV
29/07/2025,00:40:09,44.88418,-63.51337,117.0,,SKT-4214,1,1,GPNV
29/07/2025,00:40:16,44.88418,-63.51337,117.0,,SKT-4214,1,1,GPNV
29/07/2025,00:40:24,44.88418,-63.51336,116.0,,SKT-4214,1,1,GPNV
29/07/2025,00:40:31,44.88418,-63.51336,117.0,,SKT-4214,1,1,GPNV
29/07/2025,00:40:38,44.88418,-63.51337,118.0,,SKT-4214,1,1,GPNV
29/07/2025,00:40:45,44.88417,-63.51337,119.0,,SKT-4214,1,1,GPNV
29/07/2025,00:40:52,44.88417,-63.51337,120.0,,SKT-4214,1,1,GPNV
29/07/2025,00:41:00,44.88417,-63.51338,120.0,,SKT-4214,1,1,GPNV
29/07/2025,00:41:07,44.88417,-63.51338,119.0,,SKT-4214,1,1,GPNV
29/07/2025,00:41:14,44.88418,-63.51337,119.0,,SKT-4214,1,1,GPNV
29/07/2025,00:41:21,44.88417,-63.51337,119.0,,SKT-4214,1,1,GPNV
29/07/2025,00:41:28,44.88417,-63.51337,119.0,,SKT-4214,1,1,GPNV
29/07/2025,00:41:35,44.88417,-63.51337,118.0,,SKT-4214,1,1,GPNV
29/07/2025,00:41:43,44.88417,-63.51337,118.0,,SKT-4214,1,1,GPNV
29/07/2025,00:41:50,44.88417,-63.51337,117.0,,SKT-4214,1,1,GPNV
29/07/2025,00:41:57,44.88417,-63.51336,117.0,,SKT-4214,1,1,GPNV
29/07/2025,00:42:04,44.88417,-63.51336,117.0,,SKT-4214,1,1,GPNV
29/07/2025,00:42:11,44.88417,-63.51336,117.0,,SKT-4214,1,1,GPNV
29/07/2025,00:42:18,44.88417,-63.51336,117.0,,SKT-4214,1,1,GPNV
29/07/2025,00:42:26,44.88417,-63.51336,117.0,,SKT-4214,1,1,GPNV
29/07/2025,00:42:33,44.88418,-63.51336,117.0,,SKT-4214,1,1,GPNV
29/07/2025,00:42:40,44.88418,-63.51337,117.0,,SKT-4214,1,1,GPNV
29/07/2025,00:42:47,44.88418,-63.51337,117.0,,SKT-4214,1,1,GPNV
29/07/2025,00:42:54,44.88418,-63.51337,118.0,,SKT-4214,1,1,GPNV
29/07/2025,00:43:01,44.88417,-63.51337,118.0,,SKT-4214,1,1,GPNV
29/07/2025,00:43:09,44.88417,-63.51336,118.0,,SKT-4214,1,1,GPNV
29/07/2025,00:43:16,44.88417,-63.51336,118.0,,SKT-4214,1,1,GPNV
29/07/2025,00:43:23,44.88417,-63.51336,117.0,,SKT-4214,1,1,GPNV
29/07/2025,00:43:30,44.88417,-63.51336,117.0,,SKT-4214,1,1,GPNV
29/07/2025,00:43:37,44.88417,-63.51336,117.0,,SKT-4214,1,1,GPNV
29/07/2025,00:43:45,44.88417,-63.51336,117.0,,SKT-4214,1,1,GPNV
29/07/2025,00:43:52,44.88417,-63.51336,117.0,,SKT-4214,1,1,GPNV
29/07/2025,00:43:59,44.88417,-63.51337,117.0,,SKT-4214,1,1,GPNV
29/07/2025,00:44:06,44.88417,-63.51337,117.0,,SKT-4214,1,1,GPNV
29/07/2025,00:44:13,44.88417,-63.51337,118.0,,SKT-4214,1,1,GPNV
29/07/2025,00:44:20,44.88417,-63.51337,118.0,,SKT-4214,1,1,GPNV
29/07/2025,00:44:28,44.88418,-63.51336,118.0,,SKT-4214,1,1,GPNV
29/07/2025,00:44:35,44.88418,-63.51336,118.0,,SKT-4214,1,1,GPNV
29/07/2025,00:44:42,44.88418,-63.51337,117.0,,SKT-4214,1,1,GPNV
29/07/2025,00:44:49,44.88419,-63.51337,116.0,,SKT-4214,1,1,GPNV
29/07/2025,00:44:56,44.88419,-63.51337,116.0,,SKT-4214,1,1,GPNV
29/07/2025,00:45:03,44.88419,-63.51337,117.0,,SKT-4214,1,1,GPNV
29/07/2025,00:45:11,44.88419,-63.51337,117.0,,SKT-4214,1,1,GPNV
29/07/2025,00:45:18,44.88419,-63.51337,118.0,,SKT-4214,1,1,GPNV
29/07/2025,00:45:25,44.88419,-63.51338,118.0,,SKT-4214,1,1,GPNV
29/07/2025,00:45:32,44.88419,-63.51338,118.0,,SKT-4214,1,1,GPNV
29/07/2025,00:45:39,44.88418,-63.51338,118.0,,SKT-4214,1,1,GPNV
29/07/2025,00:45:46,44.88418,-63.51338,117.0,,SKT-4214,1,1,GPNV
29/07/2025,00:45:54,44.88417,-63.51337,117.0,,SKT-4214,1,1,GPNV
29/07/2025,00:46:01,44.88417,-63.51338,116.0,,SKT-4214,1,1,GPNV
29/07/2025,00:46:08,44.88417,-63.51338,117.0,,SKT-4214,1,1,GPNV
29/07/2025,00:46:15,44.88417,-63.51338,117.0,,SKT-4214,1,1,GPNV
29/07/2025,00:46:22,44.88417,-63.51338,116.0,,SKT-4214,1,1,GPNV
29/07/2025,00:46:29,44.88417,-63.51338,116.0,,SKT-4214,1,1,GPNV
29/07/2025,00:46:37,44.88417,-63.51337,116.0,,SKT-4214,1,1,GPNV
29/07/2025,00:46:44,44.88417,-63.51337,116.0,,SKT-4214,1,1,GPNV
29/07/2025,00:46:51,44.88417,-63.51337,116.0,,SKT-4214,1,1,GPNV
29/07/2025,00:46:58,44.88417,-63.51337,115.0,,SKT-4214,1,1,GPNV
29/07/2025,00:47:05,44.88418,-63.51337,115.0,,SKT-4214,1,1,GPNV
29/07/2025,00:47:12,44.88418,-63.51337,115.0,,SKT-4214,1,1,GPNV
29/07/2025,00:47:20,44.88417,-63.51337,115.0,,SKT-4214,1,1,GPNV
29/07/2025,00:47:27,44.88418,-63.51338,115.0,,SKT-4214,1,1,GPNV
29/07/2025,00:47:34,44.88418,-63.51338,115.0,,SKT-4214,1,1,GPNV
29/07/2025,00:47:41,44.88418,-63.51338,115.0,,SKT-4214,1,1,GPNV
29/07/2025,00:47:48,44.88419,-63.51338,115.0,,SKT-4214,1,1,GPNV
29/07/2025,00:47:56,44.88419,-63.51337,115.0,,SKT-4214,1,1,GPNV
29/07/2025,00:48:03,44.88419,-63.51337,115.0,,SKT-4214,1,1,GPNV
29/07/2025,00:48:10,44.88419,-63.51337,114.0,,SKT-4214,1,1,GPNV
29/07/2025,00:48:17,44.88419,-63.51337,114.0,,SKT-4214,1,1,GPNV
29/07/2025,00:48:25,44.88419,-63.51337,114.0,,SKT-4214,1,1,GPNV
29/07/2025,00:48:32,44.88419,-63.51336,114.0,,SKT-4214,1,1,GPNV
29/07/2025,00:48:39,44.88419,-63.51336,114.0,,SKT-4214,1,1,GPNV
29/07/2025,00:48:46,44.88419,-63.51336,114.0,,SKT-4214,1,1,GPNV
29/07/2025,00:48:53,44.88419,-63.51337,114.0,,SKT-4214,1,1,GPNV
29/07/2025,00:49:00,44.88419,-63.51337,115.0,,SKT-4214,1,1,GPNV
29/07/2025,00:49:08,44.88419,-63.51337,115.0,,SKT-4214,1,1,GPNV
29/07/2025,00:49:15,44.88419,-63.51337,115.0,,SKT-4214,1,1,GPNV
29/07/2025,00:49:22,44.88419,-63.51337,114.0,,SKT-4214,1,1,GPNV
29/07/2025,00:49:29,44.88418,-63.51337,113.0,,SKT-4214,1,1,GPNV
29/07/2025,00:49:36,44.88418,-63.51337,112.0,,SKT-4214,1,1,GPNV
29/07/2025,00:49:43,44.88418,-63.51337,112.0,,SKT-4214,1,1,GPNV
29/07/2025,00:49:51,44.88418,-63.51337,113.0,,SKT-4214,1,1,GPNV
29/07/2025,00:49:58,44.88417,-63.51337,113.0,,SKT-4214,1,1,GPNV
29/07/2025,00:50:05,44.88417,-63.51337,114.0,,SKT-4214,1,1,GPNV
29/07/2025,00:50:12,44.88417,-63.51337,113.0,,SKT-4214,1,1,GPNV
29/07/2025,00:50:19,44.88417,-63.51337,113.0,,SKT-4214,1,1,GPNV
29/07/2025,00:50:26,44.88417,-63.51337,113.0,,SKT-4214,1,1,GPNV
29/07/2025,00:50:34,44.88417,-63.51337,114.0,,SKT-4214,1,1,GPNV
29/07/2025,00:50:41,44.88417,-63.51337,115.0,,SKT-4214,1,1,GPNV
29/07/2025,00:50:48,44.88417,-63.51337,116.0,,SKT-4214,1,1,GPNV
29/07/2025,00:50:55,44.88417,-63.51337,116.0,,SKT-4214,1,1,GPNV
29/07/2025,00:51:03,44.88417,-63.51336,115.0,,SKT-4214,1,1,GPNV
29/07/2025,00:51:10,44.88418,-63.51337,115.0,-0.0,SKT-4214,1,1,GPNV
29/07/2025,00:51:18,44.88418,-63.51337,116.0,-0.0,SKT-4214,1,1,GPNV
29/07/2025,00:51:25,44.88417,-63.51336,117.0,-0.0,SKT-4214,1,1,GPNV
29/07/2025,00:51:32,44.88417,-63.51336,117.0,-0.0,SKT-4214,1,1,GPNV
29/07/2025,00:51:39,44.88418,-63.51336,116.0,-0.0,SKT-4214,1,1,GPNV
29/07/2025,00:51:46,44.88419,-63.51336,116.0,-0.0,SKT-4214,1,1,GPNV
29/07/2025,00:51:53,44.88419,-63.51336,115.0,-0.0,SKT-4214,1,1,GPNV
29/07/2025,00:52:01,44.88419,-63.51336,114.0,-0.0,SKT-4214,1,1,GPNV
29/07/2025,00:52:09,44.8842,-63.51336,115.0,-0.0,SKT-4214,1,1,GPNV
29/07/2025,00:52:16,44.88419,-63.51337,116.0,-0.0,SKT-4214,1,1,GPNV
29/07/2025,00:52:23,44.88419,-63.51337,118.0,-0.0,SKT-4214,1,1,GPNV
29/07/2025,00:52:31,44.88418,-63.51337,118.0,-0.0,SKT-4214,1,1,GPNV
29/07/2025,00:52:38,44.88418,-63.51336,117.0,-0.0,SKT-4214,1,1,GPNV
29/07/2025,00:52:45,44.88418,-63.51336,116.0,-0.0,SKT-4214,1,1,GPNV
29/07/2025,00:52:52,44.88414,-63.51337,116.0,-0.0,SKT-4214,1,1,GPNV
29/07/2025,00:52:59,44.88404,-63.5134,115.0,-0.0,SKT-4214,1,1,GPNV
29/07/2025,00:53:06,44.88392,-63.51342,115.0,0.0,SKT-4214,1,1,GPNV
29/07/2025,00:53:13,44.88381,-63.51342,116.0,-0.0,SKT-4214,1,1,GPNV
29/07/2025,00:53:21,44.88369,-63.51337,116.0,0.0,SKT-4214,1,1,GPNV
29/07/2025,00:53:28,44.88359,-63.5133,115.0,0.0,SKT-4214,1,1,GPNV
29/07/2025,00:53:35,44.88351,-63.51321,115.0,0.0,SKT-4214,1,1,GPNV
29/07/2025,00:53:42,44.88345,-63.51313,114.0,0.0,SKT-4214,1,1,GPNV
29/07/2025,00:53:49,44.88342,-63.51308,114.0,0.0,SKT-4214,1,1,GPNV
29/07/2025,00:53:56,44.88342,-63.51308,114.0,-0.0,SKT-4214,1,1,GPNV
29/07/2025,00:54:04,44.88342,-63.51307,114.0,0.0,SKT-4214,1,1,GPNV
29/07/2025,00:54:11,44.88342,-63.51308,114.0,0.0,SKT-4214,1,1,GPNV
29/07/2025,00:54:18,44.88342,-63.51308,115.0,0.0,SKT-4214,1,1,GPNV
29/07/2025,00:54:25,44.88342,-63.51308,115.0,-0.0,SKT-4214,1,1,GPNV
29/07/2025,00:54:32,44.88342,-63.51308,115.0,-0.0,SKT-4214,1,1,GPNV
29/07/2025,00:54:40,44.88342,-63.51308,115.0,0.0,SKT-4214,1,1,GPNV
29/07/2025,00:54:47,44.88342,-63.51307,115.0,-0.0,SKT-4214,1,1,GPNV
29/07/2025,00:54:54,44.88342,-63.51307,115.0,0.0,SKT-4214,1,1,GPNV
29/07/2025,00:55:01,44.88342,-63.51307,115.0,0.0,SKT-4214,1,1,GPNV
29/07/2025,00:55:08,44.88343,-63.51307,115.0,-0.0,SKT-4214,1,1,GPNV
29/07/2025,00:55:15,44.88343,-63.51307,115.0,0.0,SKT-4214,1,1,GPNV
29/07/2025,00:55:23,44.88343,-63.51307,115.0,0.0,SKT-4214,1,1,GPNV
29/07/2025,00:55:30,44.88342,-63.51307,115.0,0.0,SKT-4214,1,1,GPNV
29/07/2025,00:55:37,44.88342,-63.51307,115.0,0.0,SKT-4214,1,1,GPNV
29/07/2025,00:55:44,44.88342,-63.51308,114.0,0.0,SKT-4214,1,1,GPNV
29/07/2025,00:55:51,44.88342,-63.51308,114.0,-0.0,SKT-4214,1,1,GPNV
29/07/2025,00:55:58,44.88342,-63.51308,114.0,0.0,SKT-4214,1,1,GPNV
29/07/2025,00:56:06,44.88342,-63.51307,114.0,0.0,SKT-4214,1,1,GPNV
29/07/2025,00:56:13,44.88342,-63.51307,114.0,-0.0,SKT-4214,1,1,GPNV
29/07/2025,00:56:21,44.88342,-63.51307,114.0,-0.0,SKT-4214,1,1,GPNV
29/07/2025,00:56:28,44.88342,-63.51307,114.0,-0.0,SKT-4214,1,1,GPNV
29/07/2025,00:56:35,44.88342,-63.51308,114.0,-0.0,SKT-4214,1,1,GPNV
29/07/2025,00:56:43,44.88342,-63.51308,114.0,-0.0,SKT-4214,1,1,GPNV
29/07/2025,00:56:51,44.88342,-63.51308,114.0,-0.0,SKT-4214,1,1,GPNV
29/07/2025,00:56:58,44.88342,-63.51308,113.0,-0.0,SKT-4214,1,1,GPNV
29/07/2025,00:57:05,44.88342,-63.51308,113.0,0.0,SKT-4214,1,1,GPNV
29/07/2025,00:57:12,44.88343,-63.51308,113.0,-0.0,SKT-4214,1,1,GPNV
29/07/2025,00:57:19,44.88343,-63.51308,113.0,-0.0,SKT-4214,1,1,GPNV
29/07/2025,00:57:26,44.88343,-63.51308,113.0,-0.0,SKT-4214,1,1,GPNV
29/07/2025,00:57:34,44.88343,-63.51307,113.0,-0.0,SKT-4214,1,1,GPNV
29/07/2025,00:57:41,44.88343,-63.51308,113.0,-0.0,SKT-4214,1,1,GPNV
29/07/2025,00:57:48,44.88349,-63.51315,114.0,0.0,SKT-4214,1,1,GPNV
29/07/2025,00:57:55,44.88364,-63.51317,114.0,0.0,SKT-4214,1,1,GPNV
29/07/2025,00:58:02,44.8838,-63.51294,115.0,0.0,SKT-4214,1,1,GPNV
29/07/2025,00:58:10,44.88399,-63.51253,115.0,0.0,SKT-4214,1,1,GPNV
29/07/2025,00:58:17,44.88409,-63.51224,116.0,0.0,SKT-4214,1,1,GPNV
29/07/2025,00:58:24,44.88407,-63.51196,116.0,0.0,SKT-4214,1,1,GPNV
29/07/2025,00:58:31,44.88396,-63.51169,116.0,-0.0,SKT-4214,1,1,GPNV
29/07/2025,00:58:38,44.88386,-63.51148,116.0,-0.0,SKT-4214,1,1,GPNV
29/07/2025,00:58:45,44.88382,-63.51139,116.0,0.0,SKT-4214,1,1,GPNV
29/07/2025,00:58:53,44.88379,-63.51134,116.0,-0.0,SKT-4214,1,1,GPNV
29/07/2025,00:59:00,44.88377,-63.51131,116.0,-0.0,SKT-4214,1,1,GPNV
29/07/2025,00:59:07,44.88377,-63.51131,116.0,-0.0,SKT-4214,1,1,GPNV
29/07/2025,00:59:15,44.88378,-63.51131,116.0,-0.0,SKT-4214,1,1,GPNV
29/07/2025,00:59:22,44.88378,-63.51131,116.0,-0.0,SKT-4214,1,1,GPNV
29/07/2025,00:59:29,44.88378,-63.51131,116.0,0.0,SKT-4214,1,1,GPNV
29/07/2025,00:59:36,44.88378,-63.51131,116.0,0.0,SKT-4214,1,1,GPNV
29/07/2025,00:59:44,44.88377,-63.51128,116.0,-0.0,SKT-4214,1,1,GPNV
29/07/2025,00:59:51,44.88369,-63.51112,116.0,0.0,SKT-4214,1,1,GPNV
29/07/2025,00:59:58,44.88353,-63.5108,117.0,-0.0,SKT-4214,1,1,GPNV
29/07/2025,01:00:05,44.88337,-63.51046,117.0,0.0,SKT-4214,1,1,GPNV
29/07/2025,01:00:12,44.88315,-63.5102,118.0,0.1,SKT-4214,1,1,GPNV
29/07/2025,01:00:20,44.88282,-63.51029,119.0,0.0,SKT-4214,1,1,GPNV
29/07/2025,01:00:27,44.88248,-63.51062,119.0,-0.0,SKT-4214,1,1,GPNV
29/07/2025,01:00:34,44.88162,-63.51147,119.0,-0.0,SKT-4214,1,1,GPNV
29/07/2025,01:00:41,44.87962,-63.51345,120.0,-0.0,SKT-4214,1,1,GPNV
29/07/2025,01:00:49,44.87607,-63.51696,123.0,-0.0,SKT-4214,1,1,GPNV
29/07/2025,01:00:56,44.87227,-63.52081,163.0,0.0,SKT-4214,1,1,GPNV
29/07/2025,01:01:03,44.86829,-63.5252,237.0,0.0,SKT-4214,1,1,GPNV
29/07/2025,01:01:10,44.86425,-63.52993,339.0,0.0,SKT-4214,1,1,GPNV
29/07/2025,01:01:17,44.86013,-63.53474,449.0,0.0,SKT-4214,1,1,GPNV
29/07/2025,01:01:24,44.85586,-63.53961,550.0,0.0,SKT-4214,1,1,GPNV
29/07/2025,01:01:32,44.85069,-63.54519,647.0,0.0,SKT-4214,1,1,GPNV
29/07/2025,01:01:39,44.84594,-63.54999,741.0,-0.0,SKT-4214,1,1,GPNV
29/07/2025,01:01:47,44.84038,-63.55544,855.0,0.0,SKT-4214,1,1,GPNV
29/07/2025,01:01:54,44.83503,-63.55927,947.0,0.0,SKT-4214,1,1,GPNV
29/07/2025,01:02:01,44.82907,-63.5609,1041.0,0.0,SKT-4214,1,1,GPNV
29/07/2025,01:02:08,44.82293,-63.55987,1135.0,0.0,SKT-4214,1,1,GPNV
29/07/2025,01:02:15,44.81709,-63.55629,1219.0,0.0,SKT-4214,1,1,GPNV
29/07/2025,01:02:23,44.81129,-63.54932,1294.0,0.0,SKT-4214,1,1,GPNV
29/07/2025,01:02:30,44.8075,-63.54107,1364.0,0.0,SKT-4214,1,1,GPNV
29/07/2025,01:02:37,44.80528,-63.53142,1441.0,0.0,SKT-4214,1,1,GPNV
29/07/2025,01:02:44,44.80482,-63.52107,1523.0,0.0,SKT-4214,1,1,GPNV
29/07/2025,01:02:53,44.80693,-63.50784,1632.0,0.0,SKT-4214,1,1,GPNV
29/07/2025,01:03:00,44.81054,-63.49845,1716.0,0.0,SKT-4214,1,1,GPNV
29/07/2025,01:03:08,44.81648,-63.48935,1811.0,-0.0,SKT-4214,1,1,GPNV
29/07/2025,01:03:15,44.82265,-63.48271,1897.0,-0.0,SKT-4214,1,1,GPNV
29/07/2025,01:03:23,44.83006,-63.47564,1995.0,-0.0,SKT-4214,1,1,GPNV
29/07/2025,01:03:30,44.83676,-63.46951,2058.0,-0.0,SKT-4214,1,1,GPNV
29/07/2025,01:03:38,44.84464,-63.4624,2131.0,-0.0,SKT-4214,1,1,GPNV
29/07/2025,01:03:45,44.85169,-63.45613,2199.0,-0.0,SKT-4214,1,1,GPNV
29/07/2025,01:03:52,44.85886,-63.44984,2268.0,-0.0,SKT-4214,1,1,GPNV
29/07/2025,01:04:00,44.86718,-63.44257,2349.0,-0.0,SKT-4214,1,1,GPNV
29/07/2025,01:04:07,44.87455,-63.43615,2422.0,-0.0,SKT-4214,1,1,GPNV
29/07/2025,01:04:14,44.88197,-63.42964,2498.0,-0.0,SKT-4214,1,1,GPNV
29/07/2025,01:04:22,44.8905,-63.42208,2578.0,-0.0,SKT-4214,1,1,GPNV
29/07/2025,01:04:30,44.89907,-63.41443,2666.0,-0.0,SKT-4214,1,1,GPNV
29/07/2025,01:04:38,44.90767,-63.40674,2762.0,-0.0,SKT-4214,1,1,GPNV
29/07/2025,01:04:45,44.91519,-63.40001,2841.0,-0.0,SKT-4214,1,1,GPNV
29/07/2025,01:04:52,44.92273,-63.39324,2920.0,-0.0,SKT-4214,1,1,GPNV
29/07/2025,01:04:59,44.93024,-63.38639,3003.0,0.0,SKT-4214,1,1,GPNV
29/07/2025,01:05:07,44.93873,-63.37836,3096.0,0.0,SKT-4214,1,1,GPNV
29/07/2025,01:05:14,44.94612,-63.37123,3177.0,0.0,SKT-4214,1,1,GPNV
29/07/2025,01:05:22,44.9546,-63.36314,3269.0,0.0,SKT-4214,1,1,GPNV
29/07/2025,01:05:30,44.96312,-63.35515,3361.0,0.0,SKT-4214,1,1,GPNV
29/07/2025,01:05:38,44.97167,-63.34725,3452.0,-0.0,SKT-4214,1,1,GPNV
29/07/2025,01:05:46,44.98024,-63.3394,3543.0,0.0,SKT-4214,1,0,GPNV
29/07/2025,01:05:53,44.98775,-63.33255,3621.0,-0.0,SKT-4214,1,1,GPNV
29/07/2025,01:06:01,44.99635,-63.32472,3709.0,0.0,SKT-4214,1,0,GPNV
29/07/2025,01:06:10,45.00607,-63.31598,3808.0,0.0,SKT-4214,1,0,GPNV
29/07/2025,01:06:18,45.01476,-63.3083,3895.0,0.0,SKT-4214,1,0,GPNV
29/07/2025,01:06:26,45.02342,-63.30061,3990.0,-0.0,SKT-4214,1,0,GPNV
29/07/2025,01:06:34,45.03201,-63.29291,4086.0,0.0,SKT-4214,1,0,GPNV
29/07/2025,01:06:42,45.04054,-63.2852,4174.0,0.0,SKT-4214,1,0,GPNV
29/07/2025,01:06:51,45.05013,-63.27649,4271.0,0.0,SKT-4214,1,0,GPNV
29/07/2025,01:06:59,45.05858,-63.26873,4364.0,0.0,SKT-4214,1,0,GPNV
29/07/2025,01:07:07,45.06697,-63.26098,4455.0,-0.0,SKT-4214,1,0,GPNV
29/07/2025,01:07:15,45.0753,-63.25331,4542.0,0.0,SKT-4214,1,0,GPNV
29/07/2025,01:07:23,45.08359,-63.24573,4628.0,0.0,SKT-4214,1,0,GPNV
29/07/2025,01:07:32,45.09285,-63.23728,4721.0,0.0,SKT-4214,1,0,GPNV
29/07/2025,01:07:40,45.10105,-63.22982,4803.0,0.0,SKT-4214,1,0,GPNV
29/07/2025,01:07:48,45.1092,-63.2224,4881.0,0.0,SKT-4214,1,0,GPNV
29/07/2025,01:07:56,45.11731,-63.21501,4958.0,0.0,SKT-4214,1,0,GPNV
29/07/2025,01:08:04,45.12541,-63.20764,5032.0,0.0,SKT-4214,1,0,GPNV
29/07/2025,01:08:12,45.13348,-63.20029,5107.0,0.0,SKT-4214,1,0,GPNV
29/07/2025,01:08:20,45.14153,-63.19297,5181.0,0.0,SKT-4214,1,0,GPNV
29/07/2025,01:08:28,45.14956,-63.18567,5255.0,0.0,SKT-4214,1,0,GPNV
29/07/2025,01:08:37,45.15857,-63.17746,5339.0,0.0,SKT-4214,1,0,GPNV
29/07/2025,01:08:45,45.16656,-63.17019,5413.0,0.0,SKT-4214,1,0,GPNV
29/07/2025,01:08:53,45.17456,-63.16292,5485.0,-0.0,SKT-4214,1,0,GPNV
29/07/2025,01:09:01,45.18254,-63.15567,5556.0,0.0,SKT-4214,1,0,GPNV
29/07/2025,01:09:09,45.19053,-63.14842,5625.0,0.0,SKT-4214,1,0,GPNV
29/07/2025,01:09:18,45.1995,-63.14025,5700.0,0.0,SKT-4214,1,0,GPNV
29/07/2025,01:09:26,45.20747,-63.13296,5765.0,-0.0,SKT-4214,1,0,GPNV
29/07/2025,01:09:34,45.21545,-63.12565,5831.0,0.0,SKT-4214,1,0,GPNV
29/07/2025,01:09:42,45.22345,-63.11833,5895.0,-0.0,SKT-4214,1,0,GPNV
29/07/2025,01:09:51,45.23249,-63.11007,5965.0,0.0,SKT-4214,1,0,GPNV
29/07/2025,01:09:59,45.24057,-63.10269,6024.0,0.0,SKT-4214,1,0,GPNV
29/07/2025,01:10:07,45.24869,-63.09526,6085.0,0.0,SKT-4214,1,0,GPNV
29/07/2025,01:10:15,45.25683,-63.0878,6145.0,0.0,SKT-4214,1,0,GPNV
29/07/2025,01:10:23,45.26497,-63.08029,6205.0,0.0,SKT-4214,1,0,GPNV
29/07/2025,01:10:32,45.27415,-63.07183,6270.0,0.0,SKT-4214,1,0,GPNV
29/07/2025,01:10:40,45.28232,-63.06429,6324.0,0.0,SKT-4214,1,0,GPNV
29/07/2025,01:10:48,45.2905,-63.05671,6380.0,-0.0,SKT-4214,1,0,GPNV
29/07/2025,01:10:56,45.29851,-63.04863,6436.0,0.0,SKT-4214,1,0,GPNV
29/07/2025,01:11:04,45.30611,-63.03965,6491.0,0.0,SKT-4214,1,0,GPNV
29/07/2025,01:11:12,45.31338,-63.03003,6544.0,0.0,SKT-4214,1,0,GPNV
29/07/2025,01:11:20,45.32044,-63.02,6595.0,0.0,SKT-4214,1,0,GPNV
29/07/2025,01:11:29,45.32826,-63.00847,6655.0,0.0,SKT-4214,1,0,GPNV
29/07/2025,01:11:37,45.33514,-62.99807,6708.0,0.0,SKT-4214,1,0,GPNV
29/07/2025,01:11:45,45.34199,-62.98759,6760.0,0.0,SKT-4214,1,0,GPNV
29/07/2025,01:11:53,45.34884,-62.97707,6810.0,0.0,SKT-4214,1,0,GPNV
29/07/2025,01:12:01,45.35574,-62.96655,6861.0,0.0,SKT-4214,1,0,GPNV
29/07/2025,01:12:10,45.36356,-62.95475,6917.0,0.0,SKT-4214,1,0,GPNV
29/07/2025,01:12:18,45.37057,-62.94426,6968.0,0.0,SKT-4214,1,0,GPNV
29/07/2025,01:12:26,45.37764,-62.9338,7022.0,0.0,SKT-4214,1,0,GPNV
29/07/2025,01:12:35,45.38563,-62.92205,7084.0,0.0,SKT-4214,1,0,GPNV
29/07/2025,01:12:42,45.39188,-62.91291,7132.0,0.0,SKT-4214,1,0,GPNV
29/07/2025,01:12:49,45.39815,-62.90379,7181.0,0.0,SKT-4214,1,0,GPNV
29/07/2025,01:12:56,45.40445,-62.89468,7228.0,0.0,SKT-4214,1,0,GPNV
29/07/2025,01:13:04,45.41166,-62.88427,7281.0,0.0,SKT-4214,1,0,GPNV
29/07/2025,01:13:11,45.41797,-62.87517,7328.0,0.0,SKT-4214,1,0,GPNV
29/07/2025,01:13:18,45.4243,-62.86608,7374.0,0.0,SKT-4214,1,0,GPNV
29/07/2025,01:13:26,45.43153,-62.85571,7427.0,0.0,SKT-4214,1,0,GPNV
29/07/2025,01:13:33,45.43784,-62.84663,7474.0,0.0,SKT-4214,1,0,GPNV
29/07/2025,01:13:40,45.44413,-62.83755,7521.0,0.0,SKT-4214,1,0,GPNV
29/07/2025,01:13:48,45.45129,-62.82719,7576.0,0.0,SKT-4214,1,0,GPNV
29/07/2025,01:13:55,45.45755,-62.81816,7621.0,0.0,SKT-4214,1,0,GPNV
29/07/2025,01:14:02,45.46381,-62.80914,7664.0,0.0,SKT-4214,1,0,GPNV
29/07/2025,01:14:09,45.47006,-62.80013,7706.0,0.0,SKT-4214,1,0,GPNV
29/07/2025,01:14:17,45.47719,-62.78985,7755.0,0.0,SKT-4214,1,0,GPNV
29/07/2025,01:14:24,45.48342,-62.78087,7796.0,0.0,SKT-4214,1,0,GPNV
29/07/2025,01:14:31,45.48964,-62.77189,7838.0,0.0,SKT-4214,1,0,GPNV
29/07/2025,01:14:39,45.49675,-62.76163,7884.0,0.0,SKT-4214,1,0,GPNV
29/07/2025,01:14:46,45.50296,-62.75266,7923.0,0.0,SKT-4214,1,0,GPNV
29/07/2025,01:14:53,45.50917,-62.74367,7960.0,0.0,SKT-4214,1,0,GPNV
29/07/2025,01:15:00,45.51542,-62.73463,7975.0,-0.0,SKT-4214,1,0,GPNV
29/07/2025,01:15:08,45.52266,-62.72418,7983.0,0.0,SKT-4214,1,0,GPNV
29/07/2025,01:15:15,45.52908,-62.7149,7986.0,0.0,SKT-4214,1,0,GPNV
29/07/2025,01:15:23,45.5365,-62.70412,7987.0,0.0,SKT-4214,1,0,GPNV
29/07/2025,01:15:30,45.54307,-62.69451,7988.0,0.0,SKT-4214,1,0,GPNV
29/07/2025,01:15:37,45.54971,-62.68477,7989.0,0.0,SKT-4214,1,0,GPNV
29/07/2025,01:15:45,45.5574,-62.67349,7990.0,-0.0,SKT-4214,1,0,GPNV
29/07/2025,01:15:52,45.56421,-62.66349,7990.0,0.0,SKT-4214,1,0,GPNV
29/07/2025,01:15:59,45.5711,-62.65337,7990.0,-0.0,SKT-4214,1,0,GPNV
29/07/2025,01:16:06,45.57807,-62.64314,7991.0,-0.0,SKT-4214,1,0,GPNV
29/07/2025,01:16:13,45.5851,-62.6328,7992.0,-0.0,SKT-4214,1,0,GPNV
29/07/2025,01:16:21,45.59323,-62.62085,7992.0,-0.0,SKT-4214,1,0,GPNV
29/07/2025,01:16:28,45.6004,-62.61029,7992.0,-0.0,SKT-4214,1,0,GPNV
29/07/2025,01:16:35,45.60764,-62.59964,7992.0,-0.0,SKT-4214,1,0,GPNV
29/07/2025,01:16:43,45.61597,-62.58735,7992.0,0.0,SKT-4214,1,0,GPNV
29/07/2025,01:16:50,45.62331,-62.5765,7993.0,0.0,SKT-4214,1,0,GPNV
29/07/2025,01:16:57,45.63069,-62.56557,7994.0,0.0,SKT-4214,1,0,GPNV
29/07/2025,01:17:05,45.63917,-62.55301,7996.0,0.0,SKT-4214,1,0,GPNV
29/07/2025,01:17:12,45.64664,-62.54195,7996.0,0.0,SKT-4214,1,0,GPNV
29/07/2025,01:17:19,45.65414,-62.53083,7996.0,0.0,SKT-4214,1,0,GPNV
29/07/2025,01:17:27,45.66277,-62.51806,7996.0,0.0,SKT-4214,1,0,GPNV
29/07/2025,01:17:34,45.67037,-62.50683,7995.0,0.0,SKT-4214,1,0,GPNV
29/07/2025,01:17:41,45.67802,-62.49554,7994.0,0.0,SKT-4214,1,0,GPNV
29/07/2025,01:17:48,45.68572,-62.48421,7993.0,0.0,SKT-4214,1,0,GPNV
29/07/2025,01:17:56,45.69457,-62.47122,7993.0,0.0,SKT-4214,1,0,GPNV
29/07/2025,01:18:04,45.70348,-62.45819,7993.0,0.0,SKT-4214,1,0,GPNV
29/07/2025,01:18:12,45.71243,-62.44511,7993.0,-0.0,SKT-4214,1,0,GPNV
29/07/2025,01:18:19,45.72027,-62.43363,7993.0,0.0,SKT-4214,1,0,GPNV
29/07/2025,01:18:27,45.72926,-62.42046,7994.0,0.0,SKT-4214,1,0,GPNV
29/07/2025,01:18:34,45.73715,-62.40888,7994.0,0.0,SKT-4214,1,0,GPNV
29/07/2025,01:18:41,45.74507,-62.39728,7993.0,-0.0,SKT-4214,1,0,GPNV
29/07/2025,01:18:48,45.75301,-62.38565,7993.0,0.0,SKT-4214,1,0,GPNV
29/07/2025,01:18:56,45.76211,-62.37232,7993.0,0.0,SKT-4214,1,0,GPNV
29/07/2025,01:19:03,45.77008,-62.36061,7993.0,0.0,SKT-4214,1,0,GPNV
29/07/2025,01:19:10,45.77806,-62.34887,7993.0,0.0,SKT-4214,1,0,GPNV
29/07/2025,01:19:18,45.7872,-62.33541,7992.0,0.0,SKT-4214,1,0,GPNV
29/07/2025,01:19:25,45.7952,-62.32359,7988.0,0.0,SKT-4214,1,0,GPNV
29/07/2025,01:19:33,45.80434,-62.31003,7990.0,0.0,SKT-4214,1,0,GPNV
29/07/2025,01:19:41,45.8135,-62.29644,7991.0,0.0,SKT-4214,1,0,GPNV
29/07/2025,01:19:48,45.8215,-62.2845,7991.0,0.0,SKT-4214,1,0,GPNV
29/07/2025,01:19:55,45.82952,-62.27254,7992.0,0.0,SKT-4214,1,0,GPNV
29/07/2025,01:20:02,45.83753,-62.26054,7992.0,0.0,SKT-4214,1,0,GPNV
29/07/2025,01:20:10,45.8467,-62.24682,7992.0,0.0,SKT-4214,1,0,GPNV
29/07/2025,01:20:17,45.85474,-62.23483,7992.0,0.0,SKT-4214,1,0,GPNV
29/07/2025,01:20:24,45.8628,-62.22285,7993.0,0.0,SKT-4214,1,0,GPNV
29/07/2025,01:20:32,45.87201,-62.20913,7992.0,0.0,SKT-4214,1,0,GPNV
29/07/2025,01:20:39,45.88006,-62.19711,7991.0,0.0,SKT-4214,1,0,GPNV
29/07/2025,01:20:47,45.88929,-62.18337,7991.0,0.0,SKT-4214,1,0,GPNV
29/07/2025,01:20:54,45.89739,-62.17134,7991.0,0.0,SKT-4214,1,0,GPNV
29/07/2025,01:21:01,45.90548,-62.15929,7991.0,0.0,SKT-4214,1,0,GPNV
29/07/2025,01:21:08,45.91358,-62.14723,7991.0,0.0,SKT-4214,1,0,GPNV
29/07/2025,01:21:15,45.92169,-62.13516,7991.0,0.0,SKT-4214,1,0,GPNV
29/07/2025,01:21:23,45.93097,-62.12137,7990.0,0.0,SKT-4214,1,0,GPNV
29/07/2025,01:21:30,45.93911,-62.10931,7990.0,0.0,SKT-4214,1,0,GPNV
29/07/2025,01:21:37,45.94725,-62.09725,7990.0,0.0,SKT-4214,1,0,GPNV
29/07/2025,01:21:44,45.95539,-62.08517,7990.0,0.0,SKT-4214,1,0,GPNV
29/07/2025,01:21:52,45.96468,-62.07136,7990.0,0.0,SKT-4214,1,0,GPNV
29/07/2025,01:22:00,45.97398,-62.05754,7990.0,0.0,SKT-4214,1,0,GPNV
29/07/2025,01:22:07,45.98212,-62.04544,7990.0,0.0,SKT-4214,1,0,GPNV
29/07/2025,01:22:14,45.99026,-62.03333,7989.0,0.0,SKT-4214,1,0,GPNV
29/07/2025,01:22:22,45.99957,-62.01946,7989.0,0.0,SKT-4214,1,0,GPNV
29/07/2025,01:22:29,46.00772,-62.00731,7988.0,0.0,SKT-4214,1,0,GPNV
29/07/2025,01:22:36,46.01585,-61.99514,7989.0,0.0,SKT-4214,1,0,GPNV
29/07/2025,01:22:43,46.02398,-61.98294,7988.0,0.0,SKT-4214,1,0,GPNV
29/07/2025,01:22:50,46.0321,-61.97073,7988.0,0.0,SKT-4214,1,0,GPNV
29/07/2025,01:22:58,46.04139,-61.9568,7989.0,0.0,SKT-4214,1,0,GPNV
29/07/2025,01:23:05,46.0495,-61.9446,7989.0,0.0,SKT-4214,1,0,GPNV
29/07/2025,01:23:12,46.05762,-61.93239,7989.0,-0.0,SKT-4214,1,0,GPNV
29/07/2025,01:23:20,46.06689,-61.91842,7988.0,0.0,SKT-4214,1,0,GPNV
29/07/2025,01:23:27,46.07501,-61.90619,7988.0,0.0,SKT-4214,1,0,GPNV
29/07/2025,01:23:34,46.08311,-61.89396,7988.0,0.0,SKT-4214,1,0,GPNV
29/07/2025,01:23:42,46.09236,-61.87997,7987.0,0.0,SKT-4214,1,0,GPNV
29/07/2025,01:23:49,46.10044,-61.86773,7987.0,0.0,SKT-4214,1,0,GPNV
29/07/2025,01:23:56,46.10852,-61.85549,7987.0,0.0,SKT-4214,1,0,GPNV
29/07/2025,01:24:03,46.11661,-61.84326,7986.0,0.0,SKT-4214,1,0,GPNV
29/07/2025,01:24:11,46.12585,-61.82928,7986.0,0.0,SKT-4214,1,0,GPNV
29/07/2025,01:24:18,46.13394,-61.81706,7986.0,0.0,SKT-4214,1,0,GPNV
29/07/2025,01:24:25,46.14203,-61.80485,7987.0,0.0,SKT-4214,1,0,GPNV
29/07/2025,01:24:33,46.15128,-61.79088,7986.0,0.0,SKT-4214,1,0,GPNV
29/07/2025,01:24:40,46.15937,-61.77863,7986.0,0.0,SKT-4214,1,0,GPNV
29/07/2025,01:24:47,46.16746,-61.76637,7985.0,0.0,SKT-4214,1,0,GPNV
29/07/2025,01:24:54,46.17555,-61.7541,7985.0,0.0,SKT-4214,1,0,GPNV
29/07/2025,01:25:01,46.18365,-61.74183,7985.0,0.0,SKT-4214,1,0,GPNV
29/07/2025,01:25:08,46.19175,-61.72955,7985.0,0.0,SKT-4214,1,0,GPNV
29/07/2025,01:25:15,46.19984,-61.71726,7985.0,0.0,SKT-4214,1,0,GPNV
29/07/2025,01:25:23,46.2091,-61.70321,7984.0,0.0,SKT-4214,1,0,GPNV
29/07/2025,01:25:30,46.21721,-61.69091,7984.0,0.0,SKT-4214,1,0,GPNV
29/07/2025,01:25:37,46.22533,-61.67863,7984.0,0.0,SKT-4214,1,0,GPNV
29/07/2025,01:25:44,46.23347,-61.66636,7984.0,0.0,SKT-4214,1,0,GPNV
29/07/2025,01:25:51,46.24161,-61.65409,7984.0,-0.0,SKT-4214,1,0,GPNV
29/07/2025,01:25:59,46.2509,-61.64006,7984.0,-0.0,SKT-4214,1,0,GPNV
29/07/2025,01:26:06,46.25902,-61.62777,7983.0,0.0,SKT-4214,1,0,GPNV
29/07/2025,01:26:13,46.26714,-61.61545,7983.0,0.0,SKT-4214,1,0,GPNV
29/07/2025,01:26:20,46.27526,-61.60313,7983.0,0.0,SKT-4214,1,0,GPNV
29/07/2025,01:26:28,46.28454,-61.58902,7983.0,-0.0,SKT-4214,1,0,GPNV
29/07/2025,01:26:35,46.29266,-61.57667,7983.0,0.0,SKT-4214,1,0,GPNV
29/07/2025,01:26:42,46.30079,-61.56432,7983.0,0.0,SKT-4214,1,0,GPNV
29/07/2025,01:26:49,46.30892,-61.55196,7982.0,0.0,SKT-4214,1,0,GPNV
29/07/2025,01:26:56,46.31704,-61.5396,7982.0,0.0,SKT-4214,1,0,GPNV
29/07/2025,01:27:04,46.32632,-61.52545,7982.0,0.0,SKT-4214,1,0,GPNV
29/07/2025,01:27:12,46.33558,-61.51129,7981.0,0.0,SKT-4214,1,0,GPNV
29/07/2025,01:27:19,46.3437,-61.49891,7981.0,0.0,SKT-4214,1,0,GPNV
29/07/2025,01:27:26,46.35181,-61.48653,7982.0,0.0,SKT-4214,1,0,GPNV
29/07/2025,01:27:33,46.35993,-61.47415,7982.0,0.0,SKT-4214,1,0,GPNV
29/07/2025,01:27:41,46.3692,-61.45999,7982.0,0.0,SKT-4214,1,0,GPNV
29/07/2025,01:27:48,46.3773,-61.44758,7981.0,-0.0,SKT-4214,1,0,GPNV
29/07/2025,01:27:55,46.38541,-61.43517,7981.0,0.0,SKT-4214,1,0,GPNV
29/07/2025,01:28:02,46.39353,-61.42277,7980.0,0.0,SKT-4214,1,0,GPNV
29/07/2025,01:28:09,46.40165,-61.41036,7980.0,0.0,SKT-4214,1,0,GPNV
29/07/2025,01:28:17,46.41094,-61.39618,7980.0,0.0,SKT-4214,1,0,GPNV
29/07/2025,01:28:24,46.41907,-61.38377,7980.0,0.0,SKT-4214,1,0,GPNV
29/07/2025,01:28:31,46.42719,-61.37133,7980.0,-0.0,SKT-4214,1,0,GPNV
29/07/2025,01:28:39,46.43646,-61.35711,7980.0,-0.0,SKT-4214,1,0,GPNV
29/07/2025,01:28:46,46.44458,-61.34464,7979.0,0.0,SKT-4214,1,0,GPNV
29/07/2025,01:28:53,46.4527,-61.33216,7980.0,0.0,SKT-4214,1,0,GPNV
29/07/2025,01:29:00,46.46083,-61.31968,7979.0,0.0,SKT-4214,1,0,GPNV
29/07/2025,01:29:08,46.47012,-61.30539,7979.0,-0.0,SKT-4214,1,0,GPNV
29/07/2025,01:29:16,46.4794,-61.29108,7978.0,0.0,SKT-4214,1,0,GPNV
29/07/2025,01:29:23,46.48752,-61.27854,7978.0,0.0,SKT-4214,1,0,GPNV
29/07/2025,01:29:30,46.49565,-61.266,7978.0,0.0,SKT-4214,1,0,GPNV
29/07/2025,01:29:38,46.50494,-61.25166,7977.0,0.0,SKT-4214,1,0,GPNV
29/07/2025,01:29:45,46.51308,-61.23911,7977.0,-0.0,SKT-4214,1,0,GPNV
29/07/2025,01:29:52,46.52121,-61.22656,7978.0,0.0,SKT-4214,1,0,GPNV
29/07/2025,01:29:59,46.52934,-61.21401,7977.0,0.0,SKT-4214,1,0,GPNV
29/07/2025,01:30:06,46.53748,-61.20146,7978.0,0.0,SKT-4214,1,0,GPNV
29/07/2025,01:30:14,46.54678,-61.18711,7977.0,0.0,SKT-4214,1,0,GPNV
29/07/2025,01:30:21,46.55492,-61.17455,7977.0,0.0,SKT-4214,1,0,GPNV
29/07/2025,01:30:28,46.56306,-61.16198,7977.0,0.0,SKT-4214,1,0,GPNV
29/07/2025,01:30:36,46.57236,-61.14761,7977.0,0.0,SKT-4214,1,0,GPNV
29/07/2025,01:30:43,46.58051,-61.13505,7976.0,0.0,SKT-4214,1,0,GPNV
29/07/2025,01:30:50,46.58867,-61.12249,7975.0,0.0,SKT-4214,1,0,GPNV
29/07/2025,01:30:58,46.59797,-61.10812,7975.0,0.0,SKT-4214,1,0,GPNV
29/07/2025,01:31:05,46.60608,-61.09554,7975.0,0.0,SKT-4214,1,0,GPNV
29/07/2025,01:31:13,46.61535,-61.08115,7975.0,0.0,SKT-4214,1,0,GPNV
29/07/2025,01:31:21,46.62461,-61.06677,7975.0,0.0,SKT-4214,1,0,GPNV
29/07/2025,01:31:28,46.63272,-61.05419,7976.0,0.0,SKT-4214,1,0,GPNV
29/07/2025,01:31:35,46.64083,-61.04161,7975.0,0.0,SKT-4214,1,0,GPNV
29/07/2025,01:31:42,46.64893,-61.02901,7975.0,-0.0,SKT-4214,1,0,GPNV
29/07/2025,01:31:49,46.65701,-61.01641,7975.0,0.0,SKT-4214,1,0,GPNV
29/07/2025,01:31:56,46.66508,-61.00382,7975.0,-0.0,SKT-4214,1,0,GPNV
29/07/2025,01:32:04,46.67433,-60.98946,7975.0,-0.0,SKT-4214,1,0,GPNV
29/07/2025,01:32:11,46.68242,-60.97689,7974.0,0.0,SKT-4214,1,0,GPNV
29/07/2025,01:32:18,46.6905,-60.9643,7974.0,0.0,SKT-4214,1,0,GPNV
29/07/2025,01:32:25,46.69858,-60.9517,7974.0,0.0,SKT-4214,1,0,GPNV
29/07/2025,01:32:33,46.70781,-60.9373,7973.0,-0.0,SKT-4214,1,0,GPNV
29/07/2025,01:32:40,46.71588,-60.92469,7972.0,-0.0,SKT-4214,1,0,GPNV
29/07/2025,01:32:47,46.72395,-60.91208,7971.0,-0.0,SKT-4214,1,0,GPNV
29/07/2025,01:32:55,46.73318,-60.89767,7971.0,0.0,SKT-4214,1,0,GPNV
29/07/2025,01:33:02,46.74126,-60.88507,7972.0,-0.0,SKT-4214,1,0,GPNV
29/07/2025,01:33:10,46.7505,-60.87066,7971.0,-0.0,SKT-4214,1,0,GPNV
29/07/2025,01:33:17,46.75858,-60.85804,7972.0,-0.0,SKT-4214,1,0,GPNV
29/07/2025,01:33:24,46.76667,-60.84539,7972.0,0.0,SKT-4214,1,0,GPNV
29/07/2025,01:33:31,46.77475,-60.83274,7973.0,-0.0,SKT-4214,1,0,GPNV
29/07/2025,01:33:39,46.784,-60.81829,7973.0,-0.0,SKT-4214,1,0,GPNV
29/07/2025,01:33:46,46.7921,-60.80563,7973.0,-0.0,SKT-4214,1,0,GPNV
29/07/2025,01:33:53,46.80019,-60.79294,7972.0,0.0,SKT-4214,1,0,GPNV
29/07/2025,01:34:00,46.80828,-60.78023,7972.0,0.0,SKT-4214,1,0,GPNV
29/07/2025,01:34:08,46.81752,-60.76571,7972.0,0.0,SKT-4214,1,0,GPNV
29/07/2025,01:34:15,46.82562,-60.75299,7971.0,0.0,SKT-4214,1,0,GPNV
29/07/2025,01:34:23,46.83487,-60.73841,7972.0,0.0,SKT-4214,1,0,GPNV
29/07/2025,01:34:30,46.84297,-60.72564,7971.0,-0.0,SKT-4214,1,0,GPNV
29/07/2025,01:34:38,46.85224,-60.71104,7971.0,0.0,SKT-4214,1,0,GPNV
29/07/2025,01:34:45,46.86036,-60.69826,7971.0,0.0,SKT-4214,1,0,GPNV
29/07/2025,01:34:52,46.86848,-60.68546,7971.0,0.0,SKT-4214,1,0,GPNV
29/07/2025,01:34:59,46.8766,-60.67267,7971.0,0.0,SKT-4214,1,0,GPNV
29/07/2025,01:35:06,46.88474,-60.65987,7970.0,-0.0,SKT-4214,1,0,GPNV
29/07/2025,01:35:14,46.89403,-60.64523,7970.0,0.0,SKT-4214,1,0,GPNV
29/07/2025,01:35:21,46.90217,-60.6324,7969.0,-0.0,SKT-4214,1,0,GPNV
29/07/2025,01:35:28,46.91032,-60.61956,7969.0,-0.0,SKT-4214,1,0,GPNV
29/07/2025,01:35:36,46.91967,-60.6049,7968.0,0.0,SKT-4214,1,0,GPNV
29/07/2025,01:35:43,46.92785,-60.59205,7968.0,-0.0,SKT-4214,1,0,GPNV
29/07/2025,01:35:50,46.93602,-60.57917,7968.0,-0.0,SKT-4214,1,0,GPNV
29/07/2025,01:35:57,46.94419,-60.56625,7968.0,0.0,SKT-4214,1,0,GPNV
29/07/2025,01:36:05,46.95352,-60.55147,7967.0,0.0,SKT-4214,1,0,GPNV
29/07/2025,01:36:12,46.96169,-60.53854,7967.0,-0.0,SKT-4214,1,0,GPNV
29/07/2025,01:36:19,46.96986,-60.52561,7966.0,0.0,SKT-4214,1,0,GPNV
29/07/2025,01:36:27,46.97919,-60.51084,7966.0,0.0,SKT-4214,1,0,GPNV
29/07/2025,01:36:34,46.98735,-60.49791,7966.0,0.0,SKT-4214,1,0,GPNV
29/07/2025,01:36:42,46.99667,-60.48314,7964.0,0.0,SKT-4214,1,0,GPNV
29/07/2025,01:36:49,47.00482,-60.47021,7964.0,-0.0,SKT-4214,1,0,GPNV
29/07/2025,01:36:56,47.01297,-60.45731,7964.0,0.0,SKT-4214,1,0,GPNV
29/07/2025,01:37:03,47.02113,-60.44439,7963.0,0.0,SKT-4214,1,0,GPNV
29/07/2025,01:37:10,47.02928,-60.43147,7964.0,0.0,SKT-4214,1,0,GPNV
29/07/2025,01:37:17,47.03743,-60.41854,7964.0,0.0,SKT-4214,1,0,GPNV
29/07/2025,01:37:25,47.04677,-60.40374,7964.0,0.0,SKT-4214,1,0,GPNV
29/07/2025,01:37:32,47.05494,-60.39077,7964.0,0.0,SKT-4214,1,0,GPNV
29/07/2025,01:37:39,47.0631,-60.37776,7964.0,0.0,SKT-4214,1,0,GPNV
29/07/2025,01:37:47,47.07243,-60.36288,7964.0,0.0,SKT-4214,1,0,GPNV
29/07/2025,01:37:54,47.08061,-60.34986,7963.0,0.0,SKT-4214,1,0,GPNV
29/07/2025,01:38:01,47.08882,-60.33686,7963.0,0.0,SKT-4214,1,0,GPNV
29/07/2025,01:38:09,47.09819,-60.32196,7962.0,0.0,SKT-4214,1,0,GPNV
29/07/2025,01:38:16,47.10637,-60.3089,7962.0,0.0,SKT-4214,1,0,GPNV
29/07/2025,01:38:23,47.11454,-60.2958,7961.0,0.0,SKT-4214,1,0,GPNV
29/07/2025,01:38:31,47.12389,-60.28085,7961.0,0.0,SKT-4214,1,0,GPNV
29/07/2025,01:38:38,47.13207,-60.26777,7961.0,0.0,SKT-4214,1,0,GPNV
29/07/2025,01:38:45,47.14025,-60.2547,7961.0,0.0,SKT-4214,1,0,GPNV
29/07/2025,01:38:53,47.14959,-60.23974,7961.0,0.0,SKT-4214,1,0,GPNV
29/07/2025,01:39:00,47.15775,-60.22663,7961.0,-0.0,SKT-4214,1,0,GPNV
29/07/2025,01:39:07,47.1659,-60.21352,7961.0,-0.0,SKT-4214,1,0,GPNV
29/07/2025,01:39:14,47.17407,-60.20042,7961.0,-0.0,SKT-4214,1,0,GPNV
29/07/2025,01:39:22,47.18341,-60.18549,7961.0,-0.0,SKT-4214,1,0,GPNV
29/07/2025,01:39:29,47.19159,-60.17244,7962.0,-0.0,SKT-4214,1,0,GPNV
29/07/2025,01:39:36,47.19975,-60.15936,7961.0,-0.0,SKT-4214,1,0,GPNV
29/07/2025,01:39:43,47.2079,-60.14626,7960.0,-0.0,SKT-4214,1,0,GPNV
29/07/2025,01:39:51,47.21721,-60.13128,7960.0,0.0,SKT-4214,1,0,GPNV
29/07/2025,01:39:58,47.22534,-60.11814,7959.0,-0.0,SKT-4214,1,0,GPNV
29/07/2025,01:40:06,47.23464,-60.10316,7957.0,-0.0,SKT-4214,1,0,GPNV
29/07/2025,01:40:13,47.24279,-60.09005,7957.0,0.0,SKT-4214,1,0,GPNV
29/07/2025,01:40:20,47.25093,-60.07693,7958.0,-0.0,SKT-4214,1,0,GPNV
29/07/2025,01:40:28,47.26022,-60.06192,7958.0,-0.0,SKT-4214,1,0,GPNV
29/07/2025,01:40:35,47.26835,-60.04876,7959.0,-0.0,SKT-4214,1,0,GPNV
29/07/2025,01:40:43,47.27765,-60.03374,7959.0,-0.0,SKT-4214,1,0,GPNV
29/07/2025,01:40:50,47.28581,-60.02063,7959.0,0.0,SKT-4214,1,0,GPNV
29/07/2025,01:40:57,47.29397,-60.00752,7959.0,0.0,SKT-4214,1,0,GPNV
29/07/2025,01:41:04,47.30213,-59.9944,7959.0,0.0,SKT-4214,1,0,GPNV
29/07/2025,01:41:12,47.31145,-59.97938,7959.0,-0.0,SKT-4214,1,0,GPNV
29/07/2025,01:41:19,47.31959,-59.96621,7959.0,-0.0,SKT-4214,1,0,GPNV
29/07/2025,01:41:26,47.32774,-59.95304,7958.0,0.0,SKT-4214,1,0,GPNV
29/07/2025,01:41:33,47.33588,-59.93987,7958.0,-0.0,SKT-4214,1,0,GPNV
29/07/2025,01:41:41,47.34518,-59.92482,7959.0,-0.0,SKT-4214,1,0,GPNV
29/07/2025,01:41:48,47.35332,-59.91166,7958.0,-0.0,SKT-4214,1,0,GPNV
29/07/2025,01:41:56,47.36264,-59.89663,7955.0,-0.0,SKT-4214,1,0,GPNV
29/07/2025,01:42:04,47.37194,-59.88156,7954.0,0.0,SKT-4214,1,0,GPNV
29/07/2025,01:42:12,47.38124,-59.86648,7954.0,-0.0,SKT-4214,1,0,GPNV
29/07/2025,01:42:19,47.38937,-59.85328,7953.0,0.0,SKT-4214,1,0,GPNV
29/07/2025,01:42:26,47.3975,-59.84005,7953.0,0.0,SKT-4214,1,0,GPNV
29/07/2025,01:42:33,47.40562,-59.82682,7954.0,-0.0,SKT-4214,1,0,GPNV
29/07/2025,01:42:40,47.41375,-59.81359,7953.0,0.0,SKT-4214,1,0,GPNV
29/07/2025,01:42:48,47.42327,-59.79887,7954.0,0.0,SKT-4214,1,0,GPNV
29/07/2025,01:42:55,47.43193,-59.78656,7953.0,0.0,SKT-4214,1,0,GPNV
29/07/2025,01:43:02,47.44079,-59.77462,7954.0,-0.0,SKT-4214,1,0,GPNV
29/07/2025,01:43:09,47.44978,-59.76296,7954.0,-0.0,SKT-4214,1,0,GPNV
29/07/2025,01:43:17,47.46015,-59.74984,7953.0,-0.0,SKT-4214,1,0,GPNV
29/07/2025,01:43:25,47.47056,-59.7368,7953.0,-0.0,SKT-4214,1,0,GPNV
29/07/2025,01:43:32,47.47969,-59.72541,7953.0,-0.0,SKT-4214,1,0,GPNV
29/07/2025,01:43:39,47.48883,-59.71402,7953.0,-0.0,SKT-4214,1,0,GPNV
29/07/2025,01:43:47,47.49929,-59.70103,7952.0,-0.0,SKT-4214,1,0,GPNV
29/07/2025,01:43:54,47.50846,-59.68963,7952.0,-0.0,SKT-4214,1,0,GPNV
29/07/2025,01:44:01,47.5176,-59.67818,7952.0,-0.0,SKT-4214,1,0,GPNV
29/07/2025,01:44:09,47.52806,-59.66506,7952.0,-0.0,SKT-4214,1,0,GPNV
29/07/2025,01:44:16,47.5372,-59.65355,7951.0,0.0,SKT-4214,1,0,GPNV
29/07/2025,01:44:23,47.54634,-59.64201,7951.0,-0.0,SKT-4214,1,0,GPNV
29/07/2025,01:44:30,47.55548,-59.63045,7951.0,-0.0,SKT-4214,1,0,GPNV
29/07/2025,01:44:37,47.5646,-59.61886,7951.0,-0.0,SKT-4214,1,0,GPNV
29/07/2025,01:44:45,47.575,-59.60558,7950.0,0.0,SKT-4214,1,0,GPNV
29/07/2025,01:44:52,47.58411,-59.59396,7951.0,-0.0,SKT-4214,1,0,GPNV
29/07/2025,01:44:59,47.59322,-59.58237,7951.0,-0.0,SKT-4214,1,0,GPNV
29/07/2025,01:45:06,47.60234,-59.57082,7950.0,-0.0,SKT-4214,1,0,GPNV
29/07/2025,01:45:14,47.61274,-59.55758,7950.0,-0.0,SKT-4214,1,0,GPNV
29/07/2025,01:45:21,47.62182,-59.54596,7949.0,0.0,SKT-4214,1,0,GPNV
29/07/2025,01:45:28,47.6309,-59.53432,7949.0,-0.0,SKT-4214,1,0,GPNV
29/07/2025,01:45:36,47.64129,-59.52104,7948.0,0.0,SKT-4214,1,0,GPNV
29/07/2025,01:45:43,47.65038,-59.50941,7948.0,0.0,SKT-4214,1,0,GPNV
29/07/2025,01:45:50,47.65948,-59.49779,7948.0,-0.0,SKT-4214,1,0,GPNV
29/07/2025,01:45:57,47.66858,-59.48617,7948.0,0.0,SKT-4214,1,0,GPNV
29/07/2025,01:46:04,47.67767,-59.47454,7949.0,-0.0,SKT-4214,1,0,GPNV
29/07/2025,01:46:12,47.68806,-59.46122,7948.0,0.0,SKT-4214,1,0,GPNV
29/07/2025,01:46:19,47.69714,-59.44955,7948.0,0.0,SKT-4214,1,0,GPNV
29/07/2025,01:46:26,47.70621,-59.43786,7947.0,0.0,SKT-4214,1,0,GPNV
29/07/2025,01:46:34,47.71659,-59.42449,7948.0,0.0,SKT-4214,1,0,GPNV
29/07/2025,01:46:41,47.72568,-59.41281,7946.0,-0.0,SKT-4214,1,0,GPNV
29/07/2025,01:46:48,47.73478,-59.40115,7946.0,-0.0,SKT-4214,1,0,GPNV
29/07/2025,01:46:56,47.74519,-59.38783,7946.0,0.0,SKT-4214,1,0,GPNV
29/07/2025,01:47:03,47.75428,-59.37611,7946.0,0.0,SKT-4214,1,0,GPNV
29/07/2025,01:47:11,47.76465,-59.36269,7945.0,0.0,SKT-4214,1,0,GPNV
29/07/2025,01:47:18,47.77375,-59.35099,7945.0,0.0,SKT-4214,1,0,GPNV
29/07/2025,01:47:25,47.78285,-59.33928,7945.0,0.0,SKT-4214,1,0,GPNV
29/07/2025,01:47:33,47.79326,-59.32587,7944.0,0.0,SKT-4214,1,0,GPNV
29/07/2025,01:47:40,47.80235,-59.31413,7944.0,0.0,SKT-4214,1,0,GPNV
29/07/2025,01:47:47,47.81145,-59.30238,7944.0,-0.0,SKT-4214,1,0,GPNV
29/07/2025,01:47:54,47.82055,-59.29064,7944.0,0.0,SKT-4214,1,0,GPNV
29/07/2025,01:48:02,47.83094,-59.27719,7944.0,0.0,SKT-4214,1,0,GPNV
29/07/2025,01:48:09,47.84005,-59.26544,7943.0,0.0,SKT-4214,1,0,GPNV
29/07/2025,01:48:16,47.84917,-59.25371,7943.0,0.0,SKT-4214,1,0,GPNV
29/07/2025,01:48:24,47.85959,-59.24026,7944.0,-0.0,SKT-4214,1,0,GPNV
29/07/2025,01:48:31,47.86869,-59.22846,7942.0,-0.0,SKT-4214,1,0,GPNV
29/07/2025,01:48:38,47.8778,-59.21665,7943.0,0.0,SKT-4214,1,0,GPNV
29/07/2025,01:48:45,47.8869,-59.20483,7942.0,0.0,SKT-4214,1,0,GPNV
29/07/2025,01:48:53,47.8973,-59.19131,7943.0,-0.0,SKT-4214,1,0,GPNV
29/07/2025,01:49:01,47.90771,-59.17778,7942.0,0.0,SKT-4214,1,0,GPNV
29/07/2025,01:49:08,47.91683,-59.16595,7942.0,0.0,SKT-4214,1,0,GPNV
29/07/2025,01:49:15,47.92596,-59.15413,7943.0,0.0,SKT-4214,1,0,GPNV
29/07/2025,01:49:23,47.9364,-59.14063,7941.0,0.0,SKT-4214,1,0,GPNV
29/07/2025,01:49:30,47.94554,-59.1288,7940.0,-0.0,SKT-4214,1,0,GPNV
29/07/2025,01:49:38,47.95598,-59.11525,7941.0,0.0,SKT-4214,1,0,GPNV
29/07/2025,01:49:45,47.96511,-59.10336,7940.0,0.0,SKT-4214,1,0,GPNV
29/07/2025,01:49:54,47.97684,-59.08805,7941.0,0.0,SKT-4214,1,0,GPNV
29/07/2025,01:50:01,47.98598,-59.07615,7941.0,0.0,SKT-4214,1,0,GPNV
29/07/2025,01:50:08,47.99514,-59.06426,7941.0,0.0,SKT-4214,1,0,GPNV
29/07/2025,01:50:15,48.0043,-59.05235,7940.0,-0.0,SKT-4214,1,0,GPNV
29/07/2025,01:50:22,48.01344,-59.04041,7940.0,0.0,SKT-4214,1,0,GPNV
29/07/2025,01:50:29,48.0226,-59.02846,7940.0,0.0,SKT-4214,1,0,GPNV
29/07/2025,01:50:36,48.03175,-59.0165,7940.0,-0.0,SKT-4214,1,0,GPNV
29/07/2025,01:50:44,48.04222,-59.00286,7940.0,0.0,SKT-4214,1,0,GPNV
29/07/2025,01:50:51,48.05143,-58.99097,7940.0,0.0,SKT-4214,1,0,GPNV
29/07/2025,01:50:58,48.06062,-58.97907,7941.0,-0.0,SKT-4214,1,0,GPNV
29/07/2025,01:51:05,48.06978,-58.96712,7940.0,-0.0,SKT-4214,1,0,GPNV
29/07/2025,01:51:12,48.07891,-58.95514,7940.0,0.0,SKT-4214,1,0,GPNV
29/07/2025,01:51:19,48.08806,-58.94317,7940.0,-0.0,SKT-4214,1,0,GPNV
29/07/2025,01:51:26,48.09721,-58.93124,7940.0,-0.0,SKT-4214,1,0,GPNV
29/07/2025,01:51:33,48.10637,-58.91931,7939.0,0.0,SKT-4214,1,0,GPNV
29/07/2025,01:51:41,48.11681,-58.90566,7939.0,-0.0,SKT-4214,1,0,GPNV
29/07/2025,01:51:48,48.12593,-58.89369,7939.0,0.0,SKT-4214,1,0,GPNV
29/07/2025,01:51:55,48.13503,-58.8817,7939.0,0.0,SKT-4214,1,0,GPNV
29/07/2025,01:52:03,48.14543,-58.86799,7938.0,-0.0,SKT-4214,1,0,GPNV
29/07/2025,01:52:10,48.15454,-58.85601,7937.0,0.0,SKT-4214,1,0,GPNV
29/07/2025,01:52:17,48.16365,-58.84404,7937.0,-0.0,SKT-4214,1,0,GPNV
29/07/2025,01:52:24,48.17278,-58.83208,7933.0,-0.0,SKT-4214,1,0,GPNV
29/07/2025,01:52:32,48.18319,-58.81837,7906.0,0.0,SKT-4214,1,0,GPNV
29/07/2025,01:52:39,48.19215,-58.80619,7853.0,0.0,SKT-4214,1,0,GPNV
29/07/2025,01:52:46,48.20111,-58.79391,7779.0,0.0,SKT-4214,1,0,GPNV
29/07/2025,01:52:53,48.21022,-58.78175,7713.0,0.0,SKT-4214,1,0,GPNV
29/07/2025,01:53:01,48.22077,-58.76805,7641.0,0.0,SKT-4214,1,0,GPNV
29/07/2025,01:53:08,48.23006,-58.75606,7568.0,0.0,SKT-4214,1,0,GPNV
29/07/2025,01:53:15,48.23938,-58.74397,7494.0,0.0,SKT-4214,1,0,GPNV
29/07/2025,01:53:23,48.25003,-58.73006,7410.0,0.0,SKT-4214,1,0,GPNV
29/07/2025,01:53:30,48.25932,-58.71782,7338.0,0.0,SKT-4214,1,0,GPNV
29/07/2025,01:53:37,48.26859,-58.70556,7262.0,0.0,SKT-4214,1,0,GPNV
29/07/2025,01:53:45,48.27908,-58.69151,7179.0,0.0,SKT-4214,1,0,GPNV
29/07/2025,01:53:52,48.28814,-58.67923,7111.0,0.0,SKT-4214,1,0,GPNV
29/07/2025,01:53:59,48.29715,-58.66706,7038.0,0.0,SKT-4214,1,0,GPNV
29/07/2025,01:54:06,48.30611,-58.65498,6965.0,0.0,SKT-4214,1,0,GPNV
29/07/2025,01:54:13,48.31503,-58.64297,6897.0,0.0,SKT-4214,1,0,GPNV
29/07/2025,01:54:20,48.32391,-58.63107,6830.0,0.0,SKT-4214,1,0,GPNV
29/07/2025,01:54:28,48.33401,-58.61759,6748.0,0.0,SKT-4214,1,0,GPNV
29/07/2025,01:54:35,48.3429,-58.60603,6679.0,0.0,SKT-4214,1,0,GPNV
29/07/2025,01:54:42,48.35177,-58.59458,6614.0,0.0,SKT-4214,1,0,GPNV
29/07/2025,01:54:50,48.36184,-58.58152,6538.0,0.0,SKT-4214,1,0,GPNV
29/07/2025,01:54:57,48.37057,-58.57008,6469.0,-0.0,SKT-4214,1,0,GPNV
29/07/2025,01:55:04,48.37928,-58.55864,6400.0,-0.0,SKT-4214,1,0,GPNV
29/07/2025,01:55:12,48.38918,-58.54559,6323.0,0.0,SKT-4214,1,0,GPNV
29/07/2025,01:55:19,48.39782,-58.53422,6255.0,0.0,SKT-4214,1,0,GPNV
29/07/2025,01:55:26,48.40643,-58.52284,6187.0,0.0,SKT-4214,1,0,GPNV
29/07/2025,01:55:33,48.415,-58.51146,6122.0,0.0,SKT-4214,1,0,GPNV
29/07/2025,01:55:41,48.42474,-58.49846,6046.0,0.0,SKT-4214,1,0,GPNV
29/07/2025,01:55:48,48.43327,-58.4871,5974.0,0.0,SKT-4214,1,0,GPNV
29/07/2025,01:55:55,48.44179,-58.47576,5902.0,0.0,SKT-4214,1,0,GPNV
29/07/2025,01:56:02,48.4503,-58.46444,5838.0,-0.0,SKT-4214,1,0,GPNV
29/07/2025,01:56:10,48.45998,-58.45154,5760.0,0.0,SKT-4214,1,0,GPNV
29/07/2025,01:56:17,48.46843,-58.44026,5689.0,-0.0,SKT-4214,1,0,GPNV
29/07/2025,01:56:24,48.47687,-58.42899,5623.0,-0.0,SKT-4214,1,0,GPNV
29/07/2025,01:56:31,48.48529,-58.41777,5558.0,0.0,SKT-4214,1,0,GPNV
29/07/2025,01:56:39,48.49481,-58.40478,5477.0,0.0,SKT-4214,1,0,GPNV
29/07/2025,01:56:46,48.50306,-58.39332,5412.0,0.0,SKT-4214,1,0,GPNV
29/07/2025,01:56:53,48.51131,-58.38194,5347.0,0.0,SKT-4214,1,0,GPNV
29/07/2025,01:57:01,48.52076,-58.36901,5271.0,0.0,SKT-4214,1,0,GPNV
29/07/2025,01:57:09,48.53022,-58.35612,5195.0,0.0,SKT-4214,1,0,GPNV
29/07/2025,01:57:16,48.53852,-58.34493,5130.0,0.0,SKT-4214,1,0,GPNV
29/07/2025,01:57:24,48.54805,-58.33226,5056.0,0.0,SKT-4214,1,0,GPNV
29/07/2025,01:57:31,48.55637,-58.32118,4988.0,0.0,SKT-4214,1,0,GPNV
29/07/2025,01:57:38,48.56468,-58.31004,4922.0,0.0,SKT-4214,1,0,GPNV
29/07/2025,01:57:46,48.57416,-58.29728,4847.0,0.0,SKT-4214,1,0,GPNV
29/07/2025,01:57:53,48.58246,-58.28613,4781.0,0.0,SKT-4214,1,0,GPNV
29/07/2025,01:58:00,48.59075,-58.27497,4718.0,0.0,SKT-4214,1,0,GPNV
29/07/2025,01:58:07,48.59905,-58.26389,4654.0,0.0,SKT-4214,1,0,GPNV
29/07/2025,01:58:15,48.60854,-58.25122,4578.0,0.0,SKT-4214,1,0,GPNV
29/07/2025,01:58:22,48.61683,-58.24011,4513.0,0.0,SKT-4214,1,0,GPNV
29/07/2025,01:58:29,48.6251,-58.22897,4448.0,-0.0,SKT-4214,1,0,GPNV
29/07/2025,01:58:37,48.63454,-58.21624,4376.0,0.0,SKT-4214,1,0,GPNV
29/07/2025,01:58:44,48.64279,-58.20516,4312.0,0.0,SKT-4214,1,0,GPNV
29/07/2025,01:58:51,48.65103,-58.19408,4246.0,-0.0,SKT-4214,1,0,GPNV
29/07/2025,01:58:59,48.66043,-58.18141,4171.0,0.0,SKT-4214,1,0,GPNV
29/07/2025,01:59:07,48.66972,-58.16868,4099.0,0.0,SKT-4214,1,0,GPNV
29/07/2025,01:59:14,48.67777,-58.15758,4036.0,0.0,SKT-4214,1,0,GPNV
29/07/2025,01:59:21,48.68578,-58.14652,3972.0,0.0,SKT-4214,1,0,GPNV
29/07/2025,01:59:28,48.69374,-58.13553,3912.0,0.0,SKT-4214,1,0,GPNV
29/07/2025,01:59:36,48.70284,-58.12311,3837.0,0.0,SKT-4214,1,0,GPNV
29/07/2025,01:59:43,48.71079,-58.11234,3777.0,0.0,SKT-4214,1,0,GPNV
29/07/2025,01:59:50,48.71871,-58.10162,3717.0,0.0,SKT-4214,1,0,GPNV
29/07/2025,01:59:57,48.72656,-58.09095,3659.0,0.0,SKT-4214,1,0,GPNV
29/07/2025,02:00:04,48.73436,-58.0803,3598.0,0.0,SKT-4214,1,0,GPNV
29/07/2025,02:00:11,48.74213,-58.06969,3535.0,0.0,SKT-4214,1,0,GPNV
29/07/2025,02:00:18,48.74988,-58.05915,3473.0,0.0,SKT-4214,1,0,GPNV
29/07/2025,02:00:26,48.7586,-58.04715,3405.0,0.0,SKT-4214,1,0,GPNV
29/07/2025,02:00:33,48.76612,-58.03671,3346.0,0.0,SKT-4214,1,0,GPNV
29/07/2025,02:00:40,48.77357,-58.02637,3287.0,0.0,SKT-4214,1,0,GPNV
29/07/2025,02:00:48,48.78201,-58.01472,3222.0,0.0,SKT-4214,1,0,GPNV
29/07/2025,02:00:55,48.78932,-58.00468,3166.0,0.0,SKT-4214,1,0,GPNV
29/07/2025,02:01:02,48.79651,-57.99474,3107.0,0.0,SKT-4214,1,0,GPNV
29/07/2025,02:01:10,48.8046,-57.98351,3044.0,0.0,SKT-4214,1,0,GPNV
29/07/2025,02:01:17,48.81161,-57.97395,2994.0,0.0,SKT-4214,1,0,GPNV
29/07/2025,02:01:24,48.81858,-57.96461,2939.0,0.0,SKT-4214,1,0,GPNV
29/07/2025,02:01:31,48.82549,-57.95548,2887.0,0.0,SKT-4214,1,0,GPNV
29/07/2025,02:01:39,48.83325,-57.9452,2829.0,0.0,SKT-4214,1,0,GPNV
29/07/2025,02:01:46,48.83992,-57.93627,2774.0,0.0,SKT-4214,1,0,GPNV
29/07/2025,02:01:53,48.84649,-57.92734,2721.0,0.0,SKT-4214,1,0,GPNV
29/07/2025,02:02:01,48.85385,-57.91719,2669.0,-0.0,SKT-4214,1,0,GPNV
29/07/2025,02:02:09,48.86111,-57.90718,2614.0,0.0,SKT-4214,1,0,GPNV
29/07/2025,02:02:16,48.86739,-57.89852,2564.0,0.0,SKT-4214,1,0,GPNV
29/07/2025,02:02:23,48.87358,-57.88994,2516.0,0.0,SKT-4214,1,0,GPNV
29/07/2025,02:02:31,48.8806,-57.88028,2466.0,0.0,SKT-4214,1,0,GPNV
29/07/2025,02:02:38,48.88667,-57.87195,2422.0,0.0,SKT-4214,1,0,GPNV
29/07/2025,02:02:45,48.89266,-57.86371,2375.0,0.0,SKT-4214,1,0,GPNV
29/07/2025,02:02:52,48.89861,-57.85559,2330.0,0.0,SKT-4214,1,0,GPNV
29/07/2025,02:03:00,48.90533,-57.84645,2277.0,0.0,SKT-4214,1,0,GPNV
29/07/2025,02:03:07,48.91113,-57.83857,2232.0,0.0,SKT-4214,1,0,GPNV
29/07/2025,02:03:14,48.91684,-57.8308,2191.0,0.0,SKT-4214,1,0,GPNV
29/07/2025,02:03:21,48.92246,-57.82316,2147.0,0.0,SKT-4214,1,0,GPNV
29/07/2025,02:03:28,48.92804,-57.81563,2105.0,0.0,SKT-4214,1,0,GPNV
29/07/2025,02:03:36,48.9344,-57.80714,2055.0,0.0,SKT-4214,1,0,GPNV
29/07/2025,02:03:43,48.93992,-57.79977,2011.0,0.0,SKT-4214,1,0,GPNV
29/07/2025,02:03:51,48.94613,-57.79139,1967.0,0.0,SKT-4214,1,0,GPNV
29/07/2025,02:03:58,48.95145,-57.78412,1926.0,0.0,SKT-4214,1,0,GPNV
29/07/2025,02:04:05,48.95671,-57.7769,1883.0,0.0,SKT-4214,1,0,GPNV
29/07/2025,02:04:12,48.96198,-57.76973,1844.0,0.0,SKT-4214,1,0,GPNV
29/07/2025,02:04:19,48.96728,-57.7626,1805.0,0.0,SKT-4214,1,0,GPNV
29/07/2025,02:04:26,48.97263,-57.75549,1765.0,0.0,SKT-4214,1,0,GPNV
29/07/2025,02:04:34,48.97874,-57.7473,1718.0,0.0,SKT-4214,1,0,GPNV
29/07/2025,02:04:41,48.98408,-57.74008,1677.0,0.0,SKT-4214,1,0,GPNV
29/07/2025,02:04:48,48.9894,-57.73282,1636.0,0.0,SKT-4214,1,0,GPNV
29/07/2025,02:04:55,48.99471,-57.72553,1595.0,0.0,SKT-4214,1,0,GPNV
29/07/2025,02:05:02,48.99998,-57.7182,1554.0,0.0,SKT-4214,1,0,GPNV
29/07/2025,02:05:10,49.00596,-57.70984,1507.0,0.0,SKT-4214,1,0,GPNV
29/07/2025,02:05:17,49.01117,-57.70255,1466.0,0.0,SKT-4214,1,0,GPNV
29/07/2025,02:05:25,49.01711,-57.69426,1420.0,0.0,SKT-4214,1,0,GPNV
29/07/2025,02:05:32,49.0223,-57.68704,1379.0,0.0,SKT-4214,1,0,GPNV
29/07/2025,02:05:39,49.02747,-57.67985,1339.0,0.0,SKT-4214,1,0,GPNV
29/07/2025,02:05:46,49.03263,-57.6727,1300.0,0.0,SKT-4214,1,0,GPNV
29/07/2025,02:05:54,49.03853,-57.66459,1257.0,0.0,SKT-4214,1,0,GPNV
29/07/2025,02:06:01,49.04361,-57.65742,1228.0,-0.0,SKT-4214,1,0,GPNV
29/07/2025,02:06:08,49.04858,-57.65014,1210.0,-0.0,SKT-4214,1,0,GPNV
29/07/2025,02:06:16,49.05417,-57.64171,1186.0,0.0,SKT-4214,1,0,GPNV
29/07/2025,02:06:23,49.05901,-57.63424,1163.0,0.0,SKT-4214,1,0,GPNV
29/07/2025,02:06:30,49.06382,-57.62669,1143.0,0.0,SKT-4214,1,0,GPNV
29/07/2025,02:06:37,49.06859,-57.61909,1124.0,-0.0,SKT-4214,1,0,GPNV
29/07/2025,02:06:45,49.07401,-57.61034,1101.0,-0.0,SKT-4214,1,0,GPNV
29/07/2025,02:06:52,49.07875,-57.60266,1079.0,0.0,SKT-4214,1,0,GPNV
29/07/2025,02:06:59,49.0835,-57.59497,1056.0,0.0,SKT-4214,1,0,GPNV
29/07/2025,02:07:06,49.08825,-57.58722,1030.0,0.0,SKT-4214,1,0,GPNV
29/07/2025,02:07:14,49.09365,-57.57826,1005.0,-0.0,SKT-4214,1,0,GPNV
29/07/2025,02:07:21,49.09839,-57.57042,981.0,0.0,SKT-4214,1,0,GPNV
29/07/2025,02:07:28,49.10299,-57.5627,952.0,-0.0,SKT-4214,1,0,GPNV
29/07/2025,02:07:35,49.10743,-57.55519,923.0,0.0,SKT-4214,1,0,GPNV
29/07/2025,02:07:43,49.1124,-57.54712,900.0,0.0,SKT-4214,1,0,GPNV
29/07/2025,02:07:50,49.11668,-57.54046,862.0,0.0,SKT-4214,1,0,GPNV
29/07/2025,02:07:57,49.1209,-57.53394,822.0,0.0,SKT-4214,1,0,GPNV
29/07/2025,02:08:04,49.12506,-57.52746,783.0,0.0,SKT-4214,1,0,GPNV
29/07/2025,02:08:11,49.12923,-57.52108,744.0,0.0,SKT-4214,1,0,GPNV
29/07/2025,02:08:19,49.134,-57.51391,699.0,0.0,SKT-4214,1,0,GPNV
29/07/2025,02:08:27,49.13853,-57.50677,650.0,0.0,SKT-4214,1,0,GPNV
29/07/2025,02:08:34,49.14225,-57.50061,608.0,0.0,SKT-4214,1,0,GPNV
29/07/2025,02:08:41,49.14588,-57.49473,564.0,0.0,SKT-4214,1,0,GPNV
29/07/2025,02:08:48,49.14945,-57.48916,532.0,-0.0,SKT-4214,1,0,GPNV
29/07/2025,02:08:56,49.15363,-57.48294,492.0,-0.0,SKT-4214,1,0,GPNV
29/07/2025,02:09:03,49.1571,-57.47754,448.0,0.0,SKT-4214,1,0,GPNV
29/07/2025,02:09:10,49.1603,-57.47232,403.0,0.0,SKT-4214,1,0,GPNV
29/07/2025,02:09:18,49.16369,-57.46675,351.0,0.0,SKT-4214,1,0,GPNV
29/07/2025,02:09:25,49.16649,-57.46213,311.0,0.0,SKT-4214,1,0,GPNV
29/07/2025,02:09:32,49.16925,-57.4577,278.0,-0.0,SKT-4214,1,0,GPNV
29/07/2025,02:09:39,49.17204,-57.45326,250.0,0.0,SKT-4214,1,0,GPNV
29/07/2025,02:09:46,49.17489,-57.44899,225.0,0.0,SKT-4214,1,0,GPNV
29/07/2025,02:09:54,49.17807,-57.4441,196.0,-0.0,SKT-4214,1,1,GPNV
29/07/2025,02:10:01,49.18076,-57.43968,181.0,-0.0,SKT-4214,1,1,GPNV
29/07/2025,02:10:09,49.18389,-57.43476,163.0,-0.0,SKT-4214,1,0,GPNV
29/07/2025,02:10:18,49.18741,-57.42923,137.0,-0.0,SKT-4214,1,0,GPNV
29/07/2025,02:10:25,49.19017,-57.42485,112.0,0.0,SKT-4214,1,1,GPNV
29/07/2025,02:10:32,49.19299,-57.42038,87.0,-0.0,SKT-4214,1,1,GPNV
29/07/2025,02:10:39,49.19582,-57.41583,64.0,-0.0,SKT-4214,1,1,GPNV
29/07/2025,02:10:46,49.19862,-57.41134,47.0,-0.0,SKT-4214,1,1,GPNV
29/07/2025,02:10:54,49.20176,-57.40628,27.0,-0.0,SKT-4214,1,1,GPNV
29/07/2025,02:11:01,49.20447,-57.40194,17.0,0.0,SKT-4214,1,1,GPNV
29/07/2025,02:11:09,49.20711,-57.39773,19.0,-0.0,SKT-4214,1,1,GPNV
29/07/2025,02:11:16,49.20855,-57.39545,20.0,-0.0,SKT-4214,1,1,GPNV
29/07/2025,02:11:24,49.20932,-57.39421,20.0,-0.0,SKT-4214,1,1,GPNV
29/07/2025,02:11:32,49.20968,-57.39364,20.0,-0.0,SKT-4214,1,1,GPNV
29/07/2025,02:11:39,49.20992,-57.39327,20.0,-0.0,SKT-4214,1,1,GPNV
29/07/2025,02:11:46,49.21019,-57.39307,21.0,-0.0,SKT-4214,1,1,GPNV
29/07/2025,02:11:54,49.2105,-57.3933,20.0,0.0,SKT-4214,1,1,GPNV
29/07/2025,02:12:01,49.21072,-57.39362,20.0,0.0,SKT-4214,1,1,GPNV
29/07/2025,02:12:08,49.21088,-57.39388,21.0,0.0,SKT-4214,1,1,GPNV
29/07/2025,02:12:15,49.21101,-57.39408,21.0,0.0,SKT-4214,1,1,GPNV
29/07/2025,02:12:23,49.21114,-57.39438,21.0,-0.0,SKT-4214,1,1,GPNV
29/07/2025,02:12:31,49.21111,-57.39491,20.0,-0.1,SKT-4214,1,1,GPNV
29/07/2025,02:12:38,49.21085,-57.39536,20.0,0.0,SKT-4214,1,1,GPNV
29/07/2025,02:12:46,49.21058,-57.39578,19.0,0.0,SKT-4214,1,1,GPNV
29/07/2025,02:12:55,49.2103,-57.39621,19.0,0.0,SKT-4214,1,1,GPNV
29/07/2025,02:13:03,49.21007,-57.39658,19.0,0.0,SKT-4214,1,1,GPNV
29/07/2025,02:13:11,49.20986,-57.39693,18.0,0.0,SKT-4214,1,1,GPNV
29/07/2025,02:13:19,49.20977,-57.3972,18.0,0.0,SKT-4214,1,1,GPNV
29/07/2025,02:13:26,49.20981,-57.39739,19.0,0.0,SKT-4214,1,1,GPNV
29/07/2025,02:13:33,49.20993,-57.39747,19.0,0.0,SKT-4214,1,1,GPNV
29/07/2025,02:13:41,49.21006,-57.3975,19.0,0.0,SKT-4214,1,1,GPNV
29/07/2025,02:13:48,49.21013,-57.39753,19.0,-0.0,SKT-4214,1,1,GPNV
29/07/2025,02:13:55,49.21019,-57.39754,17.0,-0.0,SKT-4214,1,1,GPNV
29/07/2025,02:14:03,49.21022,-57.39756,18.0,-0.0,SKT-4214,1,1,GPNV
29/07/2025,02:14:10,49.21024,-57.39756,18.0,-0.0,SKT-4214,1,1,GPNV
29/07/2025,02:14:17,49.21024,-57.39756,18.0,-0.0,SKT-4214,1,1,GPNV
29/07/2025,02:14:25,49.21024,-57.39756,19.0,-0.0,SKT-4214,1,1,GPNV
29/07/2025,02:14:32,49.21024,-57.39756,19.0,-0.0,SKT-4214,1,1,GPNV
29/07/2025,02:14:40,49.21025,-57.39755,19.0,-0.0,SKT-4214,1,1,GPNV
29/07/2025,02:14:47,49.21025,-57.39755,19.0,-0.0,SKT-4214,1,1,GPNV
29/07/2025,02:14:55,49.21025,-57.39755,19.0,0.0,SKT-4214,1,1,GPNV
29/07/2025,02:15:02,49.21025,-57.39755,19.0,-0.0,SKT-4214,1,1,GPNV
29/07/2025,02:15:10,49.21024,-57.39756,18.0,,SKT-4214,1,1,GPNV
29/07/2025,02:15:17,49.21024,-57.39756,18.0,,SKT-4214,1,1,GPNV
29/07/2025,02:15:25,49.21024,-57.39755,18.0,,SKT-4214,1,1,GPNV
29/07/2025,02:15:32,49.21024,-57.39755,18.0,,SKT-4214,1,1,GPNV
29/07/2025,02:15:40,49.21024,-57.39755,18.0,,SKT-4214,1,1,GPNV
29/07/2025,02:15:47,49.21024,-57.39756,19.0,,SKT-4214,1,1,GPNV
29/07/2025,02:15:54,49.21024,-57.39756,18.0,,SKT-4214,1,1,GPNV
29/07/2025,02:16:02,49.21024,-57.39755,17.0,,SKT-4214,1,1,GPNV
29/07/2025,02:16:09,49.21025,-57.39754,18.0,,SKT-4214,1,1,GPNV
29/07/2025,02:16:16,49.21025,-57.39754,18.0,,SKT-4214,1,1,GPNV
29/07/2025,02:16:26,49.21025,-57.39754,18.0,,SKT-4214,1,1,GPNV
29/07/2025,02:16:33,49.21025,-57.39754,18.0,,SKT-4214,1,1,GPNV
29/07/2025,02:16:40,49.21025,-57.39754,19.0,,SKT-4214,1,1,GPNV
29/07/2025,02:16:48,49.21025,-57.39754,19.0,,SKT-4214,1,1,GPNV
29/07/2025,02:16:56,49.21024,-57.39755,18.0,,SKT-4214,1,1,GPNV
29/07/2025,02:17:03,49.21024,-57.39755,18.0,,SKT-4214,1,1,GPNV
29/07/2025,02:17:10,49.21024,-57.39755,17.0,,SKT-4214,1,1,GPNV
29/07/2025,02:17:18,49.21024,-57.39754,18.0,,SKT-4214,1,1,GPNV
29/07/2025,02:17:26,49.21024,-57.39754,18.0,,SKT-4214,1,1,GPNV
29/07/2025,02:17:33,49.21024,-57.39754,18.0,,SKT-4214,1,1,GPNV
29/07/2025,02:17:40,49.21024,-57.39754,18.0,,SKT-4214,1,1,GPNV
29/07/2025,02:17:48,49.21024,-57.39754,18.0,,SKT-4214,1,1,GPNV
29/07/2025,02:17:55,49.21024,-57.39754,19.0,,SKT-4214,1,1,GPNV
29/07/2025,02:18:03,49.21024,-57.39754,18.0,,SKT-4214,1,1,GPNV
29/07/2025,02:18:10,49.21024,-57.39754,18.0,,SKT-4214,1,1,GPNV
29/07/2025,02:18:17,49.21024,-57.39754,18.0,,SKT-4214,1,1,GPNV
29/07/2025,02:18:24,49.21024,-57.39754,18.0,,SKT-4214,1,1,GPNV
29/07/2025,02:18:32,49.21024,-57.39755,18.0,,SKT-4214,1,1,GPNV
29/07/2025,02:18:39,49.21024,-57.39754,18.0,,SKT-4214,1,1,GPNV
29/07/2025,02:18:46,49.21024,-57.39755,18.0,,SKT-4214,1,1,GPNV
29/07/2025,02:18:53,49.21024,-57.39755,18.0,,SKT-4214,1,1,GPNV
29/07/2025,02:19:00,49.21024,-57.39755,18.0,,SKT-4214,1,1,GPNV
29/07/2025,02:19:08,49.21024,-57.39755,18.0,,SKT-4214,1,1,GPNV
29/07/2025,02:19:15,49.21024,-57.39754,18.0,,SKT-4214,1,1,GPNV
29/07/2025,02:19:22,49.21024,-57.39755,19.0,,SKT-4214,1,1,GPNV
29/07/2025,02:19:29,49.21024,-57.39754,19.0,,SKT-4214,1,1,GPNV
29/07/2025,02:19:37,49.21023,-57.39754,20.0,,SKT-4214,1,1,GPNV
29/07/2025,02:19:44,49.21023,-57.39755,20.0,,SKT-4214,1,1,GPNV
29/07/2025,02:19:51,49.21023,-57.39755,19.0,,SKT-4214,1,1,GPNV
29/07/2025,02:19:58,49.21023,-57.39755,19.0,,SKT-4214,1,1,GPNV
29/07/2025,02:20:06,49.21023,-57.39756,18.0,,SKT-4214,1,1,GPNV
29/07/2025,02:20:13,49.21023,-57.39755,19.0,,SKT-4214,1,1,GPNV
29/07/2025,02:20:20,49.21023,-57.39755,19.0,,SKT-4214,1,1,GPNV
29/07/2025,02:20:27,49.21023,-57.39755,19.0,,SKT-4214,1,1,GPNV
29/07/2025,02:20:34,49.21024,-57.39755,18.0,,SKT-4214,1,1,GPNV
29/07/2025,02:20:41,49.21024,-57.39756,18.0,,SKT-4214,1,1,GPNV
29/07/2025,02:20:49,49.21024,-57.39756,19.0,,SKT-4214,1,1,GPNV
29/07/2025,02:20:57,49.21024,-57.39756,18.0,,SKT-4214,1,1,GPNV
29/07/2025,02:21:04,49.21024,-57.39756,19.0,,SKT-4214,1,1,GPNV
29/07/2025,02:21:11,49.21024,-57.39756,19.0,,SKT-4214,1,1,GPNV
29/07/2025,02:21:18,49.21024,-57.39756,19.0,,SKT-4214,1,1,GPNV
29/07/2025,02:21:26,49.21024,-57.39756,19.0,,SKT-4214,1,1,GPNV
29/07/2025,03:38:56,49.21025,-57.39756,17.0,,SKT-4214,1,1,GPNV
29/07/2025,03:39:03,49.21026,-57.39756,18.0,,SKT-4214,1,1,GPNV
29/07/2025,03:39:10,49.21025,-57.39756,18.0,,SKT-4214,1,1,GPNV
29/07/2025,03:39:18,49.21025,-57.39756,19.0,,SKT-4214,1,1,GPNV
29/07/2025,03:39:25,49.21025,-57.39756,19.0,,SKT-4214,1,1,GPNV
29/07/2025,03:39:32,49.21025,-57.39755,19.0,,SKT-4214,1,1,GPNV
29/07/2025,03:39:41,49.21025,-57.39755,18.0,,SKT-4214,1,1,GPNV
29/07/2025,03:39:49,49.21025,-57.39755,19.0,,SKT-4214,1,1,GPNV
29/07/2025,03:39:56,49.21025,-57.39754,19.0,,SKT-4214,1,1,GPNV
29/07/2025,03:40:03,49.21025,-57.39754,19.0,,SKT-4214,1,1,GPNV
29/07/2025,03:40:10,49.21025,-57.39754,20.0,,SKT-4214,1,1,GPNV
29/07/2025,03:40:17,49.21026,-57.39754,19.0,,SKT-4214,1,1,GPNV
29/07/2025,03:40:25,49.21026,-57.39754,19.0,,SKT-4214,1,1,GPNV
29/07/2025,03:40:32,49.21026,-57.39754,20.0,,SKT-4214,1,1,GPNV
29/07/2025,03:40:39,49.21026,-57.39754,20.0,,SKT-4214,1,1,GPNV
29/07/2025,03:40:46,49.21027,-57.39754,21.0,,SKT-4214,1,1,GPNV
29/07/2025,03:40:54,49.21027,-57.39754,21.0,,SKT-4214,1,1,GPNV
29/07/2025,03:41:01,49.21027,-57.39754,20.0,,SKT-4214,1,1,GPNV
29/07/2025,03:41:08,49.21027,-57.39754,20.0,,SKT-4214,1,1,GPNV
29/07/2025,03:41:15,49.21027,-57.39754,18.0,,SKT-4214,1,1,GPNV
29/07/2025,03:41:23,49.21027,-57.39754,18.0,,SKT-4214,1,1,GPNV
29/07/2025,03:41:30,49.21027,-57.39754,18.0,,SKT-4214,1,1,GPNV
29/07/2025,03:41:37,49.21027,-57.39754,18.0,,SKT-4214,1,1,GPNV
29/07/2025,03:41:44,49.21027,-57.39754,19.0,,SKT-4214,1,1,GPNV
29/07/2025,03:41:51,49.21027,-57.39754,19.0,,SKT-4214,1,1,GPNV
29/07/2025,03:41:59,49.21027,-57.39754,19.0,,SKT-4214,1,1,GPNV
29/07/2025,03:42:06,49.21027,-57.39755,20.0,,SKT-4214,1,1,GPNV
29/07/2025,03:42:13,49.21027,-57.39755,20.0,,SKT-4214,1,1,GPNV
29/07/2025,03:42:20,49.21027,-57.39755,20.0,,SKT-4214,1,1,GPNV
29/07/2025,03:42:27,49.21027,-57.39755,19.0,,SKT-4214,1,1,GPNV
29/07/2025,03:42:35,49.21026,-57.39756,19.0,,SKT-4214,1,1,GPNV
29/07/2025,03:42:42,49.21025,-57.39756,19.0,,SKT-4214,1,1,GPNV
29/07/2025,03:42:49,49.21025,-57.39756,19.0,,SKT-4214,1,1,GPNV
29/07/2025,03:42:56,49.21026,-57.39756,20.0,,SKT-4214,1,1,GPNV
29/07/2025,03:43:04,49.21026,-57.39756,20.0,,SKT-4214,1,1,GPNV
29/07/2025,03:43:11,49.21026,-57.39756,20.0,,SKT-4214,1,1,GPNV
29/07/2025,03:43:18,49.21025,-57.39756,19.0,,SKT-4214,1,1,GPNV
29/07/2025,03:43:25,49.21025,-57.39756,19.0,,SKT-4214,1,1,GPNV
29/07/2025,03:43:32,49.21025,-57.39756,19.0,,SKT-4214,1,1,GPNV
29/07/2025,03:43:39,49.21026,-57.39756,19.0,,SKT-4214,1,1,GPNV
29/07/2025,03:43:47,49.21026,-57.39756,20.0,,SKT-4214,1,1,GPNV
29/07/2025,03:43:54,49.21026,-57.39756,19.0,,SKT-4214,1,1,GPNV
29/07/2025,03:44:01,49.21027,-57.39755,19.0,,SKT-4214,1,1,GPNV
29/07/2025,03:44:08,49.21027,-57.39755,19.0,,SKT-4214,1,1,GPNV
29/07/2025,10:05:26,49.21025,-57.39755,21.0,,SKT-4214,1,1,GPNV
29/07/2025,10:05:33,49.21025,-57.39755,23.0,,SKT-4214,1,1,GPNV
29/07/2025,10:05:40,49.21025,-57.39756,23.0,,SKT-4214,1,1,GPNV
29/07/2025,10:05:47,49.21025,-57.39756,22.0,,SKT-4214,1,1,GPNV
29/07/2025,10:05:54,49.21025,-57.39756,22.0,,SKT-4214,1,1,GPNV
29/07/2025,10:06:01,49.21025,-57.39755,23.0,,SKT-4214,1,1,GPNV
29/07/2025,10:06:09,49.21025,-57.39755,24.0,,SKT-4214,1,1,GPNV
29/07/2025,10:06:16,49.21025,-57.39755,24.0,,SKT-4214,1,1,GPNV
29/07/2025,10:06:23,49.21025,-57.39755,23.0,,SKT-4214,1,1,GPNV
29/07/2025,10:06:30,49.21025,-57.39754,22.0,,SKT-4214,1,1,GPNV
29/07/2025,10:06:38,49.21025,-57.39754,22.0,,SKT-4214,1,1,GPNV
29/07/2025,10:06:45,49.21025,-57.39754,22.0,,SKT-4214,1,1,GPNV
29/07/2025,10:06:52,49.21025,-57.39754,22.0,,SKT-4214,1,1,GPNV
29/07/2025,10:06:59,49.21025,-57.39754,22.0,,SKT-4214,1,1,GPNV
29/07/2025,10:07:06,49.21025,-57.39754,21.0,,SKT-4214,1,1,GPNV
29/07/2025,10:07:14,49.21025,-57.39754,21.0,,SKT-4214,1,1,GPNV
29/07/2025,10:07:21,49.21025,-57.39754,21.0,,SKT-4214,1,1,GPNV
29/07/2025,10:07:28,49.21024,-57.39754,21.0,,SKT-4214,1,1,GPNV
29/07/2025,10:07:35,49.21024,-57.39755,21.0,,SKT-4214,1,1,GPNV
29/07/2025,10:07:43,49.21025,-57.39755,21.0,,SKT-4214,1,1,GPNV
29/07/2025,10:07:50,49.21025,-57.39755,21.0,,SKT-4214,1,1,GPNV
29/07/2025,10:07:57,49.21024,-57.39755,21.0,,SKT-4214,1,1,GPNV
29/07/2025,10:08:04,49.21024,-57.39754,21.0,,SKT-4214,1,1,GPNV
29/07/2025,10:08:11,49.21024,-57.39754,21.0,,SKT-4214,1,1,GPNV
29/07/2025,10:08:19,49.21025,-57.39754,21.0,,SKT-4214,1,1,GPNV
29/07/2025,10:08:26,49.21025,-57.39755,21.0,,SKT-4214,1,1,GPNV
29/07/2025,10:08:33,49.21024,-57.39755,21.0,,SKT-4214,1,1,GPNV
29/07/2025,10:08:40,49.21024,-57.39755,22.0,,SKT-4214,1,1,GPNV
29/07/2025,10:08:47,49.21024,-57.39755,21.0,,SKT-4214,1,1,GPNV
29/07/2025,10:08:55,49.21024,-57.39755,21.0,,SKT-4214,1,1,GPNV
29/07/2025,10:09:02,49.21024,-57.39755,21.0,,SKT-4214,1,1,GPNV
29/07/2025,10:09:09,49.21024,-57.39755,22.0,,SKT-4214,1,1,GPNV
29/07/2025,10:09:16,49.21024,-57.39755,22.0,,SKT-4214,1,1,GPNV
29/07/2025,10:09:23,49.21024,-57.39755,21.0,,SKT-4214,1,1,GPNV
29/07/2025,10:09:31,49.21024,-57.39754,21.0,,SKT-4214,1,1,GPNV
29/07/2025,10:09:38,49.21024,-57.39754,21.0,,SKT-4214,1,1,GPNV
29/07/2025,10:09:45,49.21024,-57.39754,21.0,,SKT-4214,1,1,GPNV
29/07/2025,10:09:52,49.21024,-57.39755,21.0,,SKT-4214,1,1,GPNV
29/07/2025,10:10:00,49.21024,-57.39755,21.0,,SKT-4214,1,1,GPNV
29/07/2025,10:10:07,49.21024,-57.39754,22.0,,SKT-4214,1,1,GPNV
29/07/2025,10:10:14,49.21025,-57.39754,22.0,,SKT-4214,1,1,GPNV
29/07/2025,10:10:21,49.21025,-57.39755,22.0,,SKT-4214,1,1,GPNV
29/07/2025,10:10:28,49.21025,-57.39755,23.0,,SKT-4214,1,1,GPNV
29/07/2025,10:10:36,49.21025,-57.39755,23.0,-0.0,SKT-4214,1,1,GPNV
29/07/2025,10:10:43,49.21025,-57.39755,22.0,-0.0,SKT-4214,1,1,GPNV
29/07/2025,10:10:50,49.21024,-57.39755,22.0,-0.0,SKT-4214,1,1,GPNV
29/07/2025,10:10:57,49.21025,-57.39754,23.0,-0.0,SKT-4214,1,1,GPNV
29/07/2025,10:11:05,49.21025,-57.39754,23.0,-0.0,SKT-4214,1,1,GPNV
29/07/2025,10:11:12,49.21025,-57.39754,23.0,-0.0,SKT-4214,1,1,GPNV
29/07/2025,10:11:19,49.21025,-57.39754,22.0,-0.0,SKT-4214,1,1,GPNV
29/07/2025,10:11:26,49.21025,-57.39755,22.0,-0.0,SKT-4214,1,1,GPNV
29/07/2025,10:11:34,49.21025,-57.39755,23.0,-0.0,SKT-4214,1,1,GPNV
29/07/2025,10:11:41,49.21024,-57.39755,23.0,-0.0,SKT-4214,1,1,GPNV
29/07/2025,10:11:48,49.21024,-57.39755,22.0,-0.0,SKT-4214,1,1,GPNV
29/07/2025,10:11:55,49.21024,-57.39755,22.0,-0.0,SKT-4214,1,1,GPNV
29/07/2025,10:12:02,49.21025,-57.39755,23.0,-0.0,SKT-4214,1,1,GPNV
29/07/2025,10:12:10,49.21025,-57.39755,24.0,-0.0,SKT-4214,1,1,GPNV
29/07/2025,10:12:17,49.21025,-57.39755,23.0,-0.0,SKT-4214,1,1,GPNV
29/07/2025,10:12:24,49.21025,-57.39755,23.0,-0.0,SKT-4214,1,1,GPNV
29/07/2025,10:12:31,49.21025,-57.39755,23.0,-0.0,SKT-4214,1,1,GPNV
29/07/2025,10:12:38,49.21025,-57.39755,23.0,-0.0,SKT-4214,1,1,GPNV
29/07/2025,10:12:45,49.21025,-57.39755,23.0,-0.0,SKT-4214,1,1,GPNV
29/07/2025,10:12:53,49.21025,-57.39755,23.0,-0.0,SKT-4214,1,1,GPNV
29/07/2025,10:13:00,49.21025,-57.39755,22.0,-0.0,SKT-4214,1,1,GPNV
29/07/2025,10:13:07,49.21025,-57.39756,22.0,-0.0,SKT-4214,1,1,GPNV
29/07/2025,10:13:14,49.21025,-57.39756,22.0,-0.0,SKT-4214,1,1,GPNV
29/07/2025,10:13:21,49.21024,-57.39756,22.0,-0.0,SKT-4214,1,1,GPNV
29/07/2025,10:13:28,49.21024,-57.39756,22.0,-0.0,SKT-4214,1,1,GPNV
29/07/2025,10:13:36,49.21024,-57.39756,21.0,-0.0,SKT-4214,1,1,GPNV
29/07/2025,10:13:43,49.21024,-57.39756,21.0,,SKT-4214,1,1,GPNV
29/07/2025,10:13:50,49.21024,-57.39756,21.0,,SKT-4214,1,1,GPNV
29/07/2025,10:13:57,49.21023,-57.39756,20.0,,SKT-4214,1,1,GPNV
29/07/2025,10:14:05,49.21024,-57.39756,20.0,,SKT-4214,1,1,GPNV
29/07/2025,10:14:12,49.21024,-57.39756,21.0,,SKT-4214,1,1,GPNV
29/07/2025,10:14:19,49.21024,-57.39756,21.0,,SKT-4214,1,1,GPNV
29/07/2025,10:14:26,49.21024,-57.39756,21.0,,SKT-4214,1,1,GPNV
29/07/2025,10:14:33,49.21024,-57.39756,21.0,,SKT-4214,1,1,GPNV
29/07/2025,10:14:41,49.21024,-57.39756,21.0,,SKT-4214,1,1,GPNV
29/07/2025,10:14:48,49.21024,-57.39756,21.0,,SKT-4214,1,1,GPNV
29/07/2025,10:14:55,49.21024,-57.39756,21.0,,SKT-4214,1,1,GPNV
29/07/2025,10:15:02,49.21024,-57.39756,21.0,,SKT-4214,1,1,GPNV
29/07/2025,10:15:10,49.21024,-57.39756,21.0,,SKT-4214,1,1,GPNV
29/07/2025,10:15:17,49.21025,-57.39756,21.0,,SKT-4214,1,1,GPNV
29/07/2025,10:15:24,49.21024,-57.39756,21.0,,SKT-4214,1,1,GPNV
29/07/2025,10:15:31,49.21024,-57.39756,21.0,,SKT-4214,1,1,GPNV
29/07/2025,10:15:38,49.21024,-57.39756,20.0,,SKT-4214,1,1,GPNV
29/07/2025,10:15:46,49.21024,-57.39756,20.0,,SKT-4214,1,1,GPNV
29/07/2025,10:15:53,49.21024,-57.39755,21.0,,SKT-4214,1,1,GPNV
29/07/2025,10:16:00,49.21024,-57.39755,21.0,,SKT-4214,1,1,GPNV
29/07/2025,10:16:07,49.21024,-57.39755,20.0,,SKT-4214,1,1,GPNV
29/07/2025,10:16:14,49.21024,-57.39755,20.0,,SKT-4214,1,1,GPNV
29/07/2025,10:16:21,49.21024,-57.39755,19.0,,SKT-4214,1,1,GPNV
29/07/2025,10:16:29,49.21024,-57.39754,20.0,,SKT-4214,1,1,GPNV
29/07/2025,10:16:36,49.21024,-57.39754,20.0,,SKT-4214,1,1,GPNV
29/07/2025,10:16:43,49.21024,-57.39754,20.0,,SKT-4214,1,1,GPNV
29/07/2025,10:16:50,49.21024,-57.39755,20.0,,SKT-4214,1,1,GPNV
29/07/2025,10:16:57,49.21024,-57.39755,20.0,,SKT-4214,1,1,GPNV
29/07/2025,10:17:04,49.21024,-57.39755,21.0,,SKT-4214,1,1,GPNV
29/07/2025,10:17:12,49.21024,-57.39755,21.0,,SKT-4214,1,1,GPNV
29/07/2025,10:17:19,49.21024,-57.39755,21.0,,SKT-4214,1,1,GPNV
29/07/2025,10:17:26,49.21024,-57.39755,20.0,,SKT-4214,1,1,GPNV
29/07/2025,10:17:33,49.21024,-57.39755,20.0,,SKT-4214,1,1,GPNV
29/07/2025,10:17:40,49.21024,-57.39754,20.0,,SKT-4214,1,1,GPNV
29/07/2025,10:17:48,49.21024,-57.39754,20.0,,SKT-4214,1,1,GPNV
29/07/2025,10:17:55,49.21024,-57.39754,19.0,,SKT-4214,1,1,GPNV
29/07/2025,10:18:02,49.21024,-57.39754,19.0,,SKT-4214,1,1,GPNV
29/07/2025,10:18:09,49.21024,-57.39754,20.0,,SKT-4214,1,1,GPNV
29/07/2025,10:18:16,49.21024,-57.39754,20.0,,SKT-4214,1,1,GPNV
29/07/2025,10:18:24,49.21023,-57.39754,21.0,,SKT-4214,1,1,GPNV
29/07/2025,10:18:31,49.21024,-57.39754,21.0,,SKT-4214,1,1,GPNV
29/07/2025,10:18:38,49.21024,-57.39754,20.0,,SKT-4214,1,1,GPNV
29/07/2025,10:18:45,49.21024,-57.39754,21.0,,SKT-4214,1,1,GPNV
29/07/2025,10:18:52,49.21024,-57.39754,22.0,,SKT-4214,1,1,GPNV
29/07/2025,10:19:00,49.21024,-57.39754,21.0,,SKT-4214,1,1,GPNV
29/07/2025,10:19:07,49.21024,-57.39754,20.0,,SKT-4214,1,1,GPNV
29/07/2025,10:19:14,49.21024,-57.39754,21.0,,SKT-4214,1,1,GPNV
29/07/2025,10:19:21,49.21023,-57.39754,21.0,,SKT-4214,1,1,GPNV
29/07/2025,10:19:28,49.21023,-57.39754,22.0,,SKT-4214,1,1,GPNV
29/07/2025,10:19:36,49.21023,-57.39754,21.0,,SKT-4214,1,1,GPNV
29/07/2025,10:19:43,49.21023,-57.39754,21.0,,SKT-4214,1,1,GPNV
29/07/2025,10:19:50,49.21023,-57.39754,22.0,,SKT-4214,1,1,GPNV
29/07/2025,10:19:57,49.21023,-57.39754,22.0,,SKT-4214,1,1,GPNV
29/07/2025,10:20:04,49.21024,-57.39754,21.0,,SKT-4214,1,1,GPNV
29/07/2025,10:20:12,49.21024,-57.39754,22.0,,SKT-4214,1,1,GPNV
29/07/2025,10:20:19,49.21024,-57.39754,21.0,,SKT-4214,1,1,GPNV
29/07/2025,10:20:26,49.21024,-57.39754,21.0,,SKT-4214,1,1,GPNV
29/07/2025,10:20:33,49.21024,-57.39754,21.0,,SKT-4214,1,1,GPNV
29/07/2025,10:20:40,49.21024,-57.39755,22.0,,SKT-4214,1,1,GPNV
29/07/2025,10:20:48,49.21024,-57.39755,22.0,,SKT-4214,1,1,GPNV
29/07/2025,10:20:55,49.21023,-57.39754,21.0,,SKT-4214,1,1,GPNV
29/07/2025,10:21:02,49.21023,-57.39754,21.0,,SKT-4214,1,1,GPNV
29/07/2025,10:21:09,49.21024,-57.39755,21.0,,SKT-4214,1,1,GPNV
29/07/2025,10:21:16,49.21024,-57.39755,20.0,,SKT-4214,1,1,GPNV
29/07/2025,10:21:24,49.21024,-57.39755,20.0,,SKT-4214,1,1,GPNV
29/07/2025,10:21:31,49.21024,-57.39755,20.0,,SKT-4214,1,1,GPNV
29/07/2025,10:21:38,49.21025,-57.39755,19.0,,SKT-4214,1,1,GPNV
29/07/2025,10:21:45,49.21025,-57.39755,20.0,,SKT-4214,1,1,GPNV
29/07/2025,10:21:52,49.21025,-57.39756,20.0,,SKT-4214,1,1,GPNV
29/07/2025,10:22:00,49.21024,-57.39756,19.0,,SKT-4214,1,1,GPNV
29/07/2025,10:22:07,49.21024,-57.39755,19.0,,SKT-4214,1,1,GPNV
29/07/2025,10:22:14,49.21024,-57.39756,19.0,,SKT-4214,1,1,GPNV
29/07/2025,10:22:21,49.21024,-57.39756,20.0,,SKT-4214,1,1,GPNV
29/07/2025,10:22:29,49.21024,-57.39755,20.0,,SKT-4214,1,1,GPNV
29/07/2025,10:22:36,49.21024,-57.39755,20.0,,SKT-4214,1,1,GPNV
29/07/2025,10:22:43,49.21024,-57.39755,20.0,,SKT-4214,1,1,GPNV
29/07/2025,10:22:50,49.21024,-57.39755,20.0,,SKT-4214,1,1,GPNV
29/07/2025,10:22:57,49.21024,-57.39755,20.0,,SKT-4214,1,1,GPNV
29/07/2025,10:23:04,49.21024,-57.39755,21.0,,SKT-4214,1,1,GPNV
29/07/2025,10:23:12,49.21024,-57.39755,21.0,,SKT-4214,1,1,GPNV
29/07/2025,10:23:19,49.21024,-57.39755,21.0,,SKT-4214,1,1,GPNV
29/07/2025,10:23:26,49.21024,-57.39755,21.0,,SKT-4214,1,1,GPNV
29/07/2025,10:23:33,49.21024,-57.39755,21.0,,SKT-4214,1,1,GPNV
29/07/2025,10:23:40,49.21024,-57.39755,21.0,,SKT-4214,1,1,GPNV
29/07/2025,10:23:48,49.21024,-57.39755,21.0,,SKT-4214,1,1,GPNV
29/07/2025,10:23:55,49.21024,-57.39755,21.0,,SKT-4214,1,1,GPNV
29/07/2025,10:24:02,49.21024,-57.39755,21.0,,SKT-4214,1,1,GPNV
29/07/2025,10:24:09,49.21024,-57.39755,21.0,,SKT-4214,1,1,GPNV
29/07/2025,10:24:16,49.21024,-57.39754,21.0,,SKT-4214,1,1,GPNV
29/07/2025,10:24:23,49.21024,-57.39754,21.0,,SKT-4214,1,1,GPNV
29/07/2025,10:24:31,49.21024,-57.39754,21.0,,SKT-4214,1,1,GPNV
29/07/2025,10:24:38,49.21024,-57.39754,21.0,,SKT-4214,1,1,GPNV
29/07/2025,10:24:45,49.21024,-57.39754,21.0,,SKT-4214,1,1,GPNV
29/07/2025,10:24:52,49.21024,-57.39755,21.0,,SKT-4214,1,1,GPNV
29/07/2025,10:25:00,49.21024,-57.39755,21.0,,SKT-4214,1,1,GPNV
29/07/2025,10:25:07,49.21024,-57.39755,21.0,,SKT-4214,1,1,GPNV
29/07/2025,10:25:14,49.21024,-57.39755,21.0,,SKT-4214,1,1,GPNV
29/07/2025,10:25:21,49.21024,-57.39755,20.0,,SKT-4214,1,1,GPNV
29/07/2025,10:25:28,49.21024,-57.39755,20.0,,SKT-4214,1,1,GPNV
29/07/2025,10:25:36,49.21024,-57.39755,20.0,,SKT-4214,1,1,GPNV
29/07/2025,10:25:43,49.21023,-57.39755,20.0,,SKT-4214,1,1,GPNV
29/07/2025,10:25:50,49.21023,-57.39754,20.0,,SKT-4214,1,1,GPNV
29/07/2025,10:25:57,49.21023,-57.39755,20.0,,SKT-4214,1,1,GPNV
29/07/2025,10:26:04,49.21023,-57.39755,20.0,,SKT-4214,1,1,GPNV
29/07/2025,10:26:11,49.21023,-57.39755,21.0,,SKT-4214,1,1,GPNV
29/07/2025,10:26:19,49.21023,-57.39754,21.0,,SKT-4214,1,1,GPNV
29/07/2025,10:26:26,49.21023,-57.39755,21.0,,SKT-4214,1,1,GPNV
29/07/2025,10:26:33,49.21023,-57.39755,20.0,,SKT-4214,1,1,GPNV
29/07/2025,10:26:40,49.21023,-57.39755,20.0,,SKT-4214,1,1,GPNV
29/07/2025,10:26:48,49.21023,-57.39755,20.0,,SKT-4214,1,1,GPNV
29/07/2025,10:26:55,49.21023,-57.39755,20.0,,SKT-4214,1,1,GPNV
29/07/2025,10:27:02,49.21023,-57.39755,19.0,,SKT-4214,1,1,GPNV
29/07/2025,10:27:09,49.21023,-57.39755,19.0,,SKT-4214,1,1,GPNV
29/07/2025,10:27:16,49.21023,-57.39755,20.0,,SKT-4214,1,1,GPNV
29/07/2025,10:27:24,49.21023,-57.39755,20.0,,SKT-4214,1,1,GPNV
29/07/2025,10:27:31,49.21024,-57.39755,19.0,,SKT-4214,1,1,GPNV
29/07/2025,10:27:38,49.21024,-57.39755,19.0,,SKT-4214,1,1,GPNV
29/07/2025,10:27:45,49.21024,-57.39755,20.0,,SKT-4214,1,1,GPNV
29/07/2025,10:27:53,49.21024,-57.39755,20.0,,SKT-4214,1,1,GPNV
29/07/2025,10:28:00,49.21024,-57.39756,19.0,,SKT-4214,1,1,GPNV
29/07/2025,10:28:07,49.21024,-57.39756,19.0,,SKT-4214,1,1,GPNV
29/07/2025,10:28:14,49.21024,-57.39756,19.0,,SKT-4214,1,1,GPNV
29/07/2025,10:28:21,49.21024,-57.39756,19.0,,SKT-4214,1,1,GPNV
29/07/2025,10:28:28,49.21024,-57.39756,19.0,,SKT-4214,1,1,GPNV
29/07/2025,10:28:36,49.21024,-57.39756,19.0,,SKT-4214,1,1,GPNV
29/07/2025,10:28:43,49.21024,-57.39756,19.0,,SKT-4214,1,1,GPNV
29/07/2025,10:28:50,49.21024,-57.39756,19.0,,SKT-4214,1,1,GPNV
29/07/2025,10:28:57,49.21024,-57.39756,19.0,,SKT-4214,1,1,GPNV
29/07/2025,10:29:04,49.21024,-57.39756,19.0,,SKT-4214,1,1,GPNV
29/07/2025,10:29:12,49.21024,-57.39756,19.0,,SKT-4214,1,1,GPNV
29/07/2025,10:29:19,49.21024,-57.39756,19.0,,SKT-4214,1,1,GPNV
29/07/2025,10:29:26,49.21024,-57.39756,19.0,,SKT-4214,1,1,GPNV
29/07/2025,10:29:34,49.21023,-57.39755,19.0,,SKT-4214,1,1,GPNV
29/07/2025,10:29:42,49.21023,-57.39755,19.0,,SKT-4214,1,1,GPNV
29/07/2025,10:29:59,49.21023,-57.39754,19.0,,SKT-4214,1,1,GPNV
29/07/2025,10:30:06,49.21023,-57.39754,20.0,,SKT-4214,1,1,GPNV
29/07/2025,10:30:14,49.21024,-57.39755,20.0,,SKT-4214,1,1,GPNV
29/07/2025,10:30:21,49.21023,-57.39755,20.0,,SKT-4214,1,1,GPNV
29/07/2025,10:30:28,49.21024,-57.39755,21.0,,SKT-4214,1,1,GPNV
29/07/2025,10:30:35,49.21024,-57.39756,21.0,,SKT-4214,1,1,GPNV
29/07/2025,10:30:42,49.21024,-57.39756,22.0,,SKT-4214,1,1,GPNV
29/07/2025,10:30:49,49.21024,-57.39755,21.0,,SKT-4214,1,1,GPNV
29/07/2025,10:30:57,49.21024,-57.39755,22.0,,SKT-4214,1,1,GPNV
29/07/2025,10:31:04,49.21024,-57.39755,22.0,,SKT-4214,1,1,GPNV
29/07/2025,10:31:11,49.21024,-57.39755,22.0,,SKT-4214,1,1,GPNV
29/07/2025,10:31:18,49.21024,-57.39754,22.0,,SKT-4214,1,1,GPNV
29/07/2025,10:31:26,49.21024,-57.39754,21.0,,SKT-4214,1,1,GPNV
29/07/2025,10:31:33,49.21024,-57.39754,21.0,,SKT-4214,1,1,GPNV
29/07/2025,10:31:40,49.21024,-57.39754,21.0,,SKT-4214,1,1,GPNV
29/07/2025,10:31:47,49.21024,-57.39754,21.0,,SKT-4214,1,1,GPNV
29/07/2025,10:31:54,49.21024,-57.39754,21.0,,SKT-4214,1,1,GPNV
29/07/2025,10:32:02,49.21024,-57.39754,21.0,,SKT-4214,1,1,GPNV
29/07/2025,10:32:10,49.21024,-57.39754,21.0,,SKT-4214,1,1,GPNV
29/07/2025,10:32:17,49.21024,-57.39754,21.0,,SKT-4214,1,1,GPNV
29/07/2025,10:32:24,49.21025,-57.39754,20.0,,SKT-4214,1,1,GPNV
29/07/2025,10:32:31,49.21025,-57.39754,20.0,,SKT-4214,1,1,GPNV
29/07/2025,10:32:39,49.21024,-57.39754,20.0,,SKT-4214,1,1,GPNV
29/07/2025,10:32:46,49.21025,-57.39754,20.0,,SKT-4214,1,1,GPNV
29/07/2025,10:32:53,49.21025,-57.39754,20.0,,SKT-4214,1,1,GPNV
29/07/2025,10:33:00,49.21025,-57.39754,20.0,,SKT-4214,1,1,GPNV
29/07/2025,10:33:08,49.21024,-57.39754,21.0,,SKT-4214,1,1,GPNV
29/07/2025,10:33:15,49.21024,-57.39754,21.0,,SKT-4214,1,1,GPNV
29/07/2025,10:33:22,49.21024,-57.39754,21.0,,SKT-4214,1,1,GPNV
29/07/2025,10:33:29,49.21024,-57.39754,21.0,,SKT-4214,1,1,GPNV
29/07/2025,10:33:37,49.21024,-57.39754,21.0,,SKT-4214,1,1,GPNV
29/07/2025,10:33:44,49.21024,-57.39754,21.0,,SKT-4214,1,1,GPNV
29/07/2025,10:33:51,49.21024,-57.39755,21.0,,SKT-4214,1,1,GPNV
29/07/2025,10:33:58,49.21024,-57.39754,21.0,,SKT-4214,1,1,GPNV
29/07/2025,10:34:06,49.21024,-57.39754,21.0,,SKT-4214,1,1,GPNV
29/07/2025,10:34:13,49.21024,-57.39754,21.0,,SKT-4214,1,1,GPNV
29/07/2025,10:34:20,49.21024,-57.39754,21.0,,SKT-4214,1,1,GPNV
29/07/2025,10:34:27,49.21024,-57.39754,20.0,,SKT-4214,1,1,GPNV
29/07/2025,10:34:35,49.21025,-57.39754,20.0,,SKT-4214,1,1,GPNV
29/07/2025,10:34:42,49.21024,-57.39754,20.0,,SKT-4214,1,1,GPNV
29/07/2025,10:34:49,49.21024,-57.39754,20.0,,SKT-4214,1,1,GPNV
29/07/2025,10:34:56,49.21024,-57.39754,21.0,,SKT-4214,1,1,GPNV
29/07/2025,10:35:03,49.21024,-57.39755,21.0,,SKT-4214,1,1,GPNV
29/07/2025,10:35:11,49.21024,-57.39755,21.0,,SKT-4214,1,1,GPNV
29/07/2025,10:35:18,49.21024,-57.39755,21.0,,SKT-4214,1,1,GPNV
29/07/2025,10:35:25,49.21024,-57.39755,21.0,,SKT-4214,1,1,GPNV
29/07/2025,10:35:32,49.21024,-57.39755,21.0,,SKT-4214,1,1,GPNV
29/07/2025,10:35:39,49.21024,-57.39755,21.0,,SKT-4214,1,1,GPNV
29/07/2025,10:35:46,49.21024,-57.39754,21.0,,SKT-4214,1,1,GPNV
29/07/2025,10:35:54,49.21024,-57.39755,22.0,,SKT-4214,1,1,GPNV
29/07/2025,10:36:01,49.21024,-57.39755,22.0,,SKT-4214,1,1,GPNV
29/07/2025,10:36:08,49.21024,-57.39755,21.0,,SKT-4214,1,1,GPNV
29/07/2025,10:36:15,49.21024,-57.39754,21.0,,SKT-4214,1,1,GPNV
29/07/2025,10:36:23,49.21024,-57.39754,21.0,,SKT-4214,1,1,GPNV
29/07/2025,10:36:30,49.21023,-57.39754,21.0,,SKT-4214,1,1,GPNV
29/07/2025,10:36:37,49.21023,-57.39754,21.0,,SKT-4214,1,1,GPNV
29/07/2025,10:36:44,49.21023,-57.39754,20.0,,SKT-4214,1,1,GPNV
29/07/2025,10:36:51,49.21023,-57.39755,20.0,,SKT-4214,1,1,GPNV
29/07/2025,10:36:59,49.21023,-57.39755,20.0,,SKT-4214,1,1,GPNV
29/07/2025,10:37:06,49.21023,-57.39756,21.0,,SKT-4214,1,1,GPNV
29/07/2025,10:37:13,49.21024,-57.39756,21.0,,SKT-4214,1,1,GPNV
29/07/2025,10:37:20,49.21024,-57.39755,21.0,,SKT-4214,1,1,GPNV
29/07/2025,10:37:28,49.21024,-57.39754,20.0,,SKT-4214,1,1,GPNV
29/07/2025,10:37:35,49.21024,-57.39754,20.0,-0.0,SKT-4214,1,1,GPNV
29/07/2025,10:37:42,49.21024,-57.39755,21.0,-0.0,SKT-4214,1,1,GPNV
29/07/2025,10:37:49,49.21024,-57.39755,21.0,-0.0,SKT-4214,1,1,GPNV
29/07/2025,10:37:56,49.21024,-57.39755,21.0,-0.0,SKT-4214,1,1,GPNV
29/07/2025,10:38:03,49.21024,-57.39755,21.0,-0.0,SKT-4214,1,1,GPNV
29/07/2025,10:38:11,49.21024,-57.39756,22.0,-0.0,SKT-4214,1,1,GPNV
29/07/2025,10:38:18,49.21025,-57.39756,21.0,-0.0,SKT-4214,1,1,GPNV
29/07/2025,10:38:25,49.21025,-57.39756,21.0,-0.0,SKT-4214,1,1,GPNV
29/07/2025,10:38:32,49.21024,-57.39755,21.0,-0.0,SKT-4214,1,1,GPNV
29/07/2025,10:38:39,49.21024,-57.39755,21.0,-0.0,SKT-4214,1,1,GPNV
29/07/2025,10:38:47,49.21024,-57.39755,20.0,-0.0,SKT-4214,1,1,GPNV
29/07/2025,10:38:54,49.21024,-57.39755,20.0,-0.0,SKT-4214,1,1,GPNV
29/07/2025,10:39:01,49.21024,-57.39756,20.0,-0.0,SKT-4214,1,1,GPNV
29/07/2025,10:39:08,49.21024,-57.39756,21.0,-0.0,SKT-4214,1,1,GPNV
29/07/2025,10:39:15,49.21024,-57.39756,21.0,-0.0,SKT-4214,1,1,GPNV
29/07/2025,10:39:22,49.21024,-57.39755,20.0,-0.0,SKT-4214,1,1,GPNV
29/07/2025,10:39:30,49.21024,-57.39755,20.0,-0.0,SKT-4214,1,1,GPNV
29/07/2025,10:39:37,49.21024,-57.39754,20.0,0.0,SKT-4214,1,1,GPNV
29/07/2025,10:39:44,49.21024,-57.39754,19.0,-0.0,SKT-4214,1,1,GPNV
29/07/2025,10:39:51,49.21025,-57.39754,20.0,-0.0,SKT-4214,1,1,GPNV
29/07/2025,10:39:59,49.21024,-57.39754,20.0,-0.0,SKT-4214,1,1,GPNV
29/07/2025,10:40:06,49.21024,-57.39754,20.0,0.0,SKT-4214,1,1,GPNV
29/07/2025,10:40:15,49.21024,-57.39754,20.0,-0.0,SKT-4214,1,1,GPNV
29/07/2025,10:41:03,49.21024,-57.39754,19.0,-0.0,SKT-4214,0,1,GPNV
29/07/2025,10:41:10,49.21024,-57.39754,19.0,-0.0,SKT-4214,1,1,GPNV
29/07/2025,10:42:15,49.21024,-57.39754,20.0,-0.0,SKT-4214,1,1,GPNV
29/07/2025,10:42:22,49.21024,-57.39754,20.0,-0.0,SKT-4214,1,1,GPNV
29/07/2025,10:42:29,49.21024,-57.39754,20.0,-0.0,SKT-4214,1,1,GPNV
29/07/2025,10:42:36,49.21024,-57.39754,20.0,-0.0,SKT-4214,1,1,GPNV
29/07/2025,10:42:43,49.21024,-57.39754,20.0,-0.0,SKT-4214,1,1,GPNV
29/07/2025,10:42:51,49.21024,-57.39753,20.0,-0.0,SKT-4214,1,1,GPNV
29/07/2025,10:42:58,49.21024,-57.39753,20.0,-0.0,SKT-4214,1,1,GPNV
29/07/2025,10:43:05,49.21024,-57.39754,20.0,0.0,SKT-4214,1,1,GPNV
29/07/2025,10:43:12,49.21029,-57.39751,19.0,0.0,SKT-4214,1,1,GPNV
29/07/2025,10:43:19,49.2103,-57.3974,20.0,-0.0,SKT-4214,1,1,GPNV
29/07/2025,10:43:26,49.21022,-57.39722,19.0,0.0,SKT-4214,1,1,GPNV
29/07/2025,10:43:34,49.21008,-57.39688,19.0,-0.1,SKT-4214,1,1,GPNV
29/07/2025,10:43:41,49.21017,-57.39647,20.0,-0.1,SKT-4214,1,1,GPNV
29/07/2025,10:43:48,49.21039,-57.3961,20.0,-0.0,SKT-4214,1,1,GPNV
29/07/2025,10:43:55,49.21067,-57.39567,20.0,-0.0,SKT-4214,1,1,GPNV
29/07/2025,10:44:02,49.21097,-57.39518,21.0,-0.0,SKT-4214,1,1,GPNV
29/07/2025,10:44:10,49.21118,-57.39465,22.0,0.1,SKT-4214,1,1,GPNV
29/07/2025,10:44:17,49.21108,-57.39415,22.0,0.0,SKT-4214,1,1,GPNV
29/07/2025,10:44:24,49.21076,-57.39366,22.0,0.0,SKT-4214,1,1,GPNV
29/07/2025,10:44:31,49.21041,-57.39314,22.0,-0.0,SKT-4214,1,1,GPNV
29/07/2025,10:44:38,49.21034,-57.39259,22.0,-0.1,SKT-4214,1,1,GPNV
29/07/2025,10:44:46,49.21072,-57.39191,22.0,-0.1,SKT-4214,1,1,GPNV
29/07/2025,10:44:53,49.21117,-57.39121,22.0,-0.0,SKT-4214,1,1,GPNV
29/07/2025,10:45:00,49.21167,-57.3904,22.0,0.0,SKT-4214,1,1,GPNV
29/07/2025,10:45:07,49.21223,-57.38951,22.0,-0.0,SKT-4214,1,1,GPNV
29/07/2025,10:45:14,49.21284,-57.38855,23.0,-0.0,SKT-4214,1,1,GPNV
29/07/2025,10:45:21,49.21348,-57.38753,23.0,0.0,SKT-4214,1,1,GPNV
29/07/2025,10:45:29,49.21423,-57.38631,23.0,0.0,SKT-4214,1,1,GPNV
29/07/2025,10:45:36,49.2149,-57.38524,24.0,0.0,SKT-4214,1,1,GPNV
29/07/2025,10:45:43,49.21548,-57.38431,25.0,0.0,SKT-4214,1,1,GPNV
29/07/2025,10:45:50,49.21599,-57.38356,25.0,-0.1,SKT-4214,1,1,GPNV
29/07/2025,10:45:57,49.21648,-57.3832,25.0,-0.1,SKT-4214,1,1,GPNV
29/07/2025,10:46:04,49.21682,-57.38293,25.0,0.1,SKT-4214,1,1,GPNV
29/07/2025,10:46:12,49.21679,-57.38254,25.0,0.0,SKT-4214,1,1,GPNV
29/07/2025,10:46:19,49.21664,-57.3825,25.0,0.0,SKT-4214,1,1,GPNV
29/07/2025,10:46:26,49.2165,-57.38267,25.0,0.0,SKT-4214,1,1,GPNV
29/07/2025,10:46:33,49.21635,-57.38291,25.0,-0.0,SKT-4214,1,1,GPNV
29/07/2025,10:46:41,49.21557,-57.38415,24.0,-0.0,SKT-4214,1,1,GPNV
29/07/2025,10:46:48,49.21387,-57.38686,22.0,0.0,SKT-4214,1,1,GPNV
29/07/2025,10:46:55,49.2113,-57.39097,21.0,-0.0,SKT-4214,1,1,GPNV
29/07/2025,10:47:02,49.20803,-57.39608,39.0,0.0,SKT-4214,1,1,GPNV
29/07/2025,10:47:09,49.20441,-57.40165,97.0,0.0,SKT-4214,1,1,GPNV
29/07/2025,10:47:17,49.20003,-57.40852,177.0,0.0,SKT-4214,1,1,GPNV
29/07/2025,10:47:24,49.19603,-57.4149,260.0,-0.0,SKT-4214,1,1,GPNV
29/07/2025,10:47:31,49.19195,-57.42151,353.0,0.0,SKT-4214,1,1,GPNV
29/07/2025,10:47:38,49.18787,-57.42836,447.0,0.0,SKT-4214,1,1,GPNV
29/07/2025,10:47:45,49.18375,-57.43536,535.0,-0.0,SKT-4214,1,1,GPNV
29/07/2025,10:47:53,49.17902,-57.44344,643.0,-0.0,SKT-4214,1,1,GPNV
29/07/2025,10:48:01,49.17426,-57.45145,757.0,0.0,SKT-4214,1,0,GPNV
29/07/2025,10:48:09,49.16944,-57.45935,871.0,0.0,SKT-4214,1,0,GPNV
29/07/2025,10:48:17,49.16453,-57.46709,983.0,-0.0,SKT-4214,1,0,GPNV
29/07/2025,10:48:25,49.15957,-57.4748,1092.0,0.0,SKT-4214,1,0,GPNV
29/07/2025,10:48:32,49.15522,-57.48163,1183.0,-0.0,SKT-4214,1,1,GPNV
29/07/2025,10:48:40,49.15017,-57.48957,1269.0,-0.0,SKT-4214,1,0,GPNV
29/07/2025,10:48:47,49.14564,-57.4967,1340.0,0.0,SKT-4214,1,1,GPNV
29/07/2025,10:48:55,49.14035,-57.50496,1428.0,0.0,SKT-4214,1,1,GPNV
29/07/2025,10:49:02,49.13565,-57.51229,1508.0,0.0,SKT-4214,1,1,GPNV
29/07/2025,10:49:09,49.13089,-57.51965,1592.0,0.0,SKT-4214,1,1,GPNV
29/07/2025,10:49:16,49.12604,-57.52702,1673.0,0.0,SKT-4214,1,1,GPNV
29/07/2025,10:49:24,49.12046,-57.53558,1765.0,0.0,SKT-4214,1,1,GPNV
29/07/2025,10:49:31,49.1156,-57.54326,1845.0,0.0,SKT-4214,1,1,GPNV
29/07/2025,10:49:38,49.11066,-57.55097,1924.0,0.0,SKT-4214,1,1,GPNV
29/07/2025,10:49:45,49.10559,-57.55875,1983.0,0.0,SKT-4214,1,1,GPNV
29/07/2025,10:49:52,49.10033,-57.56666,2036.0,0.0,SKT-4214,1,1,GPNV
29/07/2025,10:50:00,49.09417,-57.57585,2106.0,0.0,SKT-4214,1,1,GPNV
29/07/2025,10:50:07,49.08869,-57.58402,2169.0,0.0,SKT-4214,1,1,GPNV
29/07/2025,10:50:14,49.08313,-57.59229,2233.0,0.0,SKT-4214,1,1,GPNV
29/07/2025,10:50:21,49.07748,-57.60062,2298.0,0.0,SKT-4214,1,1,GPNV
29/07/2025,10:50:29,49.07095,-57.61019,2378.0,0.0,SKT-4214,1,1,GPNV
29/07/2025,10:50:37,49.06437,-57.61981,2460.0,0.0,SKT-4214,1,1,GPNV
29/07/2025,10:50:44,49.05857,-57.62825,2536.0,0.0,SKT-4214,1,1,GPNV
29/07/2025,10:50:51,49.05269,-57.63662,2613.0,-0.0,SKT-4214,1,1,GPNV
29/07/2025,10:50:59,49.04588,-57.64614,2695.0,-0.0,SKT-4214,1,1,GPNV
29/07/2025,10:51:06,49.03991,-57.65453,2764.0,-0.0,SKT-4214,1,1,GPNV
29/07/2025,10:51:13,49.03393,-57.66302,2836.0,-0.0,SKT-4214,1,1,GPNV
29/07/2025,10:51:20,49.02796,-57.6716,2908.0,-0.0,SKT-4214,1,1,GPNV
29/07/2025,10:51:28,49.02113,-57.68148,2991.0,-0.0,SKT-4214,1,1,GPNV
29/07/2025,10:51:35,49.01517,-57.69019,3065.0,-0.0,SKT-4214,1,1,GPNV
29/07/2025,10:51:42,49.00922,-57.69893,3143.0,-0.0,SKT-4214,1,1,GPNV
29/07/2025,10:51:50,49.00243,-57.70892,3229.0,-0.0,SKT-4214,1,0,GPNV
29/07/2025,10:51:58,48.99563,-57.71892,3309.0,-0.0,SKT-4214,1,1,GPNV
29/07/2025,10:52:06,48.98884,-57.72894,3393.0,0.0,SKT-4214,1,1,GPNV
29/07/2025,10:52:13,48.98291,-57.73771,3467.0,-0.0,SKT-4214,1,1,GPNV
29/07/2025,10:52:20,48.97698,-57.74646,3541.0,-0.0,SKT-4214,1,1,GPNV
29/07/2025,10:52:28,48.97018,-57.75644,3623.0,0.0,SKT-4214,1,0,GPNV
29/07/2025,10:52:36,48.96337,-57.7664,3705.0,-0.0,SKT-4214,1,0,GPNV
29/07/2025,10:52:44,48.95657,-57.77634,3786.0,-0.0,SKT-4214,1,0,GPNV
29/07/2025,10:52:53,48.94893,-57.78755,3875.0,-0.0,SKT-4214,1,0,GPNV
29/07/2025,10:53:01,48.94217,-57.79752,3953.0,0.0,SKT-4214,1,0,GPNV
29/07/2025,10:53:09,48.93539,-57.80743,4030.0,-0.0,SKT-4214,1,0,GPNV
29/07/2025,10:53:17,48.92859,-57.81731,4105.0,-0.0,SKT-4214,1,0,GPNV
29/07/2025,10:53:25,48.92181,-57.82718,4183.0,0.0,SKT-4214,1,0,GPNV
29/07/2025,10:53:33,48.91507,-57.83705,4260.0,0.0,SKT-4214,1,0,GPNV
29/07/2025,10:53:41,48.90835,-57.84695,4333.0,0.0,SKT-4214,1,0,GPNV
29/07/2025,10:53:49,48.90165,-57.85686,4408.0,-0.0,SKT-4214,1,0,GPNV
29/07/2025,10:53:57,48.89497,-57.86675,4482.0,0.0,SKT-4214,1,0,GPNV
29/07/2025,10:54:05,48.88828,-57.87661,4554.0,0.0,SKT-4214,1,0,GPNV
29/07/2025,10:54:13,48.88159,-57.88643,4624.0,0.0,SKT-4214,1,0,GPNV
29/07/2025,10:54:21,48.87492,-57.89622,4696.0,0.0,SKT-4214,1,0,GPNV
29/07/2025,10:54:30,48.86746,-57.9072,4779.0,0.0,SKT-4214,1,0,GPNV
29/07/2025,10:54:38,48.86085,-57.91692,4853.0,0.0,SKT-4214,1,0,GPNV
29/07/2025,10:54:46,48.85426,-57.92661,4924.0,0.0,SKT-4214,1,0,GPNV
29/07/2025,10:54:54,48.84767,-57.93626,4989.0,0.0,SKT-4214,1,0,GPNV
29/07/2025,10:55:02,48.84108,-57.94591,5054.0,0.0,SKT-4214,1,0,GPNV
29/07/2025,10:55:10,48.8345,-57.95556,5118.0,0.0,SKT-4214,1,0,GPNV
29/07/2025,10:55:18,48.8279,-57.96523,5177.0,0.0,SKT-4214,1,0,GPNV
29/07/2025,10:55:26,48.8213,-57.97491,5238.0,0.0,SKT-4214,1,0,GPNV
29/07/2025,10:55:34,48.81468,-57.98457,5295.0,0.0,SKT-4214,1,0,GPNV
29/07/2025,10:55:42,48.80801,-57.9942,5355.0,0.0,SKT-4214,1,0,GPNV
29/07/2025,10:55:50,48.80132,-58.00386,5418.0,0.0,SKT-4214,1,0,GPNV
29/07/2025,10:55:59,48.7938,-58.01476,5491.0,0.0,SKT-4214,1,0,GPNV
29/07/2025,10:56:07,48.78713,-58.02447,5554.0,0.0,SKT-4214,1,0,GPNV
29/07/2025,10:56:15,48.78042,-58.03417,5616.0,0.0,SKT-4214,1,0,GPNV
29/07/2025,10:56:23,48.77368,-58.04387,5678.0,0.0,SKT-4214,1,0,GPNV
29/07/2025,10:56:31,48.76694,-58.05359,5737.0,-0.0,SKT-4214,1,0,GPNV
29/07/2025,10:56:39,48.76021,-58.06334,5795.0,0.0,SKT-4214,1,0,GPNV
29/07/2025,10:56:47,48.75346,-58.0731,5853.0,0.0,SKT-4214,1,0,GPNV
29/07/2025,10:56:55,48.74671,-58.08287,5910.0,0.0,SKT-4214,1,0,GPNV
29/07/2025,10:57:03,48.73995,-58.09265,5967.0,0.0,SKT-4214,1,0,GPNV
29/07/2025,10:57:11,48.7332,-58.10241,6025.0,0.0,SKT-4214,1,0,GPNV
29/07/2025,10:57:19,48.72646,-58.11217,6086.0,0.0,SKT-4214,1,0,GPNV
29/07/2025,10:57:28,48.71883,-58.12305,6153.0,-0.0,SKT-4214,1,0,GPNV
29/07/2025,10:57:36,48.71202,-58.13266,6210.0,0.0,SKT-4214,1,0,GPNV
29/07/2025,10:57:44,48.70523,-58.14225,6265.0,-0.0,SKT-4214,1,0,GPNV
29/07/2025,10:57:52,48.69848,-58.15185,6322.0,-0.0,SKT-4214,1,0,GPNV
29/07/2025,10:58:00,48.69178,-58.16146,6378.0,0.0,SKT-4214,1,0,GPNV
29/07/2025,10:58:08,48.6851,-58.17108,6434.0,0.0,SKT-4214,1,0,GPNV
29/07/2025,10:58:16,48.67844,-58.18068,6488.0,0.0,SKT-4214,1,0,GPNV
29/07/2025,10:58:24,48.6718,-58.19028,6539.0,0.0,SKT-4214,1,0,GPNV
29/07/2025,10:58:32,48.66517,-58.19986,6588.0,0.0,SKT-4214,1,0,GPNV
29/07/2025,10:58:40,48.65854,-58.20943,6636.0,0.0,SKT-4214,1,0,GPNV
29/07/2025,10:58:48,48.65191,-58.219,6685.0,0.0,SKT-4214,1,0,GPNV
29/07/2025,10:58:57,48.64447,-58.22976,6741.0,0.0,SKT-4214,1,0,GPNV
29/07/2025,10:59:05,48.63785,-58.23932,6789.0,0.0,SKT-4214,1,0,GPNV
29/07/2025,10:59:13,48.63124,-58.24887,6839.0,0.0,SKT-4214,1,0,GPNV
29/07/2025,10:59:21,48.62464,-58.25842,6889.0,-0.0,SKT-4214,1,0,GPNV
29/07/2025,10:59:29,48.61802,-58.26797,6928.0,-0.0,SKT-4214,1,0,GPNV
29/07/2025,10:59:37,48.61132,-58.27767,6941.0,0.0,SKT-4214,1,0,GPNV
29/07/2025,10:59:45,48.60449,-58.28759,6948.0,0.0,SKT-4214,1,0,GPNV
29/07/2025,10:59:53,48.59752,-58.2977,6952.0,-0.0,SKT-4214,1,0,GPNV
29/07/2025,11:00:01,48.59042,-58.30794,6955.0,-0.0,SKT-4214,1,0,GPNV
29/07/2025,11:00:09,48.58321,-58.31834,6957.0,0.0,SKT-4214,1,0,GPNV
29/07/2025,11:00:17,48.57589,-58.32889,6958.0,-0.0,SKT-4214,1,0,GPNV
29/07/2025,11:00:27,48.56755,-58.34092,6960.0,-0.0,SKT-4214,1,0,GPNV
29/07/2025,11:00:35,48.56004,-58.35174,6960.0,0.0,SKT-4214,1,0,GPNV
29/07/2025,11:00:43,48.55242,-58.36268,6961.0,-0.0,SKT-4214,1,0,GPNV
29/07/2025,11:00:51,48.54472,-58.37373,6960.0,0.0,SKT-4214,1,0,GPNV
29/07/2025,11:00:59,48.53693,-58.3849,6961.0,-0.0,SKT-4214,1,0,GPNV
29/07/2025,11:01:07,48.52905,-58.39614,6960.0,-0.0,SKT-4214,1,0,GPNV
29/07/2025,11:01:15,48.52106,-58.40746,6960.0,-0.0,SKT-4214,1,0,GPNV
29/07/2025,11:01:23,48.51301,-58.41887,6960.0,-0.0,SKT-4214,1,0,GPNV
29/07/2025,11:01:31,48.5049,-58.43037,6960.0,-0.0,SKT-4214,1,0,GPNV
29/07/2025,11:01:39,48.49674,-58.44196,6959.0,-0.0,SKT-4214,1,1,GPNV
29/07/2025,11:01:46,48.48958,-58.45218,6959.0,-0.0,SKT-4214,1,1,GPNV
29/07/2025,11:01:53,48.48239,-58.46245,6961.0,-0.0,SKT-4214,1,1,GPNV
29/07/2025,11:02:01,48.47413,-58.47422,6962.0,-0.0,SKT-4214,1,1,GPNV
29/07/2025,11:02:08,48.46686,-58.48456,6963.0,-0.0,SKT-4214,1,1,GPNV
29/07/2025,11:02:15,48.45957,-58.49494,6964.0,-0.0,SKT-4214,1,1,GPNV
29/07/2025,11:02:22,48.45224,-58.50534,6965.0,0.0,SKT-4214,1,1,GPNV
29/07/2025,11:02:29,48.44488,-58.51577,6966.0,-0.0,SKT-4214,1,1,GPNV
29/07/2025,11:02:37,48.43644,-58.52771,6967.0,-0.0,SKT-4214,1,1,GPNV
29/07/2025,11:02:44,48.42902,-58.53818,6968.0,-0.0,SKT-4214,1,1,GPNV
29/07/2025,11:02:52,48.42053,-58.55019,6968.0,0.0,SKT-4214,1,0,GPNV
29/07/2025,11:03:00,48.412,-58.56223,6963.0,-0.0,SKT-4214,1,0,GPNV
29/07/2025,11:03:08,48.40345,-58.57433,6963.0,-0.0,SKT-4214,1,0,GPNV
29/07/2025,11:03:16,48.3949,-58.58648,6964.0,-0.0,SKT-4214,1,0,GPNV
29/07/2025,11:03:24,48.38633,-58.59864,6966.0,-0.0,SKT-4214,1,0,GPNV
29/07/2025,11:03:32,48.37775,-58.61082,6967.0,-0.0,SKT-4214,1,0,GPNV
29/07/2025,11:03:41,48.36808,-58.62454,6968.0,0.0,SKT-4214,1,0,GPNV
29/07/2025,11:03:49,48.35948,-58.63675,6967.0,0.0,SKT-4214,1,0,GPNV
29/07/2025,11:03:57,48.35088,-58.649,6967.0,-0.0,SKT-4214,1,0,GPNV
29/07/2025,11:04:05,48.34228,-58.66127,6966.0,-0.0,SKT-4214,1,0,GPNV
29/07/2025,11:04:13,48.33367,-58.67353,6965.0,-0.0,SKT-4214,1,0,GPNV
29/07/2025,11:04:21,48.32505,-58.68579,6966.0,0.0,SKT-4214,1,0,GPNV
29/07/2025,11:04:29,48.31641,-58.69804,6966.0,0.0,SKT-4214,1,0,GPNV
29/07/2025,11:04:37,48.30776,-58.71029,6967.0,-0.0,SKT-4214,1,0,GPNV
29/07/2025,11:04:45,48.2991,-58.72253,6967.0,0.0,SKT-4214,1,0,GPNV
29/07/2025,11:04:53,48.29043,-58.73479,6967.0,-0.0,SKT-4214,1,0,GPNV
29/07/2025,11:05:01,48.28176,-58.74709,6966.0,-0.0,SKT-4214,1,0,GPNV
29/07/2025,11:05:09,48.2731,-58.7594,6967.0,0.0,SKT-4214,1,0,GPNV
29/07/2025,11:05:18,48.26331,-58.77323,6968.0,0.0,SKT-4214,1,0,GPNV
29/07/2025,11:05:26,48.2546,-58.78554,6969.0,0.0,SKT-4214,1,0,GPNV
29/07/2025,11:05:34,48.24592,-58.79786,6971.0,0.0,SKT-4214,1,0,GPNV
29/07/2025,11:05:42,48.23718,-58.8101,6972.0,0.0,SKT-4214,1,0,GPNV
29/07/2025,11:05:50,48.22842,-58.82233,6971.0,0.0,SKT-4214,1,0,GPNV
29/07/2025,11:05:58,48.21966,-58.83459,6972.0,0.0,SKT-4214,1,0,GPNV
29/07/2025,11:06:06,48.21091,-58.8469,6972.0,0.0,SKT-4214,1,0,GPNV
29/07/2025,11:06:14,48.20216,-58.85925,6971.0,-0.0,SKT-4214,1,0,GPNV
29/07/2025,11:06:22,48.19339,-58.8716,6971.0,0.0,SKT-4214,1,0,GPNV
29/07/2025,11:06:30,48.18458,-58.88395,6970.0,0.0,SKT-4214,1,0,GPNV
29/07/2025,11:06:38,48.17576,-58.89631,6970.0,-0.0,SKT-4214,1,0,GPNV
29/07/2025,11:06:46,48.16693,-58.90868,6970.0,-0.0,SKT-4214,1,0,GPNV
29/07/2025,11:06:55,48.15698,-58.92263,6970.0,-0.0,SKT-4214,1,0,GPNV
29/07/2025,11:07:03,48.14813,-58.93504,6971.0,0.0,SKT-4214,1,0,GPNV
29/07/2025,11:07:11,48.13926,-58.94746,6970.0,0.0,SKT-4214,1,0,GPNV
29/07/2025,11:07:19,48.13036,-58.95987,6970.0,-0.0,SKT-4214,1,0,GPNV
29/07/2025,11:07:27,48.12144,-58.9723,6972.0,0.0,SKT-4214,1,0,GPNV
29/07/2025,11:07:35,48.11253,-58.98475,6973.0,0.0,SKT-4214,1,0,GPNV
29/07/2025,11:07:43,48.1036,-58.99722,6974.0,0.0,SKT-4214,1,0,GPNV
29/07/2025,11:07:51,48.09467,-59.00971,6975.0,-0.0,SKT-4214,1,0,GPNV
29/07/2025,11:07:59,48.08571,-59.02219,6974.0,-0.0,SKT-4214,1,0,GPNV
29/07/2025,11:08:07,48.07674,-59.03465,6974.0,0.0,SKT-4214,1,0,GPNV
29/07/2025,11:08:16,48.06664,-59.04869,6974.0,0.0,SKT-4214,1,0,GPNV
29/07/2025,11:08:24,48.05764,-59.06114,6975.0,0.0,SKT-4214,1,0,GPNV
29/07/2025,11:08:32,48.04861,-59.07358,6974.0,-0.0,SKT-4214,1,0,GPNV
29/07/2025,11:08:40,48.03959,-59.08603,6973.0,0.0,SKT-4214,1,0,GPNV
29/07/2025,11:08:48,48.03059,-59.09853,6973.0,0.0,SKT-4214,1,0,GPNV
29/07/2025,11:08:56,48.02161,-59.11105,6974.0,0.0,SKT-4214,1,0,GPNV
29/07/2025,11:09:04,48.01262,-59.12355,6974.0,0.0,SKT-4214,1,0,GPNV
29/07/2025,11:09:12,48.00364,-59.13604,6973.0,0.0,SKT-4214,1,0,GPNV
29/07/2025,11:09:20,47.99463,-59.14853,6973.0,-0.0,SKT-4214,1,0,GPNV
29/07/2025,11:09:28,47.98562,-59.161,6974.0,0.0,SKT-4214,1,0,GPNV
29/07/2025,11:09:36,47.97658,-59.17344,6974.0,0.0,SKT-4214,1,0,GPNV
29/07/2025,11:09:45,47.96647,-59.1875,6976.0,-0.0,SKT-4214,1,0,GPNV
29/07/2025,11:09:53,47.95747,-59.19999,6975.0,0.0,SKT-4214,1,0,GPNV
29/07/2025,11:10:01,47.94847,-59.21248,6977.0,-0.0,SKT-4214,1,0,GPNV
29/07/2025,11:10:09,47.93946,-59.22498,6978.0,0.0,SKT-4214,1,0,GPNV
29/07/2025,11:10:17,47.93043,-59.23748,6977.0,0.0,SKT-4214,1,0,GPNV
29/07/2025,11:10:25,47.92139,-59.25001,6977.0,-0.0,SKT-4214,1,0,GPNV
29/07/2025,11:10:33,47.91236,-59.26254,6976.0,0.0,SKT-4214,1,0,GPNV
29/07/2025,11:10:41,47.90329,-59.27501,6977.0,0.0,SKT-4214,1,0,GPNV
29/07/2025,11:10:49,47.8942,-59.28746,6976.0,0.0,SKT-4214,1,0,GPNV
29/07/2025,11:10:57,47.88511,-59.29992,6976.0,0.0,SKT-4214,1,0,GPNV
29/07/2025,11:11:06,47.87492,-59.31402,6977.0,-0.0,SKT-4214,1,0,GPNV
29/07/2025,11:11:14,47.86586,-59.32657,6978.0,-0.0,SKT-4214,1,0,GPNV
29/07/2025,11:11:22,47.85678,-59.33912,6977.0,-0.0,SKT-4214,1,0,GPNV
29/07/2025,11:11:30,47.84768,-59.35167,6978.0,-0.0,SKT-4214,1,0,GPNV
29/07/2025,11:11:38,47.83853,-59.36418,6978.0,0.0,SKT-4214,1,0,GPNV
29/07/2025,11:11:46,47.82936,-59.37669,6977.0,-0.0,SKT-4214,1,0,GPNV
29/07/2025,11:11:53,47.82134,-59.38765,6977.0,-0.0,SKT-4214,1,0,GPNV
29/07/2025,11:12:00,47.81334,-59.39864,6977.0,0.0,SKT-4214,1,0,GPNV
29/07/2025,11:12:07,47.80536,-59.40966,6978.0,0.0,SKT-4214,1,0,GPNV
29/07/2025,11:12:15,47.79622,-59.42225,6978.0,-0.0,SKT-4214,1,0,GPNV
29/07/2025,11:12:22,47.7882,-59.43325,6979.0,-0.0,SKT-4214,1,0,GPNV
29/07/2025,11:12:29,47.78016,-59.4442,6980.0,0.0,SKT-4214,1,0,GPNV
29/07/2025,11:12:36,47.7721,-59.45516,6980.0,-0.0,SKT-4214,1,0,GPNV
29/07/2025,11:12:43,47.76404,-59.46611,6979.0,0.0,SKT-4214,1,0,GPNV
29/07/2025,11:12:51,47.75484,-59.47866,6979.0,-0.0,SKT-4214,1,0,GPNV
29/07/2025,11:12:58,47.74681,-59.48967,6979.0,-0.0,SKT-4214,1,0,GPNV
29/07/2025,11:13:05,47.73877,-59.50069,6979.0,-0.0,SKT-4214,1,0,GPNV
29/07/2025,11:13:12,47.73072,-59.5117,6978.0,-0.0,SKT-4214,1,0,GPNV
29/07/2025,11:13:19,47.72267,-59.52272,6979.0,0.0,SKT-4214,1,0,GPNV
29/07/2025,11:13:26,47.71462,-59.53377,6978.0,-0.0,SKT-4214,1,0,GPNV
29/07/2025,11:13:33,47.70657,-59.54482,6979.0,0.0,SKT-4214,1,0,GPNV
29/07/2025,11:13:40,47.6985,-59.55584,6979.0,-0.0,SKT-4214,1,0,GPNV
29/07/2025,11:13:47,47.69041,-59.56685,6978.0,0.0,SKT-4214,1,0,GPNV
29/07/2025,11:13:54,47.68232,-59.57788,6978.0,-0.0,SKT-4214,1,0,GPNV
29/07/2025,11:14:01,47.67421,-59.5889,6978.0,0.0,SKT-4214,1,0,GPNV
29/07/2025,11:14:08,47.66608,-59.5999,6979.0,0.0,SKT-4214,1,0,GPNV
29/07/2025,11:14:16,47.65676,-59.61245,6979.0,-0.0,SKT-4214,1,0,GPNV
29/07/2025,11:14:23,47.64861,-59.62346,6978.0,-0.0,SKT-4214,1,0,GPNV
29/07/2025,11:14:30,47.6405,-59.6345,6978.0,0.0,SKT-4214,1,0,GPNV
29/07/2025,11:14:37,47.6324,-59.64555,6979.0,-0.0,SKT-4214,1,0,GPNV
29/07/2025,11:14:44,47.62428,-59.65657,6979.0,0.0,SKT-4214,1,0,GPNV
29/07/2025,11:14:51,47.61615,-59.66759,6980.0,0.0,SKT-4214,1,0,GPNV
29/07/2025,11:14:58,47.60802,-59.67861,6979.0,0.0,SKT-4214,1,0,GPNV
29/07/2025,11:15:05,47.59987,-59.68963,6979.0,0.0,SKT-4214,1,0,GPNV
29/07/2025,11:15:12,47.59173,-59.70066,6979.0,0.0,SKT-4214,1,0,GPNV
29/07/2025,11:15:19,47.58362,-59.71173,6979.0,0.0,SKT-4214,1,0,GPNV
29/07/2025,11:15:26,47.57554,-59.72285,6980.0,-0.0,SKT-4214,1,0,GPNV
29/07/2025,11:15:33,47.56744,-59.73396,6980.0,0.0,SKT-4214,1,0,GPNV
29/07/2025,11:15:40,47.55929,-59.74504,6980.0,0.0,SKT-4214,1,0,GPNV
29/07/2025,11:15:47,47.55111,-59.75607,6979.0,-0.0,SKT-4214,1,0,GPNV
29/07/2025,11:15:55,47.54175,-59.76867,6979.0,-0.0,SKT-4214,1,0,GPNV
29/07/2025,11:16:02,47.53356,-59.77971,6979.0,-0.0,SKT-4214,1,0,GPNV
29/07/2025,11:16:09,47.52539,-59.79076,6979.0,0.0,SKT-4214,1,0,GPNV
29/07/2025,11:16:16,47.51722,-59.80182,6979.0,-0.0,SKT-4214,1,0,GPNV
29/07/2025,11:16:23,47.50905,-59.81288,6980.0,0.0,SKT-4214,1,0,GPNV
29/07/2025,11:16:30,47.50087,-59.82394,6980.0,-0.0,SKT-4214,1,0,GPNV
29/07/2025,11:16:37,47.49267,-59.83499,6981.0,0.0,SKT-4214,1,0,GPNV
29/07/2025,11:16:44,47.48446,-59.84604,6980.0,0.0,SKT-4214,1,0,GPNV
29/07/2025,11:16:51,47.47624,-59.85707,6981.0,-0.0,SKT-4214,1,0,GPNV
29/07/2025,11:16:59,47.46686,-59.86971,6981.0,-0.0,SKT-4214,1,0,GPNV
29/07/2025,11:17:06,47.45868,-59.8808,6981.0,0.0,SKT-4214,1,0,GPNV
29/07/2025,11:17:13,47.4505,-59.89188,6983.0,0.0,SKT-4214,1,0,GPNV
29/07/2025,11:17:21,47.44115,-59.90453,6983.0,-0.0,SKT-4214,1,0,GPNV
29/07/2025,11:17:29,47.43176,-59.91715,6982.0,0.0,SKT-4214,1,0,GPNV
29/07/2025,11:17:36,47.42352,-59.92818,6982.0,-0.0,SKT-4214,1,0,GPNV
29/07/2025,11:17:43,47.41529,-59.93922,6982.0,-0.0,SKT-4214,1,0,GPNV
29/07/2025,11:17:50,47.40707,-59.95028,6981.0,-0.0,SKT-4214,1,0,GPNV
29/07/2025,11:17:58,47.39769,-59.96294,6983.0,-0.0,SKT-4214,1,0,GPNV
29/07/2025,11:18:05,47.38948,-59.974,6982.0,-0.0,SKT-4214,1,0,GPNV
29/07/2025,11:18:12,47.38124,-59.98503,6981.0,0.0,SKT-4214,1,0,GPNV
29/07/2025,11:18:19,47.37299,-59.99604,6982.0,0.0,SKT-4214,1,0,GPNV
29/07/2025,11:18:27,47.36356,-60.00863,6982.0,-0.0,SKT-4214,1,0,GPNV
29/07/2025,11:18:34,47.35532,-60.01965,6981.0,-0.0,SKT-4214,1,0,GPNV
29/07/2025,11:18:41,47.34708,-60.03069,6982.0,0.0,SKT-4214,1,0,GPNV
29/07/2025,11:18:48,47.33886,-60.04173,6982.0,-0.0,SKT-4214,1,0,GPNV
29/07/2025,11:18:55,47.33064,-60.05276,6983.0,0.0,SKT-4214,1,0,GPNV
29/07/2025,11:19:03,47.32124,-60.06538,6983.0,-0.0,SKT-4214,1,0,GPNV
29/07/2025,11:19:10,47.31301,-60.0764,6983.0,-0.0,SKT-4214,1,0,GPNV
29/07/2025,11:19:17,47.30476,-60.08738,6983.0,-0.0,SKT-4214,1,0,GPNV
29/07/2025,11:19:24,47.29649,-60.09833,6984.0,-0.0,SKT-4214,1,0,GPNV
29/07/2025,11:19:31,47.2882,-60.10926,6983.0,0.0,SKT-4214,1,0,GPNV
29/07/2025,11:19:38,47.27993,-60.12021,6983.0,-0.0,SKT-4214,1,0,GPNV
29/07/2025,11:19:45,47.2717,-60.13121,6982.0,-0.0,SKT-4214,1,0,GPNV
29/07/2025,11:19:52,47.26349,-60.14225,6983.0,-0.0,SKT-4214,1,0,GPNV
29/07/2025,11:19:59,47.2553,-60.15329,6984.0,0.0,SKT-4214,1,0,GPNV
29/07/2025,11:20:06,47.2471,-60.16429,6985.0,0.0,SKT-4214,1,0,GPNV
29/07/2025,11:20:13,47.23887,-60.17523,6986.0,-0.0,SKT-4214,1,0,GPNV
29/07/2025,11:20:20,47.23063,-60.18615,6986.0,0.0,SKT-4214,1,0,GPNV
29/07/2025,11:20:27,47.22242,-60.19708,6987.0,-0.0,SKT-4214,1,0,GPNV
29/07/2025,11:20:35,47.21304,-60.20959,6987.0,-0.0,SKT-4214,1,0,GPNV
29/07/2025,11:20:42,47.20484,-60.22052,6988.0,-0.0,SKT-4214,1,0,GPNV
29/07/2025,11:20:49,47.19662,-60.23143,6988.0,-0.0,SKT-4214,1,0,GPNV
29/07/2025,11:20:56,47.18841,-60.24235,6987.0,0.0,SKT-4214,1,0,GPNV
29/07/2025,11:21:03,47.1802,-60.25329,6986.0,-0.0,SKT-4214,1,0,GPNV
29/07/2025,11:21:10,47.17196,-60.26421,6986.0,-0.0,SKT-4214,1,0,GPNV
29/07/2025,11:21:17,47.1637,-60.27509,6986.0,-0.0,SKT-4214,1,0,GPNV
29/07/2025,11:21:24,47.15542,-60.28596,6986.0,-0.0,SKT-4214,1,0,GPNV
29/07/2025,11:21:31,47.14715,-60.29684,6985.0,-0.0,SKT-4214,1,0,GPNV
29/07/2025,11:21:38,47.13889,-60.30774,6985.0,-0.0,SKT-4214,1,0,GPNV
29/07/2025,11:21:45,47.13063,-60.31863,6984.0,-0.0,SKT-4214,1,0,GPNV
29/07/2025,11:21:52,47.12238,-60.32952,6985.0,-0.0,SKT-4214,1,0,GPNV
29/07/2025,11:21:59,47.11414,-60.34041,6985.0,-0.0,SKT-4214,1,0,GPNV
29/07/2025,11:22:07,47.10472,-60.35287,6985.0,-0.0,SKT-4214,1,0,GPNV
29/07/2025,11:22:14,47.09649,-60.36379,6986.0,-0.0,SKT-4214,1,0,GPNV
29/07/2025,11:22:21,47.08826,-60.3747,6986.0,0.0,SKT-4214,1,0,GPNV
29/07/2025,11:22:28,47.08004,-60.38561,6986.0,0.0,SKT-4214,1,0,GPNV
29/07/2025,11:22:35,47.07182,-60.39651,6986.0,0.0,SKT-4214,1,0,GPNV
29/07/2025,11:22:42,47.06358,-60.40738,6988.0,-0.0,SKT-4214,1,0,GPNV
29/07/2025,11:22:49,47.05533,-60.41821,6988.0,-0.0,SKT-4214,1,0,GPNV
29/07/2025,11:22:56,47.04707,-60.42903,6988.0,-0.0,SKT-4214,1,0,GPNV
29/07/2025,11:23:03,47.03883,-60.43986,6989.0,-0.0,SKT-4214,1,0,GPNV
29/07/2025,11:23:10,47.0306,-60.4507,6989.0,0.0,SKT-4214,1,0,GPNV
29/07/2025,11:23:17,47.02238,-60.46156,6989.0,0.0,SKT-4214,1,0,GPNV
29/07/2025,11:23:24,47.01415,-60.4724,6989.0,-0.0,SKT-4214,1,0,GPNV
29/07/2025,11:23:31,47.00591,-60.48321,6988.0,-0.0,SKT-4214,1,0,GPNV
29/07/2025,11:23:39,46.99648,-60.49552,6989.0,-0.0,SKT-4214,1,0,GPNV
29/07/2025,11:23:46,46.98824,-60.50629,6990.0,0.0,SKT-4214,1,0,GPNV
29/07/2025,11:23:53,46.98001,-60.51709,6991.0,0.0,SKT-4214,1,0,GPNV
29/07/2025,11:24:00,46.97179,-60.52789,6992.0,0.0,SKT-4214,1,0,GPNV
29/07/2025,11:24:07,46.96358,-60.5387,6992.0,-0.0,SKT-4214,1,0,GPNV
29/07/2025,11:24:14,46.95537,-60.54952,6991.0,-0.0,SKT-4214,1,0,GPNV
29/07/2025,11:24:21,46.94715,-60.56032,6992.0,-0.0,SKT-4214,1,0,GPNV
29/07/2025,11:24:28,46.93893,-60.57111,6992.0,-0.0,SKT-4214,1,0,GPNV
29/07/2025,11:24:35,46.9307,-60.58191,6992.0,-0.0,SKT-4214,1,0,GPNV
29/07/2025,11:24:42,46.92245,-60.59269,6991.0,-0.0,SKT-4214,1,0,GPNV
29/07/2025,11:24:49,46.91418,-60.60346,6991.0,0.0,SKT-4214,1,0,GPNV
29/07/2025,11:24:56,46.90593,-60.61424,6991.0,-0.0,SKT-4214,1,0,GPNV
29/07/2025,11:25:04,46.89651,-60.62658,6992.0,0.0,SKT-4214,1,0,GPNV
29/07/2025,11:25:12,46.88709,-60.6389,6992.0,0.0,SKT-4214,1,0,GPNV
29/07/2025,11:25:19,46.87885,-60.64966,6993.0,-0.0,SKT-4214,1,0,GPNV
29/07/2025,11:25:26,46.87059,-60.66042,6993.0,-0.0,SKT-4214,1,0,GPNV
29/07/2025,11:25:33,46.86233,-60.67118,6993.0,-0.0,SKT-4214,1,0,GPNV
29/07/2025,11:25:40,46.85408,-60.68196,6992.0,0.0,SKT-4214,1,0,GPNV
29/07/2025,11:25:47,46.84583,-60.69274,6993.0,0.0,SKT-4214,1,0,GPNV
29/07/2025,11:25:54,46.83758,-60.70352,6993.0,0.0,SKT-4214,1,0,GPNV
29/07/2025,11:26:01,46.82933,-60.71432,6994.0,-0.0,SKT-4214,1,0,GPNV
29/07/2025,11:26:08,46.82106,-60.7251,6993.0,-0.0,SKT-4214,1,0,GPNV
29/07/2025,11:26:15,46.81279,-60.73587,6995.0,0.0,SKT-4214,1,0,GPNV
29/07/2025,11:26:22,46.80452,-60.74664,6996.0,-0.0,SKT-4214,1,0,GPNV
29/07/2025,11:26:30,46.79507,-60.75897,6996.0,-0.0,SKT-4214,1,0,GPNV
29/07/2025,11:26:37,46.78681,-60.76978,6996.0,-0.0,SKT-4214,1,0,GPNV
29/07/2025,11:26:44,46.77855,-60.7806,6995.0,0.0,SKT-4214,1,0,GPNV
29/07/2025,11:26:51,46.77027,-60.79141,6996.0,0.0,SKT-4214,1,0,GPNV
29/07/2025,11:26:58,46.76196,-60.80221,6996.0,-0.0,SKT-4214,1,0,GPNV
29/07/2025,11:27:05,46.75365,-60.81301,6996.0,-0.0,SKT-4214,1,0,GPNV
29/07/2025,11:27:12,46.74533,-60.82381,6997.0,-0.0,SKT-4214,1,0,GPNV
29/07/2025,11:27:19,46.73701,-60.83463,6996.0,-0.0,SKT-4214,1,0,GPNV
29/07/2025,11:27:26,46.72869,-60.84544,6997.0,0.0,SKT-4214,1,0,GPNV
29/07/2025,11:27:34,46.71918,-60.85778,6997.0,-0.0,SKT-4214,1,0,GPNV
29/07/2025,11:27:41,46.71084,-60.86856,6996.0,0.0,SKT-4214,1,0,GPNV
29/07/2025,11:27:48,46.70251,-60.87932,6997.0,-0.0,SKT-4214,1,0,GPNV
29/07/2025,11:27:55,46.69417,-60.89007,6996.0,0.0,SKT-4214,1,0,GPNV
29/07/2025,11:28:02,46.68586,-60.90083,6996.0,-0.0,SKT-4214,1,0,GPNV
29/07/2025,11:28:09,46.67756,-60.91162,6995.0,0.0,SKT-4214,1,0,GPNV
29/07/2025,11:28:16,46.66928,-60.92242,6995.0,0.0,SKT-4214,1,0,GPNV
29/07/2025,11:28:24,46.65983,-60.93474,6997.0,-0.0,SKT-4214,1,0,GPNV
29/07/2025,11:28:31,46.65155,-60.94547,6998.0,0.0,SKT-4214,1,0,GPNV
29/07/2025,11:28:38,46.64326,-60.95618,6998.0,0.0,SKT-4214,1,0,GPNV
29/07/2025,11:28:45,46.63499,-60.96686,6999.0,-0.0,SKT-4214,1,0,GPNV
29/07/2025,11:28:52,46.62671,-60.97752,6998.0,-0.0,SKT-4214,1,0,GPNV
29/07/2025,11:28:59,46.61843,-60.98818,6999.0,0.0,SKT-4214,1,0,GPNV
29/07/2025,11:29:06,46.61016,-60.99885,6999.0,-0.0,SKT-4214,1,0,GPNV
29/07/2025,11:29:13,46.60189,-61.00951,6999.0,-0.0,SKT-4214,1,0,GPNV
29/07/2025,11:29:20,46.59362,-61.02013,7000.0,0.0,SKT-4214,1,0,GPNV
29/07/2025,11:29:27,46.58532,-61.03072,7000.0,0.0,SKT-4214,1,0,GPNV
29/07/2025,11:29:34,46.57703,-61.04128,7000.0,0.0,SKT-4214,1,0,GPNV
29/07/2025,11:29:41,46.56876,-61.05187,6999.0,0.0,SKT-4214,1,0,GPNV
29/07/2025,11:29:48,46.56051,-61.06247,6999.0,-0.0,SKT-4214,1,0,GPNV
29/07/2025,11:29:56,46.55109,-61.07458,6999.0,-0.0,SKT-4214,1,0,GPNV
29/07/2025,11:30:03,46.54285,-61.08517,6998.0,0.0,SKT-4214,1,0,GPNV
29/07/2025,11:30:10,46.53462,-61.09577,6997.0,0.0,SKT-4214,1,0,GPNV
29/07/2025,11:30:17,46.52637,-61.10635,6996.0,-0.0,SKT-4214,1,0,GPNV
29/07/2025,11:30:24,46.51812,-61.11691,6997.0,0.0,SKT-4214,1,0,GPNV
29/07/2025,11:30:31,46.50986,-61.12745,6998.0,-0.0,SKT-4214,1,0,GPNV
29/07/2025,11:30:38,46.50161,-61.13795,6999.0,-0.0,SKT-4214,1,0,GPNV
29/07/2025,11:30:45,46.49336,-61.14846,7001.0,-0.0,SKT-4214,1,0,GPNV
29/07/2025,11:30:52,46.48513,-61.15897,7001.0,-0.0,SKT-4214,1,0,GPNV
29/07/2025,11:30:59,46.4769,-61.16947,7001.0,0.0,SKT-4214,1,0,GPNV
29/07/2025,11:31:06,46.46867,-61.17996,7001.0,-0.0,SKT-4214,1,0,GPNV
29/07/2025,11:31:13,46.46046,-61.19048,7001.0,-0.0,SKT-4214,1,0,GPNV
29/07/2025,11:31:20,46.45227,-61.20104,7002.0,-0.0,SKT-4214,1,0,GPNV
29/07/2025,11:31:27,46.44411,-61.2116,7001.0,0.0,SKT-4214,1,0,GPNV
29/07/2025,11:31:34,46.43591,-61.22214,7000.0,0.0,SKT-4214,1,0,GPNV
29/07/2025,11:31:42,46.42652,-61.23413,7001.0,-0.0,SKT-4214,1,0,GPNV
29/07/2025,11:31:49,46.41827,-61.24458,6999.0,-0.0,SKT-4214,1,0,GPNV
29/07/2025,11:31:56,46.41002,-61.25504,6998.0,-0.0,SKT-4214,1,0,GPNV
29/07/2025,11:32:03,46.40178,-61.26553,6998.0,-0.0,SKT-4214,1,0,GPNV
29/07/2025,11:32:10,46.39357,-61.27604,7000.0,-0.0,SKT-4214,1,0,GPNV
29/07/2025,11:32:17,46.38536,-61.28654,7000.0,0.0,SKT-4214,1,0,GPNV
29/07/2025,11:32:24,46.37715,-61.29703,7000.0,0.0,SKT-4214,1,0,GPNV
29/07/2025,11:32:31,46.36893,-61.30749,7002.0,0.0,SKT-4214,1,0,GPNV
29/07/2025,11:32:38,46.3607,-61.31793,7003.0,0.0,SKT-4214,1,0,GPNV
29/07/2025,11:32:45,46.35246,-61.32836,7003.0,-0.0,SKT-4214,1,0,GPNV
29/07/2025,11:32:52,46.34422,-61.33879,7002.0,-0.0,SKT-4214,1,0,GPNV
29/07/2025,11:32:59,46.33598,-61.34925,7001.0,-0.0,SKT-4214,1,0,GPNV
29/07/2025,11:33:06,46.32776,-61.35973,7001.0,-0.0,SKT-4214,1,0,GPNV
29/07/2025,11:33:14,46.31838,-61.37172,7002.0,0.0,SKT-4214,1,0,GPNV
29/07/2025,11:33:21,46.31017,-61.38219,7001.0,-0.0,SKT-4214,1,0,GPNV
29/07/2025,11:33:28,46.30196,-61.39266,7000.0,0.0,SKT-4214,1,0,GPNV
29/07/2025,11:33:35,46.29372,-61.40308,7000.0,-0.0,SKT-4214,1,0,GPNV
29/07/2025,11:33:42,46.28548,-61.41348,7000.0,-0.0,SKT-4214,1,0,GPNV
29/07/2025,11:33:49,46.27723,-61.42385,7000.0,0.0,SKT-4214,1,0,GPNV
29/07/2025,11:33:56,46.26897,-61.43419,7000.0,0.0,SKT-4214,1,0,GPNV
29/07/2025,11:34:03,46.26073,-61.44451,7001.0,0.0,SKT-4214,1,0,GPNV
29/07/2025,11:34:10,46.25251,-61.45485,7001.0,-0.0,SKT-4214,1,0,GPNV
29/07/2025,11:34:17,46.24431,-61.46521,7001.0,-0.0,SKT-4214,1,0,GPNV
29/07/2025,11:34:24,46.23613,-61.47559,7001.0,-0.0,SKT-4214,1,0,GPNV
29/07/2025,11:34:31,46.22796,-61.48596,7002.0,-0.0,SKT-4214,1,0,GPNV
29/07/2025,11:34:38,46.21978,-61.49632,7002.0,-0.0,SKT-4214,1,0,GPNV
29/07/2025,11:34:46,46.21041,-61.50814,7003.0,-0.0,SKT-4214,1,0,GPNV
29/07/2025,11:34:53,46.20221,-61.51847,7003.0,-0.0,SKT-4214,1,0,GPNV
29/07/2025,11:35:00,46.19401,-61.5288,7003.0,-0.0,SKT-4214,1,0,GPNV
29/07/2025,11:35:07,46.1858,-61.5391,7004.0,-0.0,SKT-4214,1,0,GPNV
29/07/2025,11:35:14,46.1776,-61.5494,7004.0,0.0,SKT-4214,1,0,GPNV
29/07/2025,11:35:21,46.1694,-61.5597,7005.0,0.0,SKT-4214,1,0,GPNV
29/07/2025,11:35:28,46.16122,-61.57001,7005.0,0.0,SKT-4214,1,0,GPNV
29/07/2025,11:35:35,46.15305,-61.58033,7005.0,-0.0,SKT-4214,1,0,GPNV
29/07/2025,11:35:42,46.14487,-61.59064,7004.0,-0.0,SKT-4214,1,0,GPNV
29/07/2025,11:35:49,46.13668,-61.60096,7004.0,-0.0,SKT-4214,1,0,GPNV
29/07/2025,11:35:56,46.1285,-61.61127,7005.0,-0.0,SKT-4214,1,0,GPNV
29/07/2025,11:36:03,46.12032,-61.62158,7005.0,0.0,SKT-4214,1,0,GPNV
29/07/2025,11:36:10,46.11213,-61.63189,7004.0,0.0,SKT-4214,1,0,GPNV
29/07/2025,11:36:17,46.10392,-61.64218,7004.0,-0.0,SKT-4214,1,0,GPNV
29/07/2025,11:36:25,46.09454,-61.65392,7004.0,-0.0,SKT-4214,1,0,GPNV
29/07/2025,11:36:32,46.08632,-61.66418,7003.0,0.0,SKT-4214,1,0,GPNV
29/07/2025,11:36:39,46.07813,-61.67445,7003.0,0.0,SKT-4214,1,0,GPNV
29/07/2025,11:36:46,46.06995,-61.68477,7003.0,-0.0,SKT-4214,1,0,GPNV
29/07/2025,11:36:53,46.0618,-61.69511,7003.0,-0.0,SKT-4214,1,0,GPNV
29/07/2025,11:37:00,46.05363,-61.70541,7003.0,-0.0,SKT-4214,1,0,GPNV
29/07/2025,11:37:07,46.04544,-61.71568,7004.0,0.0,SKT-4214,1,0,GPNV
29/07/2025,11:37:14,46.03723,-61.72591,7004.0,-0.0,SKT-4214,1,0,GPNV
29/07/2025,11:37:21,46.02902,-61.73615,7004.0,-0.0,SKT-4214,1,0,GPNV
29/07/2025,11:37:28,46.02082,-61.74639,7004.0,-0.0,SKT-4214,1,0,GPNV
29/07/2025,11:37:35,46.01264,-61.75665,7004.0,-0.0,SKT-4214,1,0,GPNV
29/07/2025,11:37:42,46.00445,-61.76689,7005.0,0.0,SKT-4214,1,0,GPNV
29/07/2025,11:37:49,45.99625,-61.77712,7004.0,0.0,SKT-4214,1,0,GPNV
29/07/2025,11:37:56,45.98805,-61.78735,7006.0,0.0,SKT-4214,1,0,GPNV
29/07/2025,11:38:03,45.97987,-61.7976,7006.0,-0.0,SKT-4214,1,0,GPNV
29/07/2025,11:38:11,45.97051,-61.80931,7006.0,-0.0,SKT-4214,1,0,GPNV
29/07/2025,11:38:18,45.96232,-61.81955,7006.0,0.0,SKT-4214,1,0,GPNV
29/07/2025,11:38:25,45.95414,-61.82982,7005.0,0.0,SKT-4214,1,0,GPNV
29/07/2025,11:38:32,45.94596,-61.8401,7005.0,0.0,SKT-4214,1,0,GPNV
29/07/2025,11:38:39,45.93778,-61.85037,7006.0,-0.0,SKT-4214,1,0,GPNV
29/07/2025,11:38:46,45.9296,-61.86063,7006.0,0.0,SKT-4214,1,0,GPNV
29/07/2025,11:38:53,45.9214,-61.87086,7006.0,-0.0,SKT-4214,1,0,GPNV
29/07/2025,11:39:00,45.91318,-61.88105,7007.0,0.0,SKT-4214,1,0,GPNV
29/07/2025,11:39:07,45.90495,-61.89122,7006.0,0.0,SKT-4214,1,0,GPNV
29/07/2025,11:39:14,45.89672,-61.90141,7007.0,-0.0,SKT-4214,1,0,GPNV
29/07/2025,11:39:21,45.88852,-61.91164,7008.0,-0.0,SKT-4214,1,0,GPNV
29/07/2025,11:39:29,45.87915,-61.92333,7009.0,-0.0,SKT-4214,1,0,GPNV
29/07/2025,11:39:36,45.87093,-61.93353,7009.0,-0.0,SKT-4214,1,0,GPNV
29/07/2025,11:39:43,45.86269,-61.9437,7009.0,-0.0,SKT-4214,1,0,GPNV
29/07/2025,11:39:50,45.85443,-61.95386,7010.0,-0.0,SKT-4214,1,0,GPNV
29/07/2025,11:39:57,45.84618,-61.96401,7011.0,-0.0,SKT-4214,1,0,GPNV
29/07/2025,11:40:04,45.83794,-61.9742,7010.0,-0.0,SKT-4214,1,0,GPNV
29/07/2025,11:40:11,45.82971,-61.98441,7009.0,-0.0,SKT-4214,1,0,GPNV
29/07/2025,11:40:18,45.82149,-61.99464,7008.0,0.0,SKT-4214,1,0,GPNV
29/07/2025,11:40:25,45.81326,-62.00488,7007.0,-0.0,SKT-4214,1,0,GPNV
29/07/2025,11:40:32,45.80502,-62.01511,7007.0,-0.0,SKT-4214,1,0,GPNV
29/07/2025,11:40:39,45.79676,-62.02532,7007.0,-0.0,SKT-4214,1,0,GPNV
29/07/2025,11:40:46,45.78848,-62.03548,7008.0,-0.0,SKT-4214,1,0,GPNV
29/07/2025,11:40:53,45.78017,-62.04562,7008.0,-0.0,SKT-4214,1,0,GPNV
29/07/2025,11:41:01,45.77069,-62.05726,7007.0,0.0,SKT-4214,1,0,GPNV
29/07/2025,11:41:08,45.76243,-62.06749,7008.0,0.0,SKT-4214,1,0,GPNV
29/07/2025,11:41:15,45.75417,-62.07773,7006.0,-0.0,SKT-4214,1,0,GPNV
29/07/2025,11:41:22,45.74589,-62.08797,7007.0,-0.0,SKT-4214,1,0,GPNV
29/07/2025,11:41:29,45.73762,-62.09819,7008.0,-0.0,SKT-4214,1,0,GPNV
29/07/2025,11:41:36,45.72934,-62.10839,7008.0,0.0,SKT-4214,1,0,GPNV
29/07/2025,11:41:43,45.72105,-62.11859,7008.0,-0.0,SKT-4214,1,0,GPNV
29/07/2025,11:41:50,45.71276,-62.12879,7008.0,-0.0,SKT-4214,1,0,GPNV
29/07/2025,11:41:57,45.70447,-62.13897,7009.0,-0.0,SKT-4214,1,0,GPNV
29/07/2025,11:42:04,45.69616,-62.14914,7009.0,-0.0,SKT-4214,1,0,GPNV
29/07/2025,11:42:11,45.68786,-62.1593,7010.0,0.0,SKT-4214,1,0,GPNV
29/07/2025,11:42:18,45.67957,-62.16948,7010.0,-0.0,SKT-4214,1,0,GPNV
29/07/2025,11:42:25,45.6713,-62.17967,7010.0,0.0,SKT-4214,1,0,GPNV
29/07/2025,11:42:32,45.66304,-62.18988,7010.0,-0.0,SKT-4214,1,0,GPNV
29/07/2025,11:42:40,45.65361,-62.20155,7010.0,0.0,SKT-4214,1,0,GPNV
29/07/2025,11:42:47,45.64534,-62.21173,7009.0,0.0,SKT-4214,1,0,GPNV
29/07/2025,11:42:54,45.63705,-62.2219,7009.0,0.0,SKT-4214,1,0,GPNV
29/07/2025,11:43:01,45.62876,-62.23204,7010.0,-0.0,SKT-4214,1,0,GPNV
29/07/2025,11:43:08,45.62062,-62.24238,7010.0,0.0,SKT-4214,1,0,GPNV
29/07/2025,11:43:15,45.61288,-62.25327,7010.0,0.0,SKT-4214,1,0,GPNV
29/07/2025,11:43:22,45.60548,-62.26458,7008.0,-0.0,SKT-4214,1,0,GPNV
29/07/2025,11:43:29,45.59824,-62.27612,6990.0,-0.0,SKT-4214,1,0,GPNV
29/07/2025,11:43:36,45.59112,-62.28785,6940.0,0.0,SKT-4214,1,0,GPNV
29/07/2025,11:43:43,45.58419,-62.29983,6873.0,-0.0,SKT-4214,1,0,GPNV
29/07/2025,11:43:50,45.57723,-62.31184,6812.0,-0.0,SKT-4214,1,0,GPNV
29/07/2025,11:43:57,45.57013,-62.32369,6752.0,-0.0,SKT-4214,1,0,GPNV
29/07/2025,11:44:04,45.56296,-62.33548,6684.0,-0.0,SKT-4214,1,0,GPNV
29/07/2025,11:44:12,45.55481,-62.34898,6607.0,0.0,SKT-4214,1,0,GPNV
29/07/2025,11:44:19,45.54771,-62.3608,6541.0,-0.0,SKT-4214,1,0,GPNV
29/07/2025,11:44:26,45.54062,-62.3726,6475.0,-0.0,SKT-4214,1,0,GPNV
29/07/2025,11:44:33,45.53353,-62.38438,6406.0,-0.0,SKT-4214,1,0,GPNV
29/07/2025,11:44:40,45.52643,-62.39616,6338.0,-0.0,SKT-4214,1,0,GPNV
29/07/2025,11:44:47,45.51927,-62.40789,6271.0,-0.0,SKT-4214,1,0,GPNV
29/07/2025,11:44:54,45.51205,-62.41956,6204.0,-0.0,SKT-4214,1,0,GPNV
29/07/2025,11:45:01,45.50483,-62.4312,6136.0,0.0,SKT-4214,1,0,GPNV
29/07/2025,11:45:08,45.49765,-62.44288,6070.0,-0.0,SKT-4214,1,0,GPNV
29/07/2025,11:45:15,45.49052,-62.45459,6003.0,-0.0,SKT-4214,1,0,GPNV
29/07/2025,11:45:22,45.4834,-62.4663,5938.0,-0.0,SKT-4214,1,0,GPNV
29/07/2025,11:45:29,45.47625,-62.47796,5873.0,-0.0,SKT-4214,1,0,GPNV
29/07/2025,11:45:36,45.46907,-62.48959,5806.0,-0.0,SKT-4214,1,0,GPNV
29/07/2025,11:45:43,45.46186,-62.50119,5740.0,-0.0,SKT-4214,1,0,GPNV
29/07/2025,11:45:51,45.45359,-62.51445,5664.0,0.0,SKT-4214,1,0,GPNV
29/07/2025,11:45:58,45.44634,-62.52605,5600.0,0.0,SKT-4214,1,0,GPNV
29/07/2025,11:46:05,45.43909,-62.53765,5532.0,0.0,SKT-4214,1,0,GPNV
29/07/2025,11:46:12,45.43185,-62.54929,5459.0,-0.0,SKT-4214,1,0,GPNV
29/07/2025,11:46:19,45.42462,-62.56096,5392.0,-0.0,SKT-4214,1,0,GPNV
29/07/2025,11:46:26,45.41739,-62.57259,5329.0,0.0,SKT-4214,1,0,GPNV
29/07/2025,11:46:33,45.41015,-62.5842,5262.0,-0.0,SKT-4214,1,0,GPNV
29/07/2025,11:46:40,45.40292,-62.59581,5195.0,0.0,SKT-4214,1,0,GPNV
29/07/2025,11:46:47,45.39568,-62.60742,5129.0,0.0,SKT-4214,1,0,GPNV
29/07/2025,11:46:54,45.38844,-62.61899,5063.0,-0.0,SKT-4214,1,0,GPNV
29/07/2025,11:47:01,45.38118,-62.63051,4995.0,-0.0,SKT-4214,1,0,GPNV
29/07/2025,11:47:08,45.37393,-62.642,4930.0,-0.0,SKT-4214,1,0,GPNV
29/07/2025,11:47:16,45.36567,-62.65513,4856.0,-0.0,SKT-4214,1,0,GPNV
29/07/2025,11:47:23,45.35849,-62.66665,4789.0,0.0,SKT-4214,1,0,GPNV
29/07/2025,11:47:30,45.35132,-62.67817,4720.0,-0.0,SKT-4214,1,0,GPNV
29/07/2025,11:47:37,45.34414,-62.68969,4653.0,-0.0,SKT-4214,1,0,GPNV
29/07/2025,11:47:44,45.33697,-62.70121,4586.0,-0.0,SKT-4214,1,0,GPNV
29/07/2025,11:47:51,45.32983,-62.71277,4519.0,-0.0,SKT-4214,1,0,GPNV
29/07/2025,11:47:58,45.32272,-62.72438,4453.0,-0.0,SKT-4214,1,0,GPNV
29/07/2025,11:48:05,45.31563,-62.73602,4386.0,0.0,SKT-4214,1,0,GPNV
29/07/2025,11:48:12,45.30852,-62.74764,4320.0,-0.0,SKT-4214,1,0,GPNV
29/07/2025,11:48:19,45.30136,-62.75921,4256.0,-0.0,SKT-4214,1,0,GPNV
29/07/2025,11:48:26,45.29415,-62.77073,4189.0,-0.0,SKT-4214,1,0,GPNV
29/07/2025,11:48:33,45.28693,-62.78222,4124.0,0.0,SKT-4214,1,0,GPNV
29/07/2025,11:48:40,45.2798,-62.79367,4058.0,0.0,SKT-4214,1,0,GPNV
29/07/2025,11:48:47,45.27286,-62.80511,3990.0,0.0,SKT-4214,1,0,GPNV
29/07/2025,11:48:55,45.26506,-62.81805,3918.0,0.0,SKT-4214,1,0,GPNV
29/07/2025,11:49:02,45.25826,-62.82912,3857.0,-0.0,SKT-4214,1,0,GPNV
29/07/2025,11:49:09,45.25144,-62.83995,3794.0,0.0,SKT-4214,1,0,GPNV
29/07/2025,11:49:16,45.24462,-62.85056,3731.0,0.0,SKT-4214,1,0,GPNV
29/07/2025,11:49:23,45.23785,-62.86102,3671.0,0.0,SKT-4214,1,0,GPNV
29/07/2025,11:49:30,45.23115,-62.87138,3609.0,0.0,SKT-4214,1,0,GPNV
29/07/2025,11:49:37,45.22453,-62.88168,3551.0,-0.0,SKT-4214,1,0,GPNV
29/07/2025,11:49:44,45.218,-62.89193,3493.0,0.0,SKT-4214,1,0,GPNV
29/07/2025,11:49:51,45.21157,-62.90213,3436.0,0.0,SKT-4214,1,0,GPNV
29/07/2025,11:49:58,45.20524,-62.91229,3378.0,0.0,SKT-4214,1,0,GPNV
29/07/2025,11:50:05,45.19912,-62.92254,3320.0,-0.0,SKT-4214,1,0,GPNV
29/07/2025,11:50:12,45.19358,-62.93319,3263.0,0.0,SKT-4214,1,0,GPNV
29/07/2025,11:50:19,45.1887,-62.94425,3206.0,0.0,SKT-4214,1,0,GPNV
29/07/2025,11:50:27,45.18369,-62.95711,3145.0,0.0,SKT-4214,1,0,GPNV
29/07/2025,11:50:34,45.17959,-62.96835,3093.0,0.0,SKT-4214,1,0,GPNV
29/07/2025,11:50:41,45.17559,-62.97948,3038.0,0.0,SKT-4214,1,0,GPNV
29/07/2025,11:50:48,45.17158,-62.99052,2984.0,0.0,SKT-4214,1,0,GPNV
29/07/2025,11:50:55,45.16747,-63.00145,2934.0,-0.0,SKT-4214,1,0,GPNV
29/07/2025,11:51:02,45.16322,-63.01226,2881.0,-0.0,SKT-4214,1,0,GPNV
29/07/2025,11:51:09,45.15891,-63.02307,2826.0,-0.0,SKT-4214,1,0,GPNV
29/07/2025,11:51:16,45.15462,-63.03395,2775.0,-0.0,SKT-4214,1,0,GPNV
29/07/2025,11:51:23,45.15039,-63.04489,2725.0,-0.0,SKT-4214,1,0,GPNV
29/07/2025,11:51:30,45.1462,-63.05589,2672.0,-0.0,SKT-4214,1,0,GPNV
29/07/2025,11:51:37,45.14203,-63.06694,2616.0,-0.0,SKT-4214,1,0,GPNV
29/07/2025,11:51:44,45.13789,-63.07805,2563.0,-0.0,SKT-4214,1,0,GPNV
29/07/2025,11:51:51,45.13374,-63.08917,2510.0,-0.0,SKT-4214,1,0,GPNV
29/07/2025,11:51:59,45.12901,-63.10191,2448.0,-0.0,SKT-4214,1,0,GPNV
29/07/2025,11:52:06,45.12485,-63.11303,2395.0,-0.0,SKT-4214,1,0,GPNV
29/07/2025,11:52:13,45.12072,-63.12404,2341.0,0.0,SKT-4214,1,0,GPNV
29/07/2025,11:52:20,45.1167,-63.13491,2283.0,-0.0,SKT-4214,1,0,GPNV
29/07/2025,11:52:27,45.11263,-63.14556,2233.0,-0.0,SKT-4214,1,0,GPNV
29/07/2025,11:52:34,45.10854,-63.15592,2190.0,-0.0,SKT-4214,1,0,GPNV
29/07/2025,11:52:41,45.10447,-63.16604,2141.0,-0.0,SKT-4214,1,0,GPNV
29/07/2025,11:52:48,45.10047,-63.17601,2084.0,-0.0,SKT-4214,1,0,GPNV
29/07/2025,11:52:55,45.09656,-63.18589,2034.0,-0.0,SKT-4214,1,0,GPNV
29/07/2025,11:53:02,45.09277,-63.19563,1992.0,-0.0,SKT-4214,1,0,GPNV
29/07/2025,11:53:09,45.08905,-63.20519,1946.0,-0.0,SKT-4214,1,0,GPNV
29/07/2025,11:53:16,45.08541,-63.2146,1898.0,0.0,SKT-4214,1,0,GPNV
29/07/2025,11:53:23,45.08185,-63.22385,1854.0,0.0,SKT-4214,1,0,GPNV
29/07/2025,11:53:30,45.0784,-63.23294,1811.0,0.0,SKT-4214,1,0,GPNV
29/07/2025,11:53:38,45.07456,-63.24306,1767.0,0.0,SKT-4214,1,0,GPNV
29/07/2025,11:53:45,45.07122,-63.25171,1726.0,0.0,SKT-4214,1,0,GPNV
29/07/2025,11:53:52,45.06786,-63.26019,1680.0,0.0,SKT-4214,1,0,GPNV
29/07/2025,11:53:59,45.06443,-63.26857,1640.0,-0.0,SKT-4214,1,0,GPNV
29/07/2025,11:54:06,45.06091,-63.27691,1601.0,-0.0,SKT-4214,1,0,GPNV
29/07/2025,11:54:13,45.0574,-63.28528,1560.0,-0.0,SKT-4214,1,0,GPNV
29/07/2025,11:54:20,45.05395,-63.29375,1519.0,-0.0,SKT-4214,1,0,GPNV
29/07/2025,11:54:27,45.05057,-63.30229,1478.0,-0.0,SKT-4214,1,0,GPNV
29/07/2025,11:54:34,45.04722,-63.31089,1436.0,-0.0,SKT-4214,1,0,GPNV
29/07/2025,11:54:41,45.04391,-63.31951,1394.0,0.0,SKT-4214,1,0,GPNV
29/07/2025,11:54:48,45.04073,-63.32811,1352.0,0.0,SKT-4214,1,0,GPNV
29/07/2025,11:54:55,45.03766,-63.33666,1309.0,0.0,SKT-4214,1,0,GPNV
29/07/2025,11:55:02,45.03464,-63.34509,1268.0,0.0,SKT-4214,1,0,GPNV
29/07/2025,11:55:10,45.03115,-63.35447,1221.0,0.0,SKT-4214,1,0,GPNV
29/07/2025,11:55:17,45.02794,-63.36241,1177.0,0.0,SKT-4214,1,0,GPNV
29/07/2025,11:55:24,45.02382,-63.36945,1130.0,0.0,SKT-4214,1,0,GPNV
29/07/2025,11:55:31,45.01891,-63.37547,1083.0,-0.0,SKT-4214,1,0,GPNV
29/07/2025,11:55:38,45.01366,-63.38092,1035.0,-0.0,SKT-4214,1,0,GPNV
29/07/2025,11:55:45,45.00837,-63.38605,999.0,-0.0,SKT-4214,1,0,GPNV
29/07/2025,11:55:52,45.00315,-63.39095,959.0,-0.0,SKT-4214,1,0,GPNV
29/07/2025,11:55:59,44.99804,-63.39578,912.0,0.0,SKT-4214,1,0,GPNV
29/07/2025,11:56:06,44.99313,-63.40062,874.0,0.0,SKT-4214,1,0,GPNV
29/07/2025,11:56:13,44.98853,-63.40527,838.0,0.0,SKT-4214,1,0,GPNV
29/07/2025,11:56:20,44.98418,-63.40964,809.0,0.0,SKT-4214,1,0,GPNV
29/07/2025,11:56:27,44.98007,-63.41367,786.0,0.0,SKT-4214,1,0,GPNV
29/07/2025,11:56:34,44.97633,-63.4173,763.0,0.0,SKT-4214,1,0,GPNV
29/07/2025,11:56:42,44.97247,-63.42111,738.0,-0.0,SKT-4214,1,0,GPNV
29/07/2025,11:56:49,44.96916,-63.42427,715.0,-0.0,SKT-4214,1,0,GPNV
29/07/2025,11:56:56,44.96593,-63.42743,691.0,-0.0,SKT-4214,1,0,GPNV
29/07/2025,11:57:03,44.9628,-63.43067,669.0,-0.0,SKT-4214,1,0,GPNV
29/07/2025,11:57:10,44.95964,-63.43393,647.0,-0.0,SKT-4214,1,1,GPNV
29/07/2025,11:57:17,44.95638,-63.43721,623.0,-0.0,SKT-4214,1,1,GPNV
29/07/2025,11:57:24,44.95309,-63.44062,595.0,0.0,SKT-4214,1,1,GPNV
29/07/2025,11:57:32,44.94929,-63.44455,568.0,0.0,SKT-4214,1,1,GPNV
29/07/2025,11:57:39,44.94592,-63.44794,542.0,0.0,SKT-4214,1,1,GPNV
29/07/2025,11:57:46,44.94252,-63.4513,517.0,0.0,SKT-4214,1,1,GPNV
29/07/2025,11:57:53,44.93911,-63.45464,493.0,0.0,SKT-4214,1,1,GPNV
29/07/2025,11:58:00,44.9357,-63.45797,469.0,0.0,SKT-4214,1,1,GPNV
29/07/2025,11:58:08,44.9318,-63.4618,441.0,0.0,SKT-4214,1,1,GPNV
29/07/2025,11:58:15,44.92838,-63.46517,416.0,0.0,SKT-4214,1,1,GPNV
29/07/2025,11:58:22,44.925,-63.46861,391.0,0.0,SKT-4214,1,1,GPNV
29/07/2025,11:58:29,44.92163,-63.47205,366.0,0.0,SKT-4214,1,1,GPNV
29/07/2025,11:58:37,44.91776,-63.47589,340.0,0.0,SKT-4214,1,1,GPNV
29/07/2025,11:58:44,44.91437,-63.47918,317.0,0.0,SKT-4214,1,1,GPNV
29/07/2025,11:58:51,44.911,-63.48248,292.0,0.0,SKT-4214,1,1,GPNV
29/07/2025,11:58:58,44.90762,-63.48578,268.0,-0.0,SKT-4214,1,1,GPNV
29/07/2025,11:59:05,44.90418,-63.48912,246.0,0.0,SKT-4214,1,1,GPNV
29/07/2025,11:59:13,44.90023,-63.493,214.0,-0.0,SKT-4214,1,1,GPNV
29/07/2025,11:59:20,44.89673,-63.49646,187.0,0.0,SKT-4214,1,1,GPNV
29/07/2025,11:59:27,44.89325,-63.49993,165.0,0.0,SKT-4214,1,1,GPNV
29/07/2025,11:59:34,44.8898,-63.50339,142.0,-0.0,SKT-4214,1,1,GPNV
29/07/2025,11:59:42,44.88585,-63.50729,122.0,-0.0,SKT-4214,1,1,GPNV
29/07/2025,11:59:50,44.88206,-63.51107,121.0,-0.0,SKT-4214,1,1,GPNV
29/07/2025,11:59:57,44.87946,-63.51361,121.0,-0.1,SKT-4214,1,1,GPNV
29/07/2025,12:00:04,44.87756,-63.51547,122.0,-0.0,SKT-4214,1,1,GPNV
29/07/2025,12:00:11,44.87613,-63.51687,124.0,0.0,SKT-4214,1,1,GPNV
29/07/2025,12:00:19,44.87505,-63.51801,124.0,0.0,SKT-4214,1,1,GPNV
29/07/2025,12:00:26,44.87457,-63.51904,124.0,0.1,SKT-4214,1,1,GPNV
29/07/2025,12:00:33,44.87444,-63.52003,124.0,0.0,SKT-4214,1,1,GPNV
29/07/2025,12:00:40,44.87461,-63.52076,125.0,0.0,SKT-4214,1,1,GPNV
29/07/2025,12:00:48,44.87494,-63.52121,126.0,0.1,SKT-4214,1,1,GPNV
29/07/2025,12:00:55,44.87526,-63.52108,126.0,0.0,SKT-4214,1,1,GPNV
29/07/2025,12:01:02,44.87561,-63.52074,125.0,-0.0,SKT-4214,1,1,GPNV
29/07/2025,12:01:09,44.87605,-63.52029,125.0,0.0,SKT-4214,1,1,GPNV
29/07/2025,12:01:17,44.87666,-63.51971,124.0,-0.0,SKT-4214,1,1,GPNV
29/07/2025,12:01:24,44.87726,-63.5191,124.0,-0.0,SKT-4214,1,1,GPNV
29/07/2025,12:01:31,44.8779,-63.51847,123.0,0.0,SKT-4214,1,1,GPNV
29/07/2025,12:01:39,44.87868,-63.5177,122.0,-0.0,SKT-4214,1,1,GPNV
29/07/2025,12:01:46,44.8794,-63.51699,120.0,0.0,SKT-4214,1,1,GPNV
29/07/2025,12:01:53,44.88013,-63.51627,119.0,-0.0,SKT-4214,1,1,GPNV
29/07/2025,12:02:00,44.88084,-63.51557,117.0,-0.0,SKT-4214,1,1,GPNV
29/07/2025,12:02:07,44.88148,-63.51494,116.0,-0.0,SKT-4214,1,1,GPNV
29/07/2025,12:02:14,44.88212,-63.51431,116.0,0.0,SKT-4214,1,1,GPNV
29/07/2025,12:02:22,44.88283,-63.51361,116.0,-0.0,SKT-4214,1,1,GPNV
29/07/2025,12:02:29,44.8834,-63.51304,116.0,0.0,SKT-4214,1,1,GPNV
29/07/2025,12:02:36,44.88389,-63.51247,116.0,-0.0,SKT-4214,1,1,GPNV
29/07/2025,12:02:44,44.88441,-63.51204,117.0,-0.1,SKT-4214,1,1,GPNV
29/07/2025,12:02:51,44.88485,-63.51211,119.0,0.0,SKT-4214,1,1,GPNV
29/07/2025,12:02:59,44.88543,-63.51227,119.0,-0.0,SKT-4214,1,1,GPNV
29/07/2025,12:03:06,44.88597,-63.5124,120.0,0.0,SKT-4214,1,1,GPNV
29/07/2025,12:03:13,44.88654,-63.51254,120.0,-0.0,SKT-4214,1,1,GPNV
29/07/2025,12:03:20,44.88714,-63.51269,120.0,-0.1,SKT-4214,1,1,GPNV
29/07/2025,12:03:28,44.88787,-63.51286,119.0,-0.0,SKT-4214,1,1,GPNV
29/07/2025,12:03:35,44.88842,-63.513,119.0,0.0,SKT-4214,1,1,GPNV
29/07/2025,12:03:42,44.88888,-63.51313,119.0,-0.0,SKT-4214,1,1,GPNV
29/07/2025,12:03:49,44.88922,-63.51345,118.0,-0.0,SKT-4214,1,1,GPNV
29/07/2025,12:03:57,44.88945,-63.51387,117.0,0.0,SKT-4214,1,1,GPNV
29/07/2025,12:04:04,44.88951,-63.51407,117.0,-0.0,SKT-4214,1,1,GPNV
29/07/2025,12:04:11,44.88948,-63.5142,116.0,-0.0,SKT-4214,1,1,GPNV
29/07/2025,12:04:19,44.88941,-63.51433,116.0,0.0,SKT-4214,1,1,GPNV
29/07/2025,12:04:26,44.8894,-63.51448,115.0,-0.0,SKT-4214,1,1,GPNV
29/07/2025,12:04:33,44.88939,-63.51468,115.0,-0.1,SKT-4214,1,1,GPNV
29/07/2025,12:04:40,44.88924,-63.51489,115.0,-0.0,SKT-4214,1,1,GPNV
29/07/2025,12:04:47,44.88906,-63.51505,116.0,-0.0,SKT-4214,1,1,GPNV
29/07/2025,12:04:55,44.88895,-63.51507,117.0,-0.0,SKT-4214,1,1,GPNV
29/07/2025,12:05:02,44.88894,-63.51508,120.0,-0.0,SKT-4214,1,1,GPNV
29/07/2025,12:05:09,44.88893,-63.51509,121.0,-0.0,SKT-4214,1,1,GPNV
29/07/2025,12:05:16,44.88893,-63.51509,121.0,-0.0,SKT-4214,1,1,GPNV
29/07/2025,12:05:23,44.88893,-63.51508,120.0,-0.0,SKT-4214,1,1,GPNV
29/07/2025,12:05:30,44.88892,-63.51508,118.0,-0.0,SKT-4214,1,1,GPNV
29/07/2025,12:05:37,44.88892,-63.51508,119.0,-0.0,SKT-4214,1,1,GPNV
29/07/2025,12:05:45,44.88892,-63.51508,121.0,,SKT-4214,1,1,GPNV
29/07/2025,12:05:52,44.88893,-63.51508,120.0,,SKT-4214,1,1,GPNV
29/07/2025,12:05:59,44.88894,-63.51507,119.0,,SKT-4214,1,1,GPNV
29/07/2025,12:06:06,44.88894,-63.51508,119.0,,SKT-4214,1,1,GPNV
29/07/2025,12:06:14,44.88894,-63.51508,118.0,,SKT-4214,1,1,GPNV
29/07/2025,12:06:21,44.88894,-63.51508,118.0,,SKT-4214,1,1,GPNV
29/07/2025,12:06:28,44.88894,-63.51508,118.0,,SKT-4214,1,1,GPNV
29/07/2025,12:06:35,44.88894,-63.51508,118.0,,SKT-4214,1,1,GPNV
29/07/2025,12:06:42,44.88895,-63.51506,118.0,,SKT-4214,1,1,GPNV
29/07/2025,12:06:50,44.88895,-63.51506,119.0,,SKT-4214,1,1,GPNV
29/07/2025,12:06:58,44.88895,-63.51507,120.0,,SKT-4214,1,1,GPNV
29/07/2025,12:07:05,44.88895,-63.51507,120.0,,SKT-4214,1,1,GPNV
29/07/2025,12:07:12,44.88895,-63.51508,121.0,,SKT-4214,1,1,GPNV
29/07/2025,12:07:19,44.88895,-63.51507,120.0,,SKT-4214,1,1,GPNV
29/07/2025,12:07:27,44.88895,-63.51507,119.0,,SKT-4214,1,1,GPNV
29/07/2025,12:07:34,44.88895,-63.51507,119.0,,SKT-4214,1,1,GPNV
29/07/2025,12:07:41,44.88895,-63.51507,120.0,,SKT-4214,1,1,GPNV
29/07/2025,12:07:48,44.88894,-63.51508,121.0,,SKT-4214,1,1,GPNV
29/07/2025,12:07:56,44.88894,-63.51508,120.0,,SKT-4214,1,1,GPNV
29/07/2025,12:08:03,44.88895,-63.51507,121.0,,SKT-4214,1,1,GPNV
29/07/2025,12:08:10,44.88895,-63.51507,120.0,,SKT-4214,1,1,GPNV
29/07/2025,12:08:17,44.88895,-63.51507,120.0,,SKT-4214,1,1,GPNV
29/07/2025,12:08:24,44.88895,-63.51506,120.0,,SKT-4214,1,1,GPNV
29/07/2025,12:08:31,44.88894,-63.51506,120.0,,SKT-4214,1,1,GPNV
29/07/2025,12:08:39,44.88895,-63.51506,119.0,,SKT-4214,1,1,GPNV
29/07/2025,12:08:46,44.88895,-63.51505,119.0,,SKT-4214,1,1,GPNV
29/07/2025,12:08:53,44.88895,-63.51506,118.0,,SKT-4214,1,1,GPNV
29/07/2025,12:09:00,44.88895,-63.51506,119.0,,SKT-4214,1,1,GPNV
29/07/2025,12:09:07,44.88895,-63.51506,120.0,,SKT-4214,1,1,GPNV
29/07/2025,12:09:15,44.88895,-63.51506,119.0,,SKT-4214,1,1,GPNV
29/07/2025,12:09:22,44.88894,-63.51506,118.0,,SKT-4214,1,1,GPNV
29/07/2025,12:09:29,44.88895,-63.51506,117.0,,SKT-4214,1,1,GPNV
29/07/2025,12:09:36,44.88895,-63.51506,118.0,,SKT-4214,1,1,GPNV
29/07/2025,12:09:43,44.88895,-63.51506,119.0,,SKT-4214,1,1,GPNV
29/07/2025,12:09:51,44.88894,-63.51505,118.0,,SKT-4214,1,1,GPNV
29/07/2025,12:09:58,44.88894,-63.51505,117.0,,SKT-4214,1,1,GPNV
29/07/2025,12:10:05,44.88894,-63.51505,117.0,,SKT-4214,1,1,GPNV
29/07/2025,12:10:12,44.88894,-63.51505,118.0,,SKT-4214,1,1,GPNV
29/07/2025,12:10:19,44.88894,-63.51505,118.0,,SKT-4214,1,1,GPNV
29/07/2025,12:10:27,44.88894,-63.51506,118.0,,SKT-4214,1,1,GPNV
29/07/2025,12:10:34,44.88894,-63.51506,119.0,,SKT-4214,1,1,GPNV
29/07/2025,12:10:41,44.88894,-63.51506,120.0,,SKT-4214,1,1,GPNV
29/07/2025,12:10:48,44.88894,-63.51506,120.0,,SKT-4214,1,1,GPNV
29/07/2025,12:10:56,44.88894,-63.51506,118.0,,SKT-4214,1,1,GPNV
29/07/2025,12:11:03,44.88894,-63.51506,117.0,,SKT-4214,1,1,GPNV
29/07/2025,12:11:10,44.88894,-63.51507,117.0,,SKT-4214,1,1,GPNV
29/07/2025,12:11:17,44.88894,-63.51507,116.0,,SKT-4214,1,1,GPNV
29/07/2025,12:11:24,44.88894,-63.51506,116.0,,SKT-4214,1,1,GPNV
29/07/2025,12:11:32,44.88895,-63.51506,116.0,,SKT-4214,1,1,GPNV
29/07/2025,12:11:39,44.88895,-63.51505,116.0,,SKT-4214,1,1,GPNV
29/07/2025,12:11:46,44.88895,-63.51505,116.0,,SKT-4214,1,1,GPNV
29/07/2025,12:11:53,44.88894,-63.51506,117.0,,SKT-4214,1,1,GPNV
29/07/2025,12:12:00,44.88894,-63.51506,117.0,,SKT-4214,1,1,GPNV
29/07/2025,12:12:08,44.88893,-63.51506,117.0,,SKT-4214,1,1,GPNV
29/07/2025,12:12:15,44.88894,-63.51506,118.0,,SKT-4214,1,1,GPNV
29/07/2025,12:12:22,44.88894,-63.51505,119.0,,SKT-4214,1,1,GPNV
29/07/2025,12:12:29,44.88895,-63.51505,119.0,,SKT-4214,1,1,GPNV
29/07/2025,12:12:36,44.88895,-63.51505,118.0,,SKT-4214,1,1,GPNV
29/07/2025,12:12:43,44.88895,-63.51504,118.0,,SKT-4214,1,1,GPNV
29/07/2025,12:12:51,44.88894,-63.51504,119.0,,SKT-4214,1,1,GPNV
29/07/2025,12:12:58,44.88894,-63.51505,118.0,,SKT-4214,1,1,GPNV
29/07/2025,12:13:05,44.88894,-63.51505,118.0,,SKT-4214,1,1,GPNV
29/07/2025,12:13:12,44.88894,-63.51505,118.0,,SKT-4214,1,1,GPNV
29/07/2025,12:13:19,44.88895,-63.51505,119.0,,SKT-4214,1,1,GPNV
29/07/2025,12:13:26,44.88896,-63.51504,120.0,,SKT-4214,1,1,GPNV
29/07/2025,12:13:34,44.88895,-63.51504,120.0,,SKT-4214,1,1,GPNV
29/07/2025,12:13:41,44.88895,-63.51505,120.0,,SKT-4214,1,1,GPNV
29/07/2025,12:13:48,44.88895,-63.51505,119.0,,SKT-4214,1,1,GPNV
29/07/2025,12:13:55,44.88895,-63.51504,118.0,,SKT-4214,1,1,GPNV
29/07/2025,12:14:03,44.88895,-63.51504,118.0,,SKT-4214,1,1,GPNV
29/07/2025,12:14:10,44.88895,-63.51504,118.0,,SKT-4214,1,1,GPNV
29/07/2025,12:14:17,44.88895,-63.51505,119.0,,SKT-4214,1,1,GPNV
29/07/2025,12:14:24,44.88895,-63.51505,120.0,,SKT-4214,1,1,GPNV
29/07/2025,12:14:31,44.88894,-63.51505,120.0,,SKT-4214,1,1,GPNV
29/07/2025,12:14:39,44.88894,-63.51505,119.0,,SKT-4214,1,1,GPNV
29/07/2025,12:14:46,44.88895,-63.51505,118.0,,SKT-4214,1,1,GPNV
29/07/2025,12:14:53,44.88895,-63.51505,118.0,,SKT-4214,1,1,GPNV
29/07/2025,12:15:00,44.88895,-63.51505,118.0,,SKT-4214,1,1,GPNV
29/07/2025,12:15:07,44.88894,-63.51505,117.0,,SKT-4214,1,1,GPNV
29/07/2025,12:15:15,44.88894,-63.51505,116.0,,SKT-4214,1,1,GPNV
29/07/2025,12:15:22,44.88894,-63.51505,116.0,,SKT-4214,1,1,GPNV
29/07/2025,12:15:29,44.88894,-63.51505,116.0,,SKT-4214,1,1,GPNV
29/07/2025,12:15:36,44.88894,-63.51505,116.0,,SKT-4214,1,1,GPNV
29/07/2025,12:15:43,44.88894,-63.51505,116.0,,SKT-4214,1,1,GPNV
29/07/2025,12:15:50,44.88894,-63.51505,116.0,,SKT-4214,1,1,GPNV
29/07/2025,12:15:58,44.88894,-63.51505,117.0,,SKT-4214,1,1,GPNV
29/07/2025,12:16:05,44.88894,-63.51505,116.0,,SKT-4214,1,1,GPNV
29/07/2025,12:16:12,44.88894,-63.51505,116.0,,SKT-4214,1,1,GPNV
29/07/2025,12:16:19,44.88894,-63.51506,117.0,,SKT-4214,1,1,GPNV
29/07/2025,12:16:27,44.88894,-63.51506,118.0,,SKT-4214,1,1,GPNV
29/07/2025,12:16:34,44.88893,-63.51507,118.0,,SKT-4214,1,1,GPNV
29/07/2025,12:16:41,44.88892,-63.51506,118.0,,SKT-4214,1,1,GPNV
29/07/2025,12:16:48,44.88892,-63.51506,118.0,,SKT-4214,1,1,GPNV
29/07/2025,12:16:55,44.88893,-63.51506,118.0,,SKT-4214,1,1,GPNV
29/07/2025,12:17:03,44.88893,-63.51506,118.0,,SKT-4214,1,1,GPNV
29/07/2025,12:17:10,44.88893,-63.51505,118.0,,SKT-4214,1,1,GPNV
29/07/2025,12:17:17,44.88892,-63.51505,118.0,,SKT-4214,1,1,GPNV
29/07/2025,12:17:24,44.88892,-63.51505,119.0,,SKT-4214,1,1,GPNV
29/07/2025,12:17:34,44.88893,-63.51505,119.0,,SKT-4214,1,1,GPNV
29/07/2025,12:17:41,44.88893,-63.51505,119.0,,SKT-4214,1,1,GPNV
29/07/2025,12:17:48,44.88893,-63.51505,120.0,,SKT-4214,1,1,GPNV
29/07/2025,12:17:55,44.88893,-63.51505,121.0,,SKT-4214,1,1,GPNV
29/07/2025,12:18:03,44.88893,-63.51505,120.0,,SKT-4214,1,1,GPNV
29/07/2025,12:18:10,44.88893,-63.51505,120.0,,SKT-4214,1,1,GPNV
29/07/2025,12:18:17,44.88893,-63.51505,120.0,,SKT-4214,1,1,GPNV
29/07/2025,12:18:24,44.88893,-63.51505,119.0,,SKT-4214,1,1,GPNV
29/07/2025,12:18:31,44.88893,-63.51505,119.0,,SKT-4214,1,1,GPNV
29/07/2025,12:18:39,44.88893,-63.51505,119.0,,SKT-4214,1,1,GPNV
29/07/2025,12:18:46,44.88893,-63.51505,119.0,,SKT-4214,1,1,GPNV
29/07/2025,12:18:53,44.88894,-63.51506,120.0,,SKT-4214,1,1,GPNV
29/07/2025,12:19:00,44.88894,-63.51506,120.0,,SKT-4214,1,1,GPNV
29/07/2025,12:19:07,44.88893,-63.51506,119.0,,SKT-4214,1,1,GPNV
29/07/2025,12:19:15,44.88893,-63.51506,119.0,,SKT-4214,1,1,GPNV
29/07/2025,12:19:22,44.88893,-63.51506,119.0,,SKT-4214,1,1,GPNV
29/07/2025,12:19:29,44.88893,-63.51506,118.0,,SKT-4214,1,1,GPNV
29/07/2025,12:19:36,44.88893,-63.51506,118.0,,SKT-4214,1,1,GPNV
29/07/2025,12:19:43,44.88893,-63.51506,118.0,,SKT-4214,1,1,GPNV
29/07/2025,12:19:51,44.88893,-63.51506,118.0,,SKT-4214,1,1,GPNV
29/07/2025,12:19:58,44.88893,-63.51506,118.0,,SKT-4214,1,1,GPNV
29/07/2025,12:20:05,44.88893,-63.51506,118.0,,SKT-4214,1,1,GPNV
29/07/2025,12:20:13,44.88893,-63.51506,118.0,,SKT-4214,1,1,GPNV
29/07/2025,12:20:20,44.88893,-63.51506,117.0,,SKT-4214,1,1,GPNV
29/07/2025,12:20:27,44.88892,-63.51506,117.0,,SKT-4214,1,1,GPNV
29/07/2025,12:20:34,44.88892,-63.51506,117.0,,SKT-4214,1,1,GPNV
29/07/2025,12:20:41,44.88892,-63.51506,117.0,,SKT-4214,1,1,GPNV
29/07/2025,12:20:48,44.88892,-63.51506,117.0,,SKT-4214,1,1,GPNV
29/07/2025,12:20:56,44.88894,-63.51505,117.0,,SKT-4214,1,1,GPNV
29/07/2025,12:21:03,44.88894,-63.51505,117.0,,SKT-4214,1,1,GPNV
29/07/2025,12:21:10,44.88894,-63.51505,117.0,,SKT-4214,1,1,GPNV
29/07/2025,12:21:17,44.88893,-63.51505,117.0,,SKT-4214,1,1,GPNV
29/07/2025,12:21:24,44.88893,-63.51505,117.0,,SKT-4214,1,1,GPNV
29/07/2025,12:21:32,44.88893,-63.51505,118.0,,SKT-4214,1,1,GPNV
29/07/2025,12:21:39,44.88893,-63.51505,118.0,,SKT-4214,1,1,GPNV
29/07/2025,12:21:46,44.88893,-63.51505,119.0,,SKT-4214,1,1,GPNV
29/07/2025,12:21:53,44.88893,-63.51505,119.0,,SKT-4214,1,1,GPNV
29/07/2025,12:22:01,44.88893,-63.51505,119.0,,SKT-4214,1,1,GPNV
29/07/2025,12:22:08,44.88893,-63.51505,118.0,,SKT-4214,1,1,GPNV
29/07/2025,12:22:15,44.88893,-63.51506,118.0,,SKT-4214,1,1,GPNV
29/07/2025,12:22:22,44.88892,-63.51506,118.0,,SKT-4214,1,1,GPNV
29/07/2025,12:22:29,44.88892,-63.51506,118.0,,SKT-4214,1,1,GPNV
29/07/2025,12:22:37,44.88892,-63.51506,119.0,,SKT-4214,1,1,GPNV
29/07/2025,12:22:44,44.88892,-63.51506,119.0,,SKT-4214,1,1,GPNV
29/07/2025,12:22:51,44.88892,-63.51507,118.0,,SKT-4214,1,1,GPNV
29/07/2025,12:22:58,44.88892,-63.51506,118.0,,SKT-4214,1,1,GPNV
29/07/2025,12:23:05,44.88893,-63.51506,118.0,,SKT-4214,1,1,GPNV
29/07/2025,12:23:13,44.88893,-63.51506,119.0,,SKT-4214,1,1,GPNV
29/07/2025,12:23:20,44.88893,-63.51506,119.0,,SKT-4214,1,1,GPNV
29/07/2025,12:23:27,44.88893,-63.51506,119.0,,SKT-4214,1,1,GPNV
29/07/2025,12:23:34,44.88893,-63.51506,119.0,,SKT-4214,1,1,GPNV
29/07/2025,12:23:42,44.88893,-63.51506,119.0,,SKT-4214,1,1,GPNV
29/07/2025,12:23:49,44.88893,-63.51506,119.0,,SKT-4214,1,1,GPNV
29/07/2025,12:23:56,44.88892,-63.51506,118.0,,SKT-4214,1,1,GPNV
29/07/2025,12:24:03,44.88892,-63.51506,118.0,,SKT-4214,1,1,GPNV
29/07/2025,12:24:11,44.88893,-63.51506,118.0,,SKT-4214,1,1,GPNV
29/07/2025,12:24:18,44.88893,-63.51506,118.0,,SKT-4214,1,1,GPNV
29/07/2025,12:24:25,44.88893,-63.51506,118.0,,SKT-4214,1,1,GPNV
29/07/2025,12:24:32,44.88892,-63.51506,119.0,,SKT-4214,1,1,GPNV
29/07/2025,12:24:39,44.88893,-63.51506,120.0,,SKT-4214,1,1,GPNV
29/07/2025,12:24:46,44.88893,-63.51506,120.0,,SKT-4214,1,1,GPNV
29/07/2025,12:24:54,44.88893,-63.51506,119.0,,SKT-4214,1,1,GPNV
29/07/2025,12:25:01,44.88893,-63.51507,118.0,,SKT-4214,1,1,GPNV
29/07/2025,12:25:08,44.88893,-63.51507,118.0,,SKT-4214,1,1,GPNV
29/07/2025,12:25:15,44.88893,-63.51507,118.0,,SKT-4214,1,1,GPNV
29/07/2025,12:25:23,44.88893,-63.51507,118.0,,SKT-4214,1,1,GPNV
29/07/2025,12:25:30,44.88893,-63.51507,118.0,,SKT-4214,1,1,GPNV
29/07/2025,12:25:37,44.88893,-63.51507,118.0,,SKT-4214,1,1,GPNV
29/07/2025,12:25:44,44.88893,-63.51507,118.0,,SKT-4214,1,1,GPNV
29/07/2025,12:25:51,44.88893,-63.51506,118.0,,SKT-4214,1,1,GPNV
29/07/2025,12:25:59,44.88893,-63.51506,118.0,,SKT-4214,1,1,GPNV
29/07/2025,12:26:06,44.88893,-63.51506,117.0,,SKT-4214,1,1,GPNV
29/07/2025,12:26:13,44.88893,-63.51506,117.0,,SKT-4214,1,1,GPNV
29/07/2025,12:26:20,44.88893,-63.51506,117.0,,SKT-4214,1,1,GPNV
29/07/2025,12:26:27,44.88893,-63.51506,117.0,,SKT-4214,1,1,GPNV
29/07/2025,12:26:35,44.88893,-63.51506,116.0,,SKT-4214,1,1,GPNV
29/07/2025,12:26:42,44.88893,-63.51506,116.0,,SKT-4214,1,1,GPNV
29/07/2025,12:26:49,44.88894,-63.51505,117.0,,SKT-4214,1,1,GPNV
29/07/2025,12:26:56,44.88894,-63.51505,117.0,,SKT-4214,1,1,GPNV
29/07/2025,12:27:03,44.88894,-63.51505,118.0,,SKT-4214,1,1,GPNV
29/07/2025,12:27:10,44.88894,-63.51505,119.0,,SKT-4214,1,1,GPNV
29/07/2025,12:27:18,44.88894,-63.51505,120.0,,SKT-4214,1,1,GPNV
29/07/2025,12:27:25,44.88894,-63.51505,120.0,,SKT-4214,1,1,GPNV
29/07/2025,12:27:32,44.88894,-63.51506,120.0,,SKT-4214,1,1,GPNV
29/07/2025,12:27:39,44.88893,-63.51506,119.0,,SKT-4214,1,1,GPNV
29/07/2025,12:27:46,44.88893,-63.51506,118.0,,SKT-4214,1,1,GPNV
29/07/2025,12:27:53,44.88893,-63.51506,118.0,,SKT-4214,1,1,GPNV
29/07/2025,12:28:01,44.88892,-63.51506,118.0,,SKT-4214,1,1,GPNV
29/07/2025,12:28:08,44.88892,-63.51506,119.0,,SKT-4214,1,1,GPNV
29/07/2025,12:28:16,44.88892,-63.51506,119.0,,SKT-4214,1,1,GPNV
29/07/2025,12:28:24,44.88892,-63.51506,119.0,,SKT-4214,1,1,GPNV
29/07/2025,12:28:31,44.88892,-63.51506,120.0,,SKT-4214,1,1,GPNV
29/07/2025,12:28:38,44.88893,-63.51506,119.0,,SKT-4214,1,1,GPNV
29/07/2025,12:28:45,44.88893,-63.51506,119.0,,SKT-4214,1,1,GPNV
29/07/2025,12:28:52,44.88893,-63.51506,118.0,,SKT-4214,1,1,GPNV
29/07/2025,12:28:59,44.88894,-63.51506,118.0,,SKT-4214,1,1,GPNV
29/07/2025,12:29:07,44.88894,-63.51506,117.0,,SKT-4214,1,1,GPNV
29/07/2025,13:01:36,44.88892,-63.51505,119.0,,SKT-4214,1,0,GPNV
29/07/2025,13:01:43,44.88892,-63.51504,119.0,,SKT-4214,1,1,GPNV
29/07/2025,13:01:51,44.88892,-63.51504,119.0,,SKT-4214,1,0,GPNV
29/07/2025,13:01:58,44.88892,-63.51505,119.0,,SKT-4214,1,1,GPNV
29/07/2025,13:02:06,44.88892,-63.51505,119.0,,SKT-4214,1,1,GPNV
29/07/2025,13:02:13,44.88892,-63.51505,119.0,,SKT-4214,1,1,GPNV
29/07/2025,13:02:20,44.88892,-63.51505,119.0,,SKT-4214,1,1,GPNV
29/07/2025,13:02:28,44.88892,-63.51505,119.0,,SKT-4214,1,1,GPNV
29/07/2025,13:02:36,44.88892,-63.51505,119.0,,SKT-4214,1,1,GPNV
29/07/2025,13:02:43,44.88892,-63.51506,118.0,,SKT-4214,1,1,GPNV
29/07/2025,13:02:50,44.88892,-63.51506,118.0,,SKT-4214,1,1,GPNV
29/07/2025,13:02:57,44.88893,-63.51506,117.0,,SKT-4214,1,1,GPNV
29/07/2025,13:03:04,44.88893,-63.51506,116.0,,SKT-4214,1,1,GPNV
29/07/2025,13:03:12,44.88893,-63.51506,116.0,,SKT-4214,1,1,GPNV
29/07/2025,13:03:19,44.88893,-63.51506,117.0,,SKT-4214,1,1,GPNV
29/07/2025,13:03:26,44.88893,-63.51506,117.0,,SKT-4214,1,1,GPNV
29/07/2025,13:03:33,44.88892,-63.51505,117.0,,SKT-4214,1,1,GPNV
29/07/2025,13:03:40,44.88892,-63.51505,118.0,,SKT-4214,1,1,GPNV
29/07/2025,13:03:48,44.88892,-63.51505,117.0,,SKT-4214,1,1,GPNV
29/07/2025,13:03:55,44.88892,-63.51505,118.0,,SKT-4214,1,1,GPNV
29/07/2025,13:04:02,44.88892,-63.51505,118.0,,SKT-4214,1,1,GPNV
29/07/2025,13:04:09,44.88892,-63.51505,118.0,,SKT-4214,1,1,GPNV
29/07/2025,13:04:16,44.88892,-63.51505,118.0,,SKT-4214,1,1,GPNV
29/07/2025,13:04:23,44.88892,-63.51505,118.0,,SKT-4214,1,1,GPNV
29/07/2025,13:04:30,44.88892,-63.51505,117.0,,SKT-4214,1,1,GPNV
29/07/2025,13:04:37,44.88893,-63.51505,117.0,,SKT-4214,1,1,GPNV
29/07/2025,13:04:45,44.88893,-63.51505,117.0,,SKT-4214,1,1,GPNV
29/07/2025,13:04:52,44.88893,-63.51505,117.0,,SKT-4214,1,1,GPNV
29/07/2025,13:04:59,44.88893,-63.51505,117.0,,SKT-4214,1,1,GPNV
29/07/2025,13:05:07,44.88892,-63.51505,117.0,,SKT-4214,1,1,GPNV
29/07/2025,13:05:14,44.88892,-63.51506,117.0,,SKT-4214,1,1,GPNV
29/07/2025,13:05:21,44.88891,-63.51506,117.0,,SKT-4214,1,1,GPNV
29/07/2025,13:05:28,44.88891,-63.51506,117.0,,SKT-4214,1,1,GPNV
29/07/2025,13:05:35,44.88892,-63.51506,117.0,,SKT-4214,1,1,GPNV
29/07/2025,13:05:42,44.88892,-63.51505,117.0,,SKT-4214,1,1,GPNV
29/07/2025,13:05:49,44.88892,-63.51505,117.0,,SKT-4214,1,1,GPNV
29/07/2025,13:05:56,44.88892,-63.51505,116.0,,SKT-4214,1,1,GPNV
29/07/2025,13:06:04,44.88892,-63.51505,116.0,,SKT-4214,1,1,GPNV
29/07/2025,13:06:11,44.88892,-63.51504,117.0,,SKT-4214,1,1,GPNV
29/07/2025,13:06:18,44.88892,-63.51504,117.0,,SKT-4214,1,1,GPNV
29/07/2025,13:06:25,44.88893,-63.51504,117.0,,SKT-4214,1,1,GPNV
29/07/2025,13:06:32,44.88893,-63.51503,117.0,,SKT-4214,1,1,GPNV
29/07/2025,13:06:40,44.88893,-63.51504,117.0,,SKT-4214,1,1,GPNV
29/07/2025,13:06:47,44.88893,-63.51504,117.0,,SKT-4214,1,1,GPNV
29/07/2025,13:06:54,44.88893,-63.51504,117.0,,SKT-4214,1,1,GPNV
29/07/2025,13:07:01,44.88892,-63.51504,117.0,,SKT-4214,1,1,GPNV
29/07/2025,13:07:08,44.88892,-63.51505,117.0,,SKT-4214,1,1,GPNV
29/07/2025,13:07:15,44.88893,-63.51505,118.0,,SKT-4214,1,1,GPNV
29/07/2025,13:07:22,44.88892,-63.51505,118.0,,SKT-4214,1,1,GPNV
29/07/2025,13:07:30,44.88892,-63.51505,118.0,,SKT-4214,1,1,GPNV
29/07/2025,13:07:37,44.88892,-63.51505,118.0,,SKT-4214,1,1,GPNV
29/07/2025,13:07:44,44.88892,-63.51505,118.0,,SKT-4214,1,1,GPNV
29/07/2025,13:07:51,44.88892,-63.51505,118.0,,SKT-4214,1,1,GPNV
29/07/2025,13:07:58,44.88892,-63.51505,119.0,,SKT-4214,1,1,GPNV
29/07/2025,13:08:05,44.88892,-63.51505,120.0,,SKT-4214,1,1,GPNV
29/07/2025,13:08:12,44.88892,-63.51505,120.0,,SKT-4214,1,0,GPNV
29/07/2025,13:08:19,44.88892,-63.51505,119.0,,SKT-4214,1,0,GPNV
29/07/2025,13:08:26,44.88892,-63.51505,118.0,,SKT-4214,1,0,GPNV
29/07/2025,13:08:34,44.88892,-63.51505,118.0,,SKT-4214,1,0,GPNV
29/07/2025,13:08:41,44.88892,-63.51505,118.0,,SKT-4214,1,0,GPNV
29/07/2025,13:08:48,44.88892,-63.51505,118.0,,SKT-4214,1,0,GPNV
29/07/2025,13:08:55,44.88892,-63.51505,117.0,,SKT-4214,1,0,GPNV
29/07/2025,13:09:02,44.88892,-63.51505,117.0,,SKT-4214,1,0,GPNV
29/07/2025,13:09:09,44.88892,-63.51505,117.0,,SKT-4214,1,0,GPNV
29/07/2025,13:09:16,44.88892,-63.51505,118.0,,SKT-4214,1,0,GPNV
29/07/2025,13:09:23,44.88892,-63.51505,119.0,,SKT-4214,1,0,GPNV
29/07/2025,13:09:30,44.88892,-63.51505,119.0,,SKT-4214,1,0,GPNV
29/07/2025,13:09:37,44.88892,-63.51505,120.0,,SKT-4214,1,0,GPNV
29/07/2025,13:09:44,44.88892,-63.51505,120.0,,SKT-4214,1,0,GPNV
29/07/2025,13:09:51,44.88892,-63.51505,120.0,,SKT-4214,1,0,GPNV
29/07/2025,13:09:58,44.88892,-63.51505,120.0,,SKT-4214,1,0,GPNV
29/07/2025,13:10:05,44.88893,-63.51505,120.0,,SKT-4214,1,0,GPNV
29/07/2025,13:10:12,44.88892,-63.51505,120.0,,SKT-4214,1,0,GPNV
29/07/2025,13:10:20,44.88893,-63.51505,119.0,,SKT-4214,1,0,GPNV
29/07/2025,13:10:27,44.88892,-63.51505,119.0,,SKT-4214,1,0,GPNV
29/07/2025,13:10:34,44.88892,-63.51505,119.0,,SKT-4214,1,0,GPNV
29/07/2025,13:10:41,44.88892,-63.51505,119.0,,SKT-4214,1,0,GPNV
29/07/2025,13:10:48,44.88892,-63.51505,120.0,,SKT-4214,1,0,GPNV
29/07/2025,13:10:55,44.88892,-63.51505,121.0,,SKT-4214,1,0,GPNV
29/07/2025,13:11:03,44.88892,-63.51504,120.0,,SKT-4214,1,0,GPNV
29/07/2025,13:11:10,44.88893,-63.51504,120.0,,SKT-4214,1,0,GPNV
29/07/2025,13:11:17,44.88893,-63.51504,119.0,,SKT-4214,1,0,GPNV
29/07/2025,13:11:24,44.88893,-63.51503,120.0,,SKT-4214,1,0,GPNV
29/07/2025,13:11:31,44.88893,-63.51504,120.0,,SKT-4214,1,0,GPNV
29/07/2025,13:11:38,44.88893,-63.51504,120.0,,SKT-4214,1,0,GPNV
29/07/2025,13:11:46,44.88893,-63.51504,121.0,,SKT-4214,1,0,GPNV
29/07/2025,13:11:53,44.88893,-63.51504,120.0,,SKT-4214,1,0,GPNV
29/07/2025,13:12:00,44.88892,-63.51504,120.0,,SKT-4214,1,0,GPNV
29/07/2025,13:12:08,44.88892,-63.51504,120.0,,SKT-4214,1,0,GPNV
29/07/2025,13:12:15,44.88892,-63.51504,121.0,,SKT-4214,1,0,GPNV
29/07/2025,13:12:22,44.88892,-63.51505,121.0,,SKT-4214,1,0,GPNV
29/07/2025,13:12:29,44.88892,-63.51505,122.0,,SKT-4214,1,0,GPNV
29/07/2025,13:12:36,44.88892,-63.51505,121.0,,SKT-4214,1,0,GPNV
29/07/2025,13:12:43,44.88892,-63.51505,121.0,,SKT-4214,1,0,GPNV
29/07/2025,13:12:50,44.88893,-63.51504,121.0,,SKT-4214,1,0,GPNV
29/07/2025,13:12:57,44.88892,-63.51504,121.0,,SKT-4214,1,0,GPNV
29/07/2025,13:13:04,44.88892,-63.51504,121.0,,SKT-4214,1,0,GPNV
29/07/2025,13:13:11,44.88892,-63.51503,121.0,,SKT-4214,1,0,GPNV
29/07/2025,13:13:19,44.88893,-63.51503,120.0,,SKT-4214,1,0,GPNV
29/07/2025,13:13:26,44.88893,-63.51503,120.0,,SKT-4214,1,0,GPNV
29/07/2025,13:13:33,44.88893,-63.51503,120.0,,SKT-4214,1,0,GPNV
29/07/2025,13:13:40,44.88893,-63.51504,120.0,,SKT-4214,1,0,GPNV
29/07/2025,13:13:47,44.88892,-63.51504,120.0,,SKT-4214,1,0,GPNV
29/07/2025,13:13:54,44.88892,-63.51504,120.0,,SKT-4214,1,0,GPNV
29/07/2025,13:14:01,44.88892,-63.51504,120.0,,SKT-4214,1,0,GPNV
29/07/2025,13:14:08,44.88892,-63.51504,120.0,,SKT-4214,1,0,GPNV
29/07/2025,13:14:15,44.88892,-63.51504,119.0,,SKT-4214,1,0,GPNV
29/07/2025,13:14:22,44.88892,-63.51504,119.0,,SKT-4214,1,0,GPNV
29/07/2025,13:14:29,44.88892,-63.51505,118.0,,SKT-4214,1,0,GPNV
29/07/2025,13:14:36,44.88892,-63.51505,118.0,,SKT-4214,1,0,GPNV
29/07/2025,13:14:44,44.88892,-63.51505,118.0,,SKT-4214,1,0,GPNV
29/07/2025,13:14:51,44.88892,-63.51505,118.0,,SKT-4214,1,0,GPNV
29/07/2025,13:14:58,44.88892,-63.51505,118.0,,SKT-4214,1,0,GPNV
29/07/2025,13:15:05,44.88892,-63.51505,118.0,,SKT-4214,1,0,GPNV
29/07/2025,13:15:12,44.88892,-63.51505,119.0,,SKT-4214,1,0,GPNV
29/07/2025,13:15:19,44.88892,-63.51505,119.0,,SKT-4214,1,0,GPNV
29/07/2025,13:15:26,44.88892,-63.51505,119.0,,SKT-4214,1,0,GPNV
29/07/2025,13:15:33,44.88892,-63.51505,120.0,,SKT-4214,1,0,GPNV
29/07/2025,13:15:40,44.88892,-63.51505,120.0,,SKT-4214,1,0,GPNV
29/07/2025,13:15:47,44.88892,-63.51505,120.0,,SKT-4214,1,0,GPNV
29/07/2025,13:15:54,44.88892,-63.51505,120.0,,SKT-4214,1,0,GPNV
29/07/2025,13:16:01,44.88892,-63.51505,120.0,,SKT-4214,1,0,GPNV
29/07/2025,13:16:09,44.88891,-63.51505,120.0,,SKT-4214,1,0,GPNV
29/07/2025,13:16:16,44.88891,-63.51505,121.0,,SKT-4214,1,0,GPNV
29/07/2025,13:16:23,44.88891,-63.51505,121.0,,SKT-4214,1,0,GPNV
29/07/2025,13:16:30,44.88891,-63.51504,122.0,,SKT-4214,1,0,GPNV
29/07/2025,13:16:37,44.88891,-63.51504,122.0,,SKT-4214,1,0,GPNV
29/07/2025,13:16:44,44.88891,-63.51504,122.0,,SKT-4214,1,0,GPNV
29/07/2025,13:16:51,44.88891,-63.51505,122.0,,SKT-4214,1,0,GPNV
29/07/2025,13:16:58,44.88891,-63.51505,122.0,,SKT-4214,1,0,GPNV
29/07/2025,13:17:05,44.88892,-63.51505,122.0,,SKT-4214,1,0,GPNV
29/07/2025,13:17:12,44.88892,-63.51505,121.0,,SKT-4214,1,0,GPNV
29/07/2025,13:17:19,44.88892,-63.51505,121.0,,SKT-4214,1,0,GPNV
29/07/2025,13:17:26,44.88892,-63.51505,121.0,,SKT-4214,1,0,GPNV
29/07/2025,13:17:34,44.88893,-63.51505,121.0,,SKT-4214,1,0,GPNV
29/07/2025,13:17:42,44.88893,-63.51505,122.0,,SKT-4214,1,0,GPNV
29/07/2025,13:17:49,44.88893,-63.51505,122.0,,SKT-4214,1,0,GPNV
29/07/2025,13:17:56,44.88893,-63.51504,121.0,,SKT-4214,1,0,GPNV
29/07/2025,13:18:03,44.88892,-63.51504,121.0,,SKT-4214,1,0,GPNV
29/07/2025,13:18:10,44.88892,-63.51505,120.0,,SKT-4214,1,0,GPNV
29/07/2025,13:18:17,44.88892,-63.51505,120.0,,SKT-4214,1,0,GPNV
29/07/2025,13:18:24,44.88892,-63.51505,120.0,,SKT-4214,1,0,GPNV
29/07/2025,13:18:31,44.88892,-63.51505,119.0,,SKT-4214,1,0,GPNV
29/07/2025,13:18:38,44.88892,-63.51506,119.0,,SKT-4214,1,0,GPNV
29/07/2025,13:18:45,44.88893,-63.51506,119.0,,SKT-4214,1,0,GPNV
29/07/2025,13:18:52,44.88893,-63.51506,118.0,,SKT-4214,1,0,GPNV
29/07/2025,13:18:59,44.88892,-63.51506,118.0,,SKT-4214,1,0,GPNV
29/07/2025,13:19:06,44.88892,-63.51506,118.0,,SKT-4214,1,0,GPNV
29/07/2025,13:19:14,44.88892,-63.51506,118.0,,SKT-4214,1,0,GPNV
29/07/2025,13:19:21,44.88892,-63.51506,119.0,,SKT-4214,1,0,GPNV
29/07/2025,13:19:28,44.88892,-63.51506,119.0,,SKT-4214,1,0,GPNV
29/07/2025,13:19:35,44.88892,-63.51506,119.0,,SKT-4214,1,0,GPNV
29/07/2025,13:19:42,44.88892,-63.51506,118.0,,SKT-4214,1,0,GPNV
29/07/2025,13:19:49,44.88892,-63.51506,118.0,,SKT-4214,1,0,GPNV
29/07/2025,13:19:56,44.88891,-63.51506,117.0,,SKT-4214,1,0,GPNV
29/07/2025,13:20:03,44.88892,-63.51506,117.0,,SKT-4214,1,0,GPNV
29/07/2025,13:20:10,44.88892,-63.51506,118.0,,SKT-4214,1,0,GPNV
29/07/2025,13:20:17,44.88892,-63.51506,118.0,,SKT-4214,1,0,GPNV
29/07/2025,13:20:24,44.88892,-63.51506,118.0,,SKT-4214,1,0,GPNV
29/07/2025,13:20:31,44.88892,-63.51505,118.0,,SKT-4214,1,0,GPNV
29/07/2025,13:20:38,44.88892,-63.51505,118.0,,SKT-4214,1,0,GPNV
29/07/2025,13:20:46,44.88892,-63.51505,119.0,,SKT-4214,1,0,GPNV
29/07/2025,13:20:53,44.88892,-63.51505,119.0,,SKT-4214,1,0,GPNV
29/07/2025,13:21:00,44.88892,-63.51505,119.0,,SKT-4214,1,0,GPNV
29/07/2025,13:21:07,44.88891,-63.51505,118.0,,SKT-4214,1,0,GPNV
29/07/2025,13:21:14,44.88891,-63.51505,118.0,,SKT-4214,1,0,GPNV
29/07/2025,13:21:21,44.88891,-63.51505,118.0,,SKT-4214,1,0,GPNV
29/07/2025,13:21:28,44.88891,-63.51505,119.0,,SKT-4214,1,0,GPNV
29/07/2025,13:21:35,44.88891,-63.51505,119.0,,SKT-4214,1,0,GPNV
29/07/2025,13:21:42,44.88891,-63.51505,120.0,,SKT-4214,1,0,GPNV
29/07/2025,13:21:49,44.88891,-63.51505,120.0,,SKT-4214,1,0,GPNV
29/07/2025,13:21:56,44.88891,-63.51505,120.0,,SKT-4214,1,0,GPNV
29/07/2025,13:22:03,44.88891,-63.51505,120.0,,SKT-4214,1,0,GPNV
29/07/2025,13:22:11,44.88891,-63.51505,120.0,,SKT-4214,1,0,GPNV
29/07/2025,13:22:18,44.88891,-63.51506,120.0,,SKT-4214,1,0,GPNV
29/07/2025,13:22:25,44.88892,-63.51506,121.0,,SKT-4214,1,0,GPNV
29/07/2025,13:22:32,44.88892,-63.51506,121.0,,SKT-4214,1,0,GPNV
29/07/2025,13:22:39,44.88892,-63.51506,121.0,,SKT-4214,1,0,GPNV
29/07/2025,13:22:46,44.88892,-63.51506,120.0,,SKT-4214,1,0,GPNV
29/07/2025,13:22:53,44.88892,-63.51506,120.0,,SKT-4214,1,0,GPNV
29/07/2025,13:23:00,44.88892,-63.51506,119.0,,SKT-4214,1,0,GPNV
29/07/2025,13:23:07,44.88892,-63.51506,118.0,,SKT-4214,1,0,GPNV
29/07/2025,13:23:14,44.88893,-63.51506,118.0,,SKT-4214,1,0,GPNV
29/07/2025,13:23:22,44.88893,-63.51506,118.0,,SKT-4214,1,0,GPNV
29/07/2025,13:23:29,44.88893,-63.51506,118.0,,SKT-4214,1,0,GPNV
29/07/2025,13:23:36,44.88893,-63.51506,118.0,,SKT-4214,1,0,GPNV
29/07/2025,13:23:44,44.88893,-63.51506,119.0,,SKT-4214,1,0,GPNV
29/07/2025,13:23:51,44.88893,-63.51506,120.0,,SKT-4214,1,0,GPNV
29/07/2025,13:23:58,44.88893,-63.51506,120.0,,SKT-4214,1,0,GPNV
29/07/2025,13:24:05,44.88893,-63.51505,120.0,,SKT-4214,1,0,GPNV
29/07/2025,13:24:12,44.88892,-63.51505,119.0,,SKT-4214,1,0,GPNV
29/07/2025,13:24:19,44.88892,-63.51505,119.0,,SKT-4214,1,0,GPNV
29/07/2025,13:24:26,44.88892,-63.51505,119.0,,SKT-4214,1,0,GPNV
29/07/2025,13:24:33,44.88892,-63.51505,119.0,,SKT-4214,1,0,GPNV
29/07/2025,13:24:40,44.88892,-63.51505,118.0,,SKT-4214,1,0,GPNV
29/07/2025,13:24:47,44.88892,-63.51505,118.0,,SKT-4214,1,0,GPNV
29/07/2025,13:24:54,44.88892,-63.51505,118.0,,SKT-4214,1,0,GPNV
29/07/2025,13:25:01,44.88892,-63.51505,119.0,,SKT-4214,1,0,GPNV
29/07/2025,13:25:09,44.88892,-63.51505,119.0,,SKT-4214,1,0,GPNV
29/07/2025,13:25:16,44.88892,-63.51506,120.0,,SKT-4214,1,0,GPNV
29/07/2025,13:25:23,44.88892,-63.51505,120.0,,SKT-4214,1,0,GPNV
29/07/2025,13:25:30,44.88892,-63.51505,120.0,,SKT-4214,1,0,GPNV
29/07/2025,13:25:37,44.88892,-63.51505,121.0,,SKT-4214,1,0,GPNV
29/07/2025,13:25:44,44.88892,-63.51505,121.0,,SKT-4214,1,0,GPNV
29/07/2025,13:25:51,44.88892,-63.51505,121.0,,SKT-4214,1,0,GPNV
29/07/2025,13:25:58,44.88892,-63.51505,120.0,,SKT-4214,1,0,GPNV
29/07/2025,13:26:05,44.88892,-63.51505,120.0,,SKT-4214,1,0,GPNV
29/07/2025,13:26:12,44.88892,-63.51505,120.0,,SKT-4214,1,0,GPNV
29/07/2025,13:26:19,44.88892,-63.51505,121.0,,SKT-4214,1,0,GPNV
29/07/2025,13:26:26,44.88892,-63.51505,121.0,,SKT-4214,1,0,GPNV
29/07/2025,13:26:33,44.88892,-63.51506,121.0,,SKT-4214,1,0,GPNV
29/07/2025,13:26:40,44.88892,-63.51506,121.0,,SKT-4214,1,0,GPNV
29/07/2025,13:26:47,44.88892,-63.51506,121.0,,SKT-4214,1,0,GPNV
29/07/2025,13:26:55,44.88892,-63.51506,122.0,,SKT-4214,1,0,GPNV
29/07/2025,13:27:02,44.88892,-63.51506,122.0,,SKT-4214,1,0,GPNV
29/07/2025,13:27:09,44.88892,-63.51506,122.0,,SKT-4214,1,0,GPNV
29/07/2025,13:27:16,44.88892,-63.51506,122.0,,SKT-4214,1,0,GPNV
29/07/2025,13:27:24,44.88893,-63.51506,122.0,,SKT-4214,1,0,GPNV
29/07/2025,13:27:31,44.88893,-63.51506,121.0,,SKT-4214,1,0,GPNV
29/07/2025,13:27:38,44.88893,-63.51506,121.0,,SKT-4214,1,0,GPNV
29/07/2025,13:27:45,44.88893,-63.51506,121.0,,SKT-4214,1,0,GPNV
29/07/2025,13:27:52,44.88893,-63.51506,121.0,,SKT-4214,1,0,GPNV
29/07/2025,13:27:59,44.88893,-63.51506,122.0,,SKT-4214,1,0,GPNV
29/07/2025,13:28:06,44.88893,-63.51506,122.0,,SKT-4214,1,0,GPNV
29/07/2025,13:28:13,44.88893,-63.51506,121.0,,SKT-4214,1,0,GPNV
29/07/2025,13:28:20,44.88893,-63.51506,121.0,,SKT-4214,1,0,GPNV
29/07/2025,13:28:28,44.88893,-63.51506,121.0,,SKT-4214,1,0,GPNV
29/07/2025,13:28:35,44.88893,-63.51506,120.0,,SKT-4214,1,0,GPNV
29/07/2025,13:28:42,44.88893,-63.51506,120.0,,SKT-4214,1,0,GPNV
29/07/2025,13:28:49,44.88893,-63.51506,119.0,,SKT-4214,1,0,GPNV
29/07/2025,13:28:56,44.88893,-63.51506,120.0,,SKT-4214,1,0,GPNV
29/07/2025,13:29:03,44.88893,-63.51506,120.0,,SKT-4214,1,0,GPNV
29/07/2025,13:29:10,44.88893,-63.51506,121.0,,SKT-4214,1,0,GPNV
29/07/2025,13:29:17,44.88893,-63.51506,121.0,,SKT-4214,1,0,GPNV
29/07/2025,13:29:24,44.88893,-63.51506,120.0,,SKT-4214,1,0,GPNV
29/07/2025,13:29:31,44.88893,-63.51506,119.0,,SKT-4214,1,0,GPNV
29/07/2025,13:29:38,44.88893,-63.51506,119.0,,SKT-4214,1,0,GPNV
29/07/2025,13:29:45,44.88893,-63.51506,119.0,,SKT-4214,1,0,GPNV
29/07/2025,13:29:52,44.88893,-63.51506,120.0,,SKT-4214,1,0,GPNV
29/07/2025,13:30:00,44.88893,-63.51506,120.0,,SKT-4214,1,0,GPNV
29/07/2025,13:30:07,44.88893,-63.51506,121.0,,SKT-4214,1,0,GPNV
29/07/2025,13:30:14,44.88893,-63.51506,121.0,,SKT-4214,1,0,GPNV
29/07/2025,13:30:21,44.88894,-63.51505,121.0,,SKT-4214,1,0,GPNV
29/07/2025,13:30:28,44.88893,-63.51505,120.0,,SKT-4214,1,0,GPNV
29/07/2025,13:30:35,44.88894,-63.51505,120.0,,SKT-4214,1,0,GPNV
29/07/2025,13:30:42,44.88894,-63.51505,120.0,,SKT-4214,1,0,GPNV
29/07/2025,13:30:49,44.88894,-63.51505,120.0,,SKT-4214,1,0,GPNV
29/07/2025,13:30:56,44.88894,-63.51505,119.0,,SKT-4214,1,0,GPNV
29/07/2025,13:31:03,44.88893,-63.51505,119.0,,SKT-4214,1,0,GPNV
29/07/2025,13:31:10,44.88893,-63.51505,119.0,,SKT-4214,1,0,GPNV
29/07/2025,13:31:17,44.88893,-63.51505,120.0,,SKT-4214,1,0,GPNV
29/07/2025,13:31:25,44.88893,-63.51505,120.0,,SKT-4214,1,0,GPNV
29/07/2025,13:31:32,44.88892,-63.51505,120.0,,SKT-4214,1,0,GPNV
29/07/2025,13:31:39,44.88892,-63.51505,120.0,,SKT-4214,1,0,GPNV
29/07/2025,13:31:46,44.88892,-63.51505,120.0,,SKT-4214,1,0,GPNV
29/07/2025,13:31:53,44.88892,-63.51505,120.0,,SKT-4214,1,0,GPNV
29/07/2025,13:32:00,44.88892,-63.51504,120.0,,SKT-4214,1,0,GPNV
29/07/2025,13:32:07,44.88892,-63.51504,120.0,-0.0,SKT-4214,1,0,GPNV
29/07/2025,13:32:14,44.88892,-63.51504,119.0,-0.0,SKT-4214,1,0,GPNV
29/07/2025,13:32:21,44.88892,-63.51504,119.0,-0.0,SKT-4214,1,0,GPNV
29/07/2025,13:32:28,44.88892,-63.51504,119.0,-0.0,SKT-4214,1,0,GPNV
29/07/2025,13:32:36,44.88892,-63.51504,118.0,-0.0,SKT-4214,1,0,GPNV
29/07/2025,13:32:43,44.88892,-63.51504,118.0,-0.0,SKT-4214,1,0,GPNV
29/07/2025,13:32:50,44.88892,-63.51504,118.0,-0.0,SKT-4214,1,0,GPNV
29/07/2025,13:32:57,44.88893,-63.51504,118.0,-0.0,SKT-4214,1,0,GPNV
29/07/2025,13:33:04,44.88893,-63.51504,118.0,-0.0,SKT-4214,1,0,GPNV
29/07/2025,13:33:11,44.88893,-63.51504,118.0,-0.0,SKT-4214,1,0,GPNV
29/07/2025,13:33:18,44.88893,-63.51504,118.0,-0.0,SKT-4214,1,0,GPNV
29/07/2025,13:33:25,44.88893,-63.51505,118.0,-0.0,SKT-4214,1,0,GPNV
29/07/2025,13:33:32,44.88893,-63.51505,118.0,-0.0,SKT-4214,1,0,GPNV
29/07/2025,13:33:39,44.88893,-63.51505,118.0,-0.0,SKT-4214,1,0,GPNV
29/07/2025,13:33:46,44.88893,-63.51505,118.0,-0.0,SKT-4214,1,0,GPNV
29/07/2025,13:33:53,44.88892,-63.51505,119.0,-0.0,SKT-4214,1,0,GPNV
29/07/2025,13:34:01,44.88892,-63.51505,119.0,-0.0,SKT-4214,1,0,GPNV
29/07/2025,13:34:08,44.88893,-63.51505,119.0,-0.0,SKT-4214,1,0,GPNV
29/07/2025,13:34:15,44.88893,-63.51505,120.0,-0.0,SKT-4214,1,0,GPNV
29/07/2025,13:34:23,44.88892,-63.51505,120.0,-0.0,SKT-4214,1,0,GPNV
29/07/2025,13:34:30,44.88892,-63.51505,121.0,-0.0,SKT-4214,1,0,GPNV
29/07/2025,13:34:37,44.88892,-63.51506,122.0,-0.0,SKT-4214,1,0,GPNV
29/07/2025,13:34:44,44.88892,-63.51506,122.0,-0.0,SKT-4214,1,0,GPNV
29/07/2025,13:34:51,44.88892,-63.51506,121.0,-0.0,SKT-4214,1,0,GPNV
29/07/2025,13:34:58,44.88892,-63.51505,120.0,-0.0,SKT-4214,1,0,GPNV
29/07/2025,13:35:05,44.88893,-63.51505,119.0,-0.0,SKT-4214,1,0,GPNV
29/07/2025,13:35:12,44.88893,-63.51505,119.0,-0.0,SKT-4214,1,0,GPNV
29/07/2025,13:35:19,44.88893,-63.51505,119.0,-0.0,SKT-4214,1,0,GPNV
29/07/2025,13:35:27,44.88894,-63.51505,118.0,-0.0,SKT-4214,1,0,GPNV
29/07/2025,13:35:34,44.88903,-63.51503,118.0,-0.0,SKT-4214,1,0,GPNV
29/07/2025,13:35:41,44.88916,-63.51497,119.0,-0.0,SKT-4214,1,0,GPNV
29/07/2025,13:35:48,44.8893,-63.51489,119.0,0.0,SKT-4214,1,0,GPNV
29/07/2025,13:35:55,44.88943,-63.51479,118.0,0.0,SKT-4214,1,0,GPNV
29/07/2025,13:36:02,44.88955,-63.51469,118.0,-0.0,SKT-4214,1,0,GPNV
29/07/2025,13:36:09,44.88964,-63.5146,118.0,0.0,SKT-4214,1,0,GPNV
29/07/2025,13:36:16,44.88971,-63.51454,118.0,-0.0,SKT-4214,1,0,GPNV
29/07/2025,13:36:23,44.88971,-63.51453,117.0,-0.0,SKT-4214,1,0,GPNV
29/07/2025,13:36:30,44.88972,-63.51453,117.0,-0.0,SKT-4214,1,0,GPNV
29/07/2025,13:36:37,44.88972,-63.51453,116.0,-0.0,SKT-4214,1,0,GPNV
29/07/2025,13:36:44,44.88972,-63.51453,116.0,-0.0,SKT-4214,1,0,GPNV
29/07/2025,13:36:51,44.88972,-63.51453,116.0,-0.0,SKT-4214,1,0,GPNV
29/07/2025,13:36:58,44.88972,-63.51453,117.0,-0.0,SKT-4214,1,0,GPNV
29/07/2025,13:37:08,44.88972,-63.51453,118.0,-0.0,SKT-4214,1,0,GPNV
29/07/2025,13:37:15,44.88972,-63.51453,118.0,-0.0,SKT-4214,1,0,GPNV
29/07/2025,13:37:22,44.88972,-63.51454,118.0,-0.0,SKT-4214,1,0,GPNV
29/07/2025,13:37:29,44.88972,-63.51454,118.0,-0.0,SKT-4214,1,0,GPNV
29/07/2025,13:37:36,44.88972,-63.51453,118.0,-0.0,SKT-4214,1,0,GPNV
29/07/2025,13:37:43,44.88972,-63.51453,118.0,-0.0,SKT-4214,1,0,GPNV
29/07/2025,13:37:50,44.88971,-63.51453,118.0,-0.0,SKT-4214,1,0,GPNV
29/07/2025,13:37:57,44.88971,-63.51453,118.0,-0.0,SKT-4214,1,0,GPNV
29/07/2025,13:38:04,44.88971,-63.51453,118.0,-0.0,SKT-4214,1,0,GPNV
29/07/2025,13:38:11,44.88971,-63.51453,117.0,-0.0,SKT-4214,1,0,GPNV
29/07/2025,13:38:18,44.88971,-63.51453,117.0,-0.0,SKT-4214,1,0,GPNV
29/07/2025,13:38:25,44.88971,-63.51453,117.0,-0.0,SKT-4214,1,0,GPNV
29/07/2025,13:38:43,44.88971,-63.51453,118.0,-0.0,SKT-4214,1,0,GPNV
29/07/2025,13:38:50,44.88971,-63.51453,118.0,-0.0,SKT-4214,1,0,GPNV
29/07/2025,13:38:57,44.88971,-63.51453,118.0,-0.0,SKT-4214,1,0,GPNV
29/07/2025,13:39:04,44.88971,-63.51453,118.0,-0.0,SKT-4214,1,0,GPNV
29/07/2025,13:39:11,44.88971,-63.51453,118.0,-0.0,SKT-4214,1,0,GPNV
29/07/2025,13:39:18,44.88971,-63.51453,118.0,-0.0,SKT-4214,1,0,GPNV
29/07/2025,13:39:25,44.88971,-63.51453,118.0,-0.0,SKT-4214,1,0,GPNV
29/07/2025,13:39:32,44.88971,-63.51453,118.0,-0.0,SKT-4214,1,0,GPNV
29/07/2025,13:39:39,44.88971,-63.51453,118.0,-0.0,SKT-4214,1,0,GPNV
29/07/2025,13:39:46,44.88971,-63.51453,118.0,-0.0,SKT-4214,1,0,GPNV
29/07/2025,13:39:53,44.88971,-63.51453,119.0,-0.0,SKT-4214,1,0,GPNV
29/07/2025,13:40:00,44.88971,-63.51453,120.0,-0.0,SKT-4214,1,0,GPNV
29/07/2025,13:40:08,44.88969,-63.51455,119.0,-0.0,SKT-4214,1,0,GPNV
29/07/2025,13:40:15,44.88961,-63.51453,119.0,-0.0,SKT-4214,1,0,GPNV
29/07/2025,13:40:22,44.88955,-63.51437,118.0,-0.0,SKT-4214,1,0,GPNV
29/07/2025,13:40:29,44.88951,-63.51409,118.0,0.0,SKT-4214,1,0,GPNV
29/07/2025,13:40:36,44.88942,-63.51383,118.0,-0.0,SKT-4214,1,0,GPNV
29/07/2025,13:40:43,44.88934,-63.51365,118.0,-0.0,SKT-4214,1,0,GPNV
29/07/2025,13:41:19,44.88887,-63.51308,118.0,0.0,SKT-4214,1,0,GPNV
29/07/2025,13:41:26,44.88853,-63.51299,118.0,-0.0,SKT-4214,1,0,GPNV
29/07/2025,13:41:33,44.88813,-63.51289,119.0,-0.0,SKT-4214,1,0,GPNV
29/07/2025,13:42:00,44.88691,-63.51214,119.0,-0.1,SKT-4214,1,0,GPNV
29/07/2025,13:42:07,44.88697,-63.51169,118.0,-0.0,SKT-4214,1,0,GPNV
29/07/2025,13:42:15,44.88704,-63.51118,116.0,-0.0,SKT-4214,1,0,GPNV
29/07/2025,13:42:23,44.8871,-63.51066,116.0,-0.0,SKT-4214,1,0,GPNV
29/07/2025,13:42:30,44.88717,-63.51015,117.0,0.0,SKT-4214,1,0,GPNV
29/07/2025,13:42:38,44.88724,-63.50956,116.0,0.0,SKT-4214,1,0,GPNV
29/07/2025,13:42:45,44.8872,-63.5091,116.0,0.0,SKT-4214,1,0,GPNV
29/07/2025,13:42:52,44.88706,-63.50875,117.0,0.0,SKT-4214,1,0,GPNV
29/07/2025,13:43:31,44.8861,-63.50711,119.0,0.0,SKT-4214,1,0,GPNV
29/07/2025,13:43:58,44.88063,-63.51246,120.0,0.0,SKT-4214,1,0,GPNV
29/07/2025,13:44:07,44.87609,-63.51693,128.0,-0.0,SKT-4214,1,0,GPNV
29/07/2025,13:44:55,44.84712,-63.54695,648.0,-0.0,SKT-4214,1,0,GPNV
29/07/2025,13:45:03,44.84192,-63.55224,751.0,-0.0,SKT-4214,1,0,GPNV
29/07/2025,13:45:10,44.83791,-63.55779,832.0,-0.1,SKT-4214,1,0,GPNV
29/07/2025,13:45:37,44.82865,-63.58568,1162.0,-0.0,SKT-4214,1,0,GPNV
29/07/2025,13:45:45,44.82617,-63.59422,1261.0,-0.0,SKT-4214,1,0,GPNV
29/07/2025,13:45:53,44.82365,-63.60275,1362.0,-0.0,SKT-4214,1,0,GPNV
29/07/2025,13:46:01,44.82121,-63.61135,1461.0,-0.0,SKT-4214,1,0,GPNV
29/07/2025,13:46:28,44.81485,-63.64138,1780.0,-0.0,SKT-4214,1,0,GPNV
29/07/2025,13:46:35,44.81345,-63.6493,1861.0,-0.0,SKT-4214,1,0,GPNV
29/07/2025,13:47:04,44.80836,-63.68259,2178.0,-0.0,SKT-4214,1,0,GPNV
29/07/2025,13:49:19,44.77937,-63.87329,3197.0,-0.0,SKT-4214,1,0,GPNV
29/07/2025,13:50:57,44.75494,-64.02941,4019.0,-0.0,SKT-4214,1,0,GPNV
29/07/2025,13:51:05,44.75292,-64.04225,4082.0,-0.0,SKT-4214,1,0,GPNV
29/07/2025,13:52:37,44.72954,-64.19007,4791.0,-0.0,SKT-4214,1,0,GPNV
29/07/2025,13:53:06,44.72282,-64.23678,4998.0,-0.0,SKT-4214,1,0,GPNV
29/07/2025,13:53:13,44.72126,-64.24807,5045.0,-0.0,SKT-4214,1,0,GPNV
29/07/2025,13:53:20,44.7197,-64.25936,5092.0,0.0,SKT-4214,1,0,GPNV
29/07/2025,13:53:27,44.71812,-64.27065,5140.0,-0.0,SKT-4214,1,0,GPNV
29/07/2025,13:53:35,44.71631,-64.2835,5198.0,-0.0,SKT-4214,1,0,GPNV
29/07/2025,13:53:42,44.71473,-64.29472,5247.0,-0.0,SKT-4214,1,0,GPNV
29/07/2025,13:53:49,44.71313,-64.30592,5297.0,0.0,SKT-4214,1,0,GPNV
29/07/2025,13:53:56,44.71152,-64.31707,5347.0,-0.0,SKT-4214,1,0,GPNV
29/07/2025,13:54:04,44.70967,-64.3298,5403.0,0.0,SKT-4214,1,0,GPNV
29/07/2025,13:54:11,44.70805,-64.34091,5452.0,-0.0,SKT-4214,1,0,GPNV
29/07/2025,13:54:18,44.70643,-64.352,5500.0,-0.0,SKT-4214,1,0,GPNV
29/07/2025,13:54:25,44.7048,-64.36307,5545.0,-0.0,SKT-4214,1,0,GPNV
29/07/2025,13:54:32,44.70316,-64.37413,5589.0,0.0,SKT-4214,1,0,GPNV
29/07/2025,13:54:39,44.70153,-64.38519,5632.0,-0.0,SKT-4214,1,0,GPNV
29/07/2025,13:54:46,44.70007,-64.39632,5673.0,-0.0,SKT-4214,1,0,GPNV
29/07/2025,13:54:53,44.6988,-64.40749,5714.0,0.0,SKT-4214,1,0,GPNV
29/07/2025,13:55:00,44.69765,-64.4187,5756.0,-0.0,SKT-4214,1,0,GPNV
29/07/2025,13:55:07,44.69658,-64.42994,5798.0,0.0,SKT-4214,1,0,GPNV
29/07/2025,13:55:14,44.69555,-64.44119,5841.0,0.0,SKT-4214,1,0,GPNV
29/07/2025,13:55:21,44.69452,-64.45246,5883.0,0.0,SKT-4214,1,0,GPNV
29/07/2025,13:55:28,44.69346,-64.46375,5921.0,0.0,SKT-4214,1,0,GPNV
29/07/2025,13:55:35,44.69242,-64.47504,5959.0,-0.0,SKT-4214,1,0,GPNV
29/07/2025,13:55:43,44.69122,-64.48798,6001.0,-0.0,SKT-4214,1,0,GPNV
29/07/2025,13:55:50,44.69018,-64.49933,6038.0,0.0,SKT-4214,1,0,GPNV
29/07/2025,13:55:57,44.68911,-64.5107,6076.0,-0.0,SKT-4214,1,0,GPNV
29/07/2025,13:56:04,44.68801,-64.52209,6114.0,0.0,SKT-4214,1,0,GPNV
29/07/2025,13:56:11,44.6869,-64.53351,6151.0,0.0,SKT-4214,1,0,GPNV
29/07/2025,13:56:18,44.68578,-64.54496,6187.0,-0.0,SKT-4214,1,0,GPNV
29/07/2025,13:56:25,44.68465,-64.55643,6224.0,-0.0,SKT-4214,1,0,GPNV
29/07/2025,13:56:32,44.68351,-64.5679,6261.0,0.0,SKT-4214,1,0,GPNV
29/07/2025,13:56:39,44.68239,-64.57938,6298.0,-0.0,SKT-4214,1,0,GPNV
29/07/2025,13:56:46,44.68127,-64.59087,6335.0,0.0,SKT-4214,1,0,GPNV
29/07/2025,13:56:53,44.68014,-64.60238,6369.0,0.0,SKT-4214,1,0,GPNV
29/07/2025,13:57:00,44.679,-64.6139,6403.0,-0.0,SKT-4214,1,0,GPNV
29/07/2025,13:57:07,44.67784,-64.62543,6433.0,0.0,SKT-4214,1,0,GPNV
29/07/2025,13:57:15,44.67651,-64.63863,6468.0,-0.0,SKT-4214,1,0,GPNV
29/07/2025,13:57:22,44.67533,-64.65019,6499.0,-0.0,SKT-4214,1,0,GPNV
29/07/2025,13:57:29,44.67416,-64.66177,6531.0,0.0,SKT-4214,1,0,GPNV
29/07/2025,13:57:36,44.67302,-64.67336,6562.0,-0.0,SKT-4214,1,0,GPNV
29/07/2025,13:57:43,44.67187,-64.68495,6594.0,0.0,SKT-4214,1,0,GPNV
29/07/2025,13:57:50,44.67071,-64.69656,6625.0,0.0,SKT-4214,1,0,GPNV
29/07/2025,13:57:57,44.66955,-64.70816,6657.0,-0.0,SKT-4214,1,0,GPNV
29/07/2025,13:58:04,44.66839,-64.71977,6691.0,-0.0,SKT-4214,1,0,GPNV
29/07/2025,13:58:11,44.66723,-64.73139,6726.0,-0.0,SKT-4214,1,0,GPNV
29/07/2025,13:58:18,44.66607,-64.74301,6763.0,0.0,SKT-4214,1,0,GPNV
29/07/2025,13:58:25,44.66492,-64.75464,6796.0,0.0,SKT-4214,1,0,GPNV
29/07/2025,13:58:32,44.66375,-64.76627,6829.0,0.0,SKT-4214,1,0,GPNV
29/07/2025,13:58:40,44.6624,-64.77957,6864.0,0.0,SKT-4214,1,0,GPNV
29/07/2025,13:58:47,44.66121,-64.79123,6893.0,-0.0,SKT-4214,1,0,GPNV
29/07/2025,13:58:54,44.66002,-64.80292,6922.0,0.0,SKT-4214,1,0,GPNV
29/07/2025,13:59:01,44.65884,-64.81461,6952.0,0.0,SKT-4214,1,0,GPNV
29/07/2025,13:59:08,44.65768,-64.82632,6981.0,-0.0,SKT-4214,1,0,GPNV
29/07/2025,13:59:15,44.65652,-64.83803,7012.0,0.0,SKT-4214,1,0,GPNV
29/07/2025,13:59:22,44.65533,-64.84975,7044.0,-0.0,SKT-4214,1,0,GPNV
29/07/2025,13:59:29,44.65415,-64.86147,7073.0,0.0,SKT-4214,1,0,GPNV
29/07/2025,13:59:36,44.65296,-64.87318,7102.0,0.0,SKT-4214,1,0,GPNV
29/07/2025,13:59:43,44.65176,-64.8849,7133.0,0.0,SKT-4214,1,0,GPNV
29/07/2025,13:59:50,44.65056,-64.89662,7164.0,0.0,SKT-4214,1,0,GPNV
29/07/2025,13:59:57,44.64936,-64.90836,7197.0,0.0,SKT-4214,1,0,GPNV
29/07/2025,14:00:04,44.64817,-64.92009,7228.0,-0.0,SKT-4214,1,0,GPNV
29/07/2025,14:00:11,44.64699,-64.93183,7260.0,0.0,SKT-4214,1,0,GPNV
29/07/2025,14:00:19,44.64563,-64.94525,7294.0,-0.0,SKT-4214,1,0,GPNV
29/07/2025,14:00:26,44.64443,-64.95699,7323.0,0.0,SKT-4214,1,0,GPNV
29/07/2025,14:00:33,44.64323,-64.96874,7352.0,0.0,SKT-4214,1,0,GPNV
29/07/2025,14:00:40,44.64201,-64.98049,7379.0,0.0,SKT-4214,1,0,GPNV
29/07/2025,14:00:47,44.6408,-64.99226,7406.0,0.0,SKT-4214,1,0,GPNV
29/07/2025,14:00:54,44.6396,-65.00403,7434.0,0.0,SKT-4214,1,0,GPNV
29/07/2025,14:01:01,44.63841,-65.01581,7462.0,-0.0,SKT-4214,1,0,GPNV
29/07/2025,14:01:08,44.6372,-65.02759,7489.0,0.0,SKT-4214,1,0,GPNV
29/07/2025,14:01:15,44.63599,-65.03938,7513.0,0.0,SKT-4214,1,0,GPNV
29/07/2025,14:01:22,44.63478,-65.05121,7540.0,0.0,SKT-4214,1,0,GPNV
29/07/2025,14:01:29,44.63359,-65.06305,7567.0,0.0,SKT-4214,1,0,GPNV
29/07/2025,14:01:36,44.63233,-65.0749,7594.0,0.0,SKT-4214,1,0,GPNV
29/07/2025,14:01:43,44.63108,-65.08676,7624.0,-0.0,SKT-4214,1,0,GPNV
29/07/2025,14:01:51,44.62966,-65.10038,7640.0,-0.0,SKT-4214,1,0,GPNV
29/07/2025,14:01:58,44.62843,-65.11244,7645.0,0.0,SKT-4214,1,0,GPNV
29/07/2025,14:02:05,44.62717,-65.12463,7649.0,-0.0,SKT-4214,1,0,GPNV
29/07/2025,14:02:12,44.62587,-65.13692,7652.0,-0.0,SKT-4214,1,0,GPNV
29/07/2025,14:02:19,44.6246,-65.14934,7654.0,0.0,SKT-4214,1,0,GPNV
29/07/2025,14:02:26,44.62331,-65.16189,7654.0,-0.0,SKT-4214,1,0,GPNV
29/07/2025,14:02:33,44.62201,-65.17456,7655.0,0.0,SKT-4214,1,0,GPNV
29/07/2025,14:02:40,44.62068,-65.18733,7656.0,0.0,SKT-4214,1,0,GPNV
29/07/2025,14:02:47,44.61931,-65.2002,7656.0,-0.0,SKT-4214,1,0,GPNV
29/07/2025,14:02:54,44.61795,-65.21315,7657.0,-0.0,SKT-4214,1,0,GPNV
29/07/2025,14:03:01,44.61655,-65.2262,7657.0,0.0,SKT-4214,1,0,GPNV
29/07/2025,14:03:08,44.61515,-65.23931,7658.0,-0.0,SKT-4214,1,0,GPNV
29/07/2025,14:03:15,44.61374,-65.25252,7659.0,-0.0,SKT-4214,1,0,GPNV
29/07/2025,14:03:23,44.61213,-65.2677,7659.0,-0.0,SKT-4214,1,0,GPNV
29/07/2025,14:03:30,44.61069,-65.28107,7659.0,-0.0,SKT-4214,1,0,GPNV
29/07/2025,14:03:37,44.60923,-65.29449,7660.0,-0.0,SKT-4214,1,0,GPNV
29/07/2025,14:03:44,44.60776,-65.30797,7661.0,-0.0,SKT-4214,1,0,GPNV
29/07/2025,14:03:51,44.60626,-65.32152,7662.0,-0.0,SKT-4214,1,0,GPNV
29/07/2025,14:03:58,44.60474,-65.33514,7661.0,-0.0,SKT-4214,1,0,GPNV
29/07/2025,14:04:05,44.60327,-65.34885,7660.0,-0.0,SKT-4214,1,0,GPNV
29/07/2025,14:04:12,44.60181,-65.36259,7661.0,-0.1,SKT-4214,1,0,GPNV
29/07/2025,14:04:19,44.60033,-65.37639,7661.0,-0.0,SKT-4214,1,0,GPNV
29/07/2025,14:04:26,44.59885,-65.39025,7661.0,-0.0,SKT-4214,1,0,GPNV
29/07/2025,14:04:33,44.59737,-65.40418,7661.0,-0.0,SKT-4214,1,0,GPNV
29/07/2025,14:04:40,44.59585,-65.4182,7660.0,-0.0,SKT-4214,1,0,GPNV
29/07/2025,14:04:47,44.59431,-65.43229,7660.0,-0.1,SKT-4214,1,0,GPNV
29/07/2025,14:04:54,44.59278,-65.44643,7660.0,-0.0,SKT-4214,1,0,GPNV
29/07/2025,14:05:02,44.59106,-65.46267,7660.0,-0.0,SKT-4214,1,0,GPNV
29/07/2025,14:05:09,44.58955,-65.47691,7660.0,-0.0,SKT-4214,1,0,GPNV
29/07/2025,14:05:16,44.58804,-65.49119,7660.0,-0.0,SKT-4214,1,0,GPNV
29/07/2025,14:05:23,44.58655,-65.50553,7658.0,0.0,SKT-4214,1,0,GPNV
29/07/2025,14:05:30,44.58502,-65.51995,7651.0,0.0,SKT-4214,1,0,GPNV
29/07/2025,14:05:37,44.58345,-65.53452,7622.0,-0.0,SKT-4214,1,0,GPNV
29/07/2025,14:05:44,44.58186,-65.54929,7587.0,-0.0,SKT-4214,1,0,GPNV
29/07/2025,14:05:51,44.58027,-65.56425,7553.0,-0.0,SKT-4214,1,0,GPNV
29/07/2025,14:05:58,44.57866,-65.57939,7520.0,-0.0,SKT-4214,1,0,GPNV
29/07/2025,14:06:05,44.57703,-65.59471,7485.0,-0.0,SKT-4214,1,0,GPNV
29/07/2025,14:06:12,44.57539,-65.6102,7451.0,-0.0,SKT-4214,1,0,GPNV
29/07/2025,14:06:19,44.57372,-65.62585,7416.0,-0.0,SKT-4214,1,0,GPNV
29/07/2025,14:06:26,44.57199,-65.64164,7381.0,-0.0,SKT-4214,1,0,GPNV
29/07/2025,14:06:33,44.57026,-65.65758,7344.0,-0.0,SKT-4214,1,0,GPNV
29/07/2025,14:06:40,44.56853,-65.67367,7303.0,-0.0,SKT-4214,1,0,GPNV
29/07/2025,14:06:48,44.56656,-65.69223,7260.0,-0.0,SKT-4214,1,0,GPNV
29/07/2025,14:06:55,44.56487,-65.70853,7225.0,0.0,SKT-4214,1,0,GPNV
29/07/2025,14:07:02,44.56332,-65.72479,7187.0,0.1,SKT-4214,1,0,GPNV
29/07/2025,14:07:09,44.5618,-65.741,7149.0,0.0,SKT-4214,1,0,GPNV
29/07/2025,14:07:16,44.56027,-65.7571,7113.0,-0.0,SKT-4214,1,0,GPNV
29/07/2025,14:07:23,44.55872,-65.77312,7074.0,0.0,SKT-4214,1,0,GPNV
29/07/2025,14:07:30,44.55712,-65.78902,7050.0,0.0,SKT-4214,1,0,GPNV
29/07/2025,14:07:37,44.55533,-65.8048,7042.0,-0.0,SKT-4214,1,0,GPNV
29/07/2025,14:07:44,44.55329,-65.82053,7034.0,-0.0,SKT-4214,1,0,GPNV
29/07/2025,14:07:51,44.55122,-65.8362,7028.0,-0.0,SKT-4214,1,0,GPNV
29/07/2025,14:07:58,44.54923,-65.85188,7025.0,-0.0,SKT-4214,1,0,GPNV
29/07/2025,14:08:05,44.54736,-65.86752,7024.0,-0.0,SKT-4214,1,0,GPNV
29/07/2025,14:08:12,44.54555,-65.88313,7024.0,-0.0,SKT-4214,1,0,GPNV
29/07/2025,14:08:20,44.54354,-65.9009,7024.0,-0.0,SKT-4214,1,0,GPNV
29/07/2025,14:08:27,44.54183,-65.91643,7024.0,-0.0,SKT-4214,1,0,GPNV
29/07/2025,14:08:34,44.54013,-65.93191,7024.0,0.0,SKT-4214,1,0,GPNV
29/07/2025,14:08:41,44.53843,-65.94735,7024.0,0.0,SKT-4214,1,0,GPNV
29/07/2025,14:08:48,44.53673,-65.96275,7025.0,-0.0,SKT-4214,1,0,GPNV
29/07/2025,14:08:55,44.53505,-65.97813,7026.0,-0.0,SKT-4214,1,0,GPNV
29/07/2025,14:09:02,44.53337,-65.99348,7025.0,-0.0,SKT-4214,1,0,GPNV
29/07/2025,14:09:09,44.5317,-66.00881,7024.0,-0.0,SKT-4214,1,0,GPNV
29/07/2025,14:09:16,44.52998,-66.02412,7025.0,-0.0,SKT-4214,1,0,GPNV
29/07/2025,14:09:23,44.52825,-66.0394,7025.0,-0.0,SKT-4214,1,0,GPNV
29/07/2025,14:09:30,44.52652,-66.05466,7025.0,-0.0,SKT-4214,1,0,GPNV
29/07/2025,14:09:37,44.52481,-66.06994,7026.0,0.0,SKT-4214,1,0,GPNV
29/07/2025,14:09:45,44.52286,-66.08739,7025.0,-0.0,SKT-4214,1,0,GPNV
29/07/2025,14:09:52,44.52117,-66.10265,7025.0,-0.0,SKT-4214,1,0,GPNV
29/07/2025,14:09:59,44.51947,-66.11792,7024.0,-0.0,SKT-4214,1,0,GPNV
29/07/2025,14:10:06,44.51775,-66.13318,7024.0,-0.0,SKT-4214,1,0,GPNV
29/07/2025,14:10:13,44.51602,-66.14843,7024.0,-0.0,SKT-4214,1,0,GPNV
29/07/2025,14:10:20,44.51427,-66.16367,7024.0,-0.0,SKT-4214,1,0,GPNV
29/07/2025,14:10:27,44.51253,-66.17889,7024.0,-0.0,SKT-4214,1,0,GPNV
29/07/2025,14:10:34,44.51079,-66.1941,7024.0,-0.0,SKT-4214,1,0,GPNV
29/07/2025,14:10:41,44.50906,-66.20931,7024.0,-0.0,SKT-4214,1,0,GPNV
29/07/2025,14:10:48,44.50732,-66.22453,7023.0,-0.0,SKT-4214,1,0,GPNV
29/07/2025,14:10:55,44.50558,-66.23974,7024.0,-0.0,SKT-4214,1,0,GPNV
29/07/2025,14:11:02,44.50384,-66.25495,7023.0,-0.0,SKT-4214,1,0,GPNV
29/07/2025,14:11:10,44.50184,-66.27235,7022.0,-0.0,SKT-4214,1,0,GPNV
29/07/2025,14:11:17,44.50009,-66.28759,7021.0,-0.0,SKT-4214,1,0,GPNV
29/07/2025,14:11:24,44.49835,-66.30283,7021.0,-0.0,SKT-4214,1,0,GPNV
29/07/2025,14:11:31,44.49663,-66.31807,7022.0,0.0,SKT-4214,1,0,GPNV
29/07/2025,14:11:38,44.49492,-66.33331,7023.0,0.0,SKT-4214,1,0,GPNV
29/07/2025,14:11:45,44.49319,-66.34855,7023.0,-0.0,SKT-4214,1,0,GPNV
29/07/2025,14:11:52,44.49144,-66.36378,7024.0,-0.0,SKT-4214,1,0,GPNV
29/07/2025,14:11:59,44.48969,-66.37899,7025.0,-0.0,SKT-4214,1,0,GPNV
29/07/2025,14:12:06,44.48793,-66.39421,7025.0,0.0,SKT-4214,1,0,GPNV
29/07/2025,14:12:13,44.48619,-66.40942,7025.0,0.0,SKT-4214,1,0,GPNV
29/07/2025,14:12:20,44.48444,-66.42463,7025.0,0.0,SKT-4214,1,0,GPNV
29/07/2025,14:12:27,44.4827,-66.43984,7025.0,-0.0,SKT-4214,1,0,GPNV
29/07/2025,14:12:34,44.48093,-66.45506,7024.0,-0.0,SKT-4214,1,0,GPNV
29/07/2025,14:12:42,44.47891,-66.47247,7023.0,-0.0,SKT-4214,1,0,GPNV
29/07/2025,14:12:49,44.47713,-66.48771,7024.0,-0.0,SKT-4214,1,0,GPNV
29/07/2025,14:12:56,44.47536,-66.50295,7024.0,0.0,SKT-4214,1,0,GPNV
29/07/2025,14:13:03,44.47359,-66.5182,7023.0,-0.0,SKT-4214,1,0,GPNV
29/07/2025,14:13:10,44.47182,-66.53343,7023.0,-0.0,SKT-4214,1,0,GPNV
29/07/2025,14:13:17,44.47005,-66.54868,7023.0,-0.0,SKT-4214,1,0,GPNV
29/07/2025,14:13:24,44.46826,-66.56393,7024.0,-0.0,SKT-4214,1,0,GPNV
29/07/2025,14:13:31,44.46647,-66.57918,7024.0,-0.0,SKT-4214,1,0,GPNV
29/07/2025,14:13:38,44.46467,-66.59444,7024.0,-0.0,SKT-4214,1,0,GPNV
29/07/2025,14:13:45,44.46286,-66.6097,7024.0,-0.0,SKT-4214,1,0,GPNV
29/07/2025,14:13:52,44.46105,-66.62497,7025.0,-0.0,SKT-4214,1,0,GPNV
29/07/2025,14:13:59,44.45926,-66.64024,7024.0,-0.0,SKT-4214,1,0,GPNV
29/07/2025,14:14:07,44.45723,-66.65771,7026.0,-0.0,SKT-4214,1,0,GPNV
29/07/2025,14:14:14,44.45545,-66.67299,7026.0,-0.0,SKT-4214,1,0,GPNV
29/07/2025,14:14:21,44.45365,-66.68828,7026.0,-0.0,SKT-4214,1,0,GPNV
29/07/2025,14:14:28,44.45184,-66.70355,7026.0,-0.0,SKT-4214,1,0,GPNV
29/07/2025,14:14:35,44.45002,-66.71883,7026.0,-0.0,SKT-4214,1,0,GPNV
29/07/2025,14:14:42,44.44822,-66.73412,7026.0,-0.0,SKT-4214,1,0,GPNV
29/07/2025,14:14:49,44.44642,-66.7494,7027.0,-0.0,SKT-4214,1,0,GPNV
29/07/2025,14:14:56,44.44461,-66.76469,7027.0,0.0,SKT-4214,1,0,GPNV
29/07/2025,14:15:03,44.44277,-66.77999,7027.0,-0.0,SKT-4214,1,0,GPNV
29/07/2025,14:15:10,44.44091,-66.79529,7027.0,-0.0,SKT-4214,1,0,GPNV
29/07/2025,14:15:17,44.43908,-66.81059,7027.0,-0.0,SKT-4214,1,0,GPNV
29/07/2025,14:15:24,44.43727,-66.8259,7027.0,0.0,SKT-4214,1,0,GPNV
29/07/2025,14:15:31,44.43546,-66.84122,7028.0,-0.0,SKT-4214,1,0,GPNV
29/07/2025,14:15:38,44.43361,-66.85653,7029.0,-0.0,SKT-4214,1,0,GPNV
29/07/2025,14:15:46,44.43148,-66.87402,7030.0,-0.0,SKT-4214,1,0,GPNV
29/07/2025,14:15:53,44.42962,-66.88931,7029.0,-0.0,SKT-4214,1,0,GPNV
29/07/2025,14:16:00,44.42779,-66.90461,7027.0,0.0,SKT-4214,1,0,GPNV
29/07/2025,14:16:07,44.42595,-66.91992,7028.0,-0.0,SKT-4214,1,0,GPNV
29/07/2025,14:16:14,44.4241,-66.93523,7028.0,-0.0,SKT-4214,1,0,GPNV
29/07/2025,14:16:21,44.42224,-66.95055,7030.0,-0.0,SKT-4214,1,0,GPNV
29/07/2025,14:16:28,44.42039,-66.96586,7030.0,-0.0,SKT-4214,1,0,GPNV
29/07/2025,14:16:35,44.41855,-66.98116,7029.0,0.0,SKT-4214,1,0,GPNV
29/07/2025,14:16:42,44.4167,-66.99647,7029.0,-0.0,SKT-4214,1,0,GPNV
29/07/2025,14:16:49,44.41478,-67.01176,7028.0,-0.0,SKT-4214,1,0,GPNV
29/07/2025,14:16:56,44.41267,-67.02702,7028.0,-0.0,SKT-4214,1,0,GPNV
29/07/2025,14:17:04,44.41007,-67.0444,7027.0,-0.0,SKT-4214,1,0,GPNV
29/07/2025,14:17:11,44.40771,-67.05959,7028.0,-0.0,SKT-4214,1,0,GPNV
29/07/2025,14:17:18,44.40531,-67.07475,7029.0,0.0,SKT-4214,1,0,GPNV
29/07/2025,14:17:25,44.40292,-67.08992,7030.0,-0.0,SKT-4214,1,0,GPNV
29/07/2025,14:17:32,44.40053,-67.1051,7031.0,-0.0,SKT-4214,1,0,GPNV
29/07/2025,14:17:39,44.39814,-67.12028,7032.0,-0.0,SKT-4214,1,0,GPNV
29/07/2025,14:17:46,44.39573,-67.13544,7032.0,-0.0,SKT-4214,1,0,GPNV
29/07/2025,14:17:53,44.39334,-67.15062,7033.0,-0.0,SKT-4214,1,0,GPNV
29/07/2025,14:18:00,44.39096,-67.16579,7033.0,-0.0,SKT-4214,1,0,GPNV
29/07/2025,14:18:07,44.38859,-67.18097,7032.0,-0.0,SKT-4214,1,0,GPNV
29/07/2025,14:18:14,44.38623,-67.19614,7033.0,-0.0,SKT-4214,1,0,GPNV
29/07/2025,14:18:21,44.38388,-67.21133,7032.0,-0.0,SKT-4214,1,0,GPNV
29/07/2025,14:18:28,44.38156,-67.22651,7033.0,-0.0,SKT-4214,1,0,GPNV
29/07/2025,14:18:35,44.37922,-67.24168,7034.0,-0.0,SKT-4214,1,0,GPNV
29/07/2025,14:18:42,44.3769,-67.25685,7034.0,-0.0,SKT-4214,1,0,GPNV
29/07/2025,14:18:50,44.37428,-67.27419,7034.0,-0.0,SKT-4214,1,0,GPNV
29/07/2025,14:18:57,44.372,-67.28936,7034.0,-0.0,SKT-4214,1,0,GPNV
29/07/2025,14:19:04,44.36972,-67.30453,7033.0,-0.0,SKT-4214,1,0,GPNV
29/07/2025,14:19:11,44.36744,-67.31969,7034.0,-0.0,SKT-4214,1,0,GPNV
29/07/2025,14:19:18,44.36514,-67.33483,7034.0,-0.0,SKT-4214,1,0,GPNV
29/07/2025,14:19:25,44.36282,-67.34997,7034.0,-0.0,SKT-4214,1,0,GPNV
29/07/2025,14:19:32,44.36048,-67.3651,7034.0,-0.0,SKT-4214,1,0,GPNV
29/07/2025,14:19:39,44.35813,-67.38022,7034.0,-0.0,SKT-4214,1,0,GPNV
29/07/2025,14:19:46,44.35579,-67.39533,7035.0,0.0,SKT-4214,1,0,GPNV
29/07/2025,14:19:53,44.35345,-67.41044,7035.0,0.0,SKT-4214,1,0,GPNV
29/07/2025,14:20:00,44.35112,-67.42552,7035.0,-0.0,SKT-4214,1,0,GPNV
29/07/2025,14:20:07,44.34879,-67.4406,7035.0,-0.0,SKT-4214,1,0,GPNV
29/07/2025,14:20:15,44.34611,-67.45782,7035.0,-0.0,SKT-4214,1,0,GPNV
29/07/2025,14:20:22,44.34375,-67.47286,7036.0,-0.0,SKT-4214,1,0,GPNV
29/07/2025,14:20:29,44.34141,-67.48791,7037.0,-0.0,SKT-4214,1,0,GPNV
29/07/2025,14:20:36,44.33906,-67.50294,7036.0,-0.0,SKT-4214,1,0,GPNV
29/07/2025,14:20:43,44.33668,-67.51798,7036.0,-0.0,SKT-4214,1,0,GPNV
29/07/2025,14:20:50,44.33429,-67.53301,7036.0,-0.0,SKT-4214,1,0,GPNV
29/07/2025,14:20:57,44.33193,-67.54803,7036.0,-0.0,SKT-4214,1,0,GPNV
29/07/2025,14:21:04,44.32956,-67.56306,7035.0,-0.0,SKT-4214,1,0,GPNV
29/07/2025,14:21:11,44.32721,-67.57806,7036.0,-0.0,SKT-4214,1,0,GPNV
29/07/2025,14:21:18,44.32484,-67.59306,7035.0,-0.0,SKT-4214,1,0,GPNV
29/07/2025,14:21:25,44.32244,-67.60804,7034.0,-0.0,SKT-4214,1,0,GPNV
29/07/2025,14:21:32,44.32003,-67.62301,7035.0,-0.0,SKT-4214,1,0,GPNV
29/07/2025,14:21:39,44.31763,-67.63797,7037.0,-0.0,SKT-4214,1,0,GPNV
29/07/2025,14:21:46,44.31527,-67.65292,7038.0,0.0,SKT-4214,1,0,GPNV
29/07/2025,14:21:54,44.31258,-67.67002,7037.0,-0.0,SKT-4214,1,0,GPNV
29/07/2025,14:22:01,44.31019,-67.68498,7037.0,-0.0,SKT-4214,1,0,GPNV
29/07/2025,14:22:08,44.3078,-67.69995,7037.0,-0.0,SKT-4214,1,0,GPNV
29/07/2025,14:22:15,44.30541,-67.71491,7037.0,-0.0,SKT-4214,1,0,GPNV
29/07/2025,14:22:22,44.30305,-67.72988,7036.0,-0.0,SKT-4214,1,0,GPNV
29/07/2025,14:22:29,44.30068,-67.74484,7036.0,-0.0,SKT-4214,1,0,GPNV
29/07/2025,14:22:36,44.2983,-67.75978,7037.0,-0.0,SKT-4214,1,0,GPNV
29/07/2025,14:22:43,44.29592,-67.7747,7037.0,-0.0,SKT-4214,1,0,GPNV
29/07/2025,14:22:50,44.29353,-67.78962,7036.0,-0.0,SKT-4214,1,0,GPNV
29/07/2025,14:22:57,44.29114,-67.80453,7037.0,-0.0,SKT-4214,1,0,GPNV
29/07/2025,14:23:04,44.28875,-67.81942,7038.0,-0.0,SKT-4214,1,0,GPNV
29/07/2025,14:23:12,44.28602,-67.83643,7038.0,-0.0,SKT-4214,1,0,GPNV
29/07/2025,14:23:19,44.28366,-67.85131,7038.0,-0.0,SKT-4214,1,0,GPNV
29/07/2025,14:23:26,44.28132,-67.86618,7039.0,-0.0,SKT-4214,1,0,GPNV
29/07/2025,14:23:33,44.27897,-67.88103,7039.0,-0.0,SKT-4214,1,0,GPNV
29/07/2025,14:23:40,44.2766,-67.89588,7040.0,0.0,SKT-4214,1,0,GPNV
29/07/2025,14:23:47,44.27423,-67.91072,7040.0,-0.0,SKT-4214,1,0,GPNV
29/07/2025,14:23:54,44.27183,-67.92554,7041.0,-0.0,SKT-4214,1,0,GPNV
29/07/2025,14:24:01,44.26942,-67.94036,7041.0,-0.0,SKT-4214,1,0,GPNV
29/07/2025,14:24:08,44.267,-67.95516,7041.0,-0.0,SKT-4214,1,0,GPNV
29/07/2025,14:24:15,44.2646,-67.96997,7043.0,-0.0,SKT-4214,1,0,GPNV
29/07/2025,14:24:22,44.2622,-67.98476,7044.0,-0.0,SKT-4214,1,0,GPNV
29/07/2025,14:24:29,44.25981,-67.99957,7043.0,-0.0,SKT-4214,1,0,GPNV
29/07/2025,14:24:36,44.25741,-68.01436,7042.0,0.0,SKT-4214,1,0,GPNV
29/07/2025,14:24:44,44.2547,-68.03128,7043.0,-0.0,SKT-4214,1,0,GPNV
29/07/2025,14:24:51,44.25233,-68.04608,7042.0,-0.0,SKT-4214,1,0,GPNV
29/07/2025,14:24:58,44.24994,-68.06087,7041.0,-0.0,SKT-4214,1,0,GPNV
29/07/2025,14:25:05,44.24752,-68.07565,7041.0,-0.0,SKT-4214,1,0,GPNV
29/07/2025,14:25:12,44.24511,-68.09044,7041.0,-0.0,SKT-4214,1,0,GPNV
29/07/2025,14:25:19,44.24269,-68.10521,7042.0,-0.0,SKT-4214,1,0,GPNV
29/07/2025,14:25:26,44.24028,-68.11999,7042.0,-0.0,SKT-4214,1,0,GPNV
29/07/2025,14:25:33,44.23788,-68.13476,7043.0,-0.0,SKT-4214,1,0,GPNV
29/07/2025,14:25:40,44.23549,-68.14953,7042.0,-0.0,SKT-4214,1,0,GPNV
29/07/2025,14:25:47,44.2331,-68.16428,7043.0,-0.0,SKT-4214,1,0,GPNV
29/07/2025,14:25:54,44.23068,-68.17903,7043.0,-0.0,SKT-4214,1,0,GPNV
29/07/2025,14:26:02,44.22789,-68.19586,7043.0,-0.0,SKT-4214,1,0,GPNV
29/07/2025,14:26:09,44.22546,-68.21059,7043.0,-0.0,SKT-4214,1,0,GPNV
29/07/2025,14:26:16,44.22305,-68.22533,7044.0,-0.0,SKT-4214,1,0,GPNV
29/07/2025,14:26:23,44.22065,-68.24006,7044.0,-0.0,SKT-4214,1,0,GPNV
29/07/2025,14:26:30,44.21825,-68.2548,7044.0,-0.0,SKT-4214,1,0,GPNV
29/07/2025,14:26:37,44.21583,-68.26953,7044.0,-0.0,SKT-4214,1,0,GPNV
29/07/2025,14:26:44,44.21339,-68.28428,7044.0,-0.0,SKT-4214,1,0,GPNV
29/07/2025,14:26:51,44.21095,-68.29903,7045.0,-0.0,SKT-4214,1,0,GPNV
29/07/2025,14:26:58,44.2085,-68.3138,7045.0,-0.0,SKT-4214,1,0,GPNV
29/07/2025,14:27:05,44.20606,-68.32855,7046.0,-0.0,SKT-4214,1,0,GPNV
29/07/2025,14:27:12,44.20361,-68.34331,7046.0,-0.0,SKT-4214,1,0,GPNV
29/07/2025,14:27:19,44.20116,-68.35806,7046.0,-0.0,SKT-4214,1,0,GPNV
29/07/2025,14:27:27,44.19836,-68.37492,7046.0,-0.0,SKT-4214,1,0,GPNV
29/07/2025,14:27:34,44.19591,-68.38967,7047.0,-0.0,SKT-4214,1,0,GPNV
29/07/2025,14:27:41,44.19347,-68.40442,7047.0,0.0,SKT-4214,1,0,GPNV
29/07/2025,14:27:48,44.19104,-68.41917,7047.0,-0.0,SKT-4214,1,0,GPNV
29/07/2025,14:27:55,44.18864,-68.43392,7047.0,-0.0,SKT-4214,1,0,GPNV
29/07/2025,14:28:02,44.18629,-68.44868,7048.0,-0.0,SKT-4214,1,0,GPNV
29/07/2025,14:28:09,44.18397,-68.46345,7047.0,0.0,SKT-4214,1,0,GPNV
29/07/2025,14:28:16,44.18159,-68.4782,7048.0,-0.0,SKT-4214,1,0,GPNV
29/07/2025,14:28:23,44.17916,-68.49292,7048.0,0.0,SKT-4214,1,0,GPNV
29/07/2025,14:28:30,44.17671,-68.50764,7048.0,-0.0,SKT-4214,1,0,GPNV
29/07/2025,14:28:37,44.17427,-68.52235,7048.0,-0.0,SKT-4214,1,0,GPNV
29/07/2025,14:28:44,44.17185,-68.53708,7048.0,-0.0,SKT-4214,1,0,GPNV
29/07/2025,14:28:51,44.1694,-68.55181,7046.0,-0.0,SKT-4214,1,0,GPNV
29/07/2025,14:28:59,44.16655,-68.56863,7048.0,-0.0,SKT-4214,1,0,GPNV
29/07/2025,14:29:06,44.16406,-68.58334,7048.0,-0.0,SKT-4214,1,0,GPNV
29/07/2025,14:29:13,44.16159,-68.59806,7049.0,-0.0,SKT-4214,1,0,GPNV
29/07/2025,14:29:20,44.15914,-68.61278,7050.0,-0.0,SKT-4214,1,0,GPNV
29/07/2025,14:29:27,44.15667,-68.62749,7049.0,-0.0,SKT-4214,1,0,GPNV
29/07/2025,14:29:34,44.15418,-68.6422,7049.0,-0.0,SKT-4214,1,0,GPNV
29/07/2025,14:29:41,44.15166,-68.65688,7050.0,0.0,SKT-4214,1,0,GPNV
29/07/2025,14:29:48,44.14913,-68.67155,7050.0,-0.0,SKT-4214,1,0,GPNV
29/07/2025,14:29:55,44.14663,-68.68621,7051.0,-0.0,SKT-4214,1,0,GPNV
29/07/2025,14:30:02,44.14413,-68.70087,7050.0,-0.0,SKT-4214,1,0,GPNV
29/07/2025,14:30:09,44.14162,-68.71552,7051.0,-0.0,SKT-4214,1,0,GPNV
29/07/2025,14:30:16,44.1391,-68.73019,7050.0,-0.0,SKT-4214,1,0,GPNV
29/07/2025,14:30:23,44.13657,-68.74486,7050.0,0.0,SKT-4214,1,0,GPNV
29/07/2025,14:30:30,44.13407,-68.75954,7051.0,-0.0,SKT-4214,1,0,GPNV
29/07/2025,14:30:38,44.13123,-68.77633,7051.0,0.0,SKT-4214,1,0,GPNV
29/07/2025,14:30:45,44.12875,-68.79102,7051.0,-0.0,SKT-4214,1,0,GPNV
29/07/2025,14:30:52,44.12629,-68.80569,7050.0,0.0,SKT-4214,1,0,GPNV
29/07/2025,14:30:59,44.12386,-68.82035,7051.0,0.0,SKT-4214,1,0,GPNV
29/07/2025,14:31:06,44.12142,-68.83499,7052.0,-0.0,SKT-4214,1,0,GPNV
29/07/2025,14:31:13,44.11895,-68.84962,7052.0,0.0,SKT-4214,1,0,GPNV
29/07/2025,14:31:20,44.11647,-68.86425,7053.0,0.0,SKT-4214,1,0,GPNV
29/07/2025,14:31:27,44.11399,-68.87889,7051.0,0.0,SKT-4214,1,0,GPNV
29/07/2025,14:31:34,44.11151,-68.89353,7052.0,-0.0,SKT-4214,1,0,GPNV
29/07/2025,14:31:41,44.10902,-68.90816,7053.0,-0.0,SKT-4214,1,0,GPNV
29/07/2025,14:31:48,44.10651,-68.92278,7053.0,-0.0,SKT-4214,1,0,GPNV
29/07/2025,14:31:55,44.10398,-68.93738,7053.0,0.0,SKT-4214,1,0,GPNV
29/07/2025,14:32:02,44.10144,-68.95197,7053.0,0.0,SKT-4214,1,0,GPNV
29/07/2025,14:32:09,44.09894,-68.96656,7053.0,-0.0,SKT-4214,1,0,GPNV
29/07/2025,14:32:17,44.09611,-68.98323,7052.0,0.0,SKT-4214,1,0,GPNV
29/07/2025,14:32:24,44.09362,-68.9978,7052.0,-0.0,SKT-4214,1,0,GPNV
29/07/2025,14:32:31,44.09111,-69.01234,7052.0,-0.0,SKT-4214,1,0,GPNV
29/07/2025,14:32:38,44.08858,-69.02686,7053.0,0.0,SKT-4214,1,0,GPNV
29/07/2025,14:32:45,44.08604,-69.04138,7052.0,0.0,SKT-4214,1,0,GPNV
29/07/2025,14:32:52,44.08351,-69.05592,7053.0,-0.0,SKT-4214,1,0,GPNV
29/07/2025,14:32:59,44.081,-69.07046,7051.0,-0.0,SKT-4214,1,0,GPNV
29/07/2025,14:33:06,44.07851,-69.085,7051.0,-0.0,SKT-4214,1,0,GPNV
29/07/2025,14:33:13,44.07602,-69.09953,7051.0,-0.0,SKT-4214,1,0,GPNV
29/07/2025,14:33:20,44.07353,-69.11407,7052.0,-0.0,SKT-4214,1,0,GPNV
29/07/2025,14:33:27,44.07103,-69.12859,7051.0,-0.0,SKT-4214,1,0,GPNV
29/07/2025,14:33:34,44.06853,-69.1431,7051.0,-0.0,SKT-4214,1,0,GPNV
29/07/2025,14:33:41,44.06602,-69.1576,7051.0,-0.0,SKT-4214,1,0,GPNV
29/07/2025,14:33:49,44.06316,-69.17417,7051.0,-0.0,SKT-4214,1,0,GPNV
29/07/2025,14:33:56,44.06067,-69.18867,7052.0,0.0,SKT-4214,1,0,GPNV
29/07/2025,14:34:03,44.05819,-69.20315,7052.0,0.0,SKT-4214,1,0,GPNV
29/07/2025,14:34:10,44.05571,-69.21764,7053.0,0.0,SKT-4214,1,0,GPNV
29/07/2025,14:34:17,44.05323,-69.23212,7052.0,-0.0,SKT-4214,1,0,GPNV
29/07/2025,14:34:24,44.05074,-69.24658,7052.0,-0.0,SKT-4214,1,0,GPNV
29/07/2025,14:34:31,44.04825,-69.26103,7052.0,-0.0,SKT-4214,1,0,GPNV
29/07/2025,14:34:38,44.04575,-69.27547,7052.0,-0.0,SKT-4214,1,0,GPNV
29/07/2025,14:34:45,44.04322,-69.28989,7054.0,-0.0,SKT-4214,1,0,GPNV
29/07/2025,14:34:52,44.04069,-69.30432,7053.0,-0.0,SKT-4214,1,0,GPNV
29/07/2025,14:34:59,44.03817,-69.31876,7052.0,-0.0,SKT-4214,1,0,GPNV
29/07/2025,14:35:07,44.03527,-69.33527,7054.0,-0.0,SKT-4214,1,0,GPNV
29/07/2025,14:35:14,44.03274,-69.34972,7052.0,-0.0,SKT-4214,1,0,GPNV
29/07/2025,14:35:21,44.0302,-69.36416,7052.0,-0.0,SKT-4214,1,0,GPNV
29/07/2025,14:35:28,44.02767,-69.37861,7053.0,0.0,SKT-4214,1,0,GPNV
29/07/2025,14:35:35,44.02517,-69.39307,7052.0,-0.0,SKT-4214,1,0,GPNV
29/07/2025,14:35:42,44.02267,-69.40752,7053.0,-0.0,SKT-4214,1,0,GPNV
29/07/2025,14:35:49,44.02016,-69.42194,7054.0,-0.0,SKT-4214,1,0,GPNV
29/07/2025,14:35:56,44.01764,-69.43633,7054.0,-0.0,SKT-4214,1,0,GPNV
29/07/2025,14:36:03,44.0151,-69.45071,7054.0,-0.0,SKT-4214,1,0,GPNV
29/07/2025,14:36:10,44.01257,-69.46511,7054.0,-0.0,SKT-4214,1,0,GPNV
29/07/2025,14:36:17,44.01004,-69.47949,7055.0,-0.0,SKT-4214,1,0,GPNV
29/07/2025,14:36:24,44.00751,-69.49387,7056.0,-0.0,SKT-4214,1,0,GPNV
29/07/2025,14:36:31,44.005,-69.50824,7055.0,-0.0,SKT-4214,1,0,GPNV
29/07/2025,14:36:38,44.00247,-69.52261,7056.0,-0.0,SKT-4214,1,0,GPNV
29/07/2025,14:36:46,43.99958,-69.53903,7056.0,0.0,SKT-4214,1,0,GPNV
29/07/2025,14:36:53,43.99707,-69.5534,7057.0,-0.0,SKT-4214,1,0,GPNV
29/07/2025,14:37:00,43.99453,-69.56775,7056.0,-0.0,SKT-4214,1,0,GPNV
29/07/2025,14:37:07,43.99196,-69.58205,7057.0,0.0,SKT-4214,1,0,GPNV
29/07/2025,14:37:14,43.98936,-69.59634,7058.0,-0.0,SKT-4214,1,0,GPNV
29/07/2025,14:37:21,43.9868,-69.61066,7056.0,-0.0,SKT-4214,1,0,GPNV
29/07/2025,14:37:28,43.98427,-69.62501,7055.0,-0.0,SKT-4214,1,0,GPNV
29/07/2025,14:37:35,43.98174,-69.63934,7056.0,-0.0,SKT-4214,1,0,GPNV
29/07/2025,14:37:42,43.97921,-69.65365,7054.0,-0.0,SKT-4214,1,0,GPNV
29/07/2025,14:37:49,43.97665,-69.66794,7055.0,0.0,SKT-4214,1,0,GPNV
29/07/2025,14:37:56,43.97408,-69.68222,7053.0,0.0,SKT-4214,1,0,GPNV
29/07/2025,14:38:03,43.97149,-69.69653,7053.0,-0.0,SKT-4214,1,0,GPNV
29/07/2025,14:38:10,43.96891,-69.71083,7054.0,-0.0,SKT-4214,1,0,GPNV
29/07/2025,14:38:17,43.96637,-69.72513,7055.0,-0.0,SKT-4214,1,0,GPNV
29/07/2025,14:38:24,43.96385,-69.73942,7054.0,-0.0,SKT-4214,1,0,GPNV
29/07/2025,14:38:32,43.96096,-69.75571,7055.0,0.0,SKT-4214,1,0,GPNV
29/07/2025,14:38:39,43.95842,-69.76995,7056.0,-0.0,SKT-4214,1,0,GPNV
29/07/2025,14:38:46,43.95588,-69.78419,7056.0,-0.0,SKT-4214,1,0,GPNV
29/07/2025,14:38:53,43.95335,-69.79845,7056.0,-0.0,SKT-4214,1,0,GPNV
29/07/2025,14:39:00,43.95084,-69.8127,7055.0,-0.0,SKT-4214,1,0,GPNV
29/07/2025,14:39:07,43.94833,-69.82692,7056.0,-0.0,SKT-4214,1,0,GPNV
29/07/2025,14:39:14,43.94577,-69.84111,7056.0,0.0,SKT-4214,1,0,GPNV
29/07/2025,14:39:21,43.94318,-69.85532,7055.0,-0.0,SKT-4214,1,0,GPNV
29/07/2025,14:39:28,43.94061,-69.86954,7054.0,-0.0,SKT-4214,1,0,GPNV
29/07/2025,14:39:35,43.93807,-69.88376,7055.0,-0.0,SKT-4214,1,0,GPNV
29/07/2025,14:39:42,43.93553,-69.89796,7058.0,-0.0,SKT-4214,1,0,GPNV
29/07/2025,14:39:49,43.93297,-69.91217,7056.0,-0.0,SKT-4214,1,0,GPNV
29/07/2025,14:39:56,43.93042,-69.92637,7055.0,0.0,SKT-4214,1,0,GPNV
29/07/2025,14:40:03,43.92788,-69.94054,7056.0,0.0,SKT-4214,1,0,GPNV
29/07/2025,14:40:11,43.92497,-69.95671,7056.0,-0.0,SKT-4214,1,0,GPNV
29/07/2025,14:40:18,43.92241,-69.97085,7056.0,-0.0,SKT-4214,1,0,GPNV
29/07/2025,14:40:25,43.91984,-69.98496,7056.0,-0.0,SKT-4214,1,0,GPNV
29/07/2025,14:40:32,43.91724,-69.99906,7057.0,-0.0,SKT-4214,1,0,GPNV
29/07/2025,14:40:39,43.91466,-70.01315,7055.0,0.0,SKT-4214,1,0,GPNV
29/07/2025,14:40:46,43.91209,-70.02723,7056.0,-0.0,SKT-4214,1,0,GPNV
29/07/2025,14:40:53,43.90951,-70.0413,7057.0,-0.0,SKT-4214,1,0,GPNV
29/07/2025,14:41:00,43.90693,-70.05537,7057.0,0.0,SKT-4214,1,0,GPNV
29/07/2025,14:41:07,43.90435,-70.06945,7058.0,-0.0,SKT-4214,1,0,GPNV
29/07/2025,14:41:14,43.90177,-70.08354,7057.0,-0.0,SKT-4214,1,0,GPNV
29/07/2025,14:41:21,43.89919,-70.09766,7058.0,-0.0,SKT-4214,1,0,GPNV
29/07/2025,14:41:29,43.89626,-70.11382,7059.0,-0.0,SKT-4214,1,0,GPNV
29/07/2025,14:41:36,43.89373,-70.12801,7058.0,0.0,SKT-4214,1,0,GPNV
29/07/2025,14:41:43,43.89121,-70.14219,7058.0,-0.0,SKT-4214,1,0,GPNV
29/07/2025,14:41:50,43.88865,-70.15634,7059.0,-0.0,SKT-4214,1,0,GPNV
29/07/2025,14:41:57,43.88603,-70.1705,7058.0,-0.0,SKT-4214,1,0,GPNV
29/07/2025,14:42:04,43.8834,-70.18471,7057.0,-0.0,SKT-4214,1,0,GPNV
29/07/2025,14:42:11,43.88081,-70.19893,7055.0,-0.0,SKT-4214,1,0,GPNV
29/07/2025,14:42:18,43.87823,-70.21311,7057.0,-0.0,SKT-4214,1,0,GPNV
29/07/2025,14:42:25,43.87562,-70.22726,7059.0,-0.0,SKT-4214,1,0,GPNV
29/07/2025,14:42:32,43.87301,-70.24141,7058.0,-0.0,SKT-4214,1,0,GPNV
29/07/2025,14:42:39,43.87043,-70.25558,7057.0,-0.0,SKT-4214,1,0,GPNV
29/07/2025,14:42:46,43.86786,-70.26975,7059.0,-0.0,SKT-4214,1,0,GPNV
29/07/2025,14:42:53,43.86528,-70.28391,7057.0,-0.0,SKT-4214,1,0,GPNV
29/07/2025,14:43:01,43.8623,-70.30007,7059.0,-0.0,SKT-4214,1,0,GPNV
29/07/2025,14:43:08,43.85969,-70.31424,7057.0,-0.0,SKT-4214,1,0,GPNV
29/07/2025,14:43:15,43.85709,-70.32842,7058.0,-0.0,SKT-4214,1,0,GPNV
29/07/2025,14:43:22,43.85449,-70.34261,7058.0,-0.0,SKT-4214,1,0,GPNV
29/07/2025,14:43:29,43.85188,-70.35682,7058.0,-0.0,SKT-4214,1,0,GPNV
29/07/2025,14:43:36,43.84929,-70.37104,7057.0,0.0,SKT-4214,1,0,GPNV
29/07/2025,14:43:43,43.84668,-70.38525,7059.0,-0.0,SKT-4214,1,0,GPNV
29/07/2025,14:43:50,43.84405,-70.39947,7057.0,-0.0,SKT-4214,1,0,GPNV
29/07/2025,14:43:57,43.84142,-70.41368,7059.0,-0.0,SKT-4214,1,0,GPNV
29/07/2025,14:44:04,43.8388,-70.42791,7057.0,-0.0,SKT-4214,1,0,GPNV
29/07/2025,14:44:11,43.83617,-70.44216,7056.0,-0.0,SKT-4214,1,0,GPNV
29/07/2025,14:44:18,43.83349,-70.45638,7058.0,-0.0,SKT-4214,1,0,GPNV
29/07/2025,14:44:26,43.83045,-70.4726,7057.0,-0.0,SKT-4214,1,0,GPNV
29/07/2025,14:44:33,43.82779,-70.48679,7057.0,-0.0,SKT-4214,1,0,GPNV
29/07/2025,14:44:40,43.82512,-70.50097,7057.0,-0.0,SKT-4214,1,0,GPNV
29/07/2025,14:44:47,43.82245,-70.51513,7058.0,-0.0,SKT-4214,1,0,GPNV
29/07/2025,14:44:54,43.8198,-70.52927,7058.0,0.0,SKT-4214,1,0,GPNV
29/07/2025,14:45:01,43.81714,-70.54341,7057.0,-0.0,SKT-4214,1,0,GPNV
29/07/2025,14:45:08,43.81448,-70.55753,7057.0,-0.0,SKT-4214,1,0,GPNV
29/07/2025,14:45:15,43.81181,-70.57166,7057.0,-0.0,SKT-4214,1,0,GPNV
29/07/2025,14:45:22,43.80916,-70.58577,7058.0,-0.0,SKT-4214,1,0,GPNV
29/07/2025,14:45:29,43.80653,-70.59989,7058.0,-0.0,SKT-4214,1,0,GPNV
29/07/2025,14:45:36,43.80389,-70.61401,7057.0,0.0,SKT-4214,1,0,GPNV
29/07/2025,14:45:43,43.80126,-70.62814,7058.0,-0.0,SKT-4214,1,0,GPNV
29/07/2025,14:45:50,43.79863,-70.64231,7059.0,0.0,SKT-4214,1,0,GPNV
29/07/2025,14:45:58,43.79564,-70.65852,7059.0,-0.0,SKT-4214,1,0,GPNV
29/07/2025,14:46:05,43.79301,-70.67268,7059.0,-0.0,SKT-4214,1,0,GPNV
29/07/2025,14:46:12,43.79038,-70.68682,7058.0,-0.0,SKT-4214,1,0,GPNV
29/07/2025,14:46:19,43.78773,-70.70096,7056.0,-0.0,SKT-4214,1,0,GPNV
29/07/2025,14:46:26,43.78509,-70.71508,7057.0,-0.0,SKT-4214,1,0,GPNV
29/07/2025,14:46:33,43.78245,-70.72919,7058.0,-0.0,SKT-4214,1,0,GPNV
29/07/2025,14:46:40,43.77982,-70.74331,7057.0,-0.0,SKT-4214,1,0,GPNV
29/07/2025,14:46:47,43.77718,-70.75742,7057.0,-0.0,SKT-4214,1,0,GPNV
29/07/2025,14:46:54,43.77452,-70.77153,7057.0,0.0,SKT-4214,1,0,GPNV
29/07/2025,14:47:01,43.77183,-70.78563,7057.0,-0.0,SKT-4214,1,0,GPNV
29/07/2025,14:47:08,43.76913,-70.79973,7058.0,-0.0,SKT-4214,1,0,GPNV
29/07/2025,14:47:15,43.76645,-70.81384,7060.0,-0.0,SKT-4214,1,0,GPNV
29/07/2025,14:47:23,43.76339,-70.82998,7060.0,-0.0,SKT-4214,1,0,GPNV
29/07/2025,14:47:30,43.76072,-70.84412,7059.0,0.0,SKT-4214,1,0,GPNV
29/07/2025,14:47:37,43.75806,-70.85829,7059.0,-0.0,SKT-4214,1,0,GPNV
29/07/2025,14:47:44,43.75538,-70.87246,7058.0,-0.0,SKT-4214,1,0,GPNV
29/07/2025,14:47:51,43.75268,-70.8866,7059.0,-0.0,SKT-4214,1,0,GPNV
29/07/2025,14:47:58,43.74998,-70.9007,7061.0,-0.0,SKT-4214,1,0,GPNV
29/07/2025,14:48:05,43.7473,-70.91476,7061.0,0.0,SKT-4214,1,0,GPNV
29/07/2025,14:48:12,43.74464,-70.92888,7059.0,0.0,SKT-4214,1,0,GPNV
29/07/2025,14:48:19,43.74196,-70.94302,7058.0,-0.0,SKT-4214,1,0,GPNV
29/07/2025,14:48:27,43.73889,-70.95915,7058.0,-0.0,SKT-4214,1,0,GPNV
29/07/2025,14:48:35,43.73581,-70.97527,7059.0,0.0,SKT-4214,1,0,GPNV
29/07/2025,14:48:42,43.73309,-70.98936,7059.0,0.0,SKT-4214,1,0,GPNV
29/07/2025,14:48:49,43.73035,-71.00346,7059.0,-0.0,SKT-4214,1,0,GPNV
29/07/2025,14:48:57,43.72725,-71.01958,7058.0,-0.0,SKT-4214,1,0,GPNV
29/07/2025,14:49:04,43.72455,-71.03371,7058.0,-0.0,SKT-4214,1,0,GPNV
29/07/2025,14:49:11,43.72186,-71.04784,7059.0,0.0,SKT-4214,1,0,GPNV
29/07/2025,14:49:18,43.71915,-71.06196,7059.0,-0.0,SKT-4214,1,0,GPNV
29/07/2025,14:49:26,43.71603,-71.07807,7061.0,-0.0,SKT-4214,1,0,GPNV
29/07/2025,14:49:33,43.7133,-71.09214,7062.0,0.0,SKT-4214,1,0,GPNV
29/07/2025,14:49:40,43.7106,-71.10623,7062.0,-0.0,SKT-4214,1,0,GPNV
29/07/2025,14:49:47,43.7079,-71.12034,7062.0,0.0,SKT-4214,1,0,GPNV
29/07/2025,14:49:56,43.70441,-71.13846,7063.0,-0.0,SKT-4214,1,0,GPNV
29/07/2025,14:50:03,43.70169,-71.1526,7061.0,-0.0,SKT-4214,1,0,GPNV
29/07/2025,14:50:10,43.69897,-71.16675,7062.0,-0.0,SKT-4214,1,0,GPNV
29/07/2025,14:50:17,43.69627,-71.18093,7062.0,0.0,SKT-4214,1,0,GPNV
29/07/2025,14:50:24,43.69359,-71.19514,7060.0,-0.0,SKT-4214,1,0,GPNV
29/07/2025,14:50:31,43.69089,-71.20933,7060.0,-0.0,SKT-4214,1,0,GPNV
29/07/2025,14:50:38,43.68818,-71.22348,7062.0,-0.0,SKT-4214,1,0,GPNV
29/07/2025,14:50:45,43.68546,-71.23761,7061.0,-0.0,SKT-4214,1,0,GPNV
29/07/2025,14:50:52,43.68274,-71.25172,7062.0,-0.0,SKT-4214,1,0,GPNV
29/07/2025,14:50:59,43.68,-71.26584,7062.0,-0.0,SKT-4214,1,0,GPNV
29/07/2025,14:51:06,43.67724,-71.27995,7061.0,-0.0,SKT-4214,1,0,GPNV
29/07/2025,14:51:13,43.67447,-71.29404,7062.0,-0.0,SKT-4214,1,0,GPNV
29/07/2025,14:51:21,43.6713,-71.31013,7063.0,-0.0,SKT-4214,1,0,GPNV
29/07/2025,14:51:28,43.66851,-71.32419,7065.0,-0.0,SKT-4214,1,0,GPNV
29/07/2025,14:51:35,43.66576,-71.33823,7065.0,-0.0,SKT-4214,1,0,GPNV
29/07/2025,14:51:42,43.66306,-71.35229,7064.0,-0.0,SKT-4214,1,0,GPNV
29/07/2025,14:51:49,43.66037,-71.36636,7062.0,-0.0,SKT-4214,1,0,GPNV
29/07/2025,14:51:56,43.65766,-71.38042,7063.0,-0.0,SKT-4214,1,0,GPNV
29/07/2025,14:52:04,43.65454,-71.39645,7065.0,-0.0,SKT-4214,1,0,GPNV
29/07/2025,14:52:11,43.65181,-71.41046,7065.0,-0.0,SKT-4214,1,0,GPNV
29/07/2025,14:52:18,43.64908,-71.42447,7065.0,-0.0,SKT-4214,1,0,GPNV
29/07/2025,14:52:25,43.64635,-71.43847,7064.0,-0.0,SKT-4214,1,0,GPNV
29/07/2025,14:52:33,43.64326,-71.45447,7066.0,-0.0,SKT-4214,1,0,GPNV
29/07/2025,14:52:40,43.64054,-71.46845,7066.0,0.0,SKT-4214,1,0,GPNV
29/07/2025,14:52:47,43.63782,-71.48246,7064.0,-0.0,SKT-4214,1,0,GPNV
29/07/2025,14:52:54,43.6351,-71.49646,7063.0,-0.0,SKT-4214,1,0,GPNV
29/07/2025,14:53:02,43.63198,-71.51244,7065.0,-0.0,SKT-4214,1,0,GPNV
29/07/2025,14:53:09,43.62924,-71.52641,7064.0,-0.0,SKT-4214,1,0,GPNV
29/07/2025,14:53:16,43.62649,-71.54037,7064.0,0.0,SKT-4214,1,0,GPNV
29/07/2025,14:53:23,43.62374,-71.55433,7064.0,-0.0,SKT-4214,1,0,GPNV
29/07/2025,14:53:30,43.62099,-71.56831,7064.0,-0.0,SKT-4214,1,0,GPNV
29/07/2025,14:53:37,43.61823,-71.58231,7063.0,0.0,SKT-4214,1,0,GPNV
29/07/2025,14:53:45,43.61506,-71.59829,7063.0,-0.0,SKT-4214,1,0,GPNV
29/07/2025,14:53:52,43.61226,-71.61225,7064.0,-0.0,SKT-4214,1,0,GPNV
29/07/2025,14:53:59,43.60947,-71.62619,7065.0,-0.0,SKT-4214,1,0,GPNV
29/07/2025,14:54:06,43.60669,-71.64013,7064.0,0.0,SKT-4214,1,0,GPNV
29/07/2025,14:54:14,43.6035,-71.65604,7065.0,-0.0,SKT-4214,1,0,GPNV
29/07/2025,14:54:21,43.60072,-71.66997,7065.0,-0.0,SKT-4214,1,0,GPNV
29/07/2025,14:54:28,43.59796,-71.68391,7066.0,-0.0,SKT-4214,1,0,GPNV
29/07/2025,14:54:35,43.59521,-71.69787,7066.0,-0.0,SKT-4214,1,0,GPNV
29/07/2025,14:54:42,43.59245,-71.71184,7067.0,-0.0,SKT-4214,1,0,GPNV
29/07/2025,14:54:50,43.58931,-71.7278,7069.0,-0.0,SKT-4214,1,0,GPNV
29/07/2025,14:54:57,43.58656,-71.74177,7068.0,-0.0,SKT-4214,1,0,GPNV
29/07/2025,14:55:04,43.58382,-71.75574,7068.0,-0.0,SKT-4214,1,0,GPNV
29/07/2025,14:55:11,43.58109,-71.7697,7068.0,-0.0,SKT-4214,1,0,GPNV
29/07/2025,14:55:18,43.57831,-71.78366,7065.0,0.0,SKT-4214,1,0,GPNV
29/07/2025,14:55:25,43.57552,-71.79757,7068.0,-0.0,SKT-4214,1,0,GPNV
29/07/2025,14:55:32,43.57274,-71.81147,7068.0,-0.0,SKT-4214,1,0,GPNV
29/07/2025,14:55:40,43.5696,-71.82736,7068.0,-0.0,SKT-4214,1,0,GPNV
29/07/2025,14:55:47,43.56687,-71.84126,7068.0,0.0,SKT-4214,1,0,GPNV
29/07/2025,14:55:54,43.56414,-71.85514,7068.0,-0.0,SKT-4214,1,0,GPNV
29/07/2025,14:56:01,43.56139,-71.86901,7067.0,-0.0,SKT-4214,1,0,GPNV
29/07/2025,14:56:09,43.55822,-71.88487,7066.0,-0.0,SKT-4214,1,0,GPNV
29/07/2025,14:56:16,43.55544,-71.89874,7067.0,-0.0,SKT-4214,1,0,GPNV
29/07/2025,14:56:23,43.55267,-71.91261,7067.0,0.0,SKT-4214,1,0,GPNV
29/07/2025,14:56:31,43.5495,-71.92846,7067.0,0.0,SKT-4214,1,0,GPNV
29/07/2025,14:56:38,43.54673,-71.94233,7067.0,-0.0,SKT-4214,1,0,GPNV
29/07/2025,14:56:45,43.54395,-71.95619,7067.0,-0.0,SKT-4214,1,0,GPNV
29/07/2025,14:56:52,43.54115,-71.97004,7068.0,-0.0,SKT-4214,1,0,GPNV
29/07/2025,14:57:00,43.53794,-71.98589,7068.0,-0.0,SKT-4214,1,0,GPNV
29/07/2025,14:57:07,43.53514,-71.99975,7070.0,-0.0,SKT-4214,1,0,GPNV
29/07/2025,14:57:14,43.53237,-72.01361,7070.0,0.0,SKT-4214,1,0,GPNV
29/07/2025,14:57:21,43.52959,-72.02747,7071.0,-0.0,SKT-4214,1,0,GPNV
29/07/2025,14:57:28,43.52681,-72.04134,7072.0,-0.0,SKT-4214,1,0,GPNV
29/07/2025,14:57:36,43.52361,-72.05719,7071.0,-0.0,SKT-4214,1,0,GPNV
29/07/2025,14:57:43,43.52079,-72.0711,7070.0,-0.0,SKT-4214,1,0,GPNV
29/07/2025,14:57:50,43.51798,-72.08503,7070.0,-0.0,SKT-4214,1,0,GPNV
29/07/2025,14:57:57,43.51516,-72.09896,7071.0,-0.0,SKT-4214,1,0,GPNV
29/07/2025,14:58:04,43.51232,-72.11288,7070.0,-0.0,SKT-4214,1,0,GPNV
29/07/2025,14:58:11,43.50947,-72.12681,7071.0,-0.0,SKT-4214,1,0,GPNV
29/07/2025,14:58:19,43.50624,-72.14272,7071.0,-0.0,SKT-4214,1,0,GPNV
29/07/2025,14:58:26,43.50343,-72.15663,7072.0,0.0,SKT-4214,1,0,GPNV
29/07/2025,14:58:33,43.50063,-72.17051,7072.0,-0.0,SKT-4214,1,0,GPNV
29/07/2025,14:58:40,43.49782,-72.18439,7071.0,0.0,SKT-4214,1,0,GPNV
29/07/2025,14:58:48,43.4946,-72.20025,7071.0,-0.0,SKT-4214,1,0,GPNV
29/07/2025,14:58:55,43.49177,-72.21411,7072.0,-0.0,SKT-4214,1,0,GPNV
29/07/2025,14:59:02,43.48895,-72.22799,7070.0,-0.0,SKT-4214,1,0,GPNV
29/07/2025,14:59:09,43.48611,-72.24186,7070.0,0.0,SKT-4214,1,0,GPNV
29/07/2025,14:59:16,43.48326,-72.25569,7073.0,-0.0,SKT-4214,1,0,GPNV
29/07/2025,14:59:23,43.48042,-72.2695,7074.0,-0.0,SKT-4214,1,0,GPNV
29/07/2025,14:59:30,43.4776,-72.28333,7073.0,-0.0,SKT-4214,1,0,GPNV
29/07/2025,14:59:38,43.47439,-72.29916,7072.0,-0.0,SKT-4214,1,0,GPNV
29/07/2025,14:59:45,43.47159,-72.31304,7070.0,-0.0,SKT-4214,1,0,GPNV
29/07/2025,14:59:52,43.46878,-72.3269,7070.0,0.0,SKT-4214,1,0,GPNV
29/07/2025,14:59:59,43.46595,-72.34071,7072.0,0.0,SKT-4214,1,0,GPNV
29/07/2025,15:00:06,43.46313,-72.35445,7072.0,0.0,SKT-4214,1,0,GPNV
29/07/2025,15:00:14,43.45994,-72.37015,7071.0,-0.0,SKT-4214,1,0,GPNV
29/07/2025,15:00:21,43.45715,-72.3839,7069.0,-0.0,SKT-4214,1,0,GPNV
29/07/2025,15:00:28,43.45437,-72.39765,7069.0,0.0,SKT-4214,1,0,GPNV
29/07/2025,15:00:35,43.45158,-72.4114,7070.0,-0.0,SKT-4214,1,0,GPNV
29/07/2025,15:00:42,43.44875,-72.42512,7072.0,-0.0,SKT-4214,1,0,GPNV
29/07/2025,15:00:49,43.4459,-72.43881,7074.0,-0.0,SKT-4214,1,0,GPNV
29/07/2025,15:00:57,43.44267,-72.45448,7075.0,-0.0,SKT-4214,1,0,GPNV
29/07/2025,15:01:05,43.43944,-72.47018,7075.0,-0.0,SKT-4214,1,0,GPNV
29/07/2025,15:01:12,43.43663,-72.48395,7073.0,0.0,SKT-4214,1,0,GPNV
29/07/2025,15:01:19,43.43384,-72.49768,7074.0,-0.0,SKT-4214,1,0,GPNV
29/07/2025,15:01:27,43.43063,-72.51331,7076.0,-0.0,SKT-4214,1,0,GPNV
29/07/2025,15:01:34,43.42778,-72.52696,7075.0,-0.0,SKT-4214,1,0,GPNV
29/07/2025,15:01:41,43.42491,-72.54062,7073.0,-0.0,SKT-4214,1,0,GPNV
29/07/2025,15:01:48,43.42205,-72.55431,7071.0,-0.0,SKT-4214,1,0,GPNV
29/07/2025,15:01:56,43.41879,-72.56999,7069.0,-0.0,SKT-4214,1,0,GPNV
29/07/2025,15:02:03,43.41595,-72.58373,7067.0,-0.0,SKT-4214,1,0,GPNV
29/07/2025,15:02:10,43.41311,-72.59744,7067.0,0.0,SKT-4214,1,0,GPNV
29/07/2025,15:02:17,43.4103,-72.61111,7070.0,-0.0,SKT-4214,1,0,GPNV
29/07/2025,15:02:24,43.40749,-72.62474,7071.0,-0.0,SKT-4214,1,0,GPNV
29/07/2025,15:02:32,43.40421,-72.64031,7071.0,-0.0,SKT-4214,1,0,GPNV
29/07/2025,15:02:39,43.40135,-72.65395,7071.0,-0.0,SKT-4214,1,0,GPNV
29/07/2025,15:02:46,43.39854,-72.66763,7070.0,-0.0,SKT-4214,1,0,GPNV
29/07/2025,15:02:53,43.39573,-72.68127,7071.0,-0.0,SKT-4214,1,0,GPNV
29/07/2025,15:03:00,43.39288,-72.69485,7071.0,-0.0,SKT-4214,1,0,GPNV
29/07/2025,15:03:08,43.3896,-72.71033,7071.0,0.0,SKT-4214,1,0,GPNV
29/07/2025,15:03:15,43.38679,-72.72386,7070.0,0.0,SKT-4214,1,0,GPNV
29/07/2025,15:03:23,43.38361,-72.73933,7069.0,0.0,SKT-4214,1,0,GPNV
29/07/2025,15:03:30,43.38082,-72.75285,7071.0,-0.0,SKT-4214,1,0,GPNV
29/07/2025,15:03:37,43.37801,-72.76636,7072.0,-0.0,SKT-4214,1,0,GPNV
29/07/2025,15:03:44,43.37521,-72.77986,7072.0,-0.0,SKT-4214,1,0,GPNV
29/07/2025,15:03:51,43.37241,-72.79339,7072.0,0.0,SKT-4214,1,0,GPNV
29/07/2025,15:03:59,43.36921,-72.80886,7071.0,-0.0,SKT-4214,1,0,GPNV
29/07/2025,15:04:06,43.36642,-72.8224,7072.0,-0.0,SKT-4214,1,0,GPNV
29/07/2025,15:04:13,43.36361,-72.83592,7072.0,-0.0,SKT-4214,1,0,GPNV
29/07/2025,15:04:20,43.36081,-72.84943,7073.0,-0.0,SKT-4214,1,0,GPNV
29/07/2025,15:04:27,43.35799,-72.86292,7072.0,-0.0,SKT-4214,1,0,GPNV
29/07/2025,15:04:34,43.35516,-72.87643,7072.0,0.0,SKT-4214,1,0,GPNV
29/07/2025,15:04:42,43.35195,-72.89188,7073.0,-0.0,SKT-4214,1,0,GPNV
29/07/2025,15:04:49,43.34918,-72.9054,7075.0,0.0,SKT-4214,1,0,GPNV
29/07/2025,15:04:56,43.34638,-72.91892,7076.0,-0.0,SKT-4214,1,0,GPNV
29/07/2025,15:05:03,43.34353,-72.93245,7076.0,0.0,SKT-4214,1,0,GPNV
29/07/2025,15:05:10,43.34064,-72.94601,7077.0,0.0,SKT-4214,1,0,GPNV
29/07/2025,15:05:18,43.33733,-72.96152,7078.0,-0.0,SKT-4214,1,0,GPNV
29/07/2025,15:05:25,43.33444,-72.97513,7078.0,0.0,SKT-4214,1,0,GPNV
29/07/2025,15:05:32,43.33158,-72.98875,7078.0,0.0,SKT-4214,1,0,GPNV
29/07/2025,15:05:39,43.32869,-73.00238,7077.0,0.0,SKT-4214,1,0,GPNV
29/07/2025,15:05:46,43.32578,-73.01598,7077.0,-0.0,SKT-4214,1,0,GPNV
29/07/2025,15:05:53,43.32287,-73.02959,7076.0,0.0,SKT-4214,1,0,GPNV
29/07/2025,15:06:01,43.3195,-73.0451,7076.0,-0.0,SKT-4214,1,0,GPNV
29/07/2025,15:06:08,43.31658,-73.05869,7077.0,0.0,SKT-4214,1,0,GPNV
29/07/2025,15:06:15,43.31366,-73.0723,7077.0,0.0,SKT-4214,1,0,GPNV
29/07/2025,15:06:22,43.31075,-73.0859,7077.0,-0.0,SKT-4214,1,0,GPNV
29/07/2025,15:06:30,43.30748,-73.10146,7077.0,0.0,SKT-4214,1,0,GPNV
29/07/2025,15:06:37,43.3046,-73.11507,7079.0,0.0,SKT-4214,1,0,GPNV
29/07/2025,15:06:44,43.3017,-73.12866,7078.0,-0.0,SKT-4214,1,0,GPNV
29/07/2025,15:06:51,43.2988,-73.14228,7079.0,-0.0,SKT-4214,1,0,GPNV
29/07/2025,15:06:58,43.29591,-73.15591,7078.0,-0.0,SKT-4214,1,0,GPNV
29/07/2025,15:07:05,43.29301,-73.16958,7077.0,-0.0,SKT-4214,1,0,GPNV
29/07/2025,15:07:12,43.29012,-73.18326,7076.0,-0.0,SKT-4214,1,0,GPNV
29/07/2025,15:07:20,43.28678,-73.19889,7076.0,-0.0,SKT-4214,1,0,GPNV
29/07/2025,15:07:27,43.28384,-73.21257,7076.0,0.0,SKT-4214,1,0,GPNV
29/07/2025,15:07:34,43.28089,-73.22624,7077.0,0.0,SKT-4214,1,0,GPNV
29/07/2025,15:07:41,43.27795,-73.23993,7077.0,-0.0,SKT-4214,1,0,GPNV
29/07/2025,15:07:48,43.27506,-73.25366,7077.0,0.0,SKT-4214,1,0,GPNV
29/07/2025,15:07:55,43.27217,-73.26743,7077.0,0.0,SKT-4214,1,0,GPNV
29/07/2025,15:08:02,43.26925,-73.28118,7078.0,0.0,SKT-4214,1,0,GPNV
29/07/2025,15:08:09,43.2663,-73.29491,7079.0,0.0,SKT-4214,1,0,GPNV
29/07/2025,15:08:17,43.26292,-73.3106,7078.0,-0.0,SKT-4214,1,0,GPNV
29/07/2025,15:08:24,43.25998,-73.32432,7077.0,-0.0,SKT-4214,1,0,GPNV
29/07/2025,15:08:31,43.25706,-73.33801,7077.0,0.0,SKT-4214,1,0,GPNV
29/07/2025,15:08:38,43.25415,-73.35167,7077.0,-0.0,SKT-4214,1,0,GPNV
29/07/2025,15:11:16,43.15999,-73.62961,7060.0,-0.0,SKT-4214,1,0,GPNV
29/07/2025,15:11:23,43.14973,-73.63482,7025.0,0.0,SKT-4214,1,0,GPNV
29/07/2025,15:11:30,43.13931,-73.63977,6990.0,0.0,SKT-4214,1,0,GPNV
29/07/2025,15:11:38,43.12728,-73.64522,6950.0,0.0,SKT-4214,1,0,GPNV
29/07/2025,15:11:45,43.11665,-73.64979,6914.0,0.0,SKT-4214,1,0,GPNV
29/07/2025,15:11:52,43.10593,-73.65421,6879.0,0.0,SKT-4214,1,0,GPNV
29/07/2025,15:11:59,43.09515,-73.65851,6844.0,0.0,SKT-4214,1,0,GPNV
29/07/2025,15:12:06,43.0843,-73.66277,6808.0,0.0,SKT-4214,1,0,GPNV
29/07/2025,15:12:13,43.07342,-73.66705,6772.0,0.0,SKT-4214,1,0,GPNV
29/07/2025,15:12:20,43.0625,-73.67132,6734.0,0.0,SKT-4214,1,0,GPNV
29/07/2025,15:12:28,43.04997,-73.67622,6692.0,0.0,SKT-4214,1,0,GPNV
29/07/2025,15:12:35,43.03899,-73.68051,6656.0,0.0,SKT-4214,1,0,GPNV
29/07/2025,15:12:42,43.02798,-73.68484,6619.0,0.0,SKT-4214,1,0,GPNV
29/07/2025,15:12:49,43.01693,-73.68919,6583.0,0.0,SKT-4214,1,0,GPNV
29/07/2025,15:12:56,43.00585,-73.69359,6547.0,0.0,SKT-4214,1,0,GPNV
29/07/2025,15:13:03,42.99474,-73.69804,6511.0,-0.0,SKT-4214,1,0,GPNV
29/07/2025,15:13:10,42.98364,-73.70258,6473.0,-0.0,SKT-4214,1,0,GPNV
29/07/2025,15:13:17,42.97256,-73.70721,6436.0,0.0,SKT-4214,1,0,GPNV
29/07/2025,15:13:24,42.96151,-73.71187,6399.0,0.0,SKT-4214,1,0,GPNV
29/07/2025,15:13:32,42.94891,-73.71725,6358.0,0.0,SKT-4214,1,0,GPNV
29/07/2025,15:13:39,42.93789,-73.72197,6322.0,0.0,SKT-4214,1,0,GPNV
29/07/2025,15:13:46,42.92687,-73.7267,6284.0,0.0,SKT-4214,1,0,GPNV
29/07/2025,15:13:53,42.91585,-73.73142,6247.0,0.0,SKT-4214,1,0,GPNV
29/07/2025,15:14:00,42.90482,-73.73611,6209.0,0.0,SKT-4214,1,0,GPNV
29/07/2025,15:14:07,42.89378,-73.74081,6171.0,0.0,SKT-4214,1,0,GPNV
29/07/2025,15:14:14,42.88275,-73.74554,6134.0,0.0,SKT-4214,1,0,GPNV
29/07/2025,15:14:21,42.87174,-73.7503,6096.0,0.0,SKT-4214,1,0,GPNV
29/07/2025,15:14:28,42.86074,-73.75507,6059.0,-0.0,SKT-4214,1,0,GPNV
29/07/2025,15:14:35,42.84975,-73.75983,6022.0,0.0,SKT-4214,1,0,GPNV
29/07/2025,15:14:42,42.83873,-73.76453,5984.0,0.0,SKT-4214,1,0,GPNV
29/07/2025,15:14:49,42.82772,-73.76921,5947.0,0.0,SKT-4214,1,0,GPNV
29/07/2025,15:14:56,42.81671,-73.77387,5911.0,0.0,SKT-4214,1,0,GPNV
29/07/2025,18:21:19,44.78669,-64.7242,7065.0,-0.0,SKT-4214,1,0,GPNV
29/07/2025,18:21:26,44.78934,-64.70759,6995.0,-0.0,SKT-4214,1,0,GPNV
29/07/2025,18:21:33,44.79195,-64.69093,6929.0,0.0,SKT-4214,1,0,GPNV
29/07/2025,18:21:41,44.79488,-64.67187,6852.0,0.0,SKT-4214,1,0,GPNV
29/07/2025,18:21:48,44.79742,-64.65513,6780.0,-0.0,SKT-4214,1,0,GPNV
29/07/2025,18:21:55,44.79994,-64.63836,6711.0,-0.0,SKT-4214,1,0,GPNV
29/07/2025,18:22:02,44.80246,-64.62155,6642.0,-0.0,SKT-4214,1,0,GPNV
29/07/2025,18:22:11,44.80569,-64.59991,6554.0,0.0,SKT-4214,1,0,GPNV
29/07/2025,18:22:20,44.80891,-64.57825,6466.0,-0.0,SKT-4214,1,0,GPNV
29/07/2025,18:22:27,44.81142,-64.5614,6396.0,-0.0,SKT-4214,1,0,GPNV
29/07/2025,18:22:34,44.81393,-64.54454,6326.0,-0.0,SKT-4214,1,0,GPNV
29/07/2025,18:22:41,44.81644,-64.52768,6259.0,-0.0,SKT-4214,1,0,GPNV
29/07/2025,18:22:49,44.8193,-64.50843,6178.0,-0.0,SKT-4214,1,0,GPNV
29/07/2025,18:22:56,44.82174,-64.49159,6100.0,0.0,SKT-4214,1,0,GPNV
29/07/2025,18:23:03,44.82414,-64.47478,6033.0,-0.0,SKT-4214,1,0,GPNV
29/07/2025,18:23:10,44.82655,-64.45802,5970.0,0.0,SKT-4214,1,0,GPNV
29/07/2025,18:23:17,44.82899,-64.44134,5898.0,-0.0,SKT-4214,1,0,GPNV
29/07/2025,18:23:24,44.83144,-64.42466,5826.0,-0.0,SKT-4214,1,0,GPNV
29/07/2025,18:23:31,44.83388,-64.40798,5758.0,-0.0,SKT-4214,1,0,GPNV
29/07/2025,18:23:38,44.83633,-64.39132,5691.0,-0.0,SKT-4214,1,0,GPNV
29/07/2025,18:23:45,44.83879,-64.37467,5624.0,-0.0,SKT-4214,1,0,GPNV
29/07/2025,18:23:53,44.8416,-64.35566,5546.0,-0.0,SKT-4214,1,0,GPNV
29/07/2025,18:24:01,44.84442,-64.33666,5470.0,-0.0,SKT-4214,1,0,GPNV
29/07/2025,18:24:08,44.84691,-64.32005,5399.0,-0.0,SKT-4214,1,0,GPNV
29/07/2025,18:24:15,44.84941,-64.30344,5330.0,-0.0,SKT-4214,1,0,GPNV
29/07/2025,18:24:23,44.85251,-64.28461,5245.0,0.0,SKT-4214,1,0,GPNV
29/07/2025,18:24:30,44.85582,-64.26849,5173.0,0.0,SKT-4214,1,0,GPNV
29/07/2025,18:24:37,44.8596,-64.25272,5103.0,0.0,SKT-4214,1,0,GPNV
29/07/2025,18:24:44,44.86368,-64.23723,5032.0,0.0,SKT-4214,1,0,GPNV
29/07/2025,18:24:52,44.8686,-64.21977,4954.0,0.0,SKT-4214,1,0,GPNV
29/07/2025,18:24:59,44.87297,-64.20465,4885.0,0.0,SKT-4214,1,0,GPNV
29/07/2025,18:25:06,44.87734,-64.18961,4814.0,0.0,SKT-4214,1,0,GPNV
29/07/2025,18:25:13,44.88168,-64.17463,4747.0,0.0,SKT-4214,1,0,GPNV
29/07/2025,18:25:21,44.88663,-64.15762,4673.0,0.0,SKT-4214,1,0,GPNV
29/07/2025,18:25:28,44.8909,-64.14278,4605.0,0.0,SKT-4214,1,0,GPNV
29/07/2025,18:25:35,44.8951,-64.12795,4537.0,-0.0,SKT-4214,1,0,GPNV
29/07/2025,18:25:42,44.89924,-64.11316,4474.0,-0.0,SKT-4214,1,0,GPNV
29/07/2025,18:25:49,44.90335,-64.0984,4406.0,0.0,SKT-4214,1,0,GPNV
29/07/2025,18:25:56,44.90746,-64.08365,4336.0,0.0,SKT-4214,1,0,GPNV
29/07/2025,18:26:03,44.91152,-64.06892,4271.0,0.0,SKT-4214,1,0,GPNV
29/07/2025,18:26:10,44.91557,-64.05424,4208.0,0.0,SKT-4214,1,0,GPNV
29/07/2025,18:26:17,44.9196,-64.03961,4144.0,0.0,SKT-4214,1,0,GPNV
29/07/2025,18:26:24,44.9236,-64.02499,4074.0,0.0,SKT-4214,1,0,GPNV
29/07/2025,18:26:31,44.9276,-64.0104,4008.0,0.0,SKT-4214,1,0,GPNV
29/07/2025,18:26:38,44.93159,-63.99583,3946.0,0.0,SKT-4214,1,0,GPNV
29/07/2025,18:26:45,44.93555,-63.98129,3879.0,-0.0,SKT-4214,1,0,GPNV
29/07/2025,18:26:52,44.93951,-63.96676,3813.0,0.0,SKT-4214,1,0,GPNV
29/07/2025,18:27:00,44.94398,-63.95016,3739.0,-0.0,SKT-4214,1,0,GPNV
29/07/2025,18:27:07,44.94786,-63.93567,3677.0,0.0,SKT-4214,1,0,GPNV
29/07/2025,18:27:14,44.95174,-63.92119,3611.0,0.0,SKT-4214,1,0,GPNV
29/07/2025,18:27:21,44.95562,-63.90675,3546.0,0.0,SKT-4214,1,0,GPNV
29/07/2025,18:27:28,44.95949,-63.89235,3483.0,0.0,SKT-4214,1,0,GPNV
29/07/2025,18:27:35,44.96335,-63.87796,3418.0,-0.0,SKT-4214,1,0,GPNV
29/07/2025,18:27:42,44.96719,-63.86362,3353.0,-0.0,SKT-4214,1,0,GPNV
29/07/2025,18:27:50,44.9715,-63.84748,3279.0,0.0,SKT-4214,1,0,GPNV
29/07/2025,18:27:57,44.97536,-63.83369,3216.0,0.0,SKT-4214,1,0,GPNV
29/07/2025,18:28:04,44.97923,-63.82016,3154.0,-0.0,SKT-4214,1,0,GPNV
29/07/2025,18:28:11,44.98301,-63.80684,3093.0,-0.0,SKT-4214,1,0,GPNV
29/07/2025,18:28:18,44.98665,-63.7937,3035.0,0.0,SKT-4214,1,0,GPNV
29/07/2025,18:28:25,44.99015,-63.78072,2979.0,0.0,SKT-4214,1,0,GPNV
29/07/2025,18:28:32,44.99354,-63.76792,2923.0,0.0,SKT-4214,1,0,GPNV
29/07/2025,18:28:40,44.99734,-63.7535,2861.0,-0.0,SKT-4214,1,0,GPNV
29/07/2025,18:28:47,45.00058,-63.74104,2806.0,0.0,SKT-4214,1,0,GPNV
29/07/2025,18:28:54,45.00372,-63.72871,2747.0,0.0,SKT-4214,1,0,GPNV
29/07/2025,18:29:01,45.00681,-63.71652,2698.0,0.0,SKT-4214,1,0,GPNV
29/07/2025,18:29:08,45.00987,-63.70451,2651.0,0.0,SKT-4214,1,0,GPNV
29/07/2025,18:29:15,45.01292,-63.69267,2597.0,-0.0,SKT-4214,1,0,GPNV
29/07/2025,18:29:22,45.01595,-63.68094,2542.0,0.0,SKT-4214,1,0,GPNV
29/07/2025,18:29:29,45.01896,-63.66933,2490.0,0.0,SKT-4214,1,0,GPNV
29/07/2025,18:29:36,45.02192,-63.65784,2441.0,0.0,SKT-4214,1,0,GPNV
29/07/2025,18:29:43,45.02482,-63.64647,2391.0,0.0,SKT-4214,1,0,GPNV
29/07/2025,18:29:50,45.02771,-63.63522,2341.0,0.0,SKT-4214,1,0,GPNV
29/07/2025,18:29:57,45.03058,-63.62411,2291.0,0.0,SKT-4214,1,0,GPNV
29/07/2025,18:30:04,45.03342,-63.61313,2243.0,0.0,SKT-4214,1,0,GPNV
29/07/2025,18:30:12,45.03662,-63.60075,2188.0,0.0,SKT-4214,1,0,GPNV
29/07/2025,18:30:19,45.03955,-63.58993,2148.0,-0.0,SKT-4214,1,0,GPNV
29/07/2025,18:30:26,45.0427,-63.57906,2095.0,-0.0,SKT-4214,1,0,GPNV
29/07/2025,18:30:33,45.04587,-63.56813,2041.0,-0.0,SKT-4214,1,0,GPNV
29/07/2025,18:30:40,45.04894,-63.55717,1994.0,-0.0,SKT-4214,1,0,GPNV
29/07/2025,18:30:47,45.05191,-63.54622,1946.0,-0.0,SKT-4214,1,0,GPNV
29/07/2025,18:30:54,45.05477,-63.53524,1895.0,0.0,SKT-4214,1,0,GPNV
29/07/2025,18:31:01,45.05758,-63.52422,1842.0,0.0,SKT-4214,1,0,GPNV
29/07/2025,18:31:08,45.06037,-63.51322,1792.0,-0.0,SKT-4214,1,0,GPNV
29/07/2025,18:31:15,45.06318,-63.50234,1749.0,0.0,SKT-4214,1,0,GPNV
29/07/2025,18:31:22,45.06593,-63.49153,1701.0,-0.0,SKT-4214,1,0,GPNV
29/07/2025,18:31:29,45.06786,-63.4804,1641.0,-0.0,SKT-4214,1,0,GPNV
29/07/2025,18:31:36,45.06794,-63.46893,1586.0,-0.0,SKT-4214,1,0,GPNV
29/07/2025,18:31:43,45.06618,-63.4578,1540.0,-0.0,SKT-4214,1,0,GPNV
29/07/2025,18:31:51,45.06266,-63.4458,1479.0,0.0,SKT-4214,1,0,GPNV
29/07/2025,18:31:58,45.05881,-63.436,1426.0,0.0,SKT-4214,1,0,GPNV
29/07/2025,18:32:05,45.0546,-63.42675,1384.0,-0.0,SKT-4214,1,0,GPNV
29/07/2025,18:32:12,45.05022,-63.41793,1342.0,0.0,SKT-4214,1,0,GPNV
29/07/2025,18:32:19,45.04576,-63.40937,1296.0,0.0,SKT-4214,1,0,GPNV
29/07/2025,18:32:26,45.04109,-63.40118,1242.0,-0.0,SKT-4214,1,0,GPNV
29/07/2025,18:32:33,45.03553,-63.39454,1192.0,0.0,SKT-4214,1,0,GPNV
29/07/2025,18:32:40,45.02906,-63.39059,1149.0,0.0,SKT-4214,1,0,GPNV
29/07/2025,18:32:47,45.02225,-63.3894,1108.0,0.0,SKT-4214,1,0,GPNV
29/07/2025,18:32:54,45.01556,-63.39004,1064.0,0.0,SKT-4214,1,0,GPNV
29/07/2025,18:33:01,45.00916,-63.39211,1021.0,0.0,SKT-4214,1,0,GPNV
29/07/2025,18:33:08,45.00313,-63.39539,979.0,0.0,SKT-4214,1,0,GPNV
29/07/2025,18:33:15,44.99748,-63.39949,939.0,0.0,SKT-4214,1,0,GPNV
29/07/2025,18:33:22,44.9921,-63.40392,901.0,0.0,SKT-4214,1,0,GPNV
29/07/2025,18:33:30,44.98615,-63.40908,862.0,-0.0,SKT-4214,1,0,GPNV
29/07/2025,18:33:37,44.98106,-63.4136,829.0,0.0,SKT-4214,1,0,GPNV
29/07/2025,18:33:44,44.97606,-63.41824,794.0,0.0,SKT-4214,1,0,GPNV
29/07/2025,18:33:51,44.97111,-63.42305,756.0,-0.0,SKT-4214,1,0,GPNV
29/07/2025,18:33:58,44.96617,-63.42796,709.0,-0.0,SKT-4214,1,0,GPNV
29/07/2025,18:34:05,44.96121,-63.43286,669.0,-0.0,SKT-4214,1,0,GPNV
29/07/2025,18:34:12,44.95624,-63.43773,633.0,0.0,SKT-4214,1,0,GPNV
29/07/2025,18:34:19,44.95134,-63.4425,601.0,0.0,SKT-4214,1,0,GPNV
29/07/2025,18:34:26,44.94657,-63.44721,559.0,-0.0,SKT-4214,1,0,GPNV
29/07/2025,18:34:33,44.94194,-63.45181,514.0,-0.0,SKT-4214,1,0,GPNV
29/07/2025,18:34:40,44.93748,-63.45628,479.0,0.0,SKT-4214,1,0,GPNV
29/07/2025,18:34:47,44.93326,-63.46053,450.0,-0.0,SKT-4214,1,0,GPNV
29/07/2025,18:34:54,44.9293,-63.46447,427.0,-0.0,SKT-4214,1,0,GPNV
29/07/2025,18:35:02,44.92508,-63.4685,400.0,0.0,SKT-4214,1,0,GPNV
29/07/2025,18:35:09,44.92166,-63.47174,375.0,-0.0,SKT-4214,1,0,GPNV
29/07/2025,18:35:16,44.91843,-63.47493,348.0,-0.0,SKT-4214,1,0,GPNV
29/07/2025,18:35:23,44.91534,-63.47804,327.0,-0.0,SKT-4214,1,0,GPNV
29/07/2025,18:35:30,44.91228,-63.48101,305.0,-0.0,SKT-4214,1,0,GPNV
29/07/2025,18:35:37,44.90924,-63.48391,283.0,-0.0,SKT-4214,1,0,GPNV
29/07/2025,18:35:44,44.90621,-63.48679,263.0,-0.0,SKT-4214,1,1,GPNV
29/07/2025,18:35:52,44.90272,-63.49015,240.0,-0.0,SKT-4214,1,1,GPNV
29/07/2025,18:36:00,44.89923,-63.49378,212.0,-0.0,SKT-4214,1,0,GPNV
29/07/2025,18:36:08,44.89569,-63.49752,185.0,0.0,SKT-4214,1,0,GPNV
29/07/2025,18:36:16,44.89215,-63.50109,163.0,-0.0,SKT-4214,1,0,GPNV
29/07/2025,18:36:23,44.88903,-63.50412,141.0,-0.0,SKT-4214,1,1,GPNV
29/07/2025,18:36:31,44.88552,-63.50762,123.0,0.0,SKT-4214,1,1,GPNV
29/07/2025,18:36:38,44.88249,-63.51061,122.0,-0.0,SKT-4214,1,1,GPNV
29/07/2025,18:36:45,44.87982,-63.51326,122.0,-0.0,SKT-4214,1,1,GPNV
29/07/2025,18:36:52,44.87779,-63.51525,124.0,-0.0,SKT-4214,1,1,GPNV
29/07/2025,18:36:59,44.87638,-63.51664,125.0,-0.0,SKT-4214,1,1,GPNV
29/07/2025,18:37:07,44.87529,-63.51773,126.0,0.0,SKT-4214,1,1,GPNV
29/07/2025,18:37:14,44.87474,-63.51852,126.0,0.0,SKT-4214,1,1,GPNV
29/07/2025,18:37:21,44.87449,-63.51936,125.0,-0.0,SKT-4214,1,1,GPNV
29/07/2025,18:37:28,44.87443,-63.52007,124.0,0.0,SKT-4214,1,1,GPNV
29/07/2025,18:37:35,44.87453,-63.52055,124.0,0.0,SKT-4214,1,1,GPNV
29/07/2025,18:41:17,44.88961,-63.51439,117.0,-0.1,SKT-4214,1,1,GPNV
29/07/2025,18:41:25,44.88945,-63.51467,117.0,0.0,SKT-4214,1,0,GPNV
29/07/2025,18:41:33,44.88923,-63.51488,117.0,0.0,SKT-4214,1,0,GPNV
29/07/2025,18:41:42,44.88904,-63.51505,118.0,-0.0,SKT-4214,1,0,GPNV
29/07/2025,18:41:49,44.88897,-63.51506,118.0,-0.0,SKT-4214,1,1,GPNV
29/07/2025,18:41:56,44.88894,-63.51507,118.0,-0.0,SKT-4214,1,1,GPNV
29/07/2025,18:42:03,44.88893,-63.51507,118.0,-0.0,SKT-4214,1,1,GPNV
29/07/2025,18:42:10,44.88892,-63.51507,119.0,-0.0,SKT-4214,1,1,GPNV
29/07/2025,18:42:17,44.88893,-63.51508,119.0,-0.0,SKT-4214,1,1,GPNV
29/07/2025,18:42:24,44.88893,-63.51508,118.0,-0.0,SKT-4214,1,1,GPNV
29/07/2025,18:42:32,44.88893,-63.51508,118.0,-0.0,SKT-4214,1,1,GPNV
29/07/2025,18:42:39,44.88893,-63.51508,119.0,-0.0,SKT-4214,1,1,GPNV
29/07/2025,18:42:46,44.88893,-63.51508,119.0,,SKT-4214,1,1,GPNV
29/07/2025,18:42:53,44.88892,-63.51508,120.0,,SKT-4214,1,1,GPNV
29/07/2025,18:43:00,44.88892,-63.51508,120.0,,SKT-4214,1,1,GPNV
29/07/2025,18:43:07,44.88892,-63.51508,119.0,,SKT-4214,1,1,GPNV
29/07/2025,18:43:14,44.88892,-63.51508,120.0,,SKT-4214,1,1,GPNV
29/07/2025,18:43:22,44.88893,-63.51507,120.0,,SKT-4214,1,1,GPNV
29/07/2025,18:43:29,44.88893,-63.51507,121.0,,SKT-4214,1,1,GPNV
29/07/2025,18:43:36,44.88893,-63.51507,120.0,,SKT-4214,1,1,GPNV
29/07/2025,18:43:43,44.88894,-63.51506,120.0,,SKT-4214,1,1,GPNV
29/07/2025,18:43:51,44.88894,-63.51506,121.0,,SKT-4214,1,1,GPNV
29/07/2025,18:43:58,44.88894,-63.51506,121.0,,SKT-4214,1,1,GPNV
29/07/2025,18:44:05,44.88893,-63.51506,120.0,,SKT-4214,1,1,GPNV
29/07/2025,18:44:12,44.88893,-63.51506,120.0,,SKT-4214,1,1,GPNV
29/07/2025,18:44:19,44.88894,-63.51506,119.0,,SKT-4214,1,1,GPNV
29/07/2025,18:44:26,44.88894,-63.51506,118.0,,SKT-4214,1,1,GPNV
29/07/2025,18:44:33,44.88894,-63.51506,117.0,,SKT-4214,1,1,GPNV
29/07/2025,18:44:40,44.88894,-63.51506,117.0,,SKT-4214,1,1,GPNV
29/07/2025,18:44:48,44.88894,-63.51506,118.0,,SKT-4214,1,1,GPNV
29/07/2025,18:44:55,44.88894,-63.51506,118.0,,SKT-4214,1,1,GPNV
29/07/2025,18:45:02,44.88894,-63.51506,119.0,,SKT-4214,1,1,GPNV
29/07/2025,18:45:09,44.88894,-63.51506,119.0,,SKT-4214,1,1,GPNV
29/07/2025,18:45:16,44.88894,-63.51506,119.0,,SKT-4214,1,1,GPNV
29/07/2025,18:45:24,44.88894,-63.51506,119.0,,SKT-4214,1,1,GPNV
29/07/2025,18:45:31,44.88893,-63.51505,119.0,,SKT-4214,1,1,GPNV
29/07/2025,18:45:38,44.88892,-63.51506,118.0,,SKT-4214,1,1,GPNV
29/07/2025,18:57:31,44.88892,-63.51508,118.0,,SKT-4214,1,1,GPNV
29/07/2025,18:57:38,44.88892,-63.51508,117.0,,SKT-4214,1,1,GPNV
29/07/2025,18:57:46,44.88892,-63.51508,117.0,,SKT-4214,1,1,GPNV
29/07/2025,18:58:56,44.88891,-63.51507,122.0,,SKT-4214,1,1,GPNV
29/07/2025,18:59:04,44.88891,-63.51507,123.0,,SKT-4214,1,0,GPNV
29/07/2025,18:59:12,44.88891,-63.51508,125.0,,SKT-4214,1,1,GPNV
29/07/2025,18:59:21,44.88891,-63.51508,127.0,,SKT-4214,1,1,GPNV
29/07/2025,18:59:28,44.88891,-63.51508,127.0,,SKT-4214,1,1,GPNV
29/07/2025,18:59:36,44.88891,-63.51509,127.0,,SKT-4214,1,1,GPNV
29/07/2025,18:59:43,44.8889,-63.51509,126.0,,SKT-4214,1,1,GPNV
29/07/2025,18:59:50,44.8889,-63.51509,125.0,,SKT-4214,1,1,GPNV
29/07/2025,18:59:57,44.88891,-63.51509,124.0,,SKT-4214,1,1,GPNV
29/07/2025,19:00:11,44.88892,-63.51509,122.0,,SKT-4214,1,1,GPNV
29/07/2025,19:00:19,44.88892,-63.51509,121.0,,SKT-4214,1,1,GPNV
29/07/2025,19:00:26,44.88892,-63.51509,120.0,,SKT-4214,1,1,GPNV
29/07/2025,19:00:33,44.88892,-63.51509,120.0,,SKT-4214,1,1,GPNV
29/07/2025,19:00:41,44.88891,-63.51509,119.0,,SKT-4214,1,1,GPNV
29/07/2025,19:00:48,44.8889,-63.51509,120.0,,SKT-4214,1,1,GPNV
29/07/2025,19:00:55,44.8889,-63.51509,119.0,,SKT-4214,1,1,GPNV
29/07/2025,19:01:02,44.8889,-63.51509,118.0,,SKT-4214,1,1,GPNV
29/07/2025,19:01:09,44.8889,-63.51509,119.0,,SKT-4214,1,1,GPNV
29/07/2025,19:01:16,44.8889,-63.51508,120.0,,SKT-4214,1,1,GPNV
29/07/2025,19:01:24,44.8889,-63.51508,122.0,,SKT-4214,1,1,GPNV
29/07/2025,19:01:31,44.88891,-63.51508,121.0,,SKT-4214,1,1,GPNV
29/07/2025,19:01:38,44.88891,-63.51507,119.0,,SKT-4214,1,1,GPNV
29/07/2025,19:01:45,44.88892,-63.51507,118.0,,SKT-4214,1,1,GPNV
29/07/2025,19:01:52,44.88892,-63.51506,118.0,,SKT-4214,1,1,GPNV
29/07/2025,19:01:59,44.88892,-63.51506,117.0,,SKT-4214,1,1,GPNV
29/07/2025,19:02:07,44.88892,-63.51506,117.0,,SKT-4214,1,1,GPNV
29/07/2025,19:02:14,44.88893,-63.51506,118.0,,SKT-4214,1,1,GPNV
29/07/2025,19:02:21,44.88893,-63.51506,119.0,,SKT-4214,1,1,GPNV
29/07/2025,19:02:28,44.88893,-63.51506,119.0,,SKT-4214,1,1,GPNV
29/07/2025,19:02:36,44.88893,-63.51506,119.0,,SKT-4214,1,1,GPNV
29/07/2025,19:02:43,44.88893,-63.51506,119.0,,SKT-4214,1,1,GPNV
29/07/2025,19:02:50,44.88892,-63.51506,119.0,,SKT-4214,1,1,GPNV
29/07/2025,19:02:57,44.88892,-63.51506,119.0,,SKT-4214,1,1,GPNV
29/07/2025,19:03:04,44.88892,-63.51506,119.0,,SKT-4214,1,1,GPNV
29/07/2025,19:03:12,44.88892,-63.51506,120.0,,SKT-4214,1,1,GPNV
29/07/2025,19:03:19,44.88892,-63.51507,121.0,,SKT-4214,1,1,GPNV
29/07/2025,19:03:26,44.88892,-63.51507,123.0,,SKT-4214,1,1,GPNV
29/07/2025,19:03:33,44.88892,-63.51508,124.0,,SKT-4214,1,1,GPNV
29/07/2025,19:03:41,44.88892,-63.51508,124.0,,SKT-4214,1,1,GPNV
29/07/2025,19:03:48,44.88892,-63.51507,124.0,,SKT-4214,1,1,GPNV
29/07/2025,19:03:55,44.88892,-63.51507,124.0,,SKT-4214,1,1,GPNV
29/07/2025,19:04:02,44.88892,-63.51507,125.0,,SKT-4214,1,1,GPNV
29/07/2025,19:04:10,44.88892,-63.51507,125.0,,SKT-4214,1,1,GPNV
29/07/2025,19:04:17,44.88892,-63.51507,126.0,,SKT-4214,1,1,GPNV
29/07/2025,19:04:24,44.88892,-63.51507,126.0,,SKT-4214,1,1,GPNV
29/07/2025,19:04:31,44.88892,-63.51507,126.0,,SKT-4214,1,1,GPNV
29/07/2025,19:04:38,44.88892,-63.51507,126.0,,SKT-4214,1,1,GPNV
29/07/2025,19:04:46,44.88892,-63.51507,126.0,,SKT-4214,1,1,GPNV
29/07/2025,19:04:53,44.88891,-63.51507,125.0,,SKT-4214,1,1,GPNV
29/07/2025,19:05:00,44.88891,-63.51508,124.0,,SKT-4214,1,1,GPNV
29/07/2025,19:05:07,44.88891,-63.51508,124.0,,SKT-4214,1,1,GPNV
29/07/2025,19:05:15,44.88891,-63.51508,124.0,,SKT-4214,1,1,GPNV
29/07/2025,19:05:22,44.88891,-63.51508,123.0,,SKT-4214,1,1,GPNV
29/07/2025,19:05:29,44.88892,-63.51508,123.0,,SKT-4214,1,1,GPNV
29/07/2025,19:05:36,44.88892,-63.51508,122.0,,SKT-4214,1,1,GPNV
29/07/2025,19:05:43,44.88892,-63.51508,122.0,,SKT-4214,1,1,GPNV
29/07/2025,19:05:51,44.88892,-63.51509,124.0,,SKT-4214,1,1,GPNV
29/07/2025,19:05:58,44.88892,-63.51509,124.0,,SKT-4214,1,1,GPNV
29/07/2025,19:06:05,44.88892,-63.51509,123.0,,SKT-4214,1,1,GPNV
29/07/2025,19:06:12,44.88892,-63.51509,122.0,,SKT-4214,1,1,GPNV
29/07/2025,19:06:20,44.88892,-63.51509,121.0,,SKT-4214,1,1,GPNV
29/07/2025,19:06:27,44.88893,-63.51509,120.0,,SKT-4214,1,1,GPNV
29/07/2025,19:06:34,44.88893,-63.51509,120.0,,SKT-4214,1,1,GPNV
29/07/2025,19:06:41,44.88893,-63.51509,120.0,,SKT-4214,1,1,GPNV
29/07/2025,19:06:48,44.88893,-63.51509,120.0,,SKT-4214,1,1,GPNV
29/07/2025,19:06:56,44.88893,-63.51509,120.0,,SKT-4214,1,1,GPNV
29/07/2025,19:07:03,44.88893,-63.51509,120.0,,SKT-4214,1,1,GPNV
29/07/2025,19:07:10,44.88893,-63.51508,120.0,,SKT-4214,1,1,GPNV
29/07/2025,19:07:17,44.88893,-63.51509,120.0,,SKT-4214,1,1,GPNV
29/07/2025,19:07:24,44.88893,-63.51509,120.0,,SKT-4214,1,1,GPNV
29/07/2025,19:07:32,44.88893,-63.51509,120.0,,SKT-4214,1,1,GPNV
29/07/2025,19:07:39,44.88892,-63.51509,120.0,,SKT-4214,1,1,GPNV
29/07/2025,19:07:46,44.88892,-63.51509,120.0,,SKT-4214,1,1,GPNV
29/07/2025,19:07:53,44.88893,-63.51509,120.0,,SKT-4214,1,1,GPNV
29/07/2025,19:08:00,44.88893,-63.51509,119.0,,SKT-4214,1,1,GPNV
29/07/2025,19:08:08,44.88893,-63.51509,119.0,,SKT-4214,1,1,GPNV
29/07/2025,19:08:15,44.88893,-63.51509,119.0,,SKT-4214,1,1,GPNV
29/07/2025,19:08:22,44.88893,-63.51509,118.0,-0.0,SKT-4214,1,1,GPNV
29/07/2025,19:08:29,44.88893,-63.51509,117.0,-0.0,SKT-4214,1,1,GPNV
29/07/2025,19:08:36,44.88894,-63.51509,118.0,-0.0,SKT-4214,1,1,GPNV
29/07/2025,19:08:44,44.88893,-63.51509,118.0,-0.0,SKT-4214,1,1,GPNV
29/07/2025,19:08:51,44.88893,-63.51508,118.0,-0.0,SKT-4214,1,1,GPNV
29/07/2025,19:08:58,44.88893,-63.51508,118.0,-0.0,SKT-4214,1,1,GPNV
29/07/2025,19:09:05,44.88893,-63.51507,117.0,-0.0,SKT-4214,1,1,GPNV
29/07/2025,19:09:12,44.88893,-63.51507,116.0,-0.0,SKT-4214,1,1,GPNV
29/07/2025,19:09:20,44.88893,-63.51506,115.0,-0.0,SKT-4214,1,1,GPNV
29/07/2025,19:09:27,44.88893,-63.51506,115.0,-0.0,SKT-4214,1,1,GPNV
29/07/2025,19:09:34,44.88893,-63.51506,115.0,-0.0,SKT-4214,1,1,GPNV
29/07/2025,19:09:41,44.88893,-63.51507,114.0,-0.0,SKT-4214,1,1,GPNV
29/07/2025,19:09:48,44.88895,-63.51507,114.0,-0.0,SKT-4214,1,1,GPNV
29/07/2025,19:09:56,44.88906,-63.51505,115.0,-0.0,SKT-4214,1,1,GPNV
29/07/2025,19:10:03,44.88915,-63.51502,116.0,-0.0,SKT-4214,1,1,GPNV
29/07/2025,19:10:10,44.88925,-63.51498,116.0,-0.0,SKT-4214,1,1,GPNV
29/07/2025,19:10:17,44.88934,-63.51493,117.0,0.0,SKT-4214,1,1,GPNV
29/07/2025,19:10:25,44.88946,-63.51487,117.0,-0.0,SKT-4214,1,1,GPNV
29/07/2025,19:10:32,44.88955,-63.51484,117.0,0.0,SKT-4214,1,1,GPNV
29/07/2025,19:10:39,44.88964,-63.51481,117.0,0.0,SKT-4214,1,1,GPNV
29/07/2025,19:10:46,44.88974,-63.51481,117.0,0.0,SKT-4214,1,1,GPNV
29/07/2025,19:10:53,44.88982,-63.51483,117.0,0.0,SKT-4214,1,1,GPNV
29/07/2025,19:11:01,44.8899,-63.51487,117.0,0.0,SKT-4214,1,1,GPNV
29/07/2025,19:11:08,44.88994,-63.5149,117.0,0.0,SKT-4214,1,1,GPNV
29/07/2025,19:11:15,44.88997,-63.51496,117.0,-0.0,SKT-4214,1,1,GPNV
29/07/2025,19:11:22,44.89,-63.51501,117.0,0.0,SKT-4214,1,1,GPNV
29/07/2025,19:11:30,44.89002,-63.51506,117.0,0.0,SKT-4214,1,1,GPNV
29/07/2025,19:11:37,44.89002,-63.51506,116.0,0.0,SKT-4214,1,1,GPNV
29/07/2025,19:11:44,44.89002,-63.51506,116.0,0.0,SKT-4214,1,1,GPNV
29/07/2025,19:11:51,44.89002,-63.51506,116.0,-0.0,SKT-4214,1,1,GPNV
29/07/2025,19:11:58,44.89002,-63.51506,116.0,0.0,SKT-4214,1,1,GPNV
29/07/2025,19:12:05,44.89002,-63.51506,116.0,0.0,SKT-4214,1,1,GPNV
29/07/2025,19:12:13,44.89002,-63.51505,116.0,-0.0,SKT-4214,1,1,GPNV
29/07/2025,19:12:20,44.89002,-63.51505,116.0,0.0,SKT-4214,1,1,GPNV
29/07/2025,19:12:27,44.89002,-63.51505,116.0,0.0,SKT-4214,1,1,GPNV
29/07/2025,19:12:34,44.89002,-63.51505,116.0,0.0,SKT-4214,1,1,GPNV
29/07/2025,19:12:41,44.89002,-63.51505,116.0,0.0,SKT-4214,1,1,GPNV
29/07/2025,19:12:49,44.89002,-63.51505,117.0,0.0,SKT-4214,1,1,GPNV
29/07/2025,19:12:56,44.89002,-63.51505,117.0,0.0,SKT-4214,1,1,GPNV
29/07/2025,19:13:03,44.89002,-63.51505,117.0,-0.0,SKT-4214,1,1,GPNV
29/07/2025,19:13:11,44.89002,-63.51505,117.0,0.0,SKT-4214,1,1,GPNV
29/07/2025,19:13:18,44.89002,-63.51505,118.0,0.0,SKT-4214,1,1,GPNV
29/07/2025,19:13:25,44.89002,-63.51505,118.0,-0.0,SKT-4214,1,1,GPNV
29/07/2025,19:13:32,44.89002,-63.51505,118.0,0.0,SKT-4214,1,1,GPNV
29/07/2025,19:13:39,44.89002,-63.51505,118.0,0.0,SKT-4214,1,1,GPNV
29/07/2025,19:13:46,44.89002,-63.51505,117.0,0.0,SKT-4214,1,1,GPNV
29/07/2025,19:13:54,44.89002,-63.51505,117.0,0.0,SKT-4214,1,1,GPNV
29/07/2025,19:14:01,44.89002,-63.51505,118.0,0.0,SKT-4214,1,1,GPNV
29/07/2025,19:14:08,44.89002,-63.51505,118.0,0.0,SKT-4214,1,1,GPNV
29/07/2025,19:14:15,44.89002,-63.51505,118.0,0.0,SKT-4214,1,1,GPNV
29/07/2025,19:14:22,44.89002,-63.51505,118.0,0.0,SKT-4214,1,1,GPNV
29/07/2025,19:14:29,44.88995,-63.51489,118.0,0.0,SKT-4214,1,1,GPNV
29/07/2025,19:14:37,44.88972,-63.51443,118.0,0.1,SKT-4214,1,1,GPNV
29/07/2025,19:14:44,44.88947,-63.51391,118.0,0.0,SKT-4214,1,1,GPNV
29/07/2025,19:14:51,44.88923,-63.51343,119.0,-0.0,SKT-4214,1,1,GPNV
29/07/2025,19:14:58,44.88897,-63.51315,119.0,-0.0,SKT-4214,1,1,GPNV
29/07/2025,19:15:06,44.88865,-63.51303,119.0,0.0,SKT-4214,1,1,GPNV
29/07/2025,19:15:13,44.8884,-63.51298,119.0,0.0,SKT-4214,1,1,GPNV
29/07/2025,19:15:20,44.88815,-63.51292,118.0,-0.0,SKT-4214,1,1,GPNV
29/07/2025,19:15:27,44.888,-63.5127,118.0,0.0,SKT-4214,1,1,GPNV
29/07/2025,19:15:34,44.888,-63.51229,118.0,-0.0,SKT-4214,1,1,GPNV
29/07/2025,19:15:42,44.88804,-63.51195,117.0,0.0,SKT-4214,1,1,GPNV
29/07/2025,19:15:49,44.88796,-63.51175,118.0,0.0,SKT-4214,1,1,GPNV
29/07/2025,19:15:56,44.88787,-63.51171,118.0,-0.0,SKT-4214,1,1,GPNV
29/07/2025,19:16:03,44.88787,-63.51171,118.0,0.0,SKT-4214,1,1,GPNV
29/07/2025,19:16:14,,,,,SKT-4214,1,1,GPNV
29/07/2025,19:16:21,44.88787,-63.51172,118.0,0.0,SKT-4214,1,1,GPNV
29/07/2025,19:16:28,44.88787,-63.51172,118.0,-0.0,SKT-4214,1,1,GPNV
29/07/2025,19:16:35,44.88787,-63.51172,117.0,0.0,SKT-4214,1,1,GPNV
29/07/2025,19:16:42,44.88787,-63.51173,117.0,-0.0,SKT-4214,1,1,GPNV
29/07/2025,19:16:50,44.88787,-63.51172,117.0,-0.0,SKT-4214,1,1,GPNV
29/07/2025,19:16:57,44.88787,-63.51173,117.0,-0.0,SKT-4214,1,1,GPNV
29/07/2025,19:17:04,44.88787,-63.51173,117.0,-0.0,SKT-4214,1,1,GPNV
29/07/2025,19:17:11,44.88787,-63.51173,117.0,-0.0,SKT-4214,1,1,GPNV
29/07/2025,19:17:18,44.88787,-63.51173,117.0,-0.0,SKT-4214,1,1,GPNV
29/07/2025,19:17:26,44.88787,-63.51173,118.0,-0.0,SKT-4214,1,1,GPNV
29/07/2025,19:17:33,44.88787,-63.51172,118.0,-0.0,SKT-4214,1,1,GPNV
29/07/2025,19:17:40,44.88774,-63.51167,118.0,0.0,SKT-4214,1,1,GPNV
29/07/2025,19:17:47,44.88743,-63.51159,117.0,-0.0,SKT-4214,1,1,GPNV
29/07/2025,19:17:55,44.88697,-63.51147,117.0,0.0,SKT-4214,1,1,GPNV
29/07/2025,19:18:02,44.88659,-63.51138,117.0,-0.0,SKT-4214,1,1,GPNV
29/07/2025,19:18:09,44.88631,-63.51128,117.0,-0.0,SKT-4214,1,1,GPNV
29/07/2025,19:18:16,44.88609,-63.51114,118.0,0.0,SKT-4214,1,1,GPNV
29/07/2025,19:18:23,44.88591,-63.51116,118.0,0.0,SKT-4214,1,1,GPNV
29/07/2025,19:18:31,44.88584,-63.51131,117.0,-0.0,SKT-4214,1,1,GPNV
29/07/2025,19:18:38,44.88584,-63.51131,117.0,-0.0,SKT-4214,1,1,GPNV
29/07/2025,19:18:45,44.88584,-63.51131,117.0,0.0,SKT-4214,1,1,GPNV
29/07/2025,19:18:52,44.88585,-63.51131,116.0,-0.0,SKT-4214,1,1,GPNV
29/07/2025,19:18:59,44.88584,-63.51131,116.0,0.0,SKT-4214,1,1,GPNV
29/07/2025,19:19:07,44.88584,-63.51132,116.0,0.0,SKT-4214,1,1,GPNV
29/07/2025,19:19:14,44.88585,-63.51132,116.0,0.0,SKT-4214,1,1,GPNV
29/07/2025,19:19:21,44.88585,-63.51132,116.0,0.0,SKT-4214,1,1,GPNV
29/07/2025,19:19:28,44.88585,-63.51132,116.0,-0.0,SKT-4214,1,1,GPNV
29/07/2025,19:19:36,44.88585,-63.51132,116.0,0.0,SKT-4214,1,1,GPNV
29/07/2025,19:19:44,44.88584,-63.51132,116.0,-0.0,SKT-4214,1,1,GPNV
29/07/2025,19:19:51,44.88585,-63.51132,116.0,-0.0,SKT-4214,1,1,GPNV
29/07/2025,19:20:02,,,,,SKT-4214,1,1,GPNV
29/07/2025,19:20:12,,,,,SKT-4214,1,1,GPNV
29/07/2025,19:20:22,,,,,SKT-4214,1,0,GPNV
29/07/2025,19:20:28,44.88585,-63.51131,114.0,0.0,SKT-4214,1,1,GPNV
29/07/2025,19:20:35,44.88585,-63.51131,114.0,0.0,SKT-4214,1,1,GPNV
29/07/2025,19:20:43,44.88585,-63.51131,115.0,-0.0,SKT-4214,1,1,GPNV
29/07/2025,19:20:50,44.88585,-63.51132,115.0,0.0,SKT-4214,1,1,GPNV
29/07/2025,19:20:57,44.88585,-63.51131,115.0,-0.0,SKT-4214,1,1,GPNV
29/07/2025,19:21:04,44.88585,-63.51132,115.0,0.0,SKT-4214,1,1,GPNV
29/07/2025,19:21:11,44.88585,-63.51132,116.0,0.0,SKT-4214,1,1,GPNV
29/07/2025,19:21:19,44.88586,-63.51131,116.0,0.0,SKT-4214,1,1,GPNV
29/07/2025,19:21:26,44.88586,-63.51132,117.0,0.0,SKT-4214,1,1,GPNV
29/07/2025,19:21:33,44.88585,-63.51131,116.0,0.0,SKT-4214,1,1,GPNV
29/07/2025,19:21:41,44.88585,-63.51131,116.0,0.0,SKT-4214,1,1,GPNV
29/07/2025,19:21:48,44.88585,-63.51131,116.0,0.0,SKT-4214,1,1,GPNV
29/07/2025,19:21:55,44.88585,-63.51131,116.0,0.0,SKT-4214,1,1,GPNV
29/07/2025,19:22:02,44.88585,-63.51131,116.0,0.0,SKT-4214,1,1,GPNV
29/07/2025,19:22:09,44.88585,-63.51131,116.0,-0.0,SKT-4214,1,1,GPNV
29/07/2025,19:22:16,44.88585,-63.51132,116.0,0.0,SKT-4214,1,1,GPNV
29/07/2025,19:22:24,44.88585,-63.51131,115.0,0.0,SKT-4214,1,1,GPNV
29/07/2025,19:22:31,44.88584,-63.51135,115.0,0.0,SKT-4214,1,1,GPNV
29/07/2025,19:22:38,44.8858,-63.51162,116.0,-0.0,SKT-4214,1,1,GPNV
29/07/2025,19:22:45,44.88571,-63.51196,116.0,-0.1,SKT-4214,1,1,GPNV
29/07/2025,19:22:52,44.88546,-63.51218,116.0,-0.0,SKT-4214,1,1,GPNV
29/07/2025,19:22:59,44.88512,-63.51217,116.0,-0.1,SKT-4214,1,1,GPNV
29/07/2025,19:23:06,44.88469,-63.51205,116.0,-0.0,SKT-4214,1,1,GPNV
29/07/2025,19:23:14,44.88423,-63.51211,116.0,0.0,SKT-4214,1,1,GPNV
29/07/2025,19:23:21,44.8838,-63.51254,115.0,0.0,SKT-4214,1,1,GPNV
29/07/2025,19:23:28,44.88335,-63.51307,115.0,-0.1,SKT-4214,1,1,GPNV
29/07/2025,19:23:35,44.88282,-63.51359,114.0,0.0,SKT-4214,1,1,GPNV
29/07/2025,19:23:42,44.88224,-63.51416,113.0,0.0,SKT-4214,1,1,GPNV
29/07/2025,19:23:49,44.88171,-63.51468,113.0,-0.0,SKT-4214,1,1,GPNV
29/07/2025,19:23:57,44.88129,-63.51513,114.0,0.0,SKT-4214,1,1,GPNV
29/07/2025,19:24:04,44.88126,-63.51552,114.0,0.0,SKT-4214,1,1,GPNV
29/07/2025,19:24:11,44.88148,-63.51596,114.0,-0.0,SKT-4214,1,1,GPNV
29/07/2025,19:24:18,44.88171,-63.51633,115.0,-0.0,SKT-4214,1,1,GPNV
29/07/2025,19:24:25,44.88197,-63.5165,114.0,0.1,SKT-4214,1,1,GPNV
29/07/2025,19:24:33,44.88223,-63.51644,114.0,0.0,SKT-4214,1,1,GPNV
29/07/2025,19:24:40,44.88235,-63.5164,114.0,-0.0,SKT-4214,1,1,GPNV
29/07/2025,19:24:47,44.88242,-63.51648,114.0,-0.0,SKT-4214,1,1,GPNV
29/07/2025,19:24:54,44.88243,-63.5165,114.0,0.0,SKT-4214,1,1,GPNV
29/07/2025,19:25:01,44.88243,-63.5165,113.0,0.0,SKT-4214,1,1,GPNV
29/07/2025,19:25:09,44.88243,-63.5165,113.0,0.0,SKT-4214,1,1,GPNV
29/07/2025,19:25:16,44.88243,-63.5165,113.0,-0.0,SKT-4214,1,1,GPNV
29/07/2025,19:25:23,44.88243,-63.5165,113.0,-0.0,SKT-4214,1,1,GPNV
29/07/2025,19:25:30,44.88243,-63.5165,113.0,-0.0,SKT-4214,1,1,GPNV
29/07/2025,19:25:57,,,,,,0,0,
29/07/2025,19:26:02,,,,,,0,0,
29/07/2025,19:26:07,,,,,,0,0,
29/07/2025,19:26:12,,,,,,0,0,
29/07/2025,19:54:35,44.8824,-63.51668,131.0,,SKT-4214,1,0,GPNV
29/07/2025,19:54:45,44.88235,-63.51674,131.0,,SKT-4214,1,0,GPNV
29/07/2025,19:54:52,44.88235,-63.51676,125.0,,SKT-4214,1,0,GPNV
29/07/2025,19:55:00,44.8824,-63.51676,117.0,,SKT-4214,1,0,GPNV
29/07/2025,19:26:55,,,,,SKT-4214,1,0,GPNV
29/07/2025,19:27:05,,,,,SKT-4214,1,0,GPNV
29/07/2025,19:27:15,,,,,SKT-4214,1,0,GPNV
29/07/2025,19:27:23,,,,,SKT-4214,0,0,GPNV
29/07/2025,19:55:46,44.8824,-63.51686,141.0,,SKT-4214,1,1,GPNV
29/07/2025,19:27:43,,,,,SKT-4214,1,1,GPNV
29/07/2025,19:56:12,,,,,SKT-4214,1,1,GPNV
29/07/2025,19:56:18,44.88253,-63.51682,146.0,,SKT-4214,1,1,GPNV
29/07/2025,19:56:26,44.88252,-63.51687,140.0,,SKT-4214,1,1,GPNV
29/07/2025,19:56:33,44.8825,-63.51691,137.0,,SKT-4214,1,1,GPNV
29/07/2025,19:56:40,44.88252,-63.51694,124.0,,SKT-4214,1,1,GPNV
29/07/2025,19:56:47,44.88256,-63.51693,114.0,,SKT-4214,1,1,GPNV
29/07/2025,19:57:08,44.88278,-63.51689,43.0,,SKT-4214,1,1,GPNV
29/07/2025,19:57:16,44.88267,-63.51684,77.0,,SKT-4214,1,1,GPNV
29/07/2025,19:57:23,44.88263,-63.51686,95.0,,SKT-4214,1,1,GPNV
29/07/2025,19:57:30,44.8826,-63.51686,105.0,,SKT-4214,1,1,GPNV
29/07/2025,19:57:37,44.8826,-63.51685,118.0,,SKT-4214,1,1,GPNV
29/07/2025,19:57:44,44.88263,-63.51683,136.0,,SKT-4214,1,1,GPNV
29/07/2025,19:57:52,44.88263,-63.51682,151.0,,SKT-4214,1,1,GPNV
29/07/2025,19:57:59,44.88263,-63.51682,156.0,,SKT-4214,1,1,GPNV
29/07/2025,19:58:06,44.88262,-63.51685,157.0,,SKT-4214,1,1,GPNV
29/07/2025,19:58:13,44.88258,-63.51683,160.0,,SKT-4214,1,1,GPNV
29/07/2025,19:58:20,44.88253,-63.51681,160.0,,SKT-4214,1,1,GPNV
29/07/2025,19:58:28,44.88248,-63.51675,159.0,,SKT-4214,1,1,GPNV
29/07/2025,19:58:35,44.88245,-63.51668,154.0,,SKT-4214,1,1,GPNV
29/07/2025,19:58:42,44.88246,-63.51664,153.0,,SKT-4214,1,1,GPNV
29/07/2025,19:58:49,44.88249,-63.51659,155.0,,SKT-4214,1,1,GPNV
29/07/2025,19:58:56,44.88253,-63.51655,157.0,,SKT-4214,1,1,GPNV
29/07/2025,19:59:04,44.88259,-63.51648,158.0,,SKT-4214,1,1,GPNV
29/07/2025,19:59:11,44.88256,-63.51654,165.0,,SKT-4214,1,1,GPNV
29/07/2025,19:59:18,44.88253,-63.51659,172.0,,SKT-4214,1,1,GPNV
29/07/2025,19:59:25,44.88248,-63.51672,168.0,,SKT-4214,1,1,GPNV
29/07/2025,19:59:32,44.88247,-63.51675,164.0,,SKT-4214,1,1,GPNV
29/07/2025,19:59:39,44.88245,-63.51677,162.0,,SKT-4214,1,1,GPNV
29/07/2025,19:59:47,44.88244,-63.51688,164.0,,SKT-4214,1,1,GPNV
29/07/2025,19:59:54,44.88242,-63.51699,171.0,,SKT-4214,1,1,GPNV
29/07/2025,20:00:01,44.8824,-63.51705,174.0,,SKT-4214,1,1,GPNV
29/07/2025,20:00:08,44.88239,-63.51701,175.0,,SKT-4214,1,1,GPNV
29/07/2025,20:00:15,44.88239,-63.51697,176.0,,SKT-4214,1,1,GPNV
29/07/2025,20:00:22,44.88238,-63.51696,178.0,,SKT-4214,1,1,GPNV
29/07/2025,20:00:30,44.88234,-63.51697,190.0,,SKT-4214,1,1,GPNV
29/07/2025,20:00:44,44.88239,-63.51681,187.0,,SKT-4214,1,1,GPNV
29/07/2025,20:00:51,44.88245,-63.51676,174.0,,SKT-4214,1,1,GPNV
29/07/2025,20:00:59,44.88247,-63.51676,168.0,,SKT-4214,1,1,GPNV
29/07/2025,20:01:06,44.88252,-63.51676,161.0,,SKT-4214,1,1,GPNV
29/07/2025,20:01:13,44.88261,-63.51675,147.0,,SKT-4214,1,1,GPNV
29/07/2025,20:01:20,44.88274,-63.51674,126.0,,SKT-4214,1,1,GPNV
29/07/2025,20:01:27,44.88284,-63.51671,111.0,,SKT-4214,1,1,GPNV
29/07/2025,20:01:35,44.88292,-63.51663,106.0,,SKT-4214,1,1,GPNV
29/07/2025,20:01:42,44.88291,-63.51661,107.0,,SKT-4214,1,1,GPNV
29/07/2025,20:01:49,44.88271,-63.51669,126.0,,SKT-4214,1,1,GPNV
29/07/2025,20:01:57,44.88261,-63.51678,135.0,,SKT-4214,1,1,GPNV
29/07/2025,20:02:04,44.88261,-63.51684,135.0,,SKT-4214,1,1,GPNV
29/07/2025,20:02:11,44.88261,-63.51685,144.0,,SKT-4214,1,1,GPNV
29/07/2025,20:02:19,44.88266,-63.51681,150.0,,SKT-4214,1,1,GPNV
29/07/2025,20:02:26,44.88267,-63.51679,147.0,,SKT-4214,1,1,GPNV
29/07/2025,20:02:33,44.88266,-63.51678,144.0,,SKT-4214,1,1,GPNV
29/07/2025,20:02:40,44.88262,-63.51675,143.0,,SKT-4214,1,1,GPNV
29/07/2025,20:02:47,44.88256,-63.51669,146.0,,SKT-4214,1,1,GPNV
29/07/2025,20:02:54,44.88252,-63.51656,154.0,,SKT-4214,1,1,GPNV
29/07/2025,20:03:01,44.88253,-63.51646,150.0,,SKT-4214,1,1,GPNV
29/07/2025,20:03:09,44.88252,-63.51641,147.0,,SKT-4214,1,1,GPNV
29/07/2025,20:03:16,44.8825,-63.51645,152.0,,SKT-4214,1,1,GPNV
29/07/2025,20:03:23,44.88249,-63.51652,157.0,,SKT-4214,1,1,GPNV
29/07/2025,20:03:30,44.88251,-63.51657,159.0,,SKT-4214,1,1,GPNV
29/07/2025,20:03:37,44.88254,-63.5166,166.0,,SKT-4214,1,1,GPNV
29/07/2025,20:03:44,44.88259,-63.51664,169.0,,SKT-4214,1,1,GPNV
29/07/2025,20:03:51,44.88263,-63.51667,165.0,,SKT-4214,1,1,GPNV
29/07/2025,20:03:59,44.8827,-63.51674,159.0,,SKT-4214,1,1,GPNV
29/07/2025,20:04:06,44.88272,-63.51679,157.0,,SKT-4214,1,1,GPNV
29/07/2025,20:04:13,44.88269,-63.51683,163.0,,SKT-4214,1,1,GPNV
29/07/2025,20:04:21,44.88268,-63.51684,165.0,,SKT-4214,1,1,GPNV
29/07/2025,20:04:29,44.88264,-63.51687,166.0,,SKT-4214,1,1,GPNV
29/07/2025,20:04:36,44.88256,-63.51693,168.0,,SKT-4214,1,1,GPNV
29/07/2025,20:04:43,44.88252,-63.51697,165.0,,SKT-4214,1,1,GPNV
29/07/2025,20:04:50,44.88251,-63.51698,160.0,,SKT-4214,1,1,GPNV
29/07/2025,20:04:58,44.8825,-63.51698,159.0,,SKT-4214,1,1,GPNV
29/07/2025,20:05:05,44.88246,-63.51697,159.0,,SKT-4214,1,1,GPNV
29/07/2025,20:05:12,44.88244,-63.51694,155.0,,SKT-4214,1,1,GPNV
29/07/2025,20:05:20,44.88242,-63.51689,153.0,,SKT-4214,1,1,GPNV
29/07/2025,20:05:27,44.88243,-63.51686,149.0,,SKT-4214,1,1,GPNV
29/07/2025,20:05:34,44.88245,-63.51685,145.0,,SKT-4214,1,1,GPNV
29/07/2025,20:05:41,44.88247,-63.51687,140.0,,SKT-4214,1,1,GPNV
29/07/2025,20:05:48,44.88249,-63.5169,143.0,,SKT-4214,1,1,GPNV
29/07/2025,20:05:56,44.8825,-63.51694,139.0,,SKT-4214,1,1,GPNV
29/07/2025,20:06:03,44.88251,-63.51699,135.0,,SKT-4214,1,1,GPNV
29/07/2025,20:06:10,44.88253,-63.51704,137.0,,SKT-4214,1,1,GPNV
29/07/2025,20:06:17,44.88256,-63.51706,140.0,,SKT-4214,1,1,GPNV
29/07/2025,20:06:24,44.88259,-63.51706,142.0,,SKT-4214,1,1,GPNV
29/07/2025,20:06:32,44.88266,-63.51706,136.0,,SKT-4214,1,1,GPNV
29/07/2025,20:06:39,44.88268,-63.51703,137.0,,SKT-4214,1,1,GPNV
29/07/2025,20:06:46,44.88271,-63.51701,135.0,,SKT-4214,1,1,GPNV
29/07/2025,20:06:53,44.88272,-63.51697,136.0,,SKT-4214,1,1,GPNV
29/07/2025,20:07:01,44.88277,-63.51695,129.0,,SKT-4214,1,1,GPNV
29/07/2025,20:07:08,44.8828,-63.51694,124.0,,SKT-4214,1,1,GPNV
29/07/2025,20:07:15,44.88283,-63.51695,114.0,,SKT-4214,1,1,GPNV
29/07/2025,20:07:22,44.88285,-63.51693,109.0,,SKT-4214,1,1,GPNV
29/07/2025,20:07:29,44.88286,-63.51691,108.0,,SKT-4214,1,1,GPNV
29/07/2025,20:07:37,44.88285,-63.51683,118.0,,SKT-4214,1,1,GPNV
29/07/2025,20:07:44,44.88283,-63.5168,130.0,,SKT-4214,1,1,GPNV
29/07/2025,20:07:51,44.88281,-63.51678,140.0,,SKT-4214,1,1,GPNV
29/07/2025,20:07:58,44.88282,-63.51682,143.0,,SKT-4214,1,1,GPNV
29/07/2025,20:08:05,44.88285,-63.51685,145.0,,SKT-4214,1,1,GPNV
29/07/2025,20:08:12,44.88288,-63.51687,144.0,,SKT-4214,1,1,GPNV
29/07/2025,20:08:20,44.88286,-63.51689,144.0,,SKT-4214,1,1,GPNV
29/07/2025,20:08:27,44.88285,-63.51692,136.0,,SKT-4214,1,1,GPNV
29/07/2025,20:08:34,44.88285,-63.51694,126.0,,SKT-4214,1,1,GPNV
29/07/2025,20:08:41,44.88279,-63.51695,118.0,,SKT-4214,1,1,GPNV
29/07/2025,20:08:49,44.88279,-63.51688,118.0,,SKT-4214,1,1,GPNV
29/07/2025,20:08:56,44.88277,-63.51683,127.0,,SKT-4214,1,1,GPNV
29/07/2025,20:09:03,44.88282,-63.51674,136.0,,SKT-4214,1,1,GPNV
29/07/2025,20:09:10,44.88286,-63.51667,137.0,,SKT-4214,1,1,GPNV
29/07/2025,20:09:17,44.88289,-63.51659,138.0,,SKT-4214,1,1,GPNV
29/07/2025,20:09:25,44.88293,-63.51658,140.0,,SKT-4214,1,1,GPNV
29/07/2025,20:09:32,44.88295,-63.51665,144.0,,SKT-4214,1,1,GPNV
29/07/2025,20:09:39,44.88296,-63.51674,141.0,,SKT-4214,1,1,GPNV
29/07/2025,20:09:46,44.88298,-63.51682,131.0,,SKT-4214,1,1,GPNV
29/07/2025,20:09:53,44.88298,-63.51687,126.0,,SKT-4214,1,1,GPNV
29/07/2025,20:10:00,44.88303,-63.5169,115.0,,SKT-4214,1,1,GPNV
29/07/2025,20:10:08,44.88307,-63.51692,103.0,,SKT-4214,1,1,GPNV
29/07/2025,20:10:15,44.88313,-63.51694,80.0,,SKT-4214,1,1,GPNV
29/07/2025,20:10:22,44.88316,-63.51693,67.0,,SKT-4214,1,1,GPNV
29/07/2025,20:10:29,44.88314,-63.51688,71.0,,SKT-4214,1,1,GPNV
29/07/2025,20:10:37,44.88313,-63.51684,77.0,,SKT-4214,1,1,GPNV
29/07/2025,20:10:45,44.88319,-63.5168,76.0,,SKT-4214,1,1,GPNV
29/07/2025,20:10:52,44.88319,-63.5168,79.0,,SKT-4214,1,1,GPNV
29/07/2025,20:10:59,44.88321,-63.51682,82.0,,SKT-4214,1,1,GPNV
29/07/2025,20:11:07,44.88319,-63.51688,91.0,,SKT-4214,1,1,GPNV
29/07/2025,20:11:14,44.88319,-63.51692,98.0,,SKT-4214,1,1,GPNV
29/07/2025,20:11:21,44.88313,-63.51695,103.0,,SKT-4214,1,1,GPNV
29/07/2025,20:11:28,44.88307,-63.51697,103.0,,SKT-4214,1,1,GPNV
29/07/2025,20:11:35,44.88306,-63.51697,93.0,,SKT-4214,1,1,GPNV
29/07/2025,20:11:42,44.88309,-63.51695,82.0,,SKT-4214,1,1,GPNV
29/07/2025,20:11:50,44.88314,-63.51694,67.0,,SKT-4214,1,1,GPNV
29/07/2025,20:11:57,44.88319,-63.5169,56.0,,SKT-4214,1,1,GPNV
29/07/2025,20:12:04,44.88322,-63.51688,47.0,,SKT-4214,1,1,GPNV
29/07/2025,20:12:11,44.88321,-63.51681,49.0,,SKT-4214,1,1,GPNV
29/07/2025,20:12:18,44.88319,-63.51676,57.0,,SKT-4214,1,1,GPNV
29/07/2025,20:12:26,44.88304,-63.5167,86.0,,SKT-4214,1,1,GPNV
29/07/2025,20:12:33,44.88295,-63.51666,100.0,,SKT-4214,1,1,GPNV
29/07/2025,20:12:40,44.88291,-63.51664,105.0,,SKT-4214,1,1,GPNV
29/07/2025,20:12:47,44.88287,-63.51665,115.0,,SKT-4214,1,1,GPNV
29/07/2025,20:12:54,44.88282,-63.51665,124.0,,SKT-4214,1,1,GPNV
29/07/2025,20:13:02,44.88279,-63.51671,137.0,,SKT-4214,1,1,GPNV
29/07/2025,20:13:09,44.88276,-63.51672,147.0,,SKT-4214,1,1,GPNV
29/07/2025,20:13:16,44.88272,-63.51673,158.0,,SKT-4214,1,1,GPNV
29/07/2025,20:13:23,44.88269,-63.51672,168.0,,SKT-4214,1,1,GPNV
29/07/2025,20:13:30,44.88266,-63.5167,176.0,,SKT-4214,1,1,GPNV
29/07/2025,20:13:38,44.88265,-63.5167,178.0,,SKT-4214,1,1,GPNV
29/07/2025,20:13:45,44.88265,-63.51669,173.0,,SKT-4214,1,1,GPNV
29/07/2025,20:13:52,44.88264,-63.51675,157.0,,SKT-4214,1,1,GPNV
29/07/2025,20:13:59,44.88263,-63.51681,143.0,,SKT-4214,1,1,GPNV
29/07/2025,20:14:07,44.88265,-63.51685,129.0,,SKT-4214,1,1,GPNV
29/07/2025,20:14:14,44.88269,-63.51688,110.0,,SKT-4214,1,1,GPNV
29/07/2025,20:14:21,44.88271,-63.5169,106.0,,SKT-4214,1,1,GPNV
29/07/2025,20:14:28,44.8827,-63.51687,112.0,,SKT-4214,1,1,GPNV
29/07/2025,20:14:35,44.88266,-63.51679,125.0,,SKT-4214,1,1,GPNV
29/07/2025,20:14:42,44.88262,-63.51677,138.0,,SKT-4214,1,1,GPNV
29/07/2025,20:14:49,44.88259,-63.5167,159.0,,SKT-4214,1,1,GPNV
29/07/2025,20:14:57,44.88261,-63.51664,169.0,,SKT-4214,1,1,GPNV
29/07/2025,20:15:04,44.8827,-63.51661,158.0,,SKT-4214,1,1,GPNV
29/07/2025,20:15:11,44.88272,-63.51662,155.0,,SKT-4214,1,1,GPNV
29/07/2025,20:15:18,44.88271,-63.51667,151.0,,SKT-4214,1,1,GPNV
29/07/2025,20:15:25,44.88272,-63.51673,145.0,,SKT-4214,1,1,GPNV
29/07/2025,20:15:33,44.88271,-63.51678,152.0,,SKT-4214,1,1,GPNV
29/07/2025,20:15:40,44.88268,-63.51677,168.0,,SKT-4214,1,1,GPNV
29/07/2025,20:15:47,44.88263,-63.51672,184.0,,SKT-4214,1,1,GPNV
29/07/2025,20:15:54,44.88261,-63.51669,178.0,,SKT-4214,1,1,GPNV
29/07/2025,20:16:01,44.88262,-63.51667,154.0,,SKT-4214,1,1,GPNV
29/07/2025,20:16:09,44.88264,-63.51669,130.0,,SKT-4214,1,1,GPNV
29/07/2025,20:16:16,44.88267,-63.51669,121.0,,SKT-4214,1,1,GPNV
29/07/2025,20:16:23,44.88268,-63.51669,119.0,,SKT-4214,1,1,GPNV
29/07/2025,20:16:30,44.8827,-63.51666,119.0,,SKT-4214,1,1,GPNV
29/07/2025,20:16:37,44.88272,-63.51663,119.0,,SKT-4214,1,1,GPNV
29/07/2025,20:16:45,44.88276,-63.51662,121.0,,SKT-4214,1,1,GPNV
29/07/2025,20:16:52,44.88274,-63.51662,126.0,,SKT-4214,1,1,GPNV
29/07/2025,20:16:59,44.88272,-63.51668,131.0,,SKT-4214,1,1,GPNV
29/07/2025,20:17:06,44.88271,-63.51674,139.0,,SKT-4214,1,1,GPNV
29/07/2025,20:17:14,44.88269,-63.51685,148.0,,SKT-4214,1,1,GPNV
29/07/2025,20:17:21,44.88265,-63.51692,160.0,,SKT-4214,1,1,GPNV
29/07/2025,20:17:28,44.8826,-63.51695,168.0,,SKT-4214,1,1,GPNV
29/07/2025,20:17:35,44.88255,-63.51697,171.0,,SKT-4214,1,1,GPNV
29/07/2025,20:17:42,44.88251,-63.51697,169.0,,SKT-4214,1,1,GPNV
29/07/2025,20:17:49,44.8825,-63.51698,161.0,,SKT-4214,1,1,GPNV
29/07/2025,20:17:56,44.8825,-63.51699,152.0,,SKT-4214,1,1,GPNV
29/07/2025,20:18:04,44.88248,-63.51693,147.0,,SKT-4214,1,1,GPNV
29/07/2025,20:18:11,44.88248,-63.51685,143.0,,SKT-4214,1,1,GPNV
29/07/2025,20:18:18,44.8825,-63.51677,139.0,,SKT-4214,1,1,GPNV
29/07/2025,20:18:25,44.88255,-63.51671,128.0,,SKT-4214,1,1,GPNV
29/07/2025,20:18:33,44.88257,-63.51662,123.0,,SKT-4214,1,1,GPNV
29/07/2025,20:18:40,44.88261,-63.51657,115.0,,SKT-4214,1,1,GPNV
29/07/2025,20:18:47,44.88266,-63.51656,109.0,,SKT-4214,1,1,GPNV
29/07/2025,20:18:54,44.88268,-63.51654,105.0,,SKT-4214,1,1,GPNV
29/07/2025,20:19:01,44.88269,-63.51655,103.0,,SKT-4214,1,1,GPNV
29/07/2025,20:19:08,44.88268,-63.51656,102.0,,SKT-4214,1,1,GPNV
29/07/2025,20:19:16,44.88265,-63.5166,113.0,,SKT-4214,1,1,GPNV
29/07/2025,20:19:23,44.88263,-63.51663,121.0,,SKT-4214,1,1,GPNV
29/07/2025,20:19:30,44.88263,-63.51667,125.0,,SKT-4214,1,1,GPNV
29/07/2025,20:19:37,44.88267,-63.51676,120.0,,SKT-4214,1,1,GPNV
29/07/2025,20:19:44,44.88268,-63.51683,115.0,,SKT-4214,1,1,GPNV
29/07/2025,20:19:52,44.8827,-63.51687,111.0,,SKT-4214,1,1,GPNV
29/07/2025,20:19:59,44.8827,-63.51688,111.0,,SKT-4214,1,1,GPNV
29/07/2025,20:20:06,44.88269,-63.51689,111.0,,SKT-4214,1,1,GPNV
29/07/2025,20:20:13,44.88267,-63.51688,111.0,,SKT-4214,1,1,GPNV
29/07/2025,20:20:21,44.88263,-63.51683,117.0,,SKT-4214,1,1,GPNV
29/07/2025,20:20:28,44.88261,-63.51677,125.0,,SKT-4214,1,1,GPNV
29/07/2025,20:20:35,44.88262,-63.51671,131.0,,SKT-4214,1,1,GPNV
29/07/2025,20:20:42,44.88263,-63.51672,135.0,,SKT-4214,1,1,GPNV
29/07/2025,20:20:49,44.88263,-63.51673,135.0,,SKT-4214,1,1,GPNV
29/07/2025,20:20:56,44.88268,-63.5167,140.0,,SKT-4214,1,1,GPNV
29/07/2025,20:21:04,44.88269,-63.51671,140.0,,SKT-4214,1,1,GPNV
29/07/2025,20:21:11,44.88268,-63.51672,141.0,,SKT-4214,1,1,GPNV
29/07/2025,20:21:18,44.88266,-63.51674,142.0,,SKT-4214,1,1,GPNV
29/07/2025,20:21:25,44.88264,-63.51675,142.0,,SKT-4214,1,1,GPNV
29/07/2025,20:21:32,44.88259,-63.51668,145.0,,SKT-4214,1,1,GPNV
29/07/2025,20:21:39,44.8825,-63.51658,150.0,,SKT-4214,1,1,GPNV
29/07/2025,20:21:47,44.88252,-63.51666,143.0,,SKT-4214,1,1,GPNV
29/07/2025,20:21:54,44.88255,-63.5167,138.0,,SKT-4214,1,1,GPNV
29/07/2025,20:22:01,44.88261,-63.51671,130.0,,SKT-4214,1,1,GPNV
29/07/2025,20:22:08,44.88264,-63.51665,124.0,,SKT-4214,1,1,GPNV
29/07/2025,20:22:15,44.88265,-63.51663,124.0,,SKT-4214,1,1,GPNV
29/07/2025,20:22:23,44.88265,-63.51665,121.0,,SKT-4214,1,1,GPNV
29/07/2025,20:22:30,44.88267,-63.51666,116.0,,SKT-4214,1,1,GPNV
29/07/2025,20:22:37,44.88272,-63.51664,111.0,,SKT-4214,1,1,GPNV
29/07/2025,20:22:44,44.88277,-63.51662,106.0,,SKT-4214,1,1,GPNV
29/07/2025,20:22:51,44.88276,-63.51657,113.0,,SKT-4214,1,1,GPNV
29/07/2025,20:22:59,44.88277,-63.51651,123.0,,SKT-4214,1,1,GPNV
29/07/2025,20:23:06,44.88279,-63.51646,126.0,,SKT-4214,1,1,GPNV
29/07/2025,20:23:14,44.88287,-63.51641,118.0,,SKT-4214,1,1,GPNV
29/07/2025,20:23:21,44.88291,-63.51641,118.0,,SKT-4214,1,1,GPNV
29/07/2025,20:23:28,44.88287,-63.51653,130.0,,SKT-4214,1,1,GPNV
29/07/2025,20:23:35,44.88285,-63.5166,138.0,,SKT-4214,1,1,GPNV
29/07/2025,20:23:42,44.88284,-63.51665,143.0,,SKT-4214,1,1,GPNV
29/07/2025,20:23:49,44.88286,-63.51661,153.0,,SKT-4214,1,1,GPNV
29/07/2025,20:23:57,44.88287,-63.51657,152.0,,SKT-4214,1,1,GPNV
29/07/2025,20:24:04,44.88285,-63.51656,147.0,,SKT-4214,1,1,GPNV
29/07/2025,20:24:11,44.88278,-63.51657,137.0,,SKT-4214,1,1,GPNV
29/07/2025,20:24:18,44.88272,-63.51662,130.0,,SKT-4214,1,1,GPNV
29/07/2025,20:24:25,44.88268,-63.51671,125.0,,SKT-4214,1,1,GPNV
29/07/2025,20:24:32,44.88264,-63.51679,123.0,,SKT-4214,1,1,GPNV
29/07/2025,20:24:40,44.88261,-63.51686,123.0,,SKT-4214,1,1,GPNV
29/07/2025,20:24:47,44.88261,-63.5169,123.0,,SKT-4214,1,1,GPNV
29/07/2025,20:24:54,44.88261,-63.51692,124.0,,SKT-4214,1,1,GPNV
29/07/2025,20:25:01,44.88261,-63.51693,124.0,,SKT-4214,1,1,GPNV
29/07/2025,20:25:09,44.88262,-63.51694,124.0,,SKT-4214,1,1,GPNV
29/07/2025,20:25:17,44.88264,-63.51694,124.0,,SKT-4214,1,1,GPNV
29/07/2025,20:25:24,44.88267,-63.51693,123.0,,SKT-4214,1,1,GPNV
29/07/2025,20:25:31,44.88273,-63.51686,131.0,,SKT-4214,1,1,GPNV
29/07/2025,20:25:38,44.88278,-63.51683,135.0,,SKT-4214,1,1,GPNV
29/07/2025,20:25:45,44.88281,-63.51679,136.0,,SKT-4214,1,1,GPNV
29/07/2025,20:25:53,44.8828,-63.51677,143.0,,SKT-4214,1,1,GPNV
29/07/2025,20:26:00,44.88281,-63.51679,147.0,,SKT-4214,1,1,GPNV
29/07/2025,20:26:07,44.88282,-63.5168,151.0,,SKT-4214,1,1,GPNV
29/07/2025,20:26:14,44.88282,-63.51681,160.0,,SKT-4214,1,1,GPNV
29/07/2025,20:26:21,44.88282,-63.5168,162.0,,SKT-4214,1,1,GPNV
29/07/2025,20:26:29,44.88284,-63.51683,166.0,,SKT-4214,1,1,GPNV
29/07/2025,20:26:36,44.88287,-63.51685,164.0,,SKT-4214,1,1,GPNV
29/07/2025,20:26:43,44.8829,-63.51684,162.0,,SKT-4214,1,1,GPNV
29/07/2025,20:26:50,44.88287,-63.51685,158.0,,SKT-4214,1,1,GPNV
29/07/2025,20:26:57,44.88282,-63.51685,155.0,,SKT-4214,1,1,GPNV
29/07/2025,20:27:05,44.88277,-63.51685,156.0,,SKT-4214,1,1,GPNV
29/07/2025,20:27:12,44.88272,-63.51685,154.0,,SKT-4214,1,1,GPNV
29/07/2025,20:27:19,44.88269,-63.51683,149.0,,SKT-4214,1,1,GPNV
29/07/2025,20:27:26,44.88268,-63.51677,149.0,,SKT-4214,1,1,GPNV
29/07/2025,20:27:33,44.88266,-63.51676,152.0,,SKT-4214,1,1,GPNV
29/07/2025,20:27:41,44.88264,-63.51674,157.0,,SKT-4214,1,1,GPNV
29/07/2025,20:27:48,44.88263,-63.51673,160.0,,SKT-4214,1,1,GPNV
29/07/2025,20:27:55,44.88263,-63.51675,159.0,,SKT-4214,1,1,GPNV
29/07/2025,20:28:02,44.88262,-63.51676,159.0,,SKT-4214,1,1,GPNV
29/07/2025,20:28:09,44.88263,-63.51675,159.0,,SKT-4214,1,1,GPNV
29/07/2025,20:28:16,44.88266,-63.5167,161.0,,SKT-4214,1,1,GPNV
29/07/2025,20:28:24,44.88274,-63.51659,179.0,,SKT-4214,1,1,GPNV
29/07/2025,20:28:31,44.88282,-63.51651,192.0,,SKT-4214,1,1,GPNV
29/07/2025,20:28:38,44.88288,-63.51649,197.0,,SKT-4214,1,1,GPNV
29/07/2025,20:28:45,44.88285,-63.51653,193.0,,SKT-4214,1,1,GPNV
29/07/2025,20:28:52,44.88271,-63.51662,178.0,,SKT-4214,1,1,GPNV
29/07/2025,20:29:00,44.88256,-63.51671,171.0,,SKT-4214,1,1,GPNV
29/07/2025,20:29:07,44.88248,-63.5168,170.0,,SKT-4214,1,1,GPNV
29/07/2025,20:29:14,44.88243,-63.51691,169.0,,SKT-4214,1,1,GPNV
29/07/2025,20:29:21,44.88246,-63.51706,157.0,,SKT-4214,1,1,GPNV
29/07/2025,20:29:29,44.88248,-63.51714,145.0,,SKT-4214,1,1,GPNV
29/07/2025,20:29:36,44.88251,-63.51715,131.0,,SKT-4214,1,1,GPNV
29/07/2025,20:29:43,44.8826,-63.51706,121.0,,SKT-4214,1,1,GPNV
29/07/2025,20:29:50,44.88269,-63.5169,106.0,,SKT-4214,1,1,GPNV
29/07/2025,20:29:57,44.88274,-63.51681,102.0,,SKT-4214,1,1,GPNV
29/07/2025,20:30:04,44.88279,-63.51682,94.0,,SKT-4214,1,1,GPNV
29/07/2025,20:30:12,44.88283,-63.51688,91.0,,SKT-4214,1,1,GPNV
29/07/2025,20:30:19,44.88287,-63.51693,93.0,,SKT-4214,1,1,GPNV
29/07/2025,20:30:26,44.8829,-63.51696,101.0,,SKT-4214,1,1,GPNV
29/07/2025,20:30:34,44.88292,-63.51697,108.0,,SKT-4214,1,1,GPNV
29/07/2025,20:30:41,44.88292,-63.51697,120.0,,SKT-4214,1,1,GPNV
29/07/2025,20:30:48,44.88292,-63.51696,127.0,,SKT-4214,1,1,GPNV
29/07/2025,20:30:55,44.88294,-63.51694,129.0,,SKT-4214,1,1,GPNV
29/07/2025,20:31:02,44.88297,-63.51691,127.0,,SKT-4214,1,1,GPNV
29/07/2025,20:31:09,44.88298,-63.51688,132.0,,SKT-4214,1,1,GPNV
29/07/2025,20:31:16,44.88295,-63.51688,134.0,,SKT-4214,1,1,GPNV
29/07/2025,20:31:24,44.88291,-63.51686,139.0,,SKT-4214,1,1,GPNV
29/07/2025,20:31:31,44.88286,-63.51688,141.0,,SKT-4214,1,1,GPNV
29/07/2025,20:31:38,44.8828,-63.51689,141.0,,SKT-4214,1,1,GPNV
29/07/2025,20:31:45,44.88276,-63.51689,145.0,,SKT-4214,1,1,GPNV
29/07/2025,20:31:52,44.88273,-63.51688,143.0,,SKT-4214,1,1,GPNV
29/07/2025,20:31:59,44.88266,-63.51688,143.0,,SKT-4214,1,1,GPNV
29/07/2025,20:32:07,44.88262,-63.51688,141.0,,SKT-4214,1,1,GPNV
29/07/2025,20:32:14,44.8826,-63.51689,142.0,,SKT-4214,1,1,GPNV
29/07/2025,20:32:21,44.8826,-63.5169,147.0,,SKT-4214,1,1,GPNV
29/07/2025,20:32:29,44.88253,-63.51689,170.0,,SKT-4214,1,1,GPNV
29/07/2025,20:32:36,44.88247,-63.5169,190.0,,SKT-4214,1,1,GPNV
29/07/2025,20:32:44,44.88247,-63.51689,194.0,,SKT-4214,1,1,GPNV
29/07/2025,20:32:51,44.88252,-63.51688,176.0,,SKT-4214,1,1,GPNV
29/07/2025,20:32:58,44.88259,-63.51687,153.0,,SKT-4214,1,1,GPNV
29/07/2025,20:33:05,44.88263,-63.51684,140.0,,SKT-4214,1,1,GPNV
29/07/2025,20:33:12,44.88269,-63.51685,122.0,,SKT-4214,1,1,GPNV
29/07/2025,20:33:19,44.88274,-63.51685,113.0,,SKT-4214,1,1,GPNV
29/07/2025,20:33:27,44.88279,-63.51686,114.0,,SKT-4214,1,1,GPNV
29/07/2025,20:33:34,44.88287,-63.51682,132.0,,SKT-4214,1,1,GPNV
29/07/2025,20:33:41,44.88295,-63.51675,151.0,,SKT-4214,1,1,GPNV
29/07/2025,20:33:49,44.88297,-63.5167,165.0,,SKT-4214,1,1,GPNV
29/07/2025,20:33:56,44.88296,-63.51667,170.0,,SKT-4214,1,1,GPNV
29/07/2025,20:34:03,44.88292,-63.51666,166.0,,SKT-4214,1,1,GPNV
29/07/2025,20:34:10,44.88289,-63.51669,163.0,,SKT-4214,1,1,GPNV
29/07/2025,20:34:17,44.88285,-63.51672,161.0,,SKT-4214,1,1,GPNV
29/07/2025,20:34:24,44.88281,-63.51676,163.0,,SKT-4214,1,1,GPNV
29/07/2025,20:34:31,44.88278,-63.51679,162.0,,SKT-4214,1,1,GPNV
29/07/2025,20:34:39,44.88275,-63.5168,162.0,,SKT-4214,1,1,GPNV
29/07/2025,20:34:46,44.88273,-63.51679,161.0,,SKT-4214,1,1,GPNV
29/07/2025,20:34:53,44.88271,-63.51676,158.0,,SKT-4214,1,1,GPNV
29/07/2025,20:35:00,44.88269,-63.51674,153.0,,SKT-4214,1,1,GPNV
29/07/2025,20:35:07,44.88268,-63.51671,142.0,,SKT-4214,1,1,GPNV
29/07/2025,20:35:15,44.88269,-63.51672,136.0,,SKT-4214,1,1,GPNV
29/07/2025,20:35:22,44.88271,-63.51673,136.0,,SKT-4214,1,1,GPNV
29/07/2025,20:35:29,44.88273,-63.51669,137.0,,SKT-4214,1,1,GPNV
29/07/2025,20:35:36,44.88267,-63.5167,144.0,,SKT-4214,1,1,GPNV
29/07/2025,20:35:43,44.88265,-63.51671,146.0,,SKT-4214,1,1,GPNV
29/07/2025,20:35:50,44.88268,-63.51671,146.0,,SKT-4214,1,1,GPNV
29/07/2025,20:35:58,44.88276,-63.51672,152.0,,SKT-4214,1,1,GPNV
29/07/2025,20:36:05,44.88283,-63.51675,155.0,,SKT-4214,1,1,GPNV
29/07/2025,20:36:12,44.88288,-63.51677,155.0,,SKT-4214,1,1,GPNV
29/07/2025,20:36:19,44.88292,-63.51679,162.0,,SKT-4214,1,1,GPNV
29/07/2025,20:36:27,44.88295,-63.51675,167.0,,SKT-4214,1,1,GPNV
29/07/2025,20:36:34,44.88298,-63.51665,162.0,,SKT-4214,1,1,GPNV
29/07/2025,20:36:41,44.88297,-63.51655,154.0,,SKT-4214,1,1,GPNV
29/07/2025,20:36:48,44.88294,-63.51649,141.0,,SKT-4214,1,1,GPNV
29/07/2025,20:36:55,44.88291,-63.51646,133.0,,SKT-4214,1,1,GPNV
29/07/2025,20:37:03,44.88287,-63.51643,135.0,,SKT-4214,1,1,GPNV
29/07/2025,20:37:10,44.88279,-63.5164,143.0,,SKT-4214,1,1,GPNV
29/07/2025,20:37:17,44.88272,-63.51642,154.0,,SKT-4214,1,1,GPNV
29/07/2025,20:37:24,44.88266,-63.51643,153.0,,SKT-4214,1,1,GPNV
29/07/2025,20:37:31,44.88265,-63.51646,145.0,,SKT-4214,1,1,GPNV
29/07/2025,20:37:39,44.88264,-63.51649,144.0,,SKT-4214,1,1,GPNV
29/07/2025,20:37:46,44.88263,-63.51648,147.0,,SKT-4214,1,1,GPNV
29/07/2025,20:37:53,44.88261,-63.51648,155.0,,SKT-4214,1,1,GPNV
29/07/2025,20:38:00,44.88262,-63.51649,163.0,,SKT-4214,1,1,GPNV
29/07/2025,20:38:07,44.88266,-63.51656,164.0,,SKT-4214,1,1,GPNV
29/07/2025,20:38:15,44.88272,-63.51671,169.0,,SKT-4214,1,1,GPNV
29/07/2025,20:38:22,44.88277,-63.51684,172.0,,SKT-4214,1,1,GPNV
29/07/2025,20:38:29,44.88278,-63.51698,167.0,,SKT-4214,1,1,GPNV
29/07/2025,20:38:36,44.88278,-63.51712,150.0,,SKT-4214,1,1,GPNV
29/07/2025,20:38:43,44.8827,-63.51723,135.0,,SKT-4214,1,1,GPNV
29/07/2025,20:38:50,44.88266,-63.51733,123.0,,SKT-4214,1,1,GPNV
29/07/2025,20:38:58,44.88267,-63.51736,112.0,,SKT-4214,1,1,GPNV
29/07/2025,20:39:05,44.88263,-63.51733,101.0,,SKT-4214,1,1,GPNV
29/07/2025,20:39:12,44.88264,-63.5173,86.0,,SKT-4214,1,1,GPNV
29/07/2025,20:39:19,44.8826,-63.51731,87.0,,SKT-4214,1,1,GPNV
29/07/2025,20:39:27,44.88259,-63.51735,93.0,,SKT-4214,1,1,GPNV
29/07/2025,20:39:34,44.88249,-63.51741,117.0,,SKT-4214,1,1,GPNV
29/07/2025,20:39:41,44.88237,-63.51742,140.0,,SKT-4214,1,1,GPNV
29/07/2025,20:39:48,44.88234,-63.51743,145.0,,SKT-4214,1,1,GPNV
29/07/2025,20:39:55,44.88235,-63.5174,146.0,,SKT-4214,1,1,GPNV
29/07/2025,20:40:03,44.88237,-63.51728,146.0,,SKT-4214,1,1,GPNV
29/07/2025,20:40:10,44.88239,-63.51714,150.0,,SKT-4214,1,1,GPNV
29/07/2025,20:40:17,44.88239,-63.51702,148.0,,SKT-4214,1,1,GPNV
29/07/2025,20:40:24,44.88238,-63.5169,146.0,,SKT-4214,1,1,GPNV
29/07/2025,20:40:31,44.88234,-63.5167,159.0,,SKT-4214,1,1,GPNV
29/07/2025,20:40:39,44.88243,-63.51679,152.0,,SKT-4214,1,1,GPNV
29/07/2025,20:40:46,44.88243,-63.51677,158.0,,SKT-4214,1,1,GPNV
29/07/2025,20:40:53,44.88243,-63.51675,164.0,,SKT-4214,1,1,GPNV
29/07/2025,20:41:00,44.88247,-63.51677,167.0,,SKT-4214,1,1,GPNV
29/07/2025,20:41:07,44.88247,-63.51677,167.0,,SKT-4214,1,1,GPNV
29/07/2025,20:41:14,44.88246,-63.51678,165.0,,SKT-4214,1,1,GPNV
29/07/2025,20:41:22,44.88237,-63.51676,161.0,,SKT-4214,1,1,GPNV
29/07/2025,20:41:29,44.8823,-63.51676,154.0,,SKT-4214,1,1,GPNV
29/07/2025,20:41:36,44.88228,-63.51675,152.0,,SKT-4214,1,1,GPNV
29/07/2025,20:41:43,44.88229,-63.51666,158.0,,SKT-4214,1,1,GPNV
29/07/2025,20:41:51,44.88227,-63.51656,165.0,,SKT-4214,1,1,GPNV
29/07/2025,20:41:58,44.88225,-63.51651,168.0,,SKT-4214,1,1,GPNV
29/07/2025,20:42:05,44.88227,-63.5165,167.0,,SKT-4214,1,1,GPNV
29/07/2025,20:42:12,44.88229,-63.51651,161.0,,SKT-4214,1,1,GPNV
29/07/2025,20:42:19,44.88235,-63.51657,163.0,,SKT-4214,1,1,GPNV
29/07/2025,20:42:27,44.88242,-63.51663,166.0,,SKT-4214,1,1,GPNV
29/07/2025,20:42:34,44.88245,-63.51665,167.0,,SKT-4214,1,1,GPNV
29/07/2025,20:42:41,44.88247,-63.51666,170.0,,SKT-4214,1,1,GPNV
29/07/2025,20:42:48,44.88246,-63.51664,180.0,,SKT-4214,1,1,GPNV
29/07/2025,20:42:55,44.88247,-63.51661,183.0,,SKT-4214,1,1,GPNV
29/07/2025,20:43:03,44.88248,-63.51656,190.0,,SKT-4214,1,1,GPNV
29/07/2025,20:43:10,44.88251,-63.51645,204.0,,SKT-4214,1,1,GPNV
29/07/2025,20:43:17,44.88255,-63.51636,219.0,,SKT-4214,1,1,GPNV
29/07/2025,20:43:24,44.88262,-63.51638,226.0,,SKT-4214,1,1,GPNV
29/07/2025,20:43:31,44.8826,-63.51641,228.0,,SKT-4214,1,1,GPNV
29/07/2025,20:43:39,44.88257,-63.51648,218.0,,SKT-4214,1,1,GPNV
29/07/2025,20:43:46,44.88258,-63.51656,197.0,,SKT-4214,1,1,GPNV
29/07/2025,20:43:53,44.88258,-63.51654,178.0,,SKT-4214,1,1,GPNV
29/07/2025,20:44:00,44.88258,-63.5165,160.0,,SKT-4214,1,1,GPNV
29/07/2025,20:44:07,44.88258,-63.51654,143.0,,SKT-4214,1,1,GPNV
29/07/2025,20:44:14,44.8826,-63.5166,134.0,,SKT-4214,1,1,GPNV
29/07/2025,20:44:22,44.88263,-63.51667,128.0,,SKT-4214,1,1,GPNV
29/07/2025,20:44:29,44.88268,-63.51672,128.0,,SKT-4214,1,1,GPNV
29/07/2025,20:44:36,44.8827,-63.51676,132.0,,SKT-4214,1,1,GPNV
29/07/2025,20:44:43,44.88275,-63.51684,138.0,,SKT-4214,1,1,GPNV
29/07/2025,20:44:50,44.88281,-63.51687,145.0,,SKT-4214,1,1,GPNV
29/07/2025,20:44:58,44.88284,-63.51695,143.0,,SKT-4214,1,1,GPNV
29/07/2025,20:45:05,44.88282,-63.51698,141.0,,SKT-4214,1,1,GPNV
29/07/2025,20:45:12,44.88276,-63.51697,132.0,,SKT-4214,1,1,GPNV
29/07/2025,20:45:19,44.88277,-63.5169,134.0,,SKT-4214,1,1,GPNV
29/07/2025,20:45:26,44.88279,-63.51691,134.0,,SKT-4214,1,1,GPNV
29/07/2025,20:45:34,44.88276,-63.51693,128.0,,SKT-4214,1,1,GPNV
29/07/2025,20:45:41,44.88267,-63.51706,117.0,,SKT-4214,1,1,GPNV
29/07/2025,20:45:48,44.88263,-63.51711,110.0,,SKT-4214,1,1,GPNV
29/07/2025,20:45:55,44.88264,-63.51704,109.0,,SKT-4214,1,1,GPNV
29/07/2025,20:46:02,44.88263,-63.51699,102.0,,SKT-4214,1,1,GPNV
29/07/2025,20:46:10,44.8826,-63.51696,99.0,,SKT-4214,1,1,GPNV
29/07/2025,20:46:17,44.88259,-63.51696,94.0,,SKT-4214,1,1,GPNV
29/07/2025,20:46:24,44.88263,-63.51694,88.0,,SKT-4214,1,1,GPNV
29/07/2025,20:46:31,44.88268,-63.51693,83.0,,SKT-4214,1,1,GPNV
29/07/2025,20:46:38,44.88274,-63.51686,84.0,,SKT-4214,1,1,GPNV
29/07/2025,20:46:45,44.88279,-63.51679,86.0,,SKT-4214,1,1,GPNV
29/07/2025,20:46:53,44.88286,-63.5167,85.0,,SKT-4214,1,1,GPNV
29/07/2025,20:47:00,44.88289,-63.51652,82.0,,SKT-4214,1,1,GPNV
29/07/2025,20:47:07,44.88279,-63.51656,76.0,,SKT-4214,1,1,GPNV
29/07/2025,20:47:14,44.88269,-63.51669,77.0,,SKT-4214,1,1,GPNV
29/07/2025,20:47:21,44.88266,-63.51687,93.0,,SKT-4214,1,1,GPNV
29/07/2025,20:47:29,44.88264,-63.51702,106.0,,SKT-4214,1,1,GPNV
29/07/2025,20:47:36,44.88263,-63.51711,113.0,,SKT-4214,1,1,GPNV
29/07/2025,20:47:43,44.88262,-63.51719,124.0,,SKT-4214,1,1,GPNV
29/07/2025,20:47:50,44.88261,-63.5172,124.0,,SKT-4214,1,1,GPNV
29/07/2025,20:47:58,44.88263,-63.51712,114.0,,SKT-4214,1,1,GPNV
29/07/2025,20:48:05,44.88262,-63.51711,107.0,,SKT-4214,1,1,GPNV
29/07/2025,20:48:12,44.88259,-63.51707,112.0,,SKT-4214,1,1,GPNV
29/07/2025,20:48:19,44.88257,-63.51702,121.0,,SKT-4214,1,1,GPNV
29/07/2025,20:48:26,44.88255,-63.51694,132.0,,SKT-4214,1,1,GPNV
29/07/2025,20:48:33,44.88251,-63.51689,140.0,,SKT-4214,1,1,GPNV
29/07/2025,20:48:41,44.8825,-63.51685,149.0,,SKT-4214,1,1,GPNV
29/07/2025,20:48:48,44.88254,-63.51682,158.0,,SKT-4214,1,1,GPNV
29/07/2025,20:48:55,44.88255,-63.51681,160.0,,SKT-4214,1,1,GPNV
29/07/2025,20:49:02,44.88256,-63.51677,167.0,,SKT-4214,1,1,GPNV
29/07/2025,20:49:09,44.88256,-63.5167,174.0,,SKT-4214,1,1,GPNV
29/07/2025,20:49:17,44.88258,-63.51669,171.0,,SKT-4214,1,1,GPNV
29/07/2025,20:49:24,44.88258,-63.5168,153.0,,SKT-4214,1,1,GPNV
29/07/2025,20:49:31,44.88262,-63.51691,141.0,,SKT-4214,1,1,GPNV
29/07/2025,20:49:38,44.88264,-63.51694,139.0,,SKT-4214,1,1,GPNV
29/07/2025,20:49:45,44.88266,-63.51697,141.0,,SKT-4214,1,1,GPNV
29/07/2025,20:49:52,44.88268,-63.51695,136.0,,SKT-4214,1,1,GPNV
29/07/2025,20:49:59,44.88273,-63.51684,129.0,,SKT-4214,1,1,GPNV
29/07/2025,20:50:07,44.88277,-63.51675,128.0,,SKT-4214,1,1,GPNV
29/07/2025,20:50:14,44.88274,-63.51675,125.0,,SKT-4214,1,1,GPNV
29/07/2025,20:50:21,44.88272,-63.51676,124.0,,SKT-4214,1,1,GPNV
29/07/2025,20:50:29,44.88269,-63.51679,121.0,,SKT-4214,1,1,GPNV
29/07/2025,20:50:36,44.88266,-63.51685,109.0,,SKT-4214,1,1,GPNV
29/07/2025,20:50:44,44.88266,-63.51687,100.0,,SKT-4214,1,1,GPNV
29/07/2025,20:50:51,44.88268,-63.51687,93.0,,SKT-4214,1,1,GPNV
29/07/2025,20:50:58,44.88268,-63.51687,87.0,,SKT-4214,1,1,GPNV
29/07/2025,20:51:05,44.88269,-63.51687,82.0,,SKT-4214,1,1,GPNV
29/07/2025,20:51:12,44.8827,-63.51686,80.0,,SKT-4214,1,1,GPNV
29/07/2025,20:51:20,44.88272,-63.51688,79.0,,SKT-4214,1,1,GPNV
29/07/2025,20:51:27,44.88275,-63.5169,76.0,,SKT-4214,1,1,GPNV
29/07/2025,20:51:34,44.88272,-63.51688,90.0,,SKT-4214,1,1,GPNV
29/07/2025,20:51:41,44.88273,-63.5169,101.0,,SKT-4214,1,1,GPNV
29/07/2025,20:51:48,44.88272,-63.5169,111.0,,SKT-4214,1,1,GPNV
29/07/2025,20:51:56,44.8827,-63.5169,111.0,,SKT-4214,1,1,GPNV
29/07/2025,20:52:03,44.88268,-63.51689,105.0,,SKT-4214,1,1,GPNV
29/07/2025,20:52:10,44.88268,-63.51688,98.0,,SKT-4214,1,1,GPNV
29/07/2025,20:52:17,44.8827,-63.51684,93.0,,SKT-4214,1,1,GPNV
29/07/2025,20:52:24,44.88272,-63.51682,91.0,,SKT-4214,1,1,GPNV
29/07/2025,20:52:32,44.88274,-63.51682,92.0,,SKT-4214,1,1,GPNV
29/07/2025,20:52:39,44.88279,-63.5168,96.0,,SKT-4214,1,1,GPNV
29/07/2025,20:52:46,44.88279,-63.51684,108.0,,SKT-4214,1,1,GPNV
29/07/2025,20:52:53,44.88282,-63.51685,122.0,,SKT-4214,1,1,GPNV
29/07/2025,20:53:00,44.88291,-63.51682,135.0,,SKT-4214,1,1,GPNV
29/07/2025,20:53:08,44.88303,-63.51675,149.0,,SKT-4214,1,1,GPNV
29/07/2025,20:53:15,44.88311,-63.5167,166.0,,SKT-4214,1,1,GPNV
29/07/2025,20:53:22,44.88309,-63.51668,167.0,,SKT-4214,1,1,GPNV
29/07/2025,20:53:29,44.88308,-63.51664,175.0,,SKT-4214,1,1,GPNV
29/07/2025,20:53:36,44.88305,-63.51665,177.0,,SKT-4214,1,1,GPNV
29/07/2025,20:53:44,44.88295,-63.51676,173.0,,SKT-4214,1,1,GPNV
29/07/2025,20:53:51,44.88289,-63.51683,170.0,,SKT-4214,1,1,GPNV
29/07/2025,20:53:58,44.88285,-63.51689,165.0,,SKT-4214,1,1,GPNV
29/07/2025,20:54:05,44.88283,-63.51686,171.0,,SKT-4214,1,1,GPNV
29/07/2025,20:54:12,44.88279,-63.51689,158.0,,SKT-4214,1,1,GPNV
29/07/2025,20:54:20,44.8827,-63.5169,135.0,,SKT-4214,1,1,GPNV
29/07/2025,20:54:27,44.88258,-63.51685,121.0,,SKT-4214,1,1,GPNV
29/07/2025,20:54:34,44.88247,-63.51687,112.0,,SKT-4214,1,1,GPNV
29/07/2025,20:54:41,44.88241,-63.5169,110.0,,SKT-4214,1,1,GPNV
29/07/2025,20:54:49,44.88238,-63.51695,105.0,,SKT-4214,1,1,GPNV
29/07/2025,20:54:56,44.88244,-63.51695,103.0,,SKT-4214,1,1,GPNV
29/07/2025,20:55:03,44.88248,-63.51695,102.0,,SKT-4214,1,1,GPNV
29/07/2025,20:55:10,44.8825,-63.51696,103.0,,SKT-4214,1,1,GPNV
29/07/2025,20:55:17,44.88251,-63.51698,103.0,,SKT-4214,1,1,GPNV
29/07/2025,20:55:24,44.88253,-63.51698,104.0,,SKT-4214,1,1,GPNV
29/07/2025,20:55:32,44.88255,-63.51699,102.0,,SKT-4214,1,1,GPNV
29/07/2025,20:55:39,44.88256,-63.51699,100.0,,SKT-4214,1,1,GPNV
29/07/2025,20:55:46,44.88256,-63.51704,94.0,,SKT-4214,1,1,GPNV
29/07/2025,20:56:00,,,,,,0,0,
29/07/2025,20:56:05,,,,,,0,0,
29/07/2025,20:56:11,,,,,,0,0,
29/07/2025,20:56:16,,,,,,0,0,
29/07/2025,20:56:21,,,,,,0,0,
29/07/2025,20:56:26,,,,,,0,0,
29/07/2025,20:56:32,,,,,,0,0,
29/07/2025,21:29:20,44.88269,-63.51717,155.0,,SKT-4214,1,0,GPNV
29/07/2025,20:56:51,,,,,SKT-4214,1,0,GPNV
29/07/2025,21:29:37,44.88274,-63.51712,156.0,,SKT-4214,1,0,GPNV
29/07/2025,20:57:08,,,,,SKT-4214,1,0,GPNV
29/07/2025,21:29:55,44.88277,-63.517,133.0,,SKT-4214,1,1,GPNV
29/07/2025,20:57:26,,,,,SKT-4214,1,1,GPNV
29/07/2025,20:57:35,,,,,SKT-4214,0,0,GPNV
29/07/2025,20:57:45,,,,,SKT-4214,1,0,GPNV
29/07/2025,21:30:31,44.88265,-63.51686,114.0,,SKT-4214,1,1,GPNV
29/07/2025,21:30:40,44.8827,-63.51684,112.0,,SKT-4214,1,0,GPNV
29/07/2025,21:30:48,44.88273,-63.51687,116.0,,SKT-4214,1,0,GPNV
29/07/2025,21:30:55,44.88274,-63.51692,124.0,,SKT-4214,1,0,GPNV
29/07/2025,21:31:02,44.88273,-63.51695,128.0,,SKT-4214,1,0,GPNV
29/07/2025,21:31:09,44.88274,-63.51696,123.0,,SKT-4214,1,0,GPNV
29/07/2025,21:31:16,44.88277,-63.51697,116.0,,SKT-4214,1,0,GPNV
29/07/2025,21:31:23,44.88279,-63.51697,111.0,,SKT-4214,1,0,GPNV
29/07/2025,21:31:31,44.88279,-63.517,116.0,,SKT-4214,1,0,GPNV
29/07/2025,20:59:02,,,,,SKT-4214,1,0,GPNV
29/07/2025,21:31:49,44.88269,-63.51701,94.0,,SKT-4214,1,1,GPNV
29/07/2025,21:31:56,44.88266,-63.51696,80.0,,SKT-4214,1,0,GPNV
29/07/2025,21:32:03,44.88264,-63.51694,79.0,,SKT-4214,1,0,GPNV
29/07/2025,21:32:10,44.88264,-63.51693,84.0,,SKT-4214,1,0,GPNV
29/07/2025,21:32:18,44.88264,-63.51694,95.0,,SKT-4214,1,0,GPNV
29/07/2025,21:32:25,44.88266,-63.51692,105.0,,SKT-4214,1,0,GPNV
29/07/2025,21:32:32,44.88264,-63.51682,104.0,,SKT-4214,1,0,GPNV
29/07/2025,21:32:39,44.88263,-63.51675,106.0,,SKT-4214,1,0,GPNV
29/07/2025,21:32:46,44.88263,-63.51672,118.0,,SKT-4214,1,1,GPNV
29/07/2025,21:32:54,44.88267,-63.51672,125.0,,SKT-4214,1,1,GPNV
29/07/2025,21:00:26,,,,,SKT-4214,1,1,GPNV
29/07/2025,21:33:12,44.88279,-63.51674,129.0,,SKT-4214,1,1,GPNV
29/07/2025,21:33:19,44.88281,-63.51677,135.0,,SKT-4214,1,1,GPNV
29/07/2025,21:33:26,44.8828,-63.51678,136.0,,SKT-4214,1,1,GPNV
29/07/2025,21:33:34,44.88278,-63.51675,125.0,,SKT-4214,1,1,GPNV
29/07/2025,21:33:41,44.88274,-63.51672,107.0,,SKT-4214,1,1,GPNV
29/07/2025,21:33:48,44.88272,-63.51675,103.0,,SKT-4214,1,1,GPNV
29/07/2025,21:33:55,44.88272,-63.51675,106.0,,SKT-4214,1,1,GPNV
29/07/2025,21:34:02,44.88272,-63.51678,124.0,,SKT-4214,1,1,GPNV
29/07/2025,21:34:09,44.88272,-63.51681,136.0,,SKT-4214,1,1,GPNV
29/07/2025,21:34:17,44.8827,-63.51673,130.0,,SKT-4214,1,1,GPNV
29/07/2025,21:34:24,44.8827,-63.51672,132.0,,SKT-4214,1,1,GPNV
29/07/2025,21:34:31,44.88266,-63.51673,142.0,,SKT-4214,1,1,GPNV
29/07/2025,21:34:38,44.88262,-63.51675,153.0,,SKT-4214,1,1,GPNV
29/07/2025,21:34:45,44.8826,-63.51676,159.0,,SKT-4214,1,1,GPNV
29/07/2025,21:02:15,,,,,SKT-4214,1,1,GPNV
29/07/2025,21:35:02,44.88284,-63.51658,150.0,,SKT-4214,1,1,GPNV
29/07/2025,21:35:09,44.88291,-63.51656,143.0,,SKT-4214,1,1,GPNV
29/07/2025,21:35:17,44.88268,-63.51673,185.0,,SKT-4214,1,1,GPNV
29/07/2025,21:35:24,44.88259,-63.51683,197.0,,SKT-4214,1,1,GPNV
29/07/2025,21:35:32,44.88255,-63.51687,198.0,,SKT-4214,1,1,GPNV
29/07/2025,21:35:39,44.88256,-63.51686,212.0,,SKT-4214,1,1,GPNV
29/07/2025,21:35:46,44.8826,-63.51693,224.0,,SKT-4214,1,1,GPNV
29/07/2025,21:35:53,44.88264,-63.51694,235.0,,SKT-4214,1,1,GPNV
29/07/2025,21:36:01,44.8827,-63.51697,239.0,,SKT-4214,1,1,GPNV
29/07/2025,21:36:09,44.88271,-63.51698,221.0,,SKT-4214,1,1,GPNV
29/07/2025,21:36:16,44.88266,-63.51698,198.0,,SKT-4214,1,1,GPNV
29/07/2025,21:36:23,44.88265,-63.51699,186.0,,SKT-4214,1,1,GPNV
29/07/2025,21:36:31,44.88263,-63.51699,176.0,,SKT-4214,1,1,GPNV
29/07/2025,21:36:38,44.88261,-63.51694,163.0,,SKT-4214,1,1,GPNV
29/07/2025,21:36:45,44.88258,-63.51691,156.0,,SKT-4214,1,1,GPNV
29/07/2025,21:36:52,44.88256,-63.5169,153.0,,SKT-4214,1,1,GPNV
29/07/2025,21:37:00,44.88253,-63.51688,157.0,,SKT-4214,1,1,GPNV
29/07/2025,21:37:07,44.88251,-63.51686,162.0,,SKT-4214,1,1,GPNV
29/07/2025,21:37:14,44.8825,-63.51685,160.0,,SKT-4214,1,1,GPNV
29/07/2025,21:37:21,44.88248,-63.51683,151.0,,SKT-4214,1,1,GPNV
29/07/2025,21:37:28,44.88249,-63.51685,144.0,,SKT-4214,1,1,GPNV
29/07/2025,21:37:36,44.88253,-63.5169,141.0,,SKT-4214,1,1,GPNV
29/07/2025,21:37:43,44.88257,-63.51696,138.0,,SKT-4214,1,1,GPNV
29/07/2025,21:37:50,44.8826,-63.51699,134.0,,SKT-4214,1,1,GPNV
29/07/2025,21:37:57,44.88261,-63.51701,127.0,,SKT-4214,1,1,GPNV
29/07/2025,21:38:04,44.88261,-63.51696,123.0,,SKT-4214,1,1,GPNV
29/07/2025,21:38:12,44.88261,-63.5169,122.0,,SKT-4214,1,1,GPNV
29/07/2025,21:38:19,44.88261,-63.51685,123.0,,SKT-4214,1,1,GPNV
29/07/2025,21:38:26,44.88263,-63.51682,124.0,,SKT-4214,1,1,GPNV
29/07/2025,21:38:33,44.88264,-63.51681,126.0,,SKT-4214,1,1,GPNV
29/07/2025,21:38:40,44.88269,-63.51682,126.0,,SKT-4214,1,1,GPNV
29/07/2025,21:38:48,44.88269,-63.51688,127.0,,SKT-4214,1,1,GPNV
29/07/2025,21:38:56,44.88268,-63.51693,120.0,,SKT-4214,1,1,GPNV
29/07/2025,21:39:03,44.88267,-63.51693,108.0,,SKT-4214,1,1,GPNV
29/07/2025,21:39:10,44.88265,-63.51693,104.0,,SKT-4214,1,1,GPNV
29/07/2025,21:39:18,44.88263,-63.5169,111.0,,SKT-4214,1,0,GPNV
29/07/2025,21:39:25,44.88261,-63.51686,118.0,,SKT-4214,1,0,GPNV
29/07/2025,21:39:32,44.88259,-63.51683,107.0,,SKT-4214,1,0,GPNV
29/07/2025,21:39:40,44.88258,-63.51684,112.0,,SKT-4214,1,0,GPNV
29/07/2025,21:39:47,44.88259,-63.51686,126.0,,SKT-4214,1,0,GPNV
29/07/2025,21:39:54,44.88259,-63.51687,141.0,,SKT-4214,1,0,GPNV
29/07/2025,21:40:01,44.88258,-63.51691,153.0,,SKT-4214,1,0,GPNV
29/07/2025,21:40:08,44.88258,-63.51696,160.0,,SKT-4214,1,1,GPNV
29/07/2025,21:40:15,44.88257,-63.51698,163.0,,SKT-4214,1,1,GPNV
29/07/2025,21:40:22,44.88257,-63.51701,161.0,,SKT-4214,1,1,GPNV
29/07/2025,21:40:30,44.88258,-63.51704,159.0,,SKT-4214,1,1,GPNV
29/07/2025,21:40:37,44.8826,-63.51704,150.0,,SKT-4214,1,1,GPNV
29/07/2025,21:40:44,44.88261,-63.51699,127.0,,SKT-4214,1,1,GPNV
29/07/2025,21:40:51,44.88261,-63.51697,112.0,,SKT-4214,1,1,GPNV
29/07/2025,21:40:58,44.8826,-63.51693,78.0,,SKT-4214,1,1,GPNV
29/07/2025,21:41:05,44.88257,-63.51688,51.0,,SKT-4214,1,1,GPNV
29/07/2025,21:41:12,44.88253,-63.51687,35.0,,SKT-4214,1,1,GPNV
29/07/2025,21:41:20,44.88248,-63.51686,23.0,,SKT-4214,1,1,GPNV
29/07/2025,21:41:27,44.88244,-63.51684,26.0,,SKT-4214,1,1,GPNV
29/07/2025,21:41:34,44.8824,-63.51673,49.0,,SKT-4214,1,1,GPNV
29/07/2025,21:41:41,44.88241,-63.51669,68.0,,SKT-4214,1,1,GPNV
29/07/2025,21:41:48,44.88241,-63.51661,73.0,,SKT-4214,1,1,GPNV
29/07/2025,21:41:55,44.8824,-63.51655,77.0,,SKT-4214,1,1,GPNV
29/07/2025,21:42:02,44.8824,-63.51652,79.0,,SKT-4214,1,1,GPNV
29/07/2025,21:42:10,44.88239,-63.51652,82.0,,SKT-4214,1,1,GPNV
29/07/2025,21:42:17,44.8824,-63.51654,86.0,,SKT-4214,1,1,GPNV
29/07/2025,21:42:24,44.8824,-63.51652,89.0,,SKT-4214,1,1,GPNV
29/07/2025,21:42:31,44.8824,-63.51649,99.0,,SKT-4214,1,1,GPNV
29/07/2025,21:42:38,44.88239,-63.51649,112.0,,SKT-4214,1,1,GPNV
29/07/2025,21:42:45,44.88239,-63.51653,129.0,,SKT-4214,1,1,GPNV
29/07/2025,21:42:53,44.88244,-63.51661,147.0,,SKT-4214,1,1,GPNV
29/07/2025,21:43:00,44.8825,-63.5167,153.0,,SKT-4214,1,1,GPNV
29/07/2025,21:43:08,44.88257,-63.51679,147.0,,SKT-4214,1,1,GPNV
29/07/2025,21:43:15,44.88258,-63.51685,144.0,,SKT-4214,1,1,GPNV
29/07/2025,21:43:22,44.88258,-63.51685,136.0,,SKT-4214,1,1,GPNV
29/07/2025,21:43:29,44.88259,-63.51686,131.0,,SKT-4214,1,1,GPNV
29/07/2025,21:43:37,44.88259,-63.5169,121.0,,SKT-4214,1,1,GPNV
29/07/2025,21:43:44,44.8826,-63.51692,113.0,,SKT-4214,1,1,GPNV
29/07/2025,21:43:51,44.8826,-63.51699,109.0,,SKT-4214,1,1,GPNV
29/07/2025,21:43:58,44.8826,-63.51709,103.0,,SKT-4214,1,1,GPNV
29/07/2025,21:44:05,44.8826,-63.51713,102.0,,SKT-4214,1,1,GPNV
29/07/2025,21:44:12,44.88261,-63.51711,103.0,,SKT-4214,1,1,GPNV
29/07/2025,21:44:19,44.8826,-63.51707,104.0,,SKT-4214,1,1,GPNV
29/07/2025,21:44:27,44.88258,-63.51701,109.0,,SKT-4214,1,1,GPNV
29/07/2025,21:44:34,44.88258,-63.51693,121.0,,SKT-4214,1,1,GPNV
29/07/2025,21:44:41,44.8826,-63.51686,135.0,,SKT-4214,1,1,GPNV
29/07/2025,21:44:48,44.88261,-63.51679,142.0,,SKT-4214,1,1,GPNV
29/07/2025,21:44:56,44.88267,-63.51673,159.0,,SKT-4214,1,1,GPNV
29/07/2025,21:45:03,44.88273,-63.51674,167.0,,SKT-4214,1,1,GPNV
29/07/2025,21:45:10,44.88278,-63.51674,159.0,,SKT-4214,1,1,GPNV
29/07/2025,21:45:17,44.88285,-63.51673,139.0,,SKT-4214,1,1,GPNV
29/07/2025,21:45:24,44.8829,-63.5167,129.0,,SKT-4214,1,1,GPNV
29/07/2025,21:45:31,44.88293,-63.51667,130.0,,SKT-4214,1,1,GPNV
29/07/2025,21:45:38,44.88298,-63.51665,130.0,,SKT-4214,1,1,GPNV
29/07/2025,21:45:45,44.88303,-63.51665,126.0,,SKT-4214,1,1,GPNV
29/07/2025,21:45:53,44.88307,-63.51665,131.0,,SKT-4214,1,1,GPNV
29/07/2025,21:46:00,44.8831,-63.51663,129.0,,SKT-4214,1,1,GPNV
29/07/2025,21:46:07,44.88308,-63.51663,115.0,,SKT-4214,1,1,GPNV
29/07/2025,21:46:14,44.88304,-63.51666,107.0,,SKT-4214,1,1,GPNV
29/07/2025,21:46:21,44.88303,-63.51667,103.0,,SKT-4214,1,1,GPNV
29/07/2025,21:46:28,44.88301,-63.51669,101.0,,SKT-4214,1,1,GPNV
29/07/2025,21:46:35,44.88298,-63.51672,99.0,,SKT-4214,1,1,GPNV
29/07/2025,21:46:43,44.88295,-63.51672,96.0,,SKT-4214,1,1,GPNV
29/07/2025,21:46:50,44.8829,-63.51675,101.0,,SKT-4214,1,1,GPNV
29/07/2025,21:46:57,44.88286,-63.51681,109.0,,SKT-4214,1,1,GPNV
29/07/2025,21:47:04,44.88274,-63.5168,93.0,,SKT-4214,1,1,GPNV
29/07/2025,21:47:11,44.88262,-63.5168,72.0,,SKT-4214,1,1,GPNV
29/07/2025,21:47:18,44.88251,-63.51681,55.0,,SKT-4214,1,1,GPNV
29/07/2025,21:47:26,44.88249,-63.51676,44.0,,SKT-4214,1,1,GPNV
29/07/2025,21:47:33,44.88251,-63.51674,40.0,,SKT-4214,1,1,GPNV
29/07/2025,21:47:40,44.88252,-63.51674,36.0,,SKT-4214,1,1,GPNV
29/07/2025,21:47:47,44.88256,-63.51672,36.0,,SKT-4214,1,1,GPNV
29/07/2025,21:47:54,44.88259,-63.51677,47.0,,SKT-4214,1,1,GPNV
29/07/2025,21:48:02,44.8826,-63.51684,61.0,,SKT-4214,1,1,GPNV
29/07/2025,21:48:09,44.88262,-63.51682,64.0,,SKT-4214,1,1,GPNV
29/07/2025,21:48:16,44.88264,-63.51676,58.0,,SKT-4214,1,1,GPNV
29/07/2025,21:48:24,44.88263,-63.51679,56.0,,SKT-4214,1,1,GPNV
29/07/2025,21:48:31,44.88263,-63.51683,61.0,,SKT-4214,1,1,GPNV
29/07/2025,21:48:38,44.88264,-63.51688,69.0,,SKT-4214,1,1,GPNV
29/07/2025,21:48:46,44.88263,-63.51691,76.0,,SKT-4214,1,1,GPNV
29/07/2025,21:48:53,44.88263,-63.51691,81.0,,SKT-4214,1,1,GPNV
29/07/2025,21:49:00,44.88263,-63.51695,91.0,,SKT-4214,1,1,GPNV
29/07/2025,21:49:07,44.88265,-63.51694,88.0,,SKT-4214,1,1,GPNV
29/07/2025,21:49:14,44.88266,-63.51696,81.0,,SKT-4214,1,1,GPNV
29/07/2025,21:49:21,44.88268,-63.51694,87.0,,SKT-4214,1,1,GPNV
29/07/2025,21:49:29,44.88269,-63.51692,99.0,,SKT-4214,1,1,GPNV
29/07/2025,21:49:36,44.8827,-63.51694,116.0,,SKT-4214,1,1,GPNV
29/07/2025,21:49:44,44.88268,-63.51696,127.0,,SKT-4214,1,1,GPNV
29/07/2025,21:49:51,44.88268,-63.51698,132.0,,SKT-4214,1,1,GPNV
29/07/2025,21:49:58,44.88267,-63.51699,136.0,,SKT-4214,1,1,GPNV
29/07/2025,21:50:06,44.88265,-63.51695,136.0,,SKT-4214,1,1,GPNV
29/07/2025,21:50:13,44.88266,-63.51694,137.0,,SKT-4214,1,1,GPNV
29/07/2025,21:50:20,44.88267,-63.51694,140.0,,SKT-4214,1,1,GPNV
29/07/2025,21:50:27,44.88268,-63.51694,139.0,,SKT-4214,1,1,GPNV
29/07/2025,21:50:34,44.88268,-63.51694,137.0,,SKT-4214,1,1,GPNV
29/07/2025,21:50:42,44.8826,-63.51691,115.0,,SKT-4214,1,1,GPNV
29/07/2025,21:50:49,44.88256,-63.51689,107.0,,SKT-4214,1,1,GPNV
29/07/2025,21:50:56,44.88251,-63.51687,97.0,,SKT-4214,1,1,GPNV
29/07/2025,21:51:03,44.88247,-63.51686,86.0,,SKT-4214,1,1,GPNV
29/07/2025,21:51:10,44.88245,-63.51684,74.0,,SKT-4214,1,1,GPNV
29/07/2025,21:51:17,44.88245,-63.51682,65.0,,SKT-4214,1,1,GPNV
29/07/2025,21:51:24,44.88245,-63.51682,61.0,,SKT-4214,1,1,GPNV
29/07/2025,21:51:32,44.88246,-63.51682,57.0,,SKT-4214,1,1,GPNV
29/07/2025,21:51:39,44.88248,-63.5168,59.0,,SKT-4214,1,1,GPNV
29/07/2025,21:51:46,44.88249,-63.5168,65.0,,SKT-4214,1,1,GPNV
29/07/2025,21:51:53,44.88254,-63.51679,82.0,,SKT-4214,1,1,GPNV
29/07/2025,21:52:00,44.8826,-63.51679,100.0,,SKT-4214,1,1,GPNV
29/07/2025,21:52:07,44.88262,-63.51681,109.0,,SKT-4214,1,1,GPNV
29/07/2025,21:52:15,44.88266,-63.51685,119.0,,SKT-4214,1,1,GPNV
29/07/2025,21:52:22,44.88268,-63.51686,123.0,,SKT-4214,1,1,GPNV
29/07/2025,21:52:29,44.88266,-63.51689,125.0,,SKT-4214,1,1,GPNV
29/07/2025,21:52:36,44.8827,-63.51695,126.0,,SKT-4214,1,1,GPNV
29/07/2025,21:52:43,44.88272,-63.51697,125.0,,SKT-4214,1,1,GPNV
29/07/2025,21:52:50,44.88274,-63.51697,127.0,,SKT-4214,1,1,GPNV
29/07/2025,21:52:58,44.88274,-63.51695,126.0,,SKT-4214,1,1,GPNV
29/07/2025,21:53:05,44.88272,-63.51696,132.0,,SKT-4214,1,1,GPNV
29/07/2025,21:53:12,44.88272,-63.51696,136.0,,SKT-4214,1,1,GPNV
29/07/2025,21:53:19,44.88272,-63.51694,141.0,,SKT-4214,1,1,GPNV
29/07/2025,21:53:26,44.88273,-63.51694,145.0,,SKT-4214,1,1,GPNV
29/07/2025,21:53:34,44.88273,-63.51696,142.0,,SKT-4214,1,1,GPNV
29/07/2025,21:53:41,44.88273,-63.51699,142.0,,SKT-4214,1,1,GPNV
29/07/2025,21:53:48,44.8827,-63.51707,144.0,,SKT-4214,1,1,GPNV
29/07/2025,21:53:55,44.88269,-63.51709,143.0,,SKT-4214,1,1,GPNV
29/07/2025,21:54:02,44.88269,-63.51709,143.0,,SKT-4214,1,1,GPNV
29/07/2025,21:54:09,44.8827,-63.5171,147.0,,SKT-4214,1,1,GPNV
29/07/2025,21:54:17,44.88272,-63.51709,154.0,,SKT-4214,1,1,GPNV
29/07/2025,21:54:24,44.88273,-63.5171,161.0,,SKT-4214,1,1,GPNV
29/07/2025,21:54:31,44.88275,-63.51711,158.0,,SKT-4214,1,1,GPNV
29/07/2025,21:54:38,44.88276,-63.51711,157.0,,SKT-4214,1,1,GPNV
29/07/2025,21:54:45,44.88276,-63.51708,154.0,,SKT-4214,1,1,GPNV
29/07/2025,21:54:53,44.8827,-63.51702,134.0,,SKT-4214,1,1,GPNV
29/07/2025,21:55:00,44.88267,-63.51698,125.0,,SKT-4214,1,1,GPNV
29/07/2025,21:55:07,44.88265,-63.51696,122.0,,SKT-4214,1,1,GPNV
29/07/2025,21:55:14,44.88265,-63.51693,117.0,,SKT-4214,1,1,GPNV
29/07/2025,21:55:21,44.88263,-63.51693,107.0,,SKT-4214,1,1,GPNV
29/07/2025,21:55:28,44.88263,-63.51692,101.0,,SKT-4214,1,1,GPNV
29/07/2025,21:55:36,44.88262,-63.51693,94.0,,SKT-4214,1,1,GPNV
29/07/2025,21:55:43,44.8826,-63.51696,84.0,,SKT-4214,1,1,GPNV
29/07/2025,21:55:50,44.88258,-63.51699,76.0,,SKT-4214,1,1,GPNV
29/07/2025,21:55:57,44.88255,-63.51702,69.0,,SKT-4214,1,1,GPNV
29/07/2025,21:56:04,44.88253,-63.51708,69.0,,SKT-4214,1,1,GPNV
29/07/2025,21:56:12,44.88252,-63.51712,72.0,,SKT-4214,1,1,GPNV
29/07/2025,21:56:19,44.88251,-63.51715,73.0,,SKT-4214,1,1,GPNV
29/07/2025,21:56:26,44.8825,-63.51714,74.0,,SKT-4214,1,1,GPNV
29/07/2025,21:56:33,44.88248,-63.51711,75.0,,SKT-4214,1,1,GPNV
29/07/2025,21:56:40,44.88248,-63.5171,71.0,,SKT-4214,1,1,GPNV
29/07/2025,21:56:47,44.88247,-63.51707,63.0,,SKT-4214,1,1,GPNV
29/07/2025,21:56:55,44.88248,-63.51709,54.0,,SKT-4214,1,1,GPNV
29/07/2025,21:57:02,44.88249,-63.51706,54.0,,SKT-4214,1,1,GPNV
29/07/2025,21:57:09,44.88249,-63.51699,60.0,,SKT-4214,1,1,GPNV
29/07/2025,21:24:40,,,,,SKT-4214,1,1,GPNV
29/07/2025,21:57:27,44.88261,-63.51693,97.0,,SKT-4214,1,1,GPNV
29/07/2025,21:57:35,44.88263,-63.51697,111.0,,SKT-4214,1,1,GPNV
29/07/2025,21:57:43,44.88264,-63.51701,116.0,,SKT-4214,1,0,GPNV
29/07/2025,21:57:52,44.88264,-63.517,126.0,,SKT-4214,1,1,GPNV
29/07/2025,21:57:59,44.88265,-63.51699,133.0,,SKT-4214,1,1,GPNV
29/07/2025,21:58:07,44.88267,-63.51696,134.0,,SKT-4214,1,1,GPNV
29/07/2025,21:58:14,44.88268,-63.51692,135.0,,SKT-4214,1,1,GPNV
29/07/2025,21:58:21,44.88266,-63.51688,138.0,,SKT-4214,1,1,GPNV
29/07/2025,21:58:28,44.88266,-63.51686,142.0,,SKT-4214,1,1,GPNV
29/07/2025,21:58:35,44.88268,-63.51687,148.0,,SKT-4214,1,1,GPNV
29/07/2025,21:58:43,44.88267,-63.51688,150.0,,SKT-4214,1,1,GPNV
29/07/2025,21:58:50,44.88263,-63.51689,149.0,,SKT-4214,1,1,GPNV
29/07/2025,21:58:57,44.8826,-63.51688,152.0,,SKT-4214,1,1,GPNV
29/07/2025,21:59:04,44.8826,-63.51682,148.0,,SKT-4214,1,1,GPNV
29/07/2025,21:59:11,44.88257,-63.51679,137.0,,SKT-4214,1,1,GPNV
29/07/2025,21:59:18,44.88254,-63.51681,123.0,,SKT-4214,1,1,GPNV
29/07/2025,21:59:25,44.88253,-63.51682,117.0,,SKT-4214,1,1,GPNV
29/07/2025,21:59:32,44.88251,-63.51687,114.0,,SKT-4214,1,1,GPNV
29/07/2025,21:59:40,44.88248,-63.51693,111.0,,SKT-4214,1,1,GPNV
29/07/2025,21:59:47,44.88247,-63.51693,100.0,,SKT-4214,1,1,GPNV
29/07/2025,21:59:54,44.88247,-63.51694,102.0,,SKT-4214,1,1,GPNV
29/07/2025,22:00:01,44.88247,-63.51699,116.0,,SKT-4214,1,1,GPNV
29/07/2025,22:00:08,44.88248,-63.51706,123.0,,SKT-4214,1,1,GPNV
29/07/2025,22:00:15,44.88251,-63.5171,123.0,,SKT-4214,1,1,GPNV
29/07/2025,22:00:22,44.88254,-63.51712,121.0,,SKT-4214,1,1,GPNV
29/07/2025,22:00:30,44.88256,-63.51711,120.0,,SKT-4214,1,1,GPNV
29/07/2025,22:00:37,44.88256,-63.51707,121.0,,SKT-4214,1,1,GPNV
29/07/2025,22:00:44,44.88255,-63.51699,125.0,,SKT-4214,1,1,GPNV
29/07/2025,22:00:51,44.88251,-63.51697,127.0,,SKT-4214,1,1,GPNV
29/07/2025,22:00:58,44.88248,-63.51696,132.0,,SKT-4214,1,1,GPNV
29/07/2025,22:01:05,44.88247,-63.51695,132.0,,SKT-4214,1,1,GPNV
29/07/2025,22:01:12,44.88245,-63.51697,127.0,,SKT-4214,1,1,GPNV
29/07/2025,22:01:19,44.88245,-63.51696,119.0,,SKT-4214,1,1,GPNV
29/07/2025,22:01:27,44.88247,-63.51694,110.0,,SKT-4214,1,1,GPNV
29/07/2025,22:01:34,44.8825,-63.51693,97.0,,SKT-4214,1,1,GPNV
29/07/2025,22:01:41,44.88253,-63.5169,89.0,,SKT-4214,1,1,GPNV
29/07/2025,22:01:48,44.88255,-63.5169,90.0,,SKT-4214,1,1,GPNV
29/07/2025,22:01:56,44.88258,-63.51691,95.0,,SKT-4214,1,1,GPNV
29/07/2025,22:02:03,44.88261,-63.51696,102.0,,SKT-4214,1,1,GPNV
29/07/2025,22:02:10,44.88262,-63.51698,111.0,,SKT-4214,1,1,GPNV
29/07/2025,22:02:17,44.88262,-63.51702,118.0,,SKT-4214,1,1,GPNV
29/07/2025,22:02:24,44.8826,-63.51703,126.0,,SKT-4214,1,1,GPNV
29/07/2025,22:02:31,44.88258,-63.51699,131.0,,SKT-4214,1,1,GPNV
29/07/2025,22:02:38,44.88258,-63.51698,126.0,,SKT-4214,1,1,GPNV
29/07/2025,22:02:46,44.88255,-63.51698,120.0,,SKT-4214,1,1,GPNV
29/07/2025,22:02:53,44.88252,-63.51699,118.0,,SKT-4214,1,1,GPNV
29/07/2025,22:03:00,44.88249,-63.51694,128.0,,SKT-4214,1,1,GPNV
29/07/2025,22:03:07,44.88247,-63.51687,135.0,,SKT-4214,1,1,GPNV
29/07/2025,22:03:14,44.88247,-63.5168,141.0,,SKT-4214,1,1,GPNV
29/07/2025,22:03:22,44.88248,-63.51673,151.0,,SKT-4214,1,1,GPNV
29/07/2025,22:03:29,44.88248,-63.51671,155.0,,SKT-4214,1,1,GPNV
29/07/2025,22:03:36,44.88248,-63.5167,154.0,,SKT-4214,1,1,GPNV
29/07/2025,22:03:43,44.88249,-63.51668,148.0,,SKT-4214,1,1,GPNV
29/07/2025,22:03:50,44.88256,-63.51669,140.0,,SKT-4214,1,1,GPNV
29/07/2025,22:03:58,44.88268,-63.51674,131.0,,SKT-4214,1,1,GPNV
29/07/2025,22:04:05,44.88274,-63.51683,129.0,,SKT-4214,1,1,GPNV
29/07/2025,22:04:12,44.88278,-63.51694,131.0,,SKT-4214,1,1,GPNV
29/07/2025,22:04:19,44.88279,-63.517,137.0,,SKT-4214,1,1,GPNV
29/07/2025,22:04:26,44.88277,-63.51699,148.0,,SKT-4214,1,1,GPNV
29/07/2025,22:04:33,44.88276,-63.51701,155.0,,SKT-4214,1,1,GPNV
29/07/2025,22:04:41,44.88273,-63.51699,161.0,,SKT-4214,1,1,GPNV
29/07/2025,22:04:48,44.8827,-63.51697,162.0,,SKT-4214,1,1,GPNV
29/07/2025,22:04:55,44.88265,-63.517,162.0,,SKT-4214,1,1,GPNV
29/07/2025,22:05:02,44.88259,-63.51704,164.0,,SKT-4214,1,1,GPNV
29/07/2025,22:05:09,44.88254,-63.51705,158.0,,SKT-4214,1,1,GPNV
29/07/2025,22:05:16,44.8825,-63.51704,150.0,,SKT-4214,1,1,GPNV
29/07/2025,22:05:24,44.88244,-63.51709,145.0,,SKT-4214,1,1,GPNV
29/07/2025,22:05:31,44.88239,-63.51713,142.0,,SKT-4214,1,1,GPNV
29/07/2025,22:05:38,44.88237,-63.51714,135.0,,SKT-4214,1,1,GPNV
29/07/2025,22:05:45,44.8824,-63.51711,121.0,,SKT-4214,1,1,GPNV
29/07/2025,22:05:52,44.88243,-63.5171,105.0,,SKT-4214,1,1,GPNV
29/07/2025,22:06:00,44.88247,-63.51712,93.0,,SKT-4214,1,1,GPNV
29/07/2025,22:06:07,44.88253,-63.51716,83.0,,SKT-4214,1,1,GPNV
29/07/2025,22:06:15,44.88258,-63.51707,88.0,,SKT-4214,1,1,GPNV
29/07/2025,22:06:22,44.88267,-63.51702,92.0,,SKT-4214,1,1,GPNV
29/07/2025,22:06:29,44.88276,-63.51701,95.0,,SKT-4214,1,1,GPNV
29/07/2025,22:06:36,44.88281,-63.51695,105.0,,SKT-4214,1,1,GPNV
29/07/2025,22:06:44,44.88285,-63.51691,117.0,,SKT-4214,1,1,GPNV
29/07/2025,22:06:51,44.8829,-63.51692,127.0,,SKT-4214,1,1,GPNV
29/07/2025,22:06:58,44.88295,-63.51696,134.0,,SKT-4214,1,1,GPNV
29/07/2025,22:07:05,44.88295,-63.51693,147.0,,SKT-4214,1,1,GPNV
29/07/2025,22:07:12,44.88297,-63.51694,153.0,,SKT-4214,1,1,GPNV
29/07/2025,22:07:19,44.88301,-63.51697,161.0,,SKT-4214,1,1,GPNV
29/07/2025,22:07:27,44.88305,-63.51698,168.0,,SKT-4214,1,1,GPNV
29/07/2025,22:07:34,44.88307,-63.51698,172.0,,SKT-4214,1,1,GPNV
29/07/2025,22:07:41,44.88309,-63.51704,172.0,,SKT-4214,1,1,GPNV
29/07/2025,22:07:48,44.88309,-63.51712,166.0,,SKT-4214,1,1,GPNV
29/07/2025,22:07:55,44.88303,-63.51715,158.0,,SKT-4214,1,1,GPNV
29/07/2025,22:08:02,44.88294,-63.51714,150.0,,SKT-4214,1,1,GPNV
29/07/2025,22:08:10,44.88281,-63.51714,136.0,,SKT-4214,1,1,GPNV
29/07/2025,22:08:17,44.88269,-63.51712,127.0,,SKT-4214,1,1,GPNV
29/07/2025,22:08:24,44.88261,-63.51712,121.0,,SKT-4214,1,1,GPNV
29/07/2025,22:08:31,44.88256,-63.51714,111.0,,SKT-4214,1,1,GPNV
29/07/2025,22:08:38,44.88253,-63.51718,102.0,,SKT-4214,1,1,GPNV
29/07/2025,22:08:45,44.88251,-63.51719,96.0,,SKT-4214,1,1,GPNV
29/07/2025,22:08:52,44.88251,-63.51719,102.0,,SKT-4214,1,1,GPNV
29/07/2025,22:09:00,44.88253,-63.5172,118.0,,SKT-4214,1,1,GPNV
29/07/2025,22:09:07,44.88254,-63.5172,122.0,,SKT-4214,1,1,GPNV
29/07/2025,22:09:14,44.88256,-63.51718,121.0,,SKT-4214,1,1,GPNV
29/07/2025,22:09:21,44.88257,-63.51714,119.0,,SKT-4214,1,1,GPNV
29/07/2025,22:09:28,44.88258,-63.51714,116.0,,SKT-4214,1,1,GPNV
29/07/2025,22:09:35,44.88261,-63.51711,109.0,,SKT-4214,1,1,GPNV
29/07/2025,22:09:42,44.88265,-63.51711,104.0,,SKT-4214,1,1,GPNV
29/07/2025,22:09:49,44.88267,-63.51712,107.0,,SKT-4214,1,1,GPNV
29/07/2025,22:09:57,44.88269,-63.51712,111.0,,SKT-4214,1,1,GPNV
29/07/2025,22:10:04,44.8827,-63.51713,114.0,,SKT-4214,1,1,GPNV
29/07/2025,22:10:11,44.88271,-63.51711,121.0,,SKT-4214,1,1,GPNV
29/07/2025,22:10:18,44.88272,-63.51708,124.0,,SKT-4214,1,1,GPNV
29/07/2025,22:10:25,44.8827,-63.51709,126.0,,SKT-4214,1,1,GPNV
29/07/2025,22:10:33,44.88267,-63.51711,125.0,,SKT-4214,1,1,GPNV
29/07/2025,22:10:40,44.88269,-63.51707,123.0,,SKT-4214,1,1,GPNV
29/07/2025,22:10:47,44.88272,-63.51704,116.0,,SKT-4214,1,1,GPNV
29/07/2025,22:10:54,44.88274,-63.51703,106.0,,SKT-4214,1,1,GPNV
29/07/2025,22:11:02,44.88272,-63.51703,100.0,,SKT-4214,1,1,GPNV
29/07/2025,22:11:09,44.88271,-63.51707,95.0,,SKT-4214,1,1,GPNV
29/07/2025,22:11:16,44.88271,-63.51708,94.0,,SKT-4214,1,1,GPNV
29/07/2025,22:11:23,44.88269,-63.51709,92.0,,SKT-4214,1,1,GPNV
29/07/2025,22:11:30,44.88268,-63.51709,89.0,,SKT-4214,1,1,GPNV
29/07/2025,22:11:37,44.88268,-63.51708,89.0,,SKT-4214,1,1,GPNV
29/07/2025,22:11:44,44.88268,-63.51706,100.0,,SKT-4214,1,1,GPNV
29/07/2025,22:11:51,44.88267,-63.51704,106.0,,SKT-4214,1,1,GPNV
29/07/2025,22:11:58,44.88263,-63.51703,110.0,,SKT-4214,1,1,GPNV
29/07/2025,22:12:06,44.88261,-63.51702,114.0,,SKT-4214,1,1,GPNV
29/07/2025,22:12:13,44.88262,-63.51701,117.0,,SKT-4214,1,1,GPNV
29/07/2025,22:12:20,44.8827,-63.51699,124.0,,SKT-4214,1,1,GPNV
29/07/2025,22:12:27,44.88277,-63.51698,131.0,,SKT-4214,1,1,GPNV
29/07/2025,22:12:34,44.88282,-63.51699,133.0,,SKT-4214,1,1,GPNV
29/07/2025,22:12:41,44.88284,-63.51699,131.0,,SKT-4214,1,1,GPNV
29/07/2025,22:12:48,44.88286,-63.51701,129.0,,SKT-4214,1,1,GPNV
29/07/2025,22:12:55,44.88288,-63.51704,130.0,,SKT-4214,1,1,GPNV
29/07/2025,22:13:03,44.88287,-63.51707,128.0,,SKT-4214,1,1,GPNV
29/07/2025,22:13:10,44.88278,-63.51708,119.0,,SKT-4214,1,1,GPNV
29/07/2025,22:13:17,44.88269,-63.51712,109.0,,SKT-4214,1,1,GPNV
29/07/2025,22:13:24,44.88262,-63.51712,100.0,,SKT-4214,1,1,GPNV
29/07/2025,22:13:32,44.88257,-63.51712,101.0,,SKT-4214,1,1,GPNV
29/07/2025,22:13:39,44.88254,-63.51714,103.0,,SKT-4214,1,1,GPNV
29/07/2025,22:13:46,44.88251,-63.51717,105.0,,SKT-4214,1,1,GPNV
29/07/2025,22:13:53,44.88249,-63.51719,104.0,,SKT-4214,1,1,GPNV
29/07/2025,22:14:00,44.88248,-63.5172,101.0,,SKT-4214,1,1,GPNV
29/07/2025,22:14:07,44.88247,-63.51723,97.0,,SKT-4214,1,1,GPNV
29/07/2025,22:14:14,44.88247,-63.51725,89.0,,SKT-4214,1,1,GPNV
29/07/2025,22:14:22,44.88248,-63.51725,80.0,,SKT-4214,1,1,GPNV
29/07/2025,22:14:29,44.88251,-63.51722,80.0,,SKT-4214,1,1,GPNV
29/07/2025,22:14:36,44.88256,-63.5172,86.0,,SKT-4214,1,1,GPNV
29/07/2025,22:14:43,44.8826,-63.51716,92.0,,SKT-4214,1,1,GPNV
29/07/2025,22:14:50,44.88263,-63.51712,95.0,,SKT-4214,1,1,GPNV
29/07/2025,22:14:58,44.88265,-63.5171,99.0,,SKT-4214,1,1,GPNV
29/07/2025,22:15:05,44.88266,-63.51709,99.0,,SKT-4214,1,1,GPNV
29/07/2025,22:15:12,44.88266,-63.5171,97.0,,SKT-4214,1,1,GPNV
29/07/2025,22:15:19,44.88268,-63.51713,93.0,,SKT-4214,1,1,GPNV
29/07/2025,22:15:26,44.88268,-63.51711,88.0,,SKT-4214,1,1,GPNV
29/07/2025,22:15:33,44.88268,-63.51706,88.0,,SKT-4214,1,1,GPNV
29/07/2025,22:15:40,44.88268,-63.51704,84.0,,SKT-4214,1,1,GPNV
29/07/2025,22:15:48,44.88268,-63.51703,84.0,,SKT-4214,1,1,GPNV
29/07/2025,22:15:55,44.88268,-63.51705,91.0,,SKT-4214,1,1,GPNV
29/07/2025,22:16:02,44.88268,-63.51706,95.0,,SKT-4214,1,1,GPNV
29/07/2025,22:16:09,44.88269,-63.51707,96.0,,SKT-4214,1,1,GPNV
29/07/2025,22:16:16,44.88269,-63.51707,98.0,,SKT-4214,1,1,GPNV
29/07/2025,22:16:23,44.8827,-63.51707,100.0,,SKT-4214,1,1,GPNV
29/07/2025,22:16:30,44.88271,-63.51707,98.0,,SKT-4214,1,1,GPNV
29/07/2025,22:16:37,44.88273,-63.51707,97.0,,SKT-4214,1,1,GPNV
29/07/2025,22:16:44,44.88275,-63.51707,100.0,,SKT-4214,1,1,GPNV
29/07/2025,22:16:52,44.88279,-63.51706,105.0,,SKT-4214,1,1,GPNV
29/07/2025,22:16:59,44.88284,-63.51705,112.0,,SKT-4214,1,1,GPNV
29/07/2025,22:17:06,44.88278,-63.51704,104.0,,SKT-4214,1,1,GPNV
29/07/2025,22:17:13,44.8827,-63.51704,89.0,,SKT-4214,1,1,GPNV
29/07/2025,22:17:20,44.88264,-63.51705,73.0,,SKT-4214,1,1,GPNV
29/07/2025,22:17:28,44.88262,-63.51707,64.0,,SKT-4214,1,1,GPNV
29/07/2025,22:17:35,44.88262,-63.51708,63.0,,SKT-4214,1,1,GPNV
29/07/2025,22:17:42,44.88263,-63.51709,63.0,,SKT-4214,1,1,GPNV
29/07/2025,22:17:49,44.88263,-63.5171,65.0,,SKT-4214,1,1,GPNV
29/07/2025,22:17:56,44.88264,-63.51709,68.0,,SKT-4214,1,1,GPNV
29/07/2025,22:18:03,44.88264,-63.5171,72.0,,SKT-4214,1,1,GPNV
29/07/2025,22:18:10,44.88265,-63.51709,75.0,,SKT-4214,1,1,GPNV
29/07/2025,22:18:17,44.88266,-63.51711,77.0,,SKT-4214,1,1,GPNV
29/07/2025,22:18:24,44.88266,-63.51711,79.0,,SKT-4214,1,1,GPNV
29/07/2025,22:18:32,44.88266,-63.5171,80.0,,SKT-4214,1,1,GPNV
29/07/2025,22:18:39,44.88266,-63.51709,81.0,,SKT-4214,1,1,GPNV
29/07/2025,22:18:46,44.88266,-63.51706,92.0,,SKT-4214,1,1,GPNV
29/07/2025,22:18:53,44.88267,-63.51704,100.0,,SKT-4214,1,1,GPNV
29/07/2025,22:19:00,44.88268,-63.51705,103.0,,SKT-4214,1,1,GPNV
29/07/2025,22:19:08,44.88269,-63.51706,104.0,,SKT-4214,1,1,GPNV
29/07/2025,22:19:15,44.88271,-63.51708,103.0,,SKT-4214,1,1,GPNV
29/07/2025,22:19:22,44.88274,-63.5171,106.0,,SKT-4214,1,1,GPNV
29/07/2025,22:19:29,44.88277,-63.51714,114.0,,SKT-4214,1,1,GPNV
29/07/2025,22:19:36,44.8828,-63.51717,116.0,,SKT-4214,1,1,GPNV
29/07/2025,22:19:43,44.88282,-63.5172,111.0,,SKT-4214,1,1,GPNV
29/07/2025,22:19:50,44.88285,-63.51721,102.0,,SKT-4214,1,1,GPNV
29/07/2025,22:19:57,44.88287,-63.51725,92.0,,SKT-4214,1,1,GPNV
29/07/2025,22:20:05,44.88289,-63.51728,80.0,,SKT-4214,1,1,GPNV
29/07/2025,22:20:12,44.88288,-63.51722,71.0,,SKT-4214,1,1,GPNV
29/07/2025,22:20:19,44.8829,-63.51726,62.0,,SKT-4214,1,1,GPNV
29/07/2025,22:20:26,44.8829,-63.51728,59.0,,SKT-4214,1,1,GPNV
29/07/2025,22:20:33,44.8829,-63.51731,59.0,,SKT-4214,1,1,GPNV
29/07/2025,22:20:40,44.8829,-63.51733,60.0,,SKT-4214,1,1,GPNV
29/07/2025,22:20:47,44.88289,-63.51734,68.0,,SKT-4214,1,1,GPNV
29/07/2025,22:20:54,44.88287,-63.5174,73.0,,SKT-4214,1,1,GPNV
29/07/2025,22:21:02,44.8828,-63.51736,79.0,,SKT-4214,1,1,GPNV
29/07/2025,22:21:09,44.88279,-63.51735,83.0,,SKT-4214,1,1,GPNV
29/07/2025,22:21:16,44.88276,-63.51727,85.0,,SKT-4214,1,1,GPNV
29/07/2025,22:21:23,44.88273,-63.51725,80.0,,SKT-4214,1,1,GPNV
29/07/2025,22:21:30,44.8827,-63.51721,76.0,,SKT-4214,1,1,GPNV
29/07/2025,22:21:38,44.88269,-63.51723,76.0,,SKT-4214,1,1,GPNV
29/07/2025,22:21:45,44.88266,-63.51714,81.0,,SKT-4214,1,1,GPNV
29/07/2025,22:21:52,44.88265,-63.51711,84.0,,SKT-4214,1,1,GPNV
29/07/2025,22:21:59,44.88265,-63.51709,84.0,,SKT-4214,1,1,GPNV
29/07/2025,22:22:06,44.88265,-63.51702,84.0,,SKT-4214,1,1,GPNV
29/07/2025,22:22:13,44.88266,-63.51699,86.0,,SKT-4214,1,1,GPNV
29/07/2025,22:22:20,44.88268,-63.51696,84.0,,SKT-4214,1,1,GPNV
29/07/2025,22:22:27,44.8827,-63.51698,80.0,,SKT-4214,1,1,GPNV
29/07/2025,22:22:35,44.88272,-63.51699,77.0,,SKT-4214,1,1,GPNV
29/07/2025,22:22:42,44.88273,-63.51697,77.0,,SKT-4214,1,1,GPNV
29/07/2025,22:22:49,44.88273,-63.51691,81.0,,SKT-4214,1,1,GPNV
29/07/2025,22:22:56,44.88274,-63.51686,87.0,,SKT-4214,1,1,GPNV
29/07/2025,22:23:03,44.88275,-63.51682,98.0,,SKT-4214,1,1,GPNV
29/07/2025,22:23:10,44.88277,-63.5168,113.0,,SKT-4214,1,1,GPNV
29/07/2025,22:23:17,44.88278,-63.51684,134.0,,SKT-4214,1,1,GPNV
29/07/2025,22:23:25,44.88271,-63.51689,139.0,,SKT-4214,1,1,GPNV
29/07/2025,22:23:32,44.88266,-63.51689,135.0,,SKT-4214,1,1,GPNV
29/07/2025,22:23:39,44.88265,-63.51689,129.0,,SKT-4214,1,1,GPNV
29/07/2025,22:23:46,44.88265,-63.51691,125.0,,SKT-4214,1,1,GPNV
29/07/2025,22:23:53,44.88265,-63.51692,123.0,,SKT-4214,1,1,GPNV
29/07/2025,22:24:00,44.88264,-63.51695,124.0,,SKT-4214,1,1,GPNV
29/07/2025,22:24:08,44.88262,-63.517,122.0,,SKT-4214,1,1,GPNV
29/07/2025,22:24:15,44.88261,-63.51701,122.0,,SKT-4214,1,1,GPNV
29/07/2025,22:24:22,44.88261,-63.51697,123.0,,SKT-4214,1,1,GPNV
29/07/2025,22:24:29,44.88261,-63.51694,131.0,,SKT-4214,1,1,GPNV
29/07/2025,22:24:36,44.8826,-63.5169,140.0,,SKT-4214,1,1,GPNV
29/07/2025,22:24:43,44.8826,-63.51684,142.0,,SKT-4214,1,1,GPNV
29/07/2025,22:24:51,44.8826,-63.51675,141.0,,SKT-4214,1,1,GPNV
29/07/2025,22:24:58,44.88263,-63.51669,134.0,,SKT-4214,1,1,GPNV
29/07/2025,22:25:05,44.8827,-63.5167,117.0,,SKT-4214,1,1,GPNV
29/07/2025,22:25:12,44.88276,-63.51675,95.0,,SKT-4214,1,1,GPNV
29/07/2025,22:25:19,44.88277,-63.51683,81.0,,SKT-4214,1,1,GPNV
29/07/2025,22:25:26,44.88277,-63.51687,74.0,,SKT-4214,1,1,GPNV
29/07/2025,22:25:34,44.88275,-63.5169,74.0,,SKT-4214,1,1,GPNV
29/07/2025,22:25:41,44.88272,-63.5169,78.0,,SKT-4214,1,1,GPNV
29/07/2025,22:25:48,44.8827,-63.5169,84.0,,SKT-4214,1,1,GPNV
29/07/2025,22:25:55,44.8827,-63.51693,88.0,,SKT-4214,1,1,GPNV
29/07/2025,22:26:02,44.88271,-63.51696,90.0,,SKT-4214,1,1,GPNV
29/07/2025,22:26:10,44.8827,-63.51696,93.0,,SKT-4214,1,1,GPNV
29/07/2025,22:26:17,44.88268,-63.51699,99.0,,SKT-4214,1,1,GPNV
29/07/2025,22:26:24,44.88266,-63.51702,99.0,,SKT-4214,1,1,GPNV
29/07/2025,22:26:31,44.88268,-63.51706,95.0,,SKT-4214,1,1,GPNV
29/07/2025,22:26:38,44.88269,-63.51704,88.0,,SKT-4214,1,1,GPNV
29/07/2025,22:26:46,44.88269,-63.51698,81.0,,SKT-4214,1,1,GPNV
29/07/2025,22:26:53,44.88268,-63.51696,84.0,,SKT-4214,1,1,GPNV
29/07/2025,22:27:00,44.88264,-63.51694,86.0,,SKT-4214,1,1,GPNV
29/07/2025,22:27:07,44.8826,-63.51695,87.0,,SKT-4214,1,1,GPNV
29/07/2025,22:27:14,44.88256,-63.51699,89.0,,SKT-4214,1,1,GPNV
29/07/2025,22:27:21,44.88254,-63.51704,91.0,,SKT-4214,1,1,GPNV
29/07/2025,22:27:28,44.88256,-63.51708,92.0,,SKT-4214,1,1,GPNV
29/07/2025,22:27:36,44.88258,-63.51716,90.0,,SKT-4214,1,1,GPNV
29/07/2025,22:27:43,44.88256,-63.5172,89.0,,SKT-4214,1,1,GPNV
29/07/2025,22:27:50,44.88255,-63.51725,87.0,,SKT-4214,1,1,GPNV
29/07/2025,22:27:57,44.88252,-63.51731,85.0,,SKT-4214,1,1,GPNV
29/07/2025,22:28:04,44.88252,-63.51733,84.0,,SKT-4214,1,1,GPNV
29/07/2025,22:28:11,44.88259,-63.51729,73.0,,SKT-4214,1,1,GPNV
29/07/2025,22:28:19,44.88267,-63.51723,60.0,,SKT-4214,1,1,GPNV
29/07/2025,22:28:26,44.88274,-63.51718,48.0,,SKT-4214,1,1,GPNV
29/07/2025,22:28:33,44.8828,-63.51713,39.0,,SKT-4214,1,1,GPNV
29/07/2025,22:28:40,44.88287,-63.51709,35.0,,SKT-4214,1,1,GPNV
29/07/2025,22:28:47,44.88292,-63.51702,35.0,,SKT-4214,1,1,GPNV
29/07/2025,22:28:54,44.88293,-63.51693,38.0,,SKT-4214,1,1,GPNV
29/07/2025,22:29:02,44.88293,-63.51688,42.0,,SKT-4214,1,1,GPNV
29/07/2025,22:29:09,44.88292,-63.51691,51.0,,SKT-4214,1,1,GPNV
29/07/2025,22:29:16,44.88292,-63.51697,61.0,,SKT-4214,1,1,GPNV
29/07/2025,22:29:23,44.88287,-63.51701,62.0,,SKT-4214,1,1,GPNV
29/07/2025,22:29:30,44.88285,-63.51701,61.0,,SKT-4214,1,1,GPNV
29/07/2025,22:29:38,44.88284,-63.51704,68.0,,SKT-4214,1,1,GPNV
29/07/2025,22:29:45,44.8828,-63.51706,77.0,,SKT-4214,1,1,GPNV
29/07/2025,22:29:52,44.88279,-63.51707,83.0,,SKT-4214,1,1,GPNV
29/07/2025,22:29:59,44.88275,-63.51711,86.0,,SKT-4214,1,1,GPNV
29/07/2025,22:30:06,44.88271,-63.51714,87.0,,SKT-4214,1,1,GPNV
29/07/2025,22:30:14,44.88272,-63.51711,83.0,,SKT-4214,1,1,GPNV
29/07/2025,22:30:21,44.8828,-63.51698,79.0,,SKT-4214,1,1,GPNV
29/07/2025,22:30:28,44.88285,-63.51692,84.0,,SKT-4214,1,1,GPNV
29/07/2025,22:30:35,44.88285,-63.51691,93.0,,SKT-4214,1,1,GPNV
29/07/2025,22:30:42,44.88285,-63.51693,100.0,,SKT-4214,1,1,GPNV
29/07/2025,22:30:49,44.88283,-63.51696,103.0,,SKT-4214,1,1,GPNV
29/07/2025,22:30:57,44.88281,-63.51699,103.0,,SKT-4214,1,1,GPNV
29/07/2025,22:31:04,44.8828,-63.517,101.0,,SKT-4214,1,1,GPNV
29/07/2025,22:31:11,44.88279,-63.51698,101.0,,SKT-4214,1,1,GPNV
29/07/2025,22:31:18,44.88278,-63.51695,103.0,,SKT-4214,1,1,GPNV
29/07/2025,22:31:25,44.88277,-63.51694,103.0,,SKT-4214,1,1,GPNV
29/07/2025,22:31:33,44.88275,-63.51691,98.0,,SKT-4214,1,1,GPNV
29/07/2025,22:31:40,44.88274,-63.5169,93.0,,SKT-4214,1,1,GPNV
29/07/2025,22:31:47,44.88273,-63.5169,88.0,,SKT-4214,1,1,GPNV
29/07/2025,21:59:18,,,,,SKT-4214,1,1,GPNV
29/07/2025,22:32:05,44.88285,-63.51687,95.0,,SKT-4214,1,1,GPNV
29/07/2025,22:32:12,44.88288,-63.51688,100.0,,SKT-4214,1,1,GPNV
29/07/2025,22:32:19,44.88289,-63.51684,99.0,,SKT-4214,1,1,GPNV
29/07/2025,22:32:26,44.88288,-63.51683,103.0,,SKT-4214,1,1,GPNV
29/07/2025,22:32:33,44.88287,-63.51685,114.0,,SKT-4214,1,1,GPNV
29/07/2025,22:32:41,44.88285,-63.51686,125.0,,SKT-4214,1,1,GPNV
29/07/2025,22:32:48,44.88284,-63.51687,134.0,,SKT-4214,1,1,GPNV
29/07/2025,22:32:55,44.88281,-63.51689,139.0,,SKT-4214,1,1,GPNV
29/07/2025,22:33:02,44.88279,-63.5169,144.0,,SKT-4214,1,1,GPNV
29/07/2025,22:33:09,44.88277,-63.51691,148.0,,SKT-4214,1,1,GPNV
29/07/2025,22:33:16,44.88275,-63.51689,146.0,,SKT-4214,1,1,GPNV
29/07/2025,22:33:24,44.88275,-63.51684,145.0,,SKT-4214,1,1,GPNV
29/07/2025,22:33:32,44.88276,-63.51678,141.0,,SKT-4214,1,1,GPNV
29/07/2025,22:33:39,44.88276,-63.51674,139.0,,SKT-4214,1,1,GPNV
29/07/2025,22:33:46,44.88275,-63.51672,133.0,,SKT-4214,1,1,GPNV
29/07/2025,22:33:53,44.88278,-63.51676,124.0,,SKT-4214,1,1,GPNV
29/07/2025,22:34:01,44.88279,-63.51677,115.0,,SKT-4214,1,1,GPNV
29/07/2025,22:34:09,44.88282,-63.51681,117.0,,SKT-4214,1,1,GPNV
29/07/2025,22:34:16,44.88286,-63.51687,131.0,,SKT-4214,1,1,GPNV
29/07/2025,22:34:24,44.88289,-63.51688,142.0,,SKT-4214,1,1,GPNV
29/07/2025,22:34:32,44.8829,-63.5169,147.0,,SKT-4214,1,1,GPNV
29/07/2025,22:34:40,44.8829,-63.5169,148.0,,SKT-4214,1,1,GPNV
29/07/2025,22:34:48,44.88291,-63.5169,146.0,,SKT-4214,1,1,GPNV
29/07/2025,22:34:55,44.88292,-63.5169,148.0,,SKT-4214,1,1,GPNV
29/07/2025,22:35:02,44.88293,-63.51685,151.0,,SKT-4214,1,1,GPNV
29/07/2025,22:35:09,44.88295,-63.51678,151.0,,SKT-4214,1,1,GPNV
29/07/2025,22:35:16,44.88295,-63.51674,146.0,,SKT-4214,1,1,GPNV
29/07/2025,22:35:24,44.88297,-63.51665,138.0,,SKT-4214,1,1,GPNV
29/07/2025,22:35:31,44.88297,-63.51663,130.0,,SKT-4214,1,1,GPNV
29/07/2025,22:35:39,44.88288,-63.51667,114.0,,SKT-4214,1,1,GPNV
29/07/2025,22:35:46,44.88286,-63.51667,104.0,,SKT-4214,1,1,GPNV
29/07/2025,22:35:53,44.88285,-63.51667,96.0,,SKT-4214,1,1,GPNV
29/07/2025,22:36:00,44.88283,-63.51668,86.0,,SKT-4214,1,1,GPNV
29/07/2025,22:36:07,44.88281,-63.51672,83.0,,SKT-4214,1,1,GPNV
29/07/2025,22:36:15,44.8828,-63.51678,86.0,,SKT-4214,1,1,GPNV
29/07/2025,22:36:22,44.88279,-63.51682,88.0,,SKT-4214,1,1,GPNV
29/07/2025,22:36:29,44.88276,-63.51686,93.0,,SKT-4214,1,1,GPNV
29/07/2025,22:36:36,44.88269,-63.51685,76.0,,SKT-4214,1,1,GPNV
29/07/2025,22:36:43,44.88263,-63.51682,57.0,,SKT-4214,1,1,GPNV
29/07/2025,22:36:50,44.88259,-63.5168,42.0,,SKT-4214,1,1,GPNV
29/07/2025,22:36:57,44.88258,-63.51678,37.0,,SKT-4214,1,1,GPNV
29/07/2025,22:37:04,44.88261,-63.51678,45.0,,SKT-4214,1,1,GPNV
29/07/2025,22:37:12,44.88266,-63.5168,59.0,,SKT-4214,1,1,GPNV
29/07/2025,22:37:19,44.88269,-63.51683,74.0,,SKT-4214,1,1,GPNV
29/07/2025,22:37:26,44.88271,-63.51685,85.0,,SKT-4214,1,1,GPNV
29/07/2025,22:37:33,44.88273,-63.51687,94.0,,SKT-4214,1,1,GPNV
29/07/2025,22:37:40,44.88274,-63.51691,105.0,,SKT-4214,1,1,GPNV
29/07/2025,22:37:47,44.88275,-63.51693,101.0,,SKT-4214,1,1,GPNV
29/07/2025,22:37:55,44.88276,-63.51703,101.0,,SKT-4214,1,1,GPNV
29/07/2025,22:38:02,44.88273,-63.51715,105.0,,SKT-4214,1,1,GPNV
29/07/2025,22:38:09,44.88269,-63.51722,109.0,,SKT-4214,1,1,GPNV
29/07/2025,22:38:16,44.88266,-63.51723,115.0,,SKT-4214,1,1,GPNV
29/07/2025,22:38:23,44.88263,-63.51715,112.0,,SKT-4214,1,1,GPNV
29/07/2025,22:38:30,44.88264,-63.51712,121.0,,SKT-4214,1,1,GPNV
29/07/2025,22:38:38,44.88268,-63.51709,132.0,,SKT-4214,1,1,GPNV
29/07/2025,22:38:45,44.88272,-63.51707,137.0,,SKT-4214,1,1,GPNV
29/07/2025,22:38:52,44.88275,-63.51706,144.0,,SKT-4214,1,1,GPNV
29/07/2025,22:38:59,44.88277,-63.517,143.0,,SKT-4214,1,1,GPNV
29/07/2025,22:39:06,44.8828,-63.51695,140.0,,SKT-4214,1,1,GPNV
29/07/2025,22:39:14,44.88282,-63.51688,134.0,,SKT-4214,1,1,GPNV
29/07/2025,22:39:21,44.88283,-63.51685,127.0,,SKT-4214,1,1,GPNV
29/07/2025,22:39:28,44.88279,-63.51669,113.0,,SKT-4214,1,1,GPNV
29/07/2025,22:39:35,44.88282,-63.51663,103.0,,SKT-4214,1,1,GPNV
29/07/2025,22:39:42,44.88287,-63.51659,95.0,,SKT-4214,1,1,GPNV
29/07/2025,22:39:49,44.88289,-63.5166,92.0,,SKT-4214,1,1,GPNV
29/07/2025,22:39:57,44.88284,-63.51666,88.0,,SKT-4214,1,1,GPNV
29/07/2025,22:40:04,44.88277,-63.51668,82.0,,SKT-4214,1,1,GPNV
29/07/2025,22:40:11,44.88269,-63.51669,75.0,,SKT-4214,1,1,GPNV
29/07/2025,22:40:18,44.88263,-63.51669,67.0,,SKT-4214,1,1,GPNV
29/07/2025,22:40:26,44.88259,-63.5167,55.0,,SKT-4214,1,1,GPNV
29/07/2025,22:40:33,44.88257,-63.51669,51.0,,SKT-4214,1,1,GPNV
29/07/2025,22:40:40,44.88258,-63.51669,51.0,,SKT-4214,1,1,GPNV
29/07/2025,22:40:47,44.88258,-63.5167,56.0,,SKT-4214,1,1,GPNV
29/07/2025,22:40:54,44.88258,-63.51664,66.0,,SKT-4214,1,1,GPNV
29/07/2025,22:41:01,44.88261,-63.51661,61.0,,SKT-4214,1,1,GPNV
29/07/2025,22:41:08,44.88263,-63.51659,53.0,,SKT-4214,1,1,GPNV
29/07/2025,22:41:15,44.88264,-63.51658,42.0,,SKT-4214,1,1,GPNV
29/07/2025,22:41:23,44.88263,-63.5166,31.0,,SKT-4214,1,1,GPNV
29/07/2025,22:41:30,44.88263,-63.51661,20.0,,SKT-4214,1,1,GPNV
29/07/2025,22:41:37,44.88264,-63.5166,27.0,,SKT-4214,1,1,GPNV
29/07/2025,22:41:44,44.88265,-63.51656,38.0,,SKT-4214,1,1,GPNV
29/07/2025,22:41:51,44.88264,-63.51656,47.0,,SKT-4214,1,1,GPNV
29/07/2025,22:41:59,44.88266,-63.5166,55.0,,SKT-4214,1,1,GPNV
29/07/2025,22:42:06,44.88266,-63.51661,54.0,,SKT-4214,1,1,GPNV
29/07/2025,22:42:13,44.88269,-63.51662,57.0,,SKT-4214,1,1,GPNV
29/07/2025,22:09:44,,,,,SKT-4214,1,1,GPNV
29/07/2025,22:42:31,44.88274,-63.51653,62.0,,SKT-4214,1,1,GPNV
29/07/2025,22:42:39,44.88278,-63.51653,62.0,,SKT-4214,1,1,GPNV
29/07/2025,22:42:46,44.8828,-63.51653,59.0,,SKT-4214,1,1,GPNV
29/07/2025,22:42:54,44.88283,-63.51651,58.0,,SKT-4214,1,1,GPNV
29/07/2025,22:43:02,44.88287,-63.51651,59.0,,SKT-4214,1,1,GPNV
29/07/2025,22:43:09,44.8829,-63.5165,58.0,,SKT-4214,1,1,GPNV
29/07/2025,22:43:16,44.88293,-63.51648,57.0,,SKT-4214,1,1,GPNV
29/07/2025,22:43:23,44.88287,-63.51654,57.0,,SKT-4214,1,1,GPNV
29/07/2025,22:43:31,44.88287,-63.51658,53.0,,SKT-4214,1,1,GPNV
29/07/2025,22:43:38,44.88293,-63.51653,54.0,,SKT-4214,1,1,GPNV
29/07/2025,22:43:45,44.88299,-63.51646,54.0,,SKT-4214,1,1,GPNV
29/07/2025,22:43:52,44.883,-63.51642,55.0,,SKT-4214,1,1,GPNV
29/07/2025,22:43:59,44.88301,-63.51637,53.0,,SKT-4214,1,1,GPNV
29/07/2025,22:44:06,44.88299,-63.51635,54.0,,SKT-4214,1,1,GPNV
29/07/2025,22:44:13,44.88293,-63.51637,58.0,,SKT-4214,1,1,GPNV
29/07/2025,22:44:20,44.88289,-63.5164,61.0,,SKT-4214,1,1,GPNV
29/07/2025,22:44:28,44.88288,-63.51646,62.0,,SKT-4214,1,1,GPNV
29/07/2025,22:44:35,44.88287,-63.5165,63.0,,SKT-4214,1,1,GPNV
29/07/2025,22:44:42,44.88288,-63.51651,60.0,,SKT-4214,1,1,GPNV
29/07/2025,22:44:49,44.88288,-63.51652,58.0,,SKT-4214,1,1,GPNV
29/07/2025,22:44:56,44.8829,-63.51654,59.0,,SKT-4214,1,1,GPNV
29/07/2025,22:45:03,44.8829,-63.51656,61.0,,SKT-4214,1,1,GPNV
29/07/2025,22:45:10,44.88285,-63.51659,65.0,,SKT-4214,1,1,GPNV
29/07/2025,22:45:18,44.88279,-63.51662,78.0,,SKT-4214,1,1,GPNV
29/07/2025,22:45:25,44.88273,-63.51667,88.0,,SKT-4214,1,1,GPNV
29/07/2025,22:45:32,44.88268,-63.51672,92.0,,SKT-4214,1,1,GPNV
29/07/2025,22:45:39,44.88264,-63.51675,96.0,,SKT-4214,1,1,GPNV
29/07/2025,22:45:46,44.88263,-63.51678,98.0,,SKT-4214,1,1,GPNV
29/07/2025,22:45:54,44.88264,-63.51678,101.0,,SKT-4214,1,1,GPNV
29/07/2025,22:46:01,44.88267,-63.51678,98.0,,SKT-4214,1,1,GPNV
29/07/2025,22:46:08,44.88267,-63.51675,98.0,,SKT-4214,1,1,GPNV
29/07/2025,22:46:15,44.88267,-63.51672,98.0,,SKT-4214,1,1,GPNV
29/07/2025,22:46:22,44.88267,-63.51669,100.0,,SKT-4214,1,1,GPNV
29/07/2025,22:46:29,44.88272,-63.51667,101.0,,SKT-4214,1,1,GPNV
29/07/2025,22:46:36,44.88272,-63.51669,104.0,,SKT-4214,1,1,GPNV
29/07/2025,22:46:44,44.88272,-63.51672,102.0,,SKT-4214,1,1,GPNV
29/07/2025,22:46:51,44.88273,-63.51674,93.0,,SKT-4214,1,1,GPNV
29/07/2025,22:46:58,44.88271,-63.51676,87.0,,SKT-4214,1,1,GPNV
29/07/2025,22:47:05,44.88267,-63.51674,95.0,,SKT-4214,1,1,GPNV
29/07/2025,22:47:12,44.8826,-63.5167,108.0,,SKT-4214,1,1,GPNV
29/07/2025,22:47:19,44.88251,-63.51666,124.0,,SKT-4214,1,1,GPNV
29/07/2025,22:47:27,44.88245,-63.51663,134.0,,SKT-4214,1,1,GPNV
29/07/2025,22:47:34,44.88243,-63.51665,133.0,,SKT-4214,1,1,GPNV
29/07/2025,22:47:41,44.8824,-63.51673,131.0,,SKT-4214,1,1,GPNV
29/07/2025,22:47:48,44.88236,-63.5168,127.0,,SKT-4214,1,1,GPNV
29/07/2025,22:47:55,44.88242,-63.5168,116.0,,SKT-4214,1,1,GPNV
29/07/2025,22:48:02,44.88249,-63.51678,98.0,,SKT-4214,1,1,GPNV
29/07/2025,22:48:10,44.88254,-63.51676,86.0,,SKT-4214,1,1,GPNV
29/07/2025,22:48:17,44.88256,-63.51674,81.0,,SKT-4214,1,1,GPNV
29/07/2025,22:48:24,44.8826,-63.51673,80.0,,SKT-4214,1,1,GPNV
29/07/2025,22:48:31,44.88263,-63.51672,83.0,,SKT-4214,1,1,GPNV
29/07/2025,22:48:38,44.88264,-63.51672,87.0,,SKT-4214,1,1,GPNV
29/07/2025,22:48:46,44.88265,-63.51672,89.0,,SKT-4214,1,1,GPNV
29/07/2025,22:48:53,44.88264,-63.51672,88.0,,SKT-4214,1,1,GPNV
29/07/2025,22:49:00,44.88264,-63.5167,78.0,,SKT-4214,1,1,GPNV
29/07/2025,22:49:07,44.88264,-63.51665,59.0,,SKT-4214,1,1,GPNV
29/07/2025,22:49:14,44.88264,-63.51662,45.0,,SKT-4214,1,1,GPNV
29/07/2025,22:49:21,44.88266,-63.51661,37.0,,SKT-4214,1,1,GPNV
29/07/2025,22:49:28,44.88269,-63.51659,33.0,,SKT-4214,1,1,GPNV
29/07/2025,22:49:36,44.88275,-63.51653,42.0,,SKT-4214,1,1,GPNV
29/07/2025,22:49:43,44.88281,-63.51646,49.0,,SKT-4214,1,1,GPNV
29/07/2025,22:49:50,44.88285,-63.51639,52.0,,SKT-4214,1,1,GPNV
29/07/2025,22:49:57,44.88285,-63.51633,54.0,,SKT-4214,1,1,GPNV
29/07/2025,22:50:04,44.88284,-63.51634,56.0,,SKT-4214,1,1,GPNV
29/07/2025,22:50:11,44.88282,-63.51637,56.0,,SKT-4214,1,1,GPNV
29/07/2025,22:50:19,44.88282,-63.51643,54.0,,SKT-4214,1,1,GPNV
29/07/2025,22:50:26,44.88284,-63.51647,55.0,,SKT-4214,1,1,GPNV
29/07/2025,22:50:33,44.88286,-63.5165,61.0,,SKT-4214,1,1,GPNV
29/07/2025,22:50:40,44.88287,-63.51653,66.0,,SKT-4214,1,1,GPNV
29/07/2025,22:50:48,44.88289,-63.51657,72.0,,SKT-4214,1,1,GPNV
29/07/2025,22:50:55,44.88289,-63.51666,82.0,,SKT-4214,1,1,GPNV
29/07/2025,22:51:02,44.88287,-63.51677,88.0,,SKT-4214,1,1,GPNV
29/07/2025,22:51:09,44.8828,-63.51685,81.0,,SKT-4214,1,1,GPNV
29/07/2025,22:51:16,44.8827,-63.51683,60.0,,SKT-4214,1,1,GPNV
29/07/2025,22:51:23,44.88265,-63.51686,46.0,,SKT-4214,1,1,GPNV
29/07/2025,22:51:30,44.88263,-63.5169,40.0,,SKT-4214,1,1,GPNV
29/07/2025,22:51:38,44.88261,-63.51696,30.0,,SKT-4214,1,1,GPNV
29/07/2025,22:19:08,,,,,SKT-4214,1,1,GPNV
29/07/2025,22:51:54,44.88264,-63.51697,12.0,,SKT-4214,1,1,GPNV
29/07/2025,22:52:01,44.88263,-63.51697,21.0,,SKT-4214,1,1,GPNV
29/07/2025,22:52:08,44.88261,-63.51699,32.0,,SKT-4214,1,1,GPNV
29/07/2025,22:52:15,44.88258,-63.51695,59.0,,SKT-4214,1,1,GPNV
29/07/2025,22:52:23,44.88258,-63.51683,83.0,,SKT-4214,1,1,GPNV
29/07/2025,22:52:30,44.88256,-63.51672,101.0,,SKT-4214,1,1,GPNV
29/07/2025,22:52:37,44.88256,-63.51668,106.0,,SKT-4214,1,1,GPNV
29/07/2025,22:52:44,44.88258,-63.51667,106.0,,SKT-4214,1,1,GPNV
29/07/2025,22:52:51,44.88261,-63.51665,106.0,,SKT-4214,1,1,GPNV
29/07/2025,22:52:59,44.88269,-63.51667,103.0,,SKT-4214,1,1,GPNV
29/07/2025,22:53:06,44.88275,-63.51665,105.0,,SKT-4214,1,1,GPNV
29/07/2025,22:53:13,44.88285,-63.51657,102.0,,SKT-4214,1,1,GPNV
29/07/2025,22:53:20,44.88294,-63.51646,101.0,,SKT-4214,1,1,GPNV
29/07/2025,22:53:28,44.88295,-63.51646,104.0,,SKT-4214,1,1,GPNV
29/07/2025,22:53:34,44.88294,-63.51646,104.0,,SKT-4214,1,1,GPNV
29/07/2025,22:53:42,44.8829,-63.51653,102.0,,SKT-4214,1,1,GPNV
29/07/2025,22:53:49,44.88281,-63.51662,99.0,,SKT-4214,1,1,GPNV
29/07/2025,22:53:56,44.88285,-63.51661,93.0,,SKT-4214,1,1,GPNV
29/07/2025,22:54:04,44.88279,-63.5166,98.0,,SKT-4214,1,1,GPNV
29/07/2025,22:54:11,44.88274,-63.51661,101.0,,SKT-4214,1,1,GPNV
29/07/2025,22:54:18,44.88271,-63.5166,103.0,,SKT-4214,1,1,GPNV
29/07/2025,22:54:26,44.8827,-63.51662,106.0,,SKT-4214,1,1,GPNV
29/07/2025,22:54:33,44.88272,-63.51665,107.0,,SKT-4214,1,1,GPNV
29/07/2025,22:54:40,44.88276,-63.51669,106.0,,SKT-4214,1,1,GPNV
29/07/2025,22:54:47,44.88277,-63.51672,104.0,,SKT-4214,1,1,GPNV
29/07/2025,22:54:55,44.88274,-63.51681,95.0,,SKT-4214,1,1,GPNV
29/07/2025,22:55:02,44.88272,-63.51691,83.0,,SKT-4214,1,1,GPNV
29/07/2025,22:55:09,44.88272,-63.51694,80.0,,SKT-4214,1,1,GPNV
29/07/2025,22:55:16,44.8827,-63.51693,81.0,,SKT-4214,1,1,GPNV
29/07/2025,22:55:23,44.88266,-63.51692,80.0,,SKT-4214,1,1,GPNV
29/07/2025,22:55:30,44.88264,-63.51691,77.0,,SKT-4214,1,1,GPNV
29/07/2025,22:55:38,44.88262,-63.5169,75.0,,SKT-4214,1,1,GPNV
29/07/2025,22:55:45,44.88263,-63.51687,72.0,,SKT-4214,1,1,GPNV
29/07/2025,22:55:52,44.88262,-63.51686,71.0,,SKT-4214,1,1,GPNV
29/07/2025,22:55:59,44.88263,-63.51682,70.0,,SKT-4214,1,1,GPNV
29/07/2025,22:56:06,44.8827,-63.51672,68.0,,SKT-4214,1,1,GPNV
29/07/2025,22:56:13,44.88275,-63.51661,69.0,,SKT-4214,1,1,GPNV
29/07/2025,22:56:21,44.88275,-63.51656,70.0,,SKT-4214,1,1,GPNV
29/07/2025,22:56:28,44.88271,-63.51652,74.0,,SKT-4214,1,1,GPNV
29/07/2025,22:56:35,44.8827,-63.5165,78.0,,SKT-4214,1,1,GPNV
29/07/2025,22:56:42,44.88275,-63.51646,79.0,,SKT-4214,1,1,GPNV
29/07/2025,22:56:49,44.88281,-63.51643,81.0,,SKT-4214,1,1,GPNV
29/07/2025,22:56:56,44.88286,-63.51641,82.0,,SKT-4214,1,1,GPNV
29/07/2025,22:57:04,44.88295,-63.51639,76.0,,SKT-4214,1,1,GPNV
29/07/2025,22:57:11,44.88305,-63.51638,72.0,,SKT-4214,1,1,GPNV
29/07/2025,22:57:18,44.88313,-63.5164,71.0,,SKT-4214,1,1,GPNV
29/07/2025,22:57:25,44.88318,-63.5164,77.0,,SKT-4214,1,1,GPNV
29/07/2025,22:57:32,44.88311,-63.51645,71.0,,SKT-4214,1,1,GPNV
29/07/2025,22:57:39,44.88306,-63.5165,62.0,,SKT-4214,1,1,GPNV
29/07/2025,22:57:47,44.88298,-63.51659,47.0,,SKT-4214,1,1,GPNV
29/07/2025,22:57:54,44.88291,-63.51663,40.0,,SKT-4214,1,1,GPNV
29/07/2025,22:58:01,44.88284,-63.51665,43.0,,SKT-4214,1,1,GPNV
29/07/2025,22:58:08,44.88279,-63.51665,53.0,,SKT-4214,1,1,GPNV
29/07/2025,22:58:15,44.88276,-63.51666,58.0,,SKT-4214,1,1,GPNV
29/07/2025,22:58:22,44.88278,-63.51665,65.0,,SKT-4214,1,1,GPNV
29/07/2025,22:58:30,44.8828,-63.51663,71.0,,SKT-4214,1,1,GPNV
29/07/2025,22:58:37,44.88286,-63.51661,76.0,,SKT-4214,1,1,GPNV
29/07/2025,22:58:44,44.8829,-63.51657,81.0,,SKT-4214,1,1,GPNV
29/07/2025,22:58:51,44.88292,-63.51655,82.0,,SKT-4214,1,1,GPNV
29/07/2025,22:58:58,44.88291,-63.51654,77.0,,SKT-4214,1,1,GPNV
29/07/2025,22:59:05,44.88284,-63.51654,81.0,,SKT-4214,1,1,GPNV
29/07/2025,22:59:12,44.88277,-63.51652,80.0,,SKT-4214,1,1,GPNV
29/07/2025,22:59:20,44.88269,-63.51651,86.0,,SKT-4214,1,1,GPNV
29/07/2025,22:59:27,44.88266,-63.51649,89.0,,SKT-4214,1,1,GPNV
29/07/2025,22:59:34,44.88264,-63.51651,92.0,,SKT-4214,1,1,GPNV
29/07/2025,22:59:41,44.88264,-63.5165,91.0,,SKT-4214,1,1,GPNV
29/07/2025,22:59:48,44.88263,-63.5165,92.0,,SKT-4214,1,1,GPNV
29/07/2025,22:59:55,44.8826,-63.51654,84.0,,SKT-4214,1,1,GPNV
29/07/2025,23:00:03,44.88258,-63.51659,75.0,,SKT-4214,1,1,GPNV
29/07/2025,23:00:10,44.88257,-63.51662,74.0,,SKT-4214,1,1,GPNV
29/07/2025,23:00:17,44.88258,-63.51665,73.0,,SKT-4214,1,1,GPNV
29/07/2025,23:00:24,44.88263,-63.51662,74.0,,SKT-4214,1,1,GPNV
29/07/2025,23:00:31,44.88268,-63.51659,73.0,,SKT-4214,1,1,GPNV
29/07/2025,23:00:39,44.88273,-63.51662,68.0,,SKT-4214,1,1,GPNV
29/07/2025,23:00:46,44.88275,-63.51668,65.0,,SKT-4214,1,1,GPNV
29/07/2025,23:00:54,44.88277,-63.51671,64.0,,SKT-4214,1,1,GPNV
29/07/2025,23:01:01,44.88279,-63.51674,63.0,,SKT-4214,1,1,GPNV
29/07/2025,23:01:08,44.88279,-63.51677,62.0,,SKT-4214,1,1,GPNV
29/07/2025,23:01:15,44.88279,-63.51677,59.0,,SKT-4214,1,1,GPNV
29/07/2025,23:01:22,44.88279,-63.51677,58.0,,SKT-4214,1,1,GPNV
29/07/2025,23:01:29,44.8828,-63.51677,59.0,,SKT-4214,1,1,GPNV
29/07/2025,23:01:36,44.88282,-63.51675,60.0,,SKT-4214,1,1,GPNV
29/07/2025,23:01:43,44.88282,-63.51675,60.0,,SKT-4214,1,1,GPNV
29/07/2025,23:01:51,44.88281,-63.51676,61.0,,SKT-4214,1,1,GPNV
29/07/2025,23:01:58,44.88277,-63.51677,65.0,,SKT-4214,1,1,GPNV
29/07/2025,23:02:05,44.88272,-63.51677,72.0,,SKT-4214,1,1,GPNV
29/07/2025,23:02:12,44.88269,-63.51679,69.0,,SKT-4214,1,1,GPNV
29/07/2025,23:02:19,44.8827,-63.5168,60.0,,SKT-4214,1,1,GPNV
29/07/2025,23:02:26,44.88273,-63.5168,54.0,,SKT-4214,1,1,GPNV
29/07/2025,23:02:34,44.88281,-63.51674,49.0,,SKT-4214,1,1,GPNV
29/07/2025,23:02:41,44.88284,-63.51674,45.0,,SKT-4214,1,1,GPNV
29/07/2025,23:02:48,44.88288,-63.51671,39.0,,SKT-4214,1,1,GPNV
29/07/2025,23:02:55,44.88293,-63.51667,42.0,,SKT-4214,1,1,GPNV
29/07/2025,23:03:03,44.88288,-63.51664,51.0,,SKT-4214,1,1,GPNV
29/07/2025,23:03:10,44.88281,-63.5166,60.0,,SKT-4214,1,1,GPNV
29/07/2025,23:03:17,44.88269,-63.51654,71.0,,SKT-4214,1,1,GPNV
29/07/2025,23:03:24,44.88261,-63.51647,83.0,,SKT-4214,1,1,GPNV
29/07/2025,23:03:31,44.88258,-63.51646,86.0,,SKT-4214,1,1,GPNV
29/07/2025,23:03:38,44.88258,-63.51646,85.0,,SKT-4214,1,1,GPNV
29/07/2025,23:03:46,44.88261,-63.51645,89.0,,SKT-4214,1,1,GPNV
29/07/2025,23:03:53,44.88264,-63.51647,93.0,,SKT-4214,1,1,GPNV
29/07/2025,23:04:00,44.88268,-63.51651,96.0,,SKT-4214,1,1,GPNV
29/07/2025,23:04:07,44.88274,-63.51657,89.0,,SKT-4214,1,1,GPNV
29/07/2025,23:04:14,44.88276,-63.51661,87.0,,SKT-4214,1,1,GPNV
29/07/2025,23:04:21,44.88275,-63.51662,85.0,,SKT-4214,1,1,GPNV
29/07/2025,23:04:29,44.88271,-63.51665,75.0,,SKT-4214,1,1,GPNV
29/07/2025,23:04:36,44.88267,-63.51668,63.0,,SKT-4214,1,1,GPNV
29/07/2025,23:04:43,44.88264,-63.5167,53.0,,SKT-4214,1,1,GPNV
29/07/2025,23:04:50,44.88262,-63.51674,44.0,,SKT-4214,1,1,GPNV
29/07/2025,23:04:57,44.88259,-63.51674,44.0,,SKT-4214,1,1,GPNV
29/07/2025,23:05:04,44.88256,-63.51673,49.0,,SKT-4214,1,1,GPNV
29/07/2025,23:05:12,44.88251,-63.51672,56.0,,SKT-4214,1,1,GPNV
29/07/2025,23:05:19,44.88249,-63.51674,61.0,,SKT-4214,1,1,GPNV
29/07/2025,23:05:26,44.88249,-63.51674,62.0,,SKT-4214,1,1,GPNV
29/07/2025,23:05:33,44.88249,-63.51671,66.0,,SKT-4214,1,1,GPNV
29/07/2025,23:05:41,44.88251,-63.51669,67.0,,SKT-4214,1,1,GPNV
29/07/2025,23:05:48,44.88254,-63.51668,64.0,,SKT-4214,1,1,GPNV
29/07/2025,23:05:55,44.88259,-63.51669,58.0,,SKT-4214,1,1,GPNV
29/07/2025,23:06:02,44.88262,-63.5167,53.0,,SKT-4214,1,1,GPNV
29/07/2025,23:06:09,44.88264,-63.51671,48.0,,SKT-4214,1,1,GPNV
29/07/2025,23:06:16,44.88267,-63.51671,45.0,,SKT-4214,1,1,GPNV
29/07/2025,23:06:23,44.88269,-63.51672,44.0,,SKT-4214,1,1,GPNV
29/07/2025,23:06:31,44.8827,-63.51673,47.0,,SKT-4214,1,1,GPNV
29/07/2025,23:06:38,44.88272,-63.51675,49.0,,SKT-4214,1,1,GPNV
29/07/2025,23:06:45,44.88274,-63.51677,52.0,,SKT-4214,1,1,GPNV
29/07/2025,23:06:52,44.88275,-63.51678,56.0,,SKT-4214,1,1,GPNV
29/07/2025,23:06:59,44.88274,-63.51678,64.0,,SKT-4214,1,1,GPNV
29/07/2025,23:07:06,44.88272,-63.51677,70.0,,SKT-4214,1,1,GPNV
29/07/2025,23:07:14,44.88269,-63.51675,73.0,,SKT-4214,1,1,GPNV
29/07/2025,23:07:21,44.88265,-63.51675,75.0,,SKT-4214,1,1,GPNV
29/07/2025,23:07:28,44.88264,-63.51677,69.0,,SKT-4214,1,1,GPNV
29/07/2025,23:07:35,44.88262,-63.51679,58.0,,SKT-4214,1,1,GPNV
29/07/2025,23:07:42,44.88263,-63.51682,48.0,,SKT-4214,1,1,GPNV
29/07/2025,23:07:50,44.88264,-63.51681,43.0,,SKT-4214,1,1,GPNV
29/07/2025,23:07:57,44.88266,-63.51678,61.0,,SKT-4214,1,1,GPNV
29/07/2025,23:08:04,44.88266,-63.51675,77.0,,SKT-4214,1,1,GPNV
29/07/2025,23:08:11,44.88266,-63.51672,88.0,,SKT-4214,1,1,GPNV
29/07/2025,23:08:19,44.88266,-63.51672,96.0,,SKT-4214,1,1,GPNV
29/07/2025,23:08:26,44.88268,-63.51668,97.0,,SKT-4214,1,1,GPNV
29/07/2025,23:08:33,44.88271,-63.51663,92.0,,SKT-4214,1,1,GPNV
29/07/2025,23:08:40,44.88277,-63.51658,85.0,,SKT-4214,1,1,GPNV
29/07/2025,23:08:47,44.88277,-63.51662,86.0,,SKT-4214,1,1,GPNV
29/07/2025,23:08:54,44.8828,-63.51666,90.0,,SKT-4214,1,1,GPNV
29/07/2025,23:09:01,44.88284,-63.51662,82.0,,SKT-4214,1,1,GPNV
29/07/2025,23:09:09,44.88287,-63.5166,74.0,,SKT-4214,1,1,GPNV
29/07/2025,23:09:16,44.88291,-63.51657,72.0,,SKT-4214,1,1,GPNV
29/07/2025,23:09:23,44.88295,-63.51654,76.0,,SKT-4214,1,1,GPNV
29/07/2025,23:09:30,44.88298,-63.51654,77.0,,SKT-4214,1,1,GPNV
29/07/2025,23:09:37,44.883,-63.51656,78.0,,SKT-4214,1,1,GPNV
29/07/2025,23:09:44,44.88299,-63.51651,90.0,,SKT-4214,1,1,GPNV
29/07/2025,23:09:52,44.88297,-63.51644,100.0,,SKT-4214,1,1,GPNV
29/07/2025,23:09:59,44.88298,-63.51641,102.0,,SKT-4214,1,1,GPNV
29/07/2025,23:10:06,44.88298,-63.51639,100.0,,SKT-4214,1,1,GPNV
29/07/2025,23:10:13,44.88297,-63.51638,90.0,,SKT-4214,1,1,GPNV
29/07/2025,23:10:20,44.88297,-63.51641,82.0,,SKT-4214,1,1,GPNV
29/07/2025,23:10:27,44.88295,-63.51644,79.0,,SKT-4214,1,1,GPNV
29/07/2025,23:10:35,44.88301,-63.51643,83.0,,SKT-4214,1,1,GPNV
29/07/2025,23:10:42,44.88308,-63.5164,88.0,,SKT-4214,1,1,GPNV
29/07/2025,23:10:49,44.88314,-63.51637,94.0,,SKT-4214,1,1,GPNV
29/07/2025,23:10:56,44.88316,-63.51637,95.0,,SKT-4214,1,1,GPNV
29/07/2025,23:11:03,44.88313,-63.51639,99.0,,SKT-4214,1,1,GPNV
29/07/2025,23:11:11,44.88301,-63.51647,98.0,,SKT-4214,1,1,GPNV
29/07/2025,23:11:18,44.88293,-63.51651,99.0,,SKT-4214,1,1,GPNV
29/07/2025,23:11:25,44.88286,-63.51658,90.0,,SKT-4214,1,1,GPNV
29/07/2025,23:11:32,44.88277,-63.51663,77.0,,SKT-4214,1,1,GPNV
29/07/2025,23:11:39,44.88272,-63.51673,67.0,,SKT-4214,1,1,GPNV
29/07/2025,23:11:46,44.8827,-63.51688,81.0,,SKT-4214,1,1,GPNV
29/07/2025,23:11:54,44.88272,-63.51705,88.0,,SKT-4214,1,1,GPNV
29/07/2025,23:12:01,44.8827,-63.51714,83.0,,SKT-4214,1,1,GPNV
29/07/2025,23:12:08,44.88266,-63.51715,90.0,,SKT-4214,1,1,GPNV
29/07/2025,23:12:15,44.88251,-63.51715,101.0,,SKT-4214,1,1,GPNV
29/07/2025,23:12:22,44.88236,-63.51715,109.0,,SKT-4214,1,1,GPNV
29/07/2025,23:12:30,44.88234,-63.51707,117.0,,SKT-4214,1,1,GPNV
29/07/2025,23:12:37,44.88234,-63.51703,116.0,,SKT-4214,1,1,GPNV
29/07/2025,23:12:44,44.88242,-63.51694,114.0,,SKT-4214,1,1,GPNV
29/07/2025,23:12:51,44.8825,-63.51684,102.0,,SKT-4214,1,1,GPNV
29/07/2025,23:12:58,44.88255,-63.51677,89.0,,SKT-4214,1,1,GPNV
29/07/2025,23:13:05,44.88258,-63.51673,93.0,,SKT-4214,1,1,GPNV
29/07/2025,23:13:13,44.88261,-63.5167,100.0,,SKT-4214,1,1,GPNV
29/07/2025,23:13:20,44.88261,-63.51669,106.0,,SKT-4214,1,1,GPNV
29/07/2025,23:13:27,44.88262,-63.51666,108.0,,SKT-4214,1,1,GPNV
29/07/2025,23:13:34,44.88264,-63.51664,110.0,,SKT-4214,1,1,GPNV
29/07/2025,23:13:41,44.88264,-63.51664,114.0,,SKT-4214,1,1,GPNV
29/07/2025,23:13:49,44.8826,-63.51664,118.0,,SKT-4214,1,1,GPNV
29/07/2025,23:13:56,44.8826,-63.51664,117.0,,SKT-4214,1,1,GPNV
29/07/2025,23:14:03,44.88263,-63.51662,113.0,,SKT-4214,1,1,GPNV
29/07/2025,23:14:10,44.88267,-63.51663,106.0,,SKT-4214,1,1,GPNV
29/07/2025,23:14:17,44.88272,-63.51666,93.0,,SKT-4214,1,1,GPNV
29/07/2025,23:14:24,44.88277,-63.51669,79.0,,SKT-4214,1,1,GPNV
29/07/2025,23:14:32,44.88284,-63.51665,77.0,,SKT-4214,1,1,GPNV
29/07/2025,23:14:39,44.88301,-63.51649,80.0,,SKT-4214,1,1,GPNV
29/07/2025,23:14:46,44.88314,-63.51635,88.0,,SKT-4214,1,1,GPNV
29/07/2025,23:14:53,44.88308,-63.5164,91.0,,SKT-4214,1,1,GPNV
29/07/2025,23:15:00,44.88299,-63.51649,91.0,,SKT-4214,1,1,GPNV
29/07/2025,23:15:08,44.88288,-63.51654,96.0,,SKT-4214,1,1,GPNV
29/07/2025,23:15:15,44.88281,-63.51655,98.0,,SKT-4214,1,1,GPNV
29/07/2025,23:15:22,44.88276,-63.51653,100.0,,SKT-4214,1,1,GPNV
29/07/2025,23:15:29,44.88274,-63.51654,101.0,,SKT-4214,1,1,GPNV
29/07/2025,23:15:36,44.88273,-63.51654,98.0,,SKT-4214,1,1,GPNV
29/07/2025,23:15:43,44.88275,-63.51656,91.0,,SKT-4214,1,1,GPNV
29/07/2025,23:15:51,44.88277,-63.51653,88.0,,SKT-4214,1,1,GPNV
29/07/2025,23:15:58,44.88275,-63.51653,78.0,,SKT-4214,1,1,GPNV
29/07/2025,23:16:05,44.88274,-63.51654,72.0,,SKT-4214,1,1,GPNV
29/07/2025,23:16:12,44.88271,-63.51656,69.0,,SKT-4214,1,1,GPNV
29/07/2025,23:16:19,44.88269,-63.51656,82.0,,SKT-4214,1,1,GPNV
29/07/2025,23:16:27,44.88268,-63.51656,95.0,,SKT-4214,1,1,GPNV
29/07/2025,23:16:34,44.88266,-63.51658,97.0,,SKT-4214,1,1,GPNV
29/07/2025,23:16:41,44.88265,-63.51659,94.0,,SKT-4214,1,1,GPNV
29/07/2025,23:16:48,44.88265,-63.51661,86.0,,SKT-4214,1,1,GPNV
29/07/2025,23:16:55,44.88264,-63.51659,83.0,,SKT-4214,1,1,GPNV
29/07/2025,23:17:03,44.88262,-63.51656,82.0,,SKT-4214,1,1,GPNV
29/07/2025,23:17:10,44.88261,-63.51655,77.0,,SKT-4214,1,1,GPNV
29/07/2025,23:17:17,44.88262,-63.51656,72.0,,SKT-4214,1,1,GPNV
29/07/2025,23:17:24,44.88263,-63.51661,63.0,,SKT-4214,1,1,GPNV
29/07/2025,23:17:31,44.88266,-63.51664,57.0,,SKT-4214,1,1,GPNV
29/07/2025,23:17:38,44.88268,-63.51666,62.0,,SKT-4214,1,1,GPNV
29/07/2025,23:17:46,44.88268,-63.51668,65.0,,SKT-4214,1,1,GPNV
29/07/2025,23:17:53,44.88269,-63.51669,69.0,,SKT-4214,1,1,GPNV
29/07/2025,23:18:00,44.88272,-63.51673,65.0,,SKT-4214,1,1,GPNV
29/07/2025,23:18:07,44.88274,-63.51674,62.0,,SKT-4214,1,1,GPNV
29/07/2025,23:18:14,44.88275,-63.51674,64.0,,SKT-4214,1,1,GPNV
29/07/2025,23:18:21,44.88273,-63.51672,72.0,,SKT-4214,1,1,GPNV
29/07/2025,23:18:29,44.88271,-63.51668,81.0,,SKT-4214,1,1,GPNV
29/07/2025,23:18:36,44.8827,-63.51665,89.0,,SKT-4214,1,1,GPNV
29/07/2025,23:18:43,44.88265,-63.51665,92.0,,SKT-4214,1,1,GPNV
29/07/2025,23:18:50,44.88261,-63.51666,96.0,,SKT-4214,1,1,GPNV
29/07/2025,23:18:57,44.88259,-63.51661,104.0,,SKT-4214,1,1,GPNV
29/07/2025,23:19:05,44.88261,-63.51657,108.0,,SKT-4214,1,1,GPNV
29/07/2025,23:19:12,44.88262,-63.51657,101.0,,SKT-4214,1,1,GPNV
29/07/2025,23:19:20,44.88263,-63.51656,98.0,,SKT-4214,1,1,GPNV
29/07/2025,23:19:27,44.88264,-63.51657,90.0,,SKT-4214,1,1,GPNV
29/07/2025,23:19:34,44.88266,-63.51661,77.0,,SKT-4214,1,1,GPNV
29/07/2025,23:19:41,44.88269,-63.51664,69.0,,SKT-4214,1,1,GPNV
29/07/2025,23:19:48,44.88271,-63.51665,68.0,,SKT-4214,1,1,GPNV
29/07/2025,23:19:55,44.88272,-63.51667,75.0,,SKT-4214,1,1,GPNV
29/07/2025,23:20:03,44.88271,-63.51668,74.0,,SKT-4214,1,1,GPNV
29/07/2025,23:20:10,44.88271,-63.5167,71.0,,SKT-4214,1,1,GPNV
29/07/2025,23:20:17,44.88268,-63.5167,68.0,,SKT-4214,1,1,GPNV
29/07/2025,23:20:24,44.88266,-63.5167,69.0,,SKT-4214,1,1,GPNV
29/07/2025,23:20:31,44.88265,-63.51667,70.0,,SKT-4214,1,1,GPNV
29/07/2025,23:20:38,44.88266,-63.51666,61.0,,SKT-4214,1,1,GPNV
29/07/2025,22:48:09,,,,,SKT-4214,1,0,GPNV
29/07/2025,23:20:56,44.8828,-63.51653,70.0,,SKT-4214,1,1,GPNV
29/07/2025,23:21:04,44.88283,-63.51652,89.0,,SKT-4214,1,1,GPNV
29/07/2025,23:21:11,44.88282,-63.51654,97.0,,SKT-4214,1,1,GPNV
29/07/2025,23:21:18,44.8828,-63.51653,99.0,,SKT-4214,1,1,GPNV
29/07/2025,23:21:26,44.88277,-63.51655,96.0,,SKT-4214,1,1,GPNV
29/07/2025,23:21:33,44.88273,-63.5167,104.0,,SKT-4214,1,1,GPNV
29/07/2025,23:21:40,44.8827,-63.51682,110.0,,SKT-4214,1,1,GPNV
29/07/2025,23:21:47,44.88268,-63.51685,108.0,,SKT-4214,1,1,GPNV
29/07/2025,23:21:54,44.88268,-63.51685,98.0,,SKT-4214,1,1,GPNV
29/07/2025,23:22:01,44.88268,-63.51685,93.0,,SKT-4214,1,1,GPNV
29/07/2025,23:22:09,44.88271,-63.51685,87.0,,SKT-4214,1,1,GPNV
29/07/2025,23:22:16,44.88272,-63.51683,95.0,,SKT-4214,1,1,GPNV
29/07/2025,23:22:23,44.88274,-63.51681,105.0,,SKT-4214,1,1,GPNV
29/07/2025,23:22:30,44.88282,-63.5168,115.0,,SKT-4214,1,1,GPNV
29/07/2025,23:22:37,44.88282,-63.51686,123.0,,SKT-4214,1,1,GPNV
29/07/2025,23:22:44,44.88285,-63.51694,122.0,,SKT-4214,1,1,GPNV
29/07/2025,23:22:52,44.88287,-63.51702,122.0,,SKT-4214,1,1,GPNV
29/07/2025,23:22:59,44.88286,-63.51706,120.0,,SKT-4214,1,1,GPNV
29/07/2025,23:23:06,44.88283,-63.51704,123.0,,SKT-4214,1,1,GPNV
29/07/2025,23:23:13,44.88279,-63.51701,129.0,,SKT-4214,1,1,GPNV
29/07/2025,23:23:20,44.88276,-63.51694,133.0,,SKT-4214,1,1,GPNV
29/07/2025,23:23:28,44.88272,-63.51689,136.0,,SKT-4214,1,1,GPNV
29/07/2025,23:23:36,44.88274,-63.51685,140.0,,SKT-4214,1,1,GPNV
29/07/2025,23:23:43,44.88274,-63.51682,143.0,,SKT-4214,1,1,GPNV
29/07/2025,23:23:50,44.88272,-63.5168,146.0,,SKT-4214,1,1,GPNV
29/07/2025,23:23:57,44.88269,-63.51675,150.0,,SKT-4214,1,1,GPNV
29/07/2025,23:24:04,44.88267,-63.51669,152.0,,SKT-4214,1,1,GPNV
29/07/2025,23:24:12,44.88264,-63.51659,149.0,,SKT-4214,1,1,GPNV
29/07/2025,23:24:19,44.88268,-63.51659,142.0,,SKT-4214,1,1,GPNV
29/07/2025,23:24:26,44.8827,-63.51655,139.0,,SKT-4214,1,1,GPNV
29/07/2025,23:24:33,44.88272,-63.51646,139.0,,SKT-4214,1,1,GPNV
29/07/2025,23:24:40,44.88274,-63.51642,140.0,,SKT-4214,1,1,GPNV
29/07/2025,23:24:47,44.8827,-63.5164,146.0,,SKT-4214,1,1,GPNV
29/07/2025,23:24:54,44.88269,-63.51639,148.0,,SKT-4214,1,1,GPNV
29/07/2025,23:25:02,44.88277,-63.51645,139.0,,SKT-4214,1,1,GPNV
29/07/2025,23:25:09,44.88279,-63.51649,134.0,,SKT-4214,1,1,GPNV
29/07/2025,23:25:16,44.88282,-63.51653,130.0,,SKT-4214,1,1,GPNV
29/07/2025,23:25:23,44.88279,-63.51657,129.0,,SKT-4214,1,1,GPNV
29/07/2025,23:25:30,44.88278,-63.5166,126.0,,SKT-4214,1,1,GPNV
29/07/2025,23:25:38,44.88272,-63.51668,120.0,,SKT-4214,1,1,GPNV
29/07/2025,23:25:45,44.88269,-63.51675,111.0,,SKT-4214,1,1,GPNV
29/07/2025,23:25:52,44.88269,-63.51678,104.0,,SKT-4214,1,1,GPNV
29/07/2025,23:25:59,44.88272,-63.51676,100.0,,SKT-4214,1,1,GPNV
29/07/2025,23:26:06,44.88277,-63.51676,91.0,,SKT-4214,1,1,GPNV
29/07/2025,23:26:13,44.88279,-63.51677,83.0,,SKT-4214,1,1,GPNV
29/07/2025,23:26:20,44.8828,-63.51678,78.0,,SKT-4214,1,1,GPNV
29/07/2025,23:26:27,44.88283,-63.51677,72.0,,SKT-4214,1,1,GPNV
29/07/2025,23:26:35,44.88289,-63.51678,54.0,,SKT-4214,1,1,GPNV
29/07/2025,23:26:42,44.88294,-63.51678,40.0,,SKT-4214,1,1,GPNV
29/07/2025,23:26:49,44.88295,-63.51678,44.0,,SKT-4214,1,1,GPNV
29/07/2025,23:26:56,44.88294,-63.51678,50.0,,SKT-4214,1,1,GPNV
29/07/2025,23:27:03,44.88292,-63.51679,62.0,,SKT-4214,1,1,GPNV
29/07/2025,23:27:10,44.88285,-63.51678,83.0,,SKT-4214,1,1,GPNV
29/07/2025,23:27:17,44.88281,-63.51675,102.0,,SKT-4214,1,1,GPNV
29/07/2025,23:27:25,44.88274,-63.51668,124.0,,SKT-4214,1,1,GPNV
29/07/2025,23:27:32,44.88269,-63.51667,134.0,,SKT-4214,1,1,GPNV
29/07/2025,23:27:39,44.88266,-63.51671,136.0,,SKT-4214,1,1,GPNV
29/07/2025,23:27:46,44.88262,-63.5168,135.0,,SKT-4214,1,1,GPNV
29/07/2025,23:27:53,44.88258,-63.51687,133.0,,SKT-4214,1,1,GPNV
29/07/2025,23:28:00,44.88257,-63.5169,124.0,,SKT-4214,1,1,GPNV
29/07/2025,23:28:07,44.88259,-63.51688,113.0,,SKT-4214,1,1,GPNV
29/07/2025,23:28:15,44.88259,-63.51683,111.0,,SKT-4214,1,1,GPNV
29/07/2025,23:28:22,44.88261,-63.51678,109.0,,SKT-4214,1,1,GPNV
29/07/2025,23:28:29,44.88263,-63.51676,102.0,,SKT-4214,1,1,GPNV
29/07/2025,23:28:36,44.88263,-63.51672,117.0,,SKT-4214,1,1,GPNV
29/07/2025,23:28:43,44.88264,-63.51669,134.0,,SKT-4214,1,1,GPNV
29/07/2025,23:28:50,44.88263,-63.51669,145.0,,SKT-4214,1,1,GPNV
29/07/2025,23:28:58,44.88261,-63.51669,152.0,,SKT-4214,1,1,GPNV
29/07/2025,23:29:05,44.88259,-63.51671,159.0,,SKT-4214,1,1,GPNV
29/07/2025,23:29:12,44.88259,-63.51678,160.0,,SKT-4214,1,1,GPNV
29/07/2025,23:29:19,44.88261,-63.51686,162.0,,SKT-4214,1,1,GPNV
29/07/2025,23:29:26,44.88265,-63.51694,163.0,,SKT-4214,1,1,GPNV
29/07/2025,23:29:33,44.88266,-63.51691,164.0,,SKT-4214,1,1,GPNV
29/07/2025,23:29:41,44.88263,-63.51686,168.0,,SKT-4214,1,1,GPNV
29/07/2025,23:29:49,44.88262,-63.5168,173.0,,SKT-4214,1,1,GPNV
29/07/2025,23:29:56,44.88263,-63.51678,164.0,,SKT-4214,1,1,GPNV
29/07/2025,23:30:04,44.88264,-63.51675,157.0,,SKT-4214,1,1,GPNV
29/07/2025,23:30:11,44.88263,-63.51675,150.0,,SKT-4214,1,1,GPNV
29/07/2025,23:30:18,44.88261,-63.51676,148.0,,SKT-4214,1,1,GPNV
29/07/2025,23:30:25,44.8826,-63.51677,148.0,,SKT-4214,1,1,GPNV
29/07/2025,23:30:33,44.88261,-63.51683,147.0,,SKT-4214,1,1,GPNV
29/07/2025,23:30:40,44.88261,-63.51687,146.0,,SKT-4214,1,1,GPNV
29/07/2025,23:30:47,44.88265,-63.51689,140.0,,SKT-4214,1,1,GPNV
29/07/2025,23:30:54,44.88271,-63.51684,129.0,,SKT-4214,1,1,GPNV
29/07/2025,23:31:01,44.88278,-63.51677,118.0,,SKT-4214,1,1,GPNV
29/07/2025,23:31:08,44.88287,-63.51667,114.0,,SKT-4214,1,1,GPNV
29/07/2025,23:31:16,44.88292,-63.51667,113.0,,SKT-4214,1,1,GPNV
29/07/2025,23:31:23,44.8829,-63.51669,117.0,,SKT-4214,1,1,GPNV
29/07/2025,23:31:30,44.88288,-63.5168,123.0,,SKT-4214,1,1,GPNV
29/07/2025,23:31:37,44.88283,-63.51688,140.0,,SKT-4214,1,1,GPNV
29/07/2025,23:31:45,44.88283,-63.5169,150.0,,SKT-4214,1,1,GPNV
29/07/2025,23:31:52,44.88281,-63.51693,160.0,,SKT-4214,1,1,GPNV
29/07/2025,23:31:59,44.88281,-63.51697,171.0,,SKT-4214,1,1,GPNV
29/07/2025,23:32:06,44.88287,-63.51699,173.0,,SKT-4214,1,1,GPNV
29/07/2025,23:32:13,44.88288,-63.51706,175.0,,SKT-4214,1,1,GPNV
29/07/2025,23:32:20,44.88291,-63.51721,159.0,,SKT-4214,1,1,GPNV
29/07/2025,23:32:27,44.8829,-63.51735,138.0,,SKT-4214,1,1,GPNV
29/07/2025,23:32:34,44.88288,-63.51738,122.0,,SKT-4214,1,1,GPNV
29/07/2025,23:32:42,44.88287,-63.51741,103.0,,SKT-4214,1,1,GPNV
29/07/2025,23:32:49,44.88286,-63.51736,87.0,,SKT-4214,1,1,GPNV
29/07/2025,23:32:56,44.88287,-63.51734,72.0,,SKT-4214,1,1,GPNV
29/07/2025,23:33:03,44.88291,-63.51728,61.0,,SKT-4214,1,1,GPNV
29/07/2025,23:33:10,44.88293,-63.51717,55.0,,SKT-4214,1,1,GPNV
29/07/2025,23:33:18,44.88297,-63.51711,48.0,,SKT-4214,1,1,GPNV
29/07/2025,23:33:26,44.88295,-63.51704,49.0,,SKT-4214,1,1,GPNV
29/07/2025,23:33:33,44.88292,-63.51697,62.0,,SKT-4214,1,1,GPNV
29/07/2025,23:33:40,44.88288,-63.5169,76.0,,SKT-4214,1,1,GPNV
29/07/2025,23:33:47,44.88288,-63.51678,96.0,,SKT-4214,1,1,GPNV
29/07/2025,23:33:54,44.8829,-63.51669,119.0,,SKT-4214,1,1,GPNV
29/07/2025,23:34:02,44.88285,-63.51666,143.0,,SKT-4214,1,1,GPNV
29/07/2025,23:34:09,44.88284,-63.51669,160.0,,SKT-4214,1,1,GPNV
29/07/2025,23:34:16,44.88283,-63.51672,167.0,,SKT-4214,1,1,GPNV
29/07/2025,23:34:23,44.88282,-63.51672,161.0,,SKT-4214,1,1,GPNV
29/07/2025,23:34:30,44.8828,-63.5167,156.0,,SKT-4214,1,1,GPNV
29/07/2025,23:34:38,44.88277,-63.51665,148.0,,SKT-4214,1,1,GPNV
29/07/2025,23:34:45,44.88274,-63.5166,142.0,,SKT-4214,1,1,GPNV
29/07/2025,23:34:52,44.88272,-63.51659,139.0,,SKT-4214,1,1,GPNV
29/07/2025,23:34:59,44.88272,-63.5166,135.0,,SKT-4214,1,1,GPNV
29/07/2025,23:35:06,44.88273,-63.51664,130.0,,SKT-4214,1,1,GPNV
29/07/2025,23:35:13,44.88272,-63.51668,127.0,,SKT-4214,1,1,GPNV
29/07/2025,23:35:21,44.88276,-63.51673,121.0,,SKT-4214,1,1,GPNV
29/07/2025,23:35:28,44.88275,-63.51676,123.0,,SKT-4214,1,1,GPNV
29/07/2025,23:35:35,44.88274,-63.5168,125.0,,SKT-4214,1,1,GPNV
29/07/2025,23:35:42,44.88274,-63.51685,128.0,,SKT-4214,1,1,GPNV
29/07/2025,23:35:49,44.88273,-63.51687,123.0,,SKT-4214,1,1,GPNV
29/07/2025,23:35:56,44.88275,-63.5169,115.0,,SKT-4214,1,1,GPNV
29/07/2025,23:36:04,44.88278,-63.51694,99.0,,SKT-4214,1,1,GPNV
29/07/2025,23:36:11,44.88282,-63.51698,85.0,,SKT-4214,1,1,GPNV
29/07/2025,23:36:18,44.88285,-63.51699,83.0,,SKT-4214,1,1,GPNV
29/07/2025,23:36:25,44.88286,-63.517,86.0,,SKT-4214,1,1,GPNV
29/07/2025,23:36:32,44.88286,-63.51701,91.0,,SKT-4214,1,1,GPNV
29/07/2025,23:36:39,44.88287,-63.51695,87.0,,SKT-4214,1,1,GPNV
29/07/2025,23:36:47,44.88287,-63.51686,84.0,,SKT-4214,1,1,GPNV
29/07/2025,23:36:55,44.88282,-63.51678,90.0,,SKT-4214,1,1,GPNV
29/07/2025,23:37:03,44.88276,-63.51671,105.0,,SKT-4214,1,1,GPNV
29/07/2025,23:37:10,44.88272,-63.51665,121.0,,SKT-4214,1,1,GPNV
29/07/2025,23:04:41,,,,,SKT-4214,1,1,GPNV
29/07/2025,23:37:27,44.88261,-63.51641,167.0,,SKT-4214,1,1,GPNV
29/07/2025,23:37:34,44.8826,-63.51637,167.0,,SKT-4214,1,1,GPNV
29/07/2025,23:37:42,44.88267,-63.51645,159.0,,SKT-4214,1,1,GPNV
29/07/2025,23:37:49,44.88268,-63.51652,149.0,,SKT-4214,1,1,GPNV
29/07/2025,23:37:56,44.88266,-63.51657,144.0,,SKT-4214,1,1,GPNV
29/07/2025,23:38:03,44.88261,-63.51659,143.0,,SKT-4214,1,1,GPNV
29/07/2025,23:38:10,44.88261,-63.51662,140.0,,SKT-4214,1,1,GPNV
29/07/2025,23:38:17,44.88262,-63.51666,137.0,,SKT-4214,1,1,GPNV
29/07/2025,23:38:25,44.88262,-63.5167,143.0,,SKT-4214,1,1,GPNV
29/07/2025,23:38:32,44.88263,-63.51673,148.0,,SKT-4214,1,1,GPNV
29/07/2025,23:38:39,44.88267,-63.51677,140.0,,SKT-4214,1,1,GPNV
29/07/2025,23:38:46,44.88272,-63.51679,128.0,,SKT-4214,1,1,GPNV
29/07/2025,23:38:53,44.88272,-63.51677,130.0,,SKT-4214,1,1,GPNV
29/07/2025,23:39:00,44.88273,-63.51675,129.0,,SKT-4214,1,1,GPNV
29/07/2025,23:39:07,44.88277,-63.51675,120.0,,SKT-4214,1,1,GPNV
29/07/2025,23:39:14,44.8828,-63.51676,105.0,,SKT-4214,1,1,GPNV
29/07/2025,23:39:22,44.8828,-63.51675,93.0,,SKT-4214,1,1,GPNV
29/07/2025,23:39:29,44.88276,-63.51671,95.0,,SKT-4214,1,1,GPNV
29/07/2025,23:39:36,44.88272,-63.51674,108.0,,SKT-4214,1,1,GPNV
29/07/2025,23:39:43,44.88268,-63.51679,130.0,,SKT-4214,1,1,GPNV
29/07/2025,23:39:50,44.88265,-63.51689,152.0,,SKT-4214,1,1,GPNV
29/07/2025,23:39:57,44.88266,-63.51697,169.0,,SKT-4214,1,1,GPNV
29/07/2025,23:40:05,44.88266,-63.51701,180.0,,SKT-4214,1,1,GPNV
29/07/2025,23:40:13,44.88266,-63.51701,186.0,,SKT-4214,1,1,GPNV
29/07/2025,23:40:20,44.88264,-63.51698,190.0,,SKT-4214,1,1,GPNV
29/07/2025,23:40:27,44.88263,-63.51686,193.0,,SKT-4214,1,1,GPNV
29/07/2025,23:40:34,44.88262,-63.51679,193.0,,SKT-4214,1,1,GPNV
29/07/2025,23:40:41,44.88263,-63.51676,194.0,,SKT-4214,1,1,GPNV
29/07/2025,23:40:49,44.88266,-63.51679,188.0,,SKT-4214,1,1,GPNV
29/07/2025,23:08:19,,,,,SKT-4214,1,0,GPNV
29/07/2025,23:41:06,44.88276,-63.5168,165.0,,SKT-4214,1,1,GPNV
29/07/2025,23:41:14,44.88281,-63.51678,149.0,,SKT-4214,1,1,GPNV
29/07/2025,23:41:21,44.88282,-63.51678,145.0,,SKT-4214,1,1,GPNV
29/07/2025,23:41:28,44.88283,-63.5168,140.0,,SKT-4214,1,1,GPNV
29/07/2025,23:41:35,44.88284,-63.51683,132.0,,SKT-4214,1,1,GPNV
29/07/2025,23:41:42,44.88284,-63.51686,124.0,,SKT-4214,1,1,GPNV
29/07/2025,23:41:49,44.88281,-63.51688,122.0,,SKT-4214,1,1,GPNV
29/07/2025,23:41:57,44.88282,-63.51693,115.0,,SKT-4214,1,1,GPNV
29/07/2025,23:42:04,44.88283,-63.51696,106.0,,SKT-4214,1,1,GPNV
29/07/2025,23:42:11,44.88285,-63.51699,97.0,,SKT-4214,1,1,GPNV
29/07/2025,23:42:18,44.88286,-63.51702,96.0,,SKT-4214,1,1,GPNV
29/07/2025,23:42:25,44.88287,-63.51704,97.0,,SKT-4214,1,1,GPNV
29/07/2025,23:42:32,44.88285,-63.51703,108.0,,SKT-4214,1,1,GPNV
29/07/2025,23:42:39,44.88287,-63.51704,114.0,,SKT-4214,1,1,GPNV
29/07/2025,23:42:46,44.88289,-63.51701,107.0,,SKT-4214,1,1,GPNV
29/07/2025,23:42:54,44.88286,-63.51693,96.0,,SKT-4214,1,1,GPNV
29/07/2025,23:10:25,,,,,SKT-4214,1,1,GPNV
29/07/2025,23:43:12,44.88301,-63.51688,47.0,,SKT-4214,1,1,GPNV
29/07/2025,23:43:19,44.88306,-63.51688,38.0,,SKT-4214,1,1,GPNV
29/07/2025,23:43:26,44.88312,-63.5169,37.0,,SKT-4214,1,1,GPNV
29/07/2025,23:43:33,44.88309,-63.51693,46.0,,SKT-4214,1,1,GPNV
29/07/2025,23:43:41,44.88306,-63.51698,53.0,,SKT-4214,1,1,GPNV
29/07/2025,23:43:48,44.88302,-63.51702,54.0,,SKT-4214,1,1,GPNV
29/07/2025,23:43:55,44.88292,-63.51703,64.0,,SKT-4214,1,1,GPNV
29/07/2025,23:44:02,44.88278,-63.517,80.0,,SKT-4214,1,1,GPNV
29/07/2025,23:44:09,44.8827,-63.51702,90.0,,SKT-4214,1,1,GPNV
29/07/2025,23:44:16,44.88265,-63.51709,101.0,,SKT-4214,1,1,GPNV
29/07/2025,23:44:24,44.88258,-63.51715,127.0,,SKT-4214,1,1,GPNV
29/07/2025,23:44:31,44.88253,-63.51712,145.0,,SKT-4214,1,1,GPNV
29/07/2025,23:44:38,44.88253,-63.5171,158.0,,SKT-4214,1,1,GPNV
29/07/2025,23:44:45,44.88254,-63.51715,172.0,,SKT-4214,1,1,GPNV
29/07/2025,23:44:53,44.88255,-63.51714,184.0,,SKT-4214,1,1,GPNV
29/07/2025,23:12:23,,,,,SKT-4214,1,1,GPNV
29/07/2025,23:45:11,44.88257,-63.51677,162.0,,SKT-4214,1,0,GPNV
29/07/2025,23:12:41,,,,,SKT-4214,1,1,GPNV
29/07/2025,23:45:28,44.88254,-63.51694,120.0,,SKT-4214,1,1,GPNV
29/07/2025,23:45:35,44.88254,-63.51699,116.0,,SKT-4214,1,1,GPNV
29/07/2025,23:45:42,44.88254,-63.51703,112.0,,SKT-4214,1,1,GPNV
29/07/2025,23:45:49,44.88258,-63.51705,101.0,,SKT-4214,1,1,GPNV
29/07/2025,23:13:19,,,,,SKT-4214,1,1,GPNV
29/07/2025,23:46:06,44.88261,-63.51702,95.0,,SKT-4214,1,1,GPNV
29/07/2025,23:46:13,44.88261,-63.51702,97.0,,SKT-4214,1,1,GPNV
29/07/2025,23:46:20,44.8826,-63.51702,101.0,,SKT-4214,1,1,GPNV
29/07/2025,23:46:27,44.88256,-63.51703,115.0,,SKT-4214,1,1,GPNV
29/07/2025,23:46:34,44.88253,-63.51708,128.0,,SKT-4214,1,1,GPNV
29/07/2025,23:46:41,44.88251,-63.51712,135.0,,SKT-4214,1,1,GPNV
29/07/2025,23:46:49,44.88251,-63.51714,139.0,,SKT-4214,1,1,GPNV
29/07/2025,23:46:57,44.8825,-63.51714,143.0,,SKT-4214,1,1,GPNV
29/07/2025,23:47:06,44.88249,-63.51714,145.0,,SKT-4214,1,1,GPNV
29/07/2025,23:47:13,44.88247,-63.51714,150.0,,SKT-4214,1,1,GPNV
29/07/2025,23:47:21,44.88241,-63.51713,157.0,,SKT-4214,1,1,GPNV
29/07/2025,23:47:28,44.88236,-63.51712,163.0,,SKT-4214,1,1,GPNV
29/07/2025,23:47:35,44.88233,-63.51716,165.0,,SKT-4214,1,1,GPNV
29/07/2025,23:15:05,,,,,SKT-4214,1,1,GPNV
29/07/2025,23:15:15,,,,,SKT-4214,1,1,GPNV
29/07/2025,23:48:02,44.8824,-63.5171,150.0,,SKT-4214,1,1,GPNV
29/07/2025,23:15:32,,,,,SKT-4214,1,1,GPNV
29/07/2025,23:48:19,44.88246,-63.51706,156.0,,SKT-4214,1,1,GPNV
29/07/2025,23:48:26,44.88246,-63.51707,158.0,,SKT-4214,1,1,GPNV
29/07/2025,23:48:33,44.88248,-63.51712,161.0,,SKT-4214,1,1,GPNV
29/07/2025,23:48:41,44.8825,-63.51721,163.0,,SKT-4214,1,1,GPNV
29/07/2025,23:48:48,44.8825,-63.51721,163.0,,SKT-4214,1,1,GPNV
29/07/2025,23:48:55,44.8825,-63.51714,157.0,,SKT-4214,1,1,GPNV
29/07/2025,23:49:02,44.88251,-63.51709,150.0,,SKT-4214,1,1,GPNV
29/07/2025,23:49:09,44.88253,-63.51702,139.0,,SKT-4214,1,1,GPNV
29/07/2025,23:49:16,44.88255,-63.51699,129.0,,SKT-4214,1,1,GPNV
29/07/2025,23:49:24,44.88259,-63.51694,114.0,,SKT-4214,1,1,GPNV
29/07/2025,23:49:31,44.88262,-63.51694,106.0,,SKT-4214,1,1,GPNV
29/07/2025,23:49:38,44.88266,-63.51693,102.0,,SKT-4214,1,1,GPNV
29/07/2025,23:49:45,44.88267,-63.51692,99.0,,SKT-4214,1,1,GPNV
29/07/2025,23:49:52,44.88269,-63.51692,97.0,,SKT-4214,1,1,GPNV
29/07/2025,23:49:59,44.88269,-63.51691,98.0,,SKT-4214,1,1,GPNV
29/07/2025,23:50:07,44.88268,-63.51693,101.0,,SKT-4214,1,1,GPNV
29/07/2025,23:50:15,44.88268,-63.51698,105.0,,SKT-4214,1,1,GPNV
29/07/2025,23:50:22,44.88269,-63.51707,109.0,,SKT-4214,1,1,GPNV
29/07/2025,23:50:29,44.88269,-63.51711,112.0,,SKT-4214,1,1,GPNV
29/07/2025,23:50:36,44.88269,-63.5171,112.0,,SKT-4214,1,1,GPNV
29/07/2025,23:50:43,44.8827,-63.51706,110.0,,SKT-4214,1,1,GPNV
29/07/2025,23:50:50,44.8827,-63.51701,109.0,,SKT-4214,1,1,GPNV
29/07/2025,23:50:58,44.88268,-63.51694,109.0,,SKT-4214,1,1,GPNV
29/07/2025,23:51:05,44.88264,-63.5169,107.0,,SKT-4214,1,1,GPNV
29/07/2025,23:51:12,44.88262,-63.51687,108.0,,SKT-4214,1,1,GPNV
29/07/2025,23:51:19,44.88263,-63.51681,110.0,,SKT-4214,1,1,GPNV
29/07/2025,23:51:26,44.88261,-63.51677,110.0,,SKT-4214,1,1,GPNV
29/07/2025,23:51:34,44.88261,-63.51676,107.0,,SKT-4214,1,1,GPNV
29/07/2025,23:51:42,44.88261,-63.51676,106.0,,SKT-4214,1,1,GPNV
29/07/2025,23:51:51,44.88272,-63.51675,106.0,,SKT-4214,1,1,GPNV
29/07/2025,23:51:58,44.8827,-63.51677,103.0,,SKT-4214,1,1,GPNV
29/07/2025,23:52:05,44.88264,-63.51678,96.0,,SKT-4214,1,1,GPNV
29/07/2025,23:52:12,44.88259,-63.51684,88.0,,SKT-4214,1,1,GPNV
29/07/2025,23:52:20,44.88248,-63.51694,74.0,,SKT-4214,1,1,GPNV
29/07/2025,23:52:27,44.88247,-63.51698,69.0,,SKT-4214,1,1,GPNV
29/07/2025,23:52:34,44.8825,-63.51699,71.0,,SKT-4214,1,1,GPNV
29/07/2025,23:52:41,44.88256,-63.51694,82.0,,SKT-4214,1,1,GPNV
29/07/2025,23:52:50,44.88285,-63.51681,114.0,,SKT-4214,1,0,GPNV
29/07/2025,23:52:58,44.88289,-63.51679,125.0,,SKT-4214,1,1,GPNV
29/07/2025,23:53:05,44.88293,-63.51676,136.0,,SKT-4214,1,1,GPNV
29/07/2025,23:53:12,44.88295,-63.51675,144.0,,SKT-4214,1,1,GPNV
29/07/2025,23:53:19,44.88298,-63.51675,154.0,,SKT-4214,1,1,GPNV
29/07/2025,23:53:28,44.88298,-63.51673,162.0,,SKT-4214,1,1,GPNV
29/07/2025,23:53:35,44.88295,-63.5167,168.0,,SKT-4214,1,1,GPNV
29/07/2025,23:53:43,44.88289,-63.5167,175.0,,SKT-4214,1,1,GPNV
29/07/2025,23:53:50,44.88285,-63.5167,179.0,,SKT-4214,1,1,GPNV
29/07/2025,23:53:57,44.88281,-63.5167,182.0,,SKT-4214,1,1,GPNV
29/07/2025,23:54:04,44.88277,-63.51673,179.0,,SKT-4214,1,1,GPNV
29/07/2025,23:54:11,44.88274,-63.51678,174.0,,SKT-4214,1,1,GPNV
29/07/2025,23:54:18,44.88271,-63.51685,168.0,,SKT-4214,1,1,GPNV
29/07/2025,23:54:26,44.88268,-63.51692,163.0,,SKT-4214,1,1,GPNV
29/07/2025,23:54:33,44.8827,-63.51699,172.0,,SKT-4214,1,1,GPNV
29/07/2025,23:54:40,44.88272,-63.51702,184.0,,SKT-4214,1,1,GPNV
29/07/2025,23:54:47,44.8827,-63.51698,189.0,,SKT-4214,1,1,GPNV
29/07/2025,23:54:54,44.88264,-63.5169,190.0,,SKT-4214,1,1,GPNV
29/07/2025,23:55:02,44.8826,-63.51685,187.0,,SKT-4214,1,1,GPNV
29/07/2025,23:55:09,44.8826,-63.51683,184.0,,SKT-4214,1,1,GPNV
29/07/2025,23:55:16,44.88259,-63.51683,179.0,,SKT-4214,1,1,GPNV
29/07/2025,23:55:23,44.88258,-63.51685,175.0,,SKT-4214,1,1,GPNV
29/07/2025,23:55:30,44.88259,-63.51687,171.0,,SKT-4214,1,1,GPNV
29/07/2025,23:55:37,44.88261,-63.5169,166.0,,SKT-4214,1,1,GPNV
29/07/2025,23:55:44,44.88265,-63.51691,156.0,,SKT-4214,1,1,GPNV
29/07/2025,23:55:52,44.88268,-63.51694,151.0,,SKT-4214,1,1,GPNV
29/07/2025,23:55:59,44.88271,-63.51695,150.0,,SKT-4214,1,1,GPNV
29/07/2025,23:56:06,44.88271,-63.51698,153.0,,SKT-4214,1,1,GPNV
29/07/2025,23:56:13,44.88269,-63.51699,153.0,,SKT-4214,1,1,GPNV
29/07/2025,23:56:20,44.88271,-63.51701,150.0,,SKT-4214,1,1,GPNV
29/07/2025,23:56:28,44.88271,-63.51695,149.0,,SKT-4214,1,1,GPNV
29/07/2025,23:56:35,44.88265,-63.51685,156.0,,SKT-4214,1,1,GPNV
29/07/2025,23:56:42,44.88256,-63.51675,164.0,,SKT-4214,1,1,GPNV
29/07/2025,23:56:49,44.88256,-63.51675,160.0,,SKT-4214,1,1,GPNV
29/07/2025,23:56:56,44.88255,-63.51674,143.0,,SKT-4214,1,1,GPNV
29/07/2025,23:57:04,44.88256,-63.51675,147.0,,SKT-4214,1,1,GPNV
29/07/2025,23:57:11,44.8826,-63.51672,153.0,,SKT-4214,1,1,GPNV
29/07/2025,23:57:18,44.8826,-63.51671,152.0,,SKT-4214,1,1,GPNV
29/07/2025,23:57:25,44.88261,-63.51678,141.0,,SKT-4214,1,1,GPNV
29/07/2025,23:57:32,44.88279,-63.51683,118.0,,SKT-4214,1,1,GPNV
29/07/2025,23:57:39,44.88279,-63.51679,108.0,,SKT-4214,1,1,GPNV
29/07/2025,23:57:47,44.883,-63.51679,110.0,,SKT-4214,1,1,GPNV
29/07/2025,23:57:54,44.88292,-63.51678,107.0,,SKT-4214,1,1,GPNV
29/07/2025,23:58:01,44.88281,-63.51681,99.0,,SKT-4214,1,1,GPNV
29/07/2025,23:58:08,44.8827,-63.51682,94.0,,SKT-4214,1,1,GPNV
29/07/2025,23:58:15,44.88266,-63.51679,91.0,,SKT-4214,1,1,GPNV
29/07/2025,23:58:22,44.88261,-63.5168,78.0,,SKT-4214,1,1,GPNV
29/07/2025,23:58:29,44.88262,-63.5169,40.0,,SKT-4214,1,1,GPNV
29/07/2025,23:58:37,44.88258,-63.51695,11.0,,SKT-4214,1,1,GPNV
29/07/2025,23:58:44,44.88265,-63.51667,58.0,,SKT-4214,1,1,GPNV
29/07/2025,23:58:51,44.88273,-63.51649,78.0,,SKT-4214,1,1,GPNV
29/07/2025,23:58:58,44.88284,-63.51641,86.0,,SKT-4214,1,1,GPNV
29/07/2025,23:59:05,44.88298,-63.51641,88.0,,SKT-4214,1,1,GPNV
29/07/2025,23:59:12,44.88305,-63.51643,88.0,,SKT-4214,1,1,GPNV
29/07/2025,23:59:20,44.88306,-63.51646,89.0,,SKT-4214,1,1,GPNV
29/07/2025,23:59:27,44.88303,-63.51649,87.0,,SKT-4214,1,1,GPNV
29/07/2025,23:59:34,44.88304,-63.51658,81.0,,SKT-4214,1,1,GPNV
29/07/2025,23:59:41,44.88302,-63.51663,84.0,,SKT-4214,1,1,GPNV
29/07/2025,23:59:48,44.88305,-63.51669,85.0,,SKT-4214,1,1,GPNV
29/07/2025,23:59:55,44.88304,-63.51672,88.0,,SKT-4214,1,1,GPNV
30/07/2025,00:00:03,44.88303,-63.51677,94.0,,SKT-4214,1,1,GPNV
30/07/2025,00:00:11,44.88303,-63.5168,98.0,,SKT-4214,1,1,GPNV
30/07/2025,00:00:18,44.88306,-63.51678,99.0,,SKT-4214,1,1,GPNV
30/07/2025,00:00:25,44.88306,-63.51678,107.0,,SKT-4214,1,1,GPNV
30/07/2025,00:00:32,44.88301,-63.5168,112.0,,SKT-4214,1,1,GPNV
30/07/2025,00:00:39,44.88296,-63.51683,118.0,,SKT-4214,1,1,GPNV
30/07/2025,00:00:46,44.88286,-63.51687,113.0,,SKT-4214,1,1,GPNV
30/07/2025,00:00:53,44.88283,-63.51688,111.0,,SKT-4214,1,1,GPNV
30/07/2025,00:01:01,44.88273,-63.51689,99.0,,SKT-4214,1,1,GPNV
30/07/2025,00:01:08,44.88272,-63.51685,84.0,,SKT-4214,1,1,GPNV
30/07/2025,00:01:15,44.88271,-63.51682,75.0,,SKT-4214,1,1,GPNV
30/07/2025,00:01:22,44.88274,-63.51679,72.0,,SKT-4214,1,1,GPNV
30/07/2025,00:01:29,44.88281,-63.51677,79.0,,SKT-4214,1,1,GPNV
30/07/2025,00:01:37,44.88285,-63.5168,89.0,,SKT-4214,1,1,GPNV
30/07/2025,00:01:44,44.88285,-63.51688,102.0,,SKT-4214,1,1,GPNV
30/07/2025,00:01:51,44.88286,-63.51697,115.0,,SKT-4214,1,1,GPNV
30/07/2025,00:01:58,44.88285,-63.51703,121.0,,SKT-4214,1,1,GPNV
30/07/2025,00:02:05,44.88282,-63.51704,115.0,,SKT-4214,1,1,GPNV
30/07/2025,00:02:12,44.88281,-63.5171,117.0,,SKT-4214,1,1,GPNV
30/07/2025,00:02:19,44.88282,-63.51717,127.0,,SKT-4214,1,1,GPNV
30/07/2025,00:02:27,44.88276,-63.51724,130.0,,SKT-4214,1,1,GPNV
30/07/2025,00:02:34,44.88266,-63.51731,123.0,,SKT-4214,1,1,GPNV
30/07/2025,00:02:41,44.88257,-63.51734,114.0,,SKT-4214,1,1,GPNV
30/07/2025,00:02:49,44.8825,-63.51727,98.0,,SKT-4214,1,1,GPNV
30/07/2025,00:02:56,44.88251,-63.51719,91.0,,SKT-4214,1,1,GPNV
30/07/2025,00:03:03,44.88253,-63.51714,87.0,,SKT-4214,1,1,GPNV
30/07/2025,00:03:10,44.88253,-63.51711,81.0,,SKT-4214,1,1,GPNV
30/07/2025,00:03:18,44.88248,-63.51712,71.0,,SKT-4214,1,1,GPNV
30/07/2025,00:03:25,44.88245,-63.51715,66.0,,SKT-4214,1,1,GPNV
30/07/2025,00:03:32,44.8824,-63.51718,56.0,,SKT-4214,1,1,GPNV
30/07/2025,00:03:39,44.88239,-63.5172,60.0,,SKT-4214,1,1,GPNV
30/07/2025,00:03:46,44.88239,-63.51724,68.0,,SKT-4214,1,1,GPNV
30/07/2025,00:03:53,44.88234,-63.5173,72.0,,SKT-4214,1,1,GPNV
30/07/2025,00:04:00,44.88233,-63.51732,75.0,,SKT-4214,1,1,GPNV
30/07/2025,00:04:08,44.88247,-63.51714,78.0,,SKT-4214,1,1,GPNV
30/07/2025,00:04:15,44.88254,-63.51699,67.0,,SKT-4214,1,1,GPNV
30/07/2025,00:04:23,44.88255,-63.51691,58.0,,SKT-4214,1,1,GPNV
30/07/2025,00:04:33,44.88249,-63.51694,52.0,,SKT-4214,1,1,GPNV
30/07/2025,00:04:40,44.88246,-63.51699,54.0,,SKT-4214,1,1,GPNV
30/07/2025,00:04:47,44.88245,-63.51706,65.0,,SKT-4214,1,1,GPNV
30/07/2025,00:04:54,44.88247,-63.5171,72.0,,SKT-4214,1,1,GPNV
30/07/2025,00:05:02,44.8825,-63.51711,77.0,,SKT-4214,1,1,GPNV
30/07/2025,00:05:09,44.88255,-63.5171,81.0,,SKT-4214,1,1,GPNV
30/07/2025,00:05:16,44.88267,-63.51703,96.0,,SKT-4214,1,1,GPNV
30/07/2025,00:05:23,44.88278,-63.51696,112.0,,SKT-4214,1,1,GPNV
30/07/2025,00:05:30,44.88283,-63.51694,119.0,,SKT-4214,1,1,GPNV
30/07/2025,00:05:37,44.88286,-63.51692,124.0,,SKT-4214,1,1,GPNV
30/07/2025,00:05:44,44.88288,-63.5169,126.0,,SKT-4214,1,1,GPNV
30/07/2025,00:05:52,44.88287,-63.51691,126.0,,SKT-4214,1,1,GPNV
30/07/2025,00:05:59,44.8828,-63.51696,119.0,,SKT-4214,1,1,GPNV
30/07/2025,00:06:06,44.8828,-63.51699,116.0,,SKT-4214,1,1,GPNV
30/07/2025,00:06:13,44.88279,-63.51701,117.0,,SKT-4214,1,1,GPNV
30/07/2025,00:06:21,44.88272,-63.51706,111.0,,SKT-4214,1,1,GPNV
30/07/2025,00:06:28,44.88261,-63.51713,102.0,,SKT-4214,1,1,GPNV
30/07/2025,00:06:35,44.88251,-63.51717,89.0,,SKT-4214,1,1,GPNV
30/07/2025,00:06:42,44.88247,-63.51719,87.0,,SKT-4214,1,1,GPNV
30/07/2025,00:06:49,44.88243,-63.5172,80.0,,SKT-4214,1,1,GPNV
30/07/2025,00:06:56,44.88243,-63.51719,78.0,,SKT-4214,1,1,GPNV
30/07/2025,00:07:04,44.88245,-63.51716,78.0,,SKT-4214,1,1,GPNV
30/07/2025,00:07:11,44.88251,-63.51711,86.0,,SKT-4214,1,1,GPNV
30/07/2025,00:07:18,44.88257,-63.51706,94.0,,SKT-4214,1,1,GPNV
30/07/2025,00:07:25,44.88262,-63.51701,97.0,,SKT-4214,1,1,GPNV
30/07/2025,00:07:32,44.88269,-63.51699,108.0,,SKT-4214,1,1,GPNV
30/07/2025,00:07:39,44.88271,-63.51697,108.0,,SKT-4214,1,1,GPNV
30/07/2025,00:07:47,44.88266,-63.51698,96.0,,SKT-4214,1,1,GPNV
30/07/2025,00:07:54,44.88266,-63.51697,92.0,,SKT-4214,1,1,GPNV
30/07/2025,00:08:01,44.88268,-63.51694,89.0,,SKT-4214,1,1,GPNV
30/07/2025,00:08:08,44.88265,-63.51694,83.0,,SKT-4214,1,1,GPNV
30/07/2025,00:08:15,44.8826,-63.51696,70.0,,SKT-4214,1,1,GPNV
30/07/2025,00:08:22,44.88263,-63.51696,64.0,,SKT-4214,1,1,GPNV
30/07/2025,00:08:30,44.88277,-63.51686,67.0,,SKT-4214,1,1,GPNV
30/07/2025,00:08:37,44.88286,-63.51677,67.0,,SKT-4214,1,1,GPNV
30/07/2025,00:08:44,44.88287,-63.51686,76.0,,SKT-4214,1,1,GPNV
30/07/2025,00:08:51,44.88285,-63.51696,92.0,,SKT-4214,1,1,GPNV
30/07/2025,00:08:58,44.88284,-63.51702,105.0,,SKT-4214,1,1,GPNV
30/07/2025,00:09:05,44.8828,-63.51698,111.0,,SKT-4214,1,1,GPNV
30/07/2025,00:09:12,44.88272,-63.51702,122.0,,SKT-4214,1,1,GPNV
30/07/2025,00:09:20,44.88269,-63.51707,127.0,,SKT-4214,1,1,GPNV
30/07/2025,00:09:27,44.88269,-63.51707,132.0,,SKT-4214,1,1,GPNV
30/07/2025,00:09:34,44.88271,-63.51704,143.0,,SKT-4214,1,1,GPNV
30/07/2025,00:09:41,44.88269,-63.51702,151.0,,SKT-4214,1,1,GPNV
30/07/2025,00:09:48,44.88263,-63.51701,156.0,,SKT-4214,1,1,GPNV
30/07/2025,00:09:56,44.88253,-63.51704,153.0,,SKT-4214,1,1,GPNV
30/07/2025,00:10:03,44.88245,-63.51704,152.0,,SKT-4214,1,1,GPNV
30/07/2025,00:10:10,44.88247,-63.51702,156.0,,SKT-4214,1,1,GPNV
30/07/2025,00:10:17,44.88251,-63.51702,156.0,,SKT-4214,1,1,GPNV
30/07/2025,00:10:24,44.88257,-63.51699,158.0,,SKT-4214,1,1,GPNV
30/07/2025,00:10:31,44.88264,-63.51695,163.0,,SKT-4214,1,1,GPNV
30/07/2025,00:10:38,44.88268,-63.51694,160.0,,SKT-4214,1,1,GPNV
30/07/2025,00:10:46,44.88274,-63.51694,149.0,,SKT-4214,1,1,GPNV
30/07/2025,00:10:53,44.88279,-63.51696,136.0,,SKT-4214,1,1,GPNV
30/07/2025,00:11:00,44.88284,-63.51696,132.0,,SKT-4214,1,1,GPNV
30/07/2025,00:11:07,44.88289,-63.51697,135.0,,SKT-4214,1,1,GPNV
30/07/2025,00:11:14,44.88289,-63.51699,135.0,,SKT-4214,1,1,GPNV
30/07/2025,00:11:21,44.88289,-63.517,140.0,,SKT-4214,1,1,GPNV
30/07/2025,00:11:29,44.8829,-63.517,147.0,,SKT-4214,1,1,GPNV
30/07/2025,00:11:36,44.8829,-63.51701,147.0,,SKT-4214,1,1,GPNV
30/07/2025,00:11:43,44.88287,-63.51702,141.0,,SKT-4214,1,1,GPNV
30/07/2025,00:11:50,44.88279,-63.51702,118.0,,SKT-4214,1,1,GPNV
30/07/2025,00:11:57,44.88276,-63.51701,108.0,,SKT-4214,1,1,GPNV
30/07/2025,00:12:04,44.88273,-63.51701,116.0,,SKT-4214,1,1,GPNV
30/07/2025,00:12:12,44.88272,-63.51703,120.0,,SKT-4214,1,1,GPNV
30/07/2025,00:12:19,44.88273,-63.51712,130.0,,SKT-4214,1,1,GPNV
30/07/2025,00:12:26,44.88274,-63.5172,133.0,,SKT-4214,1,1,GPNV
30/07/2025,00:12:33,44.88275,-63.51722,133.0,,SKT-4214,1,1,GPNV
30/07/2025,00:12:40,44.88274,-63.51718,134.0,,SKT-4214,1,1,GPNV
30/07/2025,00:12:48,44.88267,-63.5171,139.0,,SKT-4214,1,1,GPNV
30/07/2025,00:12:55,44.88261,-63.51703,148.0,,SKT-4214,1,1,GPNV
30/07/2025,00:13:02,44.8826,-63.51697,158.0,,SKT-4214,1,1,GPNV
30/07/2025,00:13:09,44.88254,-63.51696,149.0,,SKT-4214,1,1,GPNV
30/07/2025,00:13:16,44.88245,-63.51702,132.0,,SKT-4214,1,1,GPNV
30/07/2025,00:13:24,44.88235,-63.51711,114.0,,SKT-4214,1,1,GPNV
30/07/2025,00:13:31,44.88233,-63.51714,108.0,,SKT-4214,1,1,GPNV
30/07/2025,00:13:38,44.88233,-63.51715,106.0,,SKT-4214,1,1,GPNV
30/07/2025,00:13:45,44.88234,-63.51715,109.0,,SKT-4214,1,1,GPNV
30/07/2025,00:13:52,44.88237,-63.51714,113.0,,SKT-4214,1,1,GPNV
30/07/2025,00:13:59,44.88238,-63.51714,108.0,,SKT-4214,1,1,GPNV
30/07/2025,00:14:06,44.88236,-63.51715,98.0,,SKT-4214,1,1,GPNV
30/07/2025,00:14:13,44.88235,-63.51714,90.0,,SKT-4214,1,1,GPNV
30/07/2025,00:14:21,44.88237,-63.51714,94.0,,SKT-4214,1,1,GPNV
30/07/2025,00:14:28,44.88237,-63.51712,97.0,,SKT-4214,1,1,GPNV
30/07/2025,00:14:35,44.88243,-63.51708,100.0,,SKT-4214,1,1,GPNV
30/07/2025,00:14:42,44.88244,-63.5171,97.0,,SKT-4214,1,1,GPNV
30/07/2025,00:14:49,44.88244,-63.51712,97.0,,SKT-4214,1,1,GPNV
30/07/2025,00:14:57,44.88242,-63.51709,92.0,,SKT-4214,1,1,GPNV
30/07/2025,00:15:04,44.88238,-63.51706,82.0,,SKT-4214,1,1,GPNV
30/07/2025,00:15:11,44.88237,-63.51703,77.0,,SKT-4214,1,1,GPNV
30/07/2025,00:15:18,44.88236,-63.517,75.0,,SKT-4214,1,1,GPNV
30/07/2025,00:15:25,44.88237,-63.517,77.0,,SKT-4214,1,1,GPNV
30/07/2025,00:15:32,44.88238,-63.51701,76.0,,SKT-4214,1,1,GPNV
30/07/2025,00:15:40,44.88237,-63.51702,68.0,,SKT-4214,1,1,GPNV
30/07/2025,00:15:47,44.88239,-63.517,75.0,,SKT-4214,1,1,GPNV
30/07/2025,00:15:54,44.88247,-63.51694,87.0,,SKT-4214,1,1,GPNV
30/07/2025,00:16:01,44.88249,-63.51699,84.0,,SKT-4214,1,1,GPNV
30/07/2025,00:16:09,44.88245,-63.51703,62.0,,SKT-4214,1,1,GPNV
30/07/2025,00:16:16,44.8824,-63.51706,43.0,,SKT-4214,1,1,GPNV
30/07/2025,00:16:23,44.88246,-63.51704,53.0,,SKT-4214,1,1,GPNV
30/07/2025,00:16:30,44.88254,-63.517,71.0,,SKT-4214,1,1,GPNV
30/07/2025,00:16:37,44.88256,-63.51695,75.0,,SKT-4214,1,1,GPNV
30/07/2025,00:16:44,44.88257,-63.51693,82.0,,SKT-4214,1,1,GPNV
30/07/2025,00:16:52,44.88257,-63.51692,87.0,,SKT-4214,1,1,GPNV
30/07/2025,00:16:59,44.88259,-63.51693,100.0,,SKT-4214,1,1,GPNV
30/07/2025,00:17:06,44.88261,-63.51694,115.0,,SKT-4214,1,1,GPNV
30/07/2025,00:17:13,44.8826,-63.51695,124.0,,SKT-4214,1,1,GPNV
30/07/2025,00:17:21,44.88256,-63.51696,134.0,,SKT-4214,1,1,GPNV
30/07/2025,00:17:28,44.88256,-63.51697,141.0,,SKT-4214,1,1,GPNV
30/07/2025,00:17:35,44.88256,-63.51702,148.0,,SKT-4214,1,1,GPNV
30/07/2025,00:17:42,44.88256,-63.51706,153.0,,SKT-4214,1,1,GPNV
30/07/2025,00:17:50,44.88256,-63.51709,155.0,,SKT-4214,1,1,GPNV
30/07/2025,00:17:57,44.88254,-63.51711,151.0,,SKT-4214,1,1,GPNV
30/07/2025,00:18:04,44.88253,-63.5171,145.0,,SKT-4214,1,1,GPNV
30/07/2025,00:18:11,44.88258,-63.5171,146.0,,SKT-4214,1,1,GPNV
30/07/2025,00:18:18,44.8826,-63.51709,144.0,,SKT-4214,1,1,GPNV
30/07/2025,00:18:26,44.88264,-63.51706,150.0,,SKT-4214,1,1,GPNV
30/07/2025,00:18:33,44.88266,-63.51704,146.0,,SKT-4214,1,1,GPNV
30/07/2025,00:18:40,44.88263,-63.51705,146.0,,SKT-4214,1,1,GPNV
30/07/2025,00:18:47,44.88261,-63.51706,146.0,,SKT-4214,1,1,GPNV
30/07/2025,00:18:54,44.88258,-63.51709,142.0,,SKT-4214,1,1,GPNV
30/07/2025,00:19:01,44.88251,-63.51719,114.0,,SKT-4214,1,1,GPNV
30/07/2025,00:19:09,44.88247,-63.51713,102.0,,SKT-4214,1,1,GPNV
30/07/2025,00:19:16,44.88236,-63.51715,57.0,,SKT-4214,1,1,GPNV
30/07/2025,00:19:23,44.88232,-63.51712,33.0,,SKT-4214,1,1,GPNV
30/07/2025,00:19:30,44.88232,-63.51706,45.0,,SKT-4214,1,1,GPNV
30/07/2025,00:19:37,44.88228,-63.51704,50.0,,SKT-4214,1,1,GPNV
30/07/2025,00:19:44,44.88226,-63.51706,67.0,,SKT-4214,1,1,GPNV
30/07/2025,00:19:51,44.88229,-63.51712,87.0,,SKT-4214,1,1,GPNV
30/07/2025,00:19:59,44.88235,-63.51722,97.0,,SKT-4214,1,1,GPNV
30/07/2025,00:20:06,44.88242,-63.51722,110.0,,SKT-4214,1,1,GPNV
30/07/2025,00:20:13,44.8825,-63.51716,122.0,,SKT-4214,1,1,GPNV
30/07/2025,00:20:20,44.88258,-63.51711,125.0,,SKT-4214,1,1,GPNV
30/07/2025,00:20:28,44.88264,-63.51707,123.0,,SKT-4214,1,1,GPNV
30/07/2025,00:20:35,44.88267,-63.51706,126.0,,SKT-4214,1,1,GPNV
30/07/2025,00:20:42,44.88268,-63.51703,127.0,,SKT-4214,1,1,GPNV
30/07/2025,00:20:49,44.88266,-63.51704,124.0,,SKT-4214,1,1,GPNV
30/07/2025,00:20:56,44.88261,-63.51704,118.0,,SKT-4214,1,1,GPNV
30/07/2025,00:21:03,44.88254,-63.51706,113.0,,SKT-4214,1,1,GPNV
30/07/2025,00:21:10,44.88256,-63.51701,119.0,,SKT-4214,1,1,GPNV
30/07/2025,00:21:18,44.88277,-63.51689,138.0,,SKT-4214,1,1,GPNV
30/07/2025,00:21:25,44.88288,-63.5169,144.0,,SKT-4214,1,1,GPNV
30/07/2025,00:21:32,44.88285,-63.51697,143.0,,SKT-4214,1,1,GPNV
30/07/2025,00:21:39,44.88279,-63.51702,138.0,,SKT-4214,1,1,GPNV
30/07/2025,00:21:46,44.88274,-63.51707,134.0,,SKT-4214,1,1,GPNV
30/07/2025,00:21:54,44.88267,-63.51709,129.0,,SKT-4214,1,1,GPNV
30/07/2025,00:22:01,44.88259,-63.51713,127.0,,SKT-4214,1,1,GPNV
30/07/2025,00:22:08,44.8825,-63.51719,122.0,,SKT-4214,1,1,GPNV
30/07/2025,00:22:15,44.88244,-63.51722,117.0,,SKT-4214,1,1,GPNV
30/07/2025,00:22:22,44.8824,-63.51722,117.0,,SKT-4214,1,1,GPNV
30/07/2025,00:22:29,44.88236,-63.51715,115.0,,SKT-4214,1,1,GPNV
30/07/2025,00:22:36,44.88231,-63.51715,98.0,,SKT-4214,1,1,GPNV
30/07/2025,00:22:44,44.88231,-63.51722,88.0,,SKT-4214,1,1,GPNV
30/07/2025,00:22:51,44.88235,-63.51729,100.0,,SKT-4214,1,1,GPNV
30/07/2025,00:22:58,44.88239,-63.51732,114.0,,SKT-4214,1,1,GPNV
30/07/2025,00:23:05,44.88241,-63.51734,115.0,,SKT-4214,1,1,GPNV
30/07/2025,00:23:12,44.88243,-63.51731,119.0,,SKT-4214,1,1,GPNV
30/07/2025,00:23:19,44.88245,-63.51727,125.0,,SKT-4214,1,1,GPNV
30/07/2025,00:23:27,44.88247,-63.51714,130.0,,SKT-4214,1,1,GPNV
30/07/2025,00:23:34,44.88247,-63.51715,130.0,,SKT-4214,1,1,GPNV
30/07/2025,00:23:41,44.88247,-63.51721,122.0,,SKT-4214,1,1,GPNV
30/07/2025,00:23:48,44.88247,-63.51724,118.0,,SKT-4214,1,1,GPNV
30/07/2025,00:23:55,44.88248,-63.51729,114.0,,SKT-4214,1,1,GPNV
30/07/2025,00:24:02,44.8825,-63.5173,116.0,,SKT-4214,1,1,GPNV
30/07/2025,00:24:09,44.88251,-63.51729,119.0,,SKT-4214,1,1,GPNV
30/07/2025,00:24:17,44.88253,-63.51725,122.0,,SKT-4214,1,1,GPNV
30/07/2025,00:24:24,44.88252,-63.51723,117.0,,SKT-4214,1,1,GPNV
30/07/2025,00:24:31,44.88254,-63.51719,113.0,,SKT-4214,1,1,GPNV
30/07/2025,00:24:38,44.88259,-63.51715,108.0,,SKT-4214,1,1,GPNV
30/07/2025,00:24:45,44.88264,-63.51708,105.0,,SKT-4214,1,1,GPNV
30/07/2025,00:24:52,44.88264,-63.51709,108.0,,SKT-4214,1,1,GPNV
30/07/2025,00:24:59,44.8826,-63.51713,112.0,,SKT-4214,1,1,GPNV
30/07/2025,00:25:07,44.88251,-63.51711,100.0,,SKT-4214,1,1,GPNV
30/07/2025,00:25:14,44.8825,-63.51706,102.0,,SKT-4214,1,1,GPNV
30/07/2025,00:25:21,44.88251,-63.51697,112.0,,SKT-4214,1,1,GPNV
30/07/2025,00:25:28,44.88251,-63.5169,124.0,,SKT-4214,1,1,GPNV
30/07/2025,00:25:35,44.88249,-63.51686,134.0,,SKT-4214,1,1,GPNV
30/07/2025,00:25:42,44.88247,-63.51686,136.0,,SKT-4214,1,1,GPNV
30/07/2025,00:25:50,44.88245,-63.51687,138.0,,SKT-4214,1,1,GPNV
30/07/2025,00:25:57,44.88245,-63.51688,142.0,,SKT-4214,1,1,GPNV
30/07/2025,00:26:04,44.88245,-63.5169,146.0,,SKT-4214,1,1,GPNV
30/07/2025,00:26:11,44.88245,-63.51696,148.0,,SKT-4214,1,1,GPNV
30/07/2025,00:26:18,44.88243,-63.51705,143.0,,SKT-4214,1,1,GPNV
30/07/2025,00:26:25,44.88243,-63.5171,150.0,,SKT-4214,1,1,GPNV
30/07/2025,00:26:32,44.88243,-63.51714,154.0,,SKT-4214,1,1,GPNV
30/07/2025,00:26:40,44.88242,-63.51723,154.0,,SKT-4214,1,1,GPNV
30/07/2025,00:26:47,44.88242,-63.51735,150.0,,SKT-4214,1,1,GPNV
30/07/2025,00:26:54,44.88241,-63.51745,147.0,,SKT-4214,1,1,GPNV
30/07/2025,00:27:01,44.88243,-63.51746,142.0,,SKT-4214,1,1,GPNV
30/07/2025,00:27:08,44.88251,-63.5174,150.0,,SKT-4214,1,1,GPNV
30/07/2025,00:27:15,44.88256,-63.51735,144.0,,SKT-4214,1,1,GPNV
30/07/2025,00:27:22,44.88261,-63.51729,130.0,,SKT-4214,1,1,GPNV
30/07/2025,00:27:29,44.88263,-63.51724,116.0,,SKT-4214,1,1,GPNV
30/07/2025,00:27:37,44.88258,-63.51717,92.0,,SKT-4214,1,1,GPNV
30/07/2025,00:27:44,44.88255,-63.51711,96.0,,SKT-4214,1,1,GPNV
30/07/2025,00:27:51,44.88252,-63.51704,108.0,,SKT-4214,1,1,GPNV
30/07/2025,00:27:58,44.88245,-63.51697,117.0,,SKT-4214,1,1,GPNV
30/07/2025,00:28:05,44.88237,-63.51698,117.0,,SKT-4214,1,1,GPNV
30/07/2025,00:28:12,44.88232,-63.51706,100.0,,SKT-4214,1,1,GPNV
30/07/2025,00:28:20,44.88221,-63.51715,78.0,,SKT-4214,1,1,GPNV
30/07/2025,00:28:27,44.88225,-63.51717,81.0,,SKT-4214,1,1,GPNV
30/07/2025,00:28:34,44.88235,-63.51712,107.0,,SKT-4214,1,1,GPNV
30/07/2025,00:28:41,44.88247,-63.51709,136.0,,SKT-4214,1,1,GPNV
30/07/2025,00:28:48,44.88255,-63.51707,156.0,,SKT-4214,1,1,GPNV
30/07/2025,00:28:56,44.8826,-63.51707,162.0,,SKT-4214,1,1,GPNV
30/07/2025,00:29:04,44.88263,-63.51706,171.0,,SKT-4214,1,1,GPNV
30/07/2025,00:29:11,44.88263,-63.51706,163.0,,SKT-4214,1,1,GPNV
30/07/2025,00:29:18,44.88263,-63.51708,158.0,,SKT-4214,1,1,GPNV
30/07/2025,00:29:26,44.8826,-63.51712,149.0,,SKT-4214,1,1,GPNV
30/07/2025,00:29:33,44.88256,-63.51714,140.0,,SKT-4214,1,1,GPNV
30/07/2025,00:29:40,44.88255,-63.51716,140.0,,SKT-4214,1,1,GPNV
30/07/2025,00:29:47,44.88252,-63.51714,135.0,,SKT-4214,1,1,GPNV
30/07/2025,00:29:55,44.88249,-63.51706,131.0,,SKT-4214,1,1,GPNV
30/07/2025,00:30:02,44.88249,-63.51699,133.0,,SKT-4214,1,1,GPNV
30/07/2025,00:30:09,44.88248,-63.51697,135.0,,SKT-4214,1,1,GPNV
30/07/2025,00:30:16,44.88247,-63.51695,139.0,,SKT-4214,1,1,GPNV
30/07/2025,00:30:23,44.88247,-63.51692,138.0,,SKT-4214,1,1,GPNV
30/07/2025,00:30:30,44.88246,-63.51688,138.0,,SKT-4214,1,1,GPNV
30/07/2025,00:30:37,44.88247,-63.51689,145.0,,SKT-4214,1,1,GPNV
30/07/2025,00:30:45,44.88251,-63.51689,155.0,,SKT-4214,1,1,GPNV
30/07/2025,00:30:52,44.88254,-63.51687,155.0,,SKT-4214,1,1,GPNV
30/07/2025,00:30:59,44.88255,-63.51685,153.0,,SKT-4214,1,1,GPNV
30/07/2025,00:31:06,44.88253,-63.51682,158.0,,SKT-4214,1,1,GPNV
30/07/2025,00:31:13,44.88248,-63.51674,164.0,,SKT-4214,1,1,GPNV
30/07/2025,00:31:20,44.88247,-63.51669,168.0,,SKT-4214,1,1,GPNV
30/07/2025,00:31:27,44.88253,-63.51682,154.0,,SKT-4214,1,1,GPNV
30/07/2025,00:31:35,44.88256,-63.51691,141.0,,SKT-4214,1,1,GPNV
30/07/2025,00:31:42,44.88258,-63.51694,142.0,,SKT-4214,1,1,GPNV
30/07/2025,00:31:49,44.88257,-63.51697,137.0,,SKT-4214,1,1,GPNV
30/07/2025,00:31:56,44.88256,-63.51701,132.0,,SKT-4214,1,1,GPNV
30/07/2025,00:32:03,44.88255,-63.51708,133.0,,SKT-4214,1,1,GPNV
30/07/2025,00:32:10,44.88252,-63.51714,134.0,,SKT-4214,1,1,GPNV
30/07/2025,00:32:18,44.88247,-63.51718,135.0,,SKT-4214,1,1,GPNV
30/07/2025,00:32:25,44.88242,-63.51717,131.0,,SKT-4214,1,1,GPNV
30/07/2025,00:32:32,44.88237,-63.51715,119.0,,SKT-4214,1,1,GPNV
30/07/2025,00:32:39,44.88232,-63.51715,114.0,,SKT-4214,1,1,GPNV
30/07/2025,00:32:46,44.88227,-63.51715,111.0,,SKT-4214,1,1,GPNV
30/07/2025,00:32:53,44.88224,-63.51715,116.0,,SKT-4214,1,1,GPNV
30/07/2025,00:33:00,44.88223,-63.51716,124.0,,SKT-4214,1,1,GPNV
30/07/2025,00:33:07,44.88221,-63.51714,134.0,,SKT-4214,1,1,GPNV
30/07/2025,00:33:15,44.88223,-63.51702,154.0,,SKT-4214,1,1,GPNV
30/07/2025,00:33:22,44.88222,-63.51697,160.0,,SKT-4214,1,1,GPNV
30/07/2025,00:33:29,44.88223,-63.5169,163.0,,SKT-4214,1,1,GPNV
30/07/2025,00:33:36,44.88229,-63.51683,171.0,,SKT-4214,1,1,GPNV
30/07/2025,00:33:43,44.88233,-63.51678,181.0,,SKT-4214,1,1,GPNV
30/07/2025,00:33:51,44.88238,-63.51677,183.0,,SKT-4214,1,1,GPNV
30/07/2025,00:33:58,44.88239,-63.5168,191.0,,SKT-4214,1,1,GPNV
30/07/2025,00:34:05,44.88239,-63.5168,197.0,,SKT-4214,1,1,GPNV
30/07/2025,00:34:12,44.8824,-63.51683,199.0,,SKT-4214,1,1,GPNV
30/07/2025,00:34:19,44.88242,-63.51688,196.0,,SKT-4214,1,1,GPNV
30/07/2025,00:34:27,44.88243,-63.51694,195.0,,SKT-4214,1,1,GPNV
30/07/2025,00:34:34,44.88242,-63.51697,187.0,,SKT-4214,1,1,GPNV
30/07/2025,00:34:41,44.88242,-63.51691,179.0,,SKT-4214,1,1,GPNV
30/07/2025,00:34:48,44.8824,-63.51688,181.0,,SKT-4214,1,1,GPNV
30/07/2025,00:34:55,44.88237,-63.51687,179.0,,SKT-4214,1,1,GPNV
30/07/2025,00:35:02,44.88235,-63.51687,178.0,,SKT-4214,1,1,GPNV
30/07/2025,00:35:10,44.88234,-63.5169,176.0,,SKT-4214,1,1,GPNV
30/07/2025,00:35:17,44.88234,-63.51691,174.0,,SKT-4214,1,1,GPNV
30/07/2025,00:35:24,44.88231,-63.51695,166.0,,SKT-4214,1,1,GPNV
30/07/2025,00:35:31,44.88229,-63.51696,154.0,,SKT-4214,1,1,GPNV
30/07/2025,00:35:38,44.88229,-63.51691,150.0,,SKT-4214,1,1,GPNV
30/07/2025,00:35:45,44.88231,-63.51678,151.0,,SKT-4214,1,1,GPNV
30/07/2025,00:35:52,44.88233,-63.51676,153.0,,SKT-4214,1,1,GPNV
30/07/2025,00:36:00,44.88234,-63.51682,160.0,,SKT-4214,1,1,GPNV
30/07/2025,00:36:07,44.88235,-63.51685,169.0,,SKT-4214,1,1,GPNV
30/07/2025,00:36:14,44.88237,-63.51693,165.0,,SKT-4214,1,1,GPNV
30/07/2025,00:36:21,44.8824,-63.51697,159.0,,SKT-4214,1,1,GPNV
30/07/2025,00:36:28,44.88243,-63.51702,151.0,,SKT-4214,1,1,GPNV
30/07/2025,00:36:35,44.88243,-63.51704,149.0,,SKT-4214,1,1,GPNV
30/07/2025,00:36:43,44.88242,-63.51706,145.0,,SKT-4214,1,1,GPNV
30/07/2025,00:36:50,44.8824,-63.51705,146.0,,SKT-4214,1,1,GPNV
30/07/2025,00:36:57,44.88239,-63.51699,146.0,,SKT-4214,1,1,GPNV
30/07/2025,00:37:04,44.8824,-63.51695,147.0,,SKT-4214,1,1,GPNV
30/07/2025,00:37:11,44.88241,-63.51693,155.0,,SKT-4214,1,1,GPNV
30/07/2025,00:37:18,44.88243,-63.51692,158.0,,SKT-4214,1,1,GPNV
30/07/2025,00:37:26,44.88244,-63.51692,155.0,,SKT-4214,1,1,GPNV
30/07/2025,00:37:33,44.88247,-63.51692,148.0,,SKT-4214,1,1,GPNV
30/07/2025,00:37:40,44.88261,-63.51695,148.0,,SKT-4214,1,1,GPNV
30/07/2025,00:37:47,44.88274,-63.51697,152.0,,SKT-4214,1,1,GPNV
30/07/2025,00:37:54,44.88284,-63.51696,156.0,,SKT-4214,1,1,GPNV
30/07/2025,00:38:02,44.88288,-63.51695,156.0,,SKT-4214,1,1,GPNV
30/07/2025,00:38:09,44.88291,-63.51695,154.0,,SKT-4214,1,1,GPNV
30/07/2025,00:38:16,44.8829,-63.51696,156.0,,SKT-4214,1,1,GPNV
30/07/2025,00:38:23,44.8829,-63.51696,153.0,,SKT-4214,1,1,GPNV
30/07/2025,00:38:30,44.8829,-63.51695,145.0,,SKT-4214,1,1,GPNV
30/07/2025,00:38:38,44.88288,-63.51689,154.0,,SKT-4214,1,1,GPNV
30/07/2025,00:38:45,44.88291,-63.51685,150.0,,SKT-4214,1,1,GPNV
30/07/2025,00:38:52,44.8829,-63.51681,148.0,,SKT-4214,1,1,GPNV
30/07/2025,00:38:59,44.88286,-63.51678,141.0,,SKT-4214,1,1,GPNV
30/07/2025,00:39:06,44.88282,-63.51676,133.0,,SKT-4214,1,1,GPNV
30/07/2025,00:39:13,44.88274,-63.51675,131.0,,SKT-4214,1,1,GPNV
30/07/2025,00:39:21,44.88266,-63.51676,129.0,,SKT-4214,1,1,GPNV
30/07/2025,00:39:28,44.88259,-63.5168,119.0,,SKT-4214,1,1,GPNV
30/07/2025,00:39:35,44.88255,-63.51686,111.0,,SKT-4214,1,1,GPNV
30/07/2025,00:39:42,44.88252,-63.51691,110.0,,SKT-4214,1,1,GPNV
30/07/2025,00:39:49,44.8825,-63.51698,108.0,,SKT-4214,1,1,GPNV
30/07/2025,00:39:57,44.88247,-63.51701,97.0,,SKT-4214,1,1,GPNV
30/07/2025,00:40:04,44.88244,-63.51695,88.0,,SKT-4214,1,1,GPNV
30/07/2025,00:40:11,44.88242,-63.5169,86.0,,SKT-4214,1,1,GPNV
30/07/2025,00:40:18,44.88242,-63.51686,85.0,,SKT-4214,1,1,GPNV
30/07/2025,00:40:25,44.88245,-63.51683,95.0,,SKT-4214,1,1,GPNV
30/07/2025,00:40:32,44.88247,-63.5168,107.0,,SKT-4214,1,1,GPNV
30/07/2025,00:40:40,44.88248,-63.51679,118.0,,SKT-4214,1,1,GPNV
30/07/2025,00:40:47,44.88246,-63.51679,125.0,,SKT-4214,1,1,GPNV
30/07/2025,00:40:54,44.88243,-63.51683,123.0,,SKT-4214,1,1,GPNV
30/07/2025,00:41:01,44.88244,-63.51687,122.0,,SKT-4214,1,1,GPNV
30/07/2025,00:41:09,44.8825,-63.51694,127.0,,SKT-4214,1,1,GPNV
30/07/2025,00:41:16,44.8825,-63.51701,125.0,,SKT-4214,1,1,GPNV
30/07/2025,00:41:23,44.88251,-63.51704,136.0,,SKT-4214,1,1,GPNV
30/07/2025,00:41:30,44.8825,-63.51702,144.0,,SKT-4214,1,1,GPNV
30/07/2025,00:41:37,44.8824,-63.51693,146.0,,SKT-4214,1,1,GPNV
30/07/2025,00:41:44,44.88233,-63.51682,147.0,,SKT-4214,1,1,GPNV
30/07/2025,00:41:51,44.88229,-63.51672,149.0,,SKT-4214,1,1,GPNV
30/07/2025,00:41:58,44.88229,-63.51663,156.0,,SKT-4214,1,1,GPNV
30/07/2025,00:42:06,44.88229,-63.51659,159.0,,SKT-4214,1,1,GPNV
30/07/2025,00:42:13,44.88232,-63.51674,157.0,,SKT-4214,1,1,GPNV
30/07/2025,00:42:20,44.88236,-63.51685,157.0,,SKT-4214,1,1,GPNV
30/07/2025,00:42:27,44.8824,-63.5169,160.0,,SKT-4214,1,1,GPNV
30/07/2025,00:42:34,44.88243,-63.51692,165.0,,SKT-4214,1,1,GPNV
30/07/2025,00:42:41,44.88243,-63.51691,146.0,,SKT-4214,1,1,GPNV
30/07/2025,00:42:49,44.88245,-63.5169,130.0,,SKT-4214,1,1,GPNV
30/07/2025,00:42:56,44.88249,-63.51688,129.0,,SKT-4214,1,1,GPNV
30/07/2025,00:43:03,44.8825,-63.5169,133.0,,SKT-4214,1,1,GPNV
30/07/2025,00:43:10,44.8825,-63.51691,140.0,,SKT-4214,1,1,GPNV
30/07/2025,00:43:17,44.8825,-63.51689,148.0,,SKT-4214,1,1,GPNV
30/07/2025,00:43:24,44.88248,-63.51686,148.0,,SKT-4214,1,1,GPNV
30/07/2025,00:43:31,44.88247,-63.51683,150.0,,SKT-4214,1,1,GPNV
30/07/2025,00:43:39,44.88245,-63.51681,156.0,,SKT-4214,1,1,GPNV
30/07/2025,00:43:46,44.88245,-63.51683,161.0,,SKT-4214,1,1,GPNV
30/07/2025,00:43:53,44.88244,-63.51688,160.0,,SKT-4214,1,1,GPNV
30/07/2025,00:44:00,44.88245,-63.51694,155.0,,SKT-4214,1,1,GPNV
30/07/2025,00:44:07,44.88245,-63.51697,148.0,,SKT-4214,1,1,GPNV
30/07/2025,00:44:14,44.88245,-63.517,134.0,,SKT-4214,1,1,GPNV
30/07/2025,00:44:21,44.88245,-63.51703,134.0,,SKT-4214,1,1,GPNV
30/07/2025,00:44:29,44.88247,-63.51704,142.0,,SKT-4214,1,1,GPNV
30/07/2025,00:44:36,44.88248,-63.51702,145.0,,SKT-4214,1,1,GPNV
30/07/2025,00:44:43,44.88251,-63.51702,148.0,,SKT-4214,1,1,GPNV
30/07/2025,00:44:50,44.88253,-63.51701,144.0,,SKT-4214,1,1,GPNV
30/07/2025,00:44:57,44.88255,-63.51701,138.0,,SKT-4214,1,1,GPNV
30/07/2025,00:45:04,44.88256,-63.51699,138.0,,SKT-4214,1,1,GPNV
30/07/2025,00:45:12,44.88258,-63.51698,125.0,,SKT-4214,1,1,GPNV
30/07/2025,00:45:19,44.88258,-63.51696,121.0,,SKT-4214,1,1,GPNV
30/07/2025,00:45:26,44.8826,-63.51691,124.0,,SKT-4214,1,1,GPNV
30/07/2025,00:45:33,44.88261,-63.51685,134.0,,SKT-4214,1,1,GPNV
30/07/2025,00:45:40,44.8826,-63.51681,147.0,,SKT-4214,1,1,GPNV
30/07/2025,00:45:47,44.88257,-63.5168,153.0,,SKT-4214,1,1,GPNV
30/07/2025,00:45:55,44.88255,-63.51684,155.0,,SKT-4214,1,1,GPNV
30/07/2025,00:46:02,44.88252,-63.51693,142.0,,SKT-4214,1,1,GPNV
30/07/2025,00:46:09,44.88261,-63.51701,142.0,,SKT-4214,1,1,GPNV
30/07/2025,00:46:16,44.88271,-63.51701,141.0,,SKT-4214,1,1,GPNV
30/07/2025,00:46:23,44.88279,-63.51697,144.0,,SKT-4214,1,1,GPNV
30/07/2025,00:46:30,44.88283,-63.51693,146.0,,SKT-4214,1,1,GPNV
30/07/2025,00:46:37,44.88284,-63.5169,145.0,,SKT-4214,1,1,GPNV
30/07/2025,00:46:44,44.88283,-63.51691,147.0,,SKT-4214,1,1,GPNV
30/07/2025,00:46:52,44.8828,-63.51692,150.0,,SKT-4214,1,1,GPNV
30/07/2025,00:46:59,44.88275,-63.51693,144.0,,SKT-4214,1,1,GPNV
30/07/2025,00:47:06,44.88267,-63.51695,137.0,,SKT-4214,1,1,GPNV
30/07/2025,00:47:13,44.8826,-63.51696,132.0,,SKT-4214,1,1,GPNV
30/07/2025,00:47:20,44.88253,-63.51697,129.0,,SKT-4214,1,1,GPNV
30/07/2025,00:47:27,44.8825,-63.51696,124.0,,SKT-4214,1,1,GPNV
30/07/2025,00:47:35,44.88248,-63.51695,114.0,,SKT-4214,1,1,GPNV
30/07/2025,00:47:42,44.88247,-63.51695,110.0,,SKT-4214,1,1,GPNV
30/07/2025,00:47:49,44.88246,-63.51697,108.0,,SKT-4214,1,1,GPNV
30/07/2025,00:47:56,44.88248,-63.51701,115.0,,SKT-4214,1,1,GPNV
30/07/2025,00:48:03,44.88253,-63.51703,127.0,,SKT-4214,1,1,GPNV
30/07/2025,00:48:10,44.88256,-63.51705,139.0,,SKT-4214,1,1,GPNV
30/07/2025,00:48:18,44.88259,-63.51704,149.0,,SKT-4214,1,1,GPNV
30/07/2025,00:48:25,44.88261,-63.517,147.0,,SKT-4214,1,1,GPNV
30/07/2025,00:48:32,44.88258,-63.51698,135.0,,SKT-4214,1,1,GPNV
30/07/2025,00:48:39,44.88253,-63.51699,130.0,,SKT-4214,1,1,GPNV
30/07/2025,00:48:46,44.88246,-63.51701,122.0,,SKT-4214,1,1,GPNV
30/07/2025,00:48:53,44.8824,-63.51706,116.0,,SKT-4214,1,1,GPNV
30/07/2025,00:49:01,44.88234,-63.5171,106.0,,SKT-4214,1,1,GPNV
30/07/2025,00:49:08,44.88233,-63.51715,99.0,,SKT-4214,1,1,GPNV
30/07/2025,00:49:15,44.8823,-63.51708,89.0,,SKT-4214,1,1,GPNV
30/07/2025,00:49:22,44.88226,-63.51695,85.0,,SKT-4214,1,1,GPNV
30/07/2025,00:49:29,44.88223,-63.51687,86.0,,SKT-4214,1,1,GPNV
30/07/2025,00:49:36,44.8822,-63.51686,84.0,,SKT-4214,1,1,GPNV
30/07/2025,00:49:44,44.88219,-63.51685,82.0,,SKT-4214,1,1,GPNV
30/07/2025,00:49:51,44.88217,-63.51689,78.0,,SKT-4214,1,1,GPNV
30/07/2025,00:49:58,44.88216,-63.51691,73.0,,SKT-4214,1,1,GPNV
30/07/2025,00:50:05,44.88216,-63.51692,72.0,,SKT-4214,1,1,GPNV
30/07/2025,00:50:12,44.88218,-63.5169,80.0,,SKT-4214,1,1,GPNV
30/07/2025,00:50:20,44.88247,-63.51685,93.0,,SKT-4214,1,1,GPNV
30/07/2025,00:50:27,44.8826,-63.51682,92.0,,SKT-4214,1,1,GPNV
30/07/2025,00:50:34,44.88265,-63.51682,92.0,,SKT-4214,1,1,GPNV
30/07/2025,00:50:41,44.88267,-63.5168,95.0,,SKT-4214,1,1,GPNV
30/07/2025,00:50:48,44.88267,-63.51677,97.0,,SKT-4214,1,1,GPNV
30/07/2025,00:50:55,44.88263,-63.51675,105.0,,SKT-4214,1,1,GPNV
30/07/2025,00:51:03,44.88259,-63.51677,115.0,,SKT-4214,1,1,GPNV
30/07/2025,00:51:10,44.88257,-63.51683,119.0,,SKT-4214,1,1,GPNV
30/07/2025,00:51:17,44.88256,-63.51689,122.0,,SKT-4214,1,1,GPNV
30/07/2025,00:51:24,44.88255,-63.51695,131.0,,SKT-4214,1,1,GPNV
30/07/2025,00:51:31,44.88254,-63.51699,137.0,,SKT-4214,1,1,GPNV
30/07/2025,00:51:39,44.88252,-63.51703,143.0,,SKT-4214,1,1,GPNV
30/07/2025,00:51:46,44.88251,-63.51706,147.0,,SKT-4214,1,1,GPNV
30/07/2025,00:51:53,44.88249,-63.51704,153.0,,SKT-4214,1,1,GPNV
30/07/2025,00:52:00,44.88248,-63.51711,151.0,,SKT-4214,1,1,GPNV
30/07/2025,00:52:07,44.88246,-63.51704,148.0,,SKT-4214,1,1,GPNV
30/07/2025,00:52:14,44.88249,-63.51696,145.0,,SKT-4214,1,1,GPNV
30/07/2025,00:52:21,44.88255,-63.51685,143.0,,SKT-4214,1,1,GPNV
30/07/2025,00:52:29,44.88261,-63.51672,146.0,,SKT-4214,1,1,GPNV
30/07/2025,00:52:36,44.88258,-63.51662,147.0,,SKT-4214,1,1,GPNV
30/07/2025,00:52:43,44.88255,-63.51662,142.0,,SKT-4214,1,1,GPNV
30/07/2025,00:52:50,44.88253,-63.5167,127.0,,SKT-4214,1,1,GPNV
30/07/2025,00:52:57,44.88253,-63.51675,115.0,,SKT-4214,1,1,GPNV
30/07/2025,00:53:04,44.88256,-63.5168,107.0,,SKT-4214,1,1,GPNV
30/07/2025,00:53:12,44.88258,-63.51683,104.0,,SKT-4214,1,1,GPNV
30/07/2025,00:53:19,44.88261,-63.51682,102.0,,SKT-4214,1,1,GPNV
30/07/2025,00:53:26,44.88263,-63.51681,108.0,,SKT-4214,1,1,GPNV
30/07/2025,00:53:33,44.88264,-63.5168,110.0,,SKT-4214,1,1,GPNV
30/07/2025,00:53:40,44.88269,-63.51683,106.0,,SKT-4214,1,1,GPNV
30/07/2025,00:53:47,44.88273,-63.51687,101.0,,SKT-4214,1,1,GPNV
30/07/2025,00:53:54,44.88279,-63.51691,103.0,,SKT-4214,1,1,GPNV
30/07/2025,00:54:02,44.88286,-63.51695,111.0,,SKT-4214,1,1,GPNV
30/07/2025,00:54:09,44.88288,-63.51695,123.0,,SKT-4214,1,1,GPNV
30/07/2025,00:54:16,44.88287,-63.51694,131.0,,SKT-4214,1,1,GPNV
30/07/2025,00:54:23,44.88285,-63.51693,139.0,,SKT-4214,1,1,GPNV
30/07/2025,00:54:31,44.88279,-63.51694,146.0,,SKT-4214,1,1,GPNV
30/07/2025,00:54:38,44.88272,-63.51694,146.0,,SKT-4214,1,1,GPNV
30/07/2025,00:54:45,44.88266,-63.51694,137.0,,SKT-4214,1,1,GPNV
30/07/2025,00:54:52,44.88263,-63.51695,125.0,,SKT-4214,1,1,GPNV
30/07/2025,00:54:59,44.8826,-63.51698,118.0,,SKT-4214,1,1,GPNV
30/07/2025,00:55:06,44.88259,-63.517,116.0,,SKT-4214,1,1,GPNV
30/07/2025,00:55:13,44.88258,-63.51701,117.0,,SKT-4214,1,1,GPNV
30/07/2025,00:55:20,44.88256,-63.51704,117.0,,SKT-4214,1,1,GPNV
30/07/2025,00:55:28,44.88257,-63.51706,121.0,,SKT-4214,1,1,GPNV
30/07/2025,00:55:35,44.88258,-63.51706,121.0,,SKT-4214,1,1,GPNV
30/07/2025,00:55:42,44.88259,-63.51706,121.0,,SKT-4214,1,1,GPNV
30/07/2025,00:55:49,44.88259,-63.51704,122.0,,SKT-4214,1,1,GPNV
30/07/2025,00:55:56,44.8826,-63.51707,121.0,,SKT-4214,1,1,GPNV
30/07/2025,00:56:03,44.88262,-63.51706,113.0,,SKT-4214,1,1,GPNV
30/07/2025,00:56:11,44.88261,-63.51703,99.0,,SKT-4214,1,1,GPNV
30/07/2025,00:56:18,44.8826,-63.51705,91.0,,SKT-4214,1,1,GPNV
30/07/2025,00:56:25,44.88259,-63.51706,83.0,,SKT-4214,1,1,GPNV
30/07/2025,00:56:32,44.88257,-63.51706,77.0,,SKT-4214,1,1,GPNV
30/07/2025,00:56:39,44.88255,-63.51706,74.0,,SKT-4214,1,1,GPNV
30/07/2025,00:56:46,44.88256,-63.51705,78.0,,SKT-4214,1,1,GPNV
30/07/2025,00:56:53,44.88257,-63.51704,83.0,,SKT-4214,1,1,GPNV
30/07/2025,00:57:01,44.88256,-63.51707,87.0,,SKT-4214,1,1,GPNV
30/07/2025,00:57:08,44.88255,-63.51706,97.0,,SKT-4214,1,1,GPNV
30/07/2025,00:57:15,44.88254,-63.51703,103.0,,SKT-4214,1,1,GPNV
30/07/2025,00:57:22,44.88252,-63.51694,110.0,,SKT-4214,1,1,GPNV
30/07/2025,00:57:29,44.88251,-63.51691,115.0,,SKT-4214,1,1,GPNV
30/07/2025,00:57:37,44.88251,-63.51693,116.0,,SKT-4214,1,1,GPNV
30/07/2025,00:57:45,44.88251,-63.51692,115.0,,SKT-4214,1,1,GPNV
30/07/2025,00:57:52,44.88251,-63.5169,117.0,,SKT-4214,1,1,GPNV
30/07/2025,00:57:59,44.8825,-63.51691,118.0,,SKT-4214,1,1,GPNV
30/07/2025,00:58:06,44.8825,-63.51692,120.0,,SKT-4214,1,1,GPNV
30/07/2025,00:58:13,44.8825,-63.51694,125.0,,SKT-4214,1,1,GPNV
30/07/2025,00:58:21,44.88251,-63.51697,132.0,,SKT-4214,1,1,GPNV
30/07/2025,00:58:28,44.88253,-63.517,138.0,,SKT-4214,1,1,GPNV
30/07/2025,00:58:35,44.88253,-63.51702,137.0,,SKT-4214,1,1,GPNV
30/07/2025,00:58:42,44.88253,-63.51707,130.0,,SKT-4214,1,1,GPNV
30/07/2025,00:58:49,44.88252,-63.51709,125.0,,SKT-4214,1,1,GPNV
30/07/2025,00:58:56,44.88253,-63.51708,121.0,,SKT-4214,1,1,GPNV
30/07/2025,00:59:04,44.88254,-63.51704,114.0,,SKT-4214,1,1,GPNV
30/07/2025,00:59:11,44.88255,-63.517,118.0,,SKT-4214,1,1,GPNV
30/07/2025,00:59:18,44.88256,-63.51697,118.0,,SKT-4214,1,1,GPNV
30/07/2025,00:59:25,44.88256,-63.51695,115.0,,SKT-4214,1,1,GPNV
30/07/2025,00:59:32,44.88257,-63.51692,109.0,,SKT-4214,1,1,GPNV
30/07/2025,00:59:39,44.88258,-63.51688,113.0,,SKT-4214,1,1,GPNV
30/07/2025,00:59:46,44.88258,-63.51684,113.0,,SKT-4214,1,1,GPNV
30/07/2025,00:59:54,44.88256,-63.51681,111.0,,SKT-4214,1,1,GPNV
30/07/2025,01:00:01,44.88256,-63.5168,109.0,,SKT-4214,1,1,GPNV
30/07/2025,01:00:08,44.8826,-63.51678,113.0,,SKT-4214,1,1,GPNV
30/07/2025,01:00:15,44.88266,-63.51678,108.0,,SKT-4214,1,1,GPNV
30/07/2025,01:00:22,44.88271,-63.51682,105.0,,SKT-4214,1,1,GPNV
30/07/2025,01:00:29,44.88273,-63.51686,103.0,,SKT-4214,1,1,GPNV
30/07/2025,01:00:36,44.88273,-63.51694,100.0,,SKT-4214,1,1,GPNV
30/07/2025,01:00:44,44.8827,-63.517,104.0,,SKT-4214,1,1,GPNV
30/07/2025,01:00:51,44.88261,-63.51703,109.0,,SKT-4214,1,1,GPNV
30/07/2025,01:00:58,44.88252,-63.51705,115.0,,SKT-4214,1,1,GPNV
30/07/2025,01:01:05,44.88245,-63.51705,121.0,,SKT-4214,1,1,GPNV
30/07/2025,01:01:12,44.88239,-63.51707,124.0,,SKT-4214,1,1,GPNV
30/07/2025,01:01:19,44.88236,-63.51706,132.0,,SKT-4214,1,1,GPNV
30/07/2025,01:01:27,44.88234,-63.51706,135.0,,SKT-4214,1,1,GPNV
30/07/2025,01:01:34,44.88234,-63.51707,141.0,,SKT-4214,1,1,GPNV
30/07/2025,01:01:41,44.88235,-63.51706,145.0,,SKT-4214,1,1,GPNV
30/07/2025,01:01:48,44.88237,-63.51707,145.0,,SKT-4214,1,1,GPNV
30/07/2025,01:01:55,44.88241,-63.5171,146.0,,SKT-4214,1,1,GPNV
30/07/2025,01:02:03,44.8825,-63.51711,152.0,,SKT-4214,1,1,GPNV
30/07/2025,01:02:10,44.88255,-63.51712,154.0,,SKT-4214,1,1,GPNV
30/07/2025,01:02:17,44.88261,-63.51715,157.0,,SKT-4214,1,1,GPNV
30/07/2025,01:02:25,44.88265,-63.51717,154.0,,SKT-4214,1,1,GPNV
30/07/2025,01:02:32,44.88267,-63.51717,156.0,,SKT-4214,1,1,GPNV
30/07/2025,01:02:40,44.88271,-63.51711,153.0,,SKT-4214,1,1,GPNV
30/07/2025,01:02:47,44.88274,-63.51706,154.0,,SKT-4214,1,1,GPNV
30/07/2025,01:02:55,44.88274,-63.517,153.0,,SKT-4214,1,1,GPNV
30/07/2025,01:03:02,44.88272,-63.51694,154.0,,SKT-4214,1,1,GPNV
30/07/2025,01:03:09,44.88266,-63.51686,158.0,,SKT-4214,1,1,GPNV
30/07/2025,01:03:16,44.88259,-63.51672,164.0,,SKT-4214,1,1,GPNV
30/07/2025,01:03:23,44.88255,-63.51674,160.0,,SKT-4214,1,1,GPNV
30/07/2025,01:03:30,44.88254,-63.51682,158.0,,SKT-4214,1,1,GPNV
30/07/2025,01:03:37,44.88252,-63.51688,162.0,,SKT-4214,1,1,GPNV
30/07/2025,01:03:44,44.88249,-63.51691,160.0,,SKT-4214,1,1,GPNV
30/07/2025,01:03:52,44.88249,-63.5168,159.0,,SKT-4214,1,1,GPNV
30/07/2025,01:03:59,44.88243,-63.5168,158.0,,SKT-4214,1,1,GPNV
30/07/2025,01:04:06,44.8824,-63.51688,151.0,,SKT-4214,1,1,GPNV
30/07/2025,01:04:13,44.88237,-63.51698,145.0,,SKT-4214,1,1,GPNV
30/07/2025,01:04:20,44.8824,-63.51702,145.0,,SKT-4214,1,1,GPNV
30/07/2025,01:04:28,44.88241,-63.51704,141.0,,SKT-4214,1,1,GPNV
30/07/2025,01:04:35,44.88241,-63.51702,142.0,,SKT-4214,1,1,GPNV
30/07/2025,01:04:43,44.88239,-63.51696,139.0,,SKT-4214,1,1,GPNV
30/07/2025,01:04:50,44.88238,-63.51691,141.0,,SKT-4214,1,1,GPNV
30/07/2025,01:04:57,44.88238,-63.51682,142.0,,SKT-4214,1,1,GPNV
30/07/2025,01:05:04,44.88239,-63.51678,142.0,,SKT-4214,1,1,GPNV
30/07/2025,01:05:11,44.8824,-63.51677,140.0,,SKT-4214,1,1,GPNV
30/07/2025,01:05:18,44.88242,-63.5168,139.0,,SKT-4214,1,1,GPNV
30/07/2025,01:05:26,44.88245,-63.51686,146.0,,SKT-4214,1,1,GPNV
30/07/2025,01:05:33,44.88248,-63.51692,155.0,,SKT-4214,1,1,GPNV
30/07/2025,01:05:40,44.8825,-63.51697,163.0,,SKT-4214,1,1,GPNV
30/07/2025,01:05:47,44.88252,-63.51698,169.0,,SKT-4214,1,1,GPNV
30/07/2025,01:05:54,44.88253,-63.51697,172.0,,SKT-4214,1,1,GPNV
30/07/2025,01:06:01,44.88254,-63.51695,173.0,,SKT-4214,1,1,GPNV
30/07/2025,01:06:09,44.88255,-63.51692,169.0,,SKT-4214,1,1,GPNV
30/07/2025,01:06:16,44.88256,-63.51691,165.0,,SKT-4214,1,1,GPNV
30/07/2025,01:06:23,44.88262,-63.51694,152.0,,SKT-4214,1,1,GPNV
30/07/2025,01:06:30,44.88272,-63.517,137.0,,SKT-4214,1,1,GPNV
30/07/2025,01:06:37,44.88276,-63.51705,128.0,,SKT-4214,1,1,GPNV
30/07/2025,01:06:44,44.88272,-63.51709,117.0,,SKT-4214,1,1,GPNV
30/07/2025,01:06:51,44.88268,-63.51712,108.0,,SKT-4214,1,1,GPNV
30/07/2025,01:06:59,44.88265,-63.51717,101.0,,SKT-4214,1,1,GPNV
30/07/2025,01:07:06,44.88261,-63.5172,99.0,,SKT-4214,1,1,GPNV
30/07/2025,01:07:13,44.88261,-63.51719,91.0,,SKT-4214,1,1,GPNV
30/07/2025,01:07:20,44.8826,-63.51717,95.0,,SKT-4214,1,1,GPNV
30/07/2025,01:07:27,44.88259,-63.51716,94.0,,SKT-4214,1,1,GPNV
30/07/2025,01:07:35,44.88265,-63.51711,86.0,,SKT-4214,1,1,GPNV
30/07/2025,01:07:42,44.88272,-63.51713,64.0,,SKT-4214,1,1,GPNV
30/07/2025,01:07:49,44.88278,-63.51717,39.0,,SKT-4214,1,1,GPNV
30/07/2025,01:07:56,44.88282,-63.51717,21.0,,SKT-4214,1,1,GPNV
30/07/2025,01:08:03,44.88284,-63.51715,11.0,,SKT-4214,1,1,GPNV
30/07/2025,01:08:10,44.88282,-63.51707,23.0,,SKT-4214,1,1,GPNV
30/07/2025,01:08:18,44.88278,-63.51702,43.0,,SKT-4214,1,1,GPNV
30/07/2025,01:08:25,44.88276,-63.51698,50.0,,SKT-4214,1,1,GPNV
30/07/2025,01:08:32,44.88276,-63.51696,42.0,,SKT-4214,1,1,GPNV
30/07/2025,01:08:39,44.88273,-63.51698,37.0,,SKT-4214,1,1,GPNV
30/07/2025,01:08:47,44.88266,-63.51697,40.0,,SKT-4214,1,1,GPNV
30/07/2025,01:08:54,44.88261,-63.51691,47.0,,SKT-4214,1,1,GPNV
30/07/2025,01:09:01,44.88258,-63.51686,54.0,,SKT-4214,1,1,GPNV
30/07/2025,01:09:08,44.88259,-63.51699,52.0,,SKT-4214,1,1,GPNV
30/07/2025,01:09:15,44.88265,-63.51706,55.0,,SKT-4214,1,1,GPNV
30/07/2025,01:09:22,44.88274,-63.51704,56.0,,SKT-4214,1,1,GPNV
30/07/2025,01:09:29,44.88283,-63.517,50.0,,SKT-4214,1,1,GPNV
30/07/2025,01:09:37,44.88295,-63.51696,44.0,,SKT-4214,1,1,GPNV
30/07/2025,01:09:44,44.88299,-63.51696,38.0,,SKT-4214,1,1,GPNV
30/07/2025,01:09:51,44.88296,-63.51696,25.0,,SKT-4214,1,1,GPNV
30/07/2025,01:09:58,44.88292,-63.51692,3.0,,SKT-4214,1,1,GPNV
30/07/2025,01:10:05,44.88291,-63.51693,-11.0,,SKT-4214,1,1,GPNV
30/07/2025,01:10:13,44.88288,-63.51692,-12.0,,SKT-4214,1,1,GPNV
30/07/2025,01:10:20,44.88278,-63.51693,4.0,,SKT-4214,1,1,GPNV
30/07/2025,01:10:27,44.88269,-63.51695,19.0,,SKT-4214,1,1,GPNV
30/07/2025,01:10:34,44.88264,-63.51696,30.0,,SKT-4214,1,1,GPNV
30/07/2025,01:10:41,44.88261,-63.51698,46.0,,SKT-4214,1,1,GPNV
30/07/2025,01:10:48,44.88263,-63.51703,58.0,,SKT-4214,1,1,GPNV
30/07/2025,01:10:56,44.8827,-63.51708,57.0,,SKT-4214,1,1,GPNV
30/07/2025,01:11:03,44.88279,-63.51708,48.0,,SKT-4214,1,1,GPNV
30/07/2025,01:11:10,44.88288,-63.51708,41.0,,SKT-4214,1,1,GPNV
30/07/2025,01:11:17,44.88291,-63.51697,48.0,,SKT-4214,1,1,GPNV
30/07/2025,01:11:24,44.88291,-63.51692,54.0,,SKT-4214,1,1,GPNV
30/07/2025,01:11:31,44.88285,-63.51678,69.0,,SKT-4214,1,1,GPNV
30/07/2025,01:11:39,44.88276,-63.5166,90.0,,SKT-4214,1,1,GPNV
30/07/2025,01:11:46,44.88273,-63.51659,92.0,,SKT-4214,1,1,GPNV
30/07/2025,01:11:53,44.8827,-63.51663,92.0,,SKT-4214,1,1,GPNV
30/07/2025,01:12:00,44.88268,-63.5167,90.0,,SKT-4214,1,1,GPNV
30/07/2025,01:12:07,44.88268,-63.51675,92.0,,SKT-4214,1,1,GPNV
30/07/2025,01:12:14,44.88268,-63.51678,96.0,,SKT-4214,1,1,GPNV
30/07/2025,01:12:21,44.88271,-63.51682,98.0,,SKT-4214,1,1,GPNV
30/07/2025,01:12:29,44.88282,-63.51688,96.0,,SKT-4214,1,1,GPNV
30/07/2025,01:12:36,44.88296,-63.51697,90.0,,SKT-4214,1,1,GPNV
30/07/2025,01:12:43,44.8831,-63.51701,84.0,,SKT-4214,1,1,GPNV
30/07/2025,01:12:50,44.88318,-63.51701,80.0,,SKT-4214,1,1,GPNV
30/07/2025,01:12:57,44.88299,-63.51691,78.0,,SKT-4214,1,1,GPNV
30/07/2025,01:13:04,44.88282,-63.51688,79.0,,SKT-4214,1,1,GPNV
30/07/2025,01:13:12,44.88273,-63.51691,74.0,,SKT-4214,1,1,GPNV
30/07/2025,01:13:19,44.88268,-63.51696,73.0,,SKT-4214,1,1,GPNV
30/07/2025,01:13:26,44.88264,-63.51698,79.0,,SKT-4214,1,1,GPNV
30/07/2025,01:13:33,44.88261,-63.51702,82.0,,SKT-4214,1,1,GPNV
30/07/2025,01:13:40,44.88259,-63.51706,87.0,,SKT-4214,1,1,GPNV
30/07/2025,01:13:47,44.88257,-63.51703,92.0,,SKT-4214,1,1,GPNV
30/07/2025,01:13:54,44.88256,-63.51701,98.0,,SKT-4214,1,1,GPNV
30/07/2025,01:14:02,44.88253,-63.51701,111.0,,SKT-4214,1,1,GPNV
30/07/2025,01:14:09,44.88251,-63.51701,125.0,,SKT-4214,1,1,GPNV
30/07/2025,01:14:16,44.88249,-63.51699,136.0,,SKT-4214,1,1,GPNV
30/07/2025,01:14:23,44.88249,-63.51696,144.0,,SKT-4214,1,1,GPNV
30/07/2025,01:14:30,44.88248,-63.51693,153.0,,SKT-4214,1,1,GPNV
30/07/2025,01:14:38,44.8825,-63.51689,162.0,,SKT-4214,1,1,GPNV
30/07/2025,01:14:45,44.88254,-63.5169,162.0,,SKT-4214,1,1,GPNV
30/07/2025,01:14:52,44.88254,-63.51691,153.0,,SKT-4214,1,1,GPNV
30/07/2025,01:14:59,44.88245,-63.5169,133.0,,SKT-4214,1,1,GPNV
30/07/2025,01:15:06,44.88238,-63.51689,123.0,,SKT-4214,1,1,GPNV
30/07/2025,01:15:13,44.88233,-63.51689,114.0,,SKT-4214,1,1,GPNV
30/07/2025,01:15:21,44.88233,-63.51694,100.0,,SKT-4214,1,1,GPNV
30/07/2025,01:15:28,44.88236,-63.51696,85.0,,SKT-4214,1,1,GPNV
30/07/2025,01:15:35,44.88239,-63.51694,75.0,,SKT-4214,1,1,GPNV
30/07/2025,01:15:42,44.88242,-63.51697,65.0,,SKT-4214,1,1,GPNV
30/07/2025,01:15:49,44.88243,-63.51702,52.0,,SKT-4214,1,1,GPNV
30/07/2025,01:15:56,44.88258,-63.51709,61.0,,SKT-4214,1,1,GPNV
30/07/2025,01:16:03,44.88274,-63.51711,71.0,,SKT-4214,1,1,GPNV
30/07/2025,01:16:11,44.88277,-63.51712,74.0,,SKT-4214,1,1,GPNV
30/07/2025,01:16:18,44.88276,-63.51713,84.0,,SKT-4214,1,1,GPNV
30/07/2025,01:16:25,44.88274,-63.51713,96.0,,SKT-4214,1,1,GPNV
30/07/2025,01:16:32,44.88272,-63.51714,99.0,,SKT-4214,1,1,GPNV
30/07/2025,01:16:39,44.88271,-63.51714,97.0,,SKT-4214,1,1,GPNV
30/07/2025,01:16:46,44.88271,-63.51711,97.0,,SKT-4214,1,1,GPNV
30/07/2025,01:16:54,44.88272,-63.51706,95.0,,SKT-4214,1,1,GPNV
30/07/2025,01:17:01,44.88272,-63.51705,89.0,,SKT-4214,1,1,GPNV
30/07/2025,01:17:08,44.88273,-63.51702,81.0,,SKT-4214,1,1,GPNV
30/07/2025,01:17:15,44.88275,-63.51701,73.0,,SKT-4214,1,1,GPNV
30/07/2025,01:17:22,44.88276,-63.51701,63.0,,SKT-4214,1,1,GPNV
30/07/2025,01:17:29,44.88274,-63.517,64.0,,SKT-4214,1,1,GPNV
30/07/2025,01:17:37,44.88272,-63.51698,67.0,,SKT-4214,1,1,GPNV
30/07/2025,01:17:44,44.88271,-63.51696,70.0,,SKT-4214,1,1,GPNV
30/07/2025,01:17:51,44.8827,-63.51694,76.0,,SKT-4214,1,1,GPNV
30/07/2025,01:17:58,44.8827,-63.51693,77.0,,SKT-4214,1,1,GPNV
30/07/2025,01:18:05,44.88269,-63.51692,78.0,,SKT-4214,1,1,GPNV
30/07/2025,01:18:12,44.88268,-63.51689,82.0,,SKT-4214,1,1,GPNV
30/07/2025,01:18:20,44.88268,-63.51682,82.0,,SKT-4214,1,1,GPNV
30/07/2025,01:18:27,44.88269,-63.51675,82.0,,SKT-4214,1,1,GPNV
30/07/2025,01:18:34,44.88268,-63.51674,84.0,,SKT-4214,1,1,GPNV
30/07/2025,01:18:42,44.88264,-63.51678,94.0,,SKT-4214,1,1,GPNV
30/07/2025,01:18:49,44.88263,-63.51682,97.0,,SKT-4214,1,1,GPNV
30/07/2025,01:18:56,44.88268,-63.51684,107.0,,SKT-4214,1,1,GPNV
30/07/2025,01:19:03,44.8827,-63.51685,114.0,,SKT-4214,1,1,GPNV
30/07/2025,01:19:10,44.88274,-63.51685,121.0,,SKT-4214,1,1,GPNV
30/07/2025,01:19:18,44.88274,-63.51685,125.0,,SKT-4214,1,1,GPNV
30/07/2025,01:19:25,44.88268,-63.51683,123.0,,SKT-4214,1,1,GPNV
30/07/2025,01:19:32,44.8826,-63.51682,119.0,,SKT-4214,1,1,GPNV
30/07/2025,01:19:39,44.88255,-63.51685,115.0,,SKT-4214,1,1,GPNV
30/07/2025,01:19:46,44.88253,-63.51688,113.0,,SKT-4214,1,1,GPNV
30/07/2025,01:19:53,44.88252,-63.5169,107.0,,SKT-4214,1,1,GPNV
30/07/2025,01:20:00,44.88253,-63.51693,103.0,,SKT-4214,1,1,GPNV
30/07/2025,01:20:08,44.88251,-63.51698,101.0,,SKT-4214,1,1,GPNV
30/07/2025,01:20:15,44.88251,-63.51699,87.0,,SKT-4214,1,1,GPNV
30/07/2025,01:20:22,44.88249,-63.51704,83.0,,SKT-4214,1,1,GPNV
30/07/2025,01:20:29,44.88258,-63.51708,92.0,,SKT-4214,1,1,GPNV
30/07/2025,01:20:36,44.88261,-63.51704,93.0,,SKT-4214,1,1,GPNV
30/07/2025,01:20:43,44.8827,-63.517,104.0,,SKT-4214,1,1,GPNV
30/07/2025,01:20:50,44.88285,-63.51699,119.0,,SKT-4214,1,1,GPNV
30/07/2025,01:20:57,44.88283,-63.51701,106.0,,SKT-4214,1,1,GPNV
30/07/2025,01:21:05,44.8828,-63.5169,103.0,,SKT-4214,1,1,GPNV
30/07/2025,01:21:12,44.88274,-63.51678,107.0,,SKT-4214,1,1,GPNV
30/07/2025,01:21:19,44.88271,-63.51678,105.0,,SKT-4214,1,1,GPNV
30/07/2025,01:21:26,44.88271,-63.51682,100.0,,SKT-4214,1,1,GPNV
30/07/2025,01:21:33,44.88273,-63.51686,96.0,,SKT-4214,1,1,GPNV
30/07/2025,01:21:41,44.88276,-63.51693,85.0,,SKT-4214,1,1,GPNV
30/07/2025,01:21:48,44.88277,-63.51699,74.0,,SKT-4214,1,1,GPNV
30/07/2025,01:21:55,44.8828,-63.51703,69.0,,SKT-4214,1,1,GPNV
30/07/2025,01:22:02,44.88286,-63.51707,69.0,,SKT-4214,1,1,GPNV
30/07/2025,01:22:09,44.88296,-63.5171,67.0,,SKT-4214,1,1,GPNV
30/07/2025,01:22:16,44.88302,-63.51711,64.0,,SKT-4214,1,1,GPNV
30/07/2025,01:22:23,44.88307,-63.51712,69.0,,SKT-4214,1,1,GPNV
30/07/2025,01:22:31,44.88308,-63.51711,77.0,,SKT-4214,1,1,GPNV
30/07/2025,01:22:38,44.88302,-63.51702,82.0,,SKT-4214,1,1,GPNV
30/07/2025,01:22:45,44.88302,-63.51697,94.0,,SKT-4214,1,1,GPNV
30/07/2025,01:22:52,44.88301,-63.51694,111.0,,SKT-4214,1,1,GPNV
30/07/2025,01:22:59,44.88298,-63.51693,128.0,,SKT-4214,1,1,GPNV
30/07/2025,01:23:07,44.88298,-63.51695,135.0,,SKT-4214,1,1,GPNV
30/07/2025,01:23:14,44.88305,-63.51696,137.0,,SKT-4214,1,1,GPNV
30/07/2025,01:23:21,44.88311,-63.51696,147.0,,SKT-4214,1,1,GPNV
30/07/2025,01:23:28,44.88306,-63.51695,142.0,,SKT-4214,1,1,GPNV
30/07/2025,01:23:35,44.88261,-63.51697,87.0,,SKT-4214,1,1,GPNV
30/07/2025,01:23:42,44.8826,-63.51701,72.0,,SKT-4214,1,1,GPNV
30/07/2025,01:23:50,44.88259,-63.51702,76.0,,SKT-4214,1,1,GPNV
30/07/2025,01:23:57,44.8826,-63.51693,108.0,,SKT-4214,1,1,GPNV
30/07/2025,01:24:04,44.88259,-63.51695,124.0,,SKT-4214,1,1,GPNV
30/07/2025,01:24:11,44.88256,-63.51699,134.0,,SKT-4214,1,1,GPNV
30/07/2025,01:24:18,44.88253,-63.51701,144.0,,SKT-4214,1,1,GPNV
30/07/2025,01:24:25,44.8825,-63.51701,149.0,,SKT-4214,1,1,GPNV
30/07/2025,01:24:33,44.88247,-63.51699,154.0,,SKT-4214,1,1,GPNV
30/07/2025,01:24:40,44.88245,-63.51698,157.0,,SKT-4214,1,1,GPNV
30/07/2025,01:24:47,44.88243,-63.51697,160.0,,SKT-4214,1,1,GPNV
30/07/2025,01:24:54,44.88243,-63.51697,159.0,,SKT-4214,1,1,GPNV
30/07/2025,01:25:01,44.88242,-63.51694,155.0,,SKT-4214,1,1,GPNV
30/07/2025,01:25:08,44.88239,-63.51691,156.0,,SKT-4214,1,1,GPNV
30/07/2025,01:25:16,44.88235,-63.51686,156.0,,SKT-4214,1,1,GPNV
30/07/2025,01:25:23,44.88231,-63.51685,165.0,,SKT-4214,1,1,GPNV
30/07/2025,01:25:30,44.88229,-63.51683,176.0,,SKT-4214,1,1,GPNV
30/07/2025,01:25:37,44.88231,-63.51683,177.0,,SKT-4214,1,1,GPNV
30/07/2025,01:25:44,44.88242,-63.51684,153.0,,SKT-4214,1,1,GPNV
30/07/2025,01:25:51,44.88253,-63.51685,132.0,,SKT-4214,1,1,GPNV
30/07/2025,01:25:58,44.8826,-63.51684,123.0,,SKT-4214,1,1,GPNV
30/07/2025,01:26:05,44.88263,-63.51681,126.0,,SKT-4214,1,1,GPNV
30/07/2025,01:26:12,44.88264,-63.5168,130.0,,SKT-4214,1,1,GPNV
30/07/2025,01:26:20,44.88263,-63.51678,137.0,,SKT-4214,1,1,GPNV
30/07/2025,01:26:27,44.88258,-63.51677,157.0,,SKT-4214,1,1,GPNV
30/07/2025,01:26:34,44.88249,-63.51673,182.0,,SKT-4214,1,1,GPNV
30/07/2025,01:26:41,44.88238,-63.51665,205.0,,SKT-4214,1,1,GPNV
30/07/2025,01:26:48,44.88226,-63.51656,225.0,,SKT-4214,1,1,GPNV
30/07/2025,01:26:55,44.88224,-63.51656,216.0,,SKT-4214,1,1,GPNV
30/07/2025,01:27:02,44.88255,-63.51677,106.0,,SKT-4214,1,1,GPNV
30/07/2025,01:27:10,44.88261,-63.51685,79.0,,SKT-4214,1,1,GPNV
30/07/2025,01:27:17,44.88261,-63.5169,75.0,,SKT-4214,1,1,GPNV
30/07/2025,01:27:24,44.88262,-63.51692,68.0,,SKT-4214,1,1,GPNV
30/07/2025,01:27:31,44.88263,-63.51693,66.0,,SKT-4214,1,1,GPNV
30/07/2025,01:27:38,44.88264,-63.5169,70.0,,SKT-4214,1,1,GPNV
30/07/2025,01:27:45,44.88266,-63.51684,81.0,,SKT-4214,1,1,GPNV
30/07/2025,01:27:52,44.88266,-63.51681,90.0,,SKT-4214,1,1,GPNV
30/07/2025,01:28:00,44.88266,-63.51681,98.0,,SKT-4214,1,1,GPNV
30/07/2025,01:28:07,44.88267,-63.51682,99.0,,SKT-4214,1,1,GPNV
30/07/2025,01:28:14,44.88265,-63.51686,95.0,,SKT-4214,1,1,GPNV
30/07/2025,01:28:21,44.88263,-63.51688,93.0,,SKT-4214,1,1,GPNV
30/07/2025,01:28:28,44.8826,-63.51687,88.0,,SKT-4214,1,1,GPNV
30/07/2025,01:28:35,44.8826,-63.51681,84.0,,SKT-4214,1,1,GPNV
30/07/2025,01:28:43,44.88261,-63.51674,77.0,,SKT-4214,1,1,GPNV
30/07/2025,01:28:50,44.88263,-63.5167,75.0,,SKT-4214,1,1,GPNV
30/07/2025,01:28:57,44.88268,-63.51669,74.0,,SKT-4214,1,1,GPNV
30/07/2025,01:29:04,44.88269,-63.51669,79.0,,SKT-4214,1,1,GPNV
30/07/2025,01:29:11,44.88269,-63.51669,83.0,,SKT-4214,1,1,GPNV
30/07/2025,01:29:19,44.88269,-63.51669,84.0,,SKT-4214,1,1,GPNV
30/07/2025,01:29:26,44.8827,-63.5167,79.0,,SKT-4214,1,1,GPNV
30/07/2025,01:29:33,44.88268,-63.51671,80.0,,SKT-4214,1,1,GPNV
30/07/2025,01:29:41,44.88264,-63.51678,80.0,,SKT-4214,1,1,GPNV
30/07/2025,01:29:48,44.88263,-63.51682,79.0,,SKT-4214,1,1,GPNV
30/07/2025,01:29:55,44.88263,-63.51686,78.0,,SKT-4214,1,1,GPNV
30/07/2025,01:30:02,44.88268,-63.51683,75.0,,SKT-4214,1,1,GPNV
30/07/2025,01:30:09,44.8827,-63.51684,78.0,,SKT-4214,1,1,GPNV
30/07/2025,01:30:16,44.8827,-63.51686,85.0,,SKT-4214,1,1,GPNV
30/07/2025,01:30:23,44.8827,-63.51688,87.0,,SKT-4214,1,1,GPNV
30/07/2025,01:30:30,44.88269,-63.51687,91.0,,SKT-4214,1,1,GPNV
30/07/2025,01:30:37,44.88269,-63.51684,94.0,,SKT-4214,1,1,GPNV
30/07/2025,01:30:45,44.88267,-63.5168,98.0,,SKT-4214,1,1,GPNV
30/07/2025,01:30:52,44.88264,-63.5168,103.0,,SKT-4214,1,1,GPNV
30/07/2025,01:30:59,44.88262,-63.51683,104.0,,SKT-4214,1,1,GPNV
30/07/2025,01:31:06,44.88261,-63.51692,100.0,,SKT-4214,1,1,GPNV
30/07/2025,01:31:13,44.88259,-63.51699,101.0,,SKT-4214,1,1,GPNV
30/07/2025,01:31:20,44.88257,-63.51701,108.0,,SKT-4214,1,1,GPNV
30/07/2025,01:31:27,44.88257,-63.51699,112.0,,SKT-4214,1,1,GPNV
30/07/2025,01:31:35,44.88255,-63.51696,116.0,,SKT-4214,1,1,GPNV
30/07/2025,01:31:42,44.88255,-63.51693,118.0,,SKT-4214,1,1,GPNV
30/07/2025,01:31:49,44.88253,-63.51689,120.0,,SKT-4214,1,1,GPNV
30/07/2025,01:31:56,44.88255,-63.51688,119.0,,SKT-4214,1,1,GPNV
30/07/2025,01:32:03,44.88258,-63.51689,114.0,,SKT-4214,1,1,GPNV
30/07/2025,01:32:10,44.88262,-63.5169,110.0,,SKT-4214,1,1,GPNV
30/07/2025,01:32:18,44.88265,-63.5169,108.0,,SKT-4214,1,1,GPNV
30/07/2025,01:32:25,44.88268,-63.5169,112.0,,SKT-4214,1,1,GPNV
30/07/2025,01:32:32,44.8827,-63.51688,120.0,,SKT-4214,1,1,GPNV
30/07/2025,01:32:39,44.88272,-63.51686,128.0,,SKT-4214,1,1,GPNV
30/07/2025,01:32:47,44.88274,-63.51684,133.0,,SKT-4214,1,1,GPNV
30/07/2025,01:32:54,44.88272,-63.51684,133.0,,SKT-4214,1,1,GPNV
30/07/2025,01:33:01,44.88268,-63.51684,124.0,,SKT-4214,1,1,GPNV
30/07/2025,01:33:08,44.88264,-63.51686,111.0,,SKT-4214,1,1,GPNV
30/07/2025,01:33:15,44.88263,-63.51689,101.0,,SKT-4214,1,1,GPNV
30/07/2025,01:33:22,44.88263,-63.51691,94.0,,SKT-4214,1,1,GPNV
30/07/2025,01:33:30,44.88264,-63.51693,92.0,,SKT-4214,1,1,GPNV
30/07/2025,01:33:37,44.88265,-63.51693,93.0,,SKT-4214,1,1,GPNV
30/07/2025,01:33:44,44.88266,-63.51693,92.0,,SKT-4214,1,1,GPNV
30/07/2025,01:33:51,44.88269,-63.51691,91.0,,SKT-4214,1,1,GPNV
30/07/2025,01:33:58,44.88273,-63.51683,87.0,,SKT-4214,1,1,GPNV
30/07/2025,01:34:06,44.88276,-63.51678,86.0,,SKT-4214,1,1,GPNV
30/07/2025,01:34:14,44.88276,-63.51681,89.0,,SKT-4214,1,1,GPNV
30/07/2025,01:34:21,44.88276,-63.51683,91.0,,SKT-4214,1,1,GPNV
30/07/2025,01:34:29,44.88274,-63.51685,99.0,,SKT-4214,1,1,GPNV
30/07/2025,01:34:36,44.88274,-63.51687,100.0,,SKT-4214,1,1,GPNV
30/07/2025,01:34:43,44.88271,-63.51686,102.0,,SKT-4214,1,1,GPNV
30/07/2025,01:34:50,44.88268,-63.51683,102.0,,SKT-4214,1,1,GPNV
30/07/2025,01:34:58,44.88267,-63.51686,101.0,,SKT-4214,1,1,GPNV
30/07/2025,01:35:05,44.88265,-63.51693,103.0,,SKT-4214,1,1,GPNV
30/07/2025,01:35:12,44.88264,-63.51698,104.0,,SKT-4214,1,1,GPNV
30/07/2025,01:35:19,44.88261,-63.51702,106.0,,SKT-4214,1,1,GPNV
30/07/2025,01:35:26,44.88258,-63.51702,111.0,,SKT-4214,1,1,GPNV
30/07/2025,01:35:34,44.88254,-63.517,115.0,,SKT-4214,1,1,GPNV
30/07/2025,01:35:41,44.88251,-63.5169,117.0,,SKT-4214,1,1,GPNV
30/07/2025,01:35:48,44.8825,-63.5168,113.0,,SKT-4214,1,1,GPNV
30/07/2025,01:35:55,44.88248,-63.51671,112.0,,SKT-4214,1,1,GPNV
30/07/2025,01:36:02,44.88247,-63.51664,110.0,,SKT-4214,1,1,GPNV
30/07/2025,01:36:09,44.88245,-63.5166,106.0,,SKT-4214,1,1,GPNV
30/07/2025,01:36:17,44.88245,-63.51659,103.0,,SKT-4214,1,1,GPNV
30/07/2025,01:36:24,44.88242,-63.51656,107.0,,SKT-4214,1,1,GPNV
30/07/2025,01:36:31,44.88239,-63.51657,105.0,,SKT-4214,1,1,GPNV
30/07/2025,01:36:38,44.88239,-63.51662,100.0,,SKT-4214,1,1,GPNV
30/07/2025,01:36:45,44.8824,-63.51669,97.0,,SKT-4214,1,1,GPNV
30/07/2025,01:36:52,44.8824,-63.51669,103.0,,SKT-4214,1,1,GPNV
30/07/2025,01:37:00,44.88241,-63.51672,99.0,,SKT-4214,1,1,GPNV
30/07/2025,01:37:07,44.88245,-63.51674,107.0,,SKT-4214,1,1,GPNV
30/07/2025,01:37:14,44.88248,-63.51677,129.0,,SKT-4214,1,1,GPNV
30/07/2025,01:37:21,44.8825,-63.51678,151.0,,SKT-4214,1,1,GPNV
30/07/2025,01:37:28,44.88254,-63.51679,156.0,,SKT-4214,1,1,GPNV
30/07/2025,01:37:36,44.88256,-63.51678,157.0,,SKT-4214,1,1,GPNV
30/07/2025,01:37:43,44.88259,-63.51678,151.0,,SKT-4214,1,1,GPNV
30/07/2025,01:37:50,44.88267,-63.51684,134.0,,SKT-4214,1,1,GPNV
30/07/2025,01:37:57,44.88271,-63.51686,123.0,,SKT-4214,1,1,GPNV
30/07/2025,01:38:04,44.88273,-63.51688,119.0,,SKT-4214,1,1,GPNV
30/07/2025,01:38:11,44.88274,-63.5169,117.0,,SKT-4214,1,1,GPNV
30/07/2025,01:38:18,44.88278,-63.51687,109.0,,SKT-4214,1,1,GPNV
30/07/2025,01:38:26,44.88283,-63.51683,99.0,,SKT-4214,1,1,GPNV
30/07/2025,01:38:33,44.88287,-63.51679,87.0,,SKT-4214,1,1,GPNV
30/07/2025,01:38:40,44.88288,-63.51676,80.0,,SKT-4214,1,1,GPNV
30/07/2025,01:38:47,44.88289,-63.51674,75.0,,SKT-4214,1,1,GPNV
30/07/2025,01:38:54,44.8829,-63.51678,74.0,,SKT-4214,1,1,GPNV
30/07/2025,01:39:01,44.88291,-63.51683,77.0,,SKT-4214,1,1,GPNV
30/07/2025,01:39:08,44.8829,-63.51688,82.0,,SKT-4214,1,1,GPNV
30/07/2025,01:39:16,44.88289,-63.51693,95.0,,SKT-4214,1,1,GPNV
30/07/2025,01:39:23,44.88288,-63.51692,101.0,,SKT-4214,1,1,GPNV
30/07/2025,01:39:30,44.88287,-63.51689,101.0,,SKT-4214,1,1,GPNV
30/07/2025,01:39:37,44.88287,-63.51682,95.0,,SKT-4214,1,1,GPNV
30/07/2025,01:39:44,44.88286,-63.51675,87.0,,SKT-4214,1,1,GPNV
30/07/2025,01:39:51,44.88285,-63.51672,78.0,,SKT-4214,1,1,GPNV
30/07/2025,01:39:59,44.88282,-63.51674,74.0,,SKT-4214,1,1,GPNV
30/07/2025,01:40:06,44.8828,-63.51679,75.0,,SKT-4214,1,1,GPNV
30/07/2025,01:40:13,44.88278,-63.51683,81.0,,SKT-4214,1,1,GPNV
30/07/2025,01:40:20,44.88276,-63.51686,89.0,,SKT-4214,1,1,GPNV
30/07/2025,01:40:27,44.88276,-63.51688,96.0,,SKT-4214,1,1,GPNV
30/07/2025,01:40:34,44.8828,-63.51685,94.0,,SKT-4214,1,1,GPNV
30/07/2025,01:40:42,44.88282,-63.51683,93.0,,SKT-4214,1,1,GPNV
30/07/2025,01:40:49,44.88283,-63.51686,99.0,,SKT-4214,1,1,GPNV
30/07/2025,01:40:56,44.88281,-63.5169,112.0,,SKT-4214,1,1,GPNV
30/07/2025,01:41:03,44.88278,-63.51693,112.0,,SKT-4214,1,1,GPNV
30/07/2025,01:41:10,44.88274,-63.51697,114.0,,SKT-4214,1,1,GPNV
30/07/2025,01:41:18,44.8827,-63.51698,126.0,,SKT-4214,1,1,GPNV
30/07/2025,01:41:25,44.88271,-63.51699,126.0,,SKT-4214,1,1,GPNV
30/07/2025,01:41:32,44.88276,-63.51701,117.0,,SKT-4214,1,1,GPNV
30/07/2025,01:41:39,44.8828,-63.51702,112.0,,SKT-4214,1,1,GPNV
30/07/2025,01:41:46,44.88285,-63.51702,114.0,,SKT-4214,1,1,GPNV
30/07/2025,01:41:53,44.88291,-63.51701,118.0,,SKT-4214,1,1,GPNV
30/07/2025,01:42:01,44.88295,-63.51707,115.0,,SKT-4214,1,1,GPNV
30/07/2025,01:42:08,44.88295,-63.51706,116.0,,SKT-4214,1,1,GPNV
30/07/2025,01:42:15,44.88293,-63.51704,111.0,,SKT-4214,1,1,GPNV
30/07/2025,01:42:22,44.88293,-63.51701,107.0,,SKT-4214,1,1,GPNV
30/07/2025,01:42:30,44.88297,-63.51698,97.0,,SKT-4214,1,1,GPNV
30/07/2025,01:42:37,44.883,-63.517,84.0,,SKT-4214,1,1,GPNV
30/07/2025,01:42:44,44.88302,-63.51702,73.0,,SKT-4214,1,1,GPNV
30/07/2025,01:42:51,44.88306,-63.51705,62.0,,SKT-4214,1,1,GPNV
30/07/2025,01:42:58,44.88307,-63.51705,56.0,,SKT-4214,1,1,GPNV
30/07/2025,01:43:05,44.88305,-63.51707,57.0,,SKT-4214,1,1,GPNV
30/07/2025,01:43:12,44.88301,-63.51707,59.0,,SKT-4214,1,1,GPNV
30/07/2025,01:43:20,44.88298,-63.51708,55.0,,SKT-4214,1,1,GPNV
30/07/2025,01:43:27,44.88289,-63.51702,70.0,,SKT-4214,1,1,GPNV
30/07/2025,01:43:34,44.88282,-63.51696,79.0,,SKT-4214,1,1,GPNV
30/07/2025,01:43:41,44.88279,-63.51692,88.0,,SKT-4214,1,1,GPNV
30/07/2025,01:43:48,44.88277,-63.51692,103.0,,SKT-4214,1,1,GPNV
30/07/2025,01:43:55,44.88275,-63.51691,109.0,,SKT-4214,1,1,GPNV
30/07/2025,01:44:02,44.88276,-63.51687,112.0,,SKT-4214,1,1,GPNV
30/07/2025,01:44:09,44.88276,-63.51687,103.0,,SKT-4214,1,1,GPNV
30/07/2025,01:44:17,44.88276,-63.51688,93.0,,SKT-4214,1,1,GPNV
30/07/2025,01:44:24,44.88276,-63.51684,86.0,,SKT-4214,1,1,GPNV
30/07/2025,01:44:32,44.88276,-63.51682,82.0,,SKT-4214,1,1,GPNV
30/07/2025,01:44:39,44.88276,-63.51682,83.0,,SKT-4214,1,1,GPNV
30/07/2025,01:44:46,44.88276,-63.51685,85.0,,SKT-4214,1,1,GPNV
30/07/2025,01:44:54,44.88276,-63.51686,82.0,,SKT-4214,1,1,GPNV
30/07/2025,01:45:01,44.88276,-63.51686,78.0,,SKT-4214,1,1,GPNV
30/07/2025,01:45:08,44.88277,-63.51688,73.0,,SKT-4214,1,1,GPNV
30/07/2025,01:45:15,44.88277,-63.51691,71.0,,SKT-4214,1,1,GPNV
30/07/2025,01:45:22,44.88279,-63.5169,64.0,,SKT-4214,1,1,GPNV
30/07/2025,01:45:29,44.88284,-63.51684,58.0,,SKT-4214,1,1,GPNV
30/07/2025,01:45:36,44.88288,-63.51678,57.0,,SKT-4214,1,1,GPNV
30/07/2025,01:45:43,44.88292,-63.51675,63.0,,SKT-4214,1,1,GPNV
30/07/2025,01:45:51,44.88296,-63.51672,73.0,,SKT-4214,1,1,GPNV
30/07/2025,01:45:58,44.883,-63.51669,78.0,,SKT-4214,1,1,GPNV
30/07/2025,01:46:05,44.88295,-63.51682,94.0,,SKT-4214,1,1,GPNV
30/07/2025,01:46:12,44.88289,-63.51695,109.0,,SKT-4214,1,1,GPNV
30/07/2025,01:46:19,44.88285,-63.51699,106.0,,SKT-4214,1,1,GPNV
30/07/2025,01:46:26,44.8828,-63.517,98.0,,SKT-4214,1,1,GPNV
30/07/2025,01:46:33,44.88275,-63.51701,89.0,,SKT-4214,1,1,GPNV
30/07/2025,01:46:41,44.88273,-63.51701,90.0,,SKT-4214,1,1,GPNV
30/07/2025,01:46:48,44.8827,-63.51702,92.0,,SKT-4214,1,1,GPNV
30/07/2025,01:46:55,44.88267,-63.51702,94.0,,SKT-4214,1,1,GPNV
30/07/2025,01:47:02,44.88268,-63.51703,103.0,,SKT-4214,1,1,GPNV
30/07/2025,01:47:09,44.88271,-63.51702,112.0,,SKT-4214,1,1,GPNV
30/07/2025,01:47:16,44.88272,-63.51695,109.0,,SKT-4214,1,1,GPNV
30/07/2025,01:47:24,44.88268,-63.51685,107.0,,SKT-4214,1,1,GPNV
30/07/2025,01:47:31,44.88262,-63.51678,109.0,,SKT-4214,1,1,GPNV
30/07/2025,01:47:38,44.88261,-63.51678,121.0,,SKT-4214,1,1,GPNV
30/07/2025,01:47:45,44.8826,-63.51678,123.0,,SKT-4214,1,1,GPNV
30/07/2025,01:47:52,44.88258,-63.51674,125.0,,SKT-4214,1,1,GPNV
30/07/2025,01:47:59,44.88256,-63.51665,131.0,,SKT-4214,1,1,GPNV
30/07/2025,01:48:07,44.88254,-63.51654,137.0,,SKT-4214,1,1,GPNV
30/07/2025,01:48:14,44.88255,-63.51653,144.0,,SKT-4214,1,1,GPNV
30/07/2025,01:48:21,44.88262,-63.51657,141.0,,SKT-4214,1,1,GPNV
30/07/2025,01:48:28,44.88272,-63.51668,121.0,,SKT-4214,1,1,GPNV
30/07/2025,01:48:35,44.8828,-63.5168,113.0,,SKT-4214,1,1,GPNV
30/07/2025,01:48:42,44.88278,-63.51684,122.0,,SKT-4214,1,1,GPNV
30/07/2025,01:48:49,44.88277,-63.51681,133.0,,SKT-4214,1,1,GPNV
30/07/2025,01:48:57,44.88272,-63.51674,137.0,,SKT-4214,1,1,GPNV
30/07/2025,01:49:04,44.88268,-63.5167,139.0,,SKT-4214,1,1,GPNV
30/07/2025,01:49:11,44.88266,-63.51669,142.0,,SKT-4214,1,1,GPNV
30/07/2025,01:49:18,44.88267,-63.5167,149.0,,SKT-4214,1,1,GPNV
30/07/2025,01:49:25,44.88267,-63.51675,149.0,,SKT-4214,1,1,GPNV
30/07/2025,01:49:32,44.88264,-63.51678,146.0,,SKT-4214,1,1,GPNV
30/07/2025,01:49:39,44.88265,-63.51682,138.0,,SKT-4214,1,1,GPNV
30/07/2025,01:49:47,44.8827,-63.51687,120.0,,SKT-4214,1,1,GPNV
30/07/2025,01:49:54,44.88271,-63.51683,117.0,,SKT-4214,1,1,GPNV
30/07/2025,01:50:01,44.88271,-63.51683,111.0,,SKT-4214,1,1,GPNV
30/07/2025,01:50:08,44.88271,-63.51684,102.0,,SKT-4214,1,1,GPNV
30/07/2025,01:50:16,44.88269,-63.51684,95.0,,SKT-4214,1,1,GPNV
30/07/2025,01:50:23,44.88268,-63.51682,88.0,,SKT-4214,1,1,GPNV
30/07/2025,01:50:30,44.88267,-63.51684,96.0,,SKT-4214,1,1,GPNV
30/07/2025,01:50:37,44.88261,-63.51689,126.0,,SKT-4214,1,1,GPNV
30/07/2025,01:50:44,44.88256,-63.5169,142.0,,SKT-4214,1,1,GPNV
30/07/2025,01:50:51,44.88253,-63.51686,142.0,,SKT-4214,1,1,GPNV
30/07/2025,01:50:58,44.88249,-63.51683,143.0,,SKT-4214,1,1,GPNV
30/07/2025,01:51:05,44.88245,-63.51679,145.0,,SKT-4214,1,1,GPNV
30/07/2025,01:51:12,44.88241,-63.51671,145.0,,SKT-4214,1,1,GPNV
30/07/2025,01:51:20,44.88244,-63.51678,137.0,,SKT-4214,1,1,GPNV
30/07/2025,01:51:27,44.88246,-63.51683,126.0,,SKT-4214,1,1,GPNV
30/07/2025,01:51:34,44.88248,-63.51687,116.0,,SKT-4214,1,1,GPNV
30/07/2025,01:51:41,44.88249,-63.51693,113.0,,SKT-4214,1,1,GPNV
30/07/2025,01:51:48,44.8825,-63.51693,106.0,,SKT-4214,1,1,GPNV
30/07/2025,01:51:55,44.88251,-63.51691,104.0,,SKT-4214,1,1,GPNV
30/07/2025,01:52:03,44.88252,-63.51693,103.0,,SKT-4214,1,1,GPNV
30/07/2025,01:52:10,44.88253,-63.51697,108.0,,SKT-4214,1,1,GPNV
30/07/2025,01:52:17,44.88254,-63.51698,111.0,,SKT-4214,1,1,GPNV
30/07/2025,01:52:24,44.88254,-63.51701,114.0,,SKT-4214,1,1,GPNV
30/07/2025,01:52:31,44.88253,-63.51699,120.0,,SKT-4214,1,1,GPNV
30/07/2025,01:52:38,44.88253,-63.51695,120.0,,SKT-4214,1,1,GPNV
30/07/2025,01:52:46,44.88253,-63.51696,123.0,,SKT-4214,1,1,GPNV
30/07/2025,01:52:53,44.88253,-63.51698,133.0,,SKT-4214,1,1,GPNV
30/07/2025,01:53:00,44.88255,-63.51699,135.0,,SKT-4214,1,1,GPNV
30/07/2025,01:53:07,44.88255,-63.51701,142.0,,SKT-4214,1,1,GPNV
30/07/2025,01:53:14,44.88261,-63.517,141.0,,SKT-4214,1,1,GPNV
30/07/2025,01:53:22,44.88262,-63.51699,131.0,,SKT-4214,1,1,GPNV
30/07/2025,01:53:29,44.88263,-63.51696,117.0,,SKT-4214,1,1,GPNV
30/07/2025,01:53:36,44.88263,-63.51694,106.0,,SKT-4214,1,1,GPNV
30/07/2025,01:53:43,44.88264,-63.51694,101.0,,SKT-4214,1,1,GPNV
30/07/2025,01:53:50,44.88264,-63.51695,100.0,,SKT-4214,1,1,GPNV
30/07/2025,01:53:57,44.88264,-63.51696,95.0,,SKT-4214,1,1,GPNV
30/07/2025,01:54:05,44.88262,-63.51698,96.0,,SKT-4214,1,1,GPNV
30/07/2025,01:54:12,44.88261,-63.51698,95.0,,SKT-4214,1,1,GPNV
30/07/2025,01:54:19,44.8826,-63.51698,94.0,,SKT-4214,1,1,GPNV
30/07/2025,01:54:27,44.88259,-63.51697,94.0,,SKT-4214,1,1,GPNV
30/07/2025,01:54:34,44.88258,-63.51698,95.0,,SKT-4214,1,1,GPNV
30/07/2025,01:54:41,44.88258,-63.517,101.0,,SKT-4214,1,1,GPNV
30/07/2025,01:54:48,44.88258,-63.51701,104.0,,SKT-4214,1,1,GPNV
30/07/2025,01:54:55,44.88259,-63.51699,96.0,,SKT-4214,1,1,GPNV
30/07/2025,01:55:02,44.8826,-63.51701,100.0,,SKT-4214,1,1,GPNV
30/07/2025,01:55:09,44.88261,-63.51703,104.0,,SKT-4214,1,1,GPNV
30/07/2025,01:55:17,44.88264,-63.51702,104.0,,SKT-4214,1,1,GPNV
30/07/2025,01:55:24,44.88266,-63.51704,109.0,,SKT-4214,1,1,GPNV
30/07/2025,01:55:31,44.88266,-63.51704,110.0,,SKT-4214,1,1,GPNV
30/07/2025,01:55:38,44.88265,-63.51704,113.0,,SKT-4214,1,1,GPNV
30/07/2025,01:55:45,44.88266,-63.51704,105.0,,SKT-4214,1,1,GPNV
30/07/2025,01:55:52,44.88263,-63.51706,99.0,,SKT-4214,1,1,GPNV
30/07/2025,01:56:00,44.88255,-63.51705,79.0,,SKT-4214,1,1,GPNV
30/07/2025,01:56:07,44.88253,-63.51699,70.0,,SKT-4214,1,1,GPNV
30/07/2025,01:56:14,44.88253,-63.51694,60.0,,SKT-4214,1,1,GPNV
30/07/2025,01:56:21,44.88253,-63.5169,51.0,,SKT-4214,1,1,GPNV
30/07/2025,01:56:28,44.88253,-63.51688,52.0,,SKT-4214,1,1,GPNV
30/07/2025,01:56:35,44.88253,-63.51687,66.0,,SKT-4214,1,1,GPNV
30/07/2025,01:56:42,44.88252,-63.51686,75.0,,SKT-4214,1,1,GPNV
30/07/2025,01:56:50,44.8825,-63.51689,83.0,,SKT-4214,1,1,GPNV
30/07/2025,01:56:57,44.88249,-63.5169,80.0,,SKT-4214,1,1,GPNV
30/07/2025,01:57:04,44.88247,-63.51692,81.0,,SKT-4214,1,1,GPNV
30/07/2025,01:57:11,44.88245,-63.51692,78.0,,SKT-4214,1,1,GPNV
30/07/2025,01:57:18,44.88243,-63.51691,81.0,,SKT-4214,1,1,GPNV
30/07/2025,01:57:25,44.88244,-63.51693,83.0,,SKT-4214,1,1,GPNV
30/07/2025,01:57:32,44.88244,-63.51695,86.0,,SKT-4214,1,1,GPNV
30/07/2025,01:57:39,44.88244,-63.51696,90.0,,SKT-4214,1,1,GPNV
30/07/2025,01:57:47,44.88245,-63.51693,88.0,,SKT-4214,1,1,GPNV
30/07/2025,01:57:54,44.88247,-63.5169,82.0,,SKT-4214,1,1,GPNV
30/07/2025,01:58:01,44.88249,-63.51687,76.0,,SKT-4214,1,1,GPNV
30/07/2025,01:58:08,44.8825,-63.51685,75.0,,SKT-4214,1,1,GPNV
30/07/2025,01:58:15,44.88251,-63.5168,74.0,,SKT-4214,1,1,GPNV
30/07/2025,01:58:23,44.88252,-63.51679,72.0,,SKT-4214,1,1,GPNV
30/07/2025,01:58:30,44.8825,-63.51675,84.0,,SKT-4214,1,1,GPNV
30/07/2025,01:58:37,44.88244,-63.51667,106.0,,SKT-4214,1,1,GPNV
30/07/2025,01:58:44,44.88238,-63.51657,123.0,,SKT-4214,1,1,GPNV
30/07/2025,01:58:51,44.88234,-63.51654,130.0,,SKT-4214,1,1,GPNV
30/07/2025,01:58:58,44.88234,-63.51659,125.0,,SKT-4214,1,1,GPNV
30/07/2025,01:59:06,44.88234,-63.51668,111.0,,SKT-4214,1,1,GPNV
30/07/2025,01:59:13,44.8823,-63.51667,114.0,,SKT-4214,1,1,GPNV
30/07/2025,01:59:20,44.88226,-63.51667,116.0,,SKT-4214,1,1,GPNV
30/07/2025,01:59:27,44.88224,-63.51664,122.0,,SKT-4214,1,1,GPNV
30/07/2025,01:59:34,44.88219,-63.5167,112.0,,SKT-4214,1,1,GPNV
30/07/2025,01:59:41,44.88217,-63.51667,114.0,,SKT-4214,1,1,GPNV
30/07/2025,01:59:49,44.88221,-63.5167,107.0,,SKT-4214,1,1,GPNV
30/07/2025,01:59:56,44.88226,-63.51675,96.0,,SKT-4214,1,1,GPNV
30/07/2025,02:00:03,44.88227,-63.5168,82.0,,SKT-4214,1,1,GPNV
30/07/2025,02:00:10,44.88232,-63.51681,73.0,,SKT-4214,1,1,GPNV
30/07/2025,02:00:18,44.88237,-63.51678,68.0,,SKT-4214,1,1,GPNV
30/07/2025,02:00:25,44.88238,-63.51675,68.0,,SKT-4214,1,1,GPNV
30/07/2025,02:00:32,44.88239,-63.51672,70.0,,SKT-4214,1,1,GPNV
30/07/2025,02:00:39,44.8824,-63.51665,76.0,,SKT-4214,1,1,GPNV
30/07/2025,02:00:46,44.88242,-63.51664,86.0,,SKT-4214,1,1,GPNV
30/07/2025,02:00:53,44.88244,-63.51663,104.0,,SKT-4214,1,1,GPNV
30/07/2025,02:01:01,44.88246,-63.51663,122.0,,SKT-4214,1,1,GPNV
30/07/2025,02:01:08,44.88248,-63.51664,125.0,,SKT-4214,1,1,GPNV
30/07/2025,02:01:15,44.88251,-63.51665,122.0,,SKT-4214,1,1,GPNV
30/07/2025,02:01:22,44.88254,-63.51661,116.0,,SKT-4214,1,1,GPNV
30/07/2025,02:01:29,44.88256,-63.51656,105.0,,SKT-4214,1,1,GPNV
30/07/2025,02:01:36,44.8826,-63.5166,92.0,,SKT-4214,1,1,GPNV
30/07/2025,02:01:43,44.88263,-63.51665,93.0,,SKT-4214,1,1,GPNV
30/07/2025,02:01:50,44.88264,-63.51671,102.0,,SKT-4214,1,1,GPNV
30/07/2025,02:01:58,44.88264,-63.51676,117.0,,SKT-4214,1,1,GPNV
30/07/2025,02:02:05,44.88263,-63.51678,118.0,,SKT-4214,1,1,GPNV
30/07/2025,02:02:12,44.88261,-63.51682,119.0,,SKT-4214,1,1,GPNV
30/07/2025,02:02:19,44.88263,-63.51686,107.0,,SKT-4214,1,1,GPNV
30/07/2025,02:02:26,44.88268,-63.51686,100.0,,SKT-4214,1,1,GPNV
30/07/2025,02:02:33,44.88274,-63.51682,98.0,,SKT-4214,1,1,GPNV
30/07/2025,02:02:40,44.88279,-63.5168,108.0,,SKT-4214,1,1,GPNV
30/07/2025,02:02:48,44.88282,-63.51679,125.0,,SKT-4214,1,1,GPNV
30/07/2025,02:02:55,44.88283,-63.51684,130.0,,SKT-4214,1,1,GPNV
30/07/2025,02:03:02,44.88284,-63.51688,141.0,,SKT-4214,1,1,GPNV
30/07/2025,02:03:09,44.88288,-63.5169,144.0,,SKT-4214,1,1,GPNV
30/07/2025,02:03:16,44.88289,-63.51695,142.0,,SKT-4214,1,1,GPNV
30/07/2025,02:03:23,44.88289,-63.51704,139.0,,SKT-4214,1,1,GPNV
30/07/2025,02:03:30,44.88289,-63.51712,130.0,,SKT-4214,1,1,GPNV
30/07/2025,02:03:37,44.88288,-63.51715,122.0,,SKT-4214,1,1,GPNV
30/07/2025,02:03:45,44.88288,-63.5172,112.0,,SKT-4214,1,1,GPNV
30/07/2025,02:03:53,44.88288,-63.5172,106.0,,SKT-4214,1,1,GPNV
30/07/2025,02:04:00,44.8829,-63.51717,109.0,,SKT-4214,1,1,GPNV
30/07/2025,02:04:07,44.88289,-63.51713,105.0,,SKT-4214,1,1,GPNV
30/07/2025,02:04:14,44.88287,-63.51709,102.0,,SKT-4214,1,1,GPNV
30/07/2025,02:04:21,44.88286,-63.51705,102.0,,SKT-4214,1,1,GPNV
30/07/2025,02:04:29,44.88289,-63.51709,91.0,,SKT-4214,1,1,GPNV
30/07/2025,02:04:36,44.88293,-63.51715,73.0,,SKT-4214,1,1,GPNV
30/07/2025,02:04:43,44.88293,-63.51721,65.0,,SKT-4214,1,1,GPNV
30/07/2025,02:04:50,44.88288,-63.51722,62.0,,SKT-4214,1,1,GPNV
30/07/2025,02:04:57,44.88285,-63.51714,84.0,,SKT-4214,1,1,GPNV
30/07/2025,02:05:04,44.88281,-63.51706,113.0,,SKT-4214,1,1,GPNV
30/07/2025,02:05:12,44.88277,-63.51706,126.0,,SKT-4214,1,1,GPNV
30/07/2025,02:05:19,44.8827,-63.51709,126.0,,SKT-4214,1,1,GPNV
30/07/2025,02:05:26,44.88269,-63.51709,126.0,,SKT-4214,1,1,GPNV
30/07/2025,02:05:33,44.88268,-63.51708,114.0,,SKT-4214,1,1,GPNV
30/07/2025,02:05:40,44.88267,-63.51709,108.0,,SKT-4214,1,1,GPNV
30/07/2025,02:05:48,44.88265,-63.51707,103.0,,SKT-4214,1,1,GPNV
30/07/2025,02:05:55,44.88263,-63.51711,97.0,,SKT-4214,1,1,GPNV
30/07/2025,02:06:02,44.88261,-63.51714,94.0,,SKT-4214,1,1,GPNV
30/07/2025,02:06:10,44.88261,-63.5172,91.0,,SKT-4214,1,1,GPNV
30/07/2025,02:06:17,44.88261,-63.51725,92.0,,SKT-4214,1,1,GPNV
30/07/2025,02:06:24,44.88261,-63.51726,93.0,,SKT-4214,1,1,GPNV
30/07/2025,02:06:32,44.88265,-63.51719,101.0,,SKT-4214,1,1,GPNV
30/07/2025,02:06:39,44.88272,-63.51712,112.0,,SKT-4214,1,1,GPNV
30/07/2025,02:06:46,44.88279,-63.51707,128.0,,SKT-4214,1,1,GPNV
30/07/2025,02:06:53,44.88283,-63.51703,138.0,,SKT-4214,1,1,GPNV
30/07/2025,02:07:00,44.88284,-63.517,142.0,,SKT-4214,1,1,GPNV
30/07/2025,02:07:07,44.8828,-63.51702,146.0,,SKT-4214,1,1,GPNV
30/07/2025,02:07:14,44.88278,-63.51702,140.0,,SKT-4214,1,1,GPNV
30/07/2025,02:07:22,44.88274,-63.51704,142.0,,SKT-4214,1,1,GPNV
30/07/2025,02:07:29,44.88271,-63.51704,145.0,,SKT-4214,1,1,GPNV
30/07/2025,02:07:36,44.8827,-63.51702,142.0,,SKT-4214,1,1,GPNV
30/07/2025,02:07:43,44.88269,-63.51699,140.0,,SKT-4214,1,1,GPNV
30/07/2025,02:07:50,44.88266,-63.517,138.0,,SKT-4214,1,1,GPNV
30/07/2025,02:07:57,44.88263,-63.51699,142.0,,SKT-4214,1,1,GPNV
30/07/2025,02:08:04,44.8826,-63.51699,142.0,,SKT-4214,1,1,GPNV
30/07/2025,02:08:13,44.88252,-63.51695,138.0,,SKT-4214,1,1,GPNV
30/07/2025,02:08:20,44.88248,-63.51692,134.0,,SKT-4214,1,1,GPNV
30/07/2025,02:08:27,44.88244,-63.5169,133.0,,SKT-4214,1,1,GPNV
30/07/2025,02:08:34,44.88245,-63.51691,132.0,,SKT-4214,1,1,GPNV
30/07/2025,02:08:41,44.88247,-63.51696,129.0,,SKT-4214,1,1,GPNV
30/07/2025,02:08:48,44.88247,-63.51698,126.0,,SKT-4214,1,1,GPNV
30/07/2025,02:08:56,44.88248,-63.51695,119.0,,SKT-4214,1,1,GPNV
30/07/2025,02:09:03,44.8825,-63.5169,118.0,,SKT-4214,1,1,GPNV
30/07/2025,02:09:10,44.88253,-63.51686,125.0,,SKT-4214,1,1,GPNV
30/07/2025,02:09:17,44.88256,-63.51688,130.0,,SKT-4214,1,1,GPNV
30/07/2025,02:09:24,44.88258,-63.51687,134.0,,SKT-4214,1,1,GPNV
30/07/2025,02:09:32,44.88258,-63.51685,140.0,,SKT-4214,1,1,GPNV
30/07/2025,02:09:39,44.88263,-63.51683,122.0,,SKT-4214,1,1,GPNV
30/07/2025,02:09:46,44.88261,-63.5168,125.0,,SKT-4214,1,1,GPNV
30/07/2025,02:09:53,44.88259,-63.51677,137.0,,SKT-4214,1,1,GPNV
30/07/2025,02:10:00,44.88257,-63.51675,135.0,,SKT-4214,1,1,GPNV
30/07/2025,02:10:07,44.88257,-63.51676,138.0,,SKT-4214,1,1,GPNV
30/07/2025,02:10:15,44.88257,-63.51678,141.0,,SKT-4214,1,1,GPNV
30/07/2025,02:10:22,44.88259,-63.51681,130.0,,SKT-4214,1,1,GPNV
30/07/2025,02:10:29,44.88262,-63.51684,115.0,,SKT-4214,1,1,GPNV
30/07/2025,02:10:36,44.88263,-63.51684,102.0,,SKT-4214,1,1,GPNV
30/07/2025,02:10:43,44.88267,-63.51683,93.0,,SKT-4214,1,1,GPNV
30/07/2025,02:10:51,44.88271,-63.51682,85.0,,SKT-4214,1,1,GPNV
30/07/2025,02:10:58,44.88278,-63.51689,74.0,,SKT-4214,1,1,GPNV
30/07/2025,02:11:06,44.88285,-63.51691,71.0,,SKT-4214,1,1,GPNV
30/07/2025,02:11:13,44.88287,-63.51686,76.0,,SKT-4214,1,1,GPNV
30/07/2025,02:11:20,44.88285,-63.5168,88.0,,SKT-4214,1,1,GPNV
30/07/2025,02:11:27,44.88279,-63.51674,103.0,,SKT-4214,1,1,GPNV
30/07/2025,02:11:34,44.88269,-63.51667,124.0,,SKT-4214,1,1,GPNV
30/07/2025,02:11:41,44.88259,-63.51663,135.0,,SKT-4214,1,1,GPNV
30/07/2025,02:11:48,44.88254,-63.51662,133.0,,SKT-4214,1,1,GPNV
30/07/2025,02:11:55,44.88253,-63.51662,127.0,,SKT-4214,1,1,GPNV
30/07/2025,02:12:03,44.88255,-63.51664,119.0,,SKT-4214,1,1,GPNV
30/07/2025,02:12:10,44.88258,-63.51666,111.0,,SKT-4214,1,1,GPNV
30/07/2025,02:12:17,44.88259,-63.51669,103.0,,SKT-4214,1,1,GPNV
30/07/2025,02:12:24,44.88267,-63.51669,99.0,,SKT-4214,1,1,GPNV
30/07/2025,02:12:31,44.88276,-63.51669,99.0,,SKT-4214,1,1,GPNV
30/07/2025,02:12:38,44.88283,-63.5167,100.0,,SKT-4214,1,1,GPNV
30/07/2025,02:12:45,44.88287,-63.5167,103.0,,SKT-4214,1,1,GPNV
30/07/2025,02:12:53,44.88284,-63.51673,99.0,,SKT-4214,1,1,GPNV
30/07/2025,02:13:00,44.88281,-63.51672,95.0,,SKT-4214,1,1,GPNV
30/07/2025,02:13:07,44.88279,-63.5167,87.0,,SKT-4214,1,1,GPNV
30/07/2025,02:13:14,44.88278,-63.5167,89.0,,SKT-4214,1,1,GPNV
30/07/2025,02:13:21,44.88272,-63.51672,90.0,,SKT-4214,1,1,GPNV
30/07/2025,02:13:29,44.88262,-63.51677,87.0,,SKT-4214,1,1,GPNV
30/07/2025,02:13:36,44.88259,-63.51681,86.0,,SKT-4214,1,1,GPNV
30/07/2025,02:13:43,44.88262,-63.51683,88.0,,SKT-4214,1,1,GPNV
30/07/2025,02:13:50,44.88264,-63.51682,91.0,,SKT-4214,1,1,GPNV
30/07/2025,02:13:57,44.88265,-63.51682,94.0,,SKT-4214,1,1,GPNV
30/07/2025,02:14:04,44.88266,-63.51683,96.0,,SKT-4214,1,1,GPNV
30/07/2025,02:14:12,44.88268,-63.51686,93.0,,SKT-4214,1,1,GPNV
30/07/2025,02:14:19,44.88271,-63.51691,91.0,,SKT-4214,1,1,GPNV
30/07/2025,02:14:26,44.88274,-63.51697,87.0,,SKT-4214,1,1,GPNV
30/07/2025,02:14:33,44.88276,-63.51701,73.0,,SKT-4214,1,1,GPNV
30/07/2025,02:14:40,44.88277,-63.51705,60.0,,SKT-4214,1,1,GPNV
30/07/2025,02:14:48,44.88276,-63.51707,54.0,,SKT-4214,1,1,GPNV
30/07/2025,02:14:55,44.88275,-63.51706,53.0,,SKT-4214,1,1,GPNV
30/07/2025,02:15:02,44.88271,-63.51704,53.0,,SKT-4214,1,1,GPNV
30/07/2025,02:15:09,44.88268,-63.51703,56.0,,SKT-4214,1,1,GPNV
30/07/2025,02:15:16,44.88266,-63.51702,61.0,,SKT-4214,1,1,GPNV
30/07/2025,02:15:23,44.88266,-63.51701,67.0,,SKT-4214,1,1,GPNV
30/07/2025,02:15:30,44.88265,-63.51698,76.0,,SKT-4214,1,1,GPNV
30/07/2025,02:15:37,44.88266,-63.51696,86.0,,SKT-4214,1,1,GPNV
30/07/2025,02:15:45,44.88267,-63.51693,97.0,,SKT-4214,1,1,GPNV
30/07/2025,02:15:52,44.88268,-63.51687,106.0,,SKT-4214,1,1,GPNV
30/07/2025,02:15:59,44.88271,-63.5168,106.0,,SKT-4214,1,1,GPNV
30/07/2025,02:16:06,44.88273,-63.51676,99.0,,SKT-4214,1,1,GPNV
30/07/2025,02:16:13,44.88276,-63.51674,96.0,,SKT-4214,1,1,GPNV
30/07/2025,02:16:21,44.88273,-63.5167,96.0,,SKT-4214,1,1,GPNV
30/07/2025,02:16:28,44.8827,-63.51669,97.0,,SKT-4214,1,1,GPNV
30/07/2025,02:16:35,44.88267,-63.51669,101.0,,SKT-4214,1,1,GPNV
30/07/2025,02:16:42,44.88264,-63.51668,104.0,,SKT-4214,1,1,GPNV
30/07/2025,02:16:49,44.8826,-63.51665,106.0,,SKT-4214,1,1,GPNV
30/07/2025,02:16:56,44.88255,-63.51671,120.0,,SKT-4214,1,1,GPNV
30/07/2025,02:17:03,44.88252,-63.51679,134.0,,SKT-4214,1,1,GPNV
30/07/2025,02:17:11,44.88248,-63.51676,131.0,,SKT-4214,1,1,GPNV
30/07/2025,02:17:18,44.88244,-63.51664,115.0,,SKT-4214,1,1,GPNV
30/07/2025,02:17:25,44.88237,-63.51651,103.0,,SKT-4214,1,1,GPNV
30/07/2025,02:17:32,44.88234,-63.5165,101.0,,SKT-4214,1,1,GPNV
30/07/2025,02:17:39,44.88237,-63.51656,93.0,,SKT-4214,1,1,GPNV
30/07/2025,02:17:47,44.88232,-63.51653,92.0,,SKT-4214,1,1,GPNV
30/07/2025,02:17:54,44.88228,-63.51643,103.0,,SKT-4214,1,1,GPNV
30/07/2025,02:18:01,44.88231,-63.51645,116.0,,SKT-4214,1,1,GPNV
30/07/2025,02:18:08,44.88235,-63.51652,125.0,,SKT-4214,1,1,GPNV
30/07/2025,02:18:15,44.8824,-63.51656,132.0,,SKT-4214,1,1,GPNV
30/07/2025,02:18:23,44.88245,-63.51656,138.0,,SKT-4214,1,1,GPNV
30/07/2025,02:18:30,44.88248,-63.51653,139.0,,SKT-4214,1,1,GPNV
30/07/2025,02:18:37,44.88254,-63.51652,138.0,,SKT-4214,1,1,GPNV
30/07/2025,02:18:44,44.8826,-63.51649,138.0,,SKT-4214,1,1,GPNV
30/07/2025,02:18:51,44.88263,-63.51642,138.0,,SKT-4214,1,1,GPNV
30/07/2025,02:18:58,44.88265,-63.51639,136.0,,SKT-4214,1,1,GPNV
30/07/2025,02:19:06,44.8827,-63.51639,134.0,,SKT-4214,1,1,GPNV
30/07/2025,02:19:13,44.88274,-63.51641,132.0,,SKT-4214,1,1,GPNV
30/07/2025,02:19:20,44.88277,-63.51648,129.0,,SKT-4214,1,1,GPNV
30/07/2025,02:19:27,44.88278,-63.51653,123.0,,SKT-4214,1,1,GPNV
30/07/2025,02:19:34,44.88279,-63.51656,125.0,,SKT-4214,1,1,GPNV
30/07/2025,02:19:42,44.88269,-63.5166,140.0,,SKT-4214,1,1,GPNV
30/07/2025,02:19:49,44.88263,-63.51664,147.0,,SKT-4214,1,1,GPNV
30/07/2025,02:19:56,44.88258,-63.51666,155.0,,SKT-4214,1,1,GPNV
30/07/2025,02:20:03,44.88254,-63.51661,167.0,,SKT-4214,1,1,GPNV
30/07/2025,02:20:10,44.88252,-63.51659,166.0,,SKT-4214,1,1,GPNV
30/07/2025,02:20:17,44.88251,-63.51657,166.0,,SKT-4214,1,1,GPNV
30/07/2025,02:20:24,44.8825,-63.5165,177.0,,SKT-4214,1,1,GPNV
30/07/2025,02:20:32,44.88252,-63.51648,180.0,,SKT-4214,1,1,GPNV
30/07/2025,02:20:39,44.88258,-63.51653,178.0,,SKT-4214,1,1,GPNV
30/07/2025,02:20:46,44.88261,-63.51657,173.0,,SKT-4214,1,1,GPNV
30/07/2025,02:20:53,44.88261,-63.51662,165.0,,SKT-4214,1,1,GPNV
30/07/2025,02:21:00,44.88258,-63.51664,161.0,,SKT-4214,1,1,GPNV
30/07/2025,02:21:07,44.88253,-63.51662,159.0,,SKT-4214,1,1,GPNV
30/07/2025,02:21:14,44.8825,-63.51659,159.0,,SKT-4214,1,1,GPNV
30/07/2025,02:21:22,44.88248,-63.51656,160.0,,SKT-4214,1,1,GPNV
30/07/2025,02:21:29,44.88248,-63.51652,159.0,,SKT-4214,1,1,GPNV
30/07/2025,02:21:36,44.8825,-63.51643,161.0,,SKT-4214,1,1,GPNV
30/07/2025,02:21:43,44.88254,-63.51636,164.0,,SKT-4214,1,1,GPNV
30/07/2025,02:21:50,44.88256,-63.51633,172.0,,SKT-4214,1,1,GPNV
30/07/2025,02:21:58,44.8826,-63.51643,172.0,,SKT-4214,1,1,GPNV
30/07/2025,02:22:05,44.88265,-63.51664,166.0,,SKT-4214,1,1,GPNV
30/07/2025,02:22:12,44.88274,-63.51686,167.0,,SKT-4214,1,1,GPNV
30/07/2025,02:22:19,44.88283,-63.51709,161.0,,SKT-4214,1,1,GPNV
30/07/2025,02:22:26,44.88292,-63.51719,157.0,,SKT-4214,1,1,GPNV
30/07/2025,02:22:33,44.88299,-63.51722,162.0,,SKT-4214,1,1,GPNV
30/07/2025,02:22:41,44.88297,-63.51728,159.0,,SKT-4214,1,1,GPNV
30/07/2025,02:22:48,44.88295,-63.51735,163.0,,SKT-4214,1,1,GPNV
30/07/2025,02:22:55,44.8829,-63.51737,164.0,,SKT-4214,1,1,GPNV
30/07/2025,02:23:02,44.88287,-63.51739,176.0,,SKT-4214,1,1,GPNV
30/07/2025,02:23:09,44.88279,-63.51733,170.0,,SKT-4214,1,1,GPNV
30/07/2025,02:23:16,44.88276,-63.51734,164.0,,SKT-4214,1,1,GPNV
30/07/2025,02:23:24,44.88274,-63.51732,157.0,,SKT-4214,1,1,GPNV
30/07/2025,02:23:31,44.88271,-63.51726,150.0,,SKT-4214,1,1,GPNV
30/07/2025,02:23:38,44.88268,-63.51724,148.0,,SKT-4214,1,1,GPNV
30/07/2025,02:23:45,44.88265,-63.51717,149.0,,SKT-4214,1,1,GPNV
30/07/2025,02:23:52,44.88263,-63.5171,155.0,,SKT-4214,1,1,GPNV
30/07/2025,02:23:59,44.88261,-63.51689,169.0,,SKT-4214,1,1,GPNV
30/07/2025,02:24:07,44.8826,-63.51679,174.0,,SKT-4214,1,1,GPNV
30/07/2025,02:24:14,44.88259,-63.51673,174.0,,SKT-4214,1,1,GPNV
30/07/2025,02:24:21,44.8826,-63.51672,171.0,,SKT-4214,1,1,GPNV
30/07/2025,02:24:28,44.88263,-63.51672,160.0,,SKT-4214,1,1,GPNV
30/07/2025,02:24:35,44.88268,-63.51672,156.0,,SKT-4214,1,1,GPNV
30/07/2025,02:24:42,44.88271,-63.51673,150.0,,SKT-4214,1,1,GPNV
30/07/2025,02:24:49,44.88276,-63.51679,144.0,,SKT-4214,1,1,GPNV
30/07/2025,02:24:56,44.88279,-63.51683,141.0,,SKT-4214,1,1,GPNV
30/07/2025,02:25:04,44.88281,-63.51686,140.0,,SKT-4214,1,1,GPNV
30/07/2025,02:25:11,44.8828,-63.51685,140.0,,SKT-4214,1,1,GPNV
30/07/2025,02:25:18,44.88277,-63.51682,141.0,,SKT-4214,1,1,GPNV
30/07/2025,02:25:25,44.88275,-63.51679,143.0,,SKT-4214,1,1,GPNV
30/07/2025,02:25:32,44.88274,-63.51677,146.0,,SKT-4214,1,1,GPNV
30/07/2025,02:25:40,44.88275,-63.51674,151.0,,SKT-4214,1,1,GPNV
30/07/2025,02:25:47,44.88279,-63.51669,157.0,,SKT-4214,1,1,GPNV
30/07/2025,02:25:54,44.88282,-63.51664,165.0,,SKT-4214,1,1,GPNV
30/07/2025,02:26:01,44.88284,-63.51657,169.0,,SKT-4214,1,1,GPNV
30/07/2025,02:26:08,44.88281,-63.51648,163.0,,SKT-4214,1,1,GPNV
30/07/2025,02:26:15,44.88277,-63.51638,159.0,,SKT-4214,1,1,GPNV
30/07/2025,02:26:22,44.88272,-63.51632,159.0,,SKT-4214,1,1,GPNV
30/07/2025,02:26:29,44.88269,-63.51633,158.0,,SKT-4214,1,1,GPNV
30/07/2025,02:26:37,44.88263,-63.51633,161.0,,SKT-4214,1,1,GPNV
30/07/2025,02:26:44,44.88258,-63.51635,170.0,,SKT-4214,1,1,GPNV
30/07/2025,02:26:51,44.88256,-63.5164,172.0,,SKT-4214,1,1,GPNV
30/07/2025,02:26:58,44.88255,-63.51649,171.0,,SKT-4214,1,1,GPNV
30/07/2025,02:27:05,44.88253,-63.51656,172.0,,SKT-4214,1,1,GPNV
30/07/2025,02:27:12,44.88251,-63.51662,171.0,,SKT-4214,1,1,GPNV
30/07/2025,02:27:19,44.88252,-63.51667,172.0,,SKT-4214,1,1,GPNV
30/07/2025,02:27:27,44.88254,-63.51674,170.0,,SKT-4214,1,1,GPNV
30/07/2025,02:27:34,44.88256,-63.51675,167.0,,SKT-4214,1,1,GPNV
30/07/2025,02:27:41,44.88258,-63.51676,166.0,,SKT-4214,1,1,GPNV
30/07/2025,02:27:48,44.88259,-63.51674,158.0,,SKT-4214,1,1,GPNV
30/07/2025,02:27:55,44.8826,-63.51672,145.0,,SKT-4214,1,1,GPNV
30/07/2025,02:28:02,44.88261,-63.5167,128.0,,SKT-4214,1,1,GPNV
30/07/2025,02:28:10,44.88262,-63.51669,119.0,,SKT-4214,1,1,GPNV
30/07/2025,02:28:17,44.88263,-63.51668,122.0,,SKT-4214,1,1,GPNV
30/07/2025,02:28:24,44.88264,-63.51668,126.0,,SKT-4214,1,1,GPNV
30/07/2025,02:28:31,44.88263,-63.51664,127.0,,SKT-4214,1,1,GPNV
30/07/2025,02:28:38,44.88259,-63.51659,129.0,,SKT-4214,1,1,GPNV
30/07/2025,02:28:45,44.88256,-63.51658,134.0,,SKT-4214,1,1,GPNV
30/07/2025,02:28:53,44.88254,-63.51656,139.0,,SKT-4214,1,1,GPNV
30/07/2025,02:29:00,44.88252,-63.51656,142.0,,SKT-4214,1,1,GPNV
30/07/2025,02:29:07,44.8825,-63.51657,141.0,,SKT-4214,1,1,GPNV
30/07/2025,02:29:14,44.8825,-63.51666,141.0,,SKT-4214,1,1,GPNV
30/07/2025,02:29:21,44.88247,-63.51668,140.0,,SKT-4214,1,1,GPNV
30/07/2025,02:29:28,44.88244,-63.51667,135.0,,SKT-4214,1,1,GPNV
30/07/2025,02:29:36,44.88243,-63.51665,131.0,,SKT-4214,1,1,GPNV
30/07/2025,02:29:43,44.88239,-63.51663,129.0,,SKT-4214,1,1,GPNV
30/07/2025,02:29:50,44.88234,-63.51661,124.0,,SKT-4214,1,1,GPNV
30/07/2025,02:29:58,44.88228,-63.51651,129.0,,SKT-4214,1,1,GPNV
30/07/2025,02:30:05,44.88224,-63.51642,141.0,,SKT-4214,1,1,GPNV
30/07/2025,02:30:13,44.88218,-63.51633,152.0,,SKT-4214,1,1,GPNV
30/07/2025,02:30:20,44.88209,-63.51625,163.0,,SKT-4214,1,1,GPNV
30/07/2025,02:30:27,44.882,-63.51621,179.0,,SKT-4214,1,1,GPNV
30/07/2025,02:30:34,44.88196,-63.51622,192.0,,SKT-4214,1,1,GPNV
30/07/2025,02:30:41,44.88205,-63.51629,192.0,,SKT-4214,1,1,GPNV
30/07/2025,02:30:48,44.88223,-63.51638,179.0,,SKT-4214,1,1,GPNV
30/07/2025,02:30:55,44.8824,-63.51644,158.0,,SKT-4214,1,1,GPNV
30/07/2025,02:31:03,44.88248,-63.51645,142.0,,SKT-4214,1,1,GPNV
30/07/2025,02:31:10,44.88248,-63.51644,133.0,,SKT-4214,1,1,GPNV
30/07/2025,02:31:17,44.88245,-63.51643,129.0,,SKT-4214,1,1,GPNV
30/07/2025,02:31:24,44.88243,-63.51641,128.0,,SKT-4214,1,1,GPNV
30/07/2025,02:31:32,44.8824,-63.51641,133.0,,SKT-4214,1,1,GPNV
30/07/2025,02:31:39,44.88237,-63.51643,142.0,,SKT-4214,1,1,GPNV
30/07/2025,02:31:46,44.88238,-63.51642,141.0,,SKT-4214,1,1,GPNV
30/07/2025,02:31:53,44.8824,-63.51642,131.0,,SKT-4214,1,1,GPNV
30/07/2025,02:32:00,44.8824,-63.51643,122.0,,SKT-4214,1,1,GPNV
30/07/2025,02:32:07,44.8824,-63.51644,107.0,,SKT-4214,1,1,GPNV
30/07/2025,02:32:15,44.88243,-63.51646,92.0,,SKT-4214,1,1,GPNV
30/07/2025,02:32:22,44.88247,-63.5165,80.0,,SKT-4214,1,1,GPNV
30/07/2025,02:32:29,44.88248,-63.51652,78.0,,SKT-4214,1,1,GPNV
30/07/2025,02:32:37,44.88249,-63.51654,74.0,,SKT-4214,1,1,GPNV
30/07/2025,02:32:44,44.8825,-63.51657,73.0,,SKT-4214,1,1,GPNV
30/07/2025,02:32:51,44.88249,-63.5166,78.0,,SKT-4214,1,1,GPNV
30/07/2025,02:32:58,44.8825,-63.51664,88.0,,SKT-4214,1,1,GPNV
30/07/2025,02:33:05,44.88249,-63.51667,96.0,,SKT-4214,1,1,GPNV
30/07/2025,02:33:12,44.88247,-63.51668,102.0,,SKT-4214,1,1,GPNV
30/07/2025,02:33:20,44.88239,-63.51664,114.0,,SKT-4214,1,1,GPNV
30/07/2025,02:33:27,44.88232,-63.51657,124.0,,SKT-4214,1,1,GPNV
30/07/2025,02:33:34,44.88228,-63.51646,133.0,,SKT-4214,1,1,GPNV
30/07/2025,02:33:41,44.88229,-63.51635,136.0,,SKT-4214,1,1,GPNV
30/07/2025,02:33:48,44.88234,-63.51624,139.0,,SKT-4214,1,1,GPNV
30/07/2025,02:33:56,44.88239,-63.51612,140.0,,SKT-4214,1,1,GPNV
30/07/2025,02:34:03,44.88245,-63.51611,139.0,,SKT-4214,1,1,GPNV
30/07/2025,02:34:10,44.88248,-63.51612,138.0,,SKT-4214,1,1,GPNV
30/07/2025,02:34:17,44.88247,-63.51612,134.0,,SKT-4214,1,1,GPNV
30/07/2025,02:34:25,44.8825,-63.51614,131.0,,SKT-4214,1,1,GPNV
30/07/2025,02:34:32,44.88255,-63.51614,138.0,,SKT-4214,1,1,GPNV
30/07/2025,02:34:39,44.88256,-63.51617,144.0,,SKT-4214,1,1,GPNV
30/07/2025,02:34:47,44.88253,-63.51627,146.0,,SKT-4214,1,1,GPNV
30/07/2025,02:34:54,44.88247,-63.51635,149.0,,SKT-4214,1,1,GPNV
30/07/2025,02:35:02,44.88239,-63.51643,147.0,,SKT-4214,1,1,GPNV
30/07/2025,02:35:09,44.88234,-63.5165,142.0,,SKT-4214,1,1,GPNV
30/07/2025,02:35:16,44.8823,-63.51657,139.0,,SKT-4214,1,1,GPNV
30/07/2025,02:35:23,44.88229,-63.51665,138.0,,SKT-4214,1,1,GPNV
30/07/2025,02:35:31,44.88228,-63.51672,142.0,,SKT-4214,1,1,GPNV
30/07/2025,02:35:38,44.88227,-63.51673,145.0,,SKT-4214,1,1,GPNV
30/07/2025,02:35:45,44.88228,-63.51673,146.0,,SKT-4214,1,1,GPNV
30/07/2025,02:35:52,44.88227,-63.51673,143.0,,SKT-4214,1,1,GPNV
30/07/2025,02:35:59,44.88227,-63.51672,135.0,,SKT-4214,1,1,GPNV
30/07/2025,02:36:07,44.88226,-63.51674,124.0,,SKT-4214,1,1,GPNV
30/07/2025,02:36:14,44.88224,-63.51675,116.0,,SKT-4214,1,1,GPNV
30/07/2025,02:36:21,44.88229,-63.51681,111.0,,SKT-4214,1,1,GPNV
30/07/2025,02:36:28,44.88228,-63.51682,108.0,,SKT-4214,1,1,GPNV
30/07/2025,02:36:35,44.88227,-63.5168,115.0,,SKT-4214,1,1,GPNV
30/07/2025,02:36:42,44.88229,-63.51683,107.0,,SKT-4214,1,1,GPNV
30/07/2025,02:36:50,44.88234,-63.51689,83.0,,SKT-4214,1,1,GPNV
30/07/2025,02:36:57,44.88237,-63.51688,73.0,,SKT-4214,1,1,GPNV
30/07/2025,02:37:04,44.88239,-63.51685,69.0,,SKT-4214,1,1,GPNV
30/07/2025,02:37:11,44.88239,-63.51682,74.0,,SKT-4214,1,1,GPNV
30/07/2025,02:37:19,44.88239,-63.5168,89.0,,SKT-4214,1,1,GPNV
30/07/2025,02:37:26,44.88239,-63.51678,93.0,,SKT-4214,1,1,GPNV
30/07/2025,02:37:33,44.88239,-63.51676,95.0,,SKT-4214,1,1,GPNV
30/07/2025,02:37:40,44.88239,-63.51673,96.0,,SKT-4214,1,1,GPNV
30/07/2025,02:37:47,44.8824,-63.51669,101.0,,SKT-4214,1,1,GPNV
30/07/2025,02:37:55,44.88239,-63.51661,108.0,,SKT-4214,1,1,GPNV
30/07/2025,02:38:02,44.88239,-63.51656,116.0,,SKT-4214,1,1,GPNV
30/07/2025,02:38:09,44.88239,-63.51656,121.0,,SKT-4214,1,1,GPNV
30/07/2025,02:38:17,44.88239,-63.51656,125.0,,SKT-4214,1,1,GPNV
30/07/2025,02:38:25,44.88237,-63.51653,125.0,,SKT-4214,1,1,GPNV
30/07/2025,02:38:32,44.88237,-63.51653,121.0,,SKT-4214,1,1,GPNV
30/07/2025,02:38:39,44.88235,-63.51653,121.0,,SKT-4214,1,1,GPNV
30/07/2025,02:38:46,44.88234,-63.51654,123.0,,SKT-4214,1,1,GPNV
30/07/2025,02:38:53,44.88234,-63.51656,126.0,,SKT-4214,1,1,GPNV
30/07/2025,02:39:00,44.88234,-63.51659,129.0,,SKT-4214,1,1,GPNV
30/07/2025,02:39:08,44.88234,-63.51661,132.0,,SKT-4214,1,1,GPNV
30/07/2025,02:39:15,44.8823,-63.51661,136.0,,SKT-4214,1,1,GPNV
30/07/2025,02:39:22,44.88225,-63.51658,138.0,,SKT-4214,1,1,GPNV
30/07/2025,02:39:29,44.88225,-63.51658,140.0,,SKT-4214,1,1,GPNV
30/07/2025,02:39:36,44.88227,-63.51659,140.0,,SKT-4214,1,1,GPNV
30/07/2025,02:39:44,44.88229,-63.51659,136.0,,SKT-4214,1,1,GPNV
30/07/2025,02:39:51,44.88234,-63.51662,134.0,,SKT-4214,1,1,GPNV
30/07/2025,02:39:58,44.88239,-63.51663,132.0,,SKT-4214,1,1,GPNV
30/07/2025,02:40:06,44.88252,-63.51681,122.0,,SKT-4214,1,1,GPNV
30/07/2025,02:40:13,44.88258,-63.51688,117.0,,SKT-4214,1,1,GPNV
30/07/2025,02:40:20,44.88258,-63.51686,115.0,,SKT-4214,1,1,GPNV
30/07/2025,02:40:27,44.88255,-63.51683,114.0,,SKT-4214,1,1,GPNV
30/07/2025,02:40:35,44.88252,-63.51683,105.0,,SKT-4214,1,1,GPNV
30/07/2025,02:40:42,44.8825,-63.51683,103.0,,SKT-4214,1,1,GPNV
30/07/2025,02:40:50,44.88247,-63.51682,104.0,,SKT-4214,1,1,GPNV
30/07/2025,02:40:57,44.88245,-63.5168,105.0,,SKT-4214,1,1,GPNV
30/07/2025,02:41:04,44.88245,-63.5168,108.0,,SKT-4214,1,1,GPNV
30/07/2025,02:41:11,44.88242,-63.51681,112.0,,SKT-4214,1,1,GPNV
30/07/2025,02:41:19,44.88238,-63.51685,120.0,,SKT-4214,1,1,GPNV
30/07/2025,02:41:26,44.88238,-63.51687,129.0,,SKT-4214,1,1,GPNV
30/07/2025,02:41:33,44.88233,-63.51689,132.0,,SKT-4214,1,1,GPNV
30/07/2025,02:41:40,44.8824,-63.51687,118.0,,SKT-4214,1,1,GPNV
30/07/2025,02:41:47,44.88238,-63.51683,131.0,,SKT-4214,1,1,GPNV
30/07/2025,02:41:55,44.88239,-63.51675,139.0,,SKT-4214,1,1,GPNV
30/07/2025,02:42:02,44.88243,-63.51666,141.0,,SKT-4214,1,1,GPNV
30/07/2025,02:42:09,44.88248,-63.51658,129.0,,SKT-4214,1,1,GPNV
30/07/2025,02:42:16,44.88252,-63.51651,115.0,,SKT-4214,1,1,GPNV
30/07/2025,02:42:24,44.88248,-63.51653,93.0,,SKT-4214,1,1,GPNV
30/07/2025,02:42:31,44.88244,-63.51655,86.0,,SKT-4214,1,1,GPNV
30/07/2025,02:42:39,44.88241,-63.5166,81.0,,SKT-4214,1,1,GPNV
30/07/2025,02:42:46,44.8824,-63.51662,78.0,,SKT-4214,1,1,GPNV
30/07/2025,02:42:53,44.88237,-63.51654,79.0,,SKT-4214,1,1,GPNV
30/07/2025,02:43:00,44.88239,-63.51659,83.0,,SKT-4214,1,1,GPNV
30/07/2025,02:43:07,44.88243,-63.51665,85.0,,SKT-4214,1,1,GPNV
30/07/2025,02:43:15,44.88245,-63.51661,89.0,,SKT-4214,1,1,GPNV
30/07/2025,02:43:22,44.88245,-63.51661,91.0,,SKT-4214,1,1,GPNV
30/07/2025,02:43:29,44.88239,-63.51656,94.0,,SKT-4214,1,1,GPNV
30/07/2025,02:43:36,44.88234,-63.5165,101.0,,SKT-4214,1,1,GPNV
30/07/2025,02:43:43,44.88231,-63.51656,90.0,,SKT-4214,1,1,GPNV
30/07/2025,02:43:51,44.88234,-63.5167,80.0,,SKT-4214,1,1,GPNV
30/07/2025,02:43:58,44.88235,-63.51686,69.0,,SKT-4214,1,1,GPNV
30/07/2025,02:44:05,44.88233,-63.51702,54.0,,SKT-4214,1,1,GPNV
30/07/2025,02:44:12,44.88231,-63.51712,45.0,,SKT-4214,1,1,GPNV
30/07/2025,02:44:19,44.88231,-63.51718,37.0,,SKT-4214,1,1,GPNV
30/07/2025,02:44:27,44.88231,-63.5172,35.0,,SKT-4214,1,1,GPNV
30/07/2025,02:44:34,44.88231,-63.51715,40.0,,SKT-4214,1,1,GPNV
30/07/2025,02:44:41,44.88235,-63.51708,47.0,,SKT-4214,1,1,GPNV
30/07/2025,02:44:48,44.88239,-63.51702,50.0,,SKT-4214,1,1,GPNV
30/07/2025,02:44:55,44.88239,-63.51693,54.0,,SKT-4214,1,1,GPNV
30/07/2025,02:45:03,44.88238,-63.51684,60.0,,SKT-4214,1,1,GPNV
30/07/2025,02:45:10,44.88235,-63.51675,69.0,,SKT-4214,1,1,GPNV
30/07/2025,02:45:17,44.88232,-63.51668,88.0,,SKT-4214,1,1,GPNV
30/07/2025,02:45:24,44.88233,-63.51666,108.0,,SKT-4214,1,1,GPNV
30/07/2025,02:45:31,44.88234,-63.51667,127.0,,SKT-4214,1,1,GPNV
30/07/2025,02:45:38,44.88235,-63.51672,137.0,,SKT-4214,1,1,GPNV
30/07/2025,02:45:46,44.88234,-63.51675,142.0,,SKT-4214,1,1,GPNV
30/07/2025,02:45:53,44.88233,-63.51678,141.0,,SKT-4214,1,1,GPNV
30/07/2025,02:46:00,44.88233,-63.51681,134.0,,SKT-4214,1,1,GPNV
30/07/2025,02:46:07,44.88233,-63.51684,121.0,,SKT-4214,1,1,GPNV
30/07/2025,02:46:15,44.88234,-63.51681,102.0,,SKT-4214,1,1,GPNV
30/07/2025,02:46:22,44.88235,-63.51682,91.0,,SKT-4214,1,1,GPNV
30/07/2025,02:46:29,44.88234,-63.51684,88.0,,SKT-4214,1,1,GPNV
30/07/2025,02:46:36,44.88237,-63.51686,91.0,,SKT-4214,1,1,GPNV
30/07/2025,02:46:44,44.88241,-63.51683,98.0,,SKT-4214,1,1,GPNV
30/07/2025,02:46:51,44.88241,-63.51682,109.0,,SKT-4214,1,1,GPNV
30/07/2025,02:46:58,44.88237,-63.51683,122.0,,SKT-4214,1,1,GPNV
30/07/2025,02:47:05,44.88235,-63.51684,131.0,,SKT-4214,1,1,GPNV
30/07/2025,02:47:12,44.88235,-63.51686,134.0,,SKT-4214,1,1,GPNV
30/07/2025,02:47:20,44.88235,-63.51693,129.0,,SKT-4214,1,1,GPNV
30/07/2025,02:47:27,44.88234,-63.51701,116.0,,SKT-4214,1,1,GPNV
30/07/2025,02:47:34,44.88234,-63.51707,103.0,,SKT-4214,1,1,GPNV
30/07/2025,02:47:41,44.88234,-63.51712,91.0,,SKT-4214,1,1,GPNV
30/07/2025,02:47:49,44.88228,-63.51713,79.0,,SKT-4214,1,1,GPNV
30/07/2025,02:47:56,44.88224,-63.51711,76.0,,SKT-4214,1,1,GPNV
30/07/2025,02:48:03,44.88224,-63.51708,74.0,,SKT-4214,1,1,GPNV
30/07/2025,02:48:10,44.88229,-63.517,73.0,,SKT-4214,1,1,GPNV
30/07/2025,02:48:17,44.88233,-63.51693,80.0,,SKT-4214,1,1,GPNV
30/07/2025,02:48:24,44.88242,-63.51696,88.0,,SKT-4214,1,1,GPNV
30/07/2025,02:48:32,44.88247,-63.51697,99.0,,SKT-4214,1,1,GPNV
30/07/2025,02:48:39,44.88246,-63.51698,99.0,,SKT-4214,1,1,GPNV
30/07/2025,02:48:46,44.88245,-63.51703,89.0,,SKT-4214,1,1,GPNV
30/07/2025,02:48:54,44.8824,-63.51703,76.0,,SKT-4214,1,1,GPNV
30/07/2025,02:49:01,44.88241,-63.51703,74.0,,SKT-4214,1,1,GPNV
30/07/2025,02:49:08,44.88242,-63.51702,72.0,,SKT-4214,1,1,GPNV
30/07/2025,02:49:15,44.88248,-63.51702,80.0,,SKT-4214,1,1,GPNV
30/07/2025,02:49:22,44.88258,-63.51699,100.0,,SKT-4214,1,1,GPNV
30/07/2025,02:49:30,44.88258,-63.51703,95.0,,SKT-4214,1,1,GPNV
30/07/2025,02:49:37,44.88258,-63.51699,98.0,,SKT-4214,1,1,GPNV
30/07/2025,02:49:44,44.88259,-63.51694,109.0,,SKT-4214,1,1,GPNV
30/07/2025,02:49:51,44.8826,-63.5169,115.0,,SKT-4214,1,1,GPNV
30/07/2025,02:49:58,44.88256,-63.51683,116.0,,SKT-4214,1,1,GPNV
30/07/2025,02:50:05,44.88257,-63.51684,114.0,,SKT-4214,1,1,GPNV
30/07/2025,02:50:13,44.88257,-63.51683,113.0,,SKT-4214,1,1,GPNV
30/07/2025,02:50:20,44.88257,-63.51682,109.0,,SKT-4214,1,1,GPNV
30/07/2025,02:50:27,44.88253,-63.51677,111.0,,SKT-4214,1,1,GPNV
30/07/2025,02:50:34,44.8825,-63.51673,116.0,,SKT-4214,1,1,GPNV
30/07/2025,02:50:42,44.88247,-63.51667,127.0,,SKT-4214,1,1,GPNV
30/07/2025,02:50:49,44.88246,-63.51662,130.0,,SKT-4214,1,1,GPNV
30/07/2025,02:50:56,44.88247,-63.51666,127.0,,SKT-4214,1,1,GPNV
30/07/2025,02:51:03,44.88246,-63.51675,110.0,,SKT-4214,1,1,GPNV
30/07/2025,02:51:10,44.88244,-63.51673,109.0,,SKT-4214,1,1,GPNV
30/07/2025,02:51:17,44.88243,-63.5167,107.0,,SKT-4214,1,1,GPNV
30/07/2025,02:51:25,44.88243,-63.51666,107.0,,SKT-4214,1,1,GPNV
30/07/2025,02:51:32,44.88245,-63.51665,104.0,,SKT-4214,1,1,GPNV
30/07/2025,02:51:39,44.88248,-63.51673,88.0,,SKT-4214,1,1,GPNV
30/07/2025,02:51:46,44.88252,-63.5168,76.0,,SKT-4214,1,1,GPNV
30/07/2025,02:51:53,44.88253,-63.51686,71.0,,SKT-4214,1,1,GPNV
30/07/2025,02:52:01,44.88255,-63.51695,67.0,,SKT-4214,1,1,GPNV
30/07/2025,02:52:08,44.88256,-63.51706,56.0,,SKT-4214,1,1,GPNV
30/07/2025,02:52:15,44.88261,-63.51707,64.0,,SKT-4214,1,1,GPNV
30/07/2025,02:52:22,44.88266,-63.51702,83.0,,SKT-4214,1,1,GPNV
30/07/2025,02:52:29,44.88269,-63.51701,91.0,,SKT-4214,1,1,GPNV
30/07/2025,02:52:37,44.88274,-63.51699,102.0,,SKT-4214,1,1,GPNV
30/07/2025,02:52:44,44.88271,-63.51695,105.0,,SKT-4214,1,1,GPNV
30/07/2025,02:52:51,44.88266,-63.51692,104.0,,SKT-4214,1,1,GPNV
30/07/2025,02:52:58,44.88261,-63.51689,101.0,,SKT-4214,1,1,GPNV
30/07/2025,02:53:05,44.88255,-63.51682,98.0,,SKT-4214,1,1,GPNV
30/07/2025,02:53:13,44.88254,-63.51675,101.0,,SKT-4214,1,1,GPNV
30/07/2025,02:53:20,44.88255,-63.51673,103.0,,SKT-4214,1,1,GPNV
30/07/2025,02:53:27,44.88255,-63.51669,108.0,,SKT-4214,1,1,GPNV
30/07/2025,02:53:34,44.88253,-63.51664,113.0,,SKT-4214,1,1,GPNV
30/07/2025,02:53:41,44.88253,-63.51658,114.0,,SKT-4214,1,1,GPNV
30/07/2025,02:53:49,44.88253,-63.51658,110.0,,SKT-4214,1,1,GPNV
30/07/2025,02:53:56,44.88251,-63.51663,95.0,,SKT-4214,1,1,GPNV
30/07/2025,02:54:03,44.88245,-63.51672,72.0,,SKT-4214,1,1,GPNV
30/07/2025,02:54:11,44.88241,-63.51681,53.0,,SKT-4214,1,1,GPNV
30/07/2025,02:54:18,44.88238,-63.51686,40.0,,SKT-4214,1,1,GPNV
30/07/2025,02:54:25,44.88235,-63.51685,32.0,,SKT-4214,1,1,GPNV
30/07/2025,02:54:32,44.88237,-63.51683,32.0,,SKT-4214,1,1,GPNV
30/07/2025,02:54:39,44.88237,-63.5168,34.0,,SKT-4214,1,1,GPNV
30/07/2025,02:54:47,44.88235,-63.51677,38.0,,SKT-4214,1,1,GPNV
30/07/2025,02:54:54,44.88234,-63.51675,42.0,,SKT-4214,1,1,GPNV
30/07/2025,02:55:01,44.88237,-63.51678,45.0,,SKT-4214,1,1,GPNV
30/07/2025,02:55:08,44.88238,-63.5168,49.0,,SKT-4214,1,1,GPNV
30/07/2025,02:55:15,44.88235,-63.51677,52.0,,SKT-4214,1,1,GPNV
30/07/2025,02:55:22,44.88232,-63.51666,59.0,,SKT-4214,1,1,GPNV
30/07/2025,02:55:30,44.88231,-63.51657,68.0,,SKT-4214,1,1,GPNV
30/07/2025,02:55:37,44.88231,-63.51652,74.0,,SKT-4214,1,1,GPNV
30/07/2025,02:55:44,44.88231,-63.51647,86.0,,SKT-4214,1,1,GPNV
30/07/2025,02:55:51,44.8823,-63.51643,91.0,,SKT-4214,1,1,GPNV
30/07/2025,02:55:58,44.88227,-63.51642,91.0,,SKT-4214,1,1,GPNV
30/07/2025,02:56:06,44.88226,-63.51643,94.0,,SKT-4214,1,1,GPNV
30/07/2025,02:56:13,44.88224,-63.51645,97.0,,SKT-4214,1,1,GPNV
30/07/2025,02:56:20,44.88223,-63.51649,98.0,,SKT-4214,1,1,GPNV
30/07/2025,02:56:27,44.88224,-63.5165,101.0,,SKT-4214,1,1,GPNV
30/07/2025,02:56:34,44.88224,-63.5165,102.0,,SKT-4214,1,1,GPNV
30/07/2025,02:56:42,44.88224,-63.51646,104.0,,SKT-4214,1,1,GPNV
30/07/2025,02:56:49,44.88226,-63.51634,114.0,,SKT-4214,1,1,GPNV
30/07/2025,02:56:56,44.8823,-63.51632,120.0,,SKT-4214,1,1,GPNV
30/07/2025,02:57:03,44.88234,-63.51637,117.0,,SKT-4214,1,1,GPNV
30/07/2025,02:57:11,44.88239,-63.51657,98.0,,SKT-4214,1,1,GPNV
30/07/2025,02:57:18,44.8824,-63.51667,86.0,,SKT-4214,1,1,GPNV
30/07/2025,02:57:25,44.88241,-63.51678,76.0,,SKT-4214,1,1,GPNV
30/07/2025,02:57:32,44.88242,-63.51686,71.0,,SKT-4214,1,1,GPNV
30/07/2025,02:57:40,44.88239,-63.51691,65.0,,SKT-4214,1,1,GPNV
30/07/2025,02:57:47,44.88237,-63.51701,59.0,,SKT-4214,1,1,GPNV
30/07/2025,02:57:54,44.88234,-63.51709,55.0,,SKT-4214,1,1,GPNV
30/07/2025,02:58:01,44.88231,-63.51708,58.0,,SKT-4214,1,1,GPNV
30/07/2025,02:58:09,44.88227,-63.51704,62.0,,SKT-4214,1,1,GPNV
30/07/2025,02:58:16,44.88224,-63.51703,64.0,,SKT-4214,1,1,GPNV
30/07/2025,02:58:23,44.88222,-63.51706,62.0,,SKT-4214,1,1,GPNV
30/07/2025,02:58:30,44.88219,-63.51712,61.0,,SKT-4214,1,1,GPNV
30/07/2025,02:58:37,44.88216,-63.51721,51.0,,SKT-4214,1,1,GPNV
30/07/2025,02:58:44,44.88216,-63.51725,39.0,,SKT-4214,1,1,GPNV
30/07/2025,02:58:51,44.88216,-63.51723,35.0,,SKT-4214,1,1,GPNV
30/07/2025,02:58:59,44.88217,-63.51702,47.0,,SKT-4214,1,1,GPNV
30/07/2025,02:59:06,44.88217,-63.51683,55.0,,SKT-4214,1,1,GPNV
30/07/2025,02:59:13,44.88213,-63.51664,60.0,,SKT-4214,1,1,GPNV
30/07/2025,02:59:20,44.88216,-63.51672,47.0,,SKT-4214,1,1,GPNV
30/07/2025,02:59:27,44.88221,-63.51687,31.0,,SKT-4214,1,1,GPNV
30/07/2025,02:59:34,44.88223,-63.51704,6.0,,SKT-4214,1,1,GPNV
30/07/2025,02:59:41,44.88224,-63.51722,-17.0,,SKT-4214,1,1,GPNV
30/07/2025,02:59:49,44.88224,-63.5172,9.0,,SKT-4214,1,1,GPNV
30/07/2025,02:59:56,44.88226,-63.51711,38.0,,SKT-4214,1,1,GPNV
30/07/2025,03:00:03,44.8823,-63.517,58.0,,SKT-4214,1,1,GPNV
30/07/2025,03:00:10,44.88231,-63.51688,79.0,,SKT-4214,1,1,GPNV
30/07/2025,03:00:17,44.88231,-63.51676,97.0,,SKT-4214,1,1,GPNV
30/07/2025,03:00:24,44.88229,-63.5167,108.0,,SKT-4214,1,1,GPNV
30/07/2025,03:00:32,44.88229,-63.51667,110.0,,SKT-4214,1,1,GPNV
30/07/2025,03:00:39,44.8823,-63.51665,108.0,,SKT-4214,1,1,GPNV
30/07/2025,03:00:46,44.88231,-63.51667,105.0,,SKT-4214,1,1,GPNV
30/07/2025,03:00:53,44.88233,-63.51673,100.0,,SKT-4214,1,1,GPNV
30/07/2025,03:01:00,44.88235,-63.51675,95.0,,SKT-4214,1,1,GPNV
30/07/2025,03:01:07,44.88239,-63.51678,91.0,,SKT-4214,1,1,GPNV
30/07/2025,03:01:15,44.88243,-63.51683,86.0,,SKT-4214,1,1,GPNV
30/07/2025,03:01:22,44.88247,-63.51683,84.0,,SKT-4214,1,1,GPNV
30/07/2025,03:01:29,44.88249,-63.51682,79.0,,SKT-4214,1,1,GPNV
30/07/2025,03:01:36,44.88251,-63.5168,73.0,,SKT-4214,1,1,GPNV
30/07/2025,03:01:43,44.88256,-63.51681,73.0,,SKT-4214,1,1,GPNV
30/07/2025,03:01:52,44.88259,-63.51682,72.0,,SKT-4214,1,1,GPNV
30/07/2025,03:01:59,44.88259,-63.5168,74.0,,SKT-4214,1,1,GPNV
30/07/2025,03:02:06,44.8826,-63.5168,74.0,,SKT-4214,1,1,GPNV
30/07/2025,03:02:13,44.88262,-63.51685,66.0,,SKT-4214,1,1,GPNV
30/07/2025,03:02:20,44.88262,-63.5169,59.0,,SKT-4214,1,1,GPNV
30/07/2025,03:02:27,44.88258,-63.51696,55.0,,SKT-4214,1,1,GPNV
30/07/2025,03:02:34,44.88257,-63.51698,55.0,,SKT-4214,1,1,GPNV
30/07/2025,03:02:41,44.88258,-63.51696,57.0,,SKT-4214,1,1,GPNV
30/07/2025,03:02:48,44.88262,-63.5169,61.0,,SKT-4214,1,1,GPNV
30/07/2025,03:02:56,44.88262,-63.51681,68.0,,SKT-4214,1,1,GPNV
30/07/2025,03:03:04,44.88255,-63.51671,80.0,,SKT-4214,1,1,GPNV
30/07/2025,03:03:11,44.88246,-63.51662,96.0,,SKT-4214,1,1,GPNV
30/07/2025,03:03:18,44.88238,-63.51658,104.0,,SKT-4214,1,1,GPNV
30/07/2025,03:03:25,44.88232,-63.51656,104.0,,SKT-4214,1,1,GPNV
30/07/2025,03:03:32,44.88228,-63.51652,101.0,,SKT-4214,1,1,GPNV
30/07/2025,03:03:39,44.88229,-63.51653,97.0,,SKT-4214,1,1,GPNV
30/07/2025,03:03:46,44.88231,-63.51657,90.0,,SKT-4214,1,1,GPNV
30/07/2025,03:03:54,44.88232,-63.51663,83.0,,SKT-4214,1,1,GPNV
30/07/2025,03:04:01,44.88234,-63.5167,78.0,,SKT-4214,1,1,GPNV
30/07/2025,03:04:08,44.88235,-63.51674,76.0,,SKT-4214,1,1,GPNV
30/07/2025,03:04:15,44.88235,-63.51676,72.0,,SKT-4214,1,1,GPNV
30/07/2025,03:04:22,44.88235,-63.51679,68.0,,SKT-4214,1,1,GPNV
30/07/2025,03:04:29,44.88239,-63.51688,62.0,,SKT-4214,1,1,GPNV
30/07/2025,03:04:36,44.8824,-63.51685,61.0,,SKT-4214,1,1,GPNV
30/07/2025,03:04:43,44.8824,-63.51679,65.0,,SKT-4214,1,1,GPNV
30/07/2025,03:04:51,44.88235,-63.51669,77.0,,SKT-4214,1,1,GPNV
30/07/2025,03:04:58,44.8823,-63.51663,85.0,,SKT-4214,1,1,GPNV
30/07/2025,03:05:05,44.88228,-63.51662,88.0,,SKT-4214,1,1,GPNV
30/07/2025,03:05:12,44.88228,-63.51664,88.0,,SKT-4214,1,1,GPNV
30/07/2025,03:05:19,44.88226,-63.51661,90.0,,SKT-4214,1,1,GPNV
30/07/2025,03:05:26,44.88224,-63.51656,92.0,,SKT-4214,1,1,GPNV
30/07/2025,03:05:34,44.88223,-63.51647,98.0,,SKT-4214,1,1,GPNV
30/07/2025,03:05:41,44.88221,-63.5164,101.0,,SKT-4214,1,1,GPNV
30/07/2025,03:05:48,44.8822,-63.51631,106.0,,SKT-4214,1,1,GPNV
30/07/2025,03:05:55,44.88223,-63.51633,107.0,,SKT-4214,1,1,GPNV
30/07/2025,03:06:03,44.88228,-63.51645,106.0,,SKT-4214,1,1,GPNV
30/07/2025,03:06:10,44.8823,-63.51647,111.0,,SKT-4214,1,1,GPNV
30/07/2025,03:06:17,44.88229,-63.51644,116.0,,SKT-4214,1,1,GPNV
30/07/2025,03:06:24,44.88231,-63.51645,117.0,,SKT-4214,1,1,GPNV
30/07/2025,03:06:31,44.88233,-63.51652,117.0,,SKT-4214,1,1,GPNV
30/07/2025,03:06:38,44.88235,-63.5166,117.0,,SKT-4214,1,1,GPNV
30/07/2025,03:06:45,44.88237,-63.51668,118.0,,SKT-4214,1,1,GPNV
30/07/2025,03:06:53,44.88239,-63.51672,122.0,,SKT-4214,1,1,GPNV
30/07/2025,03:07:00,44.88243,-63.5168,123.0,,SKT-4214,1,1,GPNV
30/07/2025,03:07:07,44.88248,-63.51682,124.0,,SKT-4214,1,1,GPNV
30/07/2025,03:07:14,44.88255,-63.51685,124.0,,SKT-4214,1,1,GPNV
30/07/2025,03:07:21,44.88261,-63.51684,122.0,,SKT-4214,1,1,GPNV
30/07/2025,03:07:28,44.88267,-63.5168,119.0,,SKT-4214,1,1,GPNV
30/07/2025,03:07:35,44.88269,-63.51679,113.0,,SKT-4214,1,1,GPNV
30/07/2025,03:07:43,44.88266,-63.51676,108.0,,SKT-4214,1,1,GPNV
30/07/2025,03:07:50,44.88262,-63.51674,106.0,,SKT-4214,1,1,GPNV
30/07/2025,03:07:57,44.88261,-63.51674,107.0,,SKT-4214,1,1,GPNV
30/07/2025,03:08:04,44.88261,-63.51675,107.0,,SKT-4214,1,1,GPNV
30/07/2025,03:08:11,44.88261,-63.51673,107.0,,SKT-4214,1,1,GPNV
30/07/2025,03:08:19,44.88261,-63.51673,106.0,,SKT-4214,1,1,GPNV
30/07/2025,03:08:27,44.88262,-63.51675,100.0,,SKT-4214,1,1,GPNV
30/07/2025,03:08:34,44.88259,-63.51669,99.0,,SKT-4214,1,1,GPNV
30/07/2025,03:08:41,44.88257,-63.51662,101.0,,SKT-4214,1,1,GPNV
30/07/2025,03:08:48,44.88256,-63.51663,97.0,,SKT-4214,1,1,GPNV
30/07/2025,03:08:55,44.88255,-63.51666,91.0,,SKT-4214,1,1,GPNV
30/07/2025,03:09:02,44.88253,-63.51669,86.0,,SKT-4214,1,1,GPNV
30/07/2025,03:09:10,44.88248,-63.51665,90.0,,SKT-4214,1,1,GPNV
30/07/2025,03:09:17,44.88244,-63.51661,99.0,,SKT-4214,1,1,GPNV
30/07/2025,03:09:24,44.88241,-63.51658,104.0,,SKT-4214,1,1,GPNV
30/07/2025,03:09:31,44.88239,-63.51655,104.0,,SKT-4214,1,1,GPNV
30/07/2025,03:09:38,44.88237,-63.51653,103.0,,SKT-4214,1,1,GPNV
30/07/2025,03:09:45,44.88238,-63.51653,98.0,,SKT-4214,1,1,GPNV
30/07/2025,03:09:52,44.8824,-63.5165,91.0,,SKT-4214,1,1,GPNV
30/07/2025,03:10:00,44.88241,-63.51645,91.0,,SKT-4214,1,1,GPNV
30/07/2025,03:10:07,44.88242,-63.5164,101.0,,SKT-4214,1,1,GPNV
30/07/2025,03:10:14,44.88242,-63.51637,116.0,,SKT-4214,1,1,GPNV
30/07/2025,03:10:21,44.88242,-63.51636,121.0,,SKT-4214,1,1,GPNV
30/07/2025,03:10:28,44.88242,-63.51637,128.0,,SKT-4214,1,1,GPNV
30/07/2025,03:10:35,44.88242,-63.51638,133.0,,SKT-4214,1,1,GPNV
30/07/2025,03:10:43,44.88243,-63.51641,137.0,,SKT-4214,1,1,GPNV
30/07/2025,03:10:50,44.88242,-63.51638,141.0,,SKT-4214,1,1,GPNV
30/07/2025,03:10:57,44.88241,-63.51635,137.0,,SKT-4214,1,1,GPNV
30/07/2025,03:11:04,44.8824,-63.51635,128.0,,SKT-4214,1,1,GPNV
30/07/2025,03:11:11,44.88239,-63.5164,120.0,,SKT-4214,1,1,GPNV
30/07/2025,03:11:19,44.8824,-63.5164,128.0,,SKT-4214,1,1,GPNV
30/07/2025,03:11:26,44.88241,-63.51638,135.0,,SKT-4214,1,1,GPNV
30/07/2025,03:11:33,44.88238,-63.51645,119.0,,SKT-4214,1,1,GPNV
30/07/2025,03:11:40,44.88236,-63.51649,106.0,,SKT-4214,1,1,GPNV
30/07/2025,03:11:47,44.88235,-63.5165,94.0,,SKT-4214,1,1,GPNV
30/07/2025,03:11:55,44.88235,-63.5165,82.0,,SKT-4214,1,1,GPNV
30/07/2025,03:12:02,44.88234,-63.51651,72.0,,SKT-4214,1,1,GPNV
30/07/2025,03:12:09,44.88237,-63.51649,80.0,,SKT-4214,1,1,GPNV
30/07/2025,03:12:16,44.8824,-63.51644,96.0,,SKT-4214,1,1,GPNV
30/07/2025,03:12:23,44.88246,-63.5164,117.0,,SKT-4214,1,1,GPNV
30/07/2025,03:12:30,44.88251,-63.51637,134.0,,SKT-4214,1,1,GPNV
30/07/2025,03:12:37,44.88254,-63.51638,141.0,,SKT-4214,1,1,GPNV
30/07/2025,03:12:45,44.88256,-63.5164,144.0,,SKT-4214,1,1,GPNV
30/07/2025,03:12:52,44.88257,-63.51643,144.0,,SKT-4214,1,1,GPNV
30/07/2025,03:12:59,44.88251,-63.51653,136.0,,SKT-4214,1,1,GPNV
30/07/2025,03:13:06,44.88243,-63.51661,144.0,,SKT-4214,1,1,GPNV
30/07/2025,03:13:13,44.88238,-63.51661,164.0,,SKT-4214,1,1,GPNV
30/07/2025,03:13:20,44.88239,-63.51656,188.0,,SKT-4214,1,1,GPNV
30/07/2025,03:13:27,44.8824,-63.51649,206.0,,SKT-4214,1,1,GPNV
30/07/2025,03:13:35,44.88241,-63.51644,211.0,,SKT-4214,1,1,GPNV
30/07/2025,03:13:42,44.88241,-63.5164,196.0,,SKT-4214,1,1,GPNV
30/07/2025,03:13:49,44.88241,-63.51637,178.0,,SKT-4214,1,1,GPNV
30/07/2025,03:13:56,44.88242,-63.51634,169.0,,SKT-4214,1,1,GPNV
30/07/2025,03:14:04,44.88242,-63.51641,159.0,,SKT-4214,1,1,GPNV
30/07/2025,03:14:11,44.88239,-63.51645,153.0,,SKT-4214,1,1,GPNV
30/07/2025,03:14:18,44.88237,-63.51646,147.0,,SKT-4214,1,1,GPNV
30/07/2025,03:14:25,44.88235,-63.51646,145.0,,SKT-4214,1,1,GPNV
30/07/2025,03:14:32,44.88235,-63.51646,150.0,,SKT-4214,1,1,GPNV
30/07/2025,03:14:39,44.88236,-63.51649,153.0,,SKT-4214,1,1,GPNV
30/07/2025,03:14:47,44.88237,-63.51654,146.0,,SKT-4214,1,1,GPNV
30/07/2025,03:14:54,44.88237,-63.51659,140.0,,SKT-4214,1,1,GPNV
30/07/2025,03:15:01,44.88238,-63.51664,131.0,,SKT-4214,1,1,GPNV
30/07/2025,03:15:08,44.8824,-63.51668,113.0,,SKT-4214,1,1,GPNV
30/07/2025,03:15:15,44.88244,-63.5167,99.0,,SKT-4214,1,1,GPNV
30/07/2025,03:15:22,44.8825,-63.51668,96.0,,SKT-4214,1,1,GPNV
30/07/2025,03:15:29,44.88255,-63.51662,105.0,,SKT-4214,1,1,GPNV
30/07/2025,03:15:37,44.88254,-63.51661,113.0,,SKT-4214,1,1,GPNV
30/07/2025,03:15:44,44.88253,-63.51666,108.0,,SKT-4214,1,1,GPNV
30/07/2025,03:15:51,44.88254,-63.51672,99.0,,SKT-4214,1,1,GPNV
30/07/2025,03:15:58,44.88257,-63.51677,91.0,,SKT-4214,1,1,GPNV
30/07/2025,03:16:05,44.88261,-63.51683,81.0,,SKT-4214,1,1,GPNV
30/07/2025,03:16:13,44.88267,-63.51684,84.0,,SKT-4214,1,1,GPNV
30/07/2025,03:16:20,44.8827,-63.51682,88.0,,SKT-4214,1,1,GPNV
30/07/2025,03:16:27,44.88268,-63.51681,83.0,,SKT-4214,1,1,GPNV
30/07/2025,03:16:34,44.88261,-63.51673,80.0,,SKT-4214,1,1,GPNV
30/07/2025,03:16:41,44.88254,-63.51666,74.0,,SKT-4214,1,1,GPNV
30/07/2025,03:16:48,44.8825,-63.51665,71.0,,SKT-4214,1,1,GPNV
30/07/2025,03:16:56,44.88244,-63.51661,73.0,,SKT-4214,1,1,GPNV
30/07/2025,03:17:03,44.8824,-63.51657,78.0,,SKT-4214,1,1,GPNV
30/07/2025,03:17:10,44.88237,-63.51661,80.0,,SKT-4214,1,1,GPNV
30/07/2025,03:17:17,44.88236,-63.51666,82.0,,SKT-4214,1,1,GPNV
30/07/2025,03:17:24,44.88234,-63.51671,83.0,,SKT-4214,1,1,GPNV
30/07/2025,03:17:31,44.88234,-63.51674,85.0,,SKT-4214,1,1,GPNV
30/07/2025,03:17:38,44.88235,-63.51676,83.0,,SKT-4214,1,1,GPNV
30/07/2025,03:17:46,44.88235,-63.51677,77.0,,SKT-4214,1,1,GPNV
30/07/2025,03:17:53,44.88235,-63.5168,71.0,,SKT-4214,1,1,GPNV
30/07/2025,03:18:00,44.88236,-63.51683,72.0,,SKT-4214,1,1,GPNV
30/07/2025,03:18:07,44.88237,-63.51689,80.0,,SKT-4214,1,1,GPNV
30/07/2025,03:18:14,44.8824,-63.51693,103.0,,SKT-4214,1,1,GPNV
30/07/2025,03:18:21,44.88246,-63.51697,127.0,,SKT-4214,1,1,GPNV
30/07/2025,03:18:28,44.8825,-63.51698,146.0,,SKT-4214,1,1,GPNV
30/07/2025,03:18:35,44.8825,-63.51696,158.0,,SKT-4214,1,1,GPNV
30/07/2025,03:18:43,44.88247,-63.51692,170.0,,SKT-4214,1,1,GPNV
30/07/2025,03:18:50,44.88245,-63.51688,182.0,,SKT-4214,1,1,GPNV
30/07/2025,03:18:57,44.88242,-63.51682,190.0,,SKT-4214,1,1,GPNV
30/07/2025,03:19:04,44.88239,-63.5168,190.0,,SKT-4214,1,1,GPNV
30/07/2025,03:19:11,44.88238,-63.5168,191.0,,SKT-4214,1,1,GPNV
30/07/2025,03:19:19,44.88238,-63.51684,190.0,,SKT-4214,1,1,GPNV
30/07/2025,03:19:26,44.8824,-63.51691,192.0,,SKT-4214,1,1,GPNV
30/07/2025,03:19:33,44.88248,-63.51703,184.0,,SKT-4214,1,1,GPNV
30/07/2025,03:19:40,44.88258,-63.51711,169.0,,SKT-4214,1,1,GPNV
30/07/2025,03:19:47,44.88259,-63.51707,160.0,,SKT-4214,1,1,GPNV
30/07/2025,03:19:54,44.8826,-63.51702,153.0,,SKT-4214,1,1,GPNV
30/07/2025,03:20:01,44.8826,-63.51699,156.0,,SKT-4214,1,1,GPNV
30/07/2025,03:20:08,44.88258,-63.51691,166.0,,SKT-4214,1,1,GPNV
30/07/2025,03:20:16,44.88258,-63.51682,172.0,,SKT-4214,1,1,GPNV
30/07/2025,03:20:23,44.8826,-63.51675,171.0,,SKT-4214,1,1,GPNV
30/07/2025,03:20:30,44.88262,-63.51672,164.0,,SKT-4214,1,1,GPNV
30/07/2025,03:20:37,44.88264,-63.51669,163.0,,SKT-4214,1,1,GPNV
30/07/2025,03:20:44,44.88264,-63.51663,164.0,,SKT-4214,1,1,GPNV
30/07/2025,03:20:52,44.88264,-63.51659,161.0,,SKT-4214,1,1,GPNV
30/07/2025,03:20:59,44.88264,-63.51664,153.0,,SKT-4214,1,1,GPNV
30/07/2025,03:21:06,44.88264,-63.51674,145.0,,SKT-4214,1,1,GPNV
30/07/2025,03:21:13,44.88264,-63.51685,129.0,,SKT-4214,1,1,GPNV
30/07/2025,03:21:20,44.88264,-63.51691,116.0,,SKT-4214,1,1,GPNV
30/07/2025,03:21:27,44.88267,-63.5169,113.0,,SKT-4214,1,1,GPNV
30/07/2025,03:21:34,44.88269,-63.51677,127.0,,SKT-4214,1,1,GPNV
30/07/2025,03:21:41,44.88269,-63.51662,140.0,,SKT-4214,1,1,GPNV
30/07/2025,03:21:49,44.88267,-63.51652,153.0,,SKT-4214,1,1,GPNV
30/07/2025,03:21:56,44.88266,-63.51646,163.0,,SKT-4214,1,1,GPNV
30/07/2025,03:22:03,44.88265,-63.51641,171.0,,SKT-4214,1,1,GPNV
30/07/2025,03:22:10,44.8826,-63.5164,166.0,,SKT-4214,1,1,GPNV
30/07/2025,03:22:17,44.88253,-63.51639,155.0,,SKT-4214,1,1,GPNV
30/07/2025,03:22:25,44.88247,-63.51641,149.0,,SKT-4214,1,1,GPNV
30/07/2025,03:22:32,44.88245,-63.51646,142.0,,SKT-4214,1,1,GPNV
30/07/2025,03:22:39,44.88242,-63.51651,131.0,,SKT-4214,1,1,GPNV
30/07/2025,03:22:46,44.88239,-63.51653,119.0,,SKT-4214,1,1,GPNV
30/07/2025,03:22:53,44.88239,-63.51657,104.0,,SKT-4214,1,1,GPNV
30/07/2025,03:23:00,44.88239,-63.51661,97.0,,SKT-4214,1,1,GPNV
30/07/2025,03:23:07,44.88238,-63.51663,92.0,,SKT-4214,1,1,GPNV
30/07/2025,03:23:14,44.88237,-63.51664,94.0,,SKT-4214,1,1,GPNV
30/07/2025,03:23:22,44.88234,-63.51663,95.0,,SKT-4214,1,1,GPNV
30/07/2025,03:23:29,44.88232,-63.51667,80.0,,SKT-4214,1,1,GPNV
30/07/2025,03:23:36,44.88229,-63.51674,57.0,,SKT-4214,1,1,GPNV
30/07/2025,03:23:43,44.88228,-63.51683,35.0,,SKT-4214,1,1,GPNV
30/07/2025,03:23:50,44.88224,-63.51685,30.0,,SKT-4214,1,1,GPNV
30/07/2025,03:23:57,44.88221,-63.5168,35.0,,SKT-4214,1,1,GPNV
30/07/2025,03:24:04,44.88218,-63.51674,46.0,,SKT-4214,1,1,GPNV
30/07/2025,03:24:12,44.88212,-63.51665,73.0,,SKT-4214,1,1,GPNV
30/07/2025,03:24:19,44.88206,-63.5166,88.0,,SKT-4214,1,1,GPNV
30/07/2025,03:24:26,44.88205,-63.51663,92.0,,SKT-4214,1,1,GPNV
30/07/2025,03:24:34,44.88207,-63.51665,96.0,,SKT-4214,1,1,GPNV
30/07/2025,03:24:42,44.88211,-63.51663,98.0,,SKT-4214,1,1,GPNV
30/07/2025,03:24:49,44.88218,-63.51661,89.0,,SKT-4214,1,1,GPNV
30/07/2025,03:24:56,44.88221,-63.51655,78.0,,SKT-4214,1,1,GPNV
30/07/2025,03:25:03,44.88226,-63.51654,70.0,,SKT-4214,1,1,GPNV
30/07/2025,03:25:10,44.8823,-63.51653,59.0,,SKT-4214,1,1,GPNV
30/07/2025,03:25:17,44.88237,-63.51653,63.0,,SKT-4214,1,1,GPNV
30/07/2025,03:25:25,44.88244,-63.51655,68.0,,SKT-4214,1,1,GPNV
30/07/2025,03:25:32,44.88254,-63.51655,78.0,,SKT-4214,1,1,GPNV
30/07/2025,03:25:39,44.88265,-63.5165,95.0,,SKT-4214,1,1,GPNV
30/07/2025,03:25:46,44.88271,-63.51648,104.0,,SKT-4214,1,1,GPNV
30/07/2025,03:25:53,44.88277,-63.51645,110.0,,SKT-4214,1,1,GPNV
30/07/2025,03:26:00,44.88278,-63.51644,111.0,,SKT-4214,1,1,GPNV
30/07/2025,03:26:07,44.88271,-63.51647,128.0,,SKT-4214,1,1,GPNV
30/07/2025,03:26:15,44.88261,-63.51649,170.0,,SKT-4214,1,1,GPNV
30/07/2025,03:26:22,44.88251,-63.5165,211.0,,SKT-4214,1,1,GPNV
30/07/2025,03:26:29,44.88248,-63.51648,232.0,,SKT-4214,1,1,GPNV
30/07/2025,03:26:36,44.88248,-63.51647,231.0,,SKT-4214,1,1,GPNV
30/07/2025,03:26:44,44.88248,-63.51642,244.0,,SKT-4214,1,1,GPNV
30/07/2025,03:26:51,44.8825,-63.51635,254.0,,SKT-4214,1,1,GPNV
30/07/2025,03:26:58,44.88259,-63.51637,244.0,,SKT-4214,1,1,GPNV
30/07/2025,03:27:05,44.88265,-63.51646,221.0,,SKT-4214,1,1,GPNV
30/07/2025,03:27:12,44.88271,-63.51649,198.0,,SKT-4214,1,1,GPNV
30/07/2025,03:27:19,44.88277,-63.51651,176.0,,SKT-4214,1,1,GPNV
30/07/2025,03:27:27,44.88283,-63.51651,159.0,,SKT-4214,1,1,GPNV
30/07/2025,03:27:34,44.88285,-63.51648,156.0,,SKT-4214,1,1,GPNV
30/07/2025,03:27:41,44.88281,-63.51648,155.0,,SKT-4214,1,1,GPNV
30/07/2025,03:27:48,44.88276,-63.51653,152.0,,SKT-4214,1,1,GPNV
30/07/2025,03:27:55,44.88271,-63.51657,145.0,,SKT-4214,1,1,GPNV
30/07/2025,03:28:02,44.88269,-63.51658,143.0,,SKT-4214,1,1,GPNV
30/07/2025,03:28:10,44.88266,-63.51658,146.0,,SKT-4214,1,1,GPNV
30/07/2025,03:28:17,44.88263,-63.51658,148.0,,SKT-4214,1,1,GPNV
30/07/2025,03:28:24,44.8826,-63.51663,157.0,,SKT-4214,1,1,GPNV
30/07/2025,03:28:31,44.88254,-63.51665,172.0,,SKT-4214,1,1,GPNV
30/07/2025,03:28:38,44.88249,-63.51669,180.0,,SKT-4214,1,1,GPNV
30/07/2025,03:28:45,44.88248,-63.5167,174.0,,SKT-4214,1,1,GPNV
30/07/2025,03:28:53,44.88247,-63.51665,169.0,,SKT-4214,1,1,GPNV
30/07/2025,03:29:00,44.88247,-63.51662,161.0,,SKT-4214,1,1,GPNV
30/07/2025,03:29:07,44.88253,-63.51661,154.0,,SKT-4214,1,1,GPNV
30/07/2025,03:29:14,44.88257,-63.51661,151.0,,SKT-4214,1,1,GPNV
30/07/2025,03:29:21,44.88259,-63.51658,151.0,,SKT-4214,1,1,GPNV
30/07/2025,03:29:28,44.88256,-63.51659,151.0,,SKT-4214,1,1,GPNV
30/07/2025,03:29:36,44.88255,-63.51664,148.0,,SKT-4214,1,1,GPNV
30/07/2025,03:29:43,44.88253,-63.51666,149.0,,SKT-4214,1,1,GPNV
30/07/2025,03:29:50,44.88253,-63.51667,148.0,,SKT-4214,1,1,GPNV
30/07/2025,03:29:57,44.88253,-63.51669,145.0,,SKT-4214,1,1,GPNV
30/07/2025,03:30:04,44.88253,-63.51675,137.0,,SKT-4214,1,1,GPNV
30/07/2025,03:30:11,44.88253,-63.5168,127.0,,SKT-4214,1,1,GPNV
30/07/2025,03:30:18,44.88254,-63.51682,120.0,,SKT-4214,1,1,GPNV
30/07/2025,03:30:26,44.88257,-63.51677,121.0,,SKT-4214,1,1,GPNV
30/07/2025,03:30:33,44.88259,-63.51677,120.0,,SKT-4214,1,1,GPNV
30/07/2025,03:30:41,44.8826,-63.51683,118.0,,SKT-4214,1,1,GPNV
30/07/2025,03:30:48,44.8826,-63.51689,120.0,,SKT-4214,1,1,GPNV
30/07/2025,03:30:55,44.88261,-63.51692,129.0,,SKT-4214,1,1,GPNV
30/07/2025,03:31:02,44.88261,-63.51696,135.0,,SKT-4214,1,1,GPNV
30/07/2025,03:31:09,44.88261,-63.51697,142.0,,SKT-4214,1,1,GPNV
30/07/2025,03:31:16,44.8826,-63.51696,148.0,,SKT-4214,1,1,GPNV
30/07/2025,03:31:23,44.88264,-63.5169,154.0,,SKT-4214,1,1,GPNV
30/07/2025,03:31:30,44.88266,-63.51686,158.0,,SKT-4214,1,1,GPNV
30/07/2025,03:31:38,44.88267,-63.51686,163.0,,SKT-4214,1,1,GPNV
30/07/2025,03:31:46,44.88268,-63.51687,161.0,,SKT-4214,1,1,GPNV
30/07/2025,03:31:53,44.88267,-63.51693,146.0,,SKT-4214,1,1,GPNV
30/07/2025,03:32:00,44.88265,-63.51695,132.0,,SKT-4214,1,1,GPNV
30/07/2025,03:32:07,44.88262,-63.51693,123.0,,SKT-4214,1,1,GPNV
30/07/2025,03:32:14,44.88258,-63.5169,111.0,,SKT-4214,1,1,GPNV
30/07/2025,03:32:21,44.88255,-63.5169,97.0,,SKT-4214,1,1,GPNV
30/07/2025,03:32:29,44.88255,-63.51688,94.0,,SKT-4214,1,1,GPNV
30/07/2025,03:32:36,44.88257,-63.51686,102.0,,SKT-4214,1,1,GPNV
30/07/2025,03:32:44,44.88261,-63.5168,117.0,,SKT-4214,1,1,GPNV
30/07/2025,03:32:51,44.88264,-63.51674,126.0,,SKT-4214,1,1,GPNV
30/07/2025,03:32:58,44.88262,-63.5167,132.0,,SKT-4214,1,1,GPNV
30/07/2025,03:33:05,44.88258,-63.5167,140.0,,SKT-4214,1,1,GPNV
30/07/2025,03:33:12,44.88257,-63.51667,141.0,,SKT-4214,1,1,GPNV
30/07/2025,03:33:20,44.88259,-63.51665,147.0,,SKT-4214,1,1,GPNV
30/07/2025,03:33:27,44.88259,-63.51663,152.0,,SKT-4214,1,1,GPNV
30/07/2025,03:33:34,44.88257,-63.51656,160.0,,SKT-4214,1,1,GPNV
30/07/2025,03:33:41,44.88255,-63.51649,173.0,,SKT-4214,1,1,GPNV
30/07/2025,03:33:48,44.88254,-63.51644,187.0,,SKT-4214,1,1,GPNV
30/07/2025,03:33:55,44.88255,-63.51641,205.0,,SKT-4214,1,1,GPNV
30/07/2025,03:34:03,44.88257,-63.51641,218.0,,SKT-4214,1,1,GPNV
30/07/2025,03:34:10,44.88259,-63.51643,229.0,,SKT-4214,1,1,GPNV
30/07/2025,03:34:17,44.88256,-63.51646,226.0,,SKT-4214,1,1,GPNV
30/07/2025,03:34:24,44.8825,-63.51651,215.0,,SKT-4214,1,1,GPNV
30/07/2025,03:34:31,44.88245,-63.51657,195.0,,SKT-4214,1,1,GPNV
30/07/2025,03:34:39,44.88242,-63.51663,175.0,,SKT-4214,1,1,GPNV
30/07/2025,03:34:46,44.88241,-63.51665,169.0,,SKT-4214,1,1,GPNV
30/07/2025,03:34:53,44.8824,-63.51662,170.0,,SKT-4214,1,1,GPNV
30/07/2025,03:35:00,44.88241,-63.51655,173.0,,SKT-4214,1,1,GPNV
30/07/2025,03:35:07,44.88242,-63.51649,170.0,,SKT-4214,1,1,GPNV
30/07/2025,03:35:14,44.88243,-63.51644,167.0,,SKT-4214,1,1,GPNV
30/07/2025,03:35:21,44.88244,-63.51646,165.0,,SKT-4214,1,1,GPNV
30/07/2025,03:35:29,44.88244,-63.51654,166.0,,SKT-4214,1,1,GPNV
30/07/2025,03:35:36,44.88245,-63.51657,160.0,,SKT-4214,1,1,GPNV
30/07/2025,03:35:43,44.88246,-63.51657,156.0,,SKT-4214,1,1,GPNV
30/07/2025,03:35:50,44.8825,-63.51662,148.0,,SKT-4214,1,1,GPNV
30/07/2025,03:35:57,44.88254,-63.51669,138.0,,SKT-4214,1,1,GPNV
30/07/2025,03:36:04,44.88258,-63.51674,134.0,,SKT-4214,1,1,GPNV
30/07/2025,03:36:11,44.88262,-63.51678,131.0,,SKT-4214,1,1,GPNV
30/07/2025,03:36:19,44.88264,-63.51678,125.0,,SKT-4214,1,1,GPNV
30/07/2025,03:36:26,44.88264,-63.51679,119.0,,SKT-4214,1,1,GPNV
30/07/2025,03:36:33,44.88268,-63.51682,111.0,,SKT-4214,1,1,GPNV
30/07/2025,03:36:40,44.88269,-63.51682,107.0,,SKT-4214,1,1,GPNV
30/07/2025,03:36:47,44.88264,-63.51675,112.0,,SKT-4214,1,1,GPNV
30/07/2025,03:36:54,44.88259,-63.51674,116.0,,SKT-4214,1,1,GPNV
30/07/2025,03:37:02,44.8826,-63.51674,113.0,,SKT-4214,1,1,GPNV
30/07/2025,03:37:09,44.88265,-63.51672,103.0,,SKT-4214,1,1,GPNV
30/07/2025,03:37:16,44.88272,-63.51666,95.0,,SKT-4214,1,1,GPNV
30/07/2025,03:37:23,44.88274,-63.51666,101.0,,SKT-4214,1,1,GPNV
30/07/2025,03:37:30,44.88276,-63.51669,117.0,,SKT-4214,1,1,GPNV
30/07/2025,03:37:37,44.88279,-63.51673,133.0,,SKT-4214,1,1,GPNV
30/07/2025,03:37:45,44.88279,-63.51676,135.0,,SKT-4214,1,1,GPNV
30/07/2025,03:37:52,44.88277,-63.51674,132.0,,SKT-4214,1,1,GPNV
30/07/2025,03:37:59,44.88274,-63.51672,132.0,,SKT-4214,1,1,GPNV
30/07/2025,03:38:06,44.88271,-63.5167,135.0,,SKT-4214,1,1,GPNV
30/07/2025,03:38:13,44.88263,-63.51659,137.0,,SKT-4214,1,1,GPNV
30/07/2025,03:38:20,44.88256,-63.51656,130.0,,SKT-4214,1,1,GPNV
30/07/2025,03:38:27,44.88254,-63.51662,121.0,,SKT-4214,1,1,GPNV
30/07/2025,03:38:35,44.88254,-63.51667,118.0,,SKT-4214,1,1,GPNV
30/07/2025,03:38:42,44.88255,-63.51671,119.0,,SKT-4214,1,1,GPNV
30/07/2025,03:38:49,44.88256,-63.51676,117.0,,SKT-4214,1,1,GPNV
30/07/2025,03:38:56,44.88257,-63.51679,117.0,,SKT-4214,1,1,GPNV
30/07/2025,03:39:03,44.88256,-63.5168,122.0,,SKT-4214,1,1,GPNV
30/07/2025,03:39:10,44.88256,-63.51677,133.0,,SKT-4214,1,1,GPNV
30/07/2025,03:39:18,44.88254,-63.51677,129.0,,SKT-4214,1,1,GPNV
30/07/2025,03:39:25,44.88252,-63.51677,132.0,,SKT-4214,1,1,GPNV
30/07/2025,03:39:32,44.8825,-63.51676,134.0,,SKT-4214,1,1,GPNV
30/07/2025,03:39:39,44.88248,-63.51667,143.0,,SKT-4214,1,1,GPNV
30/07/2025,03:39:46,44.88246,-63.51662,147.0,,SKT-4214,1,1,GPNV
30/07/2025,03:39:53,44.88247,-63.51665,136.0,,SKT-4214,1,1,GPNV
30/07/2025,03:40:00,44.88247,-63.5167,130.0,,SKT-4214,1,1,GPNV
30/07/2025,03:40:08,44.88247,-63.51667,141.0,,SKT-4214,1,1,GPNV
30/07/2025,03:40:15,44.88245,-63.51667,150.0,,SKT-4214,1,1,GPNV
30/07/2025,03:40:22,44.88245,-63.51668,152.0,,SKT-4214,1,1,GPNV
30/07/2025,03:40:29,44.88251,-63.51674,147.0,,SKT-4214,1,1,GPNV
30/07/2025,03:40:36,44.88256,-63.51677,146.0,,SKT-4214,1,1,GPNV
30/07/2025,03:40:43,44.88253,-63.51679,141.0,,SKT-4214,1,1,GPNV
30/07/2025,03:40:50,44.88248,-63.5168,135.0,,SKT-4214,1,1,GPNV
30/07/2025,03:40:57,44.88245,-63.51679,134.0,,SKT-4214,1,1,GPNV
30/07/2025,03:41:04,44.88243,-63.51678,132.0,,SKT-4214,1,1,GPNV
30/07/2025,03:41:12,44.88241,-63.51674,132.0,,SKT-4214,1,1,GPNV
30/07/2025,03:41:19,44.88238,-63.51669,135.0,,SKT-4214,1,1,GPNV
30/07/2025,03:41:26,44.88237,-63.51665,133.0,,SKT-4214,1,1,GPNV
30/07/2025,03:41:33,44.88235,-63.51666,128.0,,SKT-4214,1,1,GPNV
30/07/2025,03:41:40,44.88234,-63.5167,118.0,,SKT-4214,1,1,GPNV
30/07/2025,03:41:47,44.88237,-63.51668,114.0,,SKT-4214,1,1,GPNV
30/07/2025,03:41:55,44.88242,-63.51649,138.0,,SKT-4214,1,1,GPNV
30/07/2025,03:42:02,44.88247,-63.51638,151.0,,SKT-4214,1,1,GPNV
30/07/2025,03:42:09,44.88249,-63.5163,160.0,,SKT-4214,1,1,GPNV
30/07/2025,03:42:16,44.8825,-63.51625,167.0,,SKT-4214,1,1,GPNV
30/07/2025,03:42:23,44.88251,-63.5163,166.0,,SKT-4214,1,1,GPNV
30/07/2025,03:42:31,44.88253,-63.5164,160.0,,SKT-4214,1,1,GPNV
30/07/2025,03:42:38,44.88255,-63.51643,163.0,,SKT-4214,1,1,GPNV
30/07/2025,03:42:45,44.88255,-63.51643,180.0,,SKT-4214,1,1,GPNV
30/07/2025,03:42:52,44.88256,-63.51642,194.0,,SKT-4214,1,1,GPNV
30/07/2025,03:42:59,44.88257,-63.5164,203.0,,SKT-4214,1,1,GPNV
30/07/2025,03:43:06,44.88253,-63.51637,209.0,,SKT-4214,1,1,GPNV
30/07/2025,03:43:14,44.88239,-63.51632,197.0,,SKT-4214,1,1,GPNV
30/07/2025,03:43:21,44.88231,-63.5163,190.0,,SKT-4214,1,1,GPNV
30/07/2025,03:43:28,44.88229,-63.51624,187.0,,SKT-4214,1,1,GPNV
30/07/2025,03:43:35,44.88232,-63.51619,180.0,,SKT-4214,1,1,GPNV
30/07/2025,03:43:42,44.88241,-63.51619,160.0,,SKT-4214,1,1,GPNV
30/07/2025,03:43:49,44.88245,-63.5162,153.0,,SKT-4214,1,1,GPNV
30/07/2025,03:43:57,44.88242,-63.51621,164.0,,SKT-4214,1,1,GPNV
30/07/2025,03:44:04,44.88242,-63.51621,176.0,,SKT-4214,1,1,GPNV
30/07/2025,03:44:11,44.88242,-63.51617,191.0,,SKT-4214,1,1,GPNV
30/07/2025,03:44:18,44.88241,-63.51614,205.0,,SKT-4214,1,1,GPNV
30/07/2025,03:44:25,44.88245,-63.51611,211.0,,SKT-4214,1,1,GPNV
30/07/2025,03:44:33,44.88249,-63.51615,204.0,,SKT-4214,1,1,GPNV
30/07/2025,03:44:40,44.88249,-63.51623,192.0,,SKT-4214,1,1,GPNV
30/07/2025,03:44:47,44.88244,-63.51634,181.0,,SKT-4214,1,1,GPNV
30/07/2025,03:44:54,44.88238,-63.51649,167.0,,SKT-4214,1,1,GPNV
30/07/2025,03:45:01,44.88235,-63.5167,144.0,,SKT-4214,1,1,GPNV
30/07/2025,03:45:08,44.88236,-63.51676,135.0,,SKT-4214,1,1,GPNV
30/07/2025,03:45:16,44.8824,-63.51674,127.0,,SKT-4214,1,1,GPNV
30/07/2025,03:45:23,44.88243,-63.5168,105.0,,SKT-4214,1,1,GPNV
30/07/2025,03:45:30,44.88242,-63.51682,86.0,,SKT-4214,1,1,GPNV
30/07/2025,03:45:37,44.88236,-63.51678,73.0,,SKT-4214,1,1,GPNV
30/07/2025,03:45:44,44.88229,-63.51671,66.0,,SKT-4214,1,1,GPNV
30/07/2025,03:45:52,44.88233,-63.51671,81.0,,SKT-4214,1,1,GPNV
30/07/2025,03:45:59,44.8824,-63.5168,96.0,,SKT-4214,1,1,GPNV
30/07/2025,03:46:06,44.88243,-63.51685,106.0,,SKT-4214,1,1,GPNV
30/07/2025,03:46:13,44.88246,-63.51688,103.0,,SKT-4214,1,1,GPNV
30/07/2025,03:46:20,44.8825,-63.51688,101.0,,SKT-4214,1,1,GPNV
30/07/2025,03:46:28,44.88253,-63.51685,100.0,,SKT-4214,1,1,GPNV
30/07/2025,03:46:35,44.88253,-63.51683,100.0,,SKT-4214,1,1,GPNV
30/07/2025,03:46:42,44.88252,-63.5168,108.0,,SKT-4214,1,1,GPNV
30/07/2025,03:46:49,44.8825,-63.51678,114.0,,SKT-4214,1,1,GPNV
30/07/2025,03:46:56,44.88248,-63.51676,114.0,,SKT-4214,1,1,GPNV
30/07/2025,03:47:04,44.88245,-63.51672,115.0,,SKT-4214,1,1,GPNV
30/07/2025,03:47:11,44.8824,-63.51667,118.0,,SKT-4214,1,1,GPNV
30/07/2025,03:47:18,44.88235,-63.51661,121.0,,SKT-4214,1,1,GPNV
30/07/2025,03:47:25,44.88234,-63.51657,132.0,,SKT-4214,1,1,GPNV
30/07/2025,03:47:32,44.88236,-63.51656,143.0,,SKT-4214,1,1,GPNV
30/07/2025,03:47:39,44.88239,-63.51656,145.0,,SKT-4214,1,1,GPNV
30/07/2025,03:47:46,44.88242,-63.51656,149.0,,SKT-4214,1,1,GPNV
30/07/2025,03:47:54,44.88242,-63.51654,150.0,,SKT-4214,1,1,GPNV
30/07/2025,03:48:01,44.88242,-63.51653,151.0,,SKT-4214,1,1,GPNV
30/07/2025,03:48:08,44.88243,-63.51657,148.0,,SKT-4214,1,1,GPNV
30/07/2025,03:48:15,44.88237,-63.51666,134.0,,SKT-4214,1,1,GPNV
30/07/2025,03:48:22,44.88236,-63.51674,129.0,,SKT-4214,1,1,GPNV
30/07/2025,03:48:29,44.88234,-63.51677,132.0,,SKT-4214,1,1,GPNV
30/07/2025,03:48:37,44.88231,-63.51671,144.0,,SKT-4214,1,1,GPNV
30/07/2025,03:48:44,44.8823,-63.51667,152.0,,SKT-4214,1,1,GPNV
30/07/2025,03:48:51,44.88227,-63.51663,147.0,,SKT-4214,1,1,GPNV
30/07/2025,03:48:58,44.88224,-63.5166,140.0,,SKT-4214,1,1,GPNV
30/07/2025,03:49:05,44.88219,-63.51651,134.0,,SKT-4214,1,1,GPNV
30/07/2025,03:49:12,44.88221,-63.51647,139.0,,SKT-4214,1,1,GPNV
30/07/2025,03:49:20,44.88232,-63.51646,162.0,,SKT-4214,1,1,GPNV
30/07/2025,03:49:27,44.88239,-63.51642,179.0,,SKT-4214,1,1,GPNV
30/07/2025,03:49:34,44.88247,-63.51653,172.0,,SKT-4214,1,1,GPNV
30/07/2025,03:49:41,44.88253,-63.5166,159.0,,SKT-4214,1,1,GPNV
30/07/2025,03:49:48,44.88257,-63.51662,158.0,,SKT-4214,1,1,GPNV
30/07/2025,03:49:55,44.88259,-63.51665,159.0,,SKT-4214,1,1,GPNV
30/07/2025,03:50:02,44.8826,-63.51664,159.0,,SKT-4214,1,1,GPNV
30/07/2025,03:50:10,44.88252,-63.51662,139.0,,SKT-4214,1,1,GPNV
30/07/2025,03:50:17,44.88243,-63.51662,116.0,,SKT-4214,1,1,GPNV
30/07/2025,03:50:24,44.8824,-63.51661,105.0,,SKT-4214,1,1,GPNV
30/07/2025,03:50:31,44.8824,-63.51662,108.0,,SKT-4214,1,1,GPNV
30/07/2025,03:50:38,44.8824,-63.51663,109.0,,SKT-4214,1,1,GPNV
30/07/2025,03:50:46,44.88238,-63.51661,118.0,,SKT-4214,1,1,GPNV
30/07/2025,03:50:53,44.88239,-63.51661,124.0,,SKT-4214,1,1,GPNV
30/07/2025,03:51:00,44.88241,-63.51661,129.0,,SKT-4214,1,1,GPNV
30/07/2025,03:51:07,44.88242,-63.51661,131.0,,SKT-4214,1,1,GPNV
30/07/2025,03:51:14,44.88241,-63.51661,130.0,,SKT-4214,1,1,GPNV
30/07/2025,03:51:21,44.8824,-63.5166,126.0,,SKT-4214,1,1,GPNV
30/07/2025,03:51:29,44.88232,-63.51651,130.0,,SKT-4214,1,1,GPNV
30/07/2025,03:51:36,44.88225,-63.51646,133.0,,SKT-4214,1,1,GPNV
30/07/2025,03:51:43,44.88221,-63.51643,132.0,,SKT-4214,1,1,GPNV
30/07/2025,03:51:50,44.88218,-63.51641,137.0,,SKT-4214,1,1,GPNV
30/07/2025,03:51:57,44.88217,-63.51642,138.0,,SKT-4214,1,1,GPNV
30/07/2025,03:52:05,44.88217,-63.51646,137.0,,SKT-4214,1,1,GPNV
30/07/2025,03:52:12,44.88218,-63.51652,134.0,,SKT-4214,1,1,GPNV
30/07/2025,03:52:19,44.8822,-63.51655,132.0,,SKT-4214,1,1,GPNV
30/07/2025,03:52:26,44.8822,-63.51656,138.0,,SKT-4214,1,1,GPNV
30/07/2025,03:52:33,44.8822,-63.51656,146.0,,SKT-4214,1,1,GPNV
30/07/2025,03:52:40,44.88221,-63.51656,152.0,,SKT-4214,1,1,GPNV
30/07/2025,03:52:47,44.88224,-63.51656,150.0,,SKT-4214,1,1,GPNV
30/07/2025,03:52:54,44.88228,-63.51662,143.0,,SKT-4214,1,1,GPNV
30/07/2025,03:53:02,44.88233,-63.51672,133.0,,SKT-4214,1,1,GPNV
30/07/2025,03:53:09,44.88235,-63.51677,126.0,,SKT-4214,1,1,GPNV
30/07/2025,03:53:16,44.88239,-63.5168,117.0,,SKT-4214,1,1,GPNV
30/07/2025,03:53:23,44.88243,-63.51682,118.0,,SKT-4214,1,1,GPNV
30/07/2025,03:53:30,44.88246,-63.5168,124.0,,SKT-4214,1,1,GPNV
30/07/2025,03:53:37,44.88252,-63.51675,130.0,,SKT-4214,1,1,GPNV
30/07/2025,03:53:45,44.88255,-63.51669,140.0,,SKT-4214,1,1,GPNV
30/07/2025,03:53:52,44.88254,-63.51664,147.0,,SKT-4214,1,1,GPNV
30/07/2025,03:53:59,44.88252,-63.51659,149.0,,SKT-4214,1,1,GPNV
30/07/2025,03:54:06,44.88247,-63.51656,150.0,,SKT-4214,1,1,GPNV
30/07/2025,03:54:13,44.88244,-63.51651,151.0,,SKT-4214,1,1,GPNV
30/07/2025,03:54:20,44.88242,-63.51646,150.0,,SKT-4214,1,1,GPNV
30/07/2025,03:54:28,44.88243,-63.51651,145.0,,SKT-4214,1,1,GPNV
30/07/2025,03:54:35,44.8824,-63.51652,143.0,,SKT-4214,1,1,GPNV
30/07/2025,03:54:42,44.88239,-63.51657,144.0,,SKT-4214,1,1,GPNV
30/07/2025,03:54:49,44.88237,-63.51663,146.0,,SKT-4214,1,1,GPNV
30/07/2025,03:54:57,44.88234,-63.5167,143.0,,SKT-4214,1,1,GPNV
30/07/2025,03:55:04,44.88234,-63.51677,139.0,,SKT-4214,1,1,GPNV
30/07/2025,03:55:11,44.88237,-63.51667,137.0,,SKT-4214,1,1,GPNV
30/07/2025,03:55:18,44.88239,-63.51656,135.0,,SKT-4214,1,1,GPNV
30/07/2025,03:55:25,44.8824,-63.51653,132.0,,SKT-4214,1,1,GPNV
30/07/2025,03:55:32,44.8824,-63.51653,133.0,,SKT-4214,1,1,GPNV
30/07/2025,03:55:39,44.88243,-63.51654,133.0,,SKT-4214,1,1,GPNV
30/07/2025,03:55:47,44.8825,-63.51654,128.0,,SKT-4214,1,1,GPNV
30/07/2025,03:55:54,44.88257,-63.51653,119.0,,SKT-4214,1,1,GPNV
30/07/2025,03:56:01,44.88271,-63.51661,98.0,,SKT-4214,1,1,GPNV
30/07/2025,03:56:08,44.88277,-63.51664,84.0,,SKT-4214,1,1,GPNV
30/07/2025,03:56:15,44.88276,-63.51668,82.0,,SKT-4214,1,1,GPNV
30/07/2025,03:56:23,44.8827,-63.51674,87.0,,SKT-4214,1,1,GPNV
30/07/2025,03:56:30,44.88265,-63.51678,96.0,,SKT-4214,1,1,GPNV
30/07/2025,03:56:38,44.88263,-63.5168,93.0,,SKT-4214,1,1,GPNV
30/07/2025,03:56:45,44.88261,-63.51677,101.0,,SKT-4214,1,1,GPNV
30/07/2025,03:56:52,44.88261,-63.51675,109.0,,SKT-4214,1,1,GPNV
30/07/2025,03:56:59,44.88261,-63.51666,113.0,,SKT-4214,1,1,GPNV
30/07/2025,03:57:06,44.88259,-63.51659,121.0,,SKT-4214,1,1,GPNV
30/07/2025,03:57:14,44.88256,-63.51654,130.0,,SKT-4214,1,1,GPNV
30/07/2025,03:57:21,44.88253,-63.51652,134.0,,SKT-4214,1,1,GPNV
30/07/2025,03:57:29,44.88251,-63.51653,136.0,,SKT-4214,1,1,GPNV
30/07/2025,03:57:36,44.8825,-63.51654,138.0,,SKT-4214,1,1,GPNV
30/07/2025,03:57:43,44.88249,-63.51658,137.0,,SKT-4214,1,1,GPNV
30/07/2025,03:57:50,44.88248,-63.51661,137.0,,SKT-4214,1,1,GPNV
30/07/2025,03:57:58,44.88241,-63.51671,132.0,,SKT-4214,1,1,GPNV
30/07/2025,03:58:05,44.88239,-63.51683,127.0,,SKT-4214,1,1,GPNV
30/07/2025,03:58:12,44.8824,-63.51698,129.0,,SKT-4214,1,1,GPNV
30/07/2025,03:58:19,44.88242,-63.51712,123.0,,SKT-4214,1,1,GPNV
30/07/2025,03:58:26,44.88243,-63.5172,103.0,,SKT-4214,1,1,GPNV
30/07/2025,03:58:33,44.88249,-63.51714,92.0,,SKT-4214,1,1,GPNV
30/07/2025,03:58:41,44.88256,-63.51697,104.0,,SKT-4214,1,1,GPNV
30/07/2025,03:58:48,44.88259,-63.51683,115.0,,SKT-4214,1,1,GPNV
30/07/2025,03:58:55,44.88259,-63.51672,122.0,,SKT-4214,1,1,GPNV
30/07/2025,03:59:02,44.88256,-63.51661,126.0,,SKT-4214,1,1,GPNV
30/07/2025,03:59:09,44.88252,-63.51648,128.0,,SKT-4214,1,1,GPNV
30/07/2025,03:59:16,44.8825,-63.51641,119.0,,SKT-4214,1,1,GPNV
30/07/2025,03:59:23,44.88249,-63.51638,110.0,,SKT-4214,1,1,GPNV
30/07/2025,03:59:31,44.8825,-63.51645,97.0,,SKT-4214,1,1,GPNV
30/07/2025,03:59:38,44.8825,-63.51651,92.0,,SKT-4214,1,1,GPNV
30/07/2025,03:59:45,44.88247,-63.51655,96.0,,SKT-4214,1,1,GPNV
30/07/2025,03:59:52,44.88242,-63.51661,99.0,,SKT-4214,1,1,GPNV
30/07/2025,03:59:59,44.88239,-63.51669,95.0,,SKT-4214,1,1,GPNV
30/07/2025,04:00:06,44.88239,-63.51674,92.0,,SKT-4214,1,1,GPNV
30/07/2025,04:00:14,44.8824,-63.51669,91.0,,SKT-4214,1,1,GPNV
30/07/2025,04:00:21,44.88239,-63.51661,94.0,,SKT-4214,1,1,GPNV
30/07/2025,04:00:28,44.88235,-63.51655,98.0,,SKT-4214,1,1,GPNV
30/07/2025,04:00:35,44.88233,-63.51655,101.0,,SKT-4214,1,1,GPNV
30/07/2025,04:00:42,44.88232,-63.51661,100.0,,SKT-4214,1,1,GPNV
30/07/2025,04:00:50,44.88231,-63.51663,102.0,,SKT-4214,1,1,GPNV
30/07/2025,04:00:57,44.88229,-63.51657,110.0,,SKT-4214,1,1,GPNV
30/07/2025,04:01:04,44.88231,-63.51645,120.0,,SKT-4214,1,1,GPNV
30/07/2025,04:01:11,44.88232,-63.51637,129.0,,SKT-4214,1,1,GPNV
30/07/2025,04:01:18,44.88231,-63.51628,142.0,,SKT-4214,1,1,GPNV
30/07/2025,04:01:25,44.88228,-63.51623,150.0,,SKT-4214,1,1,GPNV
30/07/2025,04:01:32,44.88227,-63.51617,158.0,,SKT-4214,1,1,GPNV
30/07/2025,04:01:40,44.88228,-63.5162,159.0,,SKT-4214,1,1,GPNV
30/07/2025,04:01:47,44.88228,-63.5162,158.0,,SKT-4214,1,1,GPNV
30/07/2025,04:01:54,44.88229,-63.51617,160.0,,SKT-4214,1,1,GPNV
30/07/2025,04:02:01,44.8823,-63.51618,156.0,,SKT-4214,1,1,GPNV
30/07/2025,04:02:08,44.88231,-63.51623,141.0,,SKT-4214,1,1,GPNV
30/07/2025,04:02:16,44.88232,-63.51628,129.0,,SKT-4214,1,1,GPNV
30/07/2025,04:02:23,44.88234,-63.51627,126.0,,SKT-4214,1,1,GPNV
30/07/2025,04:02:30,44.88232,-63.51623,131.0,,SKT-4214,1,1,GPNV
30/07/2025,04:02:37,44.88227,-63.51622,141.0,,SKT-4214,1,1,GPNV
30/07/2025,04:02:44,44.88226,-63.51627,144.0,,SKT-4214,1,1,GPNV
30/07/2025,04:02:51,44.88225,-63.51633,139.0,,SKT-4214,1,1,GPNV
30/07/2025,04:02:59,44.88226,-63.51643,130.0,,SKT-4214,1,1,GPNV
30/07/2025,04:03:06,44.88227,-63.51649,125.0,,SKT-4214,1,1,GPNV
30/07/2025,04:03:13,44.88229,-63.51653,123.0,,SKT-4214,1,1,GPNV
30/07/2025,04:03:20,44.88233,-63.51653,102.0,,SKT-4214,1,1,GPNV
30/07/2025,04:03:27,44.88232,-63.51649,109.0,,SKT-4214,1,1,GPNV
30/07/2025,04:03:34,44.88235,-63.5165,92.0,,SKT-4214,1,1,GPNV
30/07/2025,04:03:42,44.8824,-63.51655,69.0,,SKT-4214,1,1,GPNV
30/07/2025,04:03:49,44.88244,-63.51659,65.0,,SKT-4214,1,1,GPNV
30/07/2025,04:03:56,44.88246,-63.51659,69.0,,SKT-4214,1,1,GPNV
30/07/2025,04:04:04,44.88245,-63.51658,77.0,,SKT-4214,1,1,GPNV
30/07/2025,04:04:11,44.88243,-63.51656,89.0,,SKT-4214,1,1,GPNV
30/07/2025,04:04:18,44.8824,-63.51652,102.0,,SKT-4214,1,1,GPNV
30/07/2025,04:04:25,44.88235,-63.51648,116.0,,SKT-4214,1,1,GPNV
30/07/2025,04:04:32,44.88232,-63.51638,124.0,,SKT-4214,1,1,GPNV
30/07/2025,04:04:39,44.88235,-63.51636,119.0,,SKT-4214,1,1,GPNV
30/07/2025,04:04:47,44.8824,-63.51652,110.0,,SKT-4214,1,1,GPNV
30/07/2025,04:04:54,44.8824,-63.51655,113.0,,SKT-4214,1,1,GPNV
30/07/2025,04:05:01,44.88242,-63.51667,99.0,,SKT-4214,1,1,GPNV
30/07/2025,04:05:08,44.88241,-63.51679,83.0,,SKT-4214,1,1,GPNV
30/07/2025,04:05:15,44.8824,-63.51691,57.0,,SKT-4214,1,1,GPNV
30/07/2025,04:05:22,44.8824,-63.51703,30.0,,SKT-4214,1,1,GPNV
30/07/2025,04:05:29,44.88237,-63.51709,25.0,,SKT-4214,1,1,GPNV
30/07/2025,04:05:37,44.88235,-63.51712,22.0,,SKT-4214,1,1,GPNV
30/07/2025,04:05:44,44.88234,-63.51709,25.0,,SKT-4214,1,1,GPNV
30/07/2025,04:05:51,44.88233,-63.5171,26.0,,SKT-4214,1,1,GPNV
30/07/2025,04:05:58,44.88231,-63.51711,30.0,,SKT-4214,1,1,GPNV
30/07/2025,04:06:05,44.88231,-63.51707,36.0,,SKT-4214,1,1,GPNV
30/07/2025,04:06:12,44.88231,-63.51707,31.0,,SKT-4214,1,1,GPNV
30/07/2025,04:06:19,44.8823,-63.51715,13.0,,SKT-4214,1,1,GPNV
30/07/2025,04:06:27,44.88231,-63.51718,-1.0,,SKT-4214,1,1,GPNV
30/07/2025,04:06:34,44.88229,-63.51719,-1.0,,SKT-4214,1,1,GPNV
30/07/2025,04:06:42,44.88227,-63.51705,16.0,,SKT-4214,1,1,GPNV
30/07/2025,04:06:49,44.8823,-63.5169,42.0,,SKT-4214,1,1,GPNV
30/07/2025,04:06:57,44.88231,-63.51677,71.0,,SKT-4214,1,1,GPNV
30/07/2025,04:07:04,44.88231,-63.51675,81.0,,SKT-4214,1,1,GPNV
30/07/2025,04:07:12,44.88234,-63.51682,76.0,,SKT-4214,1,1,GPNV
30/07/2025,04:07:19,44.88237,-63.51686,75.0,,SKT-4214,1,1,GPNV
30/07/2025,04:07:26,44.88238,-63.51689,78.0,,SKT-4214,1,1,GPNV
30/07/2025,04:07:33,44.88239,-63.51691,80.0,,SKT-4214,1,1,GPNV
30/07/2025,04:07:40,44.88237,-63.51689,80.0,,SKT-4214,1,1,GPNV
30/07/2025,04:07:47,44.88237,-63.51684,75.0,,SKT-4214,1,1,GPNV
30/07/2025,04:07:55,44.88236,-63.5168,73.0,,SKT-4214,1,1,GPNV
30/07/2025,04:08:02,44.88235,-63.51683,67.0,,SKT-4214,1,1,GPNV
30/07/2025,04:08:09,44.88234,-63.51682,62.0,,SKT-4214,1,1,GPNV
30/07/2025,04:08:16,44.88231,-63.51682,61.0,,SKT-4214,1,1,GPNV
30/07/2025,04:08:23,44.8823,-63.51681,66.0,,SKT-4214,1,1,GPNV
30/07/2025,04:08:30,44.88229,-63.51677,72.0,,SKT-4214,1,1,GPNV
30/07/2025,04:08:37,44.88228,-63.51676,83.0,,SKT-4214,1,1,GPNV
30/07/2025,04:08:45,44.88228,-63.51678,85.0,,SKT-4214,1,1,GPNV
30/07/2025,04:08:52,44.88229,-63.51676,85.0,,SKT-4214,1,1,GPNV
30/07/2025,04:08:59,44.88229,-63.51674,81.0,,SKT-4214,1,1,GPNV
30/07/2025,04:09:06,44.88231,-63.51671,74.0,,SKT-4214,1,1,GPNV
30/07/2025,04:09:13,44.88235,-63.51669,64.0,,SKT-4214,1,1,GPNV
30/07/2025,04:09:20,44.88238,-63.51667,59.0,,SKT-4214,1,1,GPNV
30/07/2025,04:09:28,44.8824,-63.51664,59.0,,SKT-4214,1,1,GPNV
30/07/2025,04:09:35,44.8824,-63.5166,59.0,,SKT-4214,1,1,GPNV
30/07/2025,04:09:42,44.88243,-63.51661,57.0,,SKT-4214,1,1,GPNV
30/07/2025,04:09:49,44.88252,-63.5167,45.0,,SKT-4214,1,1,GPNV
30/07/2025,04:09:56,44.88258,-63.51674,37.0,,SKT-4214,1,1,GPNV
30/07/2025,04:10:03,44.88257,-63.5167,34.0,,SKT-4214,1,1,GPNV
30/07/2025,04:10:10,44.88255,-63.51661,38.0,,SKT-4214,1,1,GPNV
30/07/2025,04:10:18,44.88255,-63.51657,46.0,,SKT-4214,1,1,GPNV
30/07/2025,04:10:25,44.88253,-63.51654,56.0,,SKT-4214,1,1,GPNV
30/07/2025,04:10:32,44.88253,-63.51653,62.0,,SKT-4214,1,1,GPNV
30/07/2025,04:10:39,44.88255,-63.51655,64.0,,SKT-4214,1,1,GPNV
30/07/2025,04:10:46,44.88258,-63.51661,61.0,,SKT-4214,1,1,GPNV
30/07/2025,04:10:53,44.88263,-63.51668,52.0,,SKT-4214,1,1,GPNV
30/07/2025,04:11:01,44.88261,-63.51677,42.0,,SKT-4214,1,1,GPNV
30/07/2025,04:11:08,44.88249,-63.51678,43.0,,SKT-4214,1,1,GPNV
30/07/2025,04:11:15,44.88239,-63.51677,47.0,,SKT-4214,1,1,GPNV
30/07/2025,04:11:22,44.88232,-63.51678,53.0,,SKT-4214,1,1,GPNV
30/07/2025,04:11:29,44.88229,-63.51688,64.0,,SKT-4214,1,1,GPNV
30/07/2025,04:11:36,44.88224,-63.51694,80.0,,SKT-4214,1,1,GPNV
30/07/2025,04:11:43,44.88221,-63.51698,95.0,,SKT-4214,1,1,GPNV
30/07/2025,04:11:51,44.88217,-63.517,106.0,,SKT-4214,1,1,GPNV
30/07/2025,04:11:58,44.88214,-63.51698,112.0,,SKT-4214,1,1,GPNV
30/07/2025,04:12:05,44.88209,-63.51697,115.0,,SKT-4214,1,1,GPNV
30/07/2025,04:12:12,44.88206,-63.51698,116.0,,SKT-4214,1,1,GPNV
30/07/2025,04:12:19,44.88205,-63.51698,116.0,,SKT-4214,1,1,GPNV
30/07/2025,04:12:26,44.88206,-63.51692,114.0,,SKT-4214,1,1,GPNV
30/07/2025,04:12:34,44.88208,-63.5167,117.0,,SKT-4214,1,1,GPNV
30/07/2025,04:12:41,44.88209,-63.51661,120.0,,SKT-4214,1,1,GPNV
30/07/2025,04:12:48,44.88209,-63.5166,120.0,,SKT-4214,1,1,GPNV
30/07/2025,04:12:55,44.88211,-63.51662,119.0,,SKT-4214,1,1,GPNV
30/07/2025,04:13:02,44.8821,-63.51653,126.0,,SKT-4214,1,1,GPNV
30/07/2025,04:13:10,44.88208,-63.51641,130.0,,SKT-4214,1,1,GPNV
30/07/2025,04:13:17,44.88208,-63.51631,140.0,,SKT-4214,1,1,GPNV
30/07/2025,04:13:24,44.88219,-63.5164,150.0,,SKT-4214,1,1,GPNV
30/07/2025,04:13:31,44.8823,-63.51648,163.0,,SKT-4214,1,1,GPNV
30/07/2025,04:13:38,44.88241,-63.5166,167.0,,SKT-4214,1,1,GPNV
30/07/2025,04:13:45,44.8825,-63.51668,165.0,,SKT-4214,1,1,GPNV
30/07/2025,04:13:52,44.88256,-63.51669,145.0,,SKT-4214,1,1,GPNV
30/07/2025,04:14:00,44.88265,-63.51677,114.0,,SKT-4214,1,1,GPNV
30/07/2025,04:14:08,44.8826,-63.51671,95.0,,SKT-4214,1,1,GPNV
30/07/2025,04:14:15,44.88263,-63.51676,75.0,,SKT-4214,1,1,GPNV
30/07/2025,04:14:22,44.88264,-63.51675,67.0,,SKT-4214,1,1,GPNV
30/07/2025,04:14:29,44.88268,-63.51671,60.0,,SKT-4214,1,1,GPNV
30/07/2025,04:14:36,44.88269,-63.51668,57.0,,SKT-4214,1,1,GPNV
30/07/2025,04:14:43,44.88271,-63.51663,59.0,,SKT-4214,1,1,GPNV
30/07/2025,04:14:50,44.88274,-63.51662,61.0,,SKT-4214,1,1,GPNV
30/07/2025,04:14:58,44.88275,-63.51662,61.0,,SKT-4214,1,1,GPNV
30/07/2025,04:15:05,44.88273,-63.51661,65.0,,SKT-4214,1,1,GPNV
30/07/2025,04:15:12,44.88271,-63.51662,67.0,,SKT-4214,1,1,GPNV
30/07/2025,04:15:19,44.88263,-63.51658,75.0,,SKT-4214,1,1,GPNV
30/07/2025,04:15:26,44.88256,-63.51656,84.0,,SKT-4214,1,1,GPNV
30/07/2025,04:15:34,44.88251,-63.51657,90.0,,SKT-4214,1,1,GPNV
30/07/2025,04:15:41,44.88247,-63.51654,93.0,,SKT-4214,1,1,GPNV
30/07/2025,04:15:48,44.88249,-63.51659,88.0,,SKT-4214,1,1,GPNV
30/07/2025,04:15:55,44.88256,-63.5167,80.0,,SKT-4214,1,1,GPNV
30/07/2025,04:16:02,44.88262,-63.51677,68.0,,SKT-4214,1,1,GPNV
30/07/2025,04:16:09,44.88264,-63.51677,57.0,,SKT-4214,1,1,GPNV
30/07/2025,04:16:16,44.8826,-63.51672,59.0,,SKT-4214,1,1,GPNV
30/07/2025,04:16:24,44.88255,-63.51669,69.0,,SKT-4214,1,1,GPNV
30/07/2025,04:16:31,44.8825,-63.51668,76.0,,SKT-4214,1,1,GPNV
30/07/2025,04:16:38,44.88248,-63.51667,83.0,,SKT-4214,1,1,GPNV
30/07/2025,04:16:45,44.88245,-63.51665,92.0,,SKT-4214,1,1,GPNV
30/07/2025,04:16:52,44.88242,-63.51661,102.0,,SKT-4214,1,1,GPNV
30/07/2025,04:16:59,44.8824,-63.51659,110.0,,SKT-4214,1,1,GPNV
30/07/2025,04:17:06,44.88239,-63.51657,114.0,,SKT-4214,1,1,GPNV
30/07/2025,04:17:14,44.88236,-63.51654,126.0,,SKT-4214,1,1,GPNV
30/07/2025,04:17:21,44.88236,-63.51654,129.0,,SKT-4214,1,1,GPNV
30/07/2025,04:17:29,44.88237,-63.51656,128.0,,SKT-4214,1,1,GPNV
30/07/2025,04:17:36,44.88239,-63.5166,125.0,,SKT-4214,1,1,GPNV
30/07/2025,04:17:43,44.8824,-63.51664,122.0,,SKT-4214,1,1,GPNV
30/07/2025,04:17:50,44.88243,-63.51672,114.0,,SKT-4214,1,1,GPNV
30/07/2025,04:17:57,44.88247,-63.51678,112.0,,SKT-4214,1,1,GPNV
30/07/2025,04:18:04,44.88247,-63.51683,113.0,,SKT-4214,1,1,GPNV
30/07/2025,04:18:12,44.88246,-63.51688,114.0,,SKT-4214,1,1,GPNV
30/07/2025,04:18:19,44.88247,-63.51694,106.0,,SKT-4214,1,1,GPNV
30/07/2025,04:18:26,44.88248,-63.51699,101.0,,SKT-4214,1,1,GPNV
30/07/2025,04:18:33,44.88252,-63.51705,90.0,,SKT-4214,1,1,GPNV
30/07/2025,04:18:40,44.88257,-63.5171,78.0,,SKT-4214,1,1,GPNV
30/07/2025,04:18:47,44.88262,-63.51714,63.0,,SKT-4214,1,1,GPNV
30/07/2025,04:18:54,44.88265,-63.51719,55.0,,SKT-4214,1,1,GPNV
30/07/2025,04:19:01,44.88265,-63.51723,58.0,,SKT-4214,1,1,GPNV
30/07/2025,04:19:09,44.88265,-63.5173,68.0,,SKT-4214,1,1,GPNV
30/07/2025,04:19:16,44.88259,-63.51725,103.0,,SKT-4214,1,1,GPNV
30/07/2025,04:19:23,44.88258,-63.51717,122.0,,SKT-4214,1,1,GPNV
30/07/2025,04:19:30,44.88266,-63.51716,117.0,,SKT-4214,1,1,GPNV
30/07/2025,04:19:37,44.88271,-63.51712,106.0,,SKT-4214,1,1,GPNV
30/07/2025,04:19:44,44.88271,-63.51705,99.0,,SKT-4214,1,1,GPNV
30/07/2025,04:19:52,44.88267,-63.51694,100.0,,SKT-4214,1,1,GPNV
30/07/2025,04:19:59,44.88268,-63.51686,92.0,,SKT-4214,1,1,GPNV
30/07/2025,04:20:06,44.88271,-63.51686,77.0,,SKT-4214,1,1,GPNV
30/07/2025,04:20:13,44.88272,-63.51686,67.0,,SKT-4214,1,1,GPNV
30/07/2025,04:20:20,44.88272,-63.51679,64.0,,SKT-4214,1,1,GPNV
30/07/2025,04:20:28,44.88269,-63.51668,67.0,,SKT-4214,1,1,GPNV
30/07/2025,04:20:35,44.88269,-63.51662,63.0,,SKT-4214,1,1,GPNV
30/07/2025,04:20:42,44.8827,-63.51661,58.0,,SKT-4214,1,1,GPNV
30/07/2025,04:20:49,44.88274,-63.51664,44.0,,SKT-4214,1,1,GPNV
30/07/2025,04:20:56,44.88279,-63.51668,25.0,,SKT-4214,1,1,GPNV
30/07/2025,04:21:03,44.88284,-63.51674,12.0,,SKT-4214,1,1,GPNV
30/07/2025,04:21:10,44.88287,-63.51675,9.0,,SKT-4214,1,1,GPNV
30/07/2025,04:21:18,44.88289,-63.51677,11.0,,SKT-4214,1,1,GPNV
30/07/2025,04:21:25,44.88289,-63.51679,14.0,,SKT-4214,1,1,GPNV
30/07/2025,04:21:32,44.88287,-63.51685,20.0,,SKT-4214,1,1,GPNV
30/07/2025,04:21:39,44.8827,-63.51682,48.0,,SKT-4214,1,1,GPNV
30/07/2025,04:21:46,44.8826,-63.51679,60.0,,SKT-4214,1,1,GPNV
30/07/2025,04:21:53,44.88261,-63.51689,63.0,,SKT-4214,1,1,GPNV
30/07/2025,04:22:01,44.88267,-63.51688,68.0,,SKT-4214,1,1,GPNV
30/07/2025,04:22:08,44.88268,-63.51688,68.0,,SKT-4214,1,1,GPNV
30/07/2025,04:22:15,44.88266,-63.51689,73.0,,SKT-4214,1,1,GPNV
30/07/2025,04:22:22,44.88266,-63.51691,77.0,,SKT-4214,1,1,GPNV
30/07/2025,04:22:29,44.88264,-63.51694,81.0,,SKT-4214,1,1,GPNV
30/07/2025,04:22:36,44.88262,-63.51697,81.0,,SKT-4214,1,1,GPNV
30/07/2025,04:22:43,44.88258,-63.517,78.0,,SKT-4214,1,1,GPNV
30/07/2025,04:22:50,44.88257,-63.51701,71.0,,SKT-4214,1,1,GPNV
30/07/2025,04:22:58,44.88257,-63.51704,76.0,,SKT-4214,1,1,GPNV
30/07/2025,04:23:05,44.88255,-63.51706,82.0,,SKT-4214,1,1,GPNV
30/07/2025,04:23:12,44.88255,-63.51706,80.0,,SKT-4214,1,1,GPNV
30/07/2025,04:23:19,44.88254,-63.51705,81.0,,SKT-4214,1,1,GPNV
30/07/2025,04:23:26,44.88251,-63.51702,94.0,,SKT-4214,1,1,GPNV
30/07/2025,04:23:33,44.88249,-63.51699,102.0,,SKT-4214,1,1,GPNV
30/07/2025,04:23:41,44.88248,-63.51696,108.0,,SKT-4214,1,1,GPNV
30/07/2025,04:23:48,44.88248,-63.51695,108.0,,SKT-4214,1,1,GPNV
30/07/2025,04:23:55,44.88248,-63.51698,109.0,,SKT-4214,1,1,GPNV
30/07/2025,04:24:02,44.88249,-63.517,110.0,,SKT-4214,1,1,GPNV
30/07/2025,04:24:09,44.88252,-63.51703,103.0,,SKT-4214,1,1,GPNV
30/07/2025,04:24:16,44.88254,-63.51706,98.0,,SKT-4214,1,1,GPNV
30/07/2025,04:24:23,44.88255,-63.51704,103.0,,SKT-4214,1,1,GPNV
30/07/2025,04:24:31,44.88259,-63.51703,117.0,,SKT-4214,1,1,GPNV
30/07/2025,04:24:38,44.88263,-63.51701,113.0,,SKT-4214,1,1,GPNV
30/07/2025,04:24:45,44.88267,-63.517,99.0,,SKT-4214,1,1,GPNV
30/07/2025,04:24:52,44.88271,-63.51698,87.0,,SKT-4214,1,1,GPNV
30/07/2025,04:24:59,44.88275,-63.51699,76.0,,SKT-4214,1,1,GPNV
30/07/2025,04:25:07,44.88279,-63.51702,65.0,,SKT-4214,1,1,GPNV
30/07/2025,04:25:14,44.8828,-63.51706,53.0,,SKT-4214,1,1,GPNV
30/07/2025,04:25:21,44.88278,-63.51706,48.0,,SKT-4214,1,1,GPNV
30/07/2025,04:25:28,44.88273,-63.51705,52.0,,SKT-4214,1,1,GPNV
30/07/2025,04:25:35,44.88267,-63.51703,60.0,,SKT-4214,1,1,GPNV
30/07/2025,04:25:42,44.88263,-63.51706,67.0,,SKT-4214,1,1,GPNV
30/07/2025,04:25:49,44.88255,-63.51702,82.0,,SKT-4214,1,1,GPNV
30/07/2025,04:25:57,44.88247,-63.5169,95.0,,SKT-4214,1,1,GPNV
30/07/2025,04:26:04,44.88244,-63.51683,101.0,,SKT-4214,1,1,GPNV
30/07/2025,04:26:11,44.88244,-63.51684,100.0,,SKT-4214,1,1,GPNV
30/07/2025,04:26:18,44.88244,-63.51685,101.0,,SKT-4214,1,1,GPNV
30/07/2025,04:26:25,44.88244,-63.51686,97.0,,SKT-4214,1,1,GPNV
30/07/2025,04:26:32,44.88243,-63.51684,88.0,,SKT-4214,1,1,GPNV
30/07/2025,04:26:40,44.88242,-63.51682,81.0,,SKT-4214,1,1,GPNV
30/07/2025,04:26:47,44.88241,-63.51678,85.0,,SKT-4214,1,1,GPNV
30/07/2025,04:26:54,44.88243,-63.5168,89.0,,SKT-4214,1,1,GPNV
30/07/2025,04:27:01,44.88247,-63.51681,92.0,,SKT-4214,1,1,GPNV
30/07/2025,04:27:08,44.88252,-63.5168,88.0,,SKT-4214,1,1,GPNV
30/07/2025,04:27:15,44.88255,-63.51685,85.0,,SKT-4214,1,1,GPNV
30/07/2025,04:27:22,44.88262,-63.51686,79.0,,SKT-4214,1,1,GPNV
30/07/2025,04:27:30,44.88269,-63.51683,79.0,,SKT-4214,1,1,GPNV
30/07/2025,04:27:37,44.88272,-63.51683,77.0,,SKT-4214,1,1,GPNV
30/07/2025,04:27:44,44.88274,-63.51684,77.0,,SKT-4214,1,1,GPNV
30/07/2025,04:27:51,44.88274,-63.51683,81.0,,SKT-4214,1,1,GPNV
30/07/2025,04:27:59,44.8827,-63.51681,92.0,,SKT-4214,1,1,GPNV
30/07/2025,04:28:06,44.8827,-63.5168,94.0,,SKT-4214,1,1,GPNV
30/07/2025,04:28:13,44.88271,-63.51682,95.0,,SKT-4214,1,1,GPNV
30/07/2025,04:28:20,44.8827,-63.51683,102.0,,SKT-4214,1,1,GPNV
30/07/2025,04:28:27,44.88271,-63.51685,107.0,,SKT-4214,1,1,GPNV
30/07/2025,04:28:34,44.8827,-63.51686,111.0,,SKT-4214,1,1,GPNV
30/07/2025,04:28:42,44.88268,-63.51685,120.0,,SKT-4214,1,1,GPNV
30/07/2025,04:28:49,44.88267,-63.51684,127.0,,SKT-4214,1,1,GPNV
30/07/2025,04:28:56,44.88265,-63.51684,137.0,,SKT-4214,1,1,GPNV
30/07/2025,04:29:03,44.88264,-63.51683,140.0,,SKT-4214,1,1,GPNV
30/07/2025,04:29:10,44.88263,-63.51683,147.0,,SKT-4214,1,1,GPNV
30/07/2025,04:29:17,44.8826,-63.51678,152.0,,SKT-4214,1,1,GPNV
30/07/2025,04:29:24,44.88256,-63.51679,150.0,,SKT-4214,1,1,GPNV
30/07/2025,04:29:32,44.88251,-63.51683,143.0,,SKT-4214,1,1,GPNV
30/07/2025,04:29:39,44.88246,-63.51689,144.0,,SKT-4214,1,1,GPNV
30/07/2025,04:29:46,44.88244,-63.51693,142.0,,SKT-4214,1,1,GPNV
30/07/2025,04:29:53,44.88244,-63.51698,141.0,,SKT-4214,1,1,GPNV
30/07/2025,04:30:00,44.88245,-63.51701,142.0,,SKT-4214,1,1,GPNV
30/07/2025,04:30:07,44.88244,-63.51702,146.0,,SKT-4214,1,1,GPNV
30/07/2025,04:30:14,44.88243,-63.51704,146.0,,SKT-4214,1,1,GPNV
30/07/2025,04:30:21,44.88243,-63.51704,145.0,,SKT-4214,1,1,GPNV
30/07/2025,04:30:29,44.88242,-63.51707,142.0,,SKT-4214,1,1,GPNV
30/07/2025,04:30:36,44.88242,-63.51704,144.0,,SKT-4214,1,1,GPNV
30/07/2025,04:30:43,44.88242,-63.51705,138.0,,SKT-4214,1,1,GPNV
30/07/2025,04:30:51,44.88242,-63.51701,135.0,,SKT-4214,1,1,GPNV
30/07/2025,04:30:58,44.88241,-63.51702,133.0,,SKT-4214,1,1,GPNV
30/07/2025,04:31:05,44.8824,-63.51697,127.0,,SKT-4214,1,1,GPNV
30/07/2025,04:31:12,44.88244,-63.51698,119.0,,SKT-4214,1,1,GPNV
30/07/2025,04:31:19,44.88245,-63.51699,121.0,,SKT-4214,1,1,GPNV
30/07/2025,04:31:26,44.88245,-63.51697,128.0,,SKT-4214,1,1,GPNV
30/07/2025,04:31:33,44.88239,-63.51686,140.0,,SKT-4214,1,1,GPNV
30/07/2025,04:31:40,44.88239,-63.51683,142.0,,SKT-4214,1,1,GPNV
30/07/2025,04:31:48,44.88241,-63.51686,136.0,,SKT-4214,1,1,GPNV
30/07/2025,04:31:55,44.88243,-63.51688,129.0,,SKT-4214,1,1,GPNV
30/07/2025,04:32:02,44.88247,-63.51693,118.0,,SKT-4214,1,1,GPNV
30/07/2025,04:32:09,44.8825,-63.51695,109.0,,SKT-4214,1,1,GPNV
30/07/2025,04:32:16,44.88252,-63.51694,106.0,,SKT-4214,1,1,GPNV
30/07/2025,04:32:23,44.88251,-63.51693,102.0,,SKT-4214,1,1,GPNV
30/07/2025,04:32:31,44.88253,-63.51695,95.0,,SKT-4214,1,1,GPNV
30/07/2025,04:32:38,44.88258,-63.51699,85.0,,SKT-4214,1,1,GPNV
30/07/2025,04:32:45,44.88263,-63.51701,85.0,,SKT-4214,1,1,GPNV
30/07/2025,04:32:52,44.88267,-63.51704,82.0,,SKT-4214,1,1,GPNV
30/07/2025,04:32:59,44.88269,-63.51709,73.0,,SKT-4214,1,1,GPNV
30/07/2025,04:33:06,44.88272,-63.51712,68.0,,SKT-4214,1,1,GPNV
30/07/2025,04:33:14,44.88276,-63.51708,69.0,,SKT-4214,1,1,GPNV
30/07/2025,04:33:21,44.88276,-63.51709,71.0,,SKT-4214,1,1,GPNV
30/07/2025,04:33:28,44.88278,-63.51704,70.0,,SKT-4214,1,1,GPNV
30/07/2025,04:33:35,44.8828,-63.51701,71.0,,SKT-4214,1,1,GPNV
30/07/2025,04:33:42,44.88286,-63.51695,74.0,,SKT-4214,1,1,GPNV
30/07/2025,04:33:49,44.88289,-63.51696,80.0,,SKT-4214,1,1,GPNV
30/07/2025,04:33:57,44.88291,-63.517,84.0,,SKT-4214,1,1,GPNV
30/07/2025,04:34:04,44.88293,-63.51704,84.0,,SKT-4214,1,1,GPNV
30/07/2025,04:34:11,44.88293,-63.51708,81.0,,SKT-4214,1,1,GPNV
30/07/2025,04:34:18,44.88291,-63.51708,77.0,,SKT-4214,1,1,GPNV
30/07/2025,04:34:25,44.88288,-63.51711,74.0,,SKT-4214,1,1,GPNV
30/07/2025,04:34:32,44.88284,-63.51717,65.0,,SKT-4214,1,1,GPNV
30/07/2025,04:34:40,44.88283,-63.5172,61.0,,SKT-4214,1,1,GPNV
30/07/2025,04:34:47,44.88284,-63.51722,63.0,,SKT-4214,1,1,GPNV
30/07/2025,04:34:54,44.88284,-63.51723,71.0,,SKT-4214,1,1,GPNV
30/07/2025,04:35:01,44.88282,-63.51727,84.0,,SKT-4214,1,1,GPNV
30/07/2025,04:35:08,44.8828,-63.51727,99.0,,SKT-4214,1,1,GPNV
30/07/2025,04:35:15,44.88277,-63.51727,102.0,,SKT-4214,1,1,GPNV
30/07/2025,04:35:22,44.88277,-63.51724,101.0,,SKT-4214,1,1,GPNV
30/07/2025,04:35:30,44.88274,-63.51724,108.0,,SKT-4214,1,1,GPNV
30/07/2025,04:35:37,44.88268,-63.51727,110.0,,SKT-4214,1,1,GPNV
30/07/2025,04:35:44,44.88269,-63.51724,98.0,,SKT-4214,1,1,GPNV
30/07/2025,04:35:51,44.88273,-63.51721,78.0,,SKT-4214,1,1,GPNV
30/07/2025,04:35:58,44.88276,-63.51715,71.0,,SKT-4214,1,1,GPNV
30/07/2025,04:36:05,44.88277,-63.51704,72.0,,SKT-4214,1,1,GPNV
30/07/2025,04:36:12,44.88274,-63.51694,82.0,,SKT-4214,1,1,GPNV
30/07/2025,04:36:20,44.88272,-63.51684,91.0,,SKT-4214,1,1,GPNV
30/07/2025,04:36:27,44.88266,-63.51693,115.0,,SKT-4214,1,1,GPNV
30/07/2025,04:36:34,44.88263,-63.517,128.0,,SKT-4214,1,1,GPNV
30/07/2025,04:36:41,44.88268,-63.51692,117.0,,SKT-4214,1,1,GPNV
30/07/2025,04:36:48,44.88273,-63.51685,102.0,,SKT-4214,1,1,GPNV
30/07/2025,04:36:55,44.88279,-63.51681,91.0,,SKT-4214,1,1,GPNV
30/07/2025,04:37:02,44.8828,-63.51678,89.0,,SKT-4214,1,1,GPNV
30/07/2025,04:37:10,44.88272,-63.51676,86.0,,SKT-4214,1,1,GPNV
30/07/2025,04:37:17,44.88265,-63.51675,88.0,,SKT-4214,1,1,GPNV
30/07/2025,04:37:24,44.88258,-63.51675,92.0,,SKT-4214,1,1,GPNV
30/07/2025,04:37:31,44.88257,-63.51675,99.0,,SKT-4214,1,1,GPNV
30/07/2025,04:37:38,44.88263,-63.51674,101.0,,SKT-4214,1,1,GPNV
30/07/2025,04:37:45,44.88268,-63.51678,99.0,,SKT-4214,1,1,GPNV
30/07/2025,04:37:53,44.8827,-63.51684,92.0,,SKT-4214,1,1,GPNV
30/07/2025,04:38:00,44.88273,-63.5169,87.0,,SKT-4214,1,1,GPNV
30/07/2025,04:38:07,44.88275,-63.51693,83.0,,SKT-4214,1,1,GPNV
30/07/2025,04:38:14,44.88277,-63.51696,81.0,,SKT-4214,1,1,GPNV
30/07/2025,04:38:21,44.88283,-63.51698,82.0,,SKT-4214,1,1,GPNV
30/07/2025,04:38:28,44.88289,-63.517,84.0,,SKT-4214,1,1,GPNV
30/07/2025,04:38:35,44.88293,-63.51701,85.0,,SKT-4214,1,1,GPNV
30/07/2025,04:38:43,44.88293,-63.51701,80.0,,SKT-4214,1,1,GPNV
30/07/2025,04:38:50,44.88293,-63.51701,77.0,,SKT-4214,1,1,GPNV
30/07/2025,04:38:57,44.88294,-63.517,76.0,,SKT-4214,1,1,GPNV
30/07/2025,04:39:04,44.88293,-63.51699,76.0,,SKT-4214,1,1,GPNV
30/07/2025,04:39:11,44.88294,-63.51699,70.0,,SKT-4214,1,1,GPNV
30/07/2025,04:39:18,44.88296,-63.51698,65.0,,SKT-4214,1,1,GPNV
30/07/2025,04:39:25,44.88298,-63.51701,58.0,,SKT-4214,1,1,GPNV
30/07/2025,04:39:33,44.883,-63.51702,60.0,,SKT-4214,1,1,GPNV
30/07/2025,04:39:40,44.88308,-63.51699,68.0,,SKT-4214,1,1,GPNV
30/07/2025,04:39:47,44.88314,-63.51694,76.0,,SKT-4214,1,1,GPNV
30/07/2025,04:39:54,44.88319,-63.51688,80.0,,SKT-4214,1,1,GPNV
30/07/2025,04:40:01,44.88324,-63.51683,82.0,,SKT-4214,1,1,GPNV
30/07/2025,04:40:08,44.88326,-63.51678,84.0,,SKT-4214,1,1,GPNV
30/07/2025,04:40:16,44.88324,-63.51674,87.0,,SKT-4214,1,1,GPNV
30/07/2025,04:40:23,44.88321,-63.51673,88.0,,SKT-4214,1,1,GPNV
30/07/2025,04:40:30,44.88316,-63.51677,82.0,,SKT-4214,1,1,GPNV
30/07/2025,04:40:37,44.88311,-63.51683,73.0,,SKT-4214,1,1,GPNV
30/07/2025,04:40:44,44.88306,-63.51689,72.0,,SKT-4214,1,1,GPNV
30/07/2025,04:40:51,44.883,-63.51694,78.0,,SKT-4214,1,1,GPNV
30/07/2025,04:40:59,44.88295,-63.51692,75.0,,SKT-4214,1,1,GPNV
30/07/2025,04:41:06,44.8829,-63.51691,74.0,,SKT-4214,1,1,GPNV
30/07/2025,04:41:13,44.88287,-63.51692,74.0,,SKT-4214,1,1,GPNV
30/07/2025,04:41:20,44.88283,-63.51692,72.0,,SKT-4214,1,1,GPNV
30/07/2025,04:41:27,44.88279,-63.51694,71.0,,SKT-4214,1,1,GPNV
30/07/2025,04:41:34,44.88275,-63.51696,78.0,,SKT-4214,1,1,GPNV
30/07/2025,04:41:42,44.88269,-63.51706,77.0,,SKT-4214,1,1,GPNV
30/07/2025,04:41:49,44.88266,-63.51712,75.0,,SKT-4214,1,1,GPNV
30/07/2025,04:41:57,44.88265,-63.51716,82.0,,SKT-4214,1,1,GPNV
30/07/2025,04:42:04,44.88263,-63.51718,84.0,,SKT-4214,1,1,GPNV
30/07/2025,04:42:11,44.88262,-63.51717,84.0,,SKT-4214,1,1,GPNV
30/07/2025,04:42:18,44.88262,-63.51716,84.0,,SKT-4214,1,1,GPNV
30/07/2025,04:42:26,44.88263,-63.51716,84.0,,SKT-4214,1,1,GPNV
30/07/2025,04:42:33,44.88263,-63.51715,80.0,,SKT-4214,1,1,GPNV
30/07/2025,04:42:40,44.88261,-63.51712,83.0,,SKT-4214,1,1,GPNV
30/07/2025,04:42:47,44.88259,-63.5171,91.0,,SKT-4214,1,1,GPNV
30/07/2025,04:42:54,44.8826,-63.51709,97.0,,SKT-4214,1,1,GPNV
30/07/2025,04:43:01,44.88262,-63.51709,93.0,,SKT-4214,1,1,GPNV
30/07/2025,04:43:08,44.88266,-63.51706,89.0,,SKT-4214,1,1,GPNV
30/07/2025,04:43:15,44.88271,-63.51699,96.0,,SKT-4214,1,1,GPNV
30/07/2025,04:43:23,44.88279,-63.51699,80.0,,SKT-4214,1,1,GPNV
30/07/2025,04:43:30,44.88282,-63.51696,76.0,,SKT-4214,1,1,GPNV
30/07/2025,04:43:37,44.88277,-63.51688,79.0,,SKT-4214,1,1,GPNV
30/07/2025,04:43:44,44.88273,-63.51689,57.0,,SKT-4214,1,1,GPNV
30/07/2025,04:43:52,44.88272,-63.51687,44.0,,SKT-4214,1,1,GPNV
30/07/2025,04:43:59,44.88273,-63.51682,47.0,,SKT-4214,1,1,GPNV
30/07/2025,04:44:07,44.8827,-63.51687,46.0,,SKT-4214,1,1,GPNV
30/07/2025,04:44:15,44.88264,-63.51697,49.0,,SKT-4214,1,1,GPNV
30/07/2025,04:44:22,44.88259,-63.51702,56.0,,SKT-4214,1,1,GPNV
30/07/2025,04:44:29,44.88252,-63.51711,70.0,,SKT-4214,1,1,GPNV
30/07/2025,04:44:36,44.88248,-63.51714,76.0,,SKT-4214,1,1,GPNV
30/07/2025,04:44:43,44.88255,-63.51712,76.0,,SKT-4214,1,1,GPNV
30/07/2025,04:44:50,44.88261,-63.51708,77.0,,SKT-4214,1,1,GPNV
30/07/2025,04:44:57,44.88267,-63.51706,74.0,,SKT-4214,1,1,GPNV
30/07/2025,04:45:05,44.88271,-63.51704,70.0,,SKT-4214,1,1,GPNV
30/07/2025,04:45:12,44.88274,-63.51703,70.0,,SKT-4214,1,1,GPNV
30/07/2025,04:45:19,44.88277,-63.51702,68.0,,SKT-4214,1,1,GPNV
30/07/2025,04:45:26,44.88278,-63.51701,65.0,,SKT-4214,1,1,GPNV
30/07/2025,04:45:33,44.88281,-63.51702,62.0,,SKT-4214,1,1,GPNV
30/07/2025,04:45:41,44.88284,-63.51699,61.0,,SKT-4214,1,1,GPNV
30/07/2025,04:45:48,44.88285,-63.51694,62.0,,SKT-4214,1,1,GPNV
30/07/2025,04:45:55,44.88283,-63.5169,64.0,,SKT-4214,1,1,GPNV
30/07/2025,04:46:02,44.88281,-63.51689,64.0,,SKT-4214,1,1,GPNV
30/07/2025,04:46:09,44.88276,-63.51688,69.0,,SKT-4214,1,1,GPNV
30/07/2025,04:46:16,44.88277,-63.51686,71.0,,SKT-4214,1,1,GPNV
30/07/2025,04:46:23,44.88277,-63.51683,75.0,,SKT-4214,1,1,GPNV
30/07/2025,04:46:30,44.88278,-63.5168,79.0,,SKT-4214,1,1,GPNV
30/07/2025,04:46:38,44.88279,-63.51676,78.0,,SKT-4214,1,1,GPNV
30/07/2025,04:46:45,44.8828,-63.51673,82.0,,SKT-4214,1,1,GPNV
30/07/2025,04:46:52,44.88281,-63.51671,87.0,,SKT-4214,1,1,GPNV
30/07/2025,04:46:59,44.88283,-63.5167,89.0,,SKT-4214,1,1,GPNV
30/07/2025,04:47:06,44.88284,-63.51669,91.0,,SKT-4214,1,1,GPNV
30/07/2025,04:47:13,44.88285,-63.51665,91.0,,SKT-4214,1,1,GPNV
30/07/2025,04:47:20,44.88282,-63.51664,95.0,,SKT-4214,1,1,GPNV
30/07/2025,04:47:28,44.88278,-63.51664,93.0,,SKT-4214,1,1,GPNV
30/07/2025,04:47:35,44.88278,-63.51667,91.0,,SKT-4214,1,1,GPNV
30/07/2025,04:47:42,44.88282,-63.5167,90.0,,SKT-4214,1,1,GPNV
30/07/2025,04:47:49,44.88289,-63.51672,91.0,,SKT-4214,1,1,GPNV
30/07/2025,04:47:56,44.88294,-63.51672,91.0,,SKT-4214,1,1,GPNV
30/07/2025,04:48:03,44.88295,-63.51671,91.0,,SKT-4214,1,1,GPNV
30/07/2025,04:48:10,44.88292,-63.51665,92.0,,SKT-4214,1,1,GPNV
30/07/2025,04:48:18,44.88291,-63.51661,87.0,,SKT-4214,1,1,GPNV
30/07/2025,04:48:25,44.88294,-63.51656,84.0,,SKT-4214,1,1,GPNV
30/07/2025,04:48:32,44.88294,-63.51659,84.0,,SKT-4214,1,1,GPNV
30/07/2025,04:48:39,44.88292,-63.51664,85.0,,SKT-4214,1,1,GPNV
30/07/2025,04:48:46,44.88286,-63.51668,87.0,,SKT-4214,1,1,GPNV
30/07/2025,04:48:53,44.88276,-63.51672,99.0,,SKT-4214,1,1,GPNV
30/07/2025,04:49:01,44.88268,-63.51665,108.0,,SKT-4214,1,1,GPNV
30/07/2025,04:49:08,44.88264,-63.51663,111.0,,SKT-4214,1,1,GPNV
30/07/2025,04:49:15,44.88263,-63.51663,111.0,,SKT-4214,1,1,GPNV
30/07/2025,04:49:23,44.88267,-63.51667,101.0,,SKT-4214,1,1,GPNV
30/07/2025,04:49:30,44.88269,-63.51669,95.0,,SKT-4214,1,1,GPNV
30/07/2025,04:49:37,44.88267,-63.51671,93.0,,SKT-4214,1,1,GPNV
30/07/2025,04:49:44,44.88266,-63.51673,88.0,,SKT-4214,1,1,GPNV
30/07/2025,04:49:52,44.88267,-63.51674,84.0,,SKT-4214,1,1,GPNV
30/07/2025,04:49:59,44.88271,-63.51674,84.0,,SKT-4214,1,1,GPNV
30/07/2025,04:50:06,44.88272,-63.51674,83.0,,SKT-4214,1,1,GPNV
30/07/2025,04:50:13,44.88271,-63.51677,83.0,,SKT-4214,1,1,GPNV
30/07/2025,04:50:20,44.8827,-63.51682,80.0,,SKT-4214,1,1,GPNV
30/07/2025,04:50:27,44.88269,-63.51688,72.0,,SKT-4214,1,1,GPNV
30/07/2025,04:50:35,44.88265,-63.5169,63.0,,SKT-4214,1,1,GPNV
30/07/2025,04:50:42,44.88262,-63.51687,63.0,,SKT-4214,1,1,GPNV
30/07/2025,04:50:49,44.88261,-63.51683,65.0,,SKT-4214,1,1,GPNV
30/07/2025,04:50:56,44.8826,-63.5168,67.0,,SKT-4214,1,1,GPNV
30/07/2025,04:51:03,44.8826,-63.51677,70.0,,SKT-4214,1,1,GPNV
30/07/2025,04:51:10,44.8826,-63.51675,74.0,,SKT-4214,1,1,GPNV
30/07/2025,04:51:17,44.88261,-63.51675,74.0,,SKT-4214,1,1,GPNV
30/07/2025,04:51:24,44.88262,-63.51677,77.0,,SKT-4214,1,1,GPNV
30/07/2025,04:51:32,44.88267,-63.51676,80.0,,SKT-4214,1,1,GPNV
30/07/2025,04:51:39,44.8827,-63.51673,85.0,,SKT-4214,1,1,GPNV
30/07/2025,04:51:46,44.88272,-63.5167,89.0,,SKT-4214,1,1,GPNV
30/07/2025,04:51:53,44.88272,-63.51668,91.0,,SKT-4214,1,1,GPNV
30/07/2025,04:52:00,44.88271,-63.51667,93.0,,SKT-4214,1,1,GPNV
30/07/2025,04:52:07,44.8827,-63.51665,92.0,,SKT-4214,1,1,GPNV
30/07/2025,04:52:14,44.88269,-63.51665,89.0,,SKT-4214,1,1,GPNV
30/07/2025,04:52:21,44.8827,-63.51665,86.0,,SKT-4214,1,1,GPNV
30/07/2025,04:52:29,44.88273,-63.51666,86.0,,SKT-4214,1,1,GPNV
30/07/2025,04:52:36,44.88275,-63.51668,86.0,,SKT-4214,1,1,GPNV
30/07/2025,04:52:43,44.88276,-63.51669,80.0,,SKT-4214,1,1,GPNV
30/07/2025,04:52:50,44.88276,-63.51668,75.0,,SKT-4214,1,1,GPNV
30/07/2025,04:52:57,44.88276,-63.51665,72.0,,SKT-4214,1,1,GPNV
30/07/2025,04:53:04,44.88277,-63.51665,70.0,,SKT-4214,1,1,GPNV
30/07/2025,04:53:11,44.88279,-63.51667,72.0,,SKT-4214,1,1,GPNV
30/07/2025,04:53:18,44.88281,-63.5167,74.0,,SKT-4214,1,1,GPNV
30/07/2025,04:53:26,44.88283,-63.51673,75.0,,SKT-4214,1,1,GPNV
30/07/2025,04:53:33,44.88284,-63.51675,74.0,,SKT-4214,1,1,GPNV
30/07/2025,04:53:40,44.88285,-63.51675,75.0,,SKT-4214,1,1,GPNV
30/07/2025,04:53:47,44.88285,-63.51676,75.0,,SKT-4214,1,1,GPNV
30/07/2025,04:53:54,44.88284,-63.51677,73.0,,SKT-4214,1,1,GPNV
30/07/2025,04:54:02,44.88281,-63.51675,73.0,,SKT-4214,1,1,GPNV
30/07/2025,04:54:09,44.88277,-63.51673,74.0,,SKT-4214,1,1,GPNV
30/07/2025,04:54:16,44.88272,-63.51666,78.0,,SKT-4214,1,1,GPNV
30/07/2025,04:54:23,44.88269,-63.51662,77.0,,SKT-4214,1,1,GPNV
30/07/2025,04:54:30,44.88268,-63.51665,70.0,,SKT-4214,1,1,GPNV
30/07/2025,04:54:37,44.88268,-63.51665,67.0,,SKT-4214,1,1,GPNV
30/07/2025,04:54:44,44.88272,-63.51672,58.0,,SKT-4214,1,1,GPNV
30/07/2025,04:54:51,44.88274,-63.51677,53.0,,SKT-4214,1,1,GPNV
30/07/2025,04:54:59,44.88276,-63.5168,49.0,,SKT-4214,1,1,GPNV
30/07/2025,04:55:06,44.88278,-63.51682,45.0,,SKT-4214,1,1,GPNV
30/07/2025,04:55:13,44.8828,-63.51681,40.0,,SKT-4214,1,1,GPNV
30/07/2025,04:55:20,44.88283,-63.51678,39.0,,SKT-4214,1,1,GPNV
30/07/2025,04:55:27,44.88287,-63.51679,39.0,,SKT-4214,1,1,GPNV
30/07/2025,04:55:35,44.88289,-63.51682,41.0,,SKT-4214,1,1,GPNV
30/07/2025,04:55:42,44.88291,-63.51682,45.0,,SKT-4214,1,1,GPNV
30/07/2025,04:55:49,44.88291,-63.51682,48.0,,SKT-4214,1,1,GPNV
30/07/2025,04:55:56,44.8829,-63.51682,52.0,,SKT-4214,1,1,GPNV
30/07/2025,04:56:03,44.88289,-63.51681,58.0,,SKT-4214,1,1,GPNV
30/07/2025,04:56:10,44.88286,-63.5168,63.0,,SKT-4214,1,1,GPNV
30/07/2025,04:56:18,44.88282,-63.51679,64.0,,SKT-4214,1,1,GPNV
30/07/2025,04:56:25,44.88279,-63.5168,62.0,,SKT-4214,1,1,GPNV
30/07/2025,04:56:32,44.88276,-63.51683,57.0,,SKT-4214,1,1,GPNV
30/07/2025,04:56:39,44.88273,-63.51683,59.0,,SKT-4214,1,1,GPNV
30/07/2025,04:56:46,44.88269,-63.5168,65.0,,SKT-4214,1,1,GPNV
30/07/2025,04:56:53,44.88266,-63.51679,65.0,,SKT-4214,1,1,GPNV
30/07/2025,04:57:00,44.88264,-63.51682,62.0,,SKT-4214,1,1,GPNV
30/07/2025,04:57:08,44.88265,-63.51686,64.0,,SKT-4214,1,1,GPNV
30/07/2025,04:57:15,44.88267,-63.51685,68.0,,SKT-4214,1,1,GPNV
30/07/2025,04:57:22,44.88269,-63.51686,65.0,,SKT-4214,1,1,GPNV
30/07/2025,04:57:29,44.88274,-63.51686,64.0,,SKT-4214,1,1,GPNV
30/07/2025,04:57:36,44.88282,-63.51686,57.0,,SKT-4214,1,1,GPNV
30/07/2025,04:57:43,44.88287,-63.51685,52.0,,SKT-4214,1,1,GPNV
30/07/2025,04:57:51,44.88288,-63.51683,46.0,,SKT-4214,1,1,GPNV
30/07/2025,04:57:58,44.88289,-63.51677,47.0,,SKT-4214,1,1,GPNV
30/07/2025,04:58:05,44.88289,-63.51673,49.0,,SKT-4214,1,1,GPNV
30/07/2025,04:58:12,44.8829,-63.51671,51.0,,SKT-4214,1,1,GPNV
30/07/2025,04:58:19,44.88292,-63.51672,52.0,,SKT-4214,1,1,GPNV
30/07/2025,04:58:26,44.88293,-63.51671,52.0,,SKT-4214,1,1,GPNV
30/07/2025,04:58:34,44.88298,-63.5167,57.0,,SKT-4214,1,1,GPNV
30/07/2025,04:58:41,44.883,-63.5167,61.0,,SKT-4214,1,1,GPNV
30/07/2025,04:58:48,44.88302,-63.5167,64.0,,SKT-4214,1,1,GPNV
30/07/2025,04:58:55,44.88299,-63.51668,70.0,,SKT-4214,1,1,GPNV
30/07/2025,04:59:03,44.8829,-63.51661,84.0,,SKT-4214,1,1,GPNV
30/07/2025,04:59:10,44.88285,-63.51655,92.0,,SKT-4214,1,1,GPNV
30/07/2025,04:59:17,44.8828,-63.51651,95.0,,SKT-4214,1,1,GPNV
30/07/2025,04:59:24,44.88278,-63.51654,92.0,,SKT-4214,1,1,GPNV
30/07/2025,04:59:31,44.88278,-63.5166,84.0,,SKT-4214,1,1,GPNV
30/07/2025,04:59:38,44.88277,-63.51662,78.0,,SKT-4214,1,1,GPNV
30/07/2025,04:59:45,44.88277,-63.51666,72.0,,SKT-4214,1,1,GPNV
30/07/2025,04:59:52,44.88277,-63.51667,67.0,,SKT-4214,1,1,GPNV
30/07/2025,05:00:00,44.8828,-63.51662,70.0,,SKT-4214,1,1,GPNV
30/07/2025,05:00:07,44.88282,-63.51657,80.0,,SKT-4214,1,1,GPNV
30/07/2025,05:00:14,44.88283,-63.51654,92.0,,SKT-4214,1,1,GPNV
30/07/2025,05:00:21,44.8828,-63.51654,93.0,,SKT-4214,1,1,GPNV
30/07/2025,05:00:28,44.88276,-63.51651,96.0,,SKT-4214,1,1,GPNV
30/07/2025,05:00:36,44.88269,-63.51641,104.0,,SKT-4214,1,1,GPNV
30/07/2025,05:00:43,44.88262,-63.51627,114.0,,SKT-4214,1,1,GPNV
30/07/2025,05:00:50,44.88255,-63.51612,121.0,,SKT-4214,1,1,GPNV
30/07/2025,05:00:57,44.88266,-63.51627,113.0,,SKT-4214,1,1,GPNV
30/07/2025,05:01:04,44.88279,-63.51637,104.0,,SKT-4214,1,1,GPNV
30/07/2025,05:01:11,44.88288,-63.51645,96.0,,SKT-4214,1,1,GPNV
30/07/2025,05:01:19,44.88292,-63.51651,87.0,,SKT-4214,1,1,GPNV
30/07/2025,05:01:26,44.88293,-63.51655,78.0,,SKT-4214,1,1,GPNV
30/07/2025,05:01:33,44.88293,-63.51657,67.0,,SKT-4214,1,1,GPNV
30/07/2025,05:01:40,44.88291,-63.5166,58.0,,SKT-4214,1,1,GPNV
30/07/2025,05:01:48,44.8829,-63.51662,46.0,,SKT-4214,1,1,GPNV
30/07/2025,05:01:55,44.8829,-63.51665,36.0,,SKT-4214,1,1,GPNV
30/07/2025,05:02:02,44.88294,-63.51667,29.0,,SKT-4214,1,1,GPNV
30/07/2025,05:02:09,44.88295,-63.5167,29.0,,SKT-4214,1,1,GPNV
30/07/2025,05:02:16,44.88292,-63.51673,35.0,,SKT-4214,1,1,GPNV
30/07/2025,05:02:23,44.8829,-63.51676,42.0,,SKT-4214,1,1,GPNV
30/07/2025,05:02:30,44.88286,-63.51678,49.0,,SKT-4214,1,1,GPNV
30/07/2025,05:02:38,44.88284,-63.5168,52.0,,SKT-4214,1,1,GPNV
30/07/2025,05:02:45,44.88287,-63.51684,48.0,,SKT-4214,1,1,GPNV
30/07/2025,05:02:52,44.8829,-63.51685,47.0,,SKT-4214,1,1,GPNV
30/07/2025,05:02:59,44.8829,-63.51682,48.0,,SKT-4214,1,1,GPNV
30/07/2025,05:03:06,44.88289,-63.51679,50.0,,SKT-4214,1,1,GPNV
30/07/2025,05:03:13,44.88287,-63.51677,54.0,,SKT-4214,1,1,GPNV
30/07/2025,05:03:21,44.88285,-63.51676,61.0,,SKT-4214,1,1,GPNV
30/07/2025,05:03:28,44.88285,-63.51677,66.0,,SKT-4214,1,1,GPNV
30/07/2025,05:03:35,44.88286,-63.51678,68.0,,SKT-4214,1,1,GPNV
30/07/2025,05:03:42,44.88285,-63.51677,72.0,,SKT-4214,1,1,GPNV
30/07/2025,05:03:49,44.88284,-63.51673,76.0,,SKT-4214,1,1,GPNV
30/07/2025,05:03:56,44.88285,-63.51672,78.0,,SKT-4214,1,1,GPNV
30/07/2025,05:04:04,44.88291,-63.51678,76.0,,SKT-4214,1,1,GPNV
30/07/2025,05:04:11,44.88293,-63.51683,72.0,,SKT-4214,1,1,GPNV
30/07/2025,05:04:18,44.88296,-63.51686,69.0,,SKT-4214,1,1,GPNV
30/07/2025,05:04:25,44.88298,-63.51686,66.0,,SKT-4214,1,1,GPNV
30/07/2025,05:04:32,44.88298,-63.51686,64.0,,SKT-4214,1,1,GPNV
30/07/2025,05:04:40,44.88292,-63.51682,65.0,,SKT-4214,1,1,GPNV
30/07/2025,05:04:47,44.88282,-63.51675,71.0,,SKT-4214,1,1,GPNV
30/07/2025,05:04:54,44.88274,-63.51672,68.0,,SKT-4214,1,1,GPNV
30/07/2025,05:05:01,44.88268,-63.51669,73.0,,SKT-4214,1,1,GPNV
30/07/2025,05:05:09,44.88263,-63.51667,80.0,,SKT-4214,1,1,GPNV
30/07/2025,05:05:16,44.88263,-63.51668,84.0,,SKT-4214,1,1,GPNV
30/07/2025,05:05:23,44.88264,-63.51671,85.0,,SKT-4214,1,1,GPNV
30/07/2025,05:05:30,44.88264,-63.51672,85.0,,SKT-4214,1,1,GPNV
30/07/2025,05:05:37,44.88265,-63.51672,86.0,,SKT-4214,1,1,GPNV
30/07/2025,05:05:44,44.88268,-63.51671,92.0,,SKT-4214,1,1,GPNV
30/07/2025,05:05:51,44.88271,-63.51668,101.0,,SKT-4214,1,1,GPNV
30/07/2025,05:05:59,44.88272,-63.51663,110.0,,SKT-4214,1,1,GPNV
30/07/2025,05:06:06,44.88271,-63.51657,112.0,,SKT-4214,1,1,GPNV
30/07/2025,05:06:13,44.88273,-63.51656,110.0,,SKT-4214,1,1,GPNV
30/07/2025,05:06:20,44.88276,-63.51655,103.0,,SKT-4214,1,1,GPNV
30/07/2025,05:06:28,44.88282,-63.51656,92.0,,SKT-4214,1,1,GPNV
30/07/2025,05:06:35,44.88291,-63.51664,81.0,,SKT-4214,1,1,GPNV
30/07/2025,05:06:42,44.88295,-63.51667,76.0,,SKT-4214,1,1,GPNV
30/07/2025,05:06:49,44.88295,-63.51668,82.0,,SKT-4214,1,1,GPNV
30/07/2025,05:06:56,44.8829,-63.51673,112.0,,SKT-4214,1,1,GPNV
30/07/2025,05:07:03,44.88285,-63.51678,141.0,,SKT-4214,1,1,GPNV
30/07/2025,05:07:10,44.8828,-63.51679,154.0,,SKT-4214,1,1,GPNV
30/07/2025,05:07:17,44.88275,-63.51677,160.0,,SKT-4214,1,1,GPNV
30/07/2025,05:07:25,44.88268,-63.51678,168.0,,SKT-4214,1,1,GPNV
30/07/2025,05:07:32,44.88263,-63.51682,173.0,,SKT-4214,1,1,GPNV
30/07/2025,05:07:39,44.8826,-63.51685,167.0,,SKT-4214,1,1,GPNV
30/07/2025,05:07:46,44.88261,-63.5169,148.0,,SKT-4214,1,1,GPNV
30/07/2025,05:07:53,44.8826,-63.51698,129.0,,SKT-4214,1,1,GPNV
30/07/2025,05:08:01,44.88258,-63.51709,121.0,,SKT-4214,1,1,GPNV
30/07/2025,05:08:08,44.88256,-63.51718,112.0,,SKT-4214,1,1,GPNV
30/07/2025,05:08:15,44.88256,-63.51723,104.0,,SKT-4214,1,1,GPNV
30/07/2025,05:08:22,44.88254,-63.51725,101.0,,SKT-4214,1,1,GPNV
30/07/2025,05:08:29,44.88251,-63.51723,97.0,,SKT-4214,1,1,GPNV
30/07/2025,05:08:36,44.88249,-63.5172,98.0,,SKT-4214,1,1,GPNV
30/07/2025,05:08:44,44.88246,-63.51713,104.0,,SKT-4214,1,1,GPNV
30/07/2025,05:08:52,44.88244,-63.51711,111.0,,SKT-4214,1,1,GPNV
30/07/2025,05:08:59,44.88244,-63.51713,116.0,,SKT-4214,1,1,GPNV
30/07/2025,05:09:06,44.88246,-63.51717,116.0,,SKT-4214,1,1,GPNV
30/07/2025,05:09:13,44.8825,-63.51719,107.0,,SKT-4214,1,1,GPNV
30/07/2025,05:09:21,44.88253,-63.51717,106.0,,SKT-4214,1,1,GPNV
30/07/2025,05:09:28,44.88261,-63.51713,88.0,,SKT-4214,1,1,GPNV
30/07/2025,05:09:35,44.88266,-63.5171,77.0,,SKT-4214,1,1,GPNV
30/07/2025,05:09:42,44.88267,-63.51705,72.0,,SKT-4214,1,1,GPNV
30/07/2025,05:09:49,44.88269,-63.51703,77.0,,SKT-4214,1,1,GPNV
30/07/2025,05:09:56,44.88272,-63.51705,80.0,,SKT-4214,1,1,GPNV
30/07/2025,05:10:04,44.8828,-63.51705,82.0,,SKT-4214,1,1,GPNV
30/07/2025,05:10:11,44.88287,-63.51704,83.0,,SKT-4214,1,1,GPNV
30/07/2025,05:10:18,44.88287,-63.51702,82.0,,SKT-4214,1,1,GPNV
30/07/2025,05:10:25,44.8828,-63.51704,89.0,,SKT-4214,1,1,GPNV
30/07/2025,05:10:32,44.88273,-63.51707,96.0,,SKT-4214,1,1,GPNV
30/07/2025,05:10:40,44.88271,-63.51712,99.0,,SKT-4214,1,1,GPNV
30/07/2025,05:10:47,44.88271,-63.51712,99.0,,SKT-4214,1,1,GPNV
30/07/2025,05:10:54,44.88271,-63.51714,108.0,,SKT-4214,1,1,GPNV
30/07/2025,05:11:01,44.88271,-63.51716,118.0,,SKT-4214,1,1,GPNV
30/07/2025,05:11:08,44.88269,-63.51717,135.0,,SKT-4214,1,1,GPNV
30/07/2025,05:11:15,44.88266,-63.51718,152.0,,SKT-4214,1,1,GPNV
30/07/2025,05:11:24,44.88263,-63.51718,165.0,,SKT-4214,1,1,GPNV
30/07/2025,05:11:31,44.88263,-63.51712,159.0,,SKT-4214,1,1,GPNV
30/07/2025,05:11:38,44.88262,-63.51706,150.0,,SKT-4214,1,1,GPNV
30/07/2025,05:11:45,44.88263,-63.51701,135.0,,SKT-4214,1,1,GPNV
30/07/2025,05:11:52,44.88265,-63.51699,120.0,,SKT-4214,1,1,GPNV
30/07/2025,05:12:00,44.88266,-63.51698,108.0,,SKT-4214,1,1,GPNV
30/07/2025,05:12:07,44.88268,-63.51697,99.0,,SKT-4214,1,1,GPNV
30/07/2025,05:12:14,44.88271,-63.51696,94.0,,SKT-4214,1,1,GPNV
30/07/2025,05:12:21,44.88275,-63.51692,85.0,,SKT-4214,1,1,GPNV
30/07/2025,05:12:28,44.88277,-63.51693,84.0,,SKT-4214,1,1,GPNV
30/07/2025,05:12:35,44.88278,-63.51697,89.0,,SKT-4214,1,1,GPNV
30/07/2025,05:12:42,44.88278,-63.517,91.0,,SKT-4214,1,1,GPNV
30/07/2025,05:12:50,44.88279,-63.51704,92.0,,SKT-4214,1,1,GPNV
30/07/2025,05:12:57,44.88277,-63.51707,93.0,,SKT-4214,1,1,GPNV
30/07/2025,05:13:04,44.88276,-63.51707,94.0,,SKT-4214,1,1,GPNV
30/07/2025,05:13:11,44.88277,-63.51701,81.0,,SKT-4214,1,1,GPNV
30/07/2025,05:13:18,44.88276,-63.51696,75.0,,SKT-4214,1,1,GPNV
30/07/2025,05:13:26,44.88272,-63.51694,77.0,,SKT-4214,1,1,GPNV
30/07/2025,05:13:33,44.88268,-63.51693,77.0,,SKT-4214,1,1,GPNV
30/07/2025,05:13:40,44.88264,-63.51693,76.0,,SKT-4214,1,1,GPNV
30/07/2025,05:13:47,44.88262,-63.51694,90.0,,SKT-4214,1,1,GPNV
30/07/2025,05:13:54,44.88262,-63.51685,115.0,,SKT-4214,1,1,GPNV
30/07/2025,05:14:01,44.88261,-63.5168,106.0,,SKT-4214,1,1,GPNV
30/07/2025,05:14:08,44.88261,-63.51675,100.0,,SKT-4214,1,1,GPNV
30/07/2025,05:14:16,44.8826,-63.51673,105.0,,SKT-4214,1,1,GPNV
30/07/2025,05:14:23,44.88265,-63.51675,113.0,,SKT-4214,1,1,GPNV
30/07/2025,05:14:30,44.88272,-63.51677,115.0,,SKT-4214,1,1,GPNV
30/07/2025,05:14:37,44.88276,-63.51681,117.0,,SKT-4214,1,1,GPNV
30/07/2025,05:14:44,44.8828,-63.51685,131.0,,SKT-4214,1,1,GPNV
30/07/2025,05:14:52,44.88284,-63.51687,139.0,,SKT-4214,1,1,GPNV
30/07/2025,05:14:59,44.88285,-63.51688,136.0,,SKT-4214,1,1,GPNV
30/07/2025,05:15:06,44.88288,-63.51687,134.0,,SKT-4214,1,1,GPNV
30/07/2025,05:15:13,44.8829,-63.51684,130.0,,SKT-4214,1,1,GPNV
30/07/2025,05:15:20,44.88292,-63.51685,129.0,,SKT-4214,1,1,GPNV
30/07/2025,05:15:28,44.88284,-63.51708,64.0,,SKT-4214,1,1,GPNV
30/07/2025,05:15:35,44.88284,-63.51715,63.0,,SKT-4214,1,1,GPNV
30/07/2025,05:15:42,44.88284,-63.5172,61.0,,SKT-4214,1,1,GPNV
30/07/2025,05:15:49,44.88285,-63.51723,58.0,,SKT-4214,1,1,GPNV
30/07/2025,05:15:56,44.88287,-63.51725,52.0,,SKT-4214,1,1,GPNV
30/07/2025,05:16:03,44.88289,-63.51725,47.0,,SKT-4214,1,1,GPNV
30/07/2025,05:16:11,44.88293,-63.51723,41.0,,SKT-4214,1,1,GPNV
30/07/2025,05:16:18,44.88295,-63.51719,38.0,,SKT-4214,1,1,GPNV
30/07/2025,05:16:25,44.88299,-63.51717,28.0,,SKT-4214,1,1,GPNV
30/07/2025,05:16:32,44.88298,-63.51711,31.0,,SKT-4214,1,1,GPNV
30/07/2025,05:16:39,44.88295,-63.51707,43.0,,SKT-4214,1,1,GPNV
30/07/2025,05:16:47,44.88285,-63.51699,63.0,,SKT-4214,1,1,GPNV
30/07/2025,05:16:54,44.88279,-63.5169,74.0,,SKT-4214,1,1,GPNV
30/07/2025,05:17:01,44.88275,-63.51682,80.0,,SKT-4214,1,1,GPNV
30/07/2025,05:17:08,44.88274,-63.51674,82.0,,SKT-4214,1,1,GPNV
30/07/2025,05:17:15,44.88273,-63.51671,82.0,,SKT-4214,1,1,GPNV
30/07/2025,05:17:22,44.88271,-63.51674,82.0,,SKT-4214,1,1,GPNV
30/07/2025,05:17:29,44.88269,-63.51676,83.0,,SKT-4214,1,1,GPNV
30/07/2025,05:17:37,44.88268,-63.51676,82.0,,SKT-4214,1,1,GPNV
30/07/2025,05:17:44,44.88261,-63.5167,84.0,,SKT-4214,1,1,GPNV
30/07/2025,05:17:51,44.88256,-63.51664,87.0,,SKT-4214,1,1,GPNV
30/07/2025,05:17:58,44.88251,-63.51659,91.0,,SKT-4214,1,1,GPNV
30/07/2025,05:18:05,44.88247,-63.51657,95.0,,SKT-4214,1,1,GPNV
30/07/2025,05:18:12,44.88242,-63.51657,101.0,,SKT-4214,1,1,GPNV
30/07/2025,05:18:20,44.88237,-63.5166,111.0,,SKT-4214,1,1,GPNV
30/07/2025,05:18:27,44.88237,-63.51664,115.0,,SKT-4214,1,1,GPNV
30/07/2025,05:18:34,44.88239,-63.51669,115.0,,SKT-4214,1,1,GPNV
30/07/2025,05:18:41,44.88245,-63.51676,105.0,,SKT-4214,1,1,GPNV
30/07/2025,05:18:48,44.88252,-63.51683,94.0,,SKT-4214,1,1,GPNV
30/07/2025,05:18:55,44.88253,-63.51688,91.0,,SKT-4214,1,1,GPNV
30/07/2025,05:19:02,44.88254,-63.51689,93.0,,SKT-4214,1,1,GPNV
30/07/2025,05:19:10,44.88257,-63.51692,92.0,,SKT-4214,1,1,GPNV
30/07/2025,05:19:17,44.88259,-63.51694,90.0,,SKT-4214,1,1,GPNV
30/07/2025,05:19:24,44.88261,-63.51698,86.0,,SKT-4214,1,1,GPNV
30/07/2025,05:19:31,44.8826,-63.51693,84.0,,SKT-4214,1,1,GPNV
30/07/2025,05:19:38,44.88261,-63.51693,79.0,,SKT-4214,1,1,GPNV
30/07/2025,05:19:45,44.88266,-63.51689,65.0,,SKT-4214,1,1,GPNV
30/07/2025,05:19:53,44.88276,-63.51686,38.0,,SKT-4214,1,1,GPNV
30/07/2025,05:20:00,44.88282,-63.51685,23.0,,SKT-4214,1,1,GPNV
30/07/2025,05:20:07,44.88285,-63.51682,18.0,,SKT-4214,1,1,GPNV
30/07/2025,05:20:14,44.88278,-63.51681,32.0,,SKT-4214,1,1,GPNV
30/07/2025,05:20:21,44.8827,-63.51678,49.0,,SKT-4214,1,1,GPNV
30/07/2025,05:20:28,44.88262,-63.51674,69.0,,SKT-4214,1,1,GPNV
30/07/2025,05:20:35,44.88252,-63.51674,91.0,,SKT-4214,1,1,GPNV
30/07/2025,05:20:43,44.88242,-63.51686,113.0,,SKT-4214,1,1,GPNV
30/07/2025,05:20:51,44.8823,-63.51694,140.0,,SKT-4214,1,1,GPNV
30/07/2025,05:20:58,44.88224,-63.517,158.0,,SKT-4214,1,1,GPNV
30/07/2025,05:21:05,44.88219,-63.51706,173.0,,SKT-4214,1,1,GPNV
30/07/2025,05:21:12,44.88221,-63.51709,173.0,,SKT-4214,1,1,GPNV
30/07/2025,05:21:19,44.88225,-63.51707,164.0,,SKT-4214,1,1,GPNV
30/07/2025,05:21:26,44.88229,-63.51704,154.0,,SKT-4214,1,1,GPNV
30/07/2025,05:21:34,44.88231,-63.51706,151.0,,SKT-4214,1,1,GPNV
30/07/2025,05:21:41,44.88232,-63.51704,147.0,,SKT-4214,1,1,GPNV
30/07/2025,05:21:48,44.88236,-63.517,149.0,,SKT-4214,1,1,GPNV
30/07/2025,05:21:55,44.8824,-63.51699,141.0,,SKT-4214,1,1,GPNV
30/07/2025,05:22:02,44.88248,-63.51709,124.0,,SKT-4214,1,1,GPNV
30/07/2025,05:22:09,44.88253,-63.51717,120.0,,SKT-4214,1,1,GPNV
30/07/2025,05:22:16,44.88255,-63.51722,122.0,,SKT-4214,1,1,GPNV
30/07/2025,05:22:24,44.88256,-63.51724,127.0,,SKT-4214,1,1,GPNV
30/07/2025,05:22:31,44.88258,-63.51723,129.0,,SKT-4214,1,1,GPNV
30/07/2025,05:22:39,44.88261,-63.5172,125.0,,SKT-4214,1,1,GPNV
30/07/2025,05:22:46,44.88266,-63.51717,124.0,,SKT-4214,1,1,GPNV
30/07/2025,05:22:53,44.88272,-63.51709,123.0,,SKT-4214,1,1,GPNV
30/07/2025,05:23:00,44.88277,-63.51703,119.0,,SKT-4214,1,1,GPNV
30/07/2025,05:23:08,44.88277,-63.51698,105.0,,SKT-4214,1,1,GPNV
30/07/2025,05:23:15,44.88269,-63.51696,96.0,,SKT-4214,1,1,GPNV
30/07/2025,05:23:22,44.88268,-63.51694,87.0,,SKT-4214,1,1,GPNV
30/07/2025,05:23:29,44.88269,-63.51691,79.0,,SKT-4214,1,1,GPNV
30/07/2025,05:23:36,44.88268,-63.51688,77.0,,SKT-4214,1,1,GPNV
30/07/2025,05:23:44,44.88265,-63.51688,80.0,,SKT-4214,1,1,GPNV
30/07/2025,05:23:51,44.88263,-63.51682,80.0,,SKT-4214,1,1,GPNV
30/07/2025,05:23:58,44.8826,-63.51677,85.0,,SKT-4214,1,1,GPNV
30/07/2025,05:24:05,44.88263,-63.51678,81.0,,SKT-4214,1,1,GPNV
30/07/2025,05:24:12,44.88274,-63.51682,63.0,,SKT-4214,1,1,GPNV
30/07/2025,05:24:19,44.88281,-63.51684,46.0,,SKT-4214,1,1,GPNV
30/07/2025,05:24:27,44.88284,-63.51686,41.0,,SKT-4214,1,1,GPNV
30/07/2025,05:24:34,44.88281,-63.51688,49.0,,SKT-4214,1,1,GPNV
30/07/2025,05:24:41,44.88278,-63.51689,54.0,,SKT-4214,1,1,GPNV
30/07/2025,05:24:48,44.88276,-63.51689,61.0,,SKT-4214,1,1,GPNV
30/07/2025,05:24:55,44.88274,-63.51692,80.0,,SKT-4214,1,1,GPNV
30/07/2025,05:25:03,44.88269,-63.51699,101.0,,SKT-4214,1,1,GPNV
30/07/2025,05:25:10,44.88266,-63.51703,108.0,,SKT-4214,1,1,GPNV
30/07/2025,05:25:17,44.88261,-63.51707,112.0,,SKT-4214,1,1,GPNV
30/07/2025,05:25:24,44.8826,-63.51709,114.0,,SKT-4214,1,1,GPNV
30/07/2025,05:25:31,44.88262,-63.51709,115.0,,SKT-4214,1,1,GPNV
30/07/2025,05:25:38,44.88263,-63.51707,114.0,,SKT-4214,1,1,GPNV
30/07/2025,05:25:46,44.88264,-63.51704,110.0,,SKT-4214,1,1,GPNV
30/07/2025,05:25:53,44.88264,-63.51704,108.0,,SKT-4214,1,1,GPNV
30/07/2025,05:26:00,44.88265,-63.51704,105.0,,SKT-4214,1,1,GPNV
30/07/2025,05:26:07,44.88265,-63.51701,103.0,,SKT-4214,1,1,GPNV
30/07/2025,05:26:14,44.88266,-63.51698,99.0,,SKT-4214,1,1,GPNV
30/07/2025,05:26:21,44.88267,-63.51696,93.0,,SKT-4214,1,1,GPNV
30/07/2025,05:26:29,44.88271,-63.51692,86.0,,SKT-4214,1,1,GPNV
30/07/2025,05:26:36,44.88273,-63.5169,81.0,,SKT-4214,1,1,GPNV
30/07/2025,05:26:43,44.88275,-63.51688,78.0,,SKT-4214,1,1,GPNV
30/07/2025,05:26:50,44.88277,-63.51688,80.0,,SKT-4214,1,1,GPNV
30/07/2025,05:26:57,44.88278,-63.51689,87.0,,SKT-4214,1,1,GPNV
30/07/2025,05:27:04,44.88278,-63.51692,88.0,,SKT-4214,1,1,GPNV
30/07/2025,05:27:12,44.88275,-63.51697,90.0,,SKT-4214,1,1,GPNV
30/07/2025,05:27:19,44.88273,-63.517,95.0,,SKT-4214,1,1,GPNV
30/07/2025,05:27:26,44.8827,-63.51701,102.0,,SKT-4214,1,1,GPNV
30/07/2025,05:27:33,44.88268,-63.51701,109.0,,SKT-4214,1,1,GPNV
30/07/2025,05:27:40,44.88265,-63.51702,116.0,,SKT-4214,1,1,GPNV
30/07/2025,05:27:47,44.88265,-63.51702,118.0,,SKT-4214,1,1,GPNV
30/07/2025,05:27:54,44.88266,-63.51701,116.0,,SKT-4214,1,1,GPNV
30/07/2025,05:28:02,44.88268,-63.517,115.0,,SKT-4214,1,1,GPNV
30/07/2025,05:28:09,44.88271,-63.51698,114.0,,SKT-4214,1,1,GPNV
30/07/2025,05:28:16,44.88274,-63.51697,113.0,,SKT-4214,1,1,GPNV
30/07/2025,05:28:23,44.88279,-63.51694,112.0,,SKT-4214,1,1,GPNV
30/07/2025,05:28:30,44.8828,-63.51695,111.0,,SKT-4214,1,1,GPNV
30/07/2025,05:28:37,44.88279,-63.51695,109.0,,SKT-4214,1,1,GPNV
30/07/2025,05:28:44,44.88278,-63.51697,107.0,,SKT-4214,1,1,GPNV
30/07/2025,05:28:52,44.88274,-63.51701,112.0,,SKT-4214,1,1,GPNV
30/07/2025,05:28:59,44.88271,-63.51703,115.0,,SKT-4214,1,1,GPNV
30/07/2025,05:29:06,44.88269,-63.51706,117.0,,SKT-4214,1,1,GPNV
30/07/2025,05:29:13,44.88268,-63.51708,118.0,,SKT-4214,1,1,GPNV
30/07/2025,05:29:20,44.88267,-63.51711,120.0,,SKT-4214,1,1,GPNV
30/07/2025,05:29:27,44.88268,-63.5171,120.0,,SKT-4214,1,1,GPNV
30/07/2025,05:29:35,44.88271,-63.51708,119.0,,SKT-4214,1,1,GPNV
30/07/2025,05:29:42,44.88271,-63.51708,117.0,,SKT-4214,1,1,GPNV
30/07/2025,05:29:49,44.88272,-63.51709,116.0,,SKT-4214,1,1,GPNV
30/07/2025,05:29:56,44.88271,-63.51709,115.0,,SKT-4214,1,1,GPNV
30/07/2025,05:30:03,44.8827,-63.51711,111.0,,SKT-4214,1,1,GPNV
30/07/2025,05:30:10,44.88271,-63.51707,104.0,,SKT-4214,1,1,GPNV
30/07/2025,05:30:18,44.88274,-63.51701,89.0,,SKT-4214,1,1,GPNV
30/07/2025,05:30:25,44.88269,-63.51706,85.0,,SKT-4214,1,1,GPNV
30/07/2025,05:30:32,44.88266,-63.51707,81.0,,SKT-4214,1,1,GPNV
30/07/2025,05:30:39,44.88266,-63.51704,77.0,,SKT-4214,1,1,GPNV
30/07/2025,05:30:46,44.88268,-63.51698,76.0,,SKT-4214,1,1,GPNV
30/07/2025,05:30:53,44.88268,-63.51693,76.0,,SKT-4214,1,1,GPNV
30/07/2025,05:31:00,44.88267,-63.51694,80.0,,SKT-4214,1,1,GPNV
30/07/2025,05:31:08,44.8826,-63.51704,90.0,,SKT-4214,1,1,GPNV
30/07/2025,05:31:15,44.88257,-63.51714,96.0,,SKT-4214,1,1,GPNV
30/07/2025,05:31:22,44.88266,-63.51714,81.0,,SKT-4214,1,1,GPNV
30/07/2025,05:31:29,44.88276,-63.51717,67.0,,SKT-4214,1,1,GPNV
30/07/2025,05:31:36,44.8828,-63.51719,62.0,,SKT-4214,1,1,GPNV
30/07/2025,05:31:43,44.88282,-63.51718,56.0,,SKT-4214,1,1,GPNV
30/07/2025,05:31:50,44.88281,-63.51714,57.0,,SKT-4214,1,1,GPNV
30/07/2025,05:31:58,44.88279,-63.51714,64.0,,SKT-4214,1,1,GPNV
30/07/2025,05:32:05,44.88276,-63.51715,72.0,,SKT-4214,1,1,GPNV
30/07/2025,05:32:12,44.88274,-63.51715,78.0,,SKT-4214,1,1,GPNV
30/07/2025,05:32:19,44.88271,-63.51715,83.0,,SKT-4214,1,1,GPNV
30/07/2025,05:32:26,44.8827,-63.51716,83.0,,SKT-4214,1,1,GPNV
30/07/2025,05:32:33,44.88269,-63.51714,82.0,,SKT-4214,1,1,GPNV
30/07/2025,05:32:40,44.88268,-63.51712,80.0,,SKT-4214,1,1,GPNV
30/07/2025,05:32:48,44.88267,-63.51711,85.0,,SKT-4214,1,1,GPNV
30/07/2025,05:32:55,44.88266,-63.51712,86.0,,SKT-4214,1,1,GPNV
30/07/2025,05:33:02,44.88264,-63.51712,82.0,,SKT-4214,1,1,GPNV
30/07/2025,05:33:09,44.88266,-63.51716,76.0,,SKT-4214,1,1,GPNV
30/07/2025,05:33:16,44.88261,-63.5171,76.0,,SKT-4214,1,1,GPNV
30/07/2025,05:33:24,44.88255,-63.517,82.0,,SKT-4214,1,1,GPNV
30/07/2025,05:33:31,44.88252,-63.51695,92.0,,SKT-4214,1,1,GPNV
30/07/2025,05:33:38,44.88254,-63.51696,97.0,,SKT-4214,1,1,GPNV
30/07/2025,05:33:45,44.88257,-63.51697,101.0,,SKT-4214,1,1,GPNV
30/07/2025,05:33:52,44.88258,-63.51697,110.0,,SKT-4214,1,1,GPNV
30/07/2025,05:34:00,44.88259,-63.51698,118.0,,SKT-4214,1,1,GPNV
30/07/2025,05:34:07,44.8826,-63.51698,124.0,,SKT-4214,1,1,GPNV
30/07/2025,05:34:14,44.88262,-63.51695,128.0,,SKT-4214,1,1,GPNV
30/07/2025,05:34:21,44.88263,-63.5169,130.0,,SKT-4214,1,1,GPNV
30/07/2025,05:34:28,44.88266,-63.51687,122.0,,SKT-4214,1,1,GPNV
30/07/2025,05:34:35,44.88271,-63.51686,111.0,,SKT-4214,1,1,GPNV
30/07/2025,05:34:42,44.88274,-63.51689,108.0,,SKT-4214,1,1,GPNV
30/07/2025,05:34:50,44.88274,-63.51692,115.0,,SKT-4214,1,1,GPNV
30/07/2025,05:34:57,44.88274,-63.51695,118.0,,SKT-4214,1,1,GPNV
30/07/2025,05:35:04,44.88273,-63.51697,119.0,,SKT-4214,1,1,GPNV
30/07/2025,05:35:12,44.88274,-63.51698,117.0,,SKT-4214,1,1,GPNV
30/07/2025,05:35:19,44.88276,-63.51698,115.0,,SKT-4214,1,1,GPNV
30/07/2025,05:35:26,44.88276,-63.51699,117.0,,SKT-4214,1,1,GPNV
30/07/2025,05:35:33,44.88276,-63.517,117.0,,SKT-4214,1,1,GPNV
30/07/2025,05:35:40,44.88275,-63.517,112.0,,SKT-4214,1,1,GPNV
30/07/2025,05:35:47,44.88273,-63.51699,109.0,,SKT-4214,1,1,GPNV
30/07/2025,05:35:54,44.88271,-63.51697,111.0,,SKT-4214,1,1,GPNV
30/07/2025,05:36:01,44.88267,-63.51694,116.0,,SKT-4214,1,1,GPNV
30/07/2025,05:36:09,44.88267,-63.51694,115.0,,SKT-4214,1,1,GPNV
30/07/2025,05:36:16,44.88269,-63.51695,110.0,,SKT-4214,1,1,GPNV
30/07/2025,05:36:23,44.88274,-63.51697,97.0,,SKT-4214,1,1,GPNV
30/07/2025,05:36:30,44.88277,-63.51697,85.0,,SKT-4214,1,1,GPNV
30/07/2025,05:36:37,44.88279,-63.51694,79.0,,SKT-4214,1,1,GPNV
30/07/2025,05:36:45,44.88279,-63.51692,77.0,,SKT-4214,1,1,GPNV
30/07/2025,05:36:52,44.88274,-63.51688,84.0,,SKT-4214,1,1,GPNV
30/07/2025,05:36:59,44.88271,-63.51681,93.0,,SKT-4214,1,1,GPNV
30/07/2025,05:37:06,44.88268,-63.51675,104.0,,SKT-4214,1,1,GPNV
30/07/2025,05:37:13,44.88268,-63.51675,108.0,,SKT-4214,1,1,GPNV
30/07/2025,05:37:20,44.88271,-63.5168,105.0,,SKT-4214,1,1,GPNV
30/07/2025,05:37:27,44.88276,-63.5169,92.0,,SKT-4214,1,1,GPNV
30/07/2025,05:37:34,44.88278,-63.51698,81.0,,SKT-4214,1,1,GPNV
30/07/2025,05:37:42,44.88276,-63.517,73.0,,SKT-4214,1,1,GPNV
30/07/2025,05:37:49,44.88274,-63.51702,67.0,,SKT-4214,1,1,GPNV
30/07/2025,05:37:56,44.88273,-63.51701,63.0,,SKT-4214,1,1,GPNV
30/07/2025,05:38:03,44.88272,-63.517,62.0,,SKT-4214,1,1,GPNV
30/07/2025,05:38:10,44.88271,-63.51701,67.0,,SKT-4214,1,1,GPNV
30/07/2025,05:38:17,44.88272,-63.51698,69.0,,SKT-4214,1,1,GPNV
30/07/2025,05:38:24,44.88272,-63.51696,71.0,,SKT-4214,1,1,GPNV
30/07/2025,05:38:32,44.88271,-63.51701,74.0,,SKT-4214,1,1,GPNV
30/07/2025,05:38:39,44.88269,-63.51706,79.0,,SKT-4214,1,1,GPNV
30/07/2025,05:38:46,44.88269,-63.51709,77.0,,SKT-4214,1,1,GPNV
30/07/2025,05:38:53,44.88269,-63.51711,74.0,,SKT-4214,1,1,GPNV
30/07/2025,05:39:00,44.8827,-63.5171,78.0,,SKT-4214,1,1,GPNV
30/07/2025,05:39:07,44.88272,-63.51711,81.0,,SKT-4214,1,1,GPNV
30/07/2025,05:39:14,44.88274,-63.51711,87.0,,SKT-4214,1,1,GPNV
30/07/2025,05:39:21,44.88277,-63.51709,96.0,,SKT-4214,1,1,GPNV
30/07/2025,05:39:29,44.8828,-63.51707,102.0,,SKT-4214,1,1,GPNV
30/07/2025,05:39:36,44.88271,-63.51698,123.0,,SKT-4214,1,1,GPNV
30/07/2025,05:39:43,44.88258,-63.51688,152.0,,SKT-4214,1,1,GPNV
30/07/2025,05:39:50,44.8825,-63.51683,171.0,,SKT-4214,1,1,GPNV
30/07/2025,05:39:57,44.88252,-63.51683,183.0,,SKT-4214,1,1,GPNV
30/07/2025,05:40:04,44.88251,-63.51684,172.0,,SKT-4214,1,1,GPNV
30/07/2025,05:40:11,44.88251,-63.51685,165.0,,SKT-4214,1,1,GPNV
30/07/2025,05:40:18,44.88252,-63.51688,160.0,,SKT-4214,1,1,GPNV
30/07/2025,05:40:26,44.88253,-63.5169,154.0,,SKT-4214,1,1,GPNV
30/07/2025,05:40:33,44.88252,-63.51691,156.0,,SKT-4214,1,1,GPNV
30/07/2025,05:40:40,44.88248,-63.51688,157.0,,SKT-4214,1,1,GPNV
30/07/2025,05:40:47,44.88241,-63.51688,151.0,,SKT-4214,1,1,GPNV
30/07/2025,05:40:54,44.88237,-63.51688,140.0,,SKT-4214,1,1,GPNV
30/07/2025,05:41:02,44.88234,-63.51687,128.0,,SKT-4214,1,1,GPNV
30/07/2025,05:41:09,44.88232,-63.51688,124.0,,SKT-4214,1,1,GPNV
30/07/2025,05:41:16,44.88231,-63.51692,128.0,,SKT-4214,1,1,GPNV
30/07/2025,05:41:23,44.88229,-63.51696,137.0,,SKT-4214,1,1,GPNV
30/07/2025,05:41:30,44.88229,-63.51699,148.0,,SKT-4214,1,1,GPNV
30/07/2025,05:41:37,44.88231,-63.517,154.0,,SKT-4214,1,1,GPNV
30/07/2025,05:41:45,44.88235,-63.51703,154.0,,SKT-4214,1,1,GPNV
30/07/2025,05:41:52,44.88243,-63.51707,143.0,,SKT-4214,1,1,GPNV
30/07/2025,05:41:59,44.88248,-63.51711,139.0,,SKT-4214,1,1,GPNV
30/07/2025,05:42:06,44.88252,-63.51711,135.0,,SKT-4214,1,1,GPNV
30/07/2025,05:42:13,44.88255,-63.51711,135.0,,SKT-4214,1,1,GPNV
30/07/2025,05:42:20,44.88255,-63.51709,138.0,,SKT-4214,1,1,GPNV
30/07/2025,05:42:28,44.88259,-63.51706,130.0,,SKT-4214,1,1,GPNV
30/07/2025,05:42:35,44.88263,-63.51697,125.0,,SKT-4214,1,1,GPNV
30/07/2025,05:42:42,44.88267,-63.51689,130.0,,SKT-4214,1,1,GPNV
30/07/2025,05:42:49,44.8827,-63.51685,137.0,,SKT-4214,1,1,GPNV
30/07/2025,05:42:56,44.88272,-63.51686,141.0,,SKT-4214,1,1,GPNV
30/07/2025,05:43:03,44.88272,-63.51689,140.0,,SKT-4214,1,1,GPNV
30/07/2025,05:43:10,44.88272,-63.51693,138.0,,SKT-4214,1,1,GPNV
30/07/2025,05:43:18,44.88272,-63.51696,136.0,,SKT-4214,1,1,GPNV
30/07/2025,05:43:25,44.88271,-63.51701,131.0,,SKT-4214,1,1,GPNV
30/07/2025,05:43:32,44.88268,-63.51707,127.0,,SKT-4214,1,1,GPNV
30/07/2025,05:43:39,44.88265,-63.51712,120.0,,SKT-4214,1,1,GPNV
30/07/2025,05:43:46,44.88263,-63.51718,110.0,,SKT-4214,1,1,GPNV
30/07/2025,05:43:55,44.88263,-63.51719,100.0,,SKT-4214,1,1,GPNV
30/07/2025,05:44:02,44.88263,-63.51716,90.0,,SKT-4214,1,1,GPNV
30/07/2025,05:44:09,44.88263,-63.51709,81.0,,SKT-4214,1,1,GPNV
30/07/2025,05:44:16,44.88266,-63.51699,74.0,,SKT-4214,1,1,GPNV
30/07/2025,05:44:23,44.88266,-63.51693,73.0,,SKT-4214,1,1,GPNV
30/07/2025,05:44:31,44.88259,-63.5169,80.0,,SKT-4214,1,1,GPNV
30/07/2025,05:44:38,44.88255,-63.51689,84.0,,SKT-4214,1,1,GPNV
30/07/2025,05:44:45,44.88252,-63.51687,85.0,,SKT-4214,1,1,GPNV
30/07/2025,05:44:52,44.88249,-63.5169,89.0,,SKT-4214,1,1,GPNV
30/07/2025,05:44:59,44.88246,-63.51696,96.0,,SKT-4214,1,1,GPNV
30/07/2025,05:45:06,44.88243,-63.51701,105.0,,SKT-4214,1,1,GPNV
30/07/2025,05:45:14,44.88244,-63.517,111.0,,SKT-4214,1,1,GPNV
30/07/2025,05:45:21,44.88246,-63.51695,113.0,,SKT-4214,1,1,GPNV
30/07/2025,05:45:28,44.88248,-63.51693,117.0,,SKT-4214,1,1,GPNV
30/07/2025,05:45:35,44.8825,-63.51691,126.0,,SKT-4214,1,1,GPNV
30/07/2025,05:45:42,44.88251,-63.51691,134.0,,SKT-4214,1,1,GPNV
30/07/2025,05:45:50,44.88248,-63.51694,143.0,,SKT-4214,1,1,GPNV
30/07/2025,05:45:57,44.88246,-63.51696,142.0,,SKT-4214,1,1,GPNV
30/07/2025,05:46:04,44.88239,-63.51703,143.0,,SKT-4214,1,1,GPNV
30/07/2025,05:46:11,44.88235,-63.51707,145.0,,SKT-4214,1,1,GPNV
30/07/2025,05:46:18,44.88235,-63.51708,146.0,,SKT-4214,1,1,GPNV
30/07/2025,05:46:26,44.88238,-63.51707,139.0,,SKT-4214,1,1,GPNV
30/07/2025,05:46:33,44.88243,-63.51711,131.0,,SKT-4214,1,1,GPNV
30/07/2025,05:46:40,44.88253,-63.51707,110.0,,SKT-4214,1,1,GPNV
30/07/2025,05:46:47,44.8826,-63.51705,93.0,,SKT-4214,1,1,GPNV
30/07/2025,05:46:54,44.88265,-63.51703,81.0,,SKT-4214,1,1,GPNV
30/07/2025,05:47:01,44.88269,-63.51701,75.0,,SKT-4214,1,1,GPNV
30/07/2025,05:47:08,44.88271,-63.51699,74.0,,SKT-4214,1,1,GPNV
30/07/2025,05:47:16,44.88268,-63.51699,76.0,,SKT-4214,1,1,GPNV
30/07/2025,05:47:23,44.88263,-63.51701,81.0,,SKT-4214,1,1,GPNV
30/07/2025,05:47:30,44.88257,-63.51702,82.0,,SKT-4214,1,1,GPNV
30/07/2025,05:47:37,44.88251,-63.51705,81.0,,SKT-4214,1,1,GPNV
30/07/2025,05:47:44,44.88245,-63.51706,83.0,,SKT-4214,1,1,GPNV
30/07/2025,05:47:51,44.8824,-63.51706,84.0,,SKT-4214,1,1,GPNV
30/07/2025,05:47:59,44.88239,-63.51702,88.0,,SKT-4214,1,1,GPNV
30/07/2025,05:48:06,44.88241,-63.51702,94.0,,SKT-4214,1,1,GPNV
30/07/2025,05:48:13,44.88247,-63.51701,102.0,,SKT-4214,1,1,GPNV
30/07/2025,05:48:20,44.88251,-63.51699,111.0,,SKT-4214,1,1,GPNV
30/07/2025,05:48:27,44.88253,-63.51696,116.0,,SKT-4214,1,1,GPNV
30/07/2025,05:48:34,44.88254,-63.51694,122.0,,SKT-4214,1,1,GPNV
30/07/2025,05:48:41,44.88255,-63.51698,127.0,,SKT-4214,1,1,GPNV
30/07/2025,05:48:49,44.88258,-63.51701,128.0,,SKT-4214,1,1,GPNV
30/07/2025,05:48:56,44.8826,-63.51703,124.0,,SKT-4214,1,1,GPNV
30/07/2025,05:49:03,44.88263,-63.51706,121.0,,SKT-4214,1,1,GPNV
30/07/2025,05:49:10,44.88268,-63.51709,106.0,,SKT-4214,1,1,GPNV
30/07/2025,05:49:17,44.88273,-63.51711,97.0,,SKT-4214,1,1,GPNV
30/07/2025,05:49:24,44.88273,-63.5171,94.0,,SKT-4214,1,1,GPNV
30/07/2025,05:49:32,44.88267,-63.51706,102.0,,SKT-4214,1,1,GPNV
30/07/2025,05:49:39,44.88262,-63.517,112.0,,SKT-4214,1,1,GPNV
30/07/2025,05:49:46,44.8826,-63.51694,121.0,,SKT-4214,1,1,GPNV
30/07/2025,05:49:53,44.88263,-63.5169,122.0,,SKT-4214,1,1,GPNV
30/07/2025,05:50:00,44.88271,-63.5169,112.0,,SKT-4214,1,1,GPNV
30/07/2025,05:50:07,44.88278,-63.51689,98.0,,SKT-4214,1,1,GPNV
30/07/2025,05:50:15,44.88282,-63.51692,80.0,,SKT-4214,1,1,GPNV
30/07/2025,05:50:22,44.8828,-63.51696,70.0,,SKT-4214,1,1,GPNV
30/07/2025,05:50:29,44.88276,-63.51698,73.0,,SKT-4214,1,1,GPNV
30/07/2025,05:50:36,44.88273,-63.517,80.0,,SKT-4214,1,1,GPNV
30/07/2025,05:50:43,44.88273,-63.517,84.0,,SKT-4214,1,1,GPNV
30/07/2025,05:50:51,44.88276,-63.51698,84.0,,SKT-4214,1,1,GPNV
30/07/2025,05:50:58,44.88275,-63.51698,81.0,,SKT-4214,1,1,GPNV
30/07/2025,05:51:05,44.88274,-63.51698,78.0,,SKT-4214,1,1,GPNV
30/07/2025,05:51:12,44.88272,-63.51697,76.0,,SKT-4214,1,1,GPNV
30/07/2025,05:51:19,44.8827,-63.51696,74.0,,SKT-4214,1,1,GPNV
30/07/2025,05:51:27,44.88269,-63.51695,72.0,,SKT-4214,1,1,GPNV
30/07/2025,05:51:34,44.88266,-63.51698,67.0,,SKT-4214,1,1,GPNV
30/07/2025,05:51:41,44.88261,-63.51699,63.0,,SKT-4214,1,1,GPNV
30/07/2025,05:51:48,44.88257,-63.517,67.0,,SKT-4214,1,1,GPNV
30/07/2025,05:51:55,44.88256,-63.51698,79.0,,SKT-4214,1,1,GPNV
30/07/2025,05:52:02,44.88255,-63.51698,80.0,,SKT-4214,1,1,GPNV
30/07/2025,05:52:09,44.88255,-63.51697,70.0,,SKT-4214,1,1,GPNV
30/07/2025,05:52:16,44.88258,-63.51691,55.0,,SKT-4214,1,1,GPNV
30/07/2025,05:52:24,44.88261,-63.51688,39.0,,SKT-4214,1,1,GPNV
30/07/2025,05:52:31,44.88256,-63.51688,66.0,,SKT-4214,1,1,GPNV
30/07/2025,05:52:38,44.88256,-63.51687,81.0,,SKT-4214,1,1,GPNV
30/07/2025,05:52:45,44.88255,-63.51686,92.0,,SKT-4214,1,1,GPNV
30/07/2025,05:52:52,44.88255,-63.51687,98.0,,SKT-4214,1,1,GPNV
30/07/2025,05:52:59,44.88256,-63.5169,100.0,,SKT-4214,1,1,GPNV
30/07/2025,05:53:06,44.88256,-63.51693,99.0,,SKT-4214,1,1,GPNV
30/07/2025,05:53:14,44.88254,-63.51699,93.0,,SKT-4214,1,1,GPNV
30/07/2025,05:53:21,44.88253,-63.51704,91.0,,SKT-4214,1,1,GPNV
30/07/2025,05:53:28,44.88251,-63.51705,89.0,,SKT-4214,1,1,GPNV
30/07/2025,05:53:35,44.88251,-63.51703,89.0,,SKT-4214,1,1,GPNV
30/07/2025,05:53:42,44.88257,-63.51692,105.0,,SKT-4214,1,1,GPNV
30/07/2025,05:53:49,44.88261,-63.5168,117.0,,SKT-4214,1,1,GPNV
30/07/2025,05:53:57,44.88264,-63.51671,127.0,,SKT-4214,1,1,GPNV
30/07/2025,05:54:04,44.88265,-63.51666,134.0,,SKT-4214,1,1,GPNV
30/07/2025,05:54:11,44.88265,-63.51664,138.0,,SKT-4214,1,1,GPNV
30/07/2025,05:54:18,44.88267,-63.51669,140.0,,SKT-4214,1,1,GPNV
30/07/2025,05:54:25,44.88266,-63.51674,137.0,,SKT-4214,1,1,GPNV
30/07/2025,05:54:32,44.88269,-63.51669,148.0,,SKT-4214,1,1,GPNV
30/07/2025,05:54:40,44.88272,-63.51665,155.0,,SKT-4214,1,1,GPNV
30/07/2025,05:54:47,44.88275,-63.51662,161.0,,SKT-4214,1,1,GPNV
30/07/2025,05:54:54,44.88279,-63.51661,168.0,,SKT-4214,1,1,GPNV
30/07/2025,05:55:01,44.88283,-63.51663,170.0,,SKT-4214,1,1,GPNV
30/07/2025,05:55:08,44.88287,-63.51669,166.0,,SKT-4214,1,1,GPNV
30/07/2025,05:55:15,44.88286,-63.51673,159.0,,SKT-4214,1,1,GPNV
30/07/2025,05:55:23,44.88282,-63.51682,144.0,,SKT-4214,1,1,GPNV
30/07/2025,05:55:30,44.88275,-63.51691,123.0,,SKT-4214,1,1,GPNV
30/07/2025,05:55:37,44.88269,-63.51702,105.0,,SKT-4214,1,1,GPNV
30/07/2025,05:55:44,44.88264,-63.5171,91.0,,SKT-4214,1,1,GPNV
30/07/2025,05:55:51,44.88261,-63.51715,80.0,,SKT-4214,1,1,GPNV
30/07/2025,05:55:58,44.8826,-63.51717,75.0,,SKT-4214,1,1,GPNV
30/07/2025,05:56:05,44.88258,-63.51718,74.0,,SKT-4214,1,1,GPNV
30/07/2025,05:56:13,44.88258,-63.51719,74.0,,SKT-4214,1,1,GPNV
30/07/2025,05:56:20,44.88258,-63.5172,75.0,,SKT-4214,1,1,GPNV
30/07/2025,05:56:27,44.88259,-63.51722,76.0,,SKT-4214,1,1,GPNV
30/07/2025,05:56:34,44.8826,-63.51723,77.0,,SKT-4214,1,1,GPNV
30/07/2025,05:56:41,44.8826,-63.51724,74.0,,SKT-4214,1,1,GPNV
30/07/2025,05:56:48,44.88261,-63.51723,71.0,,SKT-4214,1,1,GPNV
30/07/2025,05:56:55,44.88261,-63.51718,72.0,,SKT-4214,1,1,GPNV
30/07/2025,05:57:03,44.88264,-63.51711,73.0,,SKT-4214,1,1,GPNV
30/07/2025,05:57:10,44.88266,-63.51707,75.0,,SKT-4214,1,1,GPNV
30/07/2025,05:57:17,44.88267,-63.51705,80.0,,SKT-4214,1,1,GPNV
30/07/2025,05:57:24,44.88267,-63.51702,84.0,,SKT-4214,1,1,GPNV
30/07/2025,05:57:31,44.88267,-63.51702,85.0,,SKT-4214,1,1,GPNV
30/07/2025,05:57:38,44.88266,-63.51705,81.0,,SKT-4214,1,1,GPNV
30/07/2025,05:57:46,44.88265,-63.51705,76.0,,SKT-4214,1,1,GPNV
30/07/2025,05:57:53,44.88264,-63.51709,71.0,,SKT-4214,1,1,GPNV
30/07/2025,05:58:00,44.88266,-63.51717,66.0,,SKT-4214,1,1,GPNV
30/07/2025,05:58:07,44.88267,-63.51722,61.0,,SKT-4214,1,1,GPNV
30/07/2025,05:58:14,44.88267,-63.5172,59.0,,SKT-4214,1,1,GPNV
30/07/2025,05:58:22,44.88265,-63.51717,56.0,,SKT-4214,1,1,GPNV
30/07/2025,05:58:29,44.8826,-63.51713,51.0,,SKT-4214,1,1,GPNV
30/07/2025,05:58:36,44.88256,-63.51712,47.0,,SKT-4214,1,1,GPNV
30/07/2025,05:58:43,44.88255,-63.51712,41.0,,SKT-4214,1,1,GPNV
30/07/2025,05:58:50,44.88252,-63.51712,38.0,,SKT-4214,1,1,GPNV
30/07/2025,05:58:57,44.88251,-63.51712,36.0,,SKT-4214,1,1,GPNV
30/07/2025,05:59:04,44.88248,-63.51711,33.0,,SKT-4214,1,1,GPNV
30/07/2025,05:59:12,44.88245,-63.51714,37.0,,SKT-4214,1,1,GPNV
30/07/2025,05:59:19,44.88245,-63.51719,39.0,,SKT-4214,1,1,GPNV
30/07/2025,05:59:26,44.88243,-63.51722,41.0,,SKT-4214,1,1,GPNV
30/07/2025,05:59:33,44.88246,-63.51721,49.0,,SKT-4214,1,1,GPNV
30/07/2025,05:59:40,44.8825,-63.51721,57.0,,SKT-4214,1,1,GPNV
30/07/2025,05:59:47,44.88255,-63.51712,74.0,,SKT-4214,1,1,GPNV
30/07/2025,05:59:55,44.8826,-63.51702,91.0,,SKT-4214,1,1,GPNV
30/07/2025,06:00:02,44.8826,-63.51702,94.0,,SKT-4214,1,1,GPNV
30/07/2025,06:00:09,44.88259,-63.51702,96.0,,SKT-4214,1,1,GPNV
30/07/2025,06:00:16,44.88258,-63.51703,95.0,,SKT-4214,1,1,GPNV
30/07/2025,06:00:23,44.88257,-63.51706,91.0,,SKT-4214,1,1,GPNV
30/07/2025,06:00:30,44.88259,-63.51707,89.0,,SKT-4214,1,1,GPNV
30/07/2025,06:00:38,44.88261,-63.51707,88.0,,SKT-4214,1,1,GPNV
30/07/2025,06:00:45,44.88265,-63.51707,94.0,,SKT-4214,1,1,GPNV
30/07/2025,06:00:52,44.88268,-63.51707,95.0,,SKT-4214,1,1,GPNV
30/07/2025,06:00:59,44.8827,-63.51706,94.0,,SKT-4214,1,1,GPNV
30/07/2025,06:01:06,44.88271,-63.51705,94.0,,SKT-4214,1,1,GPNV
30/07/2025,06:01:14,44.88272,-63.51704,94.0,,SKT-4214,1,1,GPNV
30/07/2025,06:01:21,44.88273,-63.51705,91.0,,SKT-4214,1,1,GPNV
30/07/2025,06:01:28,44.88275,-63.51707,84.0,,SKT-4214,1,1,GPNV
30/07/2025,06:01:35,44.88276,-63.51709,76.0,,SKT-4214,1,1,GPNV
30/07/2025,06:01:42,44.88276,-63.51711,68.0,,SKT-4214,1,1,GPNV
30/07/2025,06:01:49,44.88276,-63.51709,66.0,,SKT-4214,1,1,GPNV
30/07/2025,06:01:57,44.88278,-63.51706,65.0,,SKT-4214,1,1,GPNV
30/07/2025,06:02:04,44.88279,-63.51706,67.0,,SKT-4214,1,1,GPNV
30/07/2025,06:02:11,44.88279,-63.51704,70.0,,SKT-4214,1,1,GPNV
30/07/2025,06:02:18,44.88276,-63.51702,70.0,,SKT-4214,1,1,GPNV
30/07/2025,06:02:25,44.88272,-63.51702,71.0,,SKT-4214,1,1,GPNV
30/07/2025,06:02:33,44.88267,-63.51702,74.0,,SKT-4214,1,1,GPNV
30/07/2025,06:02:40,44.88259,-63.51704,69.0,,SKT-4214,1,1,GPNV
30/07/2025,06:02:47,44.88252,-63.51704,64.0,,SKT-4214,1,1,GPNV
30/07/2025,06:02:54,44.88251,-63.51706,64.0,,SKT-4214,1,1,GPNV
30/07/2025,06:03:01,44.8825,-63.51706,69.0,,SKT-4214,1,1,GPNV
30/07/2025,06:03:08,44.88253,-63.51708,83.0,,SKT-4214,1,1,GPNV
30/07/2025,06:03:15,44.88259,-63.51711,101.0,,SKT-4214,1,1,GPNV
30/07/2025,06:03:22,44.88263,-63.51712,116.0,,SKT-4214,1,1,GPNV
30/07/2025,06:03:30,44.88266,-63.51711,126.0,,SKT-4214,1,1,GPNV
30/07/2025,06:03:37,44.88267,-63.51711,131.0,,SKT-4214,1,1,GPNV
30/07/2025,06:03:44,44.88268,-63.51709,133.0,,SKT-4214,1,1,GPNV
30/07/2025,06:03:51,44.88267,-63.51706,132.0,,SKT-4214,1,1,GPNV
30/07/2025,06:03:58,44.88265,-63.51699,131.0,,SKT-4214,1,1,GPNV
30/07/2025,06:04:05,44.88263,-63.51693,128.0,,SKT-4214,1,1,GPNV
30/07/2025,06:04:13,44.88262,-63.51687,124.0,,SKT-4214,1,1,GPNV
30/07/2025,06:04:20,44.8826,-63.51685,118.0,,SKT-4214,1,1,GPNV
30/07/2025,06:04:27,44.88258,-63.51682,111.0,,SKT-4214,1,1,GPNV
30/07/2025,06:04:34,44.88255,-63.51679,102.0,,SKT-4214,1,1,GPNV
30/07/2025,06:04:41,44.8825,-63.51678,93.0,,SKT-4214,1,1,GPNV
30/07/2025,06:04:48,44.88245,-63.51677,91.0,,SKT-4214,1,1,GPNV
30/07/2025,06:04:56,44.88238,-63.51677,87.0,,SKT-4214,1,1,GPNV
30/07/2025,06:05:03,44.88232,-63.51681,82.0,,SKT-4214,1,1,GPNV
30/07/2025,06:05:10,44.8823,-63.51703,62.0,,SKT-4214,1,1,GPNV
30/07/2025,06:05:17,44.8823,-63.51709,56.0,,SKT-4214,1,1,GPNV
30/07/2025,06:05:24,44.88234,-63.5171,57.0,,SKT-4214,1,1,GPNV
30/07/2025,06:05:32,44.88239,-63.51709,60.0,,SKT-4214,1,1,GPNV
30/07/2025,06:05:39,44.88243,-63.51709,64.0,,SKT-4214,1,1,GPNV
30/07/2025,06:05:46,44.88244,-63.5171,69.0,,SKT-4214,1,1,GPNV
30/07/2025,06:05:53,44.88245,-63.51712,74.0,,SKT-4214,1,1,GPNV
30/07/2025,06:06:00,44.88249,-63.51714,78.0,,SKT-4214,1,1,GPNV
30/07/2025,06:06:07,44.88254,-63.51713,84.0,,SKT-4214,1,1,GPNV
30/07/2025,06:06:15,44.8826,-63.51711,96.0,,SKT-4214,1,1,GPNV
30/07/2025,06:06:22,44.88265,-63.51709,113.0,,SKT-4214,1,1,GPNV
30/07/2025,06:06:29,44.88271,-63.51708,126.0,,SKT-4214,1,1,GPNV
30/07/2025,06:06:36,44.88276,-63.51707,137.0,,SKT-4214,1,1,GPNV
30/07/2025,06:06:43,44.8828,-63.51709,141.0,,SKT-4214,1,1,GPNV
30/07/2025,06:06:51,44.88287,-63.51705,149.0,,SKT-4214,1,1,GPNV
30/07/2025,06:06:58,44.88286,-63.51704,144.0,,SKT-4214,1,1,GPNV
30/07/2025,06:07:05,44.88282,-63.51704,138.0,,SKT-4214,1,1,GPNV
30/07/2025,06:07:12,44.88279,-63.51703,135.0,,SKT-4214,1,1,GPNV
30/07/2025,06:07:19,44.88276,-63.51704,130.0,,SKT-4214,1,1,GPNV
30/07/2025,06:07:27,44.8827,-63.51704,116.0,,SKT-4214,1,1,GPNV
30/07/2025,06:07:35,44.88264,-63.51701,104.0,,SKT-4214,1,1,GPNV
30/07/2025,06:07:42,44.88261,-63.51698,101.0,,SKT-4214,1,1,GPNV
30/07/2025,06:07:49,44.88258,-63.51693,101.0,,SKT-4214,1,1,GPNV
30/07/2025,06:07:56,44.88256,-63.51688,105.0,,SKT-4214,1,1,GPNV
30/07/2025,06:08:03,44.88253,-63.5168,105.0,,SKT-4214,1,1,GPNV
30/07/2025,06:08:11,44.88252,-63.51676,108.0,,SKT-4214,1,1,GPNV
30/07/2025,06:08:18,44.88252,-63.51675,114.0,,SKT-4214,1,1,GPNV
30/07/2025,06:08:26,44.88251,-63.51677,117.0,,SKT-4214,1,1,GPNV
30/07/2025,06:08:33,44.8825,-63.51678,121.0,,SKT-4214,1,1,GPNV
30/07/2025,06:08:40,44.8825,-63.51681,121.0,,SKT-4214,1,1,GPNV
30/07/2025,06:08:48,44.88249,-63.51688,119.0,,SKT-4214,1,1,GPNV
30/07/2025,06:08:56,44.88249,-63.51701,114.0,,SKT-4214,1,1,GPNV
30/07/2025,06:09:03,44.88247,-63.51698,114.0,,SKT-4214,1,1,GPNV
30/07/2025,06:09:10,44.88246,-63.51691,115.0,,SKT-4214,1,1,GPNV
30/07/2025,06:09:18,44.88243,-63.51676,119.0,,SKT-4214,1,1,GPNV
30/07/2025,06:09:25,44.88239,-63.51667,119.0,,SKT-4214,1,1,GPNV
30/07/2025,06:09:32,44.88238,-63.51664,122.0,,SKT-4214,1,1,GPNV
30/07/2025,06:09:39,44.88235,-63.51667,114.0,,SKT-4214,1,1,GPNV
30/07/2025,06:09:46,44.88234,-63.51674,101.0,,SKT-4214,1,1,GPNV
30/07/2025,06:09:53,44.88234,-63.51682,83.0,,SKT-4214,1,1,GPNV
30/07/2025,06:10:01,44.88235,-63.51691,73.0,,SKT-4214,1,1,GPNV
30/07/2025,06:10:08,44.88236,-63.51692,73.0,,SKT-4214,1,1,GPNV
30/07/2025,05:37:39,,,,,SKT-4214,1,1,GPNV
30/07/2025,06:10:28,44.88239,-63.51674,100.0,,SKT-4214,1,0,GPNV
30/07/2025,06:10:36,44.88241,-63.51672,100.0,,SKT-4214,1,1,GPNV
30/07/2025,06:10:44,44.88242,-63.5167,99.0,,SKT-4214,1,1,GPNV
30/07/2025,06:10:52,44.88242,-63.51663,89.0,,SKT-4214,1,1,GPNV
30/07/2025,06:11:00,44.88241,-63.51654,78.0,,SKT-4214,1,1,GPNV
30/07/2025,06:11:08,44.88237,-63.51645,82.0,,SKT-4214,1,1,GPNV
30/07/2025,06:11:16,44.88239,-63.51648,81.0,,SKT-4214,1,1,GPNV
30/07/2025,06:11:23,44.88243,-63.51658,73.0,,SKT-4214,1,1,GPNV
30/07/2025,06:11:30,44.88242,-63.51668,69.0,,SKT-4214,1,1,GPNV
30/07/2025,06:11:37,44.88243,-63.51674,62.0,,SKT-4214,1,1,GPNV
30/07/2025,06:11:44,44.88247,-63.51677,63.0,,SKT-4214,1,1,GPNV
30/07/2025,06:11:51,44.88251,-63.5168,61.0,,SKT-4214,1,1,GPNV
30/07/2025,06:11:58,44.88255,-63.51686,59.0,,SKT-4214,1,1,GPNV
30/07/2025,06:12:05,44.8826,-63.5169,56.0,,SKT-4214,1,1,GPNV
30/07/2025,06:12:13,44.88264,-63.51694,50.0,,SKT-4214,1,1,GPNV
30/07/2025,06:12:20,44.88267,-63.51687,56.0,,SKT-4214,1,1,GPNV
30/07/2025,06:12:27,44.88268,-63.51676,61.0,,SKT-4214,1,1,GPNV
30/07/2025,06:12:34,44.88266,-63.51669,68.0,,SKT-4214,1,1,GPNV
30/07/2025,06:12:41,44.88266,-63.51666,73.0,,SKT-4214,1,1,GPNV
30/07/2025,06:12:48,44.88267,-63.51669,73.0,,SKT-4214,1,1,GPNV
30/07/2025,06:12:56,44.88268,-63.51674,69.0,,SKT-4214,1,1,GPNV
30/07/2025,06:13:03,44.88268,-63.51677,67.0,,SKT-4214,1,1,GPNV
30/07/2025,06:13:10,44.88267,-63.5168,64.0,,SKT-4214,1,1,GPNV
30/07/2025,06:13:17,44.88267,-63.51682,63.0,,SKT-4214,1,1,GPNV
30/07/2025,06:13:24,44.88266,-63.51681,66.0,,SKT-4214,1,1,GPNV
30/07/2025,06:13:31,44.88266,-63.51677,68.0,,SKT-4214,1,1,GPNV
30/07/2025,06:13:38,44.88266,-63.51672,71.0,,SKT-4214,1,1,GPNV
30/07/2025,06:13:45,44.88266,-63.51668,72.0,,SKT-4214,1,1,GPNV
30/07/2025,06:13:52,44.88266,-63.5167,70.0,,SKT-4214,1,1,GPNV
30/07/2025,06:14:00,44.88265,-63.51675,66.0,,SKT-4214,1,1,GPNV
30/07/2025,06:14:07,44.88263,-63.51683,59.0,,SKT-4214,1,1,GPNV
30/07/2025,06:14:14,44.88263,-63.51689,52.0,,SKT-4214,1,1,GPNV
30/07/2025,06:14:22,44.88266,-63.51694,42.0,,SKT-4214,1,1,GPNV
30/07/2025,06:14:29,44.88269,-63.51694,41.0,,SKT-4214,1,1,GPNV
30/07/2025,06:14:36,44.8827,-63.51692,41.0,,SKT-4214,1,1,GPNV
30/07/2025,06:14:43,44.8827,-63.51688,45.0,,SKT-4214,1,1,GPNV
30/07/2025,06:14:50,44.88269,-63.51683,48.0,,SKT-4214,1,1,GPNV
30/07/2025,06:14:57,44.88268,-63.51678,51.0,,SKT-4214,1,1,GPNV
30/07/2025,06:15:04,44.88262,-63.51681,50.0,,SKT-4214,1,1,GPNV
30/07/2025,06:15:12,44.88256,-63.51686,48.0,,SKT-4214,1,1,GPNV
30/07/2025,06:15:19,44.88253,-63.51688,45.0,,SKT-4214,1,1,GPNV
30/07/2025,06:15:26,44.88253,-63.5169,43.0,,SKT-4214,1,1,GPNV
30/07/2025,06:15:33,44.88255,-63.5169,42.0,,SKT-4214,1,1,GPNV
30/07/2025,06:15:40,44.88258,-63.51691,42.0,,SKT-4214,1,1,GPNV
30/07/2025,06:15:48,44.8826,-63.51693,48.0,,SKT-4214,1,1,GPNV
30/07/2025,06:15:55,44.88263,-63.51694,54.0,,SKT-4214,1,1,GPNV
30/07/2025,06:16:02,44.88265,-63.51694,60.0,,SKT-4214,1,1,GPNV
30/07/2025,06:16:09,44.88267,-63.51694,66.0,,SKT-4214,1,1,GPNV
30/07/2025,06:16:16,44.88264,-63.51694,65.0,,SKT-4214,1,1,GPNV
30/07/2025,06:16:23,44.88261,-63.51693,68.0,,SKT-4214,1,1,GPNV
30/07/2025,06:16:31,44.88257,-63.51694,76.0,,SKT-4214,1,1,GPNV
30/07/2025,06:16:38,44.88255,-63.51694,82.0,,SKT-4214,1,1,GPNV
30/07/2025,06:16:45,44.88255,-63.51696,84.0,,SKT-4214,1,1,GPNV
30/07/2025,06:16:52,44.88256,-63.51698,76.0,,SKT-4214,1,1,GPNV
30/07/2025,06:16:59,44.88258,-63.51699,66.0,,SKT-4214,1,1,GPNV
30/07/2025,06:17:06,44.88257,-63.51698,58.0,,SKT-4214,1,1,GPNV
30/07/2025,06:17:13,44.88253,-63.51699,50.0,,SKT-4214,1,1,GPNV
30/07/2025,06:17:21,44.88245,-63.51703,49.0,,SKT-4214,1,1,GPNV
30/07/2025,06:17:28,44.88245,-63.51701,49.0,,SKT-4214,1,1,GPNV
30/07/2025,06:17:35,44.88243,-63.51702,48.0,,SKT-4214,1,1,GPNV
30/07/2025,06:17:42,44.88235,-63.51705,49.0,,SKT-4214,1,1,GPNV
30/07/2025,06:17:49,44.88229,-63.51711,42.0,,SKT-4214,1,1,GPNV
30/07/2025,06:17:56,44.88227,-63.51711,43.0,,SKT-4214,1,1,GPNV
30/07/2025,06:18:03,44.8823,-63.51711,42.0,,SKT-4214,1,1,GPNV
30/07/2025,06:18:11,44.88235,-63.51702,43.0,,SKT-4214,1,1,GPNV
30/07/2025,06:18:18,44.88238,-63.51697,45.0,,SKT-4214,1,1,GPNV
30/07/2025,06:18:25,44.8824,-63.51694,49.0,,SKT-4214,1,1,GPNV
30/07/2025,06:18:32,44.88244,-63.51695,51.0,,SKT-4214,1,1,GPNV
30/07/2025,06:18:39,44.88244,-63.51692,47.0,,SKT-4214,1,1,GPNV
30/07/2025,06:18:46,44.88245,-63.51686,38.0,,SKT-4214,1,1,GPNV
30/07/2025,06:18:54,44.88246,-63.51682,35.0,,SKT-4214,1,1,GPNV
30/07/2025,06:19:01,44.88245,-63.51682,34.0,,SKT-4214,1,1,GPNV
30/07/2025,06:19:08,44.88245,-63.51677,44.0,,SKT-4214,1,1,GPNV
30/07/2025,06:19:15,44.88246,-63.51675,55.0,,SKT-4214,1,1,GPNV
30/07/2025,06:19:22,44.88243,-63.51668,66.0,,SKT-4214,1,1,GPNV
30/07/2025,06:19:29,44.88246,-63.5167,68.0,,SKT-4214,1,1,GPNV
30/07/2025,06:19:36,44.88248,-63.51678,60.0,,SKT-4214,1,1,GPNV
30/07/2025,06:19:44,44.8825,-63.51682,53.0,,SKT-4214,1,1,GPNV
30/07/2025,06:19:51,44.88251,-63.51682,53.0,,SKT-4214,1,1,GPNV
30/07/2025,06:19:58,44.88253,-63.51683,46.0,,SKT-4214,1,1,GPNV
30/07/2025,06:20:05,44.88255,-63.51687,40.0,,SKT-4214,1,1,GPNV
30/07/2025,06:20:12,44.88255,-63.5169,36.0,,SKT-4214,1,1,GPNV
30/07/2025,06:20:19,44.88255,-63.51693,31.0,,SKT-4214,1,1,GPNV
30/07/2025,06:20:27,44.88256,-63.51694,32.0,,SKT-4214,1,1,GPNV
30/07/2025,06:20:34,44.88257,-63.51693,42.0,,SKT-4214,1,1,GPNV
30/07/2025,06:20:41,44.88258,-63.51691,53.0,,SKT-4214,1,1,GPNV
30/07/2025,06:20:48,44.88259,-63.51688,61.0,,SKT-4214,1,1,GPNV
30/07/2025,06:20:55,44.88261,-63.51682,64.0,,SKT-4214,1,1,GPNV
30/07/2025,06:21:02,44.88265,-63.51682,62.0,,SKT-4214,1,1,GPNV
30/07/2025,06:21:09,44.88268,-63.51684,53.0,,SKT-4214,1,1,GPNV
30/07/2025,06:21:16,44.88269,-63.51686,43.0,,SKT-4214,1,1,GPNV
30/07/2025,06:21:24,44.88271,-63.51685,37.0,,SKT-4214,1,1,GPNV
30/07/2025,06:21:31,44.88272,-63.51682,41.0,,SKT-4214,1,1,GPNV
30/07/2025,06:21:38,44.88272,-63.51683,44.0,,SKT-4214,1,1,GPNV
30/07/2025,06:21:45,44.88274,-63.51685,43.0,,SKT-4214,1,1,GPNV
30/07/2025,06:21:52,44.88276,-63.51689,43.0,,SKT-4214,1,1,GPNV
30/07/2025,06:21:59,44.88275,-63.51696,46.0,,SKT-4214,1,1,GPNV
30/07/2025,06:22:07,44.8827,-63.517,55.0,,SKT-4214,1,1,GPNV
30/07/2025,06:22:14,44.88264,-63.51701,64.0,,SKT-4214,1,1,GPNV
30/07/2025,06:22:21,44.88262,-63.51702,74.0,,SKT-4214,1,1,GPNV
30/07/2025,06:22:28,44.8826,-63.51704,83.0,,SKT-4214,1,1,GPNV
30/07/2025,06:22:35,44.8826,-63.51707,89.0,,SKT-4214,1,1,GPNV
30/07/2025,06:22:42,44.88258,-63.51709,92.0,,SKT-4214,1,1,GPNV
30/07/2025,06:22:50,44.88255,-63.51711,89.0,,SKT-4214,1,1,GPNV
30/07/2025,06:22:57,44.88248,-63.51712,83.0,,SKT-4214,1,1,GPNV
30/07/2025,06:23:04,44.88243,-63.51712,74.0,,SKT-4214,1,1,GPNV
30/07/2025,06:23:11,44.8824,-63.51707,74.0,,SKT-4214,1,1,GPNV
30/07/2025,06:23:18,44.8824,-63.51701,77.0,,SKT-4214,1,1,GPNV
30/07/2025,06:23:25,44.88242,-63.51696,76.0,,SKT-4214,1,1,GPNV
30/07/2025,06:23:33,44.88243,-63.5169,79.0,,SKT-4214,1,1,GPNV
30/07/2025,06:23:40,44.88246,-63.51685,79.0,,SKT-4214,1,1,GPNV
30/07/2025,06:23:47,44.8825,-63.51681,80.0,,SKT-4214,1,1,GPNV
30/07/2025,06:23:54,44.8825,-63.51683,79.0,,SKT-4214,1,1,GPNV
30/07/2025,06:24:01,44.88251,-63.51685,75.0,,SKT-4214,1,1,GPNV
30/07/2025,06:24:08,44.88252,-63.51685,70.0,,SKT-4214,1,1,GPNV
30/07/2025,06:24:16,44.88255,-63.51683,56.0,,SKT-4214,1,1,GPNV
30/07/2025,06:24:23,44.88256,-63.51685,39.0,,SKT-4214,1,1,GPNV
30/07/2025,06:24:30,44.88256,-63.51682,39.0,,SKT-4214,1,1,GPNV
30/07/2025,06:24:37,44.88255,-63.51682,44.0,,SKT-4214,1,1,GPNV
30/07/2025,06:24:44,44.88253,-63.5168,49.0,,SKT-4214,1,1,GPNV
30/07/2025,06:24:51,44.88252,-63.51681,57.0,,SKT-4214,1,1,GPNV
30/07/2025,06:24:59,44.8825,-63.51683,62.0,,SKT-4214,1,1,GPNV
30/07/2025,06:25:06,44.8825,-63.51679,68.0,,SKT-4214,1,1,GPNV
30/07/2025,06:25:13,44.88252,-63.51674,73.0,,SKT-4214,1,1,GPNV
30/07/2025,06:25:20,44.88255,-63.5167,75.0,,SKT-4214,1,1,GPNV
30/07/2025,06:25:27,44.88257,-63.51667,78.0,,SKT-4214,1,1,GPNV
30/07/2025,06:25:35,44.88259,-63.51664,74.0,,SKT-4214,1,1,GPNV
30/07/2025,06:25:42,44.88258,-63.51656,79.0,,SKT-4214,1,1,GPNV
30/07/2025,06:25:49,44.8826,-63.51663,67.0,,SKT-4214,1,1,GPNV
30/07/2025,06:25:56,44.88263,-63.51675,43.0,,SKT-4214,1,1,GPNV
30/07/2025,06:26:03,44.88267,-63.51678,41.0,,SKT-4214,1,1,GPNV
30/07/2025,06:26:10,44.88271,-63.51675,52.0,,SKT-4214,1,1,GPNV
30/07/2025,06:26:18,44.88275,-63.51672,59.0,,SKT-4214,1,1,GPNV
30/07/2025,06:26:25,44.88278,-63.51672,63.0,,SKT-4214,1,1,GPNV
30/07/2025,06:26:32,44.88277,-63.51671,67.0,,SKT-4214,1,1,GPNV
30/07/2025,06:26:39,44.88276,-63.5167,72.0,,SKT-4214,1,1,GPNV
30/07/2025,06:26:46,44.88273,-63.51669,78.0,,SKT-4214,1,1,GPNV
30/07/2025,06:26:53,44.88266,-63.51671,79.0,,SKT-4214,1,1,GPNV
30/07/2025,06:27:00,44.88254,-63.51677,79.0,,SKT-4214,1,1,GPNV
30/07/2025,06:27:07,44.88252,-63.51678,80.0,,SKT-4214,1,1,GPNV
30/07/2025,06:27:15,44.88256,-63.51679,80.0,,SKT-4214,1,1,GPNV
30/07/2025,06:27:22,44.88258,-63.51677,83.0,,SKT-4214,1,1,GPNV
30/07/2025,06:27:29,44.88259,-63.51678,85.0,,SKT-4214,1,1,GPNV
30/07/2025,06:27:36,44.88256,-63.51682,84.0,,SKT-4214,1,1,GPNV
30/07/2025,06:27:43,44.88254,-63.51684,85.0,,SKT-4214,1,1,GPNV
30/07/2025,06:27:50,44.8825,-63.51685,88.0,,SKT-4214,1,1,GPNV
30/07/2025,06:27:57,44.88248,-63.51686,93.0,,SKT-4214,1,1,GPNV
30/07/2025,06:28:05,44.88247,-63.5169,92.0,,SKT-4214,1,1,GPNV
30/07/2025,06:28:12,44.88243,-63.51694,90.0,,SKT-4214,1,1,GPNV
30/07/2025,06:28:19,44.8824,-63.517,88.0,,SKT-4214,1,1,GPNV
30/07/2025,06:28:26,44.88237,-63.51704,85.0,,SKT-4214,1,1,GPNV
30/07/2025,06:28:33,44.88234,-63.51707,83.0,,SKT-4214,1,1,GPNV
30/07/2025,06:28:41,44.88234,-63.51708,84.0,,SKT-4214,1,1,GPNV
30/07/2025,06:28:49,44.88236,-63.51711,82.0,,SKT-4214,1,1,GPNV
30/07/2025,06:28:56,44.88235,-63.51715,79.0,,SKT-4214,1,1,GPNV
30/07/2025,06:29:03,44.88239,-63.51714,71.0,,SKT-4214,1,1,GPNV
30/07/2025,06:29:10,44.88242,-63.51714,59.0,,SKT-4214,1,1,GPNV
30/07/2025,06:29:17,44.88243,-63.51714,49.0,,SKT-4214,1,1,GPNV
30/07/2025,06:29:24,44.88241,-63.51716,40.0,,SKT-4214,1,1,GPNV
30/07/2025,06:29:31,44.88238,-63.5172,33.0,,SKT-4214,1,1,GPNV
30/07/2025,06:29:39,44.88235,-63.51722,31.0,,SKT-4214,1,1,GPNV
30/07/2025,06:29:46,44.88235,-63.51723,28.0,,SKT-4214,1,1,GPNV
30/07/2025,06:29:53,44.88239,-63.51719,26.0,,SKT-4214,1,1,GPNV
30/07/2025,06:30:00,44.88245,-63.51714,24.0,,SKT-4214,1,1,GPNV
30/07/2025,06:30:07,44.88253,-63.51709,30.0,,SKT-4214,1,1,GPNV
30/07/2025,06:30:14,44.88259,-63.51706,43.0,,SKT-4214,1,1,GPNV
30/07/2025,06:30:21,44.88262,-63.51702,55.0,,SKT-4214,1,1,GPNV
30/07/2025,06:30:29,44.88264,-63.51699,64.0,,SKT-4214,1,1,GPNV
30/07/2025,06:30:36,44.88266,-63.51697,68.0,,SKT-4214,1,1,GPNV
30/07/2025,06:30:43,44.88272,-63.5171,57.0,,SKT-4214,1,1,GPNV
30/07/2025,06:30:50,44.88276,-63.51715,56.0,,SKT-4214,1,1,GPNV
30/07/2025,06:30:57,44.88281,-63.51714,63.0,,SKT-4214,1,1,GPNV
30/07/2025,06:31:05,44.88284,-63.51714,70.0,,SKT-4214,1,1,GPNV
30/07/2025,06:31:12,44.88286,-63.51714,75.0,,SKT-4214,1,1,GPNV
30/07/2025,06:31:19,44.88289,-63.51715,82.0,,SKT-4214,1,1,GPNV
30/07/2025,06:31:26,44.88292,-63.51715,88.0,,SKT-4214,1,1,GPNV
30/07/2025,06:31:33,44.88292,-63.51716,97.0,,SKT-4214,1,1,GPNV
30/07/2025,06:31:40,44.8829,-63.51717,108.0,,SKT-4214,1,1,GPNV
30/07/2025,06:31:48,44.88287,-63.51717,118.0,,SKT-4214,1,1,GPNV
30/07/2025,06:31:55,44.88284,-63.51717,122.0,,SKT-4214,1,1,GPNV
30/07/2025,06:32:02,44.88282,-63.51717,119.0,,SKT-4214,1,1,GPNV
30/07/2025,06:32:09,44.88277,-63.51715,116.0,,SKT-4214,1,1,GPNV
30/07/2025,06:32:16,44.88272,-63.51714,110.0,,SKT-4214,1,1,GPNV
30/07/2025,06:32:23,44.88267,-63.51712,105.0,,SKT-4214,1,1,GPNV
30/07/2025,06:32:31,44.88262,-63.51711,101.0,,SKT-4214,1,1,GPNV
30/07/2025,06:32:38,44.8826,-63.5171,99.0,,SKT-4214,1,1,GPNV
30/07/2025,06:32:45,44.88258,-63.51707,94.0,,SKT-4214,1,1,GPNV
30/07/2025,06:32:53,44.88257,-63.51703,91.0,,SKT-4214,1,1,GPNV
30/07/2025,06:33:00,44.88256,-63.51702,86.0,,SKT-4214,1,1,GPNV
30/07/2025,06:33:07,44.88255,-63.51705,79.0,,SKT-4214,1,1,GPNV
30/07/2025,06:33:14,44.88253,-63.51705,70.0,,SKT-4214,1,1,GPNV
30/07/2025,06:33:22,44.88251,-63.51698,80.0,,SKT-4214,1,1,GPNV
30/07/2025,06:33:29,44.88248,-63.51686,101.0,,SKT-4214,1,1,GPNV
30/07/2025,06:33:36,44.88246,-63.5168,116.0,,SKT-4214,1,1,GPNV
30/07/2025,06:33:43,44.88245,-63.5168,121.0,,SKT-4214,1,1,GPNV
30/07/2025,06:33:50,44.88246,-63.51682,120.0,,SKT-4214,1,1,GPNV
30/07/2025,06:33:57,44.88246,-63.51684,118.0,,SKT-4214,1,1,GPNV
30/07/2025,06:34:05,44.88246,-63.51685,116.0,,SKT-4214,1,1,GPNV
30/07/2025,06:34:13,44.88247,-63.51686,115.0,,SKT-4214,1,1,GPNV
30/07/2025,06:34:20,44.88252,-63.51686,116.0,,SKT-4214,1,1,GPNV
30/07/2025,06:34:27,44.88259,-63.51688,120.0,,SKT-4214,1,1,GPNV
30/07/2025,06:34:34,44.88264,-63.51688,121.0,,SKT-4214,1,1,GPNV
30/07/2025,06:34:42,44.88266,-63.51691,117.0,,SKT-4214,1,1,GPNV
30/07/2025,06:34:49,44.88266,-63.51694,111.0,,SKT-4214,1,1,GPNV
30/07/2025,06:34:56,44.88264,-63.51696,100.0,,SKT-4214,1,1,GPNV
30/07/2025,06:35:03,44.88262,-63.51696,91.0,,SKT-4214,1,1,GPNV
30/07/2025,06:35:10,44.88259,-63.51694,81.0,,SKT-4214,1,1,GPNV
30/07/2025,06:35:17,44.88257,-63.51693,77.0,,SKT-4214,1,1,GPNV
30/07/2025,06:35:24,44.88258,-63.51692,84.0,,SKT-4214,1,1,GPNV
30/07/2025,06:35:32,44.88256,-63.51691,85.0,,SKT-4214,1,1,GPNV
30/07/2025,06:35:39,44.88256,-63.51694,88.0,,SKT-4214,1,1,GPNV
30/07/2025,06:35:46,44.88255,-63.51698,89.0,,SKT-4214,1,1,GPNV
30/07/2025,06:35:53,44.88253,-63.51702,88.0,,SKT-4214,1,1,GPNV
30/07/2025,06:36:00,44.88251,-63.51704,83.0,,SKT-4214,1,1,GPNV
30/07/2025,06:36:08,44.88251,-63.51704,81.0,,SKT-4214,1,1,GPNV
30/07/2025,06:36:15,44.88251,-63.51702,84.0,,SKT-4214,1,1,GPNV
30/07/2025,06:36:22,44.88251,-63.517,89.0,,SKT-4214,1,1,GPNV
30/07/2025,06:36:29,44.88251,-63.51698,93.0,,SKT-4214,1,1,GPNV
30/07/2025,06:36:36,44.8825,-63.51698,96.0,,SKT-4214,1,1,GPNV
30/07/2025,06:36:44,44.88248,-63.51697,94.0,,SKT-4214,1,1,GPNV
30/07/2025,06:36:51,44.88246,-63.51698,88.0,,SKT-4214,1,1,GPNV
30/07/2025,06:36:58,44.88243,-63.51697,85.0,,SKT-4214,1,1,GPNV
30/07/2025,06:37:05,44.88242,-63.51698,85.0,,SKT-4214,1,1,GPNV
30/07/2025,06:37:12,44.8824,-63.517,90.0,,SKT-4214,1,1,GPNV
30/07/2025,06:37:19,44.8824,-63.51702,98.0,,SKT-4214,1,1,GPNV
30/07/2025,06:37:26,44.88241,-63.51702,106.0,,SKT-4214,1,1,GPNV
30/07/2025,06:37:34,44.88245,-63.51701,106.0,,SKT-4214,1,1,GPNV
30/07/2025,06:37:41,44.88253,-63.51698,97.0,,SKT-4214,1,1,GPNV
30/07/2025,06:37:48,44.88261,-63.51696,86.0,,SKT-4214,1,1,GPNV
30/07/2025,06:37:55,44.88263,-63.51694,85.0,,SKT-4214,1,1,GPNV
30/07/2025,06:38:02,44.88265,-63.5169,86.0,,SKT-4214,1,1,GPNV
30/07/2025,06:38:09,44.88268,-63.51685,83.0,,SKT-4214,1,1,GPNV
30/07/2025,06:38:17,44.8827,-63.5168,79.0,,SKT-4214,1,1,GPNV
30/07/2025,06:38:24,44.88271,-63.51676,78.0,,SKT-4214,1,1,GPNV
30/07/2025,06:38:31,44.88271,-63.51677,79.0,,SKT-4214,1,1,GPNV
30/07/2025,06:38:38,44.8827,-63.51677,81.0,,SKT-4214,1,1,GPNV
30/07/2025,06:38:45,44.88269,-63.5168,84.0,,SKT-4214,1,1,GPNV
30/07/2025,06:38:52,44.88268,-63.51683,87.0,,SKT-4214,1,1,GPNV
30/07/2025,06:38:59,44.88267,-63.51685,90.0,,SKT-4214,1,1,GPNV
30/07/2025,06:39:07,44.88265,-63.51687,94.0,,SKT-4214,1,1,GPNV
30/07/2025,06:39:14,44.88264,-63.51689,96.0,,SKT-4214,1,1,GPNV
30/07/2025,06:39:21,44.88264,-63.51691,96.0,,SKT-4214,1,1,GPNV
30/07/2025,06:39:28,44.88264,-63.51693,98.0,,SKT-4214,1,1,GPNV
30/07/2025,06:39:35,44.8826,-63.51702,100.0,,SKT-4214,1,1,GPNV
30/07/2025,06:39:42,44.8825,-63.51717,100.0,,SKT-4214,1,1,GPNV
30/07/2025,06:39:50,44.88243,-63.51728,99.0,,SKT-4214,1,1,GPNV
30/07/2025,06:39:57,44.8824,-63.51732,98.0,,SKT-4214,1,1,GPNV
30/07/2025,06:40:04,44.88239,-63.51733,96.0,,SKT-4214,1,1,GPNV
30/07/2025,06:40:11,44.88239,-63.51733,96.0,,SKT-4214,1,1,GPNV
30/07/2025,06:40:18,44.88239,-63.51731,99.0,,SKT-4214,1,1,GPNV
30/07/2025,06:40:26,44.8824,-63.51729,103.0,,SKT-4214,1,1,GPNV
30/07/2025,06:40:33,44.8824,-63.5173,101.0,,SKT-4214,1,1,GPNV
30/07/2025,06:40:40,44.88241,-63.51727,99.0,,SKT-4214,1,1,GPNV
30/07/2025,06:40:47,44.88243,-63.51719,101.0,,SKT-4214,1,1,GPNV
30/07/2025,06:40:55,44.88245,-63.51714,104.0,,SKT-4214,1,1,GPNV
30/07/2025,06:41:02,44.88249,-63.5171,104.0,,SKT-4214,1,1,GPNV
30/07/2025,06:41:09,44.88252,-63.51707,102.0,,SKT-4214,1,1,GPNV
30/07/2025,06:41:16,44.88254,-63.51706,100.0,,SKT-4214,1,1,GPNV
30/07/2025,06:41:23,44.88254,-63.51708,97.0,,SKT-4214,1,1,GPNV
30/07/2025,06:41:30,44.88251,-63.51713,93.0,,SKT-4214,1,1,GPNV
30/07/2025,06:41:38,44.88249,-63.51717,87.0,,SKT-4214,1,1,GPNV
30/07/2025,06:41:45,44.88246,-63.51719,88.0,,SKT-4214,1,1,GPNV
30/07/2025,06:41:52,44.88243,-63.51719,95.0,,SKT-4214,1,1,GPNV
30/07/2025,06:41:59,44.8824,-63.51719,103.0,,SKT-4214,1,1,GPNV
30/07/2025,06:42:06,44.88237,-63.51719,110.0,,SKT-4214,1,1,GPNV
30/07/2025,06:42:13,44.88232,-63.51718,114.0,,SKT-4214,1,1,GPNV
30/07/2025,06:42:21,44.88231,-63.51714,107.0,,SKT-4214,1,1,GPNV
30/07/2025,06:42:28,44.8823,-63.51711,100.0,,SKT-4214,1,1,GPNV
30/07/2025,06:42:35,44.88231,-63.51709,97.0,,SKT-4214,1,1,GPNV
30/07/2025,06:42:42,44.88233,-63.5171,97.0,,SKT-4214,1,1,GPNV
30/07/2025,06:42:49,44.88236,-63.51711,100.0,,SKT-4214,1,1,GPNV
30/07/2025,06:42:56,44.88238,-63.5171,106.0,,SKT-4214,1,1,GPNV
30/07/2025,06:43:03,44.88238,-63.51712,112.0,,SKT-4214,1,1,GPNV
30/07/2025,06:43:11,44.88241,-63.51714,110.0,,SKT-4214,1,1,GPNV
30/07/2025,06:43:18,44.88244,-63.51714,114.0,,SKT-4214,1,1,GPNV
30/07/2025,06:43:25,44.88247,-63.51712,114.0,,SKT-4214,1,1,GPNV
30/07/2025,06:43:32,44.88248,-63.51709,118.0,,SKT-4214,1,1,GPNV
30/07/2025,06:43:39,44.88247,-63.51706,118.0,,SKT-4214,1,1,GPNV
30/07/2025,06:43:47,44.88244,-63.51705,111.0,,SKT-4214,1,1,GPNV
30/07/2025,06:43:55,44.88244,-63.5171,105.0,,SKT-4214,1,1,GPNV
30/07/2025,06:44:02,44.88244,-63.51717,101.0,,SKT-4214,1,1,GPNV
30/07/2025,06:44:09,44.88245,-63.5172,102.0,,SKT-4214,1,1,GPNV
30/07/2025,06:44:16,44.88243,-63.51723,105.0,,SKT-4214,1,1,GPNV
30/07/2025,06:44:24,44.88242,-63.51727,101.0,,SKT-4214,1,1,GPNV
30/07/2025,06:44:31,44.88241,-63.51728,102.0,,SKT-4214,1,1,GPNV
30/07/2025,06:44:39,44.88243,-63.51726,101.0,,SKT-4214,1,1,GPNV
30/07/2025,06:44:46,44.88252,-63.51721,92.0,,SKT-4214,1,1,GPNV
30/07/2025,06:44:53,44.88259,-63.5172,89.0,,SKT-4214,1,1,GPNV
30/07/2025,06:45:00,44.88266,-63.51718,77.0,,SKT-4214,1,1,GPNV
30/07/2025,06:45:07,44.88264,-63.51724,69.0,,SKT-4214,1,1,GPNV
30/07/2025,06:45:15,44.88262,-63.51728,63.0,,SKT-4214,1,1,GPNV
30/07/2025,06:45:22,44.88261,-63.51728,60.0,,SKT-4214,1,1,GPNV
30/07/2025,06:45:29,44.88262,-63.51725,62.0,,SKT-4214,1,1,GPNV
30/07/2025,06:45:36,44.88262,-63.51722,63.0,,SKT-4214,1,1,GPNV
30/07/2025,06:45:43,44.88263,-63.51721,63.0,,SKT-4214,1,1,GPNV
30/07/2025,06:45:50,44.88263,-63.51724,61.0,,SKT-4214,1,1,GPNV
30/07/2025,06:45:58,44.88263,-63.51727,56.0,,SKT-4214,1,1,GPNV
30/07/2025,06:46:05,44.88264,-63.51726,64.0,,SKT-4214,1,1,GPNV
30/07/2025,06:46:12,44.88265,-63.51721,75.0,,SKT-4214,1,1,GPNV
30/07/2025,06:46:20,44.88266,-63.51717,83.0,,SKT-4214,1,1,GPNV
30/07/2025,06:46:27,44.88266,-63.51717,87.0,,SKT-4214,1,1,GPNV
30/07/2025,06:46:34,44.88266,-63.5172,90.0,,SKT-4214,1,1,GPNV
30/07/2025,06:46:41,44.88266,-63.51723,92.0,,SKT-4214,1,1,GPNV
30/07/2025,06:46:48,44.88268,-63.51724,98.0,,SKT-4214,1,1,GPNV
30/07/2025,06:46:55,44.88275,-63.51718,100.0,,SKT-4214,1,1,GPNV
30/07/2025,06:47:02,44.8828,-63.51715,100.0,,SKT-4214,1,1,GPNV
30/07/2025,06:47:09,44.88282,-63.51717,104.0,,SKT-4214,1,1,GPNV
30/07/2025,06:47:17,44.88282,-63.51718,107.0,,SKT-4214,1,1,GPNV
30/07/2025,06:47:24,44.8828,-63.51717,105.0,,SKT-4214,1,1,GPNV
30/07/2025,06:47:32,44.88277,-63.51719,105.0,,SKT-4214,1,1,GPNV
30/07/2025,06:47:39,44.88274,-63.5172,107.0,,SKT-4214,1,1,GPNV
30/07/2025,06:47:46,44.88269,-63.51724,111.0,,SKT-4214,1,1,GPNV
30/07/2025,06:47:53,44.88264,-63.5173,114.0,,SKT-4214,1,1,GPNV
30/07/2025,06:48:01,44.88261,-63.51733,116.0,,SKT-4214,1,1,GPNV
30/07/2025,06:48:08,44.8826,-63.51732,116.0,,SKT-4214,1,1,GPNV
30/07/2025,06:48:15,44.88259,-63.51731,116.0,,SKT-4214,1,1,GPNV
30/07/2025,06:48:22,44.8826,-63.51732,112.0,,SKT-4214,1,1,GPNV
30/07/2025,06:48:29,44.8826,-63.51731,110.0,,SKT-4214,1,1,GPNV
30/07/2025,06:48:36,44.8826,-63.5173,107.0,,SKT-4214,1,1,GPNV
30/07/2025,06:48:44,44.88261,-63.51732,106.0,,SKT-4214,1,1,GPNV
30/07/2025,06:48:51,44.8826,-63.51731,103.0,,SKT-4214,1,1,GPNV
30/07/2025,06:48:59,44.88263,-63.5173,90.0,,SKT-4214,1,1,GPNV
30/07/2025,06:49:06,44.88265,-63.5173,83.0,,SKT-4214,1,1,GPNV
30/07/2025,06:49:13,44.88269,-63.51732,73.0,,SKT-4214,1,1,GPNV
30/07/2025,06:49:21,44.88271,-63.51733,64.0,,SKT-4214,1,1,GPNV
30/07/2025,06:49:28,44.8827,-63.51731,60.0,,SKT-4214,1,1,GPNV
30/07/2025,06:49:35,44.88269,-63.51728,58.0,,SKT-4214,1,1,GPNV
30/07/2025,06:49:42,44.88265,-63.5173,47.0,,SKT-4214,1,1,GPNV
30/07/2025,06:49:49,44.88263,-63.5173,44.0,,SKT-4214,1,1,GPNV
30/07/2025,06:49:57,44.88261,-63.51727,50.0,,SKT-4214,1,1,GPNV
30/07/2025,06:50:05,44.88261,-63.51724,57.0,,SKT-4214,1,1,GPNV
30/07/2025,06:50:12,44.88263,-63.51722,64.0,,SKT-4214,1,1,GPNV
30/07/2025,06:50:19,44.88266,-63.51722,71.0,,SKT-4214,1,1,GPNV
30/07/2025,06:50:26,44.88268,-63.51724,77.0,,SKT-4214,1,1,GPNV
30/07/2025,06:50:33,44.88271,-63.51725,85.0,,SKT-4214,1,1,GPNV
30/07/2025,06:50:41,44.88269,-63.51728,82.0,,SKT-4214,1,1,GPNV
30/07/2025,06:50:48,44.88269,-63.5173,86.0,,SKT-4214,1,1,GPNV
30/07/2025,06:50:55,44.88276,-63.51731,100.0,,SKT-4214,1,1,GPNV
30/07/2025,06:51:02,44.88282,-63.51732,121.0,,SKT-4214,1,1,GPNV
30/07/2025,06:51:09,44.88288,-63.5173,132.0,,SKT-4214,1,1,GPNV
30/07/2025,06:51:16,44.88286,-63.51723,121.0,,SKT-4214,1,1,GPNV
30/07/2025,06:51:24,44.8828,-63.51716,107.0,,SKT-4214,1,1,GPNV
30/07/2025,06:51:31,44.88276,-63.51712,95.0,,SKT-4214,1,1,GPNV
30/07/2025,06:51:38,44.88272,-63.51711,86.0,,SKT-4214,1,1,GPNV
30/07/2025,06:51:45,44.8827,-63.51709,80.0,,SKT-4214,1,1,GPNV
30/07/2025,06:51:52,44.88268,-63.51709,75.0,,SKT-4214,1,1,GPNV
30/07/2025,06:52:00,44.88262,-63.51711,69.0,,SKT-4214,1,1,GPNV
30/07/2025,06:52:07,44.88255,-63.51714,63.0,,SKT-4214,1,1,GPNV
30/07/2025,06:52:14,44.88252,-63.51715,59.0,,SKT-4214,1,1,GPNV
30/07/2025,06:52:21,44.8825,-63.51715,55.0,,SKT-4214,1,1,GPNV
30/07/2025,06:52:28,44.88249,-63.51716,50.0,,SKT-4214,1,1,GPNV
30/07/2025,06:52:35,44.8825,-63.51716,49.0,,SKT-4214,1,1,GPNV
30/07/2025,06:52:42,44.88251,-63.51717,52.0,,SKT-4214,1,1,GPNV
30/07/2025,06:52:50,44.88258,-63.51717,63.0,,SKT-4214,1,1,GPNV
30/07/2025,06:52:57,44.88264,-63.51715,77.0,,SKT-4214,1,1,GPNV
30/07/2025,06:53:04,44.88266,-63.51715,89.0,,SKT-4214,1,1,GPNV
30/07/2025,06:53:11,44.88269,-63.51716,97.0,,SKT-4214,1,1,GPNV
30/07/2025,06:53:18,44.88274,-63.51718,109.0,,SKT-4214,1,1,GPNV
30/07/2025,06:53:26,44.88282,-63.51721,123.0,,SKT-4214,1,1,GPNV
30/07/2025,06:53:33,44.88284,-63.51725,135.0,,SKT-4214,1,1,GPNV
30/07/2025,06:53:40,44.88287,-63.5173,151.0,,SKT-4214,1,1,GPNV
30/07/2025,06:53:47,44.88287,-63.51733,155.0,,SKT-4214,1,1,GPNV
30/07/2025,06:53:54,44.88289,-63.51737,159.0,,SKT-4214,1,1,GPNV
30/07/2025,06:54:01,44.88285,-63.51736,152.0,,SKT-4214,1,1,GPNV
30/07/2025,06:54:08,44.8828,-63.51735,144.0,,SKT-4214,1,1,GPNV
30/07/2025,06:54:16,44.88274,-63.51731,133.0,,SKT-4214,1,1,GPNV
30/07/2025,06:54:23,44.88269,-63.51728,128.0,,SKT-4214,1,1,GPNV
30/07/2025,06:54:30,44.88266,-63.51726,128.0,,SKT-4214,1,1,GPNV
30/07/2025,06:54:37,44.88262,-63.51724,128.0,,SKT-4214,1,1,GPNV
30/07/2025,06:54:45,44.88251,-63.51723,112.0,,SKT-4214,1,1,GPNV
30/07/2025,06:54:52,44.8824,-63.51725,89.0,,SKT-4214,1,1,GPNV
30/07/2025,06:54:59,44.88227,-63.51731,57.0,,SKT-4214,1,1,GPNV
30/07/2025,06:55:06,44.88219,-63.51735,35.0,,SKT-4214,1,1,GPNV
30/07/2025,06:55:13,44.88226,-63.51737,43.0,,SKT-4214,1,1,GPNV
30/07/2025,06:55:20,44.88237,-63.51733,65.0,,SKT-4214,1,1,GPNV
30/07/2025,06:55:27,44.88244,-63.51729,85.0,,SKT-4214,1,1,GPNV
30/07/2025,06:55:35,44.8825,-63.51727,97.0,,SKT-4214,1,1,GPNV
30/07/2025,06:55:42,44.88251,-63.51726,100.0,,SKT-4214,1,1,GPNV
30/07/2025,06:55:49,44.88251,-63.51725,98.0,,SKT-4214,1,1,GPNV
30/07/2025,06:55:56,44.88253,-63.51726,99.0,,SKT-4214,1,1,GPNV
30/07/2025,06:56:03,44.88259,-63.51727,102.0,,SKT-4214,1,1,GPNV
30/07/2025,06:56:10,44.88264,-63.5173,106.0,,SKT-4214,1,1,GPNV
30/07/2025,06:56:18,44.88266,-63.51734,108.0,,SKT-4214,1,1,GPNV
30/07/2025,06:56:25,44.88263,-63.51733,103.0,,SKT-4214,1,1,GPNV
30/07/2025,06:56:33,44.88258,-63.51733,94.0,,SKT-4214,1,1,GPNV
30/07/2025,06:56:41,44.88258,-63.51733,91.0,,SKT-4214,1,0,GPNV
30/07/2025,06:56:48,44.8826,-63.51735,93.0,,SKT-4214,1,1,GPNV
30/07/2025,06:56:56,44.88264,-63.51735,95.0,,SKT-4214,1,1,GPNV
30/07/2025,06:57:04,44.8827,-63.51736,97.0,,SKT-4214,1,1,GPNV
30/07/2025,06:57:11,44.88272,-63.51734,97.0,,SKT-4214,1,1,GPNV
30/07/2025,06:57:18,44.8827,-63.51733,94.0,,SKT-4214,1,1,GPNV
30/07/2025,06:57:25,44.88259,-63.51737,79.0,,SKT-4214,1,1,GPNV
30/07/2025,06:57:32,44.88255,-63.51738,75.0,,SKT-4214,1,1,GPNV
30/07/2025,06:57:39,44.88256,-63.51738,75.0,,SKT-4214,1,1,GPNV
30/07/2025,06:57:46,44.8826,-63.51738,82.0,,SKT-4214,1,1,GPNV
30/07/2025,06:57:54,44.88264,-63.51739,93.0,,SKT-4214,1,1,GPNV
30/07/2025,06:58:01,44.88264,-63.51737,94.0,,SKT-4214,1,1,GPNV
30/07/2025,06:58:08,44.88263,-63.51736,93.0,,SKT-4214,1,1,GPNV
30/07/2025,06:58:15,44.8826,-63.51738,87.0,,SKT-4214,1,1,GPNV
30/07/2025,06:58:23,44.88256,-63.51743,77.0,,SKT-4214,1,1,GPNV
30/07/2025,06:58:31,44.88252,-63.51748,69.0,,SKT-4214,1,1,GPNV
30/07/2025,06:58:38,44.88254,-63.51746,68.0,,SKT-4214,1,1,GPNV
30/07/2025,06:58:46,44.8826,-63.51744,74.0,,SKT-4214,1,1,GPNV
30/07/2025,06:58:54,44.88261,-63.51744,77.0,,SKT-4214,1,1,GPNV
30/07/2025,06:59:01,44.88263,-63.51743,81.0,,SKT-4214,1,1,GPNV
30/07/2025,06:59:09,44.88271,-63.51738,93.0,,SKT-4214,1,1,GPNV
30/07/2025,06:59:16,44.88276,-63.51734,104.0,,SKT-4214,1,1,GPNV
30/07/2025,06:59:24,44.88276,-63.51729,111.0,,SKT-4214,1,1,GPNV
30/07/2025,06:59:31,44.88274,-63.51727,109.0,,SKT-4214,1,1,GPNV
30/07/2025,06:59:38,44.88274,-63.51723,110.0,,SKT-4214,1,1,GPNV
30/07/2025,06:59:45,44.88279,-63.5172,115.0,,SKT-4214,1,1,GPNV
30/07/2025,06:27:16,,,,,SKT-4214,1,1,GPNV
30/07/2025,06:27:52,,,,,,0,0,
30/07/2025,06:27:57,,,,,,0,0,
30/07/2025,06:28:03,,,,,,0,0,
30/07/2025,06:28:08,,,,,,0,0,
30/07/2025,07:43:03,44.88235,-63.51649,114.0,,SKT-4214,1,0,GPNV
30/07/2025,07:43:10,44.88234,-63.51649,115.0,,SKT-4214,1,0,GPNV
30/07/2025,07:43:17,44.88234,-63.51649,115.0,,SKT-4214,1,0,GPNV
30/07/2025,07:43:24,44.88234,-63.51649,116.0,,SKT-4214,1,0,GPNV
30/07/2025,07:43:31,44.88235,-63.51649,117.0,,SKT-4214,1,0,GPNV
30/07/2025,07:43:38,44.88235,-63.5165,117.0,,SKT-4214,1,0,GPNV
30/07/2025,07:43:45,44.88235,-63.5165,118.0,,SKT-4214,1,0,GPNV
30/07/2025,07:43:52,44.88235,-63.5165,117.0,,SKT-4214,1,0,GPNV
30/07/2025,07:43:59,44.88235,-63.5165,117.0,,SKT-4214,1,1,GPNV
30/07/2025,07:44:06,44.88235,-63.51651,117.0,,SKT-4214,1,1,GPNV
30/07/2025,07:44:14,44.88235,-63.5165,117.0,,SKT-4214,1,1,GPNV
30/07/2025,07:44:21,44.88235,-63.5165,117.0,,SKT-4214,1,1,GPNV
30/07/2025,07:44:28,44.88236,-63.51649,117.0,,SKT-4214,1,1,GPNV
30/07/2025,07:44:35,44.88236,-63.51649,117.0,,SKT-4214,1,1,GPNV
30/07/2025,07:44:42,44.88236,-63.51649,117.0,,SKT-4214,1,1,GPNV
30/07/2025,07:44:49,44.88237,-63.5165,116.0,,SKT-4214,1,1,GPNV
30/07/2025,07:44:56,44.88237,-63.5165,116.0,,SKT-4214,1,1,GPNV
30/07/2025,07:45:03,44.88236,-63.51649,115.0,,SKT-4214,1,1,GPNV
30/07/2025,07:45:10,44.88236,-63.51649,115.0,,SKT-4214,1,1,GPNV
30/07/2025,07:45:18,44.88236,-63.5165,115.0,,SKT-4214,1,1,GPNV
30/07/2025,07:45:25,44.88236,-63.5165,116.0,,SKT-4214,1,1,GPNV
30/07/2025,07:45:32,44.88236,-63.51649,116.0,,SKT-4214,1,1,GPNV
30/07/2025,07:45:39,44.88236,-63.51649,116.0,,SKT-4214,1,1,GPNV
30/07/2025,07:45:46,44.88237,-63.51649,116.0,,SKT-4214,1,1,GPNV
30/07/2025,07:45:54,44.88236,-63.5165,115.0,,SKT-4214,1,1,GPNV
30/07/2025,07:46:01,44.88236,-63.5165,116.0,,SKT-4214,1,1,GPNV
30/07/2025,07:46:08,44.88236,-63.5165,116.0,,SKT-4214,1,1,GPNV
30/07/2025,07:46:16,44.88236,-63.5165,116.0,,SKT-4214,1,1,GPNV
30/07/2025,07:46:24,44.88236,-63.5165,116.0,,SKT-4214,1,1,GPNV
30/07/2025,07:46:31,44.88236,-63.5165,116.0,,SKT-4214,1,1,GPNV
30/07/2025,07:46:38,44.88236,-63.5165,116.0,,SKT-4214,1,1,GPNV
30/07/2025,07:46:45,44.88236,-63.51649,116.0,,SKT-4214,1,1,GPNV
30/07/2025,07:46:52,44.88236,-63.51649,116.0,,SKT-4214,1,1,GPNV
30/07/2025,07:47:00,44.88236,-63.5165,116.0,,SKT-4214,1,1,GPNV
30/07/2025,07:47:07,44.88237,-63.5165,116.0,,SKT-4214,1,1,GPNV
30/07/2025,07:47:14,44.88237,-63.5165,117.0,,SKT-4214,1,1,GPNV
30/07/2025,07:47:21,44.88237,-63.5165,116.0,,SKT-4214,1,1,GPNV
30/07/2025,07:47:28,44.88237,-63.5165,116.0,0.0,SKT-4214,1,1,GPNV
30/07/2025,07:47:36,44.88236,-63.5165,115.0,-0.0,SKT-4214,1,1,GPNV
30/07/2025,07:47:43,44.88236,-63.5165,115.0,0.0,SKT-4214,1,1,GPNV
30/07/2025,07:47:50,44.88236,-63.5165,115.0,0.0,SKT-4214,1,1,GPNV
30/07/2025,07:47:57,44.88236,-63.51649,115.0,-0.0,SKT-4214,1,1,GPNV
30/07/2025,07:48:04,44.88236,-63.5165,114.0,-0.0,SKT-4214,1,1,GPNV
30/07/2025,07:48:12,44.88236,-63.51649,114.0,0.0,SKT-4214,1,1,GPNV
30/07/2025,07:48:19,44.88235,-63.51649,114.0,-0.0,SKT-4214,1,1,GPNV
30/07/2025,07:48:26,44.88235,-63.51649,114.0,0.0,SKT-4214,1,1,GPNV
30/07/2025,07:48:33,44.88235,-63.51649,113.0,0.0,SKT-4214,1,1,GPNV
30/07/2025,07:48:41,44.88236,-63.51649,112.0,-0.0,SKT-4214,1,1,GPNV
30/07/2025,07:48:48,44.88235,-63.51649,112.0,-0.0,SKT-4214,1,1,GPNV
30/07/2025,07:48:55,44.88235,-63.51649,112.0,-0.0,SKT-4214,1,1,GPNV
30/07/2025,07:49:02,44.88235,-63.51649,113.0,-0.0,SKT-4214,1,1,GPNV
30/07/2025,07:49:09,44.88235,-63.51649,113.0,-0.0,SKT-4214,1,1,GPNV
30/07/2025,07:49:17,44.88235,-63.51649,112.0,-0.0,SKT-4214,1,1,GPNV
30/07/2025,07:49:24,44.88235,-63.51649,111.0,-0.0,SKT-4214,1,1,GPNV
30/07/2025,07:49:31,44.88235,-63.51649,111.0,-0.0,SKT-4214,1,1,GPNV
30/07/2025,07:49:38,44.88235,-63.51649,111.0,-0.0,SKT-4214,1,1,GPNV
30/07/2025,07:49:45,44.88235,-63.51649,112.0,-0.0,SKT-4214,1,1,GPNV
30/07/2025,07:49:52,44.88235,-63.51649,112.0,-0.0,SKT-4214,1,1,GPNV
30/07/2025,07:50:00,44.88235,-63.51649,112.0,0.0,SKT-4214,1,1,GPNV
30/07/2025,07:50:07,44.88235,-63.51649,113.0,0.0,SKT-4214,1,1,GPNV
30/07/2025,07:50:14,44.88235,-63.51649,113.0,-0.0,SKT-4214,1,1,GPNV
30/07/2025,07:50:21,44.88236,-63.51649,113.0,0.0,SKT-4214,1,1,GPNV
30/07/2025,07:50:28,44.88234,-63.51651,113.0,-0.0,SKT-4214,1,1,GPNV
30/07/2025,07:50:36,44.88222,-63.51657,113.0,-0.0,SKT-4214,1,1,GPNV
30/07/2025,07:50:43,44.88211,-63.51659,113.0,-0.0,SKT-4214,1,1,GPNV
30/07/2025,07:50:50,44.882,-63.51659,114.0,-0.0,SKT-4214,1,1,GPNV
30/07/2025,07:50:57,44.88181,-63.51649,115.0,-0.0,SKT-4214,1,1,GPNV
30/07/2025,07:51:04,44.88161,-63.51624,115.0,0.0,SKT-4214,1,1,GPNV
30/07/2025,07:51:12,44.88144,-63.51589,115.0,0.0,SKT-4214,1,1,GPNV
30/07/2025,07:51:19,44.88135,-63.51571,115.0,-0.0,SKT-4214,1,1,GPNV
30/07/2025,07:51:26,44.88125,-63.51547,115.0,0.0,SKT-4214,1,1,GPNV
30/07/2025,07:51:33,44.88126,-63.51517,115.0,0.0,SKT-4214,1,1,GPNV
30/07/2025,07:51:40,44.88148,-63.5149,114.0,-0.0,SKT-4214,1,1,GPNV
30/07/2025,07:51:48,44.88181,-63.51459,114.0,-0.0,SKT-4214,1,1,GPNV
30/07/2025,07:51:55,44.88211,-63.51429,114.0,-0.0,SKT-4214,1,1,GPNV
30/07/2025,07:52:02,44.88237,-63.51405,114.0,-0.0,SKT-4214,1,1,GPNV
30/07/2025,07:52:09,44.8826,-63.51382,114.0,0.0,SKT-4214,1,1,GPNV
30/07/2025,07:52:16,44.8828,-63.51361,114.0,0.0,SKT-4214,1,1,GPNV
30/07/2025,07:52:23,44.88302,-63.51339,114.0,0.0,SKT-4214,1,1,GPNV
30/07/2025,07:52:31,44.88323,-63.51319,113.0,-0.0,SKT-4214,1,1,GPNV
30/07/2025,07:52:38,44.8834,-63.5131,114.0,-0.0,SKT-4214,1,1,GPNV
30/07/2025,07:52:45,44.88354,-63.51323,115.0,0.0,SKT-4214,1,1,GPNV
30/07/2025,07:52:52,44.88362,-63.51339,115.0,0.0,SKT-4214,1,1,GPNV
30/07/2025,07:52:59,44.88372,-63.51354,115.0,0.0,SKT-4214,1,1,GPNV
30/07/2025,07:53:07,44.88388,-63.51366,116.0,-0.0,SKT-4214,1,1,GPNV
30/07/2025,07:53:14,44.88401,-63.51377,116.0,0.0,SKT-4214,1,1,GPNV
30/07/2025,07:53:21,44.88408,-63.51384,117.0,0.0,SKT-4214,1,1,GPNV
30/07/2025,07:53:28,44.88413,-63.51389,117.0,-0.0,SKT-4214,1,1,GPNV
30/07/2025,07:53:35,44.88423,-63.51398,117.0,0.0,SKT-4214,1,1,GPNV
30/07/2025,07:53:43,44.8843,-63.51405,118.0,-0.0,SKT-4214,1,1,GPNV
30/07/2025,07:53:50,44.88433,-63.51408,118.0,-0.0,SKT-4214,1,1,GPNV
30/07/2025,07:53:57,44.88436,-63.5141,119.0,0.0,SKT-4214,1,1,GPNV
30/07/2025,07:54:04,44.88437,-63.51412,119.0,0.0,SKT-4214,1,1,GPNV
30/07/2025,07:54:12,44.88438,-63.51413,119.0,0.0,SKT-4214,1,1,GPNV
30/07/2025,07:54:19,44.88438,-63.51412,118.0,0.0,SKT-4214,1,1,GPNV
30/07/2025,07:54:26,44.88437,-63.51412,119.0,-0.0,SKT-4214,1,1,GPNV
30/07/2025,07:54:33,44.88437,-63.51412,119.0,0.0,SKT-4214,1,1,GPNV
30/07/2025,07:54:40,44.88437,-63.51412,120.0,-0.0,SKT-4214,1,1,GPNV
30/07/2025,07:54:47,44.88438,-63.51412,121.0,,SKT-4214,1,1,GPNV
30/07/2025,07:54:55,44.88437,-63.51413,121.0,,SKT-4214,1,1,GPNV
30/07/2025,07:55:02,44.88437,-63.51413,120.0,,SKT-4214,1,1,GPNV
30/07/2025,07:55:09,44.88437,-63.51412,119.0,,SKT-4214,1,1,GPNV
30/07/2025,06:41:03,,,,,,0,0,
30/07/2025,06:41:08,,,,,,0,0,
30/07/2025,06:41:15,,,,,,0,0,
30/07/2025,06:41:20,,,,,,0,0,
30/07/2025,06:41:25,,,,,,0,0,
30/07/2025,06:41:30,,,,,,0,0,
30/07/2025,06:41:35,,,,,,0,0,
30/07/2025,06:41:40,,,,,,0,0,
30/07/2025,06:41:45,,,,,,0,0,
30/07/2025,06:41:50,,,,,,0,0,
30/07/2025,06:41:55,,,,,,0,0,
30/07/2025,06:42:00,,,,,,0,0,
30/07/2025,06:42:39,,,,,,0,0,
30/07/2025,10:01:16,44.8844,-63.51411,115.0,,SKT-4214,1,1,GPNV
30/07/2025,10:01:23,44.88439,-63.51411,116.0,,SKT-4214,1,1,GPNV
30/07/2025,10:01:30,44.88439,-63.51411,116.0,,SKT-4214,1,1,GPNV
30/07/2025,10:01:37,44.88438,-63.5141,116.0,,SKT-4214,1,1,GPNV
30/07/2025,10:01:44,44.88438,-63.5141,116.0,,SKT-4214,1,1,GPNV
30/07/2025,10:01:52,44.88437,-63.5141,115.0,,SKT-4214,1,1,GPNV
30/07/2025,10:02:00,44.88437,-63.5141,115.0,,SKT-4214,1,1,GPNV
30/07/2025,10:02:09,44.88437,-63.5141,116.0,,SKT-4214,1,1,GPNV
30/07/2025,10:02:17,44.88438,-63.5141,117.0,,SKT-4214,1,1,GPNV
30/07/2025,10:02:24,44.88438,-63.5141,118.0,,SKT-4214,1,1,GPNV
30/07/2025,10:02:31,44.88438,-63.51409,118.0,,SKT-4214,1,1,GPNV
30/07/2025,10:02:38,44.88438,-63.51409,118.0,,SKT-4214,1,1,GPNV
30/07/2025,10:02:45,44.88438,-63.5141,118.0,,SKT-4214,1,1,GPNV
30/07/2025,10:02:52,44.88438,-63.5141,119.0,,SKT-4214,1,1,GPNV
30/07/2025,10:03:00,44.88438,-63.5141,119.0,,SKT-4214,1,1,GPNV
30/07/2025,10:03:07,44.88438,-63.51411,119.0,,SKT-4214,1,1,GPNV
30/07/2025,10:03:14,44.88438,-63.51411,118.0,,SKT-4214,1,1,GPNV
30/07/2025,10:03:22,44.88438,-63.51411,118.0,,SKT-4214,1,1,GPNV
30/07/2025,10:03:29,44.88439,-63.51411,117.0,,SKT-4214,1,1,GPNV
30/07/2025,10:03:36,44.88439,-63.51411,117.0,,SKT-4214,1,1,GPNV
30/07/2025,10:03:43,44.88438,-63.51411,116.0,,SKT-4214,1,1,GPNV
30/07/2025,10:03:50,44.88438,-63.51411,117.0,,SKT-4214,1,1,GPNV
30/07/2025,10:03:57,44.88439,-63.51411,118.0,,SKT-4214,1,1,GPNV
30/07/2025,10:04:04,44.88439,-63.51411,119.0,,SKT-4214,1,1,GPNV
30/07/2025,10:04:11,44.88439,-63.51411,120.0,,SKT-4214,1,1,GPNV
30/07/2025,10:04:19,44.8844,-63.5141,121.0,,SKT-4214,1,1,GPNV
30/07/2025,10:04:26,44.8844,-63.51411,122.0,,SKT-4214,1,1,GPNV
30/07/2025,10:04:33,44.8844,-63.51411,122.0,,SKT-4214,1,1,GPNV
30/07/2025,10:04:40,44.8844,-63.51411,120.0,,SKT-4214,1,1,GPNV
30/07/2025,10:04:47,44.88439,-63.51411,120.0,,SKT-4214,1,1,GPNV
30/07/2025,10:04:55,44.88438,-63.51411,119.0,,SKT-4214,1,1,GPNV
30/07/2025,10:05:02,44.88438,-63.51411,119.0,,SKT-4214,1,1,GPNV
30/07/2025,10:05:10,44.88439,-63.5141,120.0,,SKT-4214,1,1,GPNV
30/07/2025,10:05:17,44.88439,-63.5141,120.0,,SKT-4214,1,1,GPNV
30/07/2025,10:05:24,44.8844,-63.51411,120.0,,SKT-4214,1,1,GPNV
30/07/2025,10:05:31,44.8844,-63.51411,120.0,,SKT-4214,1,1,GPNV
30/07/2025,10:05:39,44.8844,-63.51411,119.0,,SKT-4214,1,1,GPNV
30/07/2025,10:05:46,44.8844,-63.51411,117.0,,SKT-4214,1,1,GPNV
30/07/2025,12:39:40,47.6141,-52.74392,150.0,-0.0,SKT-4214,1,1,GPNV
30/07/2025,12:39:48,47.6141,-52.74392,151.0,-0.0,SKT-4214,1,1,GPNV
30/07/2025,12:39:55,47.61409,-52.74392,151.0,-0.0,SKT-4214,1,1,GPNV
30/07/2025,12:40:03,47.61409,-52.74392,151.0,-0.0,SKT-4214,1,1,GPNV
30/07/2025,12:40:10,47.61409,-52.74392,152.0,-0.0,SKT-4214,1,1,GPNV
30/07/2025,12:40:17,47.6141,-52.74392,151.0,-0.0,SKT-4214,1,1,GPNV
30/07/2025,12:40:24,47.6141,-52.74392,151.0,0.0,SKT-4214,1,1,GPNV
30/07/2025,12:40:31,47.61409,-52.74392,151.0,-0.0,SKT-4214,1,1,GPNV
30/07/2025,12:40:38,47.6141,-52.74392,151.0,-0.0,SKT-4214,1,1,GPNV
30/07/2025,12:40:45,47.6141,-52.74392,151.0,,SKT-4214,1,1,GPNV
30/07/2025,12:40:53,47.61409,-52.74392,151.0,,SKT-4214,1,1,GPNV
30/07/2025,12:41:00,47.61409,-52.74392,151.0,,SKT-4214,1,1,GPNV
30/07/2025,12:41:07,47.6141,-52.74392,151.0,,SKT-4214,1,1,GPNV
30/07/2025,12:41:14,47.6141,-52.74392,150.0,,SKT-4214,1,1,GPNV
30/07/2025,12:41:21,47.6141,-52.74392,150.0,,SKT-4214,1,1,GPNV
30/07/2025,12:41:28,47.6141,-52.74392,151.0,,SKT-4214,1,1,GPNV
30/07/2025,12:41:36,47.6141,-52.74392,151.0,,SKT-4214,1,1,GPNV
30/07/2025,12:41:43,47.6141,-52.74392,151.0,,SKT-4214,1,1,GPNV
30/07/2025,12:41:50,47.6141,-52.74392,152.0,,SKT-4214,1,1,GPNV
30/07/2025,12:41:57,47.6141,-52.74392,152.0,,SKT-4214,1,1,GPNV
30/07/2025,12:42:04,47.6141,-52.74392,152.0,,SKT-4214,1,1,GPNV
30/07/2025,12:42:12,47.6141,-52.74392,152.0,,SKT-4214,1,1,GPNV
30/07/2025,12:42:19,47.6141,-52.74391,152.0,,SKT-4214,1,1,GPNV
30/07/2025,12:42:26,47.6141,-52.74391,152.0,,SKT-4214,1,1,GPNV
30/07/2025,12:42:33,47.61409,-52.74392,151.0,,SKT-4214,1,1,GPNV
30/07/2025,12:42:40,47.61409,-52.74392,151.0,,SKT-4214,1,1,GPNV
30/07/2025,12:42:47,47.61409,-52.74392,152.0,,SKT-4214,1,1,GPNV
30/07/2025,12:42:55,47.6141,-52.74392,152.0,,SKT-4214,1,1,GPNV
30/07/2025,12:43:02,47.61409,-52.74392,151.0,,SKT-4214,1,1,GPNV
30/07/2025,12:43:09,47.61409,-52.74392,151.0,,SKT-4214,1,1,GPNV
30/07/2025,12:43:16,47.61409,-52.74392,151.0,,SKT-4214,1,1,GPNV
30/07/2025,12:43:23,47.61409,-52.74392,150.0,,SKT-4214,1,1,GPNV
30/07/2025,12:43:30,47.61409,-52.74392,150.0,,SKT-4214,1,1,GPNV
30/07/2025,12:43:37,47.6141,-52.74392,150.0,,SKT-4214,1,1,GPNV
30/07/2025,12:43:45,47.6141,-52.74391,149.0,,SKT-4214,1,1,GPNV
30/07/2025,12:43:52,47.6141,-52.74391,149.0,,SKT-4214,1,1,GPNV
30/07/2025,12:43:59,47.6141,-52.74391,148.0,,SKT-4214,1,1,GPNV
30/07/2025,12:44:06,47.6141,-52.74391,149.0,,SKT-4214,1,1,GPNV
30/07/2025,12:44:13,47.6141,-52.74391,149.0,,SKT-4214,1,1,GPNV
30/07/2025,12:44:20,47.6141,-52.74391,149.0,,SKT-4214,1,1,GPNV
30/07/2025,12:44:28,47.6141,-52.7439,149.0,,SKT-4214,1,1,GPNV
30/07/2025,12:44:35,47.61409,-52.7439,150.0,,SKT-4214,1,1,GPNV
30/07/2025,12:44:42,47.61409,-52.7439,150.0,,SKT-4214,1,1,GPNV
30/07/2025,12:44:49,47.61409,-52.7439,150.0,,SKT-4214,1,1,GPNV
30/07/2025,12:44:56,47.61409,-52.7439,151.0,,SKT-4214,1,1,GPNV
30/07/2025,12:45:03,47.61409,-52.7439,151.0,,SKT-4214,1,1,GPNV
30/07/2025,12:45:11,47.61409,-52.7439,151.0,,SKT-4214,1,1,GPNV
30/07/2025,12:45:18,47.61409,-52.7439,151.0,,SKT-4214,1,1,GPNV
30/07/2025,12:45:25,47.61409,-52.7439,151.0,,SKT-4214,1,1,GPNV
30/07/2025,12:45:32,47.61409,-52.7439,151.0,,SKT-4214,1,1,GPNV
30/07/2025,12:45:39,47.61409,-52.74389,151.0,,SKT-4214,1,1,GPNV
30/07/2025,12:45:46,47.61409,-52.7439,150.0,,SKT-4214,1,1,GPNV
30/07/2025,12:45:53,47.61409,-52.7439,150.0,,SKT-4214,1,1,GPNV
30/07/2025,12:46:01,47.61409,-52.7439,150.0,,SKT-4214,1,1,GPNV
30/07/2025,12:46:08,47.61409,-52.7439,150.0,,SKT-4214,1,1,GPNV
30/07/2025,12:46:15,47.61409,-52.7439,150.0,,SKT-4214,1,1,GPNV
30/07/2025,12:46:22,47.61409,-52.7439,150.0,,SKT-4214,1,1,GPNV
30/07/2025,12:46:29,47.61409,-52.7439,150.0,,SKT-4214,1,1,GPNV
30/07/2025,12:46:36,47.61409,-52.7439,149.0,,SKT-4214,1,1,GPNV
30/07/2025,12:46:44,47.61409,-52.7439,148.0,,SKT-4214,1,1,GPNV
30/07/2025,12:46:51,47.61409,-52.7439,148.0,,SKT-4214,1,1,GPNV
30/07/2025,12:46:58,47.61409,-52.7439,147.0,,SKT-4214,1,1,GPNV
30/07/2025,12:47:05,47.61409,-52.7439,147.0,,SKT-4214,1,1,GPNV
30/07/2025,12:47:12,47.61409,-52.7439,147.0,,SKT-4214,1,1,GPNV
30/07/2025,12:47:19,47.61409,-52.7439,147.0,,SKT-4214,1,1,GPNV
30/07/2025,12:47:27,47.61409,-52.74391,148.0,,SKT-4214,1,1,GPNV
30/07/2025,12:47:34,47.61409,-52.74391,148.0,,SKT-4214,1,1,GPNV
30/07/2025,12:47:41,47.61409,-52.74391,149.0,,SKT-4214,1,1,GPNV
30/07/2025,12:47:48,47.61409,-52.74391,148.0,,SKT-4214,1,1,GPNV
30/07/2025,12:47:55,47.61409,-52.74392,147.0,,SKT-4214,1,1,GPNV
30/07/2025,12:48:02,47.61409,-52.74392,147.0,,SKT-4214,1,1,GPNV
30/07/2025,12:48:09,47.61408,-52.74392,147.0,,SKT-4214,1,1,GPNV
30/07/2025,12:48:17,47.61409,-52.74391,147.0,,SKT-4214,1,1,GPNV
30/07/2025,12:48:24,47.61409,-52.74391,148.0,,SKT-4214,1,1,GPNV
30/07/2025,12:48:31,47.61409,-52.74391,148.0,,SKT-4214,1,1,GPNV
30/07/2025,12:48:38,47.61409,-52.74391,149.0,,SKT-4214,1,1,GPNV
30/07/2025,12:48:45,47.61409,-52.74392,149.0,,SKT-4214,1,1,GPNV
30/07/2025,12:48:53,47.61409,-52.74391,148.0,,SKT-4214,1,1,GPNV
30/07/2025,12:49:00,47.61409,-52.74391,148.0,,SKT-4214,1,1,GPNV
30/07/2025,12:49:07,47.61409,-52.74391,148.0,,SKT-4214,1,1,GPNV
30/07/2025,12:49:14,47.61409,-52.74391,149.0,,SKT-4214,1,1,GPNV
30/07/2025,12:49:21,47.61409,-52.74391,149.0,,SKT-4214,1,1,GPNV
30/07/2025,12:49:28,47.61409,-52.7439,149.0,,SKT-4214,1,1,GPNV
30/07/2025,12:49:37,47.61409,-52.7439,149.0,,SKT-4214,1,1,GPNV
30/07/2025,12:49:45,47.61409,-52.74391,150.0,,SKT-4214,1,1,GPNV
30/07/2025,12:49:52,47.61409,-52.74391,150.0,,SKT-4214,1,1,GPNV
30/07/2025,12:49:59,47.6141,-52.74391,150.0,,SKT-4214,1,1,GPNV
30/07/2025,06:59:23,,,,,,0,0,
30/07/2025,06:59:30,,,,,,0,0,
30/07/2025,06:59:35,,,,,,0,0,
30/07/2025,14:25:22,47.62049,-52.73578,163.0,,SKT-4214,1,0,GPNV
30/07/2025,14:25:29,47.6205,-52.73577,159.0,,SKT-4214,1,0,GPNV
30/07/2025,14:25:36,47.62053,-52.73577,161.0,,SKT-4214,1,0,GPNV
30/07/2025,14:25:43,47.62055,-52.73576,162.0,,SKT-4214,1,0,GPNV
30/07/2025,14:25:51,47.62056,-52.73574,161.0,,SKT-4214,1,0,GPNV
30/07/2025,14:25:58,47.62055,-52.73573,160.0,,SKT-4214,1,0,GPNV
30/07/2025,14:26:06,47.62053,-52.73574,159.0,,SKT-4214,1,0,GPNV
30/07/2025,14:26:13,47.62051,-52.73574,159.0,,SKT-4214,1,0,GPNV
30/07/2025,14:26:20,47.6205,-52.73574,159.0,,SKT-4214,1,1,GPNV
30/07/2025,14:26:27,47.62049,-52.73574,159.0,,SKT-4214,1,1,GPNV
30/07/2025,14:26:40,47.62047,-52.73573,156.0,,SKT-4214,1,1,GPNV
30/07/2025,14:26:48,47.62047,-52.73573,154.0,,SKT-4214,1,1,GPNV
30/07/2025,14:26:55,47.62046,-52.73575,151.0,,SKT-4214,1,1,GPNV
30/07/2025,14:27:02,47.62045,-52.73577,148.0,,SKT-4214,1,1,GPNV
30/07/2025,14:27:09,47.62044,-52.73577,146.0,,SKT-4214,1,1,GPNV
30/07/2025,14:27:16,47.62045,-52.73575,146.0,,SKT-4214,1,1,GPNV
30/07/2025,14:27:24,47.62045,-52.73573,146.0,,SKT-4214,1,1,GPNV
30/07/2025,14:27:31,47.6205,-52.73568,148.0,,SKT-4214,1,1,GPNV
30/07/2025,14:27:38,47.62054,-52.73565,150.0,,SKT-4214,1,1,GPNV
30/07/2025,14:27:45,47.62055,-52.73564,149.0,,SKT-4214,1,1,GPNV
30/07/2025,14:27:53,47.62055,-52.73563,148.0,,SKT-4214,1,1,GPNV
30/07/2025,14:28:00,47.62054,-52.73563,147.0,,SKT-4214,1,1,GPNV
30/07/2025,14:28:07,47.62053,-52.73563,147.0,,SKT-4214,1,1,GPNV
30/07/2025,14:28:15,47.62052,-52.73564,148.0,,SKT-4214,1,1,GPNV
30/07/2025,14:28:22,47.62051,-52.73563,149.0,,SKT-4214,1,1,GPNV
30/07/2025,14:28:29,47.6205,-52.73563,150.0,,SKT-4214,1,1,GPNV
30/07/2025,14:28:36,47.62049,-52.73564,151.0,,SKT-4214,1,1,GPNV
30/07/2025,14:28:43,47.62048,-52.73566,152.0,,SKT-4214,1,1,GPNV
30/07/2025,14:28:50,47.62047,-52.73569,151.0,,SKT-4214,1,1,GPNV
30/07/2025,14:28:58,47.62046,-52.73573,147.0,,SKT-4214,1,1,GPNV
30/07/2025,14:29:05,47.62045,-52.73577,145.0,,SKT-4214,1,1,GPNV
30/07/2025,14:29:12,47.62043,-52.73579,143.0,,SKT-4214,1,1,GPNV
30/07/2025,14:29:19,47.62042,-52.73579,143.0,,SKT-4214,1,1,GPNV
30/07/2025,14:29:27,47.62042,-52.73579,143.0,,SKT-4214,1,1,GPNV
30/07/2025,14:29:34,47.62041,-52.73577,144.0,,SKT-4214,1,1,GPNV
30/07/2025,14:29:41,47.62041,-52.73577,145.0,,SKT-4214,1,1,GPNV
30/07/2025,14:29:48,47.6204,-52.73577,146.0,,SKT-4214,1,1,GPNV
30/07/2025,14:29:55,47.6204,-52.73576,146.0,,SKT-4214,1,1,GPNV
30/07/2025,14:30:02,47.6204,-52.73576,146.0,,SKT-4214,1,1,GPNV
30/07/2025,14:30:10,47.6204,-52.73577,146.0,,SKT-4214,1,1,GPNV
30/07/2025,14:30:17,47.62041,-52.73577,146.0,,SKT-4214,1,1,GPNV
30/07/2025,14:30:24,47.62042,-52.73578,140.0,,SKT-4214,1,1,GPNV
30/07/2025,14:30:31,47.62043,-52.7358,134.0,,SKT-4214,1,1,GPNV
30/07/2025,14:30:39,47.62044,-52.73581,127.0,,SKT-4214,1,1,GPNV
30/07/2025,14:30:46,47.62045,-52.7358,125.0,,SKT-4214,1,1,GPNV
30/07/2025,14:30:53,47.62044,-52.73579,126.0,,SKT-4214,1,1,GPNV
30/07/2025,14:31:00,47.62043,-52.73577,127.0,,SKT-4214,1,1,GPNV
30/07/2025,14:31:07,47.62043,-52.73576,128.0,,SKT-4214,1,1,GPNV
30/07/2025,14:31:15,47.62043,-52.73574,136.0,,SKT-4214,1,1,GPNV
30/07/2025,14:31:22,47.62043,-52.73574,138.0,,SKT-4214,1,1,GPNV
30/07/2025,14:31:29,47.62043,-52.73575,139.0,,SKT-4214,1,1,GPNV
30/07/2025,14:31:36,47.62043,-52.73574,139.0,,SKT-4214,1,1,GPNV
30/07/2025,14:31:43,47.62043,-52.73574,139.0,,SKT-4214,1,1,GPNV
30/07/2025,14:31:51,47.62043,-52.73573,139.0,,SKT-4214,1,1,GPNV
30/07/2025,14:31:58,47.62044,-52.73573,140.0,,SKT-4214,1,1,GPNV
30/07/2025,14:32:05,47.62044,-52.73574,141.0,,SKT-4214,1,1,GPNV
30/07/2025,14:32:12,47.62045,-52.73575,141.0,,SKT-4214,1,1,GPNV
30/07/2025,14:32:20,47.62044,-52.73576,140.0,,SKT-4214,1,1,GPNV
30/07/2025,14:32:27,47.62044,-52.73577,138.0,,SKT-4214,1,1,GPNV
30/07/2025,14:32:34,47.62044,-52.73578,137.0,,SKT-4214,1,1,GPNV
30/07/2025,14:32:41,47.62044,-52.73577,137.0,,SKT-4214,1,1,GPNV
30/07/2025,14:32:48,47.62044,-52.73577,137.0,,SKT-4214,1,1,GPNV
30/07/2025,14:32:56,47.62044,-52.73576,138.0,,SKT-4214,1,1,GPNV
30/07/2025,14:33:03,47.62044,-52.73576,139.0,,SKT-4214,1,1,GPNV
30/07/2025,14:33:10,47.62044,-52.73576,139.0,,SKT-4214,1,1,GPNV
30/07/2025,14:33:18,47.62043,-52.73576,138.0,,SKT-4214,1,1,GPNV
30/07/2025,14:33:25,47.62043,-52.73576,138.0,,SKT-4214,1,1,GPNV
30/07/2025,14:33:32,47.62042,-52.73576,137.0,,SKT-4214,1,1,GPNV
30/07/2025,14:33:39,47.62042,-52.73576,135.0,,SKT-4214,1,1,GPNV
30/07/2025,14:33:46,47.62042,-52.73574,134.0,,SKT-4214,1,1,GPNV
30/07/2025,14:33:54,47.62041,-52.73574,132.0,,SKT-4214,1,1,GPNV
30/07/2025,14:34:01,47.62041,-52.73574,132.0,,SKT-4214,1,1,GPNV
30/07/2025,14:34:08,47.62041,-52.73574,133.0,,SKT-4214,1,1,GPNV
30/07/2025,14:34:15,47.62041,-52.73574,135.0,,SKT-4214,1,1,GPNV
30/07/2025,14:34:22,47.6204,-52.73576,136.0,,SKT-4214,1,1,GPNV
30/07/2025,14:34:29,47.62041,-52.73577,138.0,,SKT-4214,1,1,GPNV
30/07/2025,14:34:37,47.62042,-52.73577,138.0,,SKT-4214,1,1,GPNV
30/07/2025,14:34:44,47.62043,-52.73577,138.0,,SKT-4214,1,1,GPNV
30/07/2025,14:34:51,47.62043,-52.73577,140.0,,SKT-4214,1,1,GPNV
30/07/2025,14:34:58,47.62043,-52.73578,142.0,,SKT-4214,1,1,GPNV
30/07/2025,14:35:05,47.62043,-52.73579,143.0,,SKT-4214,1,1,GPNV
30/07/2025,14:35:12,47.62044,-52.7358,142.0,,SKT-4214,1,1,GPNV
30/07/2025,14:35:20,47.62045,-52.73581,141.0,,SKT-4214,1,1,GPNV
30/07/2025,14:35:27,47.62046,-52.73579,139.0,,SKT-4214,1,1,GPNV
30/07/2025,14:35:34,47.62046,-52.73578,137.0,,SKT-4214,1,1,GPNV
30/07/2025,14:35:41,47.62046,-52.73576,139.0,,SKT-4214,1,1,GPNV
30/07/2025,14:35:48,47.62047,-52.73574,141.0,,SKT-4214,1,1,GPNV
30/07/2025,14:35:56,47.62048,-52.73573,143.0,,SKT-4214,1,1,GPNV
30/07/2025,14:36:03,47.62049,-52.73571,145.0,,SKT-4214,1,1,GPNV
30/07/2025,14:36:10,47.6205,-52.73569,145.0,,SKT-4214,1,1,GPNV
30/07/2025,14:36:17,47.62051,-52.73568,144.0,,SKT-4214,1,1,GPNV
30/07/2025,14:36:24,47.62052,-52.73568,145.0,,SKT-4214,1,1,GPNV
30/07/2025,14:36:32,47.62051,-52.73568,145.0,,SKT-4214,1,1,GPNV
30/07/2025,14:36:39,47.62051,-52.73568,147.0,,SKT-4214,1,1,GPNV
30/07/2025,14:36:46,47.6205,-52.73569,147.0,,SKT-4214,1,1,GPNV
30/07/2025,14:36:53,47.62049,-52.7357,147.0,,SKT-4214,1,1,GPNV
30/07/2025,14:37:00,47.62048,-52.73571,147.0,,SKT-4214,1,1,GPNV
30/07/2025,14:37:08,47.62046,-52.73572,148.0,,SKT-4214,1,1,GPNV
30/07/2025,14:37:15,47.62045,-52.73573,148.0,,SKT-4214,1,1,GPNV
30/07/2025,14:37:22,47.62045,-52.73573,149.0,,SKT-4214,1,1,GPNV
30/07/2025,14:37:29,47.62045,-52.73571,151.0,,SKT-4214,1,1,GPNV
30/07/2025,14:37:36,47.62046,-52.73569,152.0,,SKT-4214,1,1,GPNV
30/07/2025,14:37:43,47.62047,-52.73567,153.0,,SKT-4214,1,1,GPNV
30/07/2025,14:37:51,47.62048,-52.73565,154.0,,SKT-4214,1,1,GPNV
30/07/2025,14:37:58,47.62048,-52.73564,154.0,,SKT-4214,1,1,GPNV
30/07/2025,14:38:05,47.62049,-52.73563,153.0,,SKT-4214,1,1,GPNV
30/07/2025,14:38:13,47.62049,-52.73563,153.0,,SKT-4214,1,1,GPNV
30/07/2025,14:38:20,47.62049,-52.73565,153.0,,SKT-4214,1,1,GPNV
30/07/2025,14:38:27,47.6205,-52.73566,153.0,,SKT-4214,1,1,GPNV
30/07/2025,14:38:34,47.62049,-52.73567,153.0,,SKT-4214,1,1,GPNV
30/07/2025,14:38:41,47.62048,-52.73568,153.0,,SKT-4214,1,1,GPNV
30/07/2025,14:38:49,47.62046,-52.7357,152.0,,SKT-4214,1,1,GPNV
30/07/2025,14:38:56,47.62045,-52.73571,151.0,,SKT-4214,1,1,GPNV
30/07/2025,14:39:03,47.62045,-52.73572,149.0,,SKT-4214,1,1,GPNV
30/07/2025,14:39:10,47.62046,-52.73573,151.0,,SKT-4214,1,1,GPNV
30/07/2025,14:39:17,47.62046,-52.73573,152.0,,SKT-4214,1,1,GPNV
30/07/2025,14:39:25,47.62046,-52.73573,153.0,,SKT-4214,1,1,GPNV
30/07/2025,14:39:32,47.62046,-52.73573,154.0,,SKT-4214,1,1,GPNV
30/07/2025,14:39:39,47.62046,-52.73573,154.0,,SKT-4214,1,1,GPNV
30/07/2025,14:39:46,47.62046,-52.73574,154.0,,SKT-4214,1,1,GPNV
30/07/2025,14:39:53,47.62045,-52.73574,154.0,,SKT-4214,1,1,GPNV
30/07/2025,14:40:00,47.62045,-52.73573,153.0,,SKT-4214,1,1,GPNV
30/07/2025,14:40:08,47.62044,-52.73573,152.0,,SKT-4214,1,1,GPNV
30/07/2025,14:40:15,47.62043,-52.73574,150.0,,SKT-4214,1,1,GPNV
30/07/2025,14:40:22,47.62042,-52.73575,148.0,,SKT-4214,1,1,GPNV
30/07/2025,14:40:29,47.62041,-52.73576,146.0,,SKT-4214,1,1,GPNV
30/07/2025,14:40:37,47.62041,-52.73576,145.0,,SKT-4214,1,1,GPNV
30/07/2025,14:40:44,47.62041,-52.73576,144.0,,SKT-4214,1,1,GPNV
30/07/2025,14:40:51,47.62042,-52.73576,144.0,,SKT-4214,1,1,GPNV
30/07/2025,14:40:59,47.62041,-52.73576,145.0,,SKT-4214,1,1,GPNV
30/07/2025,14:41:06,47.62041,-52.73576,145.0,,SKT-4214,1,1,GPNV
30/07/2025,14:41:13,47.62041,-52.73577,144.0,,SKT-4214,1,1,GPNV
30/07/2025,14:41:20,47.6204,-52.73579,142.0,,SKT-4214,1,1,GPNV
30/07/2025,14:41:27,47.6204,-52.73579,142.0,,SKT-4214,1,1,GPNV
30/07/2025,14:41:35,47.62039,-52.73579,142.0,,SKT-4214,1,1,GPNV
30/07/2025,14:41:42,47.62039,-52.73579,143.0,,SKT-4214,1,1,GPNV
30/07/2025,14:41:49,47.62039,-52.73578,145.0,,SKT-4214,1,1,GPNV
30/07/2025,14:41:56,47.6204,-52.73578,147.0,,SKT-4214,1,1,GPNV
30/07/2025,14:42:04,47.62041,-52.73578,148.0,,SKT-4214,1,1,GPNV
30/07/2025,14:42:11,47.62043,-52.73578,148.0,,SKT-4214,1,1,GPNV
30/07/2025,14:42:18,47.62043,-52.73579,147.0,,SKT-4214,1,1,GPNV
30/07/2025,14:42:25,47.62043,-52.73579,146.0,,SKT-4214,1,1,GPNV
30/07/2025,14:42:32,47.62043,-52.73579,144.0,,SKT-4214,1,1,GPNV
30/07/2025,14:42:40,47.62043,-52.7358,143.0,,SKT-4214,1,1,GPNV
30/07/2025,14:42:47,47.62042,-52.73581,141.0,,SKT-4214,1,1,GPNV
30/07/2025,14:42:54,47.62041,-52.73581,139.0,,SKT-4214,1,1,GPNV
30/07/2025,14:43:01,47.6204,-52.73581,138.0,,SKT-4214,1,1,GPNV
30/07/2025,14:43:09,47.6204,-52.73581,137.0,,SKT-4214,1,1,GPNV
30/07/2025,14:43:16,47.6204,-52.73581,136.0,,SKT-4214,1,1,GPNV
30/07/2025,14:43:23,47.62041,-52.73581,134.0,,SKT-4214,1,1,GPNV
30/07/2025,14:43:30,47.62041,-52.73581,133.0,,SKT-4214,1,1,GPNV
30/07/2025,14:43:37,47.62041,-52.7358,131.0,,SKT-4214,1,1,GPNV
30/07/2025,14:43:45,47.62041,-52.73579,130.0,,SKT-4214,1,1,GPNV
30/07/2025,14:43:52,47.62041,-52.73577,130.0,,SKT-4214,1,1,GPNV
30/07/2025,14:43:59,47.62041,-52.73577,131.0,,SKT-4214,1,1,GPNV
30/07/2025,14:44:06,47.6204,-52.73578,133.0,,SKT-4214,1,1,GPNV
30/07/2025,14:44:14,47.6204,-52.73578,136.0,,SKT-4214,1,1,GPNV
30/07/2025,14:44:21,47.6204,-52.73577,137.0,,SKT-4214,1,1,GPNV
30/07/2025,14:44:28,47.62041,-52.73577,137.0,,SKT-4214,1,1,GPNV
30/07/2025,14:44:35,47.62041,-52.73577,138.0,,SKT-4214,1,1,GPNV
30/07/2025,14:44:42,47.62041,-52.73576,139.0,,SKT-4214,1,1,GPNV
30/07/2025,14:44:50,47.62041,-52.73576,139.0,,SKT-4214,1,1,GPNV
30/07/2025,14:44:57,47.6204,-52.73576,138.0,,SKT-4214,1,1,GPNV
30/07/2025,14:45:04,47.62038,-52.73577,138.0,,SKT-4214,1,1,GPNV
30/07/2025,14:45:11,47.62037,-52.73577,138.0,,SKT-4214,1,1,GPNV
30/07/2025,14:45:18,47.62037,-52.73577,137.0,,SKT-4214,1,1,GPNV
30/07/2025,14:45:26,47.62037,-52.73576,137.0,,SKT-4214,1,1,GPNV
30/07/2025,14:45:33,47.62037,-52.73576,136.0,,SKT-4214,1,1,GPNV
30/07/2025,14:45:40,47.62038,-52.73576,135.0,,SKT-4214,1,1,GPNV
30/07/2025,14:45:48,47.62039,-52.73576,135.0,,SKT-4214,1,1,GPNV
30/07/2025,14:45:55,47.62038,-52.73575,135.0,,SKT-4214,1,1,GPNV
30/07/2025,14:46:02,47.62038,-52.73575,133.0,,SKT-4214,1,1,GPNV
30/07/2025,14:46:09,47.62039,-52.73575,131.0,,SKT-4214,1,1,GPNV
30/07/2025,14:46:16,47.62039,-52.73576,129.0,,SKT-4214,1,1,GPNV
30/07/2025,14:46:23,47.62039,-52.73576,129.0,,SKT-4214,1,1,GPNV
30/07/2025,14:46:31,47.62039,-52.73576,128.0,,SKT-4214,1,1,GPNV
30/07/2025,14:46:38,47.62039,-52.73576,128.0,,SKT-4214,1,1,GPNV
30/07/2025,14:46:45,47.62039,-52.73577,127.0,,SKT-4214,1,1,GPNV
30/07/2025,14:46:52,47.62038,-52.73577,126.0,,SKT-4214,1,1,GPNV
30/07/2025,14:46:59,47.62038,-52.73578,125.0,,SKT-4214,1,1,GPNV
30/07/2025,14:47:06,47.62038,-52.73578,125.0,,SKT-4214,1,1,GPNV
30/07/2025,14:47:14,47.62035,-52.73579,122.0,,SKT-4214,1,1,GPNV
30/07/2025,14:47:21,47.62033,-52.73579,120.0,,SKT-4214,1,1,GPNV
30/07/2025,14:47:28,47.62033,-52.73579,121.0,,SKT-4214,1,1,GPNV
30/07/2025,14:47:35,47.62034,-52.7358,124.0,,SKT-4214,1,1,GPNV
30/07/2025,14:47:42,47.62036,-52.73581,128.0,,SKT-4214,1,1,GPNV
30/07/2025,14:47:50,47.62037,-52.73581,129.0,,SKT-4214,1,1,GPNV
30/07/2025,14:47:57,47.6204,-52.73581,133.0,,SKT-4214,1,1,GPNV
30/07/2025,14:48:04,47.62041,-52.73581,133.0,,SKT-4214,1,1,GPNV
30/07/2025,14:48:11,47.62041,-52.7358,135.0,,SKT-4214,1,1,GPNV
30/07/2025,14:48:19,47.62042,-52.73578,137.0,,SKT-4214,1,1,GPNV
30/07/2025,14:48:26,47.62043,-52.73576,142.0,,SKT-4214,1,1,GPNV
30/07/2025,14:48:33,47.62043,-52.73575,143.0,,SKT-4214,1,1,GPNV
30/07/2025,14:48:41,47.62042,-52.73575,143.0,,SKT-4214,1,1,GPNV
30/07/2025,14:48:48,47.62041,-52.73576,142.0,,SKT-4214,1,1,GPNV
30/07/2025,14:48:55,47.62041,-52.73577,143.0,,SKT-4214,1,1,GPNV
30/07/2025,14:49:03,47.62041,-52.73579,143.0,,SKT-4214,1,1,GPNV
30/07/2025,14:49:10,47.62041,-52.7358,143.0,,SKT-4214,1,1,GPNV
30/07/2025,14:49:17,47.62041,-52.7358,141.0,,SKT-4214,1,1,GPNV
30/07/2025,14:49:24,47.6204,-52.7358,140.0,,SKT-4214,1,1,GPNV
30/07/2025,14:49:32,47.6204,-52.73579,139.0,,SKT-4214,1,1,GPNV
30/07/2025,14:49:39,47.6204,-52.7358,139.0,,SKT-4214,1,1,GPNV
30/07/2025,14:49:46,47.6204,-52.73581,140.0,,SKT-4214,1,1,GPNV
30/07/2025,14:49:53,47.6204,-52.73581,141.0,,SKT-4214,1,1,GPNV
30/07/2025,14:50:00,47.6204,-52.73582,143.0,,SKT-4214,1,1,GPNV
30/07/2025,14:50:08,47.6204,-52.73582,144.0,,SKT-4214,1,1,GPNV
30/07/2025,14:50:15,47.6204,-52.73582,146.0,,SKT-4214,1,1,GPNV
30/07/2025,14:50:22,47.62041,-52.73579,147.0,,SKT-4214,1,1,GPNV
30/07/2025,14:50:29,47.62041,-52.73577,149.0,,SKT-4214,1,1,GPNV
30/07/2025,14:50:36,47.6204,-52.73576,150.0,,SKT-4214,1,1,GPNV
30/07/2025,14:50:43,47.6204,-52.73575,152.0,,SKT-4214,1,1,GPNV
30/07/2025,14:50:51,47.62043,-52.73571,157.0,,SKT-4214,1,1,GPNV
30/07/2025,14:50:58,47.62045,-52.73569,159.0,,SKT-4214,1,1,GPNV
30/07/2025,14:51:05,47.62045,-52.73569,157.0,,SKT-4214,1,1,GPNV
30/07/2025,14:51:12,47.62045,-52.73571,155.0,,SKT-4214,1,1,GPNV
30/07/2025,14:51:19,47.62045,-52.73573,154.0,,SKT-4214,1,1,GPNV
30/07/2025,14:51:27,47.62044,-52.73575,152.0,,SKT-4214,1,1,GPNV
30/07/2025,14:51:34,47.62043,-52.73577,149.0,,SKT-4214,1,1,GPNV
30/07/2025,14:51:41,47.62042,-52.7358,147.0,,SKT-4214,1,1,GPNV
30/07/2025,14:51:48,47.6204,-52.73581,146.0,,SKT-4214,1,1,GPNV
30/07/2025,14:51:55,47.6204,-52.73582,147.0,,SKT-4214,1,1,GPNV
30/07/2025,14:52:03,47.6204,-52.73581,150.0,,SKT-4214,1,1,GPNV
30/07/2025,14:52:10,47.62041,-52.73581,152.0,,SKT-4214,1,1,GPNV
30/07/2025,14:52:17,47.62043,-52.73581,156.0,,SKT-4214,1,1,GPNV
30/07/2025,14:52:24,47.62044,-52.73581,158.0,,SKT-4214,1,1,GPNV
30/07/2025,14:52:31,47.62045,-52.73582,158.0,,SKT-4214,1,1,GPNV
30/07/2025,14:52:38,47.62046,-52.73581,157.0,,SKT-4214,1,1,GPNV
30/07/2025,14:52:45,47.62047,-52.73581,155.0,,SKT-4214,1,1,GPNV
30/07/2025,14:52:53,47.62048,-52.7358,153.0,,SKT-4214,1,1,GPNV
30/07/2025,14:53:00,47.62048,-52.73581,150.0,,SKT-4214,1,1,GPNV
30/07/2025,14:53:07,47.62046,-52.73582,148.0,,SKT-4214,1,1,GPNV
30/07/2025,07:27:38,,,,,SKT-4214,1,1,GPNV
30/07/2025,14:53:24,47.62045,-52.73583,149.0,,SKT-4214,1,1,GPNV
30/07/2025,14:53:32,47.62047,-52.73582,151.0,,SKT-4214,1,1,GPNV
30/07/2025,14:53:39,47.62046,-52.73582,153.0,,SKT-4214,1,1,GPNV
30/07/2025,14:53:46,47.62045,-52.73581,154.0,,SKT-4214,1,1,GPNV
30/07/2025,14:53:53,47.62044,-52.73581,155.0,,SKT-4214,1,1,GPNV
30/07/2025,14:54:00,47.62043,-52.7358,156.0,,SKT-4214,1,1,GPNV
30/07/2025,14:54:07,47.62041,-52.73581,155.0,,SKT-4214,1,1,GPNV
30/07/2025,14:54:15,47.6204,-52.73581,154.0,,SKT-4214,1,1,GPNV
30/07/2025,14:54:22,47.6204,-52.73581,153.0,,SKT-4214,1,1,GPNV
30/07/2025,14:54:29,47.6204,-52.7358,153.0,,SKT-4214,1,1,GPNV
30/07/2025,14:54:36,47.6204,-52.73579,151.0,,SKT-4214,1,1,GPNV
30/07/2025,14:54:43,47.6204,-52.73578,149.0,,SKT-4214,1,1,GPNV
30/07/2025,14:54:51,47.62039,-52.73578,144.0,,SKT-4214,1,1,GPNV
30/07/2025,14:54:59,47.62038,-52.73579,140.0,,SKT-4214,1,1,GPNV
30/07/2025,14:55:06,47.62036,-52.73581,137.0,,SKT-4214,1,1,GPNV
30/07/2025,14:55:13,47.62034,-52.73582,137.0,,SKT-4214,1,1,GPNV
30/07/2025,14:55:21,47.62033,-52.73582,137.0,,SKT-4214,1,1,GPNV
30/07/2025,07:29:51,,,,,SKT-4214,1,1,GPNV
30/07/2025,14:55:38,47.62034,-52.73582,139.0,,SKT-4214,1,1,GPNV
30/07/2025,14:55:45,47.62034,-52.73583,139.0,,SKT-4214,1,1,GPNV
30/07/2025,14:55:52,47.62034,-52.73583,139.0,,SKT-4214,1,1,GPNV
30/07/2025,14:56:01,47.62035,-52.73583,140.0,,SKT-4214,1,1,GPNV
30/07/2025,14:56:08,47.62035,-52.73584,141.0,,SKT-4214,1,1,GPNV
30/07/2025,14:56:16,47.62034,-52.73586,142.0,,SKT-4214,1,1,GPNV
30/07/2025,14:56:25,47.6204,-52.73578,152.0,,SKT-4214,1,1,GPNV
30/07/2025,14:56:32,47.62041,-52.73575,155.0,,SKT-4214,1,1,GPNV
30/07/2025,14:56:40,47.62041,-52.73574,154.0,,SKT-4214,1,1,GPNV
30/07/2025,14:56:47,47.62043,-52.73571,157.0,,SKT-4214,1,1,GPNV
30/07/2025,14:56:54,47.62044,-52.7357,160.0,,SKT-4214,1,1,GPNV
30/07/2025,14:57:01,47.62045,-52.73569,162.0,,SKT-4214,1,1,GPNV
30/07/2025,14:57:08,47.62044,-52.7357,163.0,,SKT-4214,1,1,GPNV
30/07/2025,14:57:15,47.62042,-52.73572,162.0,,SKT-4214,1,1,GPNV
30/07/2025,14:57:23,47.62041,-52.73575,160.0,,SKT-4214,1,1,GPNV
30/07/2025,14:57:30,47.6204,-52.73577,160.0,,SKT-4214,1,1,GPNV
30/07/2025,14:57:37,47.62039,-52.73579,160.0,,SKT-4214,1,1,GPNV
30/07/2025,14:57:44,47.62039,-52.73579,159.0,,SKT-4214,1,1,GPNV
30/07/2025,14:57:51,47.6204,-52.73579,157.0,,SKT-4214,1,1,GPNV
30/07/2025,14:57:59,47.62041,-52.73578,156.0,,SKT-4214,1,1,GPNV
30/07/2025,14:58:06,47.6204,-52.73578,156.0,,SKT-4214,1,1,GPNV
30/07/2025,14:58:13,47.62038,-52.73579,157.0,,SKT-4214,1,1,GPNV
30/07/2025,14:58:20,47.62037,-52.7358,160.0,,SKT-4214,1,1,GPNV
30/07/2025,07:32:51,,,,,SKT-4214,1,1,GPNV
30/07/2025,14:58:38,47.62034,-52.73578,161.0,,SKT-4214,1,1,GPNV
30/07/2025,14:58:45,47.62032,-52.73578,160.0,,SKT-4214,1,1,GPNV
30/07/2025,14:58:53,47.62031,-52.7358,159.0,,SKT-4214,1,1,GPNV
30/07/2025,14:59:00,47.62032,-52.73581,157.0,,SKT-4214,1,1,GPNV
30/07/2025,14:59:07,47.62034,-52.73581,155.0,,SKT-4214,1,1,GPNV
30/07/2025,14:59:15,47.62037,-52.73581,156.0,,SKT-4214,1,1,GPNV
30/07/2025,14:59:22,47.6204,-52.7358,153.0,,SKT-4214,1,1,GPNV
30/07/2025,14:59:29,47.62041,-52.73581,149.0,,SKT-4214,1,1,GPNV
30/07/2025,14:59:36,47.62041,-52.73582,148.0,,SKT-4214,1,1,GPNV
30/07/2025,14:59:43,47.6204,-52.73584,150.0,,SKT-4214,1,1,GPNV
30/07/2025,14:59:51,47.6204,-52.73583,153.0,,SKT-4214,1,1,GPNV
30/07/2025,14:59:59,47.62041,-52.73582,151.0,,SKT-4214,1,1,GPNV
30/07/2025,15:00:07,47.62041,-52.73582,151.0,,SKT-4214,1,1,GPNV
30/07/2025,15:00:14,47.62042,-52.73582,149.0,,SKT-4214,1,1,GPNV
30/07/2025,15:00:22,47.62043,-52.73583,149.0,,SKT-4214,1,1,GPNV
30/07/2025,15:00:29,47.62042,-52.73583,149.0,,SKT-4214,1,0,GPNV
30/07/2025,15:00:36,47.62041,-52.73584,146.0,,SKT-4214,1,0,GPNV
30/07/2025,15:00:43,47.6204,-52.73584,142.0,,SKT-4214,1,0,GPNV
30/07/2025,15:00:50,47.6204,-52.73584,141.0,,SKT-4214,1,0,GPNV
30/07/2025,15:00:57,47.6204,-52.73583,139.0,,SKT-4214,1,0,GPNV
30/07/2025,15:01:04,47.62041,-52.73582,141.0,,SKT-4214,1,0,GPNV
30/07/2025,15:01:11,47.62041,-52.73581,144.0,,SKT-4214,1,0,GPNV
30/07/2025,15:01:18,47.62042,-52.73579,145.0,,SKT-4214,1,0,GPNV
30/07/2025,15:01:25,47.62043,-52.73578,146.0,,SKT-4214,1,0,GPNV
30/07/2025,15:01:32,47.62042,-52.73577,150.0,,SKT-4214,1,0,GPNV
30/07/2025,15:01:39,47.62041,-52.73576,152.0,,SKT-4214,1,0,GPNV
30/07/2025,15:01:47,47.62039,-52.73576,153.0,,SKT-4214,1,0,GPNV
30/07/2025,15:01:54,47.62038,-52.73576,153.0,,SKT-4214,1,0,GPNV
30/07/2025,15:02:01,47.62037,-52.73575,152.0,,SKT-4214,1,0,GPNV
30/07/2025,15:02:08,47.62036,-52.73575,153.0,,SKT-4214,1,1,GPNV
30/07/2025,15:02:15,47.62035,-52.73575,155.0,,SKT-4214,1,1,GPNV
30/07/2025,15:02:22,47.62035,-52.73576,156.0,,SKT-4214,1,1,GPNV
30/07/2025,15:02:29,47.62035,-52.73576,157.0,,SKT-4214,1,1,GPNV
30/07/2025,15:02:37,47.62033,-52.73577,158.0,,SKT-4214,1,1,GPNV
30/07/2025,15:02:44,47.62032,-52.73579,157.0,,SKT-4214,1,1,GPNV
30/07/2025,15:02:51,47.62032,-52.73579,155.0,,SKT-4214,1,1,GPNV
30/07/2025,15:02:58,47.62031,-52.73579,153.0,,SKT-4214,1,1,GPNV
30/07/2025,15:03:06,47.62031,-52.73578,151.0,,SKT-4214,1,1,GPNV
30/07/2025,15:03:13,47.62032,-52.73577,150.0,,SKT-4214,1,1,GPNV
30/07/2025,15:03:20,47.62033,-52.73577,149.0,,SKT-4214,1,1,GPNV
30/07/2025,15:03:27,47.62034,-52.73577,147.0,,SKT-4214,1,1,GPNV
30/07/2025,15:03:35,47.62036,-52.73578,145.0,,SKT-4214,1,1,GPNV
30/07/2025,15:03:42,47.62038,-52.73579,145.0,,SKT-4214,1,1,GPNV
30/07/2025,15:03:49,47.6204,-52.73579,147.0,,SKT-4214,1,1,GPNV
30/07/2025,15:03:56,47.62041,-52.73578,150.0,,SKT-4214,1,1,GPNV
30/07/2025,15:04:03,47.62042,-52.73578,152.0,,SKT-4214,1,1,GPNV
30/07/2025,15:04:11,47.62043,-52.73577,155.0,,SKT-4214,1,1,GPNV
30/07/2025,15:04:18,47.62043,-52.73577,155.0,,SKT-4214,1,1,GPNV
30/07/2025,15:04:25,47.62043,-52.73576,156.0,,SKT-4214,1,1,GPNV
30/07/2025,15:04:32,47.62042,-52.73576,158.0,,SKT-4214,1,1,GPNV
30/07/2025,15:04:40,47.62041,-52.73577,160.0,,SKT-4214,1,1,GPNV
30/07/2025,15:04:47,47.62041,-52.73577,162.0,,SKT-4214,1,1,GPNV
30/07/2025,15:04:54,47.6204,-52.73578,163.0,,SKT-4214,1,1,GPNV
30/07/2025,15:05:01,47.62041,-52.73577,163.0,,SKT-4214,1,1,GPNV
30/07/2025,15:05:09,47.62041,-52.73577,162.0,,SKT-4214,1,1,GPNV
30/07/2025,15:05:16,47.6204,-52.73577,161.0,,SKT-4214,1,1,GPNV
30/07/2025,15:05:23,47.6204,-52.73576,159.0,,SKT-4214,1,1,GPNV
30/07/2025,15:05:30,47.62039,-52.73575,158.0,,SKT-4214,1,1,GPNV
30/07/2025,15:05:37,47.62038,-52.73575,156.0,,SKT-4214,1,1,GPNV
30/07/2025,15:05:45,47.62038,-52.73575,153.0,,SKT-4214,1,1,GPNV
30/07/2025,15:05:52,47.62038,-52.73575,153.0,,SKT-4214,1,1,GPNV
30/07/2025,15:05:59,47.62039,-52.73574,153.0,,SKT-4214,1,1,GPNV
30/07/2025,15:06:07,47.6204,-52.73573,153.0,,SKT-4214,1,1,GPNV
30/07/2025,15:06:14,47.62041,-52.73573,153.0,,SKT-4214,1,1,GPNV
30/07/2025,15:06:22,47.62041,-52.73574,154.0,,SKT-4214,1,1,GPNV
30/07/2025,15:06:29,47.62041,-52.73573,159.0,,SKT-4214,1,1,GPNV
30/07/2025,15:06:36,47.62041,-52.73573,162.0,,SKT-4214,1,1,GPNV
30/07/2025,15:06:43,47.62041,-52.73573,165.0,,SKT-4214,1,1,GPNV
30/07/2025,15:06:51,47.62043,-52.73573,166.0,,SKT-4214,1,1,GPNV
30/07/2025,15:06:58,47.62044,-52.73574,165.0,,SKT-4214,1,1,GPNV
30/07/2025,15:07:05,47.62045,-52.73574,164.0,,SKT-4214,1,1,GPNV
30/07/2025,15:07:13,47.62046,-52.73576,162.0,,SKT-4214,1,1,GPNV
30/07/2025,15:07:20,47.62046,-52.73576,160.0,,SKT-4214,1,1,GPNV
30/07/2025,15:07:27,47.62045,-52.73575,159.0,,SKT-4214,1,1,GPNV
30/07/2025,15:07:34,47.62043,-52.73574,159.0,,SKT-4214,1,1,GPNV
30/07/2025,15:07:41,47.62043,-52.73573,158.0,,SKT-4214,1,1,GPNV
30/07/2025,15:07:49,47.62042,-52.73572,157.0,,SKT-4214,1,1,GPNV
30/07/2025,15:07:56,47.62042,-52.73572,155.0,,SKT-4214,1,1,GPNV
30/07/2025,15:08:03,47.62041,-52.73572,154.0,,SKT-4214,1,1,GPNV
30/07/2025,15:08:10,47.62041,-52.73572,154.0,,SKT-4214,1,1,GPNV
30/07/2025,15:08:17,47.62041,-52.73573,153.0,,SKT-4214,1,1,GPNV
30/07/2025,15:08:25,47.62042,-52.73573,154.0,,SKT-4214,1,1,GPNV
30/07/2025,15:08:32,47.62043,-52.73574,154.0,,SKT-4214,1,1,GPNV
30/07/2025,15:08:39,47.62044,-52.73574,154.0,,SKT-4214,1,1,GPNV
30/07/2025,15:08:46,47.62045,-52.73575,155.0,,SKT-4214,1,1,GPNV
30/07/2025,15:08:54,47.62046,-52.73575,155.0,,SKT-4214,1,1,GPNV
30/07/2025,15:09:01,47.62046,-52.73576,155.0,,SKT-4214,1,1,GPNV
30/07/2025,15:09:08,47.62046,-52.73576,156.0,,SKT-4214,1,1,GPNV
30/07/2025,15:09:15,47.62046,-52.73575,155.0,,SKT-4214,1,1,GPNV
30/07/2025,15:09:22,47.62046,-52.73576,154.0,,SKT-4214,1,1,GPNV
30/07/2025,15:09:30,47.62045,-52.73575,151.0,,SKT-4214,1,1,GPNV
30/07/2025,15:09:37,47.62045,-52.73575,150.0,,SKT-4214,1,1,GPNV
30/07/2025,15:09:44,47.62045,-52.73576,150.0,,SKT-4214,1,1,GPNV
30/07/2025,15:09:51,47.62045,-52.73577,149.0,,SKT-4214,1,1,GPNV
30/07/2025,15:09:58,47.62045,-52.73578,149.0,,SKT-4214,1,1,GPNV
30/07/2025,15:10:06,47.62045,-52.73579,150.0,,SKT-4214,1,1,GPNV
30/07/2025,15:10:13,47.62043,-52.73579,155.0,,SKT-4214,1,1,GPNV
30/07/2025,15:10:20,47.62041,-52.73579,158.0,,SKT-4214,1,1,GPNV
30/07/2025,15:10:27,47.62039,-52.73579,158.0,,SKT-4214,1,1,GPNV
30/07/2025,15:10:35,47.62039,-52.73579,159.0,,SKT-4214,1,1,GPNV
30/07/2025,15:10:42,47.6204,-52.73578,160.0,,SKT-4214,1,1,GPNV
30/07/2025,15:10:49,47.62041,-52.73577,161.0,,SKT-4214,1,1,GPNV
30/07/2025,15:10:56,47.62042,-52.73577,161.0,,SKT-4214,1,1,GPNV
30/07/2025,15:11:03,47.62043,-52.73577,161.0,,SKT-4214,1,1,GPNV
30/07/2025,15:11:11,47.62043,-52.73576,160.0,,SKT-4214,1,1,GPNV
30/07/2025,15:11:18,47.62044,-52.73576,161.0,,SKT-4214,1,1,GPNV
30/07/2025,15:11:25,47.62044,-52.73575,161.0,,SKT-4214,1,1,GPNV
30/07/2025,15:11:32,47.62044,-52.73575,161.0,,SKT-4214,1,1,GPNV
30/07/2025,15:11:39,47.62045,-52.73575,162.0,,SKT-4214,1,1,GPNV
30/07/2025,15:11:47,47.62044,-52.73575,163.0,,SKT-4214,1,1,GPNV
30/07/2025,15:11:54,47.62043,-52.73575,164.0,,SKT-4214,1,1,GPNV
30/07/2025,15:12:01,47.62042,-52.73576,166.0,,SKT-4214,1,1,GPNV
30/07/2025,15:12:09,47.62042,-52.73578,168.0,,SKT-4214,1,1,GPNV
30/07/2025,15:12:16,47.62041,-52.73579,168.0,,SKT-4214,1,1,GPNV
30/07/2025,15:12:23,47.62041,-52.7358,167.0,,SKT-4214,1,1,GPNV
30/07/2025,15:12:30,47.6204,-52.73579,167.0,,SKT-4214,1,1,GPNV
30/07/2025,15:12:37,47.62041,-52.73579,165.0,,SKT-4214,1,1,GPNV
30/07/2025,15:12:44,47.62041,-52.73579,164.0,,SKT-4214,1,1,GPNV
30/07/2025,15:12:52,47.6204,-52.73578,164.0,,SKT-4214,1,1,GPNV
30/07/2025,15:12:59,47.6204,-52.73579,164.0,,SKT-4214,1,1,GPNV
30/07/2025,15:13:06,47.62041,-52.73579,165.0,,SKT-4214,1,1,GPNV
30/07/2025,15:13:13,47.62041,-52.7358,165.0,,SKT-4214,1,1,GPNV
30/07/2025,15:13:21,47.62041,-52.73577,167.0,,SKT-4214,1,1,GPNV
30/07/2025,15:13:28,47.62041,-52.73575,167.0,,SKT-4214,1,1,GPNV
30/07/2025,15:13:36,47.6204,-52.73574,167.0,,SKT-4214,1,1,GPNV
30/07/2025,15:13:43,47.6204,-52.73573,169.0,,SKT-4214,1,1,GPNV
30/07/2025,15:13:50,47.6204,-52.73572,170.0,,SKT-4214,1,1,GPNV
30/07/2025,15:13:57,47.62039,-52.73571,172.0,,SKT-4214,1,1,GPNV
30/07/2025,15:14:04,47.62038,-52.73569,175.0,,SKT-4214,1,1,GPNV
30/07/2025,15:14:11,47.62038,-52.73568,177.0,,SKT-4214,1,1,GPNV
30/07/2025,15:14:19,47.62038,-52.73566,176.0,,SKT-4214,1,1,GPNV
30/07/2025,15:14:26,47.62038,-52.73566,173.0,,SKT-4214,1,1,GPNV
30/07/2025,15:14:33,47.62039,-52.73567,169.0,,SKT-4214,1,1,GPNV
30/07/2025,15:14:40,47.6204,-52.73567,166.0,,SKT-4214,1,1,GPNV
30/07/2025,15:14:47,47.6204,-52.73568,164.0,,SKT-4214,1,1,GPNV
30/07/2025,15:14:55,47.6204,-52.73569,161.0,,SKT-4214,1,1,GPNV
30/07/2025,15:15:02,47.62039,-52.7357,159.0,,SKT-4214,1,1,GPNV
30/07/2025,15:15:09,47.62037,-52.73572,157.0,,SKT-4214,1,1,GPNV
30/07/2025,15:15:16,47.62035,-52.73572,156.0,,SKT-4214,1,1,GPNV
30/07/2025,15:15:24,47.62033,-52.73572,156.0,,SKT-4214,1,1,GPNV
30/07/2025,15:15:31,47.62033,-52.73572,158.0,,SKT-4214,1,1,GPNV
30/07/2025,15:15:38,47.62034,-52.73572,160.0,,SKT-4214,1,1,GPNV
30/07/2025,15:15:45,47.62035,-52.73572,162.0,,SKT-4214,1,1,GPNV
30/07/2025,15:15:52,47.62035,-52.73572,163.0,,SKT-4214,1,1,GPNV
30/07/2025,15:16:00,47.62035,-52.73572,164.0,,SKT-4214,1,1,GPNV
30/07/2025,15:16:07,47.62035,-52.73572,166.0,,SKT-4214,1,1,GPNV
30/07/2025,15:16:14,47.62035,-52.7357,168.0,,SKT-4214,1,1,GPNV
30/07/2025,15:16:21,47.62036,-52.73569,170.0,,SKT-4214,1,1,GPNV
30/07/2025,15:16:28,47.62036,-52.73569,170.0,,SKT-4214,1,1,GPNV
30/07/2025,15:16:37,47.62037,-52.7357,168.0,,SKT-4214,1,0,GPNV
30/07/2025,15:16:44,47.62037,-52.73571,166.0,,SKT-4214,1,1,GPNV
30/07/2025,15:16:51,47.62037,-52.73571,166.0,,SKT-4214,1,1,GPNV
30/07/2025,15:16:58,47.62038,-52.73572,166.0,,SKT-4214,1,1,GPNV
30/07/2025,15:17:05,47.62038,-52.73572,167.0,,SKT-4214,1,1,GPNV
30/07/2025,15:17:13,47.62039,-52.73573,168.0,,SKT-4214,1,1,GPNV
30/07/2025,15:17:20,47.6204,-52.73572,169.0,,SKT-4214,1,1,GPNV
30/07/2025,15:17:27,47.6204,-52.7357,169.0,,SKT-4214,1,1,GPNV
30/07/2025,15:17:34,47.6204,-52.73569,168.0,,SKT-4214,1,1,GPNV
30/07/2025,15:17:41,47.62041,-52.73568,168.0,,SKT-4214,1,1,GPNV
30/07/2025,15:17:48,47.6204,-52.73567,169.0,,SKT-4214,1,1,GPNV
30/07/2025,15:17:56,47.6204,-52.73566,169.0,,SKT-4214,1,1,GPNV
30/07/2025,15:18:03,47.6204,-52.73567,168.0,,SKT-4214,1,1,GPNV
30/07/2025,15:18:10,47.6204,-52.73567,168.0,,SKT-4214,1,1,GPNV
30/07/2025,15:18:17,47.62041,-52.73568,168.0,,SKT-4214,1,1,GPNV
30/07/2025,15:18:24,47.62042,-52.73568,168.0,,SKT-4214,1,1,GPNV
30/07/2025,15:18:32,47.62043,-52.73569,166.0,,SKT-4214,1,1,GPNV
30/07/2025,15:18:40,47.62043,-52.73571,165.0,,SKT-4214,1,1,GPNV
30/07/2025,15:18:47,47.62044,-52.73571,164.0,,SKT-4214,1,1,GPNV
30/07/2025,15:18:54,47.62044,-52.73572,165.0,,SKT-4214,1,1,GPNV
30/07/2025,15:19:01,47.62044,-52.73571,166.0,,SKT-4214,1,1,GPNV
30/07/2025,15:19:09,47.62044,-52.73572,165.0,,SKT-4214,1,1,GPNV
30/07/2025,15:19:16,47.62043,-52.73573,163.0,,SKT-4214,1,1,GPNV
30/07/2025,15:19:23,47.62042,-52.73574,161.0,,SKT-4214,1,1,GPNV
30/07/2025,15:19:30,47.62039,-52.73574,159.0,,SKT-4214,1,1,GPNV
30/07/2025,15:19:37,47.62037,-52.73574,155.0,,SKT-4214,1,1,GPNV
30/07/2025,15:19:45,47.62035,-52.73573,154.0,,SKT-4214,1,1,GPNV
30/07/2025,15:19:52,47.62037,-52.73572,151.0,,SKT-4214,1,1,GPNV
30/07/2025,15:19:59,47.62039,-52.73569,149.0,,SKT-4214,1,1,GPNV
30/07/2025,15:20:06,47.6204,-52.73567,148.0,,SKT-4214,1,1,GPNV
30/07/2025,15:20:14,47.62041,-52.73565,147.0,,SKT-4214,1,1,GPNV
30/07/2025,15:20:21,47.62041,-52.73564,148.0,,SKT-4214,1,1,GPNV
30/07/2025,15:20:28,47.62042,-52.73562,150.0,,SKT-4214,1,1,GPNV
30/07/2025,15:20:35,47.62043,-52.73562,151.0,,SKT-4214,1,1,GPNV
30/07/2025,15:20:43,47.62043,-52.73563,152.0,,SKT-4214,1,1,GPNV
30/07/2025,15:20:50,47.62044,-52.73564,152.0,,SKT-4214,1,1,GPNV
30/07/2025,15:20:57,47.62043,-52.73566,152.0,,SKT-4214,1,1,GPNV
30/07/2025,15:21:04,47.62043,-52.73569,152.0,,SKT-4214,1,1,GPNV
30/07/2025,15:21:11,47.62042,-52.73571,152.0,,SKT-4214,1,1,GPNV
30/07/2025,15:21:18,47.62041,-52.73571,152.0,,SKT-4214,1,1,GPNV
30/07/2025,15:21:26,47.6204,-52.7357,154.0,,SKT-4214,1,1,GPNV
30/07/2025,15:21:33,47.62039,-52.73569,155.0,,SKT-4214,1,1,GPNV
30/07/2025,15:21:40,47.62039,-52.73568,156.0,,SKT-4214,1,1,GPNV
30/07/2025,15:21:47,47.62038,-52.73569,157.0,,SKT-4214,1,1,GPNV
30/07/2025,15:21:54,47.62038,-52.73569,158.0,,SKT-4214,1,1,GPNV
30/07/2025,15:22:02,47.62038,-52.73569,157.0,,SKT-4214,1,1,GPNV
30/07/2025,15:22:09,47.62038,-52.73569,155.0,,SKT-4214,1,1,GPNV
30/07/2025,15:22:16,47.62038,-52.73569,154.0,,SKT-4214,1,1,GPNV
30/07/2025,15:22:23,47.62039,-52.73569,153.0,,SKT-4214,1,1,GPNV
30/07/2025,15:22:30,47.62039,-52.73569,153.0,,SKT-4214,1,1,GPNV
30/07/2025,15:22:38,47.6204,-52.73569,152.0,,SKT-4214,1,1,GPNV
30/07/2025,15:22:45,47.62041,-52.73571,149.0,,SKT-4214,1,1,GPNV
30/07/2025,15:22:52,47.62042,-52.73571,146.0,,SKT-4214,1,1,GPNV
30/07/2025,15:22:59,47.62043,-52.73571,144.0,,SKT-4214,1,1,GPNV
30/07/2025,15:23:07,47.62043,-52.73571,143.0,,SKT-4214,1,1,GPNV
30/07/2025,15:23:14,47.62042,-52.73571,143.0,,SKT-4214,1,1,GPNV
30/07/2025,15:23:21,47.62041,-52.73572,142.0,,SKT-4214,1,1,GPNV
30/07/2025,15:23:29,47.6204,-52.73573,142.0,,SKT-4214,1,1,GPNV
30/07/2025,15:23:36,47.62039,-52.73572,144.0,,SKT-4214,1,1,GPNV
30/07/2025,15:23:43,47.62039,-52.73571,146.0,,SKT-4214,1,1,GPNV
30/07/2025,15:23:51,47.6204,-52.73572,146.0,,SKT-4214,1,1,GPNV
30/07/2025,15:23:58,47.6204,-52.73572,145.0,,SKT-4214,1,1,GPNV
30/07/2025,15:24:06,47.6204,-52.73571,142.0,,SKT-4214,1,1,GPNV
30/07/2025,15:24:13,47.62039,-52.73569,141.0,,SKT-4214,1,1,GPNV
30/07/2025,15:24:20,47.62038,-52.73567,143.0,,SKT-4214,1,1,GPNV
30/07/2025,15:24:27,47.62038,-52.73565,145.0,,SKT-4214,1,1,GPNV
30/07/2025,15:24:34,47.62039,-52.73565,146.0,,SKT-4214,1,1,GPNV
30/07/2025,15:24:41,47.62039,-52.73565,147.0,,SKT-4214,1,1,GPNV
30/07/2025,15:24:49,47.62039,-52.73564,149.0,,SKT-4214,1,1,GPNV
30/07/2025,15:24:56,47.62039,-52.73564,150.0,,SKT-4214,1,1,GPNV
30/07/2025,15:25:03,47.6204,-52.73565,150.0,,SKT-4214,1,1,GPNV
30/07/2025,15:25:10,47.6204,-52.73566,150.0,,SKT-4214,1,1,GPNV
30/07/2025,15:25:18,47.6204,-52.73567,150.0,,SKT-4214,1,1,GPNV
30/07/2025,15:25:25,47.6204,-52.73569,149.0,,SKT-4214,1,1,GPNV
30/07/2025,15:25:32,47.6204,-52.7357,149.0,,SKT-4214,1,1,GPNV
30/07/2025,15:25:39,47.6204,-52.73571,150.0,,SKT-4214,1,1,GPNV
30/07/2025,15:25:46,47.62041,-52.73571,147.0,,SKT-4214,1,1,GPNV
30/07/2025,15:25:53,47.62042,-52.7357,147.0,,SKT-4214,1,1,GPNV
30/07/2025,15:26:01,47.62043,-52.73569,146.0,,SKT-4214,1,1,GPNV
30/07/2025,15:26:08,47.62045,-52.73568,146.0,,SKT-4214,1,1,GPNV
30/07/2025,15:26:15,47.62046,-52.73567,146.0,,SKT-4214,1,1,GPNV
30/07/2025,15:26:22,47.62046,-52.73566,148.0,,SKT-4214,1,1,GPNV
30/07/2025,15:26:30,47.62046,-52.73565,150.0,,SKT-4214,1,1,GPNV
30/07/2025,15:26:37,47.62045,-52.73565,152.0,,SKT-4214,1,1,GPNV
30/07/2025,15:26:44,47.62042,-52.73565,152.0,,SKT-4214,1,1,GPNV
30/07/2025,15:26:51,47.6204,-52.73565,152.0,,SKT-4214,1,1,GPNV
30/07/2025,15:26:59,47.62038,-52.73565,152.0,,SKT-4214,1,1,GPNV
30/07/2025,15:27:06,47.62037,-52.73564,153.0,,SKT-4214,1,1,GPNV
30/07/2025,15:27:13,47.62037,-52.73565,152.0,,SKT-4214,1,1,GPNV
30/07/2025,15:27:21,47.62038,-52.73564,152.0,,SKT-4214,1,1,GPNV
30/07/2025,15:27:28,47.62038,-52.73563,153.0,,SKT-4214,1,1,GPNV
30/07/2025,15:27:35,47.62038,-52.73563,154.0,,SKT-4214,1,1,GPNV
30/07/2025,15:27:42,47.62039,-52.73561,156.0,,SKT-4214,1,1,GPNV
30/07/2025,15:27:50,47.62039,-52.73561,154.0,,SKT-4214,1,1,GPNV
30/07/2025,15:27:57,47.62039,-52.7356,154.0,,SKT-4214,1,1,GPNV
30/07/2025,15:28:04,47.62039,-52.7356,153.0,,SKT-4214,1,1,GPNV
30/07/2025,15:28:11,47.62039,-52.73561,152.0,,SKT-4214,1,1,GPNV
30/07/2025,15:28:19,47.6204,-52.73562,150.0,,SKT-4214,1,1,GPNV
30/07/2025,15:28:26,47.62041,-52.73566,150.0,,SKT-4214,1,1,GPNV
30/07/2025,15:28:33,47.62043,-52.73568,152.0,,SKT-4214,1,1,GPNV
30/07/2025,15:28:40,47.62043,-52.73568,153.0,,SKT-4214,1,1,GPNV
30/07/2025,15:28:47,47.62043,-52.73566,155.0,,SKT-4214,1,1,GPNV
30/07/2025,15:28:55,47.62044,-52.73563,162.0,,SKT-4214,1,1,GPNV
30/07/2025,15:29:02,47.62044,-52.73561,167.0,,SKT-4214,1,1,GPNV
30/07/2025,15:29:09,47.62043,-52.73559,170.0,,SKT-4214,1,1,GPNV
30/07/2025,15:29:16,47.62043,-52.73558,173.0,,SKT-4214,1,1,GPNV
30/07/2025,15:29:24,47.62043,-52.73558,174.0,,SKT-4214,1,1,GPNV
30/07/2025,15:29:31,47.62042,-52.73558,173.0,,SKT-4214,1,1,GPNV
30/07/2025,15:29:38,47.62041,-52.73559,171.0,,SKT-4214,1,1,GPNV
30/07/2025,15:29:46,47.62041,-52.73561,169.0,,SKT-4214,1,1,GPNV
30/07/2025,15:29:53,47.62041,-52.73562,168.0,,SKT-4214,1,1,GPNV
30/07/2025,15:30:01,47.6204,-52.73561,168.0,,SKT-4214,1,1,GPNV
30/07/2025,15:30:08,47.62039,-52.73561,169.0,,SKT-4214,1,1,GPNV
30/07/2025,15:30:16,47.62038,-52.7356,169.0,,SKT-4214,1,1,GPNV
30/07/2025,15:30:23,47.62037,-52.73561,169.0,,SKT-4214,1,1,GPNV
30/07/2025,15:30:31,47.62036,-52.73561,169.0,,SKT-4214,1,1,GPNV
30/07/2025,15:30:38,47.62036,-52.7356,172.0,,SKT-4214,1,1,GPNV
30/07/2025,15:30:45,47.62035,-52.73558,174.0,,SKT-4214,1,1,GPNV
30/07/2025,15:30:52,47.62036,-52.73559,176.0,,SKT-4214,1,1,GPNV
30/07/2025,15:30:59,47.62036,-52.7356,177.0,,SKT-4214,1,1,GPNV
30/07/2025,15:31:06,47.62036,-52.73561,179.0,,SKT-4214,1,1,GPNV
30/07/2025,15:31:14,47.62036,-52.73563,181.0,,SKT-4214,1,1,GPNV
30/07/2025,15:31:21,47.62036,-52.73565,182.0,,SKT-4214,1,1,GPNV
30/07/2025,15:31:28,47.62037,-52.73566,181.0,,SKT-4214,1,1,GPNV
30/07/2025,15:31:35,47.62036,-52.73566,181.0,,SKT-4214,1,1,GPNV
30/07/2025,15:31:43,47.62035,-52.73567,181.0,,SKT-4214,1,1,GPNV
30/07/2025,15:31:50,47.62034,-52.73569,181.0,,SKT-4214,1,1,GPNV
30/07/2025,15:31:57,47.62035,-52.7357,176.0,,SKT-4214,1,1,GPNV
30/07/2025,15:32:04,47.62036,-52.73571,171.0,,SKT-4214,1,1,GPNV
30/07/2025,15:32:11,47.62037,-52.73571,169.0,,SKT-4214,1,1,GPNV
30/07/2025,15:32:18,47.62038,-52.73572,168.0,,SKT-4214,1,1,GPNV
30/07/2025,15:32:25,47.62039,-52.73573,167.0,,SKT-4214,1,1,GPNV
30/07/2025,15:32:33,47.6204,-52.73573,166.0,,SKT-4214,1,1,GPNV
30/07/2025,15:32:40,47.62041,-52.73573,166.0,,SKT-4214,1,1,GPNV
30/07/2025,15:32:47,47.62042,-52.73573,165.0,,SKT-4214,1,1,GPNV
30/07/2025,15:32:55,47.62043,-52.73573,163.0,,SKT-4214,1,1,GPNV
30/07/2025,15:33:02,47.62043,-52.73573,161.0,,SKT-4214,1,1,GPNV
30/07/2025,15:33:09,47.62043,-52.73573,158.0,,SKT-4214,1,1,GPNV
30/07/2025,15:33:16,47.62042,-52.73574,155.0,,SKT-4214,1,1,GPNV
30/07/2025,15:33:23,47.62041,-52.73574,152.0,,SKT-4214,1,1,GPNV
30/07/2025,15:33:30,47.62041,-52.73573,150.0,,SKT-4214,1,1,GPNV
30/07/2025,15:33:38,47.6204,-52.73572,148.0,,SKT-4214,1,1,GPNV
30/07/2025,15:33:45,47.62041,-52.73571,148.0,,SKT-4214,1,1,GPNV
30/07/2025,15:33:52,47.62041,-52.7357,148.0,,SKT-4214,1,1,GPNV
30/07/2025,15:33:59,47.62041,-52.7357,150.0,,SKT-4214,1,1,GPNV
30/07/2025,15:34:06,47.62042,-52.73569,151.0,,SKT-4214,1,1,GPNV
30/07/2025,15:34:14,47.62042,-52.73569,151.0,,SKT-4214,1,1,GPNV
30/07/2025,15:34:21,47.62042,-52.73569,151.0,,SKT-4214,1,1,GPNV
30/07/2025,15:34:28,47.62042,-52.73569,149.0,,SKT-4214,1,1,GPNV
30/07/2025,15:34:35,47.62041,-52.73568,147.0,,SKT-4214,1,1,GPNV
30/07/2025,15:34:43,47.6204,-52.73568,144.0,,SKT-4214,1,1,GPNV
30/07/2025,15:34:50,47.6204,-52.73569,141.0,,SKT-4214,1,1,GPNV
30/07/2025,15:34:57,47.62039,-52.73569,139.0,,SKT-4214,1,1,GPNV
30/07/2025,15:35:04,47.6204,-52.73569,139.0,,SKT-4214,1,1,GPNV
30/07/2025,15:35:12,47.6204,-52.73568,139.0,,SKT-4214,1,1,GPNV
30/07/2025,15:35:19,47.6204,-52.73566,141.0,,SKT-4214,1,1,GPNV
30/07/2025,15:35:26,47.6204,-52.73565,144.0,,SKT-4214,1,1,GPNV
30/07/2025,15:35:33,47.6204,-52.73565,146.0,,SKT-4214,1,1,GPNV
30/07/2025,15:35:41,47.6204,-52.73563,148.0,,SKT-4214,1,1,GPNV
30/07/2025,15:35:48,47.62039,-52.73563,148.0,,SKT-4214,1,1,GPNV
30/07/2025,15:35:55,47.62038,-52.73563,147.0,,SKT-4214,1,1,GPNV
30/07/2025,15:36:02,47.62038,-52.73565,147.0,,SKT-4214,1,1,GPNV
30/07/2025,15:36:09,47.62038,-52.73566,149.0,,SKT-4214,1,1,GPNV
30/07/2025,15:36:16,47.62038,-52.73568,151.0,,SKT-4214,1,1,GPNV
30/07/2025,15:36:24,47.62038,-52.73568,154.0,,SKT-4214,1,1,GPNV
30/07/2025,15:36:31,47.62038,-52.73568,155.0,,SKT-4214,1,1,GPNV
30/07/2025,15:36:38,47.62038,-52.73569,154.0,,SKT-4214,1,1,GPNV
30/07/2025,15:36:45,47.62038,-52.7357,153.0,,SKT-4214,1,1,GPNV
30/07/2025,15:36:53,47.62038,-52.7357,152.0,,SKT-4214,1,1,GPNV
30/07/2025,15:37:00,47.62039,-52.73571,153.0,,SKT-4214,1,1,GPNV
30/07/2025,15:37:07,47.62039,-52.73571,153.0,,SKT-4214,1,1,GPNV
30/07/2025,15:37:14,47.62039,-52.73571,153.0,,SKT-4214,1,1,GPNV
30/07/2025,15:37:22,47.62039,-52.73571,151.0,,SKT-4214,1,1,GPNV
30/07/2025,15:37:29,47.62038,-52.73571,151.0,,SKT-4214,1,1,GPNV
30/07/2025,15:37:36,47.62038,-52.73571,150.0,,SKT-4214,1,1,GPNV
30/07/2025,15:37:43,47.62038,-52.73572,148.0,,SKT-4214,1,1,GPNV
30/07/2025,15:37:51,47.62038,-52.73573,146.0,,SKT-4214,1,1,GPNV
30/07/2025,15:37:58,47.62039,-52.73573,143.0,,SKT-4214,1,1,GPNV
30/07/2025,15:38:06,47.62041,-52.73572,141.0,,SKT-4214,1,1,GPNV
30/07/2025,15:38:13,47.62041,-52.73571,140.0,,SKT-4214,1,1,GPNV
30/07/2025,15:38:20,47.62041,-52.73571,140.0,,SKT-4214,1,1,GPNV
30/07/2025,15:38:28,47.62042,-52.73571,139.0,,SKT-4214,1,1,GPNV
30/07/2025,15:38:35,47.62043,-52.73571,140.0,,SKT-4214,1,1,GPNV
30/07/2025,15:38:42,47.62044,-52.73573,141.0,,SKT-4214,1,1,GPNV
30/07/2025,15:38:49,47.62045,-52.73573,144.0,,SKT-4214,1,1,GPNV
30/07/2025,15:38:57,47.62045,-52.73574,148.0,,SKT-4214,1,1,GPNV
30/07/2025,15:39:04,47.62046,-52.73574,150.0,,SKT-4214,1,1,GPNV
30/07/2025,15:39:11,47.62046,-52.73573,150.0,,SKT-4214,1,1,GPNV
30/07/2025,15:39:18,47.62046,-52.73572,150.0,,SKT-4214,1,1,GPNV
30/07/2025,15:39:25,47.62045,-52.73571,152.0,,SKT-4214,1,1,GPNV
30/07/2025,15:39:33,47.62045,-52.7357,153.0,,SKT-4214,1,1,GPNV
30/07/2025,15:39:40,47.62045,-52.73571,154.0,,SKT-4214,1,1,GPNV
30/07/2025,15:39:47,47.62044,-52.73572,155.0,,SKT-4214,1,1,GPNV
30/07/2025,15:39:54,47.62044,-52.73573,156.0,,SKT-4214,1,1,GPNV
30/07/2025,15:40:02,47.62043,-52.73574,158.0,,SKT-4214,1,1,GPNV
30/07/2025,15:40:09,47.62043,-52.73575,161.0,,SKT-4214,1,1,GPNV
30/07/2025,15:40:16,47.62043,-52.73576,162.0,,SKT-4214,1,1,GPNV
30/07/2025,15:40:23,47.62044,-52.73577,162.0,,SKT-4214,1,1,GPNV
30/07/2025,15:40:31,47.62044,-52.73578,161.0,,SKT-4214,1,1,GPNV
30/07/2025,15:40:38,47.62045,-52.73577,158.0,,SKT-4214,1,1,GPNV
30/07/2025,15:40:45,47.62044,-52.73577,155.0,,SKT-4214,1,1,GPNV
30/07/2025,15:40:52,47.62044,-52.73576,153.0,,SKT-4214,1,1,GPNV
30/07/2025,15:40:59,47.62043,-52.73575,151.0,,SKT-4214,1,1,GPNV
30/07/2025,15:41:07,47.62042,-52.73573,150.0,,SKT-4214,1,1,GPNV
30/07/2025,15:41:14,47.62042,-52.73572,150.0,,SKT-4214,1,1,GPNV
30/07/2025,15:41:21,47.62041,-52.73571,150.0,,SKT-4214,1,1,GPNV
30/07/2025,15:41:28,47.62041,-52.73571,150.0,,SKT-4214,1,1,GPNV
30/07/2025,15:41:35,47.62041,-52.73572,151.0,,SKT-4214,1,1,GPNV
30/07/2025,15:41:43,47.62041,-52.73573,152.0,,SKT-4214,1,1,GPNV
30/07/2025,15:41:50,47.62041,-52.73574,153.0,,SKT-4214,1,1,GPNV
30/07/2025,15:41:57,47.62041,-52.73574,152.0,,SKT-4214,1,1,GPNV
30/07/2025,15:42:05,47.62041,-52.73574,151.0,,SKT-4214,1,1,GPNV
30/07/2025,15:42:12,47.62041,-52.73574,150.0,,SKT-4214,1,1,GPNV
30/07/2025,15:42:19,47.6204,-52.73573,150.0,,SKT-4214,1,1,GPNV
30/07/2025,15:42:26,47.6204,-52.73572,149.0,,SKT-4214,1,1,GPNV
30/07/2025,15:42:33,47.62039,-52.73571,149.0,,SKT-4214,1,1,GPNV
30/07/2025,15:42:41,47.62039,-52.73571,150.0,,SKT-4214,1,1,GPNV
30/07/2025,15:42:48,47.62039,-52.73571,151.0,,SKT-4214,1,1,GPNV
30/07/2025,15:42:55,47.6204,-52.73571,151.0,,SKT-4214,1,1,GPNV
30/07/2025,15:43:02,47.62041,-52.73571,151.0,,SKT-4214,1,1,GPNV
30/07/2025,15:43:09,47.62041,-52.73571,150.0,,SKT-4214,1,1,GPNV
30/07/2025,15:43:17,47.62042,-52.73572,147.0,,SKT-4214,1,1,GPNV
30/07/2025,15:43:24,47.62043,-52.73573,145.0,,SKT-4214,1,1,GPNV
30/07/2025,15:43:31,47.62043,-52.73573,145.0,,SKT-4214,1,1,GPNV
30/07/2025,15:43:38,47.62042,-52.73573,145.0,,SKT-4214,1,1,GPNV
30/07/2025,15:43:46,47.62041,-52.73572,148.0,,SKT-4214,1,1,GPNV
30/07/2025,15:43:53,47.62041,-52.73571,150.0,,SKT-4214,1,1,GPNV
30/07/2025,15:44:00,47.6204,-52.73571,151.0,,SKT-4214,1,1,GPNV
30/07/2025,15:44:07,47.62039,-52.7357,153.0,,SKT-4214,1,1,GPNV
30/07/2025,15:44:14,47.62039,-52.73569,153.0,,SKT-4214,1,1,GPNV
30/07/2025,15:44:22,47.62038,-52.73568,153.0,,SKT-4214,1,1,GPNV
30/07/2025,15:44:29,47.62038,-52.73567,152.0,,SKT-4214,1,1,GPNV
30/07/2025,15:44:36,47.62038,-52.73567,151.0,,SKT-4214,1,1,GPNV
30/07/2025,15:44:43,47.62039,-52.73567,152.0,,SKT-4214,1,1,GPNV
30/07/2025,15:44:50,47.62039,-52.73567,153.0,,SKT-4214,1,1,GPNV
30/07/2025,15:44:58,47.62038,-52.73568,153.0,,SKT-4214,1,1,GPNV
30/07/2025,15:45:05,47.62039,-52.7357,152.0,,SKT-4214,1,1,GPNV
30/07/2025,15:45:12,47.6204,-52.73571,150.0,,SKT-4214,1,1,GPNV
30/07/2025,15:45:19,47.62041,-52.73573,148.0,,SKT-4214,1,1,GPNV
30/07/2025,15:45:26,47.62041,-52.73573,146.0,,SKT-4214,1,1,GPNV
30/07/2025,15:45:34,47.62041,-52.73574,144.0,,SKT-4214,1,1,GPNV
30/07/2025,15:45:41,47.62041,-52.73574,143.0,,SKT-4214,1,1,GPNV
30/07/2025,15:45:48,47.6204,-52.73574,143.0,,SKT-4214,1,1,GPNV
30/07/2025,15:45:55,47.62038,-52.73573,142.0,,SKT-4214,1,1,GPNV
30/07/2025,15:46:03,47.62037,-52.73572,141.0,,SKT-4214,1,1,GPNV
30/07/2025,15:46:10,47.62037,-52.73572,140.0,,SKT-4214,1,1,GPNV
30/07/2025,15:46:17,47.62038,-52.73572,139.0,,SKT-4214,1,1,GPNV
30/07/2025,15:46:24,47.6204,-52.73571,139.0,,SKT-4214,1,1,GPNV
30/07/2025,15:46:31,47.6204,-52.7357,139.0,,SKT-4214,1,1,GPNV
30/07/2025,15:46:39,47.62041,-52.73569,140.0,,SKT-4214,1,1,GPNV
30/07/2025,15:46:46,47.6204,-52.73568,141.0,,SKT-4214,1,1,GPNV
30/07/2025,15:46:53,47.6204,-52.73566,139.0,,SKT-4214,1,1,GPNV
30/07/2025,15:47:00,47.62038,-52.73565,138.0,,SKT-4214,1,1,GPNV
30/07/2025,15:47:07,47.62037,-52.73564,138.0,,SKT-4214,1,1,GPNV
30/07/2025,15:47:15,47.62035,-52.73564,140.0,,SKT-4214,1,1,GPNV
30/07/2025,15:47:22,47.62035,-52.73565,142.0,,SKT-4214,1,1,GPNV
30/07/2025,15:47:29,47.62037,-52.73567,145.0,,SKT-4214,1,1,GPNV
30/07/2025,15:47:36,47.62038,-52.73569,148.0,,SKT-4214,1,1,GPNV
30/07/2025,15:47:43,47.62039,-52.73571,149.0,,SKT-4214,1,1,GPNV
30/07/2025,15:47:51,47.6204,-52.73573,149.0,,SKT-4214,1,1,GPNV
30/07/2025,15:47:58,47.62041,-52.73574,149.0,,SKT-4214,1,1,GPNV
30/07/2025,15:48:05,47.62041,-52.73575,148.0,,SKT-4214,1,1,GPNV
30/07/2025,15:48:12,47.6204,-52.73575,149.0,,SKT-4214,1,1,GPNV
30/07/2025,15:48:19,47.62039,-52.73574,151.0,,SKT-4214,1,1,GPNV
30/07/2025,15:48:27,47.62038,-52.73572,153.0,,SKT-4214,1,1,GPNV
30/07/2025,15:48:34,47.62037,-52.73571,154.0,,SKT-4214,1,1,GPNV
30/07/2025,15:48:41,47.62037,-52.7357,154.0,,SKT-4214,1,1,GPNV
30/07/2025,15:48:48,47.62037,-52.73569,153.0,,SKT-4214,1,1,GPNV
30/07/2025,15:48:55,47.62038,-52.73569,154.0,,SKT-4214,1,1,GPNV
30/07/2025,15:49:02,47.62038,-52.73569,155.0,,SKT-4214,1,1,GPNV
30/07/2025,15:49:10,47.62038,-52.73569,156.0,,SKT-4214,1,1,GPNV
30/07/2025,15:49:17,47.62037,-52.7357,157.0,,SKT-4214,1,1,GPNV
30/07/2025,15:49:24,47.62037,-52.73571,158.0,,SKT-4214,1,1,GPNV
30/07/2025,15:49:31,47.62037,-52.73571,158.0,,SKT-4214,1,1,GPNV
30/07/2025,15:49:38,47.62038,-52.73571,156.0,,SKT-4214,1,1,GPNV
30/07/2025,15:49:46,47.62038,-52.73571,154.0,,SKT-4214,1,1,GPNV
30/07/2025,15:49:53,47.62038,-52.7357,155.0,,SKT-4214,1,1,GPNV
30/07/2025,15:50:00,47.62037,-52.73569,155.0,,SKT-4214,1,1,GPNV
30/07/2025,15:50:07,47.62037,-52.73568,157.0,,SKT-4214,1,1,GPNV
30/07/2025,15:50:15,47.62036,-52.73567,158.0,,SKT-4214,1,1,GPNV
30/07/2025,15:50:22,47.62036,-52.73566,157.0,,SKT-4214,1,1,GPNV
30/07/2025,15:50:29,47.62037,-52.73565,156.0,,SKT-4214,1,1,GPNV
30/07/2025,15:50:36,47.62037,-52.73565,154.0,,SKT-4214,1,1,GPNV
30/07/2025,15:50:43,47.62038,-52.73566,152.0,,SKT-4214,1,1,GPNV
30/07/2025,15:50:51,47.62039,-52.73567,150.0,,SKT-4214,1,1,GPNV
30/07/2025,15:50:58,47.6204,-52.73567,149.0,,SKT-4214,1,1,GPNV
30/07/2025,15:51:05,47.62041,-52.73567,149.0,,SKT-4214,1,1,GPNV
30/07/2025,15:51:12,47.62041,-52.73566,150.0,,SKT-4214,1,1,GPNV
30/07/2025,15:51:19,47.62041,-52.73565,151.0,,SKT-4214,1,1,GPNV
30/07/2025,15:51:27,47.62041,-52.73564,153.0,,SKT-4214,1,1,GPNV
30/07/2025,15:51:34,47.6204,-52.73563,154.0,,SKT-4214,1,1,GPNV
30/07/2025,15:51:41,47.6204,-52.73564,154.0,,SKT-4214,1,1,GPNV
30/07/2025,15:51:48,47.62039,-52.73564,155.0,,SKT-4214,1,1,GPNV
30/07/2025,15:51:56,47.62039,-52.73565,154.0,,SKT-4214,1,1,GPNV
30/07/2025,15:52:03,47.62041,-52.73566,150.0,,SKT-4214,1,1,GPNV
30/07/2025,15:52:10,47.62042,-52.73567,148.0,,SKT-4214,1,1,GPNV
30/07/2025,15:52:17,47.62043,-52.73567,147.0,,SKT-4214,1,1,GPNV
30/07/2025,15:52:25,47.62044,-52.73567,146.0,,SKT-4214,1,1,GPNV
30/07/2025,15:52:32,47.62044,-52.73568,147.0,,SKT-4214,1,1,GPNV
30/07/2025,15:52:39,47.62044,-52.73568,149.0,,SKT-4214,1,1,GPNV
30/07/2025,15:52:46,47.62043,-52.73568,149.0,,SKT-4214,1,1,GPNV
30/07/2025,15:52:53,47.62043,-52.73568,149.0,,SKT-4214,1,1,GPNV
30/07/2025,15:53:00,47.62043,-52.73568,149.0,,SKT-4214,1,1,GPNV
30/07/2025,15:53:08,47.62043,-52.73568,149.0,,SKT-4214,1,1,GPNV
30/07/2025,15:53:15,47.62044,-52.73568,149.0,,SKT-4214,1,1,GPNV
30/07/2025,15:53:22,47.62044,-52.73569,149.0,,SKT-4214,1,1,GPNV
30/07/2025,15:53:29,47.62045,-52.7357,146.0,,SKT-4214,1,1,GPNV
30/07/2025,15:53:37,47.62045,-52.7357,143.0,,SKT-4214,1,1,GPNV
30/07/2025,15:53:44,47.62044,-52.73569,138.0,,SKT-4214,1,1,GPNV
30/07/2025,15:53:51,47.62042,-52.73568,135.0,,SKT-4214,1,1,GPNV
30/07/2025,15:53:58,47.6204,-52.73568,133.0,,SKT-4214,1,1,GPNV
30/07/2025,15:54:06,47.62039,-52.73567,132.0,,SKT-4214,1,1,GPNV
30/07/2025,15:54:13,47.62039,-52.73567,132.0,,SKT-4214,1,1,GPNV
30/07/2025,15:54:20,47.62041,-52.73567,132.0,,SKT-4214,1,1,GPNV
30/07/2025,15:54:27,47.62041,-52.73567,132.0,,SKT-4214,1,1,GPNV
30/07/2025,15:54:34,47.62043,-52.73568,130.0,,SKT-4214,1,1,GPNV
30/07/2025,15:54:42,47.62043,-52.73568,129.0,,SKT-4214,1,1,GPNV
30/07/2025,15:54:49,47.62043,-52.73569,130.0,,SKT-4214,1,1,GPNV
30/07/2025,15:54:56,47.62044,-52.7357,131.0,,SKT-4214,1,1,GPNV
30/07/2025,15:55:03,47.62043,-52.73571,132.0,,SKT-4214,1,1,GPNV
30/07/2025,15:55:11,47.62044,-52.73571,134.0,,SKT-4214,1,1,GPNV
30/07/2025,15:55:18,47.62044,-52.73572,136.0,,SKT-4214,1,1,GPNV
30/07/2025,15:55:25,47.62044,-52.73573,137.0,,SKT-4214,1,1,GPNV
30/07/2025,15:55:32,47.62044,-52.73574,139.0,,SKT-4214,1,1,GPNV
30/07/2025,15:55:39,47.62043,-52.73574,140.0,,SKT-4214,1,1,GPNV
30/07/2025,15:55:47,47.62042,-52.73575,141.0,,SKT-4214,1,1,GPNV
30/07/2025,15:55:54,47.62041,-52.73574,141.0,,SKT-4214,1,1,GPNV
30/07/2025,15:56:01,47.6204,-52.73574,142.0,,SKT-4214,1,1,GPNV
30/07/2025,15:56:08,47.6204,-52.73574,143.0,,SKT-4214,1,1,GPNV
30/07/2025,15:56:16,47.6204,-52.73574,143.0,,SKT-4214,1,1,GPNV
30/07/2025,15:56:23,47.62041,-52.73574,142.0,,SKT-4214,1,1,GPNV
30/07/2025,15:56:30,47.62042,-52.73574,141.0,,SKT-4214,1,1,GPNV
30/07/2025,15:56:37,47.62043,-52.73574,140.0,,SKT-4214,1,1,GPNV
30/07/2025,15:56:44,47.62043,-52.73573,140.0,,SKT-4214,1,1,GPNV
30/07/2025,15:56:52,47.62041,-52.73571,140.0,,SKT-4214,1,1,GPNV
30/07/2025,15:56:59,47.62038,-52.73569,143.0,,SKT-4214,1,1,GPNV
30/07/2025,15:57:06,47.62036,-52.73568,144.0,,SKT-4214,1,1,GPNV
30/07/2025,15:57:13,47.62035,-52.73567,143.0,,SKT-4214,1,1,GPNV
30/07/2025,15:57:20,47.62034,-52.73566,144.0,,SKT-4214,1,1,GPNV
30/07/2025,15:57:28,47.62034,-52.73565,144.0,,SKT-4214,1,1,GPNV
30/07/2025,15:57:35,47.62034,-52.73565,145.0,,SKT-4214,1,1,GPNV
30/07/2025,15:57:42,47.62035,-52.73566,146.0,,SKT-4214,1,1,GPNV
30/07/2025,15:57:50,47.62036,-52.73566,147.0,,SKT-4214,1,1,GPNV
30/07/2025,15:57:57,47.62036,-52.73567,148.0,,SKT-4214,1,1,GPNV
30/07/2025,15:58:04,47.62036,-52.73568,148.0,,SKT-4214,1,1,GPNV
30/07/2025,15:58:11,47.62036,-52.73568,149.0,,SKT-4214,1,1,GPNV
30/07/2025,15:58:18,47.62035,-52.73567,151.0,,SKT-4214,1,1,GPNV
30/07/2025,15:58:25,47.62034,-52.73566,153.0,,SKT-4214,1,1,GPNV
30/07/2025,15:58:33,47.62034,-52.73565,156.0,,SKT-4214,1,1,GPNV
30/07/2025,15:58:40,47.62034,-52.73564,156.0,,SKT-4214,1,1,GPNV
30/07/2025,15:58:47,47.62035,-52.73563,155.0,,SKT-4214,1,1,GPNV
30/07/2025,15:58:54,47.62036,-52.73563,154.0,,SKT-4214,1,1,GPNV
30/07/2025,15:59:02,47.62038,-52.73565,153.0,,SKT-4214,1,1,GPNV
30/07/2025,15:59:09,47.6204,-52.73566,152.0,,SKT-4214,1,1,GPNV
30/07/2025,15:59:16,47.62041,-52.73567,150.0,,SKT-4214,1,1,GPNV
30/07/2025,15:59:23,47.62043,-52.73568,150.0,,SKT-4214,1,1,GPNV
30/07/2025,15:59:31,47.62044,-52.73569,150.0,,SKT-4214,1,1,GPNV
30/07/2025,15:59:38,47.62045,-52.7357,148.0,,SKT-4214,1,1,GPNV
30/07/2025,15:59:45,47.62046,-52.7357,147.0,,SKT-4214,1,1,GPNV
30/07/2025,15:59:52,47.62045,-52.7357,144.0,,SKT-4214,1,1,GPNV
30/07/2025,15:59:59,47.62044,-52.7357,142.0,,SKT-4214,1,1,GPNV
30/07/2025,16:00:07,47.62042,-52.73571,140.0,,SKT-4214,1,1,GPNV
30/07/2025,16:00:14,47.62042,-52.73571,139.0,,SKT-4214,1,1,GPNV
30/07/2025,16:00:21,47.62041,-52.73571,139.0,,SKT-4214,1,1,GPNV
30/07/2025,16:00:28,47.62041,-52.7357,139.0,,SKT-4214,1,1,GPNV
30/07/2025,16:00:36,47.62041,-52.73568,141.0,,SKT-4214,1,1,GPNV
30/07/2025,16:00:43,47.62041,-52.73568,142.0,,SKT-4214,1,1,GPNV
30/07/2025,16:00:50,47.62042,-52.73568,143.0,,SKT-4214,1,1,GPNV
30/07/2025,16:00:57,47.62042,-52.73568,144.0,,SKT-4214,1,1,GPNV
30/07/2025,16:01:04,47.62042,-52.73569,145.0,,SKT-4214,1,1,GPNV
30/07/2025,16:01:12,47.62042,-52.73569,144.0,,SKT-4214,1,1,GPNV
30/07/2025,16:01:19,47.62042,-52.73569,143.0,,SKT-4214,1,1,GPNV
30/07/2025,16:01:26,47.62041,-52.73568,142.0,,SKT-4214,1,1,GPNV
30/07/2025,16:01:33,47.62041,-52.73568,141.0,,SKT-4214,1,1,GPNV
30/07/2025,16:01:41,47.6204,-52.7357,141.0,,SKT-4214,1,1,GPNV
30/07/2025,16:01:48,47.62041,-52.73571,142.0,,SKT-4214,1,1,GPNV
30/07/2025,16:01:55,47.62041,-52.73572,141.0,,SKT-4214,1,1,GPNV
30/07/2025,16:02:02,47.62041,-52.73571,140.0,,SKT-4214,1,1,GPNV
30/07/2025,16:02:09,47.62041,-52.73571,140.0,,SKT-4214,1,1,GPNV
30/07/2025,16:02:17,47.62042,-52.73571,140.0,,SKT-4214,1,1,GPNV
30/07/2025,16:02:24,47.62042,-52.7357,141.0,,SKT-4214,1,1,GPNV
30/07/2025,16:02:31,47.62042,-52.73571,139.0,,SKT-4214,1,1,GPNV
30/07/2025,16:02:38,47.62042,-52.73574,136.0,,SKT-4214,1,1,GPNV
30/07/2025,16:02:46,47.62043,-52.73575,136.0,,SKT-4214,1,1,GPNV
30/07/2025,16:02:53,47.62043,-52.73573,138.0,,SKT-4214,1,1,GPNV
30/07/2025,16:03:00,47.62045,-52.73571,141.0,,SKT-4214,1,1,GPNV
30/07/2025,16:03:07,47.62045,-52.7357,142.0,,SKT-4214,1,1,GPNV
30/07/2025,16:03:14,47.62046,-52.73569,143.0,,SKT-4214,1,1,GPNV
30/07/2025,16:03:22,47.62046,-52.73569,144.0,,SKT-4214,1,1,GPNV
30/07/2025,16:03:29,47.62046,-52.73569,144.0,,SKT-4214,1,1,GPNV
30/07/2025,16:03:36,47.62046,-52.73569,145.0,,SKT-4214,1,1,GPNV
30/07/2025,16:03:43,47.62046,-52.73568,146.0,,SKT-4214,1,1,GPNV
30/07/2025,16:03:50,47.62045,-52.73567,146.0,,SKT-4214,1,1,GPNV
30/07/2025,16:03:58,47.62045,-52.73567,146.0,,SKT-4214,1,1,GPNV
30/07/2025,16:04:05,47.62045,-52.73567,146.0,,SKT-4214,1,1,GPNV
30/07/2025,16:04:12,47.62044,-52.73568,147.0,,SKT-4214,1,1,GPNV
30/07/2025,16:04:19,47.62043,-52.73568,147.0,,SKT-4214,1,1,GPNV
30/07/2025,16:04:27,47.62043,-52.73569,148.0,,SKT-4214,1,1,GPNV
30/07/2025,16:04:34,47.62043,-52.7357,150.0,,SKT-4214,1,1,GPNV
30/07/2025,16:04:41,47.62043,-52.7357,155.0,,SKT-4214,1,1,GPNV
30/07/2025,16:04:48,47.62043,-52.73568,158.0,,SKT-4214,1,1,GPNV
30/07/2025,16:04:55,47.62043,-52.73566,159.0,,SKT-4214,1,1,GPNV
30/07/2025,16:05:03,47.62041,-52.73565,157.0,,SKT-4214,1,1,GPNV
30/07/2025,16:05:10,47.6204,-52.73563,154.0,,SKT-4214,1,1,GPNV
30/07/2025,16:05:17,47.6204,-52.73563,152.0,,SKT-4214,1,1,GPNV
30/07/2025,16:05:24,47.6204,-52.73564,150.0,,SKT-4214,1,1,GPNV
30/07/2025,16:05:32,47.62039,-52.73564,146.0,,SKT-4214,1,1,GPNV
30/07/2025,16:05:39,47.62038,-52.73564,142.0,,SKT-4214,1,1,GPNV
30/07/2025,16:05:46,47.62037,-52.73564,138.0,,SKT-4214,1,1,GPNV
30/07/2025,16:05:53,47.62037,-52.73564,135.0,,SKT-4214,1,1,GPNV
30/07/2025,16:06:01,47.62038,-52.73565,132.0,,SKT-4214,1,1,GPNV
30/07/2025,16:06:08,47.62039,-52.73567,132.0,,SKT-4214,1,1,GPNV
30/07/2025,16:06:15,47.6204,-52.73568,131.0,,SKT-4214,1,1,GPNV
30/07/2025,16:06:22,47.62042,-52.73568,130.0,,SKT-4214,1,1,GPNV
30/07/2025,16:06:29,47.62042,-52.73569,129.0,,SKT-4214,1,1,GPNV
30/07/2025,16:06:37,47.62042,-52.73569,129.0,,SKT-4214,1,1,GPNV
30/07/2025,16:06:44,47.62041,-52.73568,129.0,,SKT-4214,1,1,GPNV
30/07/2025,16:06:51,47.62041,-52.73568,130.0,,SKT-4214,1,1,GPNV
30/07/2025,16:06:58,47.62041,-52.73568,132.0,,SKT-4214,1,1,GPNV
30/07/2025,16:07:05,47.6204,-52.73568,133.0,,SKT-4214,1,1,GPNV
30/07/2025,16:07:13,47.6204,-52.73567,134.0,,SKT-4214,1,1,GPNV
30/07/2025,16:07:20,47.62039,-52.73567,134.0,,SKT-4214,1,1,GPNV
30/07/2025,16:07:27,47.62038,-52.73566,132.0,,SKT-4214,1,1,GPNV
30/07/2025,16:07:34,47.62037,-52.73566,132.0,,SKT-4214,1,1,GPNV
30/07/2025,16:07:41,47.62038,-52.73568,135.0,,SKT-4214,1,1,GPNV
30/07/2025,16:07:49,47.62038,-52.73569,136.0,,SKT-4214,1,1,GPNV
30/07/2025,16:07:56,47.62039,-52.73569,138.0,,SKT-4214,1,1,GPNV
30/07/2025,16:08:03,47.6204,-52.73569,138.0,,SKT-4214,1,1,GPNV
30/07/2025,16:08:10,47.62042,-52.73568,136.0,,SKT-4214,1,1,GPNV
30/07/2025,16:08:17,47.62043,-52.73568,135.0,,SKT-4214,1,1,GPNV
30/07/2025,16:08:24,47.62043,-52.73568,137.0,,SKT-4214,1,1,GPNV
30/07/2025,16:08:32,47.62042,-52.73568,141.0,,SKT-4214,1,1,GPNV
30/07/2025,16:08:39,47.62041,-52.73568,144.0,,SKT-4214,1,1,GPNV
30/07/2025,16:08:46,47.62041,-52.73568,147.0,,SKT-4214,1,1,GPNV
30/07/2025,16:08:53,47.62041,-52.73569,150.0,,SKT-4214,1,1,GPNV
30/07/2025,16:09:01,47.62041,-52.73571,153.0,,SKT-4214,1,1,GPNV
30/07/2025,16:09:08,47.62041,-52.73572,154.0,,SKT-4214,1,1,GPNV
30/07/2025,16:09:15,47.62041,-52.73573,154.0,,SKT-4214,1,1,GPNV
30/07/2025,16:09:22,47.62041,-52.73573,151.0,,SKT-4214,1,1,GPNV
30/07/2025,16:09:29,47.62041,-52.73574,149.0,,SKT-4214,1,1,GPNV
30/07/2025,16:09:37,47.62042,-52.73573,147.0,,SKT-4214,1,1,GPNV
30/07/2025,16:09:44,47.62043,-52.73573,145.0,,SKT-4214,1,1,GPNV
30/07/2025,16:09:51,47.62044,-52.73572,142.0,,SKT-4214,1,1,GPNV
30/07/2025,16:09:59,47.62045,-52.73572,139.0,,SKT-4214,1,1,GPNV
30/07/2025,16:10:06,47.62045,-52.73572,138.0,,SKT-4214,1,1,GPNV
30/07/2025,16:10:13,47.62042,-52.7357,136.0,,SKT-4214,1,1,GPNV
30/07/2025,16:10:20,47.6204,-52.73568,137.0,,SKT-4214,1,1,GPNV
30/07/2025,16:10:27,47.62037,-52.73566,139.0,,SKT-4214,1,1,GPNV
30/07/2025,16:10:35,47.62035,-52.73566,140.0,,SKT-4214,1,1,GPNV
30/07/2025,16:10:42,47.62035,-52.73567,140.0,,SKT-4214,1,1,GPNV
30/07/2025,16:10:49,47.62037,-52.73568,140.0,,SKT-4214,1,1,GPNV
30/07/2025,16:10:56,47.62038,-52.73569,142.0,,SKT-4214,1,1,GPNV
30/07/2025,16:11:03,47.62039,-52.7357,142.0,,SKT-4214,1,1,GPNV
30/07/2025,16:11:11,47.6204,-52.73571,144.0,,SKT-4214,1,1,GPNV
30/07/2025,16:11:18,47.62041,-52.73572,146.0,,SKT-4214,1,1,GPNV
30/07/2025,16:11:25,47.62041,-52.73573,148.0,,SKT-4214,1,1,GPNV
30/07/2025,16:11:32,47.62041,-52.73572,148.0,,SKT-4214,1,1,GPNV
30/07/2025,16:11:40,47.6204,-52.73571,148.0,,SKT-4214,1,1,GPNV
30/07/2025,16:11:47,47.6204,-52.7357,147.0,,SKT-4214,1,1,GPNV
30/07/2025,16:11:54,47.6204,-52.73568,148.0,,SKT-4214,1,1,GPNV
30/07/2025,16:12:01,47.62039,-52.73567,148.0,,SKT-4214,1,1,GPNV
30/07/2025,16:12:08,47.6204,-52.73566,147.0,,SKT-4214,1,1,GPNV
30/07/2025,16:12:16,47.6204,-52.73566,148.0,,SKT-4214,1,1,GPNV
30/07/2025,16:12:23,47.62041,-52.73567,148.0,,SKT-4214,1,1,GPNV
30/07/2025,16:12:30,47.62041,-52.73568,149.0,,SKT-4214,1,1,GPNV
30/07/2025,16:12:37,47.62041,-52.73568,150.0,,SKT-4214,1,1,GPNV
30/07/2025,16:12:44,47.6204,-52.73569,152.0,,SKT-4214,1,1,GPNV
30/07/2025,16:12:52,47.6204,-52.73569,153.0,,SKT-4214,1,1,GPNV
30/07/2025,16:12:59,47.62039,-52.73569,152.0,,SKT-4214,1,1,GPNV
30/07/2025,16:13:06,47.62039,-52.73569,152.0,,SKT-4214,1,1,GPNV
30/07/2025,16:13:13,47.62038,-52.73568,151.0,,SKT-4214,1,1,GPNV
30/07/2025,16:13:21,47.62039,-52.73567,152.0,,SKT-4214,1,1,GPNV
30/07/2025,16:13:28,47.62039,-52.73567,153.0,,SKT-4214,1,1,GPNV
30/07/2025,16:13:35,47.6204,-52.73566,153.0,,SKT-4214,1,1,GPNV
30/07/2025,16:13:42,47.6204,-52.73566,152.0,,SKT-4214,1,1,GPNV
30/07/2025,16:13:50,47.62042,-52.73565,144.0,,SKT-4214,1,1,GPNV
30/07/2025,16:13:57,47.62043,-52.73565,140.0,,SKT-4214,1,1,GPNV
30/07/2025,16:14:04,47.62044,-52.73565,139.0,,SKT-4214,1,1,GPNV
30/07/2025,16:14:11,47.62045,-52.73566,141.0,,SKT-4214,1,1,GPNV
30/07/2025,16:14:18,47.62046,-52.73567,142.0,,SKT-4214,1,1,GPNV
30/07/2025,16:14:25,47.62046,-52.73567,144.0,,SKT-4214,1,1,GPNV
30/07/2025,16:14:33,47.62048,-52.73567,146.0,,SKT-4214,1,1,GPNV
30/07/2025,16:14:40,47.62049,-52.73566,147.0,,SKT-4214,1,1,GPNV
30/07/2025,16:14:47,47.6205,-52.73566,150.0,,SKT-4214,1,1,GPNV
30/07/2025,16:14:54,47.6205,-52.73566,152.0,,SKT-4214,1,1,GPNV
30/07/2025,16:15:02,47.6205,-52.73566,154.0,,SKT-4214,1,1,GPNV
30/07/2025,16:15:09,47.62049,-52.73566,155.0,,SKT-4214,1,1,GPNV
30/07/2025,16:15:16,47.62049,-52.73566,155.0,,SKT-4214,1,1,GPNV
30/07/2025,16:15:23,47.62048,-52.73565,156.0,,SKT-4214,1,1,GPNV
30/07/2025,16:15:30,47.62047,-52.73565,156.0,,SKT-4214,1,1,GPNV
30/07/2025,16:15:38,47.62046,-52.73565,157.0,,SKT-4214,1,1,GPNV
30/07/2025,16:15:45,47.62047,-52.73566,157.0,,SKT-4214,1,1,GPNV
30/07/2025,16:15:52,47.62048,-52.73567,157.0,,SKT-4214,1,1,GPNV
30/07/2025,16:15:59,47.62048,-52.73568,157.0,,SKT-4214,1,1,GPNV
30/07/2025,16:16:06,47.62049,-52.73568,156.0,,SKT-4214,1,1,GPNV
30/07/2025,16:16:14,47.62048,-52.73568,156.0,,SKT-4214,1,1,GPNV
30/07/2025,16:16:21,47.62048,-52.73568,156.0,,SKT-4214,1,1,GPNV
30/07/2025,16:16:28,47.62048,-52.73567,156.0,,SKT-4214,1,1,GPNV
30/07/2025,16:16:35,47.62049,-52.73566,156.0,,SKT-4214,1,1,GPNV
30/07/2025,16:16:43,47.62048,-52.73563,157.0,,SKT-4214,1,1,GPNV
30/07/2025,16:16:50,47.62047,-52.73562,157.0,,SKT-4214,1,1,GPNV
30/07/2025,16:16:57,47.62046,-52.73561,156.0,,SKT-4214,1,1,GPNV
30/07/2025,16:17:04,47.62046,-52.7356,153.0,,SKT-4214,1,1,GPNV
30/07/2025,16:17:12,47.62046,-52.73559,151.0,,SKT-4214,1,1,GPNV
30/07/2025,16:17:19,47.62047,-52.73559,149.0,,SKT-4214,1,1,GPNV
30/07/2025,16:17:26,47.62048,-52.73559,149.0,,SKT-4214,1,1,GPNV
30/07/2025,16:17:33,47.62049,-52.7356,149.0,,SKT-4214,1,1,GPNV
30/07/2025,16:17:40,47.6205,-52.73561,150.0,,SKT-4214,1,1,GPNV
30/07/2025,16:17:48,47.62049,-52.73563,151.0,,SKT-4214,1,1,GPNV
30/07/2025,16:17:55,47.62048,-52.73565,152.0,,SKT-4214,1,1,GPNV
30/07/2025,16:18:02,47.62048,-52.73566,152.0,,SKT-4214,1,1,GPNV
30/07/2025,16:18:09,47.62048,-52.73565,151.0,,SKT-4214,1,1,GPNV
30/07/2025,16:18:16,47.62048,-52.73565,149.0,,SKT-4214,1,1,GPNV
30/07/2025,16:18:23,47.62048,-52.73565,148.0,,SKT-4214,1,1,GPNV
30/07/2025,16:18:31,47.62049,-52.73565,148.0,,SKT-4214,1,1,GPNV
30/07/2025,16:18:38,47.6205,-52.73565,148.0,,SKT-4214,1,1,GPNV
30/07/2025,16:18:45,47.62051,-52.73565,147.0,,SKT-4214,1,1,GPNV
30/07/2025,16:18:52,47.62052,-52.73566,145.0,,SKT-4214,1,1,GPNV
30/07/2025,16:18:59,47.62052,-52.73566,144.0,,SKT-4214,1,1,GPNV
30/07/2025,16:19:07,47.62051,-52.73566,143.0,,SKT-4214,1,1,GPNV
30/07/2025,16:19:14,47.62051,-52.73566,143.0,,SKT-4214,1,1,GPNV
30/07/2025,16:19:21,47.6205,-52.73566,143.0,,SKT-4214,1,1,GPNV
30/07/2025,16:19:28,47.62049,-52.73566,144.0,,SKT-4214,1,1,GPNV
30/07/2025,16:19:36,47.62048,-52.73566,143.0,,SKT-4214,1,1,GPNV
30/07/2025,16:19:43,47.62047,-52.73565,142.0,,SKT-4214,1,1,GPNV
30/07/2025,16:19:50,47.62047,-52.73565,140.0,,SKT-4214,1,1,GPNV
30/07/2025,16:19:57,47.62046,-52.73566,140.0,,SKT-4214,1,1,GPNV
30/07/2025,16:20:05,47.62046,-52.73566,140.0,,SKT-4214,1,1,GPNV
30/07/2025,16:20:12,47.62046,-52.73567,138.0,,SKT-4214,1,1,GPNV
30/07/2025,16:20:19,47.62046,-52.73568,135.0,,SKT-4214,1,1,GPNV
30/07/2025,16:20:26,47.62046,-52.7357,136.0,,SKT-4214,1,1,GPNV
30/07/2025,16:20:33,47.62046,-52.73571,139.0,,SKT-4214,1,1,GPNV
30/07/2025,16:20:41,47.62044,-52.73573,143.0,,SKT-4214,1,1,GPNV
30/07/2025,16:20:48,47.62042,-52.73573,145.0,,SKT-4214,1,1,GPNV
30/07/2025,16:20:55,47.62042,-52.73573,146.0,,SKT-4214,1,1,GPNV
30/07/2025,16:21:02,47.62042,-52.73574,148.0,,SKT-4214,1,1,GPNV
30/07/2025,16:21:10,47.62041,-52.73576,150.0,,SKT-4214,1,1,GPNV
30/07/2025,08:56:32,,,,,,0,0,
30/07/2025,08:56:38,,,,,,0,0,
30/07/2025,08:56:43,,,,,,0,0,
30/07/2025,08:56:48,,,,,,0,0,
30/07/2025,08:56:53,,,,,,0,0,
30/07/2025,08:56:58,,,,,,0,0,
30/07/2025,08:57:03,,,,,,0,0,
30/07/2025,08:57:08,,,,,,0,0,
30/07/2025,08:57:13,,,,,,0,0,
30/07/2025,08:57:18,,,,,,0,0,
30/07/2025,08:57:23,,,,,,0,0,
30/07/2025,08:58:01,,,,,,0,0,
30/07/2025,16:43:44,47.62037,-52.73564,165.0,,SKT-4214,1,1,GPNV
30/07/2025,16:43:51,47.62036,-52.73563,164.0,,SKT-4214,1,1,GPNV
30/07/2025,16:43:58,47.62036,-52.73563,165.0,,SKT-4214,1,1,GPNV
30/07/2025,16:44:05,47.62035,-52.73563,165.0,,SKT-4214,1,1,GPNV
30/07/2025,16:44:13,47.62035,-52.73562,164.0,,SKT-4214,1,1,GPNV
30/07/2025,16:44:20,47.62034,-52.73562,163.0,,SKT-4214,1,1,GPNV
30/07/2025,16:44:27,47.62034,-52.73563,162.0,,SKT-4214,1,1,GPNV
30/07/2025,16:44:35,47.62033,-52.73564,162.0,,SKT-4214,1,1,GPNV
30/07/2025,16:44:43,47.62034,-52.73566,160.0,,SKT-4214,1,1,GPNV
30/07/2025,16:44:52,47.62034,-52.73568,160.0,,SKT-4214,1,1,GPNV
30/07/2025,16:44:59,47.62034,-52.73567,161.0,,SKT-4214,1,1,GPNV
30/07/2025,16:45:07,47.62035,-52.73567,162.0,,SKT-4214,1,1,GPNV
30/07/2025,16:45:14,47.62036,-52.73568,162.0,,SKT-4214,1,1,GPNV
30/07/2025,16:45:21,47.62037,-52.73568,159.0,,SKT-4214,1,1,GPNV
30/07/2025,16:45:28,47.62038,-52.73568,157.0,,SKT-4214,1,1,GPNV
30/07/2025,16:45:35,47.62038,-52.73568,155.0,,SKT-4214,1,1,GPNV
30/07/2025,16:45:43,47.62039,-52.73569,153.0,,SKT-4214,1,1,GPNV
30/07/2025,16:45:50,47.62039,-52.73569,150.0,,SKT-4214,1,1,GPNV
30/07/2025,16:45:57,47.62038,-52.7357,147.0,,SKT-4214,1,1,GPNV
30/07/2025,16:46:05,47.62037,-52.7357,143.0,,SKT-4214,1,1,GPNV
30/07/2025,16:46:12,47.62035,-52.73569,140.0,,SKT-4214,1,1,GPNV
30/07/2025,16:46:20,47.62033,-52.73569,137.0,,SKT-4214,1,1,GPNV
30/07/2025,16:46:27,47.62033,-52.73568,136.0,,SKT-4214,1,1,GPNV
30/07/2025,16:46:34,47.62032,-52.73568,135.0,,SKT-4214,1,1,GPNV
30/07/2025,16:46:41,47.62032,-52.73567,136.0,,SKT-4214,1,1,GPNV
30/07/2025,16:46:49,47.62032,-52.73566,138.0,,SKT-4214,1,1,GPNV
30/07/2025,16:46:56,47.62034,-52.73566,141.0,,SKT-4214,1,1,GPNV
30/07/2025,16:47:03,47.62035,-52.73565,144.0,,SKT-4214,1,1,GPNV
30/07/2025,16:47:11,47.62035,-52.73564,150.0,,SKT-4214,1,1,GPNV
30/07/2025,16:47:18,47.62037,-52.73565,153.0,,SKT-4214,1,1,GPNV
30/07/2025,16:47:25,47.62038,-52.73566,154.0,,SKT-4214,1,1,GPNV
30/07/2025,16:47:32,47.62038,-52.73566,156.0,,SKT-4214,1,1,GPNV
30/07/2025,16:47:39,47.62037,-52.73566,157.0,,SKT-4214,1,1,GPNV
30/07/2025,16:47:47,47.62035,-52.73566,157.0,,SKT-4214,1,1,GPNV
30/07/2025,16:47:55,47.62034,-52.73566,157.0,,SKT-4214,1,1,GPNV
30/07/2025,16:48:02,47.62034,-52.73566,157.0,,SKT-4214,1,1,GPNV
30/07/2025,16:48:09,47.62035,-52.73567,157.0,,SKT-4214,1,1,GPNV
30/07/2025,16:48:16,47.62036,-52.73568,158.0,,SKT-4214,1,1,GPNV
30/07/2025,16:48:23,47.62037,-52.73568,160.0,,SKT-4214,1,1,GPNV
30/07/2025,16:48:30,47.62039,-52.73568,160.0,,SKT-4214,1,1,GPNV
30/07/2025,16:48:37,47.6204,-52.73568,160.0,,SKT-4214,1,1,GPNV
30/07/2025,16:48:45,47.62039,-52.73568,158.0,,SKT-4214,1,1,GPNV
30/07/2025,16:48:52,47.62039,-52.73568,156.0,,SKT-4214,1,1,GPNV
30/07/2025,16:48:59,47.62039,-52.73568,155.0,,SKT-4214,1,1,GPNV
30/07/2025,16:49:06,47.62038,-52.73569,153.0,,SKT-4214,1,1,GPNV
30/07/2025,16:49:14,47.62037,-52.7357,150.0,,SKT-4214,1,1,GPNV
30/07/2025,16:49:21,47.62037,-52.73571,147.0,,SKT-4214,1,1,GPNV
30/07/2025,16:49:28,47.62037,-52.73571,144.0,,SKT-4214,1,1,GPNV
30/07/2025,16:49:35,47.62037,-52.73572,142.0,,SKT-4214,1,1,GPNV
30/07/2025,16:49:42,47.62037,-52.73572,141.0,,SKT-4214,1,1,GPNV
30/07/2025,16:49:49,47.62037,-52.73572,139.0,,SKT-4214,1,1,GPNV
30/07/2025,16:49:56,47.62037,-52.73573,139.0,,SKT-4214,1,1,GPNV
30/07/2025,16:50:04,47.62043,-52.73573,149.0,,SKT-4214,1,1,GPNV
30/07/2025,16:50:11,47.62047,-52.73573,159.0,,SKT-4214,1,1,GPNV
30/07/2025,16:50:18,47.62049,-52.73574,163.0,,SKT-4214,1,1,GPNV
30/07/2025,16:50:26,47.62049,-52.73573,162.0,,SKT-4214,1,1,GPNV
30/07/2025,16:50:33,47.62048,-52.73573,161.0,,SKT-4214,1,1,GPNV
30/07/2025,16:50:40,47.62046,-52.73571,158.0,,SKT-4214,1,1,GPNV
30/07/2025,16:50:47,47.62045,-52.73571,157.0,,SKT-4214,1,1,GPNV
30/07/2025,16:50:55,47.62044,-52.73571,157.0,,SKT-4214,1,1,GPNV
30/07/2025,16:51:02,47.62044,-52.73571,157.0,,SKT-4214,1,1,GPNV
30/07/2025,16:51:09,47.62044,-52.73572,157.0,,SKT-4214,1,1,GPNV
30/07/2025,16:51:16,47.62044,-52.73572,158.0,,SKT-4214,1,1,GPNV
30/07/2025,16:51:23,47.62045,-52.73572,158.0,,SKT-4214,1,1,GPNV
30/07/2025,16:51:30,47.62047,-52.73572,158.0,,SKT-4214,1,1,GPNV
30/07/2025,16:51:38,47.62048,-52.73572,158.0,,SKT-4214,1,1,GPNV
30/07/2025,16:51:45,47.62049,-52.73572,157.0,,SKT-4214,1,1,GPNV
30/07/2025,16:51:52,47.6205,-52.73572,157.0,,SKT-4214,1,1,GPNV
30/07/2025,16:51:59,47.6205,-52.73573,156.0,,SKT-4214,1,1,GPNV
30/07/2025,16:52:07,47.6205,-52.73573,155.0,,SKT-4214,1,1,GPNV
30/07/2025,16:52:14,47.6205,-52.73574,154.0,,SKT-4214,1,1,GPNV
30/07/2025,16:52:21,47.6205,-52.73575,154.0,,SKT-4214,1,1,GPNV
30/07/2025,16:52:28,47.62049,-52.73576,153.0,,SKT-4214,1,1,GPNV
30/07/2025,16:52:35,47.62048,-52.73576,154.0,,SKT-4214,1,1,GPNV
30/07/2025,16:52:43,47.62047,-52.73576,156.0,,SKT-4214,1,1,GPNV
30/07/2025,16:52:50,47.62047,-52.73576,158.0,,SKT-4214,1,1,GPNV
30/07/2025,16:52:57,47.62047,-52.73576,160.0,,SKT-4214,1,1,GPNV
30/07/2025,16:53:04,47.62046,-52.73575,161.0,,SKT-4214,1,1,GPNV
30/07/2025,16:53:11,47.62046,-52.73574,162.0,,SKT-4214,1,1,GPNV
30/07/2025,16:53:18,47.62047,-52.73573,166.0,,SKT-4214,1,1,GPNV
30/07/2025,16:53:26,47.62049,-52.73573,170.0,,SKT-4214,1,1,GPNV
30/07/2025,16:53:33,47.62052,-52.73576,172.0,,SKT-4214,1,1,GPNV
30/07/2025,16:53:40,47.62052,-52.73577,171.0,,SKT-4214,1,1,GPNV
30/07/2025,16:53:47,47.62052,-52.73578,170.0,,SKT-4214,1,1,GPNV
30/07/2025,16:53:54,47.62053,-52.73578,169.0,,SKT-4214,1,1,GPNV
30/07/2025,16:54:02,47.62053,-52.73577,166.0,,SKT-4214,1,1,GPNV
30/07/2025,16:54:09,47.62051,-52.73575,162.0,,SKT-4214,1,1,GPNV
30/07/2025,16:54:16,47.62051,-52.73573,160.0,,SKT-4214,1,1,GPNV
30/07/2025,16:54:23,47.6205,-52.73571,160.0,,SKT-4214,1,1,GPNV
30/07/2025,16:54:30,47.62048,-52.7357,158.0,,SKT-4214,1,1,GPNV
30/07/2025,16:54:38,47.62045,-52.73568,156.0,,SKT-4214,1,1,GPNV
30/07/2025,16:54:45,47.62043,-52.73568,155.0,,SKT-4214,1,1,GPNV
30/07/2025,16:54:52,47.62042,-52.73568,153.0,,SKT-4214,1,1,GPNV
30/07/2025,16:54:59,47.62042,-52.73568,153.0,,SKT-4214,1,1,GPNV
30/07/2025,16:55:07,47.62043,-52.73569,152.0,,SKT-4214,1,1,GPNV
30/07/2025,16:55:14,47.62043,-52.73571,151.0,,SKT-4214,1,1,GPNV
30/07/2025,16:55:21,47.62044,-52.73571,150.0,,SKT-4214,1,1,GPNV
30/07/2025,16:55:28,47.62045,-52.73571,150.0,,SKT-4214,1,1,GPNV
30/07/2025,16:55:35,47.62046,-52.7357,151.0,,SKT-4214,1,1,GPNV
30/07/2025,16:55:43,47.62048,-52.73568,154.0,,SKT-4214,1,1,GPNV
30/07/2025,16:55:50,47.6205,-52.73566,157.0,,SKT-4214,1,1,GPNV
30/07/2025,16:55:57,47.62051,-52.73565,159.0,,SKT-4214,1,1,GPNV
30/07/2025,16:56:04,47.62051,-52.73565,159.0,,SKT-4214,1,1,GPNV
30/07/2025,16:56:11,47.6205,-52.73565,159.0,,SKT-4214,1,1,GPNV
30/07/2025,16:56:19,47.62049,-52.73565,159.0,,SKT-4214,1,1,GPNV
30/07/2025,16:56:26,47.62048,-52.73566,157.0,,SKT-4214,1,1,GPNV
30/07/2025,16:56:33,47.62047,-52.73568,154.0,,SKT-4214,1,1,GPNV
30/07/2025,16:56:40,47.62046,-52.73568,150.0,,SKT-4214,1,1,GPNV
30/07/2025,16:56:48,47.62046,-52.73569,145.0,,SKT-4214,1,1,GPNV
30/07/2025,16:56:55,47.62045,-52.73569,142.0,,SKT-4214,1,1,GPNV
30/07/2025,16:57:02,47.62045,-52.73569,142.0,,SKT-4214,1,1,GPNV
30/07/2025,16:57:09,47.62044,-52.73569,141.0,,SKT-4214,1,1,GPNV
30/07/2025,16:57:16,47.62043,-52.7357,140.0,,SKT-4214,1,1,GPNV
30/07/2025,16:57:23,47.62043,-52.73571,140.0,,SKT-4214,1,1,GPNV
30/07/2025,16:57:31,47.62044,-52.73572,140.0,,SKT-4214,1,1,GPNV
30/07/2025,16:57:38,47.62045,-52.73572,141.0,,SKT-4214,1,1,GPNV
30/07/2025,16:57:45,47.62046,-52.73572,141.0,,SKT-4214,1,1,GPNV
30/07/2025,16:57:52,47.62047,-52.73572,141.0,,SKT-4214,1,1,GPNV
30/07/2025,16:57:59,47.62048,-52.73571,142.0,,SKT-4214,1,1,GPNV
30/07/2025,16:58:07,47.62048,-52.73569,143.0,,SKT-4214,1,1,GPNV
30/07/2025,16:58:14,47.62048,-52.73568,144.0,,SKT-4214,1,1,GPNV
30/07/2025,16:58:21,47.62048,-52.73567,146.0,,SKT-4214,1,1,GPNV
30/07/2025,16:58:28,47.62048,-52.73567,148.0,,SKT-4214,1,1,GPNV
30/07/2025,16:58:35,47.62048,-52.73566,150.0,,SKT-4214,1,1,GPNV
30/07/2025,16:58:43,47.62048,-52.73566,152.0,,SKT-4214,1,1,GPNV
30/07/2025,16:58:50,47.62048,-52.73566,152.0,,SKT-4214,1,1,GPNV
30/07/2025,16:58:57,47.62048,-52.73566,152.0,,SKT-4214,1,1,GPNV
30/07/2025,16:59:04,47.62048,-52.73567,151.0,,SKT-4214,1,1,GPNV
30/07/2025,16:59:12,47.62047,-52.73568,150.0,,SKT-4214,1,1,GPNV
30/07/2025,16:59:19,47.62046,-52.73569,149.0,,SKT-4214,1,1,GPNV
30/07/2025,16:59:26,47.62046,-52.73569,149.0,,SKT-4214,1,1,GPNV
30/07/2025,16:59:33,47.62046,-52.73569,150.0,,SKT-4214,1,1,GPNV
30/07/2025,16:59:40,47.62047,-52.73569,152.0,,SKT-4214,1,1,GPNV
30/07/2025,16:59:47,47.62048,-52.73568,155.0,,SKT-4214,1,1,GPNV
30/07/2025,16:59:55,47.62048,-52.73567,156.0,,SKT-4214,1,1,GPNV
30/07/2025,17:00:02,47.62047,-52.73566,156.0,,SKT-4214,1,1,GPNV
30/07/2025,17:00:09,47.62046,-52.73566,156.0,,SKT-4214,1,1,GPNV
30/07/2025,17:00:16,47.62046,-52.73566,155.0,,SKT-4214,1,1,GPNV
30/07/2025,17:00:24,47.62046,-52.73566,155.0,,SKT-4214,1,1,GPNV
30/07/2025,17:00:31,47.62046,-52.73567,154.0,,SKT-4214,1,1,GPNV
30/07/2025,17:00:38,47.62048,-52.73567,155.0,,SKT-4214,1,1,GPNV
30/07/2025,17:00:45,47.62049,-52.73567,157.0,,SKT-4214,1,1,GPNV
30/07/2025,17:00:53,47.62049,-52.73567,160.0,,SKT-4214,1,1,GPNV
30/07/2025,17:01:00,47.6205,-52.73567,160.0,,SKT-4214,1,1,GPNV
30/07/2025,17:01:07,47.6205,-52.73566,159.0,,SKT-4214,1,1,GPNV
30/07/2025,17:01:14,47.6205,-52.73566,159.0,,SKT-4214,1,1,GPNV
30/07/2025,17:01:21,47.62049,-52.73566,158.0,,SKT-4214,1,1,GPNV
30/07/2025,17:01:29,47.62047,-52.73567,156.0,,SKT-4214,1,1,GPNV
30/07/2025,17:01:36,47.62046,-52.73567,154.0,,SKT-4214,1,1,GPNV
30/07/2025,17:01:43,47.62046,-52.73568,155.0,,SKT-4214,1,1,GPNV
30/07/2025,17:01:50,47.62046,-52.73569,155.0,,SKT-4214,1,1,GPNV
30/07/2025,17:01:57,47.62045,-52.73569,155.0,,SKT-4214,1,1,GPNV
30/07/2025,17:02:05,47.62045,-52.73569,155.0,,SKT-4214,1,1,GPNV
30/07/2025,17:02:12,47.62045,-52.73569,156.0,,SKT-4214,1,1,GPNV
30/07/2025,17:02:19,47.62045,-52.73568,157.0,,SKT-4214,1,1,GPNV
30/07/2025,17:02:26,47.62046,-52.73568,157.0,,SKT-4214,1,1,GPNV
30/07/2025,17:02:34,47.62046,-52.73568,158.0,,SKT-4214,1,1,GPNV
30/07/2025,17:02:41,47.62047,-52.73569,158.0,,SKT-4214,1,1,GPNV
30/07/2025,17:02:48,47.62047,-52.7357,157.0,,SKT-4214,1,1,GPNV
30/07/2025,17:02:55,47.62047,-52.73571,156.0,,SKT-4214,1,1,GPNV
30/07/2025,17:03:02,47.62047,-52.73572,155.0,,SKT-4214,1,1,GPNV
30/07/2025,17:03:10,47.62047,-52.73573,153.0,,SKT-4214,1,1,GPNV
30/07/2025,17:03:17,47.62048,-52.73573,153.0,,SKT-4214,1,1,GPNV
30/07/2025,17:03:24,47.62048,-52.73573,153.0,,SKT-4214,1,1,GPNV
30/07/2025,17:03:31,47.62048,-52.73573,153.0,,SKT-4214,1,1,GPNV
30/07/2025,17:03:39,47.62049,-52.73572,153.0,,SKT-4214,1,1,GPNV
30/07/2025,17:03:46,47.6205,-52.73572,153.0,,SKT-4214,1,1,GPNV
30/07/2025,17:03:53,47.6205,-52.73572,153.0,,SKT-4214,1,1,GPNV
30/07/2025,17:04:00,47.62051,-52.73573,154.0,,SKT-4214,1,1,GPNV
30/07/2025,17:04:07,47.62053,-52.73574,155.0,,SKT-4214,1,1,GPNV
30/07/2025,17:04:15,47.62054,-52.73575,158.0,,SKT-4214,1,1,GPNV
30/07/2025,17:04:22,47.62056,-52.73575,160.0,,SKT-4214,1,1,GPNV
30/07/2025,17:04:29,47.62056,-52.73573,161.0,,SKT-4214,1,1,GPNV
30/07/2025,17:04:36,47.62055,-52.73571,161.0,,SKT-4214,1,1,GPNV
30/07/2025,17:04:44,47.62055,-52.7357,161.0,,SKT-4214,1,1,GPNV
30/07/2025,17:04:51,47.62054,-52.73569,160.0,,SKT-4214,1,1,GPNV
30/07/2025,17:04:58,47.62054,-52.73569,159.0,,SKT-4214,1,1,GPNV
30/07/2025,17:05:05,47.62053,-52.7357,158.0,,SKT-4214,1,1,GPNV
30/07/2025,17:05:12,47.62052,-52.73571,157.0,,SKT-4214,1,1,GPNV
30/07/2025,17:05:19,47.62051,-52.73572,157.0,,SKT-4214,1,1,GPNV
30/07/2025,17:05:27,47.62049,-52.73572,156.0,,SKT-4214,1,1,GPNV
30/07/2025,17:05:34,47.62048,-52.73572,155.0,,SKT-4214,1,1,GPNV
30/07/2025,17:05:41,47.62046,-52.73573,153.0,,SKT-4214,1,1,GPNV
30/07/2025,17:05:49,47.62046,-52.73573,150.0,,SKT-4214,1,1,GPNV
30/07/2025,17:05:56,47.62046,-52.73574,149.0,,SKT-4214,1,1,GPNV
30/07/2025,17:06:03,47.62047,-52.73575,148.0,,SKT-4214,1,1,GPNV
30/07/2025,17:06:10,47.62047,-52.73576,149.0,,SKT-4214,1,1,GPNV
30/07/2025,17:06:18,47.62047,-52.73576,149.0,,SKT-4214,1,1,GPNV
30/07/2025,17:06:25,47.62047,-52.73576,151.0,,SKT-4214,1,1,GPNV
30/07/2025,17:06:32,47.62046,-52.73576,152.0,,SKT-4214,1,1,GPNV
30/07/2025,17:06:39,47.62046,-52.73575,154.0,,SKT-4214,1,1,GPNV
30/07/2025,17:06:46,47.62046,-52.73575,154.0,,SKT-4214,1,1,GPNV
30/07/2025,17:06:53,47.62045,-52.73573,154.0,,SKT-4214,1,1,GPNV
30/07/2025,17:07:01,47.62042,-52.73572,154.0,,SKT-4214,1,1,GPNV
30/07/2025,17:07:08,47.62041,-52.73571,155.0,,SKT-4214,1,1,GPNV
30/07/2025,17:07:15,47.6204,-52.7357,156.0,,SKT-4214,1,1,GPNV
30/07/2025,17:07:22,47.62039,-52.7357,156.0,,SKT-4214,1,1,GPNV
30/07/2025,17:07:30,47.62039,-52.73571,153.0,,SKT-4214,1,1,GPNV
30/07/2025,17:07:37,47.62039,-52.73573,152.0,,SKT-4214,1,1,GPNV
30/07/2025,17:07:44,47.62039,-52.73574,152.0,,SKT-4214,1,1,GPNV
30/07/2025,17:07:51,47.62039,-52.73576,154.0,,SKT-4214,1,1,GPNV
30/07/2025,17:07:59,47.6204,-52.73577,157.0,,SKT-4214,1,1,GPNV
30/07/2025,17:08:06,47.62041,-52.73577,158.0,,SKT-4214,1,1,GPNV
30/07/2025,17:08:13,47.62041,-52.73576,160.0,,SKT-4214,1,1,GPNV
30/07/2025,17:08:20,47.62042,-52.73575,161.0,,SKT-4214,1,1,GPNV
30/07/2025,17:08:27,47.62042,-52.73575,163.0,,SKT-4214,1,1,GPNV
30/07/2025,17:08:35,47.62043,-52.73575,163.0,,SKT-4214,1,1,GPNV
30/07/2025,17:08:42,47.62043,-52.73575,163.0,,SKT-4214,1,1,GPNV
30/07/2025,17:08:49,47.62044,-52.73575,162.0,,SKT-4214,1,1,GPNV
30/07/2025,17:08:56,47.62045,-52.73574,160.0,,SKT-4214,1,1,GPNV
30/07/2025,17:09:03,47.62045,-52.73573,159.0,,SKT-4214,1,1,GPNV
30/07/2025,17:09:11,47.62044,-52.73573,158.0,,SKT-4214,1,1,GPNV
30/07/2025,17:09:18,47.62043,-52.73572,158.0,,SKT-4214,1,1,GPNV
30/07/2025,17:09:25,47.62043,-52.73572,157.0,,SKT-4214,1,1,GPNV
30/07/2025,17:09:32,47.62041,-52.73571,156.0,,SKT-4214,1,1,GPNV
30/07/2025,17:09:39,47.62041,-52.73571,156.0,,SKT-4214,1,1,GPNV
30/07/2025,17:09:48,47.62041,-52.7357,156.0,,SKT-4214,1,1,GPNV
30/07/2025,17:09:56,47.62041,-52.73569,156.0,,SKT-4214,1,0,GPNV
30/07/2025,17:10:03,47.62042,-52.73568,156.0,,SKT-4214,1,1,GPNV
30/07/2025,17:10:10,47.62041,-52.73566,159.0,,SKT-4214,1,1,GPNV
30/07/2025,17:10:17,47.62041,-52.73563,162.0,,SKT-4214,1,1,GPNV
30/07/2025,17:10:25,47.6204,-52.73561,165.0,,SKT-4214,1,1,GPNV
30/07/2025,17:10:32,47.6204,-52.73561,168.0,,SKT-4214,1,1,GPNV
30/07/2025,17:10:39,47.62041,-52.7356,168.0,,SKT-4214,1,1,GPNV
30/07/2025,17:10:46,47.62041,-52.73559,168.0,,SKT-4214,1,1,GPNV
30/07/2025,17:10:54,47.62042,-52.73558,169.0,,SKT-4214,1,1,GPNV
30/07/2025,17:11:01,47.62042,-52.73558,170.0,,SKT-4214,1,1,GPNV
30/07/2025,17:11:08,47.62043,-52.73558,168.0,,SKT-4214,1,1,GPNV
30/07/2025,17:11:15,47.62044,-52.73561,166.0,,SKT-4214,1,1,GPNV
30/07/2025,17:11:23,47.62043,-52.73564,161.0,,SKT-4214,1,1,GPNV
30/07/2025,17:11:30,47.62041,-52.73566,155.0,,SKT-4214,1,1,GPNV
30/07/2025,17:11:37,47.62041,-52.73567,152.0,,SKT-4214,1,1,GPNV
30/07/2025,17:11:44,47.62042,-52.73567,151.0,,SKT-4214,1,1,GPNV
30/07/2025,17:11:51,47.62042,-52.73568,149.0,,SKT-4214,1,1,GPNV
30/07/2025,17:11:59,47.6204,-52.73569,149.0,,SKT-4214,1,1,GPNV
30/07/2025,17:12:06,47.62038,-52.73571,150.0,,SKT-4214,1,1,GPNV
30/07/2025,17:12:13,47.62037,-52.73572,151.0,,SKT-4214,1,1,GPNV
30/07/2025,17:12:20,47.62036,-52.73574,153.0,,SKT-4214,1,1,GPNV
30/07/2025,17:12:28,47.62034,-52.73575,155.0,,SKT-4214,1,1,GPNV
30/07/2025,17:12:35,47.62034,-52.73576,156.0,,SKT-4214,1,1,GPNV
30/07/2025,17:12:42,47.62034,-52.73576,158.0,,SKT-4214,1,1,GPNV
30/07/2025,17:12:49,47.62035,-52.73576,158.0,,SKT-4214,1,1,GPNV
30/07/2025,17:12:57,47.62036,-52.73576,157.0,,SKT-4214,1,1,GPNV
30/07/2025,17:13:04,47.62036,-52.73577,156.0,,SKT-4214,1,1,GPNV
30/07/2025,17:13:11,47.62036,-52.73577,154.0,,SKT-4214,1,1,GPNV
30/07/2025,17:13:18,47.62035,-52.73577,154.0,,SKT-4214,1,1,GPNV
30/07/2025,17:13:25,47.62034,-52.73577,157.0,,SKT-4214,1,1,GPNV
30/07/2025,17:13:33,47.62036,-52.73576,161.0,,SKT-4214,1,1,GPNV
30/07/2025,17:13:40,47.62037,-52.73575,164.0,,SKT-4214,1,1,GPNV
30/07/2025,17:13:47,47.62039,-52.73575,166.0,,SKT-4214,1,1,GPNV
30/07/2025,17:13:54,47.62041,-52.73575,168.0,,SKT-4214,1,1,GPNV
30/07/2025,17:14:01,47.62043,-52.73575,170.0,,SKT-4214,1,1,GPNV
30/07/2025,17:14:09,47.62045,-52.73574,171.0,,SKT-4214,1,1,GPNV
30/07/2025,17:14:17,47.62047,-52.73574,170.0,,SKT-4214,1,1,GPNV
30/07/2025,09:28:51,,,,,SKT-4214,1,1,GPNV
30/07/2025,09:29:00,,,,,SKT-4214,1,1,GPNV
30/07/2025,17:14:43,47.62047,-52.73576,161.0,,SKT-4214,1,1,GPNV
30/07/2025,17:14:50,47.62048,-52.73576,159.0,,SKT-4214,1,1,GPNV
30/07/2025,17:14:57,47.6205,-52.73576,158.0,,SKT-4214,1,1,GPNV
30/07/2025,17:15:04,47.62051,-52.73574,158.0,,SKT-4214,1,1,GPNV
30/07/2025,17:15:12,47.6205,-52.73572,158.0,,SKT-4214,1,1,GPNV
30/07/2025,17:15:20,47.62048,-52.73573,157.0,,SKT-4214,1,1,GPNV
30/07/2025,17:15:28,47.62045,-52.73574,154.0,,SKT-4214,1,1,GPNV
30/07/2025,17:15:35,47.62043,-52.73574,152.0,,SKT-4214,1,1,GPNV
30/07/2025,17:15:42,47.62041,-52.73574,151.0,,SKT-4214,1,1,GPNV
30/07/2025,17:15:50,47.62041,-52.73574,151.0,,SKT-4214,1,1,GPNV
30/07/2025,17:15:57,47.62044,-52.73572,152.0,,SKT-4214,1,1,GPNV
30/07/2025,17:16:04,47.62049,-52.73571,153.0,,SKT-4214,1,1,GPNV
30/07/2025,17:16:12,47.62052,-52.73568,154.0,,SKT-4214,1,1,GPNV
30/07/2025,17:16:19,47.62053,-52.73567,155.0,,SKT-4214,1,1,GPNV
30/07/2025,17:16:26,47.62054,-52.73566,156.0,,SKT-4214,1,1,GPNV
30/07/2025,17:16:33,47.62053,-52.73566,157.0,,SKT-4214,1,1,GPNV
30/07/2025,17:16:40,47.62052,-52.73567,157.0,,SKT-4214,1,1,GPNV
30/07/2025,17:16:48,47.62049,-52.73569,159.0,,SKT-4214,1,1,GPNV
30/07/2025,17:16:55,47.62048,-52.7357,159.0,,SKT-4214,1,1,GPNV
30/07/2025,17:17:02,47.62046,-52.7357,157.0,,SKT-4214,1,1,GPNV
30/07/2025,17:17:09,47.62046,-52.7357,155.0,,SKT-4214,1,1,GPNV
30/07/2025,17:17:16,47.62045,-52.73571,153.0,,SKT-4214,1,1,GPNV
30/07/2025,17:17:24,47.62043,-52.73571,149.0,,SKT-4214,1,1,GPNV
30/07/2025,17:17:31,47.62042,-52.73571,147.0,,SKT-4214,1,1,GPNV
30/07/2025,17:17:38,47.6204,-52.73571,145.0,,SKT-4214,1,1,GPNV
30/07/2025,17:17:45,47.62039,-52.73571,145.0,,SKT-4214,1,1,GPNV
30/07/2025,17:17:53,47.62038,-52.73571,145.0,,SKT-4214,1,1,GPNV
30/07/2025,17:18:00,47.62037,-52.73571,146.0,,SKT-4214,1,1,GPNV
30/07/2025,17:18:07,47.62035,-52.73571,145.0,,SKT-4214,1,1,GPNV
30/07/2025,17:18:14,47.62035,-52.73571,146.0,,SKT-4214,1,1,GPNV
30/07/2025,17:18:22,47.62036,-52.73571,149.0,,SKT-4214,1,1,GPNV
30/07/2025,17:18:29,47.62037,-52.73571,150.0,,SKT-4214,1,1,GPNV
30/07/2025,17:18:36,47.62037,-52.73571,152.0,,SKT-4214,1,1,GPNV
30/07/2025,17:18:43,47.62039,-52.73572,153.0,,SKT-4214,1,1,GPNV
30/07/2025,17:18:50,47.6204,-52.73571,152.0,,SKT-4214,1,1,GPNV
30/07/2025,17:18:57,47.62041,-52.73571,150.0,,SKT-4214,1,1,GPNV
30/07/2025,17:19:05,47.62043,-52.73571,149.0,,SKT-4214,1,1,GPNV
30/07/2025,17:19:12,47.62044,-52.7357,148.0,,SKT-4214,1,1,GPNV
30/07/2025,17:19:19,47.62044,-52.73569,147.0,,SKT-4214,1,1,GPNV
30/07/2025,17:19:26,47.62043,-52.73568,146.0,,SKT-4214,1,1,GPNV
30/07/2025,17:19:34,47.62043,-52.73567,145.0,,SKT-4214,1,1,GPNV
30/07/2025,17:19:42,47.62043,-52.73566,146.0,,SKT-4214,1,1,GPNV
30/07/2025,17:19:56,47.62043,-52.73565,146.0,,SKT-4214,1,1,GPNV
30/07/2025,17:20:04,47.62043,-52.73565,145.0,,SKT-4214,1,1,GPNV
30/07/2025,17:20:11,47.62042,-52.73565,144.0,,SKT-4214,1,1,GPNV
30/07/2025,17:20:18,47.62043,-52.73564,144.0,,SKT-4214,1,1,GPNV
30/07/2025,17:20:26,47.62043,-52.73562,144.0,,SKT-4214,1,1,GPNV
30/07/2025,17:20:33,47.62043,-52.7356,144.0,,SKT-4214,1,1,GPNV
30/07/2025,17:20:40,47.62043,-52.7356,141.0,,SKT-4214,1,1,GPNV
30/07/2025,17:20:47,47.62042,-52.73559,141.0,,SKT-4214,1,1,GPNV
30/07/2025,17:20:54,47.62041,-52.73559,140.0,,SKT-4214,1,1,GPNV
30/07/2025,17:21:02,47.62042,-52.73561,137.0,,SKT-4214,1,1,GPNV
30/07/2025,17:21:09,47.62043,-52.73566,135.0,,SKT-4214,1,1,GPNV
30/07/2025,17:21:16,47.62045,-52.7357,133.0,,SKT-4214,1,1,GPNV
30/07/2025,17:21:23,47.62045,-52.73574,135.0,,SKT-4214,1,1,GPNV
30/07/2025,17:21:31,47.62044,-52.73577,140.0,,SKT-4214,1,1,GPNV
30/07/2025,17:21:38,47.62043,-52.73578,144.0,,SKT-4214,1,1,GPNV
30/07/2025,17:21:45,47.62044,-52.73578,147.0,,SKT-4214,1,1,GPNV
30/07/2025,17:21:53,47.62044,-52.73576,150.0,,SKT-4214,1,1,GPNV
30/07/2025,17:22:00,47.62043,-52.73576,152.0,,SKT-4214,1,1,GPNV
30/07/2025,17:22:07,47.62042,-52.73575,154.0,,SKT-4214,1,1,GPNV
30/07/2025,17:22:14,47.62042,-52.73575,155.0,,SKT-4214,1,1,GPNV
30/07/2025,17:22:22,47.62041,-52.73575,156.0,,SKT-4214,1,1,GPNV
30/07/2025,17:22:29,47.6204,-52.73574,157.0,,SKT-4214,1,1,GPNV
30/07/2025,17:22:36,47.62039,-52.73573,155.0,,SKT-4214,1,1,GPNV
30/07/2025,17:22:43,47.62039,-52.73573,153.0,,SKT-4214,1,1,GPNV
30/07/2025,17:22:50,47.62039,-52.73573,151.0,,SKT-4214,1,1,GPNV
30/07/2025,17:22:59,47.62038,-52.73572,151.0,,SKT-4214,1,1,GPNV
30/07/2025,17:23:06,47.62037,-52.73571,153.0,,SKT-4214,1,0,GPNV
30/07/2025,17:23:13,47.62037,-52.73569,155.0,,SKT-4214,1,0,GPNV
30/07/2025,17:23:20,47.62037,-52.73568,155.0,,SKT-4214,1,0,GPNV
30/07/2025,17:23:27,47.62037,-52.73567,156.0,,SKT-4214,1,0,GPNV
30/07/2025,17:23:34,47.62037,-52.73565,157.0,,SKT-4214,1,0,GPNV
30/07/2025,17:23:41,47.62037,-52.73563,159.0,,SKT-4214,1,0,GPNV
30/07/2025,17:23:48,47.62037,-52.73561,162.0,,SKT-4214,1,0,GPNV
30/07/2025,17:23:55,47.62037,-52.7356,165.0,,SKT-4214,1,1,GPNV
30/07/2025,17:24:02,47.62037,-52.7356,169.0,,SKT-4214,1,1,GPNV
30/07/2025,17:24:10,47.62035,-52.73558,176.0,,SKT-4214,1,1,GPNV
30/07/2025,17:24:17,47.62034,-52.73558,177.0,,SKT-4214,1,1,GPNV
30/07/2025,17:24:25,47.62033,-52.73558,177.0,,SKT-4214,1,1,GPNV
30/07/2025,17:24:32,47.62033,-52.73557,176.0,,SKT-4214,1,1,GPNV
30/07/2025,17:24:39,47.62035,-52.73556,173.0,,SKT-4214,1,1,GPNV
30/07/2025,17:24:46,47.62036,-52.73555,171.0,,SKT-4214,1,1,GPNV
30/07/2025,17:24:53,47.62035,-52.73556,169.0,,SKT-4214,1,1,GPNV
30/07/2025,17:25:01,47.62035,-52.73558,166.0,,SKT-4214,1,1,GPNV
30/07/2025,17:25:08,47.62034,-52.73559,165.0,,SKT-4214,1,1,GPNV
30/07/2025,17:25:15,47.62033,-52.73561,164.0,,SKT-4214,1,1,GPNV
30/07/2025,17:25:22,47.62033,-52.73563,164.0,,SKT-4214,1,1,GPNV
30/07/2025,17:25:29,47.62033,-52.73565,165.0,,SKT-4214,1,1,GPNV
30/07/2025,17:25:37,47.62034,-52.73569,163.0,,SKT-4214,1,1,GPNV
30/07/2025,17:25:44,47.62036,-52.73571,161.0,,SKT-4214,1,1,GPNV
30/07/2025,17:25:51,47.62037,-52.73573,157.0,,SKT-4214,1,1,GPNV
30/07/2025,17:25:58,47.62039,-52.73575,152.0,,SKT-4214,1,1,GPNV
30/07/2025,17:26:05,47.62041,-52.73576,147.0,,SKT-4214,1,1,GPNV
30/07/2025,17:26:12,47.62043,-52.73575,144.0,,SKT-4214,1,1,GPNV
30/07/2025,17:26:20,47.62043,-52.73574,143.0,,SKT-4214,1,1,GPNV
30/07/2025,17:26:27,47.62043,-52.73573,143.0,,SKT-4214,1,1,GPNV
30/07/2025,17:26:34,47.62042,-52.73572,144.0,,SKT-4214,1,1,GPNV
30/07/2025,17:26:41,47.62041,-52.73571,145.0,,SKT-4214,1,1,GPNV
30/07/2025,17:26:49,47.62041,-52.73571,144.0,,SKT-4214,1,1,GPNV
30/07/2025,17:26:56,47.62041,-52.73572,143.0,,SKT-4214,1,1,GPNV
30/07/2025,17:27:03,47.62041,-52.73573,143.0,,SKT-4214,1,1,GPNV
30/07/2025,17:27:10,47.62042,-52.73573,142.0,,SKT-4214,1,1,GPNV
30/07/2025,17:27:17,47.62042,-52.73573,142.0,,SKT-4214,1,1,GPNV
30/07/2025,17:27:25,47.62043,-52.73573,142.0,,SKT-4214,1,1,GPNV
30/07/2025,17:27:32,47.62044,-52.73572,141.0,,SKT-4214,1,1,GPNV
30/07/2025,17:27:39,47.62045,-52.73571,143.0,,SKT-4214,1,1,GPNV
30/07/2025,17:27:47,47.62045,-52.7357,148.0,,SKT-4214,1,1,GPNV
30/07/2025,17:27:54,47.62044,-52.73568,151.0,,SKT-4214,1,1,GPNV
30/07/2025,17:28:01,47.62043,-52.73567,154.0,,SKT-4214,1,1,GPNV
30/07/2025,17:28:08,47.62044,-52.73567,157.0,,SKT-4214,1,1,GPNV
30/07/2025,17:28:16,47.62046,-52.73568,160.0,,SKT-4214,1,0,GPNV
30/07/2025,17:28:23,47.62047,-52.73568,162.0,,SKT-4214,1,1,GPNV
30/07/2025,17:28:30,47.62048,-52.73568,162.0,,SKT-4214,1,1,GPNV
30/07/2025,17:28:38,47.62048,-52.73566,164.0,,SKT-4214,1,1,GPNV
30/07/2025,17:28:46,47.6205,-52.73565,166.0,,SKT-4214,1,1,GPNV
30/07/2025,17:28:53,47.62053,-52.73563,170.0,,SKT-4214,1,1,GPNV
30/07/2025,17:29:01,47.62053,-52.73561,171.0,,SKT-4214,1,1,GPNV
30/07/2025,17:29:08,47.62051,-52.73562,169.0,,SKT-4214,1,1,GPNV
30/07/2025,17:29:15,47.6205,-52.73562,169.0,,SKT-4214,1,1,GPNV
30/07/2025,17:29:23,47.62048,-52.73563,169.0,,SKT-4214,1,1,GPNV
30/07/2025,17:29:30,47.62046,-52.73563,170.0,,SKT-4214,1,1,GPNV
30/07/2025,17:29:37,47.62046,-52.73564,171.0,,SKT-4214,1,1,GPNV
30/07/2025,17:29:44,47.62045,-52.73563,172.0,,SKT-4214,1,1,GPNV
30/07/2025,17:29:51,47.62045,-52.73562,172.0,,SKT-4214,1,1,GPNV
30/07/2025,17:29:59,47.62045,-52.73561,173.0,,SKT-4214,1,1,GPNV
30/07/2025,17:30:06,47.62045,-52.7356,169.0,,SKT-4214,1,1,GPNV
30/07/2025,17:30:13,47.62044,-52.7356,165.0,,SKT-4214,1,1,GPNV
30/07/2025,17:30:20,47.62044,-52.73561,162.0,,SKT-4214,1,1,GPNV
30/07/2025,17:30:27,47.62044,-52.73562,159.0,,SKT-4214,1,0,GPNV
30/07/2025,17:30:34,47.62043,-52.73563,157.0,,SKT-4214,1,0,GPNV
30/07/2025,17:30:41,47.62042,-52.73564,156.0,,SKT-4214,1,0,GPNV
30/07/2025,17:30:49,47.62041,-52.73564,157.0,,SKT-4214,1,0,GPNV
30/07/2025,17:30:57,47.6204,-52.73564,159.0,,SKT-4214,1,0,GPNV
30/07/2025,17:31:04,47.62038,-52.73564,160.0,,SKT-4214,1,1,GPNV
30/07/2025,17:31:11,47.62038,-52.73563,161.0,,SKT-4214,1,1,GPNV
30/07/2025,17:31:18,47.62037,-52.73562,163.0,,SKT-4214,1,1,GPNV
30/07/2025,17:31:25,47.62036,-52.73563,167.0,,SKT-4214,1,1,GPNV
30/07/2025,17:31:33,47.62036,-52.73563,168.0,,SKT-4214,1,1,GPNV
30/07/2025,17:31:41,47.62036,-52.73565,168.0,,SKT-4214,1,0,GPNV
30/07/2025,17:31:48,47.62036,-52.73566,169.0,,SKT-4214,1,1,GPNV
30/07/2025,17:31:55,47.62036,-52.73566,170.0,,SKT-4214,1,1,GPNV
30/07/2025,17:32:03,47.62035,-52.73565,170.0,,SKT-4214,1,0,GPNV
30/07/2025,17:32:11,47.62035,-52.73565,170.0,,SKT-4214,1,1,GPNV
30/07/2025,17:32:18,47.62035,-52.73564,168.0,,SKT-4214,1,1,GPNV
30/07/2025,17:32:25,47.62036,-52.73563,166.0,,SKT-4214,1,1,GPNV
30/07/2025,17:32:32,47.62038,-52.73565,162.0,,SKT-4214,1,1,GPNV
30/07/2025,17:32:39,47.62041,-52.73566,157.0,,SKT-4214,1,1,GPNV
30/07/2025,17:32:47,47.62044,-52.73567,155.0,,SKT-4214,1,1,GPNV
30/07/2025,17:32:54,47.62044,-52.73566,156.0,,SKT-4214,1,1,GPNV
30/07/2025,17:33:01,47.62044,-52.73566,156.0,,SKT-4214,1,1,GPNV
30/07/2025,17:33:08,47.62041,-52.73567,157.0,,SKT-4214,1,1,GPNV
30/07/2025,17:33:15,47.62039,-52.73568,157.0,,SKT-4214,1,1,GPNV
30/07/2025,17:33:22,47.62038,-52.73569,157.0,,SKT-4214,1,1,GPNV
30/07/2025,17:33:30,47.62037,-52.73571,159.0,,SKT-4214,1,1,GPNV
30/07/2025,17:33:37,47.62037,-52.73573,159.0,,SKT-4214,1,1,GPNV
30/07/2025,17:33:44,47.62037,-52.73575,158.0,,SKT-4214,1,1,GPNV
30/07/2025,17:33:51,47.62037,-52.73577,154.0,,SKT-4214,1,1,GPNV
30/07/2025,17:33:59,47.62038,-52.73578,150.0,,SKT-4214,1,1,GPNV
30/07/2025,17:34:06,47.6204,-52.73579,146.0,,SKT-4214,1,1,GPNV
30/07/2025,17:34:13,47.62041,-52.73579,143.0,,SKT-4214,1,1,GPNV
30/07/2025,17:34:20,47.62041,-52.73581,141.0,,SKT-4214,1,1,GPNV
30/07/2025,17:34:28,47.62042,-52.73581,139.0,,SKT-4214,1,1,GPNV
30/07/2025,17:34:35,47.62043,-52.73581,141.0,,SKT-4214,1,1,GPNV
30/07/2025,17:34:42,47.62043,-52.73581,144.0,,SKT-4214,1,1,GPNV
30/07/2025,17:34:49,47.62043,-52.73581,148.0,,SKT-4214,1,1,GPNV
30/07/2025,17:34:56,47.62042,-52.73581,152.0,,SKT-4214,1,1,GPNV
30/07/2025,17:35:04,47.62041,-52.73581,155.0,,SKT-4214,1,1,GPNV
30/07/2025,17:35:11,47.62041,-52.7358,156.0,,SKT-4214,1,1,GPNV
30/07/2025,17:35:19,47.62041,-52.73579,156.0,,SKT-4214,1,1,GPNV
30/07/2025,17:35:26,47.62041,-52.73577,155.0,,SKT-4214,1,1,GPNV
30/07/2025,17:35:33,47.62042,-52.73577,155.0,,SKT-4214,1,1,GPNV
30/07/2025,17:35:40,47.62044,-52.73577,155.0,,SKT-4214,1,1,GPNV
30/07/2025,17:35:47,47.62048,-52.73576,157.0,,SKT-4214,1,1,GPNV
30/07/2025,17:35:54,47.62052,-52.73575,160.0,,SKT-4214,1,1,GPNV
30/07/2025,17:36:02,47.62056,-52.73574,163.0,,SKT-4214,1,1,GPNV
30/07/2025,17:36:10,47.6206,-52.73574,167.0,,SKT-4214,1,0,GPNV
30/07/2025,17:36:18,47.62061,-52.73575,168.0,,SKT-4214,1,0,GPNV
30/07/2025,17:36:26,47.62059,-52.73577,168.0,,SKT-4214,1,0,GPNV
30/07/2025,17:36:34,47.62059,-52.73578,163.0,,SKT-4214,1,0,GPNV
30/07/2025,17:36:42,47.62058,-52.73579,155.0,,SKT-4214,1,0,GPNV
30/07/2025,17:36:50,47.62058,-52.73579,147.0,,SKT-4214,1,0,GPNV
30/07/2025,17:36:57,47.62057,-52.7358,143.0,,SKT-4214,1,1,GPNV
30/07/2025,17:37:04,47.62054,-52.7358,146.0,,SKT-4214,1,1,GPNV
30/07/2025,17:37:12,47.62051,-52.73581,150.0,,SKT-4214,1,1,GPNV
30/07/2025,17:37:19,47.62048,-52.7358,154.0,,SKT-4214,1,1,GPNV
30/07/2025,17:37:26,47.62046,-52.7358,156.0,,SKT-4214,1,1,GPNV
30/07/2025,17:37:33,47.62045,-52.73581,158.0,,SKT-4214,1,1,GPNV
30/07/2025,17:37:40,47.62043,-52.7358,157.0,,SKT-4214,1,1,GPNV
30/07/2025,17:37:48,47.62042,-52.73579,157.0,,SKT-4214,1,1,GPNV
30/07/2025,17:37:55,47.62041,-52.73578,156.0,,SKT-4214,1,1,GPNV
30/07/2025,17:38:02,47.62041,-52.73577,154.0,,SKT-4214,1,1,GPNV
30/07/2025,17:38:09,47.62042,-52.73575,153.0,,SKT-4214,1,1,GPNV
30/07/2025,17:38:17,47.62041,-52.73574,155.0,,SKT-4214,1,1,GPNV
30/07/2025,17:38:24,47.62041,-52.73573,157.0,,SKT-4214,1,1,GPNV
30/07/2025,17:38:31,47.6204,-52.73571,163.0,,SKT-4214,1,1,GPNV
30/07/2025,17:38:38,47.62038,-52.7357,170.0,,SKT-4214,1,1,GPNV
30/07/2025,17:38:45,47.62036,-52.7357,176.0,,SKT-4214,1,1,GPNV
30/07/2025,17:38:53,47.62035,-52.73568,177.0,,SKT-4214,1,1,GPNV
30/07/2025,17:39:00,47.62037,-52.73568,172.0,,SKT-4214,1,1,GPNV
30/07/2025,17:39:07,47.62038,-52.73568,170.0,,SKT-4214,1,1,GPNV
30/07/2025,17:39:14,47.6204,-52.73568,166.0,,SKT-4214,1,1,GPNV
30/07/2025,17:39:21,47.6204,-52.73569,163.0,,SKT-4214,1,1,GPNV
30/07/2025,17:39:29,47.62039,-52.7357,162.0,,SKT-4214,1,1,GPNV
30/07/2025,17:39:36,47.62038,-52.73571,162.0,,SKT-4214,1,1,GPNV
30/07/2025,17:39:43,47.62037,-52.73572,162.0,,SKT-4214,1,1,GPNV
30/07/2025,17:39:50,47.62037,-52.73572,160.0,,SKT-4214,1,1,GPNV
30/07/2025,17:39:58,47.62037,-52.73572,158.0,,SKT-4214,1,1,GPNV
30/07/2025,17:40:05,47.62037,-52.73571,157.0,,SKT-4214,1,1,GPNV
30/07/2025,17:40:12,47.62037,-52.7357,155.0,,SKT-4214,1,1,GPNV
30/07/2025,17:40:19,47.62037,-52.73571,152.0,,SKT-4214,1,1,GPNV
30/07/2025,17:40:26,47.62038,-52.73572,150.0,,SKT-4214,1,1,GPNV
30/07/2025,17:40:34,47.6204,-52.73573,150.0,,SKT-4214,1,1,GPNV
30/07/2025,17:40:41,47.6204,-52.73574,153.0,,SKT-4214,1,1,GPNV
30/07/2025,17:40:48,47.6204,-52.73574,157.0,,SKT-4214,1,1,GPNV
30/07/2025,17:40:55,47.6204,-52.73574,160.0,,SKT-4214,1,1,GPNV
30/07/2025,17:41:02,47.62042,-52.73573,162.0,,SKT-4214,1,1,GPNV
30/07/2025,17:41:10,47.62042,-52.73572,164.0,,SKT-4214,1,1,GPNV
30/07/2025,17:41:17,47.62042,-52.73572,164.0,,SKT-4214,1,1,GPNV
30/07/2025,17:41:24,47.62041,-52.73572,162.0,,SKT-4214,1,1,GPNV
30/07/2025,17:41:31,47.62041,-52.73573,161.0,,SKT-4214,1,1,GPNV
30/07/2025,17:41:38,47.62041,-52.73573,159.0,,SKT-4214,1,1,GPNV
30/07/2025,17:41:46,47.62042,-52.73573,156.0,,SKT-4214,1,1,GPNV
30/07/2025,17:41:53,47.62044,-52.73573,153.0,,SKT-4214,1,1,GPNV
30/07/2025,17:42:00,47.62045,-52.73573,150.0,,SKT-4214,1,1,GPNV
30/07/2025,17:42:08,47.62046,-52.73573,149.0,,SKT-4214,1,1,GPNV
30/07/2025,17:42:15,47.62046,-52.73574,151.0,,SKT-4214,1,1,GPNV
30/07/2025,17:42:22,47.62045,-52.73576,152.0,,SKT-4214,1,1,GPNV
30/07/2025,17:42:29,47.62045,-52.73577,154.0,,SKT-4214,1,1,GPNV
30/07/2025,17:42:36,47.62044,-52.73578,154.0,,SKT-4214,1,1,GPNV
30/07/2025,17:42:44,47.62044,-52.73579,154.0,,SKT-4214,1,1,GPNV
30/07/2025,17:42:51,47.62045,-52.73579,154.0,,SKT-4214,1,1,GPNV
30/07/2025,17:42:58,47.62046,-52.73577,152.0,,SKT-4214,1,1,GPNV
30/07/2025,17:43:05,47.62048,-52.73576,149.0,,SKT-4214,1,1,GPNV
30/07/2025,17:43:12,47.62049,-52.73575,146.0,,SKT-4214,1,1,GPNV
30/07/2025,17:43:20,47.62049,-52.73575,146.0,,SKT-4214,1,1,GPNV
30/07/2025,17:43:27,47.6205,-52.73575,145.0,,SKT-4214,1,1,GPNV
30/07/2025,17:43:34,47.62049,-52.73577,146.0,,SKT-4214,1,1,GPNV
30/07/2025,17:43:41,47.62047,-52.73579,146.0,,SKT-4214,1,1,GPNV
30/07/2025,17:43:48,47.62045,-52.73581,146.0,,SKT-4214,1,1,GPNV
30/07/2025,17:43:56,47.62041,-52.73583,144.0,,SKT-4214,1,1,GPNV
30/07/2025,17:44:03,47.62038,-52.73584,143.0,,SKT-4214,1,1,GPNV
30/07/2025,17:44:10,47.62037,-52.73583,142.0,,SKT-4214,1,1,GPNV
30/07/2025,17:44:18,47.62035,-52.73582,145.0,,SKT-4214,1,1,GPNV
30/07/2025,17:44:25,47.62037,-52.73581,147.0,,SKT-4214,1,1,GPNV
30/07/2025,17:44:33,47.62038,-52.73581,149.0,,SKT-4214,1,1,GPNV
30/07/2025,17:44:40,47.62037,-52.73581,151.0,,SKT-4214,1,1,GPNV
30/07/2025,17:44:47,47.62037,-52.73581,154.0,,SKT-4214,1,1,GPNV
30/07/2025,17:44:54,47.62038,-52.7358,157.0,,SKT-4214,1,1,GPNV
30/07/2025,17:45:01,47.62039,-52.73579,159.0,,SKT-4214,1,1,GPNV
30/07/2025,17:45:09,47.62039,-52.73576,162.0,,SKT-4214,1,1,GPNV
30/07/2025,17:45:16,47.6204,-52.73575,162.0,,SKT-4214,1,1,GPNV
30/07/2025,17:45:23,47.6204,-52.73576,162.0,,SKT-4214,1,1,GPNV
30/07/2025,09:59:58,,,,,SKT-4214,1,1,GPNV
30/07/2025,10:00:08,,,,,SKT-4214,1,0,GPNV
30/07/2025,17:45:51,47.62041,-52.73579,159.0,,SKT-4214,1,1,GPNV
30/07/2025,17:45:59,47.62043,-52.73578,158.0,,SKT-4214,1,1,GPNV
30/07/2025,17:46:06,47.62045,-52.73576,156.0,,SKT-4214,1,1,GPNV
30/07/2025,17:46:13,47.62046,-52.73574,155.0,,SKT-4214,1,1,GPNV
30/07/2025,17:46:20,47.62048,-52.73572,153.0,,SKT-4214,1,1,GPNV
30/07/2025,17:46:27,47.62048,-52.73573,153.0,,SKT-4214,1,1,GPNV
30/07/2025,17:46:35,47.62046,-52.73574,154.0,,SKT-4214,1,1,GPNV
30/07/2025,17:46:42,47.62045,-52.73576,155.0,,SKT-4214,1,1,GPNV
30/07/2025,17:46:49,47.62043,-52.73577,153.0,,SKT-4214,1,1,GPNV
30/07/2025,17:46:56,47.62042,-52.73579,151.0,,SKT-4214,1,1,GPNV
30/07/2025,17:47:03,47.6204,-52.7358,150.0,,SKT-4214,1,1,GPNV
30/07/2025,17:47:11,47.62039,-52.7358,149.0,,SKT-4214,1,1,GPNV
30/07/2025,17:47:18,47.62038,-52.73579,148.0,,SKT-4214,1,1,GPNV
30/07/2025,17:47:25,47.62038,-52.73579,149.0,,SKT-4214,1,1,GPNV
30/07/2025,17:47:32,47.62039,-52.73578,149.0,,SKT-4214,1,1,GPNV
30/07/2025,17:47:39,47.6204,-52.73577,151.0,,SKT-4214,1,1,GPNV
30/07/2025,17:47:47,47.62041,-52.73577,153.0,,SKT-4214,1,1,GPNV
30/07/2025,17:47:54,47.6204,-52.73577,154.0,,SKT-4214,1,1,GPNV
30/07/2025,17:48:01,47.6204,-52.73576,155.0,,SKT-4214,1,1,GPNV
30/07/2025,17:48:08,47.6204,-52.73576,155.0,,SKT-4214,1,1,GPNV
30/07/2025,17:48:16,47.6204,-52.73576,154.0,,SKT-4214,1,1,GPNV
30/07/2025,17:48:23,47.62041,-52.73577,153.0,,SKT-4214,1,1,GPNV
30/07/2025,17:48:30,47.62042,-52.73577,152.0,,SKT-4214,1,1,GPNV
30/07/2025,17:48:37,47.62043,-52.73576,150.0,,SKT-4214,1,1,GPNV
30/07/2025,17:48:44,47.62044,-52.73576,149.0,,SKT-4214,1,1,GPNV
30/07/2025,17:48:52,47.62043,-52.73577,150.0,,SKT-4214,1,1,GPNV
30/07/2025,17:48:59,47.62043,-52.73579,152.0,,SKT-4214,1,1,GPNV
30/07/2025,17:49:06,47.62042,-52.7358,154.0,,SKT-4214,1,1,GPNV
30/07/2025,17:49:13,47.62041,-52.73581,157.0,,SKT-4214,1,1,GPNV
30/07/2025,17:49:21,47.62041,-52.73581,157.0,,SKT-4214,1,1,GPNV
30/07/2025,17:49:28,47.62041,-52.7358,157.0,,SKT-4214,1,1,GPNV
30/07/2025,17:49:35,47.62042,-52.73578,156.0,,SKT-4214,1,1,GPNV
30/07/2025,17:49:42,47.62043,-52.73577,156.0,,SKT-4214,1,1,GPNV
30/07/2025,17:49:49,47.62043,-52.73576,155.0,,SKT-4214,1,1,GPNV
30/07/2025,17:49:57,47.62044,-52.73577,155.0,,SKT-4214,1,1,GPNV
30/07/2025,17:50:04,47.62045,-52.73579,153.0,,SKT-4214,1,1,GPNV
30/07/2025,17:50:11,47.62045,-52.73581,151.0,,SKT-4214,1,1,GPNV
30/07/2025,17:50:18,47.62045,-52.7358,151.0,,SKT-4214,1,1,GPNV
30/07/2025,17:50:25,47.62045,-52.73579,152.0,,SKT-4214,1,1,GPNV
30/07/2025,17:50:33,47.62045,-52.73578,154.0,,SKT-4214,1,1,GPNV
30/07/2025,17:50:40,47.62044,-52.73577,157.0,,SKT-4214,1,1,GPNV
30/07/2025,17:50:47,47.62044,-52.73576,161.0,,SKT-4214,1,1,GPNV
30/07/2025,17:50:55,47.62044,-52.73574,162.0,,SKT-4214,1,1,GPNV
30/07/2025,17:51:02,47.62044,-52.73573,162.0,,SKT-4214,1,1,GPNV
30/07/2025,17:51:09,47.62044,-52.73573,160.0,,SKT-4214,1,1,GPNV
30/07/2025,17:51:16,47.62044,-52.73573,159.0,,SKT-4214,1,1,GPNV
30/07/2025,17:51:23,47.62044,-52.73573,159.0,,SKT-4214,1,1,GPNV
30/07/2025,17:51:31,47.62044,-52.73574,159.0,,SKT-4214,1,1,GPNV
30/07/2025,17:51:38,47.62044,-52.73574,160.0,,SKT-4214,1,1,GPNV
30/07/2025,17:51:45,47.62045,-52.73574,160.0,,SKT-4214,1,1,GPNV
30/07/2025,17:51:52,47.62045,-52.73574,160.0,,SKT-4214,1,1,GPNV
30/07/2025,17:51:59,47.62045,-52.73574,159.0,,SKT-4214,1,1,GPNV
30/07/2025,17:52:06,47.62044,-52.73574,159.0,,SKT-4214,1,1,GPNV
30/07/2025,17:52:14,47.62042,-52.73575,161.0,,SKT-4214,1,1,GPNV
30/07/2025,17:52:21,47.62041,-52.73575,162.0,,SKT-4214,1,1,GPNV
30/07/2025,17:52:28,47.62041,-52.73576,162.0,,SKT-4214,1,1,GPNV
30/07/2025,17:52:35,47.62041,-52.73576,164.0,,SKT-4214,1,1,GPNV
30/07/2025,17:52:43,47.62041,-52.73575,168.0,,SKT-4214,1,1,GPNV
30/07/2025,17:52:50,47.62041,-52.73575,170.0,,SKT-4214,1,1,GPNV
30/07/2025,17:52:57,47.62041,-52.73576,170.0,,SKT-4214,1,1,GPNV
30/07/2025,17:53:04,47.62041,-52.73577,172.0,,SKT-4214,1,1,GPNV
30/07/2025,17:53:12,47.6204,-52.73579,177.0,,SKT-4214,1,1,GPNV
30/07/2025,17:53:19,47.62041,-52.73582,174.0,,SKT-4214,1,1,GPNV
30/07/2025,17:53:26,47.62042,-52.73584,171.0,,SKT-4214,1,1,GPNV
30/07/2025,17:53:33,47.62041,-52.73584,169.0,,SKT-4214,1,1,GPNV
30/07/2025,17:53:40,47.6204,-52.73583,167.0,,SKT-4214,1,1,GPNV
30/07/2025,17:53:48,47.62037,-52.73581,171.0,,SKT-4214,1,1,GPNV
30/07/2025,17:53:55,47.62035,-52.73579,178.0,,SKT-4214,1,1,GPNV
30/07/2025,17:54:02,47.62033,-52.73577,184.0,,SKT-4214,1,1,GPNV
30/07/2025,17:54:09,47.62033,-52.73577,185.0,,SKT-4214,1,1,GPNV
30/07/2025,17:54:17,47.62033,-52.73578,182.0,,SKT-4214,1,1,GPNV
30/07/2025,17:54:24,47.62033,-52.73579,176.0,,SKT-4214,1,1,GPNV
30/07/2025,17:54:31,47.62034,-52.73582,170.0,,SKT-4214,1,1,GPNV
30/07/2025,17:54:38,47.62032,-52.73582,175.0,,SKT-4214,1,1,GPNV
30/07/2025,17:54:45,47.62028,-52.73583,180.0,,SKT-4214,1,1,GPNV
30/07/2025,17:54:52,47.62027,-52.73582,179.0,,SKT-4214,1,1,GPNV
30/07/2025,17:55:00,47.62027,-52.73582,170.0,,SKT-4214,1,1,GPNV
30/07/2025,17:55:07,47.6203,-52.73581,162.0,,SKT-4214,1,1,GPNV
30/07/2025,17:55:14,47.62031,-52.7358,157.0,,SKT-4214,1,1,GPNV
30/07/2025,17:55:21,47.62032,-52.73578,155.0,,SKT-4214,1,1,GPNV
30/07/2025,17:55:28,47.62034,-52.73577,151.0,,SKT-4214,1,1,GPNV
30/07/2025,17:55:36,47.62035,-52.73577,145.0,,SKT-4214,1,1,GPNV
30/07/2025,17:55:43,47.62036,-52.73577,144.0,,SKT-4214,1,1,GPNV
30/07/2025,17:55:50,47.62035,-52.73576,144.0,,SKT-4214,1,1,GPNV
30/07/2025,17:55:57,47.62034,-52.73574,148.0,,SKT-4214,1,1,GPNV
30/07/2025,17:56:05,47.62033,-52.73573,151.0,,SKT-4214,1,1,GPNV
30/07/2025,17:56:12,47.62032,-52.73572,154.0,,SKT-4214,1,1,GPNV
30/07/2025,17:56:19,47.62032,-52.73571,156.0,,SKT-4214,1,1,GPNV
30/07/2025,17:56:26,47.62032,-52.73571,156.0,,SKT-4214,1,1,GPNV
30/07/2025,17:56:33,47.62032,-52.7357,156.0,,SKT-4214,1,1,GPNV
30/07/2025,17:56:41,47.62033,-52.73568,153.0,,SKT-4214,1,1,GPNV
30/07/2025,17:56:48,47.62033,-52.73566,151.0,,SKT-4214,1,1,GPNV
30/07/2025,17:56:55,47.62034,-52.73565,154.0,,SKT-4214,1,1,GPNV
30/07/2025,17:57:02,47.62034,-52.73566,158.0,,SKT-4214,1,1,GPNV
30/07/2025,17:57:10,47.62035,-52.73569,161.0,,SKT-4214,1,1,GPNV
30/07/2025,17:57:17,47.62037,-52.73572,162.0,,SKT-4214,1,1,GPNV
30/07/2025,17:57:24,47.62038,-52.73576,163.0,,SKT-4214,1,1,GPNV
30/07/2025,17:57:31,47.62039,-52.7358,162.0,,SKT-4214,1,1,GPNV
30/07/2025,17:57:38,47.6204,-52.73582,160.0,,SKT-4214,1,1,GPNV
30/07/2025,17:57:46,47.6204,-52.73583,156.0,,SKT-4214,1,1,GPNV
30/07/2025,17:57:53,47.6204,-52.73582,155.0,,SKT-4214,1,1,GPNV
30/07/2025,17:58:00,47.62041,-52.73581,155.0,,SKT-4214,1,1,GPNV
30/07/2025,17:58:07,47.62041,-52.73581,155.0,,SKT-4214,1,1,GPNV
30/07/2025,17:58:14,47.6204,-52.73581,157.0,,SKT-4214,1,1,GPNV
30/07/2025,17:58:22,47.62041,-52.73579,158.0,,SKT-4214,1,1,GPNV
30/07/2025,17:58:29,47.62041,-52.73578,159.0,,SKT-4214,1,1,GPNV
30/07/2025,17:58:36,47.6204,-52.73577,159.0,,SKT-4214,1,1,GPNV
30/07/2025,17:58:44,47.6204,-52.73577,158.0,,SKT-4214,1,1,GPNV
30/07/2025,17:58:51,47.62039,-52.73577,156.0,,SKT-4214,1,1,GPNV
30/07/2025,17:58:58,47.62038,-52.73577,156.0,,SKT-4214,1,1,GPNV
30/07/2025,17:59:07,47.62038,-52.73577,154.0,,SKT-4214,1,1,GPNV
30/07/2025,17:59:14,47.62039,-52.73575,152.0,,SKT-4214,1,1,GPNV
30/07/2025,17:59:22,47.62041,-52.73573,151.0,,SKT-4214,1,1,GPNV
30/07/2025,17:59:29,47.62043,-52.73571,151.0,,SKT-4214,1,1,GPNV
30/07/2025,17:59:36,47.62045,-52.73571,152.0,,SKT-4214,1,1,GPNV
30/07/2025,17:59:44,47.62046,-52.73572,154.0,,SKT-4214,1,1,GPNV
30/07/2025,17:59:51,47.62046,-52.73573,154.0,,SKT-4214,1,1,GPNV
30/07/2025,17:59:59,47.62045,-52.73574,154.0,,SKT-4214,1,1,GPNV
30/07/2025,18:00:06,47.62044,-52.73574,155.0,,SKT-4214,1,1,GPNV
30/07/2025,18:00:13,47.62043,-52.73574,156.0,,SKT-4214,1,1,GPNV
30/07/2025,18:00:20,47.62041,-52.73575,156.0,,SKT-4214,1,1,GPNV
30/07/2025,18:00:28,47.6204,-52.73575,156.0,,SKT-4214,1,1,GPNV
30/07/2025,18:00:35,47.62041,-52.73574,156.0,,SKT-4214,1,1,GPNV
30/07/2025,18:00:42,47.6204,-52.73574,156.0,,SKT-4214,1,1,GPNV
30/07/2025,18:00:49,47.6204,-52.73574,156.0,,SKT-4214,1,1,GPNV
30/07/2025,18:00:56,47.6204,-52.73575,156.0,,SKT-4214,1,1,GPNV
30/07/2025,18:01:03,47.62039,-52.73576,157.0,,SKT-4214,1,1,GPNV
30/07/2025,18:01:11,47.62038,-52.73577,156.0,,SKT-4214,1,1,GPNV
30/07/2025,18:01:18,47.62038,-52.73578,157.0,,SKT-4214,1,1,GPNV
30/07/2025,18:01:25,47.62038,-52.73578,156.0,,SKT-4214,1,1,GPNV
30/07/2025,18:01:32,47.62038,-52.73578,155.0,,SKT-4214,1,1,GPNV
30/07/2025,18:01:40,47.62038,-52.73578,154.0,,SKT-4214,1,1,GPNV
30/07/2025,18:01:47,47.6204,-52.73577,153.0,,SKT-4214,1,1,GPNV
30/07/2025,18:01:54,47.62042,-52.73576,153.0,,SKT-4214,1,1,GPNV
30/07/2025,18:02:01,47.62045,-52.73576,151.0,,SKT-4214,1,1,GPNV
30/07/2025,18:02:09,47.62045,-52.73574,154.0,,SKT-4214,1,1,GPNV
30/07/2025,18:02:16,47.62046,-52.73573,156.0,,SKT-4214,1,1,GPNV
30/07/2025,18:02:23,47.62046,-52.73573,157.0,,SKT-4214,1,1,GPNV
30/07/2025,18:02:30,47.62045,-52.73571,156.0,,SKT-4214,1,1,GPNV
30/07/2025,18:02:37,47.62043,-52.73571,155.0,,SKT-4214,1,1,GPNV
30/07/2025,18:02:45,47.62041,-52.73571,153.0,,SKT-4214,1,1,GPNV
30/07/2025,18:02:52,47.62041,-52.73572,152.0,,SKT-4214,1,1,GPNV
30/07/2025,18:02:59,47.62041,-52.73573,151.0,,SKT-4214,1,1,GPNV
30/07/2025,18:03:07,47.62042,-52.73575,150.0,,SKT-4214,1,1,GPNV
30/07/2025,18:03:14,47.62043,-52.73577,147.0,,SKT-4214,1,1,GPNV
30/07/2025,18:03:21,47.62045,-52.73579,145.0,,SKT-4214,1,1,GPNV
30/07/2025,18:03:28,47.62046,-52.73579,142.0,,SKT-4214,1,1,GPNV
30/07/2025,18:03:35,47.62048,-52.73579,139.0,,SKT-4214,1,1,GPNV
30/07/2025,18:03:42,47.6205,-52.73579,136.0,,SKT-4214,1,1,GPNV
30/07/2025,18:03:50,47.62051,-52.73579,132.0,,SKT-4214,1,1,GPNV
30/07/2025,18:03:57,47.62051,-52.73579,131.0,,SKT-4214,1,1,GPNV
30/07/2025,18:04:04,47.6205,-52.73579,134.0,,SKT-4214,1,1,GPNV
30/07/2025,18:04:11,47.62049,-52.7358,137.0,,SKT-4214,1,1,GPNV
30/07/2025,18:04:19,47.62048,-52.73581,138.0,,SKT-4214,1,1,GPNV
30/07/2025,18:04:26,47.62048,-52.73582,138.0,,SKT-4214,1,1,GPNV
30/07/2025,18:04:33,47.62048,-52.73583,136.0,,SKT-4214,1,1,GPNV
30/07/2025,18:04:40,47.62047,-52.73584,134.0,,SKT-4214,1,1,GPNV
30/07/2025,18:04:48,47.62046,-52.73586,129.0,,SKT-4214,1,1,GPNV
30/07/2025,18:04:55,47.62044,-52.73588,126.0,,SKT-4214,1,1,GPNV
30/07/2025,18:05:02,47.62042,-52.73588,128.0,,SKT-4214,1,1,GPNV
30/07/2025,18:05:09,47.6204,-52.73587,133.0,,SKT-4214,1,1,GPNV
30/07/2025,18:05:16,47.6204,-52.73585,139.0,,SKT-4214,1,1,GPNV
30/07/2025,18:05:24,47.62039,-52.73581,145.0,,SKT-4214,1,1,GPNV
30/07/2025,18:05:31,47.62038,-52.73578,153.0,,SKT-4214,1,1,GPNV
30/07/2025,18:05:38,47.62038,-52.73577,157.0,,SKT-4214,1,1,GPNV
30/07/2025,18:05:45,47.62038,-52.73576,159.0,,SKT-4214,1,1,GPNV
30/07/2025,18:05:53,47.62038,-52.73575,161.0,,SKT-4214,1,1,GPNV
30/07/2025,18:06:00,47.62037,-52.73574,162.0,,SKT-4214,1,1,GPNV
30/07/2025,18:06:07,47.62037,-52.73574,161.0,,SKT-4214,1,1,GPNV
30/07/2025,18:06:14,47.62037,-52.73575,157.0,,SKT-4214,1,1,GPNV
30/07/2025,18:06:21,47.62037,-52.73575,155.0,,SKT-4214,1,1,GPNV
30/07/2025,18:06:29,47.62038,-52.73576,154.0,,SKT-4214,1,1,GPNV
30/07/2025,18:06:36,47.62039,-52.73576,154.0,,SKT-4214,1,1,GPNV
30/07/2025,18:06:43,47.6204,-52.73575,156.0,,SKT-4214,1,1,GPNV
30/07/2025,10:21:18,,,,,SKT-4214,1,1,GPNV
30/07/2025,18:07:01,47.62038,-52.73574,155.0,,SKT-4214,1,1,GPNV
30/07/2025,18:07:08,47.62037,-52.73573,157.0,,SKT-4214,1,1,GPNV
30/07/2025,18:07:15,47.62036,-52.73573,159.0,,SKT-4214,1,1,GPNV
30/07/2025,10:21:50,,,,,SKT-4214,1,1,GPNV
30/07/2025,18:07:32,47.62036,-52.73571,165.0,,SKT-4214,1,1,GPNV
30/07/2025,18:07:39,47.62036,-52.73569,168.0,,SKT-4214,1,1,GPNV
30/07/2025,18:07:46,47.62035,-52.73568,170.0,,SKT-4214,1,1,GPNV
30/07/2025,18:07:54,47.62034,-52.73565,175.0,,SKT-4214,1,1,GPNV
30/07/2025,18:08:01,47.62033,-52.73562,177.0,,SKT-4214,1,1,GPNV
30/07/2025,18:08:08,47.62033,-52.73561,176.0,,SKT-4214,1,1,GPNV
30/07/2025,18:08:15,47.62033,-52.73561,175.0,,SKT-4214,1,1,GPNV
30/07/2025,10:22:50,,,,,SKT-4214,1,1,GPNV
30/07/2025,18:08:34,47.62034,-52.73563,174.0,,SKT-4214,1,1,GPNV
30/07/2025,18:08:41,47.62035,-52.73563,173.0,,SKT-4214,1,1,GPNV
30/07/2025,18:08:49,47.62036,-52.73564,173.0,,SKT-4214,1,1,GPNV
30/07/2025,18:08:56,47.62036,-52.73564,172.0,,SKT-4214,1,1,GPNV
30/07/2025,18:09:03,47.62036,-52.73565,174.0,,SKT-4214,1,1,GPNV
30/07/2025,18:09:10,47.62038,-52.73565,174.0,,SKT-4214,1,1,GPNV
30/07/2025,18:09:18,47.62039,-52.73567,174.0,,SKT-4214,1,1,GPNV
30/07/2025,18:09:25,47.6204,-52.73568,171.0,,SKT-4214,1,1,GPNV
30/07/2025,10:23:59,,,,,SKT-4214,1,1,GPNV
30/07/2025,18:09:41,47.6204,-52.73571,163.0,,SKT-4214,1,1,GPNV
30/07/2025,18:09:49,47.62038,-52.7357,170.0,,SKT-4214,1,1,GPNV
30/07/2025,18:09:56,47.62037,-52.7357,177.0,,SKT-4214,1,1,GPNV
30/07/2025,18:10:03,47.62037,-52.73571,180.0,,SKT-4214,1,1,GPNV
30/07/2025,18:10:10,47.62037,-52.73571,181.0,,SKT-4214,1,1,GPNV
30/07/2025,18:10:17,47.62038,-52.73573,182.0,,SKT-4214,1,1,GPNV
30/07/2025,18:10:25,47.62038,-52.73573,181.0,,SKT-4214,1,1,GPNV
30/07/2025,18:10:32,47.62037,-52.73572,177.0,,SKT-4214,1,1,GPNV
30/07/2025,18:10:39,47.62037,-52.73571,174.0,,SKT-4214,1,1,GPNV
30/07/2025,18:10:46,47.62037,-52.7357,172.0,,SKT-4214,1,1,GPNV
30/07/2025,18:10:54,47.62037,-52.73568,173.0,,SKT-4214,1,1,GPNV
30/07/2025,18:11:01,47.62037,-52.73565,174.0,,SKT-4214,1,1,GPNV
30/07/2025,18:11:08,47.62037,-52.73564,175.0,,SKT-4214,1,1,GPNV
30/07/2025,18:11:15,47.62036,-52.73563,175.0,,SKT-4214,1,1,GPNV
30/07/2025,18:11:22,47.62036,-52.73563,174.0,,SKT-4214,1,1,GPNV
30/07/2025,18:11:30,47.62035,-52.73563,172.0,,SKT-4214,1,1,GPNV
30/07/2025,18:11:37,47.62033,-52.73563,171.0,,SKT-4214,1,1,GPNV
30/07/2025,18:11:44,47.62032,-52.73563,170.0,,SKT-4214,1,1,GPNV
30/07/2025,18:11:51,47.62033,-52.73565,170.0,,SKT-4214,1,1,GPNV
30/07/2025,18:11:59,47.62034,-52.73567,168.0,,SKT-4214,1,1,GPNV
30/07/2025,18:12:06,47.62034,-52.73567,166.0,,SKT-4214,1,1,GPNV
30/07/2025,18:12:13,47.62035,-52.73568,165.0,,SKT-4214,1,1,GPNV
30/07/2025,18:12:20,47.62036,-52.7357,163.0,,SKT-4214,1,1,GPNV
30/07/2025,18:12:27,47.62038,-52.73571,159.0,,SKT-4214,1,1,GPNV
30/07/2025,18:12:34,47.62039,-52.73573,155.0,,SKT-4214,1,1,GPNV
30/07/2025,18:12:42,47.6204,-52.73573,153.0,,SKT-4214,1,1,GPNV
30/07/2025,18:12:49,47.6204,-52.73572,153.0,,SKT-4214,1,1,GPNV
30/07/2025,18:12:56,47.6204,-52.73571,151.0,,SKT-4214,1,1,GPNV
30/07/2025,18:13:03,47.62038,-52.73571,149.0,,SKT-4214,1,1,GPNV
30/07/2025,18:13:10,47.62037,-52.73571,146.0,,SKT-4214,1,1,GPNV
30/07/2025,18:13:18,47.62035,-52.73573,144.0,,SKT-4214,1,1,GPNV
30/07/2025,18:13:25,47.62035,-52.73574,143.0,,SKT-4214,1,1,GPNV
30/07/2025,18:13:32,47.62035,-52.73576,142.0,,SKT-4214,1,1,GPNV
30/07/2025,18:13:39,47.62034,-52.73577,141.0,,SKT-4214,1,1,GPNV
30/07/2025,18:13:46,47.62033,-52.73577,139.0,,SKT-4214,1,1,GPNV
30/07/2025,18:13:53,47.62033,-52.73577,138.0,,SKT-4214,1,1,GPNV
30/07/2025,18:14:00,47.62032,-52.73577,139.0,,SKT-4214,1,1,GPNV
30/07/2025,18:14:08,47.62032,-52.73576,141.0,,SKT-4214,1,1,GPNV
30/07/2025,18:14:15,47.62033,-52.73574,144.0,,SKT-4214,1,1,GPNV
30/07/2025,18:14:22,47.62034,-52.73572,149.0,,SKT-4214,1,1,GPNV
30/07/2025,18:14:30,47.62035,-52.7357,154.0,,SKT-4214,1,1,GPNV
30/07/2025,18:14:37,47.62036,-52.73569,157.0,,SKT-4214,1,1,GPNV
30/07/2025,18:14:44,47.62037,-52.7357,160.0,,SKT-4214,1,1,GPNV
30/07/2025,18:14:51,47.62038,-52.73571,162.0,,SKT-4214,1,1,GPNV
30/07/2025,18:14:58,47.62039,-52.73571,164.0,,SKT-4214,1,1,GPNV
30/07/2025,18:15:05,47.62041,-52.73572,164.0,,SKT-4214,1,1,GPNV
30/07/2025,18:15:13,47.62044,-52.73571,165.0,,SKT-4214,1,1,GPNV
30/07/2025,18:15:20,47.62045,-52.73571,163.0,,SKT-4214,1,1,GPNV
30/07/2025,18:15:27,47.62045,-52.73571,161.0,,SKT-4214,1,1,GPNV
30/07/2025,18:15:34,47.62045,-52.73571,159.0,,SKT-4214,1,1,GPNV
30/07/2025,18:15:41,47.62047,-52.73571,154.0,,SKT-4214,1,1,GPNV
30/07/2025,18:15:48,47.62051,-52.73572,149.0,,SKT-4214,1,1,GPNV
30/07/2025,18:15:56,47.62054,-52.73572,144.0,,SKT-4214,1,1,GPNV
30/07/2025,18:16:03,47.62054,-52.73572,144.0,,SKT-4214,1,1,GPNV
30/07/2025,18:16:10,47.62053,-52.73572,146.0,,SKT-4214,1,1,GPNV
30/07/2025,18:16:17,47.62051,-52.73572,149.0,,SKT-4214,1,1,GPNV
30/07/2025,18:16:25,47.62045,-52.73571,150.0,,SKT-4214,1,1,GPNV
30/07/2025,18:16:32,47.62042,-52.73571,150.0,,SKT-4214,1,1,GPNV
30/07/2025,18:16:39,47.6204,-52.7357,151.0,,SKT-4214,1,1,GPNV
30/07/2025,18:16:46,47.62041,-52.73571,152.0,,SKT-4214,1,1,GPNV
30/07/2025,18:16:53,47.6204,-52.73571,155.0,,SKT-4214,1,1,GPNV
30/07/2025,18:17:01,47.62039,-52.73569,158.0,,SKT-4214,1,1,GPNV
30/07/2025,18:17:08,47.62038,-52.73569,158.0,,SKT-4214,1,1,GPNV
30/07/2025,18:17:15,47.62038,-52.73569,157.0,,SKT-4214,1,1,GPNV
30/07/2025,18:17:22,47.62038,-52.7357,154.0,,SKT-4214,1,1,GPNV
30/07/2025,18:17:30,47.62038,-52.7357,152.0,,SKT-4214,1,1,GPNV
30/07/2025,18:17:37,47.62039,-52.73569,152.0,,SKT-4214,1,1,GPNV
30/07/2025,18:17:44,47.62039,-52.73569,153.0,,SKT-4214,1,1,GPNV
30/07/2025,18:17:51,47.6204,-52.73568,153.0,,SKT-4214,1,1,GPNV
30/07/2025,18:17:58,47.62041,-52.73568,153.0,,SKT-4214,1,1,GPNV
30/07/2025,18:18:05,47.62042,-52.73568,152.0,,SKT-4214,1,1,GPNV
30/07/2025,18:18:13,47.62042,-52.73568,152.0,,SKT-4214,1,1,GPNV
30/07/2025,18:18:20,47.62042,-52.73567,154.0,,SKT-4214,1,1,GPNV
30/07/2025,18:18:27,47.62041,-52.73567,155.0,,SKT-4214,1,1,GPNV
30/07/2025,18:18:34,47.6204,-52.73568,154.0,,SKT-4214,1,1,GPNV
30/07/2025,18:18:41,47.62038,-52.73568,155.0,,SKT-4214,1,1,GPNV
30/07/2025,18:18:49,47.62036,-52.73569,153.0,,SKT-4214,1,1,GPNV
30/07/2025,18:18:56,47.62034,-52.73571,154.0,,SKT-4214,1,1,GPNV
30/07/2025,18:19:03,47.62033,-52.73573,156.0,,SKT-4214,1,1,GPNV
30/07/2025,18:19:10,47.62033,-52.73575,159.0,,SKT-4214,1,1,GPNV
30/07/2025,18:19:18,47.62033,-52.73576,164.0,,SKT-4214,1,1,GPNV
30/07/2025,18:19:25,47.62034,-52.73576,166.0,,SKT-4214,1,1,GPNV
30/07/2025,18:19:32,47.62035,-52.73576,168.0,,SKT-4214,1,1,GPNV
30/07/2025,18:19:39,47.62037,-52.73576,168.0,,SKT-4214,1,1,GPNV
30/07/2025,18:19:47,47.62039,-52.73575,169.0,,SKT-4214,1,1,GPNV
30/07/2025,18:19:54,47.6204,-52.73574,168.0,,SKT-4214,1,1,GPNV
30/07/2025,18:20:01,47.6204,-52.73574,167.0,,SKT-4214,1,1,GPNV
30/07/2025,18:20:08,47.6204,-52.73574,163.0,,SKT-4214,1,1,GPNV
30/07/2025,18:20:15,47.6204,-52.73574,160.0,,SKT-4214,1,1,GPNV
30/07/2025,18:20:22,47.6204,-52.73574,157.0,,SKT-4214,1,1,GPNV
30/07/2025,18:20:30,47.62039,-52.73574,154.0,,SKT-4214,1,1,GPNV
30/07/2025,18:20:37,47.62037,-52.73573,155.0,,SKT-4214,1,1,GPNV
30/07/2025,18:20:44,47.62036,-52.73573,156.0,,SKT-4214,1,1,GPNV
30/07/2025,18:20:51,47.62035,-52.73573,156.0,,SKT-4214,1,1,GPNV
30/07/2025,18:20:58,47.62035,-52.73574,154.0,,SKT-4214,1,1,GPNV
30/07/2025,18:21:05,47.62036,-52.73574,152.0,,SKT-4214,1,1,GPNV
30/07/2025,18:21:12,47.62036,-52.73574,151.0,,SKT-4214,1,1,GPNV
30/07/2025,18:21:20,47.62037,-52.73574,151.0,,SKT-4214,1,1,GPNV
30/07/2025,18:21:27,47.62037,-52.73576,151.0,,SKT-4214,1,1,GPNV
30/07/2025,18:21:34,47.62037,-52.73576,149.0,,SKT-4214,1,1,GPNV
30/07/2025,18:21:41,47.62036,-52.73576,151.0,,SKT-4214,1,1,GPNV
30/07/2025,18:21:49,47.62035,-52.73576,154.0,,SKT-4214,1,1,GPNV
30/07/2025,18:21:56,47.62035,-52.73575,154.0,,SKT-4214,1,1,GPNV
30/07/2025,18:22:03,47.62037,-52.73576,152.0,,SKT-4214,1,1,GPNV
30/07/2025,18:22:10,47.62037,-52.73574,149.0,,SKT-4214,1,1,GPNV
30/07/2025,18:22:18,47.62039,-52.73573,147.0,,SKT-4214,1,1,GPNV
30/07/2025,18:22:25,47.6204,-52.73572,145.0,,SKT-4214,1,1,GPNV
30/07/2025,18:22:32,47.62041,-52.73571,145.0,,SKT-4214,1,1,GPNV
30/07/2025,18:22:39,47.62041,-52.7357,148.0,,SKT-4214,1,1,GPNV
30/07/2025,18:22:46,47.62041,-52.73569,151.0,,SKT-4214,1,1,GPNV
30/07/2025,18:22:53,47.62041,-52.73569,152.0,,SKT-4214,1,1,GPNV
30/07/2025,18:23:01,47.62043,-52.73569,152.0,,SKT-4214,1,1,GPNV
30/07/2025,18:23:08,47.62043,-52.73568,152.0,,SKT-4214,1,1,GPNV
30/07/2025,18:23:15,47.62044,-52.73567,150.0,,SKT-4214,1,1,GPNV
30/07/2025,18:23:22,47.62043,-52.73566,148.0,,SKT-4214,1,1,GPNV
30/07/2025,18:23:29,47.62042,-52.73565,153.0,,SKT-4214,1,1,GPNV
30/07/2025,18:23:37,47.62041,-52.73566,155.0,,SKT-4214,1,1,GPNV
30/07/2025,18:23:44,47.62041,-52.73567,153.0,,SKT-4214,1,1,GPNV
30/07/2025,18:23:51,47.6204,-52.73568,151.0,,SKT-4214,1,1,GPNV
30/07/2025,18:23:58,47.62039,-52.7357,149.0,,SKT-4214,1,1,GPNV
30/07/2025,18:24:05,47.62039,-52.73571,148.0,,SKT-4214,1,1,GPNV
30/07/2025,18:24:13,47.62039,-52.73573,149.0,,SKT-4214,1,1,GPNV
30/07/2025,18:24:20,47.6204,-52.73574,150.0,,SKT-4214,1,1,GPNV
30/07/2025,18:24:27,47.62042,-52.73574,150.0,,SKT-4214,1,1,GPNV
30/07/2025,18:24:34,47.62043,-52.73575,152.0,,SKT-4214,1,1,GPNV
30/07/2025,18:24:41,47.62042,-52.73575,155.0,,SKT-4214,1,1,GPNV
30/07/2025,18:24:49,47.62042,-52.73575,155.0,,SKT-4214,1,1,GPNV
30/07/2025,18:24:56,47.62041,-52.73575,156.0,,SKT-4214,1,1,GPNV
30/07/2025,18:25:03,47.62041,-52.73575,157.0,,SKT-4214,1,1,GPNV
30/07/2025,18:25:10,47.62041,-52.73575,156.0,,SKT-4214,1,1,GPNV
30/07/2025,18:25:17,47.62041,-52.73575,154.0,,SKT-4214,1,1,GPNV
30/07/2025,18:25:25,47.62043,-52.73576,149.0,,SKT-4214,1,1,GPNV
30/07/2025,18:25:32,47.62045,-52.73577,143.0,,SKT-4214,1,1,GPNV
30/07/2025,18:25:39,47.62046,-52.73578,138.0,,SKT-4214,1,1,GPNV
30/07/2025,18:25:46,47.62046,-52.73576,137.0,,SKT-4214,1,1,GPNV
30/07/2025,18:25:53,47.62045,-52.73574,140.0,,SKT-4214,1,1,GPNV
30/07/2025,18:26:01,47.62045,-52.73573,141.0,,SKT-4214,1,1,GPNV
30/07/2025,18:26:08,47.62045,-52.73573,139.0,,SKT-4214,1,1,GPNV
30/07/2025,18:26:15,47.62045,-52.73571,141.0,,SKT-4214,1,1,GPNV
30/07/2025,18:26:22,47.62045,-52.73568,151.0,,SKT-4214,1,1,GPNV
30/07/2025,18:26:29,47.62045,-52.73566,161.0,,SKT-4214,1,1,GPNV
30/07/2025,18:26:37,47.62045,-52.73563,167.0,,SKT-4214,1,1,GPNV
30/07/2025,18:26:44,47.62046,-52.73564,164.0,,SKT-4214,1,1,GPNV
30/07/2025,18:26:51,47.62047,-52.73565,158.0,,SKT-4214,1,1,GPNV
30/07/2025,18:26:58,47.62048,-52.73566,153.0,,SKT-4214,1,1,GPNV
30/07/2025,18:27:05,47.62049,-52.73567,151.0,,SKT-4214,1,1,GPNV
30/07/2025,18:27:13,47.6205,-52.73568,151.0,,SKT-4214,1,1,GPNV
30/07/2025,18:27:20,47.62051,-52.73568,150.0,,SKT-4214,1,1,GPNV
30/07/2025,18:27:27,47.62051,-52.73567,150.0,,SKT-4214,1,1,GPNV
30/07/2025,18:27:34,47.6205,-52.73566,149.0,,SKT-4214,1,1,GPNV
30/07/2025,18:27:41,47.6205,-52.73567,147.0,,SKT-4214,1,1,GPNV
30/07/2025,18:27:49,47.62048,-52.73567,143.0,,SKT-4214,1,1,GPNV
30/07/2025,18:27:56,47.62048,-52.73568,140.0,,SKT-4214,1,1,GPNV
30/07/2025,18:28:03,47.62048,-52.73569,134.0,,SKT-4214,1,1,GPNV
30/07/2025,18:28:10,47.62049,-52.7357,131.0,,SKT-4214,1,1,GPNV
30/07/2025,18:28:17,47.62049,-52.73572,128.0,,SKT-4214,1,1,GPNV
30/07/2025,18:28:24,47.6205,-52.73572,127.0,,SKT-4214,1,1,GPNV
30/07/2025,18:28:31,47.6205,-52.73571,129.0,,SKT-4214,1,1,GPNV
30/07/2025,18:28:39,47.62049,-52.73569,136.0,,SKT-4214,1,1,GPNV
30/07/2025,18:28:46,47.62049,-52.73567,143.0,,SKT-4214,1,1,GPNV
30/07/2025,18:28:53,47.62049,-52.73565,146.0,,SKT-4214,1,1,GPNV
30/07/2025,18:29:01,47.62048,-52.73564,150.0,,SKT-4214,1,1,GPNV
30/07/2025,18:29:08,47.62048,-52.73563,154.0,,SKT-4214,1,1,GPNV
30/07/2025,18:29:15,47.62046,-52.73561,161.0,,SKT-4214,1,1,GPNV
30/07/2025,18:29:22,47.62044,-52.7356,166.0,,SKT-4214,1,1,GPNV
30/07/2025,18:29:29,47.62043,-52.73558,169.0,,SKT-4214,1,1,GPNV
30/07/2025,18:29:36,47.62043,-52.73558,171.0,,SKT-4214,1,1,GPNV
30/07/2025,18:29:44,47.62043,-52.7356,169.0,,SKT-4214,1,1,GPNV
30/07/2025,18:29:51,47.62043,-52.7356,168.0,,SKT-4214,1,1,GPNV
30/07/2025,18:29:58,47.62043,-52.73563,167.0,,SKT-4214,1,1,GPNV
30/07/2025,18:30:05,47.62042,-52.73565,166.0,,SKT-4214,1,1,GPNV
30/07/2025,18:30:12,47.62041,-52.73566,164.0,,SKT-4214,1,1,GPNV
30/07/2025,18:30:20,47.62041,-52.73568,162.0,,SKT-4214,1,1,GPNV
30/07/2025,18:30:27,47.6204,-52.73568,161.0,,SKT-4214,1,1,GPNV
30/07/2025,18:30:34,47.62041,-52.73568,162.0,,SKT-4214,1,1,GPNV
30/07/2025,18:30:41,47.62041,-52.73567,163.0,,SKT-4214,1,1,GPNV
30/07/2025,18:30:48,47.62041,-52.73566,166.0,,SKT-4214,1,1,GPNV
30/07/2025,18:30:56,47.62042,-52.73565,168.0,,SKT-4214,1,1,GPNV
30/07/2025,18:31:03,47.62042,-52.73564,169.0,,SKT-4214,1,1,GPNV
30/07/2025,18:31:10,47.62042,-52.73565,167.0,,SKT-4214,1,1,GPNV
30/07/2025,18:31:17,47.62042,-52.73566,165.0,,SKT-4214,1,1,GPNV
30/07/2025,18:31:24,47.62042,-52.73566,162.0,,SKT-4214,1,1,GPNV
30/07/2025,18:31:32,47.62041,-52.73567,158.0,,SKT-4214,1,1,GPNV
30/07/2025,18:31:39,47.62041,-52.73565,157.0,,SKT-4214,1,1,GPNV
30/07/2025,18:31:46,47.62041,-52.73566,152.0,,SKT-4214,1,1,GPNV
30/07/2025,18:31:53,47.62041,-52.73567,149.0,,SKT-4214,1,1,GPNV
30/07/2025,18:32:01,47.62041,-52.73566,149.0,,SKT-4214,1,1,GPNV
30/07/2025,18:32:08,47.62042,-52.73565,150.0,,SKT-4214,1,1,GPNV
30/07/2025,18:32:15,47.62044,-52.73565,150.0,,SKT-4214,1,1,GPNV
30/07/2025,18:32:22,47.62045,-52.73564,150.0,,SKT-4214,1,1,GPNV
30/07/2025,18:32:29,47.62046,-52.73565,152.0,,SKT-4214,1,1,GPNV
30/07/2025,18:32:37,47.62048,-52.73565,154.0,,SKT-4214,1,1,GPNV
30/07/2025,18:32:44,47.62047,-52.73566,154.0,,SKT-4214,1,1,GPNV
30/07/2025,18:32:51,47.62047,-52.73568,153.0,,SKT-4214,1,1,GPNV
30/07/2025,18:32:58,47.62046,-52.73569,152.0,,SKT-4214,1,1,GPNV
30/07/2025,18:33:05,47.62046,-52.7357,151.0,,SKT-4214,1,1,GPNV
30/07/2025,18:33:13,47.62045,-52.7357,155.0,,SKT-4214,1,1,GPNV
30/07/2025,18:33:20,47.62045,-52.73571,156.0,,SKT-4214,1,1,GPNV
30/07/2025,18:33:27,47.62045,-52.73571,157.0,,SKT-4214,1,1,GPNV
30/07/2025,18:33:34,47.62044,-52.7357,157.0,,SKT-4214,1,1,GPNV
30/07/2025,18:33:41,47.62044,-52.73569,156.0,,SKT-4214,1,1,GPNV
30/07/2025,18:33:49,47.62044,-52.73568,156.0,,SKT-4214,1,1,GPNV
30/07/2025,18:33:56,47.62043,-52.73567,157.0,,SKT-4214,1,1,GPNV
30/07/2025,18:34:03,47.62042,-52.73568,158.0,,SKT-4214,1,1,GPNV
30/07/2025,18:34:10,47.62043,-52.73567,158.0,,SKT-4214,1,1,GPNV
30/07/2025,18:34:17,47.62045,-52.73565,157.0,,SKT-4214,1,1,GPNV
30/07/2025,18:34:24,47.62045,-52.73565,157.0,,SKT-4214,1,1,GPNV
30/07/2025,18:34:32,47.62044,-52.73566,159.0,,SKT-4214,1,1,GPNV
30/07/2025,18:34:39,47.62043,-52.73567,158.0,,SKT-4214,1,1,GPNV
30/07/2025,18:34:46,47.62043,-52.73568,158.0,,SKT-4214,1,1,GPNV
30/07/2025,18:34:53,47.62042,-52.73568,160.0,,SKT-4214,1,1,GPNV
30/07/2025,18:35:01,47.62041,-52.73568,159.0,,SKT-4214,1,1,GPNV
30/07/2025,18:35:08,47.6204,-52.73569,158.0,,SKT-4214,1,1,GPNV
30/07/2025,18:35:15,47.6204,-52.73571,154.0,,SKT-4214,1,1,GPNV
30/07/2025,18:35:22,47.6204,-52.73573,150.0,,SKT-4214,1,1,GPNV
30/07/2025,18:35:29,47.6204,-52.73574,146.0,,SKT-4214,1,1,GPNV
30/07/2025,18:35:36,47.62041,-52.73574,143.0,,SKT-4214,1,1,GPNV
30/07/2025,18:35:44,47.62041,-52.73574,141.0,,SKT-4214,1,1,GPNV
30/07/2025,18:35:51,47.6204,-52.73574,139.0,,SKT-4214,1,1,GPNV
30/07/2025,18:35:58,47.62039,-52.73574,137.0,,SKT-4214,1,1,GPNV
30/07/2025,18:36:05,47.62038,-52.73576,135.0,,SKT-4214,1,1,GPNV
30/07/2025,18:36:12,47.62036,-52.73577,135.0,,SKT-4214,1,1,GPNV
30/07/2025,18:36:20,47.62035,-52.73577,135.0,,SKT-4214,1,1,GPNV
30/07/2025,18:36:27,47.62036,-52.73578,139.0,,SKT-4214,1,1,GPNV
30/07/2025,18:36:34,47.62037,-52.73578,142.0,,SKT-4214,1,1,GPNV
30/07/2025,18:36:41,47.62039,-52.73579,145.0,,SKT-4214,1,1,GPNV
30/07/2025,18:36:49,47.6204,-52.73578,148.0,,SKT-4214,1,1,GPNV
30/07/2025,18:36:56,47.6204,-52.73577,149.0,,SKT-4214,1,1,GPNV
30/07/2025,18:37:03,47.62041,-52.73577,149.0,,SKT-4214,1,1,GPNV
30/07/2025,18:37:10,47.62042,-52.73579,151.0,,SKT-4214,1,1,GPNV
30/07/2025,18:37:17,47.62043,-52.73581,155.0,,SKT-4214,1,1,GPNV
30/07/2025,18:37:25,47.62043,-52.73583,162.0,,SKT-4214,1,1,GPNV
30/07/2025,18:37:32,47.62043,-52.73583,164.0,,SKT-4214,1,1,GPNV
30/07/2025,18:37:39,47.62043,-52.73582,165.0,,SKT-4214,1,1,GPNV
30/07/2025,18:37:47,47.62043,-52.73581,163.0,,SKT-4214,1,1,GPNV
30/07/2025,18:37:54,47.62044,-52.7358,159.0,,SKT-4214,1,1,GPNV
30/07/2025,18:38:01,47.62045,-52.73579,155.0,,SKT-4214,1,1,GPNV
30/07/2025,18:38:08,47.62046,-52.73579,151.0,,SKT-4214,1,1,GPNV
30/07/2025,18:38:15,47.62047,-52.73578,147.0,,SKT-4214,1,1,GPNV
30/07/2025,18:38:23,47.62047,-52.73577,145.0,,SKT-4214,1,1,GPNV
30/07/2025,18:38:30,47.62046,-52.73577,143.0,,SKT-4214,1,1,GPNV
30/07/2025,18:38:37,47.62046,-52.73576,144.0,,SKT-4214,1,1,GPNV
30/07/2025,18:38:44,47.62046,-52.73576,143.0,,SKT-4214,1,1,GPNV
30/07/2025,18:38:51,47.62046,-52.73576,143.0,,SKT-4214,1,1,GPNV
30/07/2025,18:38:58,47.62046,-52.73576,143.0,,SKT-4214,1,1,GPNV
30/07/2025,18:39:05,47.62045,-52.73575,141.0,,SKT-4214,1,1,GPNV
30/07/2025,18:39:13,47.62043,-52.73572,138.0,,SKT-4214,1,1,GPNV
30/07/2025,18:39:20,47.62042,-52.73569,135.0,,SKT-4214,1,1,GPNV
30/07/2025,18:39:27,47.6204,-52.73567,135.0,,SKT-4214,1,1,GPNV
30/07/2025,18:39:34,47.62038,-52.73564,137.0,,SKT-4214,1,1,GPNV
30/07/2025,18:39:41,47.62037,-52.73562,139.0,,SKT-4214,1,1,GPNV
30/07/2025,18:39:49,47.62038,-52.73561,140.0,,SKT-4214,1,1,GPNV
30/07/2025,18:39:56,47.62039,-52.73561,140.0,,SKT-4214,1,1,GPNV
30/07/2025,18:40:03,47.62038,-52.7356,142.0,,SKT-4214,1,1,GPNV
30/07/2025,18:40:10,47.62037,-52.73559,145.0,,SKT-4214,1,1,GPNV
30/07/2025,18:40:17,47.62036,-52.73558,147.0,,SKT-4214,1,1,GPNV
30/07/2025,18:40:24,47.62035,-52.73558,148.0,,SKT-4214,1,1,GPNV
30/07/2025,18:40:32,47.62034,-52.73558,148.0,,SKT-4214,1,1,GPNV
30/07/2025,18:40:39,47.62032,-52.73557,150.0,,SKT-4214,1,1,GPNV
30/07/2025,18:40:46,47.62033,-52.73556,154.0,,SKT-4214,1,1,GPNV
30/07/2025,18:40:53,47.62035,-52.73556,155.0,,SKT-4214,1,1,GPNV
30/07/2025,18:41:01,47.62038,-52.73554,156.0,,SKT-4214,1,1,GPNV
30/07/2025,18:41:08,47.6204,-52.73554,159.0,,SKT-4214,1,1,GPNV
30/07/2025,18:41:15,47.62041,-52.73555,163.0,,SKT-4214,1,1,GPNV
30/07/2025,18:41:22,47.62043,-52.73556,164.0,,SKT-4214,1,1,GPNV
30/07/2025,18:41:29,47.62044,-52.73557,161.0,,SKT-4214,1,1,GPNV
30/07/2025,18:41:37,47.62044,-52.7356,158.0,,SKT-4214,1,1,GPNV
30/07/2025,18:41:44,47.62043,-52.73563,156.0,,SKT-4214,1,1,GPNV
30/07/2025,18:41:51,47.62042,-52.73565,155.0,,SKT-4214,1,1,GPNV
30/07/2025,18:41:58,47.62042,-52.73567,155.0,,SKT-4214,1,1,GPNV
30/07/2025,18:42:06,47.62043,-52.73568,152.0,,SKT-4214,1,1,GPNV
30/07/2025,18:42:13,47.62046,-52.73568,147.0,,SKT-4214,1,1,GPNV
30/07/2025,18:42:20,47.62047,-52.73569,144.0,,SKT-4214,1,1,GPNV
30/07/2025,18:42:27,47.62046,-52.7357,144.0,,SKT-4214,1,1,GPNV
30/07/2025,18:42:34,47.62045,-52.73569,145.0,,SKT-4214,1,1,GPNV
30/07/2025,18:42:42,47.62045,-52.73568,144.0,,SKT-4214,1,1,GPNV
30/07/2025,18:42:49,47.62045,-52.73569,142.0,,SKT-4214,1,1,GPNV
30/07/2025,18:42:56,47.62045,-52.73569,141.0,,SKT-4214,1,1,GPNV
30/07/2025,18:43:03,47.62045,-52.73569,140.0,,SKT-4214,1,1,GPNV
30/07/2025,18:43:11,47.62047,-52.73569,139.0,,SKT-4214,1,1,GPNV
30/07/2025,18:43:18,47.62048,-52.73571,138.0,,SKT-4214,1,1,GPNV
30/07/2025,18:43:25,47.62047,-52.73572,140.0,,SKT-4214,1,1,GPNV
30/07/2025,18:43:32,47.62047,-52.73572,140.0,,SKT-4214,1,1,GPNV
30/07/2025,18:43:40,47.62047,-52.73572,138.0,,SKT-4214,1,1,GPNV
30/07/2025,18:43:47,47.62048,-52.73573,139.0,,SKT-4214,1,1,GPNV
30/07/2025,18:43:54,47.62049,-52.73574,141.0,,SKT-4214,1,1,GPNV
30/07/2025,18:44:01,47.62049,-52.73576,141.0,,SKT-4214,1,1,GPNV
30/07/2025,18:44:08,47.62049,-52.73577,142.0,,SKT-4214,1,1,GPNV
30/07/2025,18:44:15,47.62047,-52.73577,144.0,,SKT-4214,1,1,GPNV
30/07/2025,18:44:23,47.62045,-52.73577,144.0,,SKT-4214,1,1,GPNV
30/07/2025,18:44:30,47.62043,-52.73577,144.0,,SKT-4214,1,1,GPNV
30/07/2025,18:44:37,47.62045,-52.73576,144.0,,SKT-4214,1,1,GPNV
30/07/2025,18:44:44,47.62046,-52.73576,145.0,,SKT-4214,1,1,GPNV
30/07/2025,18:44:51,47.62047,-52.73575,148.0,,SKT-4214,1,1,GPNV
30/07/2025,18:44:58,47.62048,-52.73574,152.0,,SKT-4214,1,1,GPNV
30/07/2025,18:45:06,47.62049,-52.73573,154.0,,SKT-4214,1,1,GPNV
30/07/2025,18:45:13,47.62049,-52.73569,156.0,,SKT-4214,1,1,GPNV
30/07/2025,18:45:20,47.62049,-52.73567,156.0,,SKT-4214,1,1,GPNV
30/07/2025,18:45:27,47.62051,-52.73566,155.0,,SKT-4214,1,1,GPNV
30/07/2025,18:45:34,47.62051,-52.73567,153.0,,SKT-4214,1,1,GPNV
30/07/2025,18:45:42,47.62051,-52.73568,152.0,,SKT-4214,1,1,GPNV
30/07/2025,18:45:49,47.62049,-52.73569,152.0,,SKT-4214,1,1,GPNV
30/07/2025,18:45:56,47.62049,-52.73569,151.0,,SKT-4214,1,1,GPNV
30/07/2025,18:46:03,47.62048,-52.7357,149.0,,SKT-4214,1,1,GPNV
30/07/2025,18:46:10,47.62049,-52.73571,146.0,,SKT-4214,1,1,GPNV
30/07/2025,18:46:18,47.62049,-52.73571,143.0,,SKT-4214,1,1,GPNV
30/07/2025,18:46:25,47.62048,-52.73571,143.0,,SKT-4214,1,1,GPNV
30/07/2025,18:46:32,47.62046,-52.73571,144.0,,SKT-4214,1,1,GPNV
30/07/2025,18:46:39,47.62045,-52.73571,145.0,,SKT-4214,1,1,GPNV
30/07/2025,18:46:47,47.62043,-52.73571,143.0,,SKT-4214,1,1,GPNV
30/07/2025,18:46:54,47.62042,-52.73572,143.0,,SKT-4214,1,1,GPNV
30/07/2025,18:47:01,47.62042,-52.73572,146.0,,SKT-4214,1,1,GPNV
30/07/2025,18:47:08,47.62042,-52.73572,150.0,,SKT-4214,1,1,GPNV
30/07/2025,18:47:15,47.62042,-52.73573,150.0,,SKT-4214,1,1,GPNV
30/07/2025,18:47:23,47.62042,-52.73573,147.0,,SKT-4214,1,1,GPNV
30/07/2025,18:47:30,47.62042,-52.73575,144.0,,SKT-4214,1,1,GPNV
30/07/2025,18:47:37,47.62042,-52.73576,142.0,,SKT-4214,1,1,GPNV
30/07/2025,18:47:44,47.62041,-52.73577,141.0,,SKT-4214,1,1,GPNV
30/07/2025,18:47:51,47.6204,-52.73577,142.0,,SKT-4214,1,1,GPNV
30/07/2025,18:47:59,47.6204,-52.73576,145.0,,SKT-4214,1,1,GPNV
30/07/2025,18:48:06,47.6204,-52.73574,149.0,,SKT-4214,1,1,GPNV
30/07/2025,18:48:13,47.62042,-52.73573,151.0,,SKT-4214,1,1,GPNV
30/07/2025,18:48:20,47.62044,-52.73571,152.0,,SKT-4214,1,1,GPNV
30/07/2025,18:48:27,47.62044,-52.73569,154.0,,SKT-4214,1,1,GPNV
30/07/2025,18:48:35,47.62045,-52.73567,156.0,,SKT-4214,1,1,GPNV
30/07/2025,18:48:42,47.62046,-52.73566,153.0,,SKT-4214,1,1,GPNV
30/07/2025,18:48:49,47.62047,-52.73565,148.0,,SKT-4214,1,1,GPNV
30/07/2025,18:48:56,47.62047,-52.73564,143.0,,SKT-4214,1,1,GPNV
30/07/2025,18:49:04,47.62047,-52.73564,138.0,,SKT-4214,1,1,GPNV
30/07/2025,18:49:11,47.62048,-52.73565,135.0,,SKT-4214,1,1,GPNV
30/07/2025,18:49:18,47.6205,-52.73566,132.0,,SKT-4214,1,1,GPNV
30/07/2025,18:49:25,47.62051,-52.73569,131.0,,SKT-4214,1,1,GPNV
30/07/2025,18:49:32,47.62051,-52.73571,132.0,,SKT-4214,1,1,GPNV
30/07/2025,18:49:40,47.62051,-52.73572,136.0,,SKT-4214,1,1,GPNV
30/07/2025,18:49:47,47.6205,-52.73572,138.0,,SKT-4214,1,1,GPNV
30/07/2025,18:49:54,47.62048,-52.7357,141.0,,SKT-4214,1,1,GPNV
30/07/2025,18:50:01,47.62044,-52.73568,141.0,,SKT-4214,1,1,GPNV
30/07/2025,18:50:09,47.62042,-52.73568,141.0,,SKT-4214,1,1,GPNV
30/07/2025,18:50:16,47.62043,-52.7357,142.0,,SKT-4214,1,1,GPNV
30/07/2025,18:50:23,47.62043,-52.73573,142.0,,SKT-4214,1,1,GPNV
30/07/2025,18:50:30,47.62045,-52.73576,145.0,,SKT-4214,1,1,GPNV
30/07/2025,18:50:38,47.62047,-52.73577,150.0,,SKT-4214,1,1,GPNV
30/07/2025,18:50:46,47.62049,-52.73578,155.0,,SKT-4214,1,1,GPNV
30/07/2025,18:50:53,47.62049,-52.73579,157.0,,SKT-4214,1,1,GPNV
30/07/2025,18:51:00,47.62049,-52.73579,158.0,,SKT-4214,1,1,GPNV
30/07/2025,18:51:07,47.62048,-52.73578,160.0,,SKT-4214,1,1,GPNV
30/07/2025,18:51:15,47.62046,-52.73577,160.0,,SKT-4214,1,1,GPNV
30/07/2025,18:51:22,47.62044,-52.73576,158.0,,SKT-4214,1,1,GPNV
30/07/2025,18:51:29,47.6204,-52.73574,152.0,,SKT-4214,1,1,GPNV
30/07/2025,18:51:36,47.62037,-52.73572,147.0,,SKT-4214,1,1,GPNV
30/07/2025,18:51:43,47.62036,-52.73571,146.0,,SKT-4214,1,1,GPNV
30/07/2025,18:51:51,47.62038,-52.73572,149.0,,SKT-4214,1,1,GPNV
30/07/2025,18:51:58,47.6204,-52.73573,153.0,,SKT-4214,1,1,GPNV
30/07/2025,18:52:05,47.6204,-52.73573,152.0,,SKT-4214,1,1,GPNV
30/07/2025,18:52:12,47.62041,-52.73572,149.0,,SKT-4214,1,1,GPNV
30/07/2025,18:52:19,47.62041,-52.73572,146.0,,SKT-4214,1,1,GPNV
30/07/2025,18:52:27,47.62042,-52.73572,143.0,,SKT-4214,1,1,GPNV
30/07/2025,18:52:34,47.62042,-52.73573,141.0,,SKT-4214,1,1,GPNV
30/07/2025,18:52:41,47.62043,-52.73575,142.0,,SKT-4214,1,1,GPNV
30/07/2025,18:52:49,47.62044,-52.73577,147.0,,SKT-4214,1,1,GPNV
30/07/2025,18:52:56,47.62044,-52.73579,151.0,,SKT-4214,1,1,GPNV
30/07/2025,18:53:03,47.62044,-52.7358,152.0,,SKT-4214,1,1,GPNV
30/07/2025,18:53:10,47.62044,-52.7358,151.0,,SKT-4214,1,1,GPNV
30/07/2025,18:53:17,47.62045,-52.7358,152.0,,SKT-4214,1,1,GPNV
30/07/2025,18:53:24,47.62046,-52.7358,156.0,,SKT-4214,1,1,GPNV
30/07/2025,18:53:32,47.62044,-52.7358,155.0,,SKT-4214,1,1,GPNV
30/07/2025,18:53:39,47.62042,-52.73581,149.0,,SKT-4214,1,1,GPNV
30/07/2025,18:53:46,47.62041,-52.73581,144.0,,SKT-4214,1,1,GPNV
30/07/2025,18:53:53,47.62041,-52.73581,141.0,,SKT-4214,1,1,GPNV
30/07/2025,18:54:00,47.62041,-52.73581,140.0,,SKT-4214,1,1,GPNV
30/07/2025,18:54:08,47.6204,-52.73581,141.0,,SKT-4214,1,1,GPNV
30/07/2025,18:54:15,47.62038,-52.7358,141.0,,SKT-4214,1,1,GPNV
30/07/2025,18:54:22,47.62037,-52.73578,142.0,,SKT-4214,1,1,GPNV
30/07/2025,18:54:29,47.62037,-52.73577,144.0,,SKT-4214,1,1,GPNV
30/07/2025,18:54:37,47.62038,-52.73574,145.0,,SKT-4214,1,1,GPNV
30/07/2025,18:54:44,47.62038,-52.73573,147.0,,SKT-4214,1,1,GPNV
30/07/2025,18:54:51,47.62039,-52.73572,148.0,,SKT-4214,1,1,GPNV
30/07/2025,18:54:58,47.62039,-52.73572,149.0,,SKT-4214,1,1,GPNV
30/07/2025,18:55:05,47.6204,-52.73573,150.0,,SKT-4214,1,1,GPNV
30/07/2025,18:55:13,47.62041,-52.73573,150.0,,SKT-4214,1,1,GPNV
30/07/2025,18:55:20,47.62043,-52.73574,150.0,,SKT-4214,1,1,GPNV
30/07/2025,18:55:27,47.62043,-52.73576,151.0,,SKT-4214,1,1,GPNV
30/07/2025,18:55:34,47.62044,-52.73577,151.0,,SKT-4214,1,1,GPNV
30/07/2025,18:55:42,47.62046,-52.73577,148.0,,SKT-4214,1,1,GPNV
30/07/2025,18:55:49,47.62048,-52.73577,148.0,,SKT-4214,1,1,GPNV
30/07/2025,18:55:56,47.62048,-52.73578,148.0,,SKT-4214,1,1,GPNV
30/07/2025,18:56:03,47.62046,-52.73578,149.0,,SKT-4214,1,1,GPNV
30/07/2025,18:56:10,47.62045,-52.73578,150.0,,SKT-4214,1,1,GPNV
30/07/2025,18:56:18,47.62044,-52.73578,149.0,,SKT-4214,1,1,GPNV
30/07/2025,18:56:25,47.62043,-52.73577,148.0,,SKT-4214,1,1,GPNV
30/07/2025,18:56:32,47.62042,-52.73574,147.0,,SKT-4214,1,1,GPNV
30/07/2025,18:56:39,47.62041,-52.73571,146.0,,SKT-4214,1,1,GPNV
30/07/2025,18:56:46,47.62039,-52.73569,145.0,,SKT-4214,1,1,GPNV
30/07/2025,18:56:54,47.62039,-52.73569,145.0,,SKT-4214,1,1,GPNV
30/07/2025,18:57:01,47.62038,-52.73569,147.0,,SKT-4214,1,1,GPNV
30/07/2025,18:57:08,47.62038,-52.7357,146.0,,SKT-4214,1,1,GPNV
30/07/2025,18:57:15,47.62038,-52.73571,146.0,,SKT-4214,1,1,GPNV
30/07/2025,18:57:23,47.62037,-52.73571,145.0,,SKT-4214,1,1,GPNV
30/07/2025,18:57:30,47.62037,-52.73571,146.0,,SKT-4214,1,1,GPNV
30/07/2025,18:57:37,47.62038,-52.73571,149.0,,SKT-4214,1,1,GPNV
30/07/2025,18:57:44,47.6204,-52.73571,154.0,,SKT-4214,1,1,GPNV
30/07/2025,18:57:51,47.62042,-52.73571,158.0,,SKT-4214,1,1,GPNV
30/07/2025,18:57:59,47.62043,-52.73571,160.0,,SKT-4214,1,1,GPNV
30/07/2025,18:58:06,47.62044,-52.73571,161.0,,SKT-4214,1,1,GPNV
30/07/2025,18:58:13,47.62044,-52.73572,161.0,,SKT-4214,1,1,GPNV
30/07/2025,18:58:20,47.62044,-52.73572,162.0,,SKT-4214,1,1,GPNV
30/07/2025,18:58:27,47.62045,-52.73571,162.0,,SKT-4214,1,1,GPNV
30/07/2025,18:58:35,47.62044,-52.73571,161.0,,SKT-4214,1,1,GPNV
30/07/2025,18:58:42,47.62044,-52.73571,161.0,,SKT-4214,1,1,GPNV
30/07/2025,18:58:49,47.62044,-52.73571,160.0,,SKT-4214,1,1,GPNV
30/07/2025,18:58:56,47.62045,-52.73572,160.0,,SKT-4214,1,1,GPNV
30/07/2025,18:59:04,47.62047,-52.73571,159.0,,SKT-4214,1,1,GPNV
30/07/2025,18:59:11,47.62048,-52.7357,159.0,,SKT-4214,1,1,GPNV
30/07/2025,18:59:18,47.62048,-52.73569,159.0,,SKT-4214,1,1,GPNV
30/07/2025,18:59:25,47.62046,-52.7357,156.0,,SKT-4214,1,1,GPNV
30/07/2025,18:59:32,47.62045,-52.7357,153.0,,SKT-4214,1,1,GPNV
30/07/2025,18:59:39,47.62043,-52.73571,148.0,,SKT-4214,1,1,GPNV
30/07/2025,18:59:47,47.62041,-52.73572,144.0,,SKT-4214,1,1,GPNV
30/07/2025,18:59:54,47.62041,-52.73572,144.0,,SKT-4214,1,1,GPNV
30/07/2025,19:00:01,47.62041,-52.73573,146.0,,SKT-4214,1,1,GPNV
30/07/2025,19:00:08,47.62042,-52.73573,149.0,,SKT-4214,1,1,GPNV
30/07/2025,19:00:15,47.62043,-52.73573,150.0,,SKT-4214,1,1,GPNV
30/07/2025,19:00:22,47.62043,-52.73573,148.0,,SKT-4214,1,1,GPNV
30/07/2025,19:00:30,47.62042,-52.73573,145.0,,SKT-4214,1,1,GPNV
30/07/2025,19:00:37,47.62041,-52.73572,142.0,,SKT-4214,1,1,GPNV
30/07/2025,19:00:44,47.62042,-52.73571,139.0,,SKT-4214,1,1,GPNV
30/07/2025,19:00:51,47.62042,-52.7357,139.0,,SKT-4214,1,1,GPNV
30/07/2025,19:00:59,47.62043,-52.7357,140.0,,SKT-4214,1,1,GPNV
30/07/2025,19:01:06,47.62043,-52.7357,140.0,,SKT-4214,1,1,GPNV
30/07/2025,19:01:13,47.62044,-52.7357,139.0,,SKT-4214,1,1,GPNV
30/07/2025,19:01:20,47.62045,-52.73571,139.0,,SKT-4214,1,1,GPNV
30/07/2025,19:01:27,47.62047,-52.73572,139.0,,SKT-4214,1,1,GPNV
30/07/2025,19:01:34,47.62048,-52.73574,139.0,,SKT-4214,1,1,GPNV
30/07/2025,19:01:42,47.62049,-52.73575,139.0,,SKT-4214,1,1,GPNV
30/07/2025,19:01:49,47.62049,-52.73576,139.0,,SKT-4214,1,1,GPNV
30/07/2025,19:01:56,47.62048,-52.73577,138.0,,SKT-4214,1,1,GPNV
30/07/2025,19:02:03,47.62047,-52.73577,138.0,,SKT-4214,1,1,GPNV
30/07/2025,19:02:11,47.62045,-52.73577,138.0,,SKT-4214,1,1,GPNV
30/07/2025,19:02:18,47.62044,-52.73577,139.0,,SKT-4214,1,1,GPNV
30/07/2025,19:02:25,47.62043,-52.73576,141.0,,SKT-4214,1,1,GPNV
30/07/2025,19:02:32,47.62045,-52.73574,143.0,,SKT-4214,1,1,GPNV
30/07/2025,19:02:39,47.62046,-52.73572,145.0,,SKT-4214,1,1,GPNV
30/07/2025,19:02:47,47.62047,-52.73572,148.0,,SKT-4214,1,1,GPNV
30/07/2025,19:02:54,47.62048,-52.73572,151.0,,SKT-4214,1,1,GPNV
30/07/2025,19:03:01,47.62048,-52.73573,152.0,,SKT-4214,1,1,GPNV
30/07/2025,19:03:08,47.62048,-52.73573,152.0,,SKT-4214,1,1,GPNV
30/07/2025,19:03:15,47.62048,-52.73574,151.0,,SKT-4214,1,1,GPNV
30/07/2025,19:03:23,47.62049,-52.73575,152.0,,SKT-4214,1,1,GPNV
30/07/2025,19:03:30,47.62049,-52.73575,152.0,,SKT-4214,1,1,GPNV
30/07/2025,19:03:37,47.6205,-52.73576,153.0,,SKT-4214,1,1,GPNV
30/07/2025,19:03:44,47.6205,-52.73575,154.0,,SKT-4214,1,1,GPNV
30/07/2025,19:03:51,47.6205,-52.73575,155.0,,SKT-4214,1,1,GPNV
30/07/2025,19:03:59,47.6205,-52.73574,156.0,,SKT-4214,1,1,GPNV
30/07/2025,19:04:06,47.6205,-52.73574,157.0,,SKT-4214,1,1,GPNV
30/07/2025,19:04:13,47.6205,-52.73574,157.0,,SKT-4214,1,1,GPNV
30/07/2025,19:04:20,47.6205,-52.73574,157.0,,SKT-4214,1,1,GPNV
30/07/2025,19:04:28,47.6205,-52.73574,156.0,,SKT-4214,1,1,GPNV
30/07/2025,19:04:35,47.62051,-52.73574,155.0,,SKT-4214,1,1,GPNV
30/07/2025,19:04:42,47.62051,-52.73573,155.0,,SKT-4214,1,1,GPNV
30/07/2025,19:04:50,47.62051,-52.73571,156.0,,SKT-4214,1,1,GPNV
30/07/2025,19:04:57,47.62051,-52.73571,156.0,,SKT-4214,1,1,GPNV
30/07/2025,19:05:04,47.62049,-52.73571,154.0,,SKT-4214,1,1,GPNV
30/07/2025,19:05:11,47.62048,-52.73571,152.0,,SKT-4214,1,1,GPNV
30/07/2025,19:05:18,47.62047,-52.73571,149.0,,SKT-4214,1,1,GPNV
30/07/2025,19:05:25,47.62045,-52.73571,146.0,,SKT-4214,1,1,GPNV
30/07/2025,19:05:33,47.62046,-52.73569,146.0,,SKT-4214,1,1,GPNV
30/07/2025,19:05:40,47.62046,-52.73569,148.0,,SKT-4214,1,1,GPNV
30/07/2025,19:05:47,47.62047,-52.73569,151.0,,SKT-4214,1,1,GPNV
30/07/2025,19:05:54,47.62048,-52.73569,152.0,,SKT-4214,1,1,GPNV
30/07/2025,19:06:02,47.62049,-52.73571,152.0,,SKT-4214,1,1,GPNV
30/07/2025,19:06:09,47.6205,-52.73572,152.0,,SKT-4214,1,1,GPNV
30/07/2025,19:06:16,47.6205,-52.73572,152.0,,SKT-4214,1,1,GPNV
30/07/2025,19:06:23,47.6205,-52.73573,151.0,,SKT-4214,1,1,GPNV
30/07/2025,19:06:30,47.6205,-52.73572,148.0,,SKT-4214,1,1,GPNV
30/07/2025,19:06:38,47.6205,-52.73571,145.0,,SKT-4214,1,1,GPNV
30/07/2025,19:06:45,47.62051,-52.73569,145.0,,SKT-4214,1,1,GPNV
30/07/2025,19:06:52,47.62052,-52.73568,145.0,,SKT-4214,1,1,GPNV
30/07/2025,19:06:59,47.62052,-52.73566,143.0,,SKT-4214,1,1,GPNV
30/07/2025,19:07:07,47.62052,-52.73566,142.0,,SKT-4214,1,1,GPNV
30/07/2025,19:07:14,47.6205,-52.73566,143.0,,SKT-4214,1,1,GPNV
30/07/2025,19:07:21,47.62048,-52.73567,145.0,,SKT-4214,1,1,GPNV
30/07/2025,19:07:28,47.62046,-52.73569,146.0,,SKT-4214,1,1,GPNV
30/07/2025,19:07:35,47.62045,-52.73569,146.0,,SKT-4214,1,1,GPNV
30/07/2025,19:07:43,47.62046,-52.7357,147.0,,SKT-4214,1,1,GPNV
30/07/2025,19:07:50,47.62046,-52.7357,147.0,,SKT-4214,1,1,GPNV
30/07/2025,19:07:57,47.62047,-52.73571,149.0,,SKT-4214,1,1,GPNV
30/07/2025,19:08:04,47.62047,-52.73571,151.0,,SKT-4214,1,1,GPNV
30/07/2025,19:08:11,47.62048,-52.73571,153.0,,SKT-4214,1,1,GPNV
30/07/2025,19:08:19,47.62048,-52.73571,153.0,,SKT-4214,1,1,GPNV
30/07/2025,19:08:26,47.62048,-52.73572,152.0,,SKT-4214,1,1,GPNV
30/07/2025,19:08:33,47.62047,-52.73572,150.0,,SKT-4214,1,1,GPNV
30/07/2025,19:08:40,47.62046,-52.73573,148.0,,SKT-4214,1,1,GPNV
30/07/2025,19:08:47,47.62046,-52.73573,149.0,,SKT-4214,1,1,GPNV
30/07/2025,19:08:55,47.62047,-52.73574,150.0,,SKT-4214,1,1,GPNV
30/07/2025,19:09:02,47.62048,-52.73574,152.0,,SKT-4214,1,1,GPNV
30/07/2025,19:09:09,47.62049,-52.73574,153.0,,SKT-4214,1,1,GPNV
30/07/2025,19:09:16,47.62049,-52.73574,155.0,,SKT-4214,1,1,GPNV
30/07/2025,19:09:24,47.62049,-52.73573,157.0,,SKT-4214,1,1,GPNV
30/07/2025,19:09:31,47.62049,-52.73573,158.0,,SKT-4214,1,1,GPNV
30/07/2025,19:09:38,47.62049,-52.73573,159.0,,SKT-4214,1,1,GPNV
30/07/2025,19:09:45,47.62049,-52.73573,158.0,,SKT-4214,1,1,GPNV
30/07/2025,19:09:52,47.62049,-52.73573,156.0,,SKT-4214,1,1,GPNV
30/07/2025,19:10:00,47.62048,-52.73573,155.0,,SKT-4214,1,1,GPNV
30/07/2025,19:10:07,47.62048,-52.73574,153.0,,SKT-4214,1,1,GPNV
30/07/2025,19:10:14,47.62048,-52.73574,152.0,,SKT-4214,1,1,GPNV
30/07/2025,19:10:21,47.62049,-52.73575,151.0,,SKT-4214,1,1,GPNV
30/07/2025,19:10:29,47.62048,-52.73576,149.0,,SKT-4214,1,1,GPNV
30/07/2025,19:10:36,47.62046,-52.73576,147.0,,SKT-4214,1,1,GPNV
30/07/2025,19:10:43,47.62044,-52.73577,145.0,,SKT-4214,1,1,GPNV
30/07/2025,19:10:50,47.62043,-52.73577,144.0,,SKT-4214,1,1,GPNV
30/07/2025,19:10:57,47.62044,-52.73576,144.0,,SKT-4214,1,1,GPNV
30/07/2025,19:11:05,47.62045,-52.73575,146.0,,SKT-4214,1,1,GPNV
30/07/2025,19:11:12,47.62043,-52.73574,145.0,,SKT-4214,1,1,GPNV
30/07/2025,19:11:19,47.62043,-52.73573,143.0,,SKT-4214,1,1,GPNV
30/07/2025,19:11:26,47.62043,-52.73573,142.0,,SKT-4214,1,1,GPNV
30/07/2025,19:11:34,47.62045,-52.73572,140.0,,SKT-4214,1,1,GPNV
30/07/2025,19:11:41,47.62045,-52.73573,141.0,,SKT-4214,1,1,GPNV
30/07/2025,19:11:48,47.62046,-52.73573,142.0,,SKT-4214,1,1,GPNV
30/07/2025,19:11:55,47.62046,-52.73574,143.0,,SKT-4214,1,1,GPNV
30/07/2025,19:12:03,47.62047,-52.73575,144.0,,SKT-4214,1,1,GPNV
30/07/2025,19:12:10,47.62048,-52.73575,145.0,,SKT-4214,1,1,GPNV
30/07/2025,19:12:17,47.62048,-52.73575,145.0,,SKT-4214,1,1,GPNV
30/07/2025,19:12:24,47.62049,-52.73575,147.0,,SKT-4214,1,1,GPNV
30/07/2025,19:12:31,47.62048,-52.73575,148.0,,SKT-4214,1,1,GPNV
30/07/2025,19:12:39,47.62048,-52.73575,149.0,,SKT-4214,1,1,GPNV
30/07/2025,19:12:46,47.62048,-52.73576,148.0,,SKT-4214,1,1,GPNV
30/07/2025,19:12:53,47.62047,-52.73576,147.0,,SKT-4214,1,1,GPNV
30/07/2025,19:13:00,47.62048,-52.73575,148.0,,SKT-4214,1,1,GPNV
30/07/2025,19:13:08,47.62049,-52.73575,150.0,,SKT-4214,1,1,GPNV
30/07/2025,19:13:15,47.6205,-52.73576,153.0,,SKT-4214,1,1,GPNV
30/07/2025,19:13:22,47.62051,-52.73578,155.0,,SKT-4214,1,1,GPNV
30/07/2025,19:13:29,47.62051,-52.7358,156.0,,SKT-4214,1,1,GPNV
30/07/2025,19:13:36,47.62051,-52.73581,156.0,,SKT-4214,1,1,GPNV
30/07/2025,19:13:44,47.6205,-52.7358,155.0,,SKT-4214,1,1,GPNV
30/07/2025,19:13:51,47.62048,-52.7358,154.0,,SKT-4214,1,1,GPNV
30/07/2025,19:13:58,47.62047,-52.7358,155.0,,SKT-4214,1,1,GPNV
30/07/2025,19:14:05,47.62045,-52.73579,154.0,,SKT-4214,1,1,GPNV
30/07/2025,19:14:13,47.62045,-52.73578,152.0,,SKT-4214,1,1,GPNV
30/07/2025,19:14:20,47.62045,-52.73576,150.0,,SKT-4214,1,1,GPNV
30/07/2025,19:14:27,47.62045,-52.73575,149.0,,SKT-4214,1,1,GPNV
30/07/2025,19:14:34,47.62045,-52.73574,149.0,,SKT-4214,1,1,GPNV
30/07/2025,19:14:42,47.62045,-52.73574,149.0,,SKT-4214,1,1,GPNV
30/07/2025,19:14:49,47.62045,-52.73573,151.0,,SKT-4214,1,1,GPNV
30/07/2025,19:14:56,47.62045,-52.73573,153.0,,SKT-4214,1,1,GPNV
30/07/2025,19:15:03,47.62046,-52.73573,153.0,,SKT-4214,1,1,GPNV
30/07/2025,19:15:10,47.62046,-52.73573,151.0,,SKT-4214,1,1,GPNV
30/07/2025,19:15:18,47.62046,-52.73574,150.0,,SKT-4214,1,1,GPNV
30/07/2025,19:15:25,47.62046,-52.73574,149.0,,SKT-4214,1,1,GPNV
30/07/2025,19:15:32,47.62046,-52.73573,148.0,,SKT-4214,1,1,GPNV
30/07/2025,19:15:39,47.62045,-52.73573,148.0,,SKT-4214,1,1,GPNV
30/07/2025,19:15:46,47.62045,-52.73574,149.0,,SKT-4214,1,1,GPNV
30/07/2025,19:15:54,47.62044,-52.73576,151.0,,SKT-4214,1,1,GPNV
30/07/2025,19:16:01,47.62043,-52.73577,154.0,,SKT-4214,1,1,GPNV
30/07/2025,19:16:08,47.62043,-52.73577,155.0,,SKT-4214,1,1,GPNV
30/07/2025,19:16:15,47.62042,-52.73577,155.0,,SKT-4214,1,1,GPNV
30/07/2025,19:16:23,47.62041,-52.73577,153.0,,SKT-4214,1,1,GPNV
30/07/2025,19:16:30,47.62041,-52.73577,151.0,,SKT-4214,1,1,GPNV
30/07/2025,19:16:37,47.6204,-52.73577,150.0,,SKT-4214,1,1,GPNV
30/07/2025,19:16:44,47.6204,-52.73577,149.0,,SKT-4214,1,1,GPNV
30/07/2025,19:16:52,47.6204,-52.73577,148.0,,SKT-4214,1,1,GPNV
30/07/2025,19:16:59,47.62039,-52.73577,145.0,,SKT-4214,1,1,GPNV
30/07/2025,19:17:06,47.62039,-52.73576,143.0,,SKT-4214,1,1,GPNV
30/07/2025,19:17:13,47.6204,-52.73576,142.0,,SKT-4214,1,1,GPNV
30/07/2025,19:17:20,47.62041,-52.73576,142.0,,SKT-4214,1,1,GPNV
30/07/2025,19:17:27,47.62041,-52.73576,142.0,,SKT-4214,1,1,GPNV
30/07/2025,19:17:35,47.62041,-52.73575,143.0,,SKT-4214,1,1,GPNV
30/07/2025,19:17:42,47.62042,-52.73575,144.0,,SKT-4214,1,1,GPNV
30/07/2025,19:17:49,47.62043,-52.73575,146.0,,SKT-4214,1,1,GPNV
30/07/2025,19:17:56,47.62044,-52.73574,148.0,,SKT-4214,1,1,GPNV
30/07/2025,19:18:04,47.62045,-52.73573,148.0,,SKT-4214,1,1,GPNV
30/07/2025,19:18:12,47.62045,-52.73573,148.0,,SKT-4214,1,1,GPNV
30/07/2025,19:18:19,47.62045,-52.73573,148.0,,SKT-4214,1,1,GPNV
30/07/2025,19:18:26,47.62045,-52.73573,148.0,,SKT-4214,1,1,GPNV
30/07/2025,19:18:34,47.62045,-52.73573,149.0,,SKT-4214,1,1,GPNV
30/07/2025,19:18:41,47.62045,-52.73572,151.0,,SKT-4214,1,1,GPNV
30/07/2025,19:18:48,47.62045,-52.73572,153.0,,SKT-4214,1,1,GPNV
30/07/2025,19:18:55,47.62045,-52.73571,153.0,,SKT-4214,1,1,GPNV
30/07/2025,19:19:02,47.62045,-52.7357,151.0,,SKT-4214,1,1,GPNV
30/07/2025,19:19:10,47.62045,-52.73569,151.0,,SKT-4214,1,1,GPNV
30/07/2025,19:19:17,47.62045,-52.73569,152.0,,SKT-4214,1,1,GPNV
30/07/2025,19:19:24,47.62045,-52.73568,153.0,,SKT-4214,1,1,GPNV
30/07/2025,19:19:32,47.62046,-52.73567,156.0,,SKT-4214,1,1,GPNV
30/07/2025,19:19:39,47.62047,-52.73565,157.0,,SKT-4214,1,1,GPNV
30/07/2025,19:19:46,47.62047,-52.73564,159.0,,SKT-4214,1,1,GPNV
30/07/2025,19:19:53,47.62047,-52.73563,161.0,,SKT-4214,1,1,GPNV
30/07/2025,19:20:00,47.62046,-52.73563,161.0,,SKT-4214,1,1,GPNV
30/07/2025,19:20:08,47.62044,-52.73564,159.0,,SKT-4214,1,1,GPNV
30/07/2025,19:20:15,47.62043,-52.73565,157.0,,SKT-4214,1,1,GPNV
30/07/2025,19:20:22,47.62043,-52.73566,155.0,,SKT-4214,1,1,GPNV
30/07/2025,19:20:29,47.62043,-52.73568,154.0,,SKT-4214,1,1,GPNV
30/07/2025,19:20:36,47.62044,-52.73568,154.0,,SKT-4214,1,1,GPNV
30/07/2025,19:20:44,47.62045,-52.73568,155.0,,SKT-4214,1,1,GPNV
30/07/2025,19:20:51,47.62046,-52.73567,156.0,,SKT-4214,1,1,GPNV
30/07/2025,19:20:58,47.62047,-52.73567,156.0,,SKT-4214,1,1,GPNV
30/07/2025,19:21:05,47.62047,-52.73567,156.0,,SKT-4214,1,1,GPNV
30/07/2025,19:21:12,47.62048,-52.73567,155.0,,SKT-4214,1,1,GPNV
30/07/2025,19:21:19,47.62047,-52.73567,154.0,,SKT-4214,1,1,GPNV
30/07/2025,19:21:27,47.62047,-52.73567,150.0,,SKT-4214,1,1,GPNV
30/07/2025,19:21:34,47.62046,-52.73568,147.0,,SKT-4214,1,1,GPNV
30/07/2025,19:21:41,47.62044,-52.73568,145.0,,SKT-4214,1,1,GPNV
30/07/2025,19:21:48,47.62044,-52.73569,144.0,,SKT-4214,1,1,GPNV
30/07/2025,19:21:55,47.62045,-52.7357,141.0,,SKT-4214,1,1,GPNV
30/07/2025,19:22:03,47.62046,-52.73571,140.0,,SKT-4214,1,1,GPNV
30/07/2025,19:22:10,47.62047,-52.73572,141.0,,SKT-4214,1,1,GPNV
30/07/2025,19:22:18,47.62048,-52.73572,142.0,,SKT-4214,1,1,GPNV
30/07/2025,19:22:25,47.62048,-52.73573,143.0,,SKT-4214,1,1,GPNV
30/07/2025,19:22:33,47.62048,-52.73573,145.0,,SKT-4214,1,1,GPNV
30/07/2025,19:22:40,47.62048,-52.73573,146.0,,SKT-4214,1,1,GPNV
30/07/2025,19:22:47,47.62046,-52.73574,145.0,,SKT-4214,1,1,GPNV
30/07/2025,19:22:55,47.62045,-52.73573,142.0,,SKT-4214,1,1,GPNV
30/07/2025,19:23:02,47.62043,-52.73573,140.0,,SKT-4214,1,1,GPNV
30/07/2025,19:23:09,47.62041,-52.73573,141.0,,SKT-4214,1,1,GPNV
30/07/2025,19:23:16,47.6204,-52.73574,144.0,,SKT-4214,1,1,GPNV
30/07/2025,19:23:23,47.62039,-52.73574,146.0,,SKT-4214,1,1,GPNV
30/07/2025,19:23:30,47.6204,-52.73574,145.0,,SKT-4214,1,1,GPNV
30/07/2025,19:23:38,47.62041,-52.73573,143.0,,SKT-4214,1,1,GPNV
30/07/2025,19:23:45,47.62041,-52.73574,142.0,,SKT-4214,1,1,GPNV
30/07/2025,19:23:52,47.62042,-52.73575,143.0,,SKT-4214,1,1,GPNV
30/07/2025,19:24:00,47.62043,-52.73577,143.0,,SKT-4214,1,1,GPNV
30/07/2025,19:24:07,47.62043,-52.73576,142.0,,SKT-4214,1,1,GPNV
30/07/2025,19:24:14,47.62044,-52.73575,142.0,,SKT-4214,1,1,GPNV
30/07/2025,19:24:21,47.62044,-52.73573,143.0,,SKT-4214,1,1,GPNV
30/07/2025,19:24:28,47.62044,-52.73573,145.0,,SKT-4214,1,1,GPNV
30/07/2025,19:24:35,47.62044,-52.73573,149.0,,SKT-4214,1,1,GPNV
30/07/2025,19:24:43,47.62043,-52.73574,153.0,,SKT-4214,1,1,GPNV
30/07/2025,19:24:50,47.62043,-52.73574,154.0,,SKT-4214,1,1,GPNV
30/07/2025,19:24:57,47.62043,-52.73573,154.0,,SKT-4214,1,1,GPNV
30/07/2025,19:25:04,47.62043,-52.73572,154.0,,SKT-4214,1,1,GPNV
30/07/2025,19:25:12,47.62044,-52.73571,155.0,,SKT-4214,1,1,GPNV
30/07/2025,19:25:19,47.62044,-52.73569,157.0,,SKT-4214,1,1,GPNV
30/07/2025,19:25:26,47.62044,-52.7357,159.0,,SKT-4214,1,1,GPNV
30/07/2025,19:25:33,47.62044,-52.73571,158.0,,SKT-4214,1,1,GPNV
30/07/2025,19:25:41,47.62044,-52.73573,158.0,,SKT-4214,1,1,GPNV
30/07/2025,19:25:48,47.62045,-52.73574,159.0,,SKT-4214,1,1,GPNV
30/07/2025,19:25:55,47.62045,-52.73575,161.0,,SKT-4214,1,1,GPNV
30/07/2025,19:26:02,47.62045,-52.73575,162.0,,SKT-4214,1,1,GPNV
30/07/2025,19:26:10,47.62044,-52.73574,162.0,,SKT-4214,1,1,GPNV
30/07/2025,19:26:17,47.62043,-52.73573,161.0,,SKT-4214,1,1,GPNV
30/07/2025,19:26:24,47.62043,-52.73572,163.0,,SKT-4214,1,1,GPNV
30/07/2025,19:26:31,47.62043,-52.73571,164.0,,SKT-4214,1,1,GPNV
30/07/2025,19:26:38,47.62043,-52.73571,162.0,,SKT-4214,1,1,GPNV
30/07/2025,19:26:45,47.62043,-52.73571,160.0,,SKT-4214,1,1,GPNV
30/07/2025,19:26:52,47.62043,-52.73571,160.0,,SKT-4214,1,1,GPNV
30/07/2025,19:27:00,47.62045,-52.7357,159.0,,SKT-4214,1,1,GPNV
30/07/2025,19:27:07,47.62046,-52.7357,159.0,,SKT-4214,1,1,GPNV
30/07/2025,19:27:14,47.62048,-52.7357,159.0,,SKT-4214,1,1,GPNV
30/07/2025,19:27:21,47.62049,-52.73569,159.0,,SKT-4214,1,1,GPNV
30/07/2025,19:27:29,47.6205,-52.7357,162.0,,SKT-4214,1,1,GPNV
30/07/2025,19:27:36,47.6205,-52.7357,166.0,,SKT-4214,1,1,GPNV
30/07/2025,19:27:43,47.62049,-52.7357,167.0,,SKT-4214,1,1,GPNV
30/07/2025,19:27:50,47.62047,-52.73568,166.0,,SKT-4214,1,1,GPNV
30/07/2025,19:27:57,47.62046,-52.73565,166.0,,SKT-4214,1,1,GPNV
30/07/2025,19:28:05,47.62045,-52.73563,168.0,,SKT-4214,1,1,GPNV
30/07/2025,19:28:12,47.62045,-52.73563,170.0,,SKT-4214,1,1,GPNV
30/07/2025,19:28:19,47.62045,-52.73565,171.0,,SKT-4214,1,1,GPNV
30/07/2025,19:28:26,47.62045,-52.73567,173.0,,SKT-4214,1,1,GPNV
30/07/2025,19:28:33,47.62045,-52.73569,175.0,,SKT-4214,1,1,GPNV
30/07/2025,19:28:41,47.62046,-52.7357,176.0,,SKT-4214,1,1,GPNV
30/07/2025,19:28:48,47.62047,-52.73571,178.0,,SKT-4214,1,1,GPNV
30/07/2025,19:28:55,47.62048,-52.73572,177.0,,SKT-4214,1,1,GPNV
30/07/2025,19:29:02,47.62048,-52.73571,176.0,,SKT-4214,1,1,GPNV
30/07/2025,19:29:09,47.62049,-52.73569,174.0,,SKT-4214,1,1,GPNV
30/07/2025,19:29:17,47.62049,-52.73566,173.0,,SKT-4214,1,1,GPNV
30/07/2025,19:29:24,47.62049,-52.73563,171.0,,SKT-4214,1,1,GPNV
30/07/2025,19:29:31,47.62048,-52.7356,166.0,,SKT-4214,1,1,GPNV
30/07/2025,19:29:38,47.62045,-52.7356,161.0,,SKT-4214,1,1,GPNV
30/07/2025,19:29:47,47.6204,-52.73562,156.0,,SKT-4214,1,1,GPNV
30/07/2025,19:29:54,47.62039,-52.73563,155.0,,SKT-4214,1,1,GPNV
30/07/2025,19:30:01,47.62039,-52.73563,157.0,,SKT-4214,1,1,GPNV
30/07/2025,19:30:08,47.6204,-52.73564,159.0,,SKT-4214,1,1,GPNV
30/07/2025,19:30:16,47.6204,-52.73564,161.0,,SKT-4214,1,1,GPNV
30/07/2025,19:30:23,47.62041,-52.73564,161.0,,SKT-4214,1,1,GPNV
30/07/2025,19:30:30,47.62045,-52.73565,160.0,,SKT-4214,1,1,GPNV
30/07/2025,19:30:37,47.62047,-52.73566,159.0,,SKT-4214,1,1,GPNV
30/07/2025,19:30:44,47.62048,-52.73568,161.0,,SKT-4214,1,1,GPNV
30/07/2025,19:30:52,47.62048,-52.73569,163.0,,SKT-4214,1,1,GPNV
30/07/2025,19:30:59,47.62048,-52.7357,165.0,,SKT-4214,1,1,GPNV
30/07/2025,19:31:06,47.62047,-52.73571,166.0,,SKT-4214,1,1,GPNV
30/07/2025,19:31:13,47.62048,-52.73572,166.0,,SKT-4214,1,1,GPNV
30/07/2025,19:31:20,47.62048,-52.73572,166.0,,SKT-4214,1,1,GPNV
30/07/2025,19:31:28,47.62048,-52.73571,166.0,,SKT-4214,1,1,GPNV
30/07/2025,19:31:35,47.62049,-52.7357,167.0,,SKT-4214,1,1,GPNV
30/07/2025,19:31:42,47.62048,-52.73569,167.0,,SKT-4214,1,1,GPNV
30/07/2025,19:31:49,47.62047,-52.73568,166.0,,SKT-4214,1,1,GPNV
30/07/2025,19:31:57,47.62046,-52.73567,166.0,,SKT-4214,1,1,GPNV
30/07/2025,19:32:04,47.62046,-52.73566,168.0,,SKT-4214,1,1,GPNV
30/07/2025,19:32:11,47.62046,-52.73565,168.0,,SKT-4214,1,1,GPNV
30/07/2025,19:32:18,47.62043,-52.73565,168.0,,SKT-4214,1,1,GPNV
30/07/2025,19:32:25,47.62041,-52.73565,167.0,,SKT-4214,1,1,GPNV
30/07/2025,19:32:33,47.6204,-52.73564,167.0,,SKT-4214,1,1,GPNV
30/07/2025,19:32:40,47.6204,-52.73561,164.0,,SKT-4214,1,1,GPNV
30/07/2025,19:32:47,47.6204,-52.73559,159.0,,SKT-4214,1,1,GPNV
30/07/2025,19:32:54,47.62041,-52.73557,157.0,,SKT-4214,1,1,GPNV
30/07/2025,19:33:02,47.62042,-52.73555,160.0,,SKT-4214,1,1,GPNV
30/07/2025,19:33:09,47.62044,-52.73553,165.0,,SKT-4214,1,1,GPNV
30/07/2025,19:33:16,47.62046,-52.73553,167.0,,SKT-4214,1,1,GPNV
30/07/2025,19:33:23,47.62049,-52.73554,166.0,,SKT-4214,1,1,GPNV
30/07/2025,19:33:31,47.6205,-52.73556,161.0,,SKT-4214,1,1,GPNV
30/07/2025,19:33:38,47.6205,-52.73558,157.0,,SKT-4214,1,1,GPNV
30/07/2025,19:33:45,47.6205,-52.73558,154.0,,SKT-4214,1,1,GPNV
30/07/2025,19:33:52,47.6205,-52.73558,147.0,,SKT-4214,1,1,GPNV
30/07/2025,19:33:59,47.62049,-52.73558,139.0,,SKT-4214,1,1,GPNV
30/07/2025,19:34:07,47.62048,-52.73559,136.0,,SKT-4214,1,1,GPNV
30/07/2025,19:34:14,47.62048,-52.7356,133.0,,SKT-4214,1,1,GPNV
30/07/2025,19:34:21,47.62046,-52.73562,133.0,,SKT-4214,1,1,GPNV
30/07/2025,11:49:56,,,,,,0,0,
30/07/2025,11:50:02,,,,,,0,0,
30/07/2025,11:50:07,,,,,,0,0,
30/07/2025,11:50:13,,,,,,0,0,
30/07/2025,11:50:18,,,,,,0,0,
30/07/2025,11:50:23,,,,,,0,0,
30/07/2025,11:50:28,,,,,,0,0,
30/07/2025,11:50:33,,,,,,0,0,
30/07/2025,11:50:38,,,,,,0,0,
30/07/2025,11:50:43,,,,,,0,0,
30/07/2025,11:50:48,,,,,,0,0,
30/07/2025,11:51:26,,,,,,0,0,
31/07/2025,04:59:35,47.61796,-52.73615,146.0,-0.0,SKT-4214,1,1,GPNV
31/07/2025,04:59:42,47.61796,-52.73615,146.0,-0.0,SKT-4214,1,1,GPNV
31/07/2025,04:59:57,47.61796,-52.73615,147.0,-0.0,SKT-4214,1,1,GPNV
31/07/2025,05:00:04,47.61796,-52.73616,148.0,-0.0,SKT-4214,1,1,GPNV
31/07/2025,05:00:11,47.61796,-52.73616,149.0,-0.0,SKT-4214,1,1,GPNV
31/07/2025,05:00:19,47.61796,-52.73615,148.0,-0.0,SKT-4214,1,1,GPNV
31/07/2025,05:00:26,47.61796,-52.73616,149.0,-0.0,SKT-4214,1,1,GPNV
31/07/2025,05:00:34,47.61796,-52.73616,148.0,-0.0,SKT-4214,1,1,GPNV
31/07/2025,05:00:41,47.61797,-52.73616,148.0,-0.0,SKT-4214,1,1,GPNV
31/07/2025,05:00:49,47.61797,-52.73616,149.0,-0.0,SKT-4214,1,1,GPNV
31/07/2025,05:00:56,47.61797,-52.73616,150.0,-0.0,SKT-4214,1,1,GPNV
31/07/2025,05:01:03,47.61796,-52.73616,150.0,0.0,SKT-4214,1,1,GPNV
31/07/2025,05:01:10,47.61796,-52.73617,150.0,-0.0,SKT-4214,1,1,GPNV
31/07/2025,05:01:17,47.61796,-52.73617,150.0,-0.0,SKT-4214,1,1,GPNV
31/07/2025,05:01:24,47.61796,-52.73617,150.0,-0.0,SKT-4214,1,1,GPNV
31/07/2025,05:01:31,47.61796,-52.73617,150.0,-0.0,SKT-4214,1,1,GPNV
31/07/2025,05:01:39,47.61796,-52.73616,148.0,-0.0,SKT-4214,1,1,GPNV
31/07/2025,05:01:46,47.61797,-52.73617,147.0,-0.0,SKT-4214,1,1,GPNV
31/07/2025,05:01:53,47.61797,-52.73617,146.0,-0.0,SKT-4214,1,1,GPNV
31/07/2025,05:02:00,47.61797,-52.73617,144.0,-0.0,SKT-4214,1,1,GPNV
31/07/2025,05:02:07,47.61798,-52.73617,144.0,0.0,SKT-4214,1,1,GPNV
31/07/2025,05:02:15,47.61797,-52.73617,143.0,-0.0,SKT-4214,1,1,GPNV
31/07/2025,05:02:22,47.61797,-52.73618,144.0,0.0,SKT-4214,1,1,GPNV
31/07/2025,05:02:29,47.61797,-52.73618,146.0,0.0,SKT-4214,1,1,GPNV
31/07/2025,05:02:36,47.61796,-52.73618,147.0,0.0,SKT-4214,1,1,GPNV
31/07/2025,05:02:43,47.61796,-52.73618,147.0,-0.0,SKT-4214,1,1,GPNV
31/07/2025,05:02:50,47.61796,-52.73618,147.0,-0.0,SKT-4214,1,1,GPNV
31/07/2025,05:02:58,47.61797,-52.73618,146.0,-0.0,SKT-4214,1,1,GPNV
31/07/2025,05:03:05,47.61797,-52.73618,146.0,-0.0,SKT-4214,1,1,GPNV
31/07/2025,05:03:12,47.61797,-52.73618,146.0,-0.0,SKT-4214,1,1,GPNV
31/07/2025,05:03:19,47.61797,-52.73618,146.0,-0.0,SKT-4214,1,1,GPNV
31/07/2025,05:03:26,47.61797,-52.73618,146.0,0.0,SKT-4214,1,1,GPNV
31/07/2025,05:03:33,47.61797,-52.73618,146.0,-0.0,SKT-4214,1,1,GPNV
31/07/2025,05:03:40,47.61797,-52.73617,146.0,0.0,SKT-4214,1,1,GPNV
31/07/2025,05:03:48,47.61797,-52.73617,146.0,-0.0,SKT-4214,1,1,GPNV
31/07/2025,05:03:55,47.61796,-52.73617,148.0,0.0,SKT-4214,1,1,GPNV
31/07/2025,05:04:02,47.61796,-52.73617,149.0,0.0,SKT-4214,1,1,GPNV
31/07/2025,05:04:09,47.61796,-52.73616,149.0,0.0,SKT-4214,1,1,GPNV
31/07/2025,05:04:16,47.61796,-52.73617,149.0,0.0,SKT-4214,1,1,GPNV
31/07/2025,05:04:23,47.61796,-52.73616,148.0,0.0,SKT-4214,1,1,GPNV
31/07/2025,05:04:31,47.61796,-52.73616,147.0,0.0,SKT-4214,1,1,GPNV
31/07/2025,05:04:38,47.61796,-52.73616,147.0,0.0,SKT-4214,1,1,GPNV
31/07/2025,05:04:45,47.61795,-52.73616,148.0,-0.0,SKT-4214,1,1,GPNV
31/07/2025,05:04:52,47.61795,-52.73616,149.0,0.0,SKT-4214,1,1,GPNV
31/07/2025,05:04:59,47.61795,-52.73616,148.0,0.0,SKT-4214,1,1,GPNV
31/07/2025,05:05:06,47.61796,-52.73616,147.0,-0.0,SKT-4214,1,1,GPNV
31/07/2025,05:05:13,47.61796,-52.73616,146.0,0.0,SKT-4214,1,1,GPNV
31/07/2025,05:05:21,47.61795,-52.73617,146.0,0.0,SKT-4214,1,1,GPNV
31/07/2025,05:05:28,47.61795,-52.73617,146.0,0.0,SKT-4214,1,1,GPNV
31/07/2025,05:05:35,47.61795,-52.73618,146.0,0.0,SKT-4214,1,1,GPNV
31/07/2025,05:05:42,47.61795,-52.73624,146.0,-0.0,SKT-4214,1,1,GPNV
31/07/2025,05:05:49,47.61795,-52.73633,145.0,0.0,SKT-4214,1,1,GPNV
31/07/2025,05:05:56,47.61795,-52.73643,145.0,-0.0,SKT-4214,1,1,GPNV
31/07/2025,05:06:04,47.61797,-52.73657,145.0,0.0,SKT-4214,1,1,GPNV
31/07/2025,05:06:11,47.61805,-52.73673,144.0,0.0,SKT-4214,1,1,GPNV
31/07/2025,05:06:18,47.61816,-52.73679,144.0,-0.0,SKT-4214,1,1,GPNV
31/07/2025,05:06:25,47.61817,-52.73679,144.0,0.0,SKT-4214,1,1,GPNV
31/07/2025,05:06:32,47.61817,-52.73678,144.0,0.0,SKT-4214,1,1,GPNV
31/07/2025,05:06:39,47.61817,-52.73678,144.0,0.0,SKT-4214,1,1,GPNV
31/07/2025,05:06:47,47.61817,-52.73678,144.0,-0.0,SKT-4214,1,1,GPNV
31/07/2025,05:06:54,47.61817,-52.73678,144.0,0.0,SKT-4214,1,1,GPNV
31/07/2025,05:07:01,47.61817,-52.73677,144.0,-0.0,SKT-4214,1,1,GPNV
31/07/2025,05:07:08,47.61816,-52.73677,143.0,0.0,SKT-4214,1,1,GPNV
31/07/2025,05:07:15,47.6182,-52.73679,143.0,-0.0,SKT-4214,1,1,GPNV
31/07/2025,05:07:22,47.61837,-52.73683,144.0,0.0,SKT-4214,1,1,GPNV
31/07/2025,05:07:30,47.61852,-52.73658,143.0,0.0,SKT-4214,1,1,GPNV
31/07/2025,05:07:37,47.61846,-52.73629,143.0,0.0,SKT-4214,1,1,GPNV
31/07/2025,05:07:44,47.61835,-52.73619,143.0,0.0,SKT-4214,1,1,GPNV
31/07/2025,05:07:51,47.61823,-52.73615,143.0,-0.0,SKT-4214,1,1,GPNV
31/07/2025,05:07:58,47.61816,-52.73618,143.0,-0.0,SKT-4214,1,1,GPNV
31/07/2025,05:08:05,47.61811,-52.73625,144.0,0.0,SKT-4214,1,1,GPNV
31/07/2025,05:08:12,47.61807,-52.73636,145.0,0.0,SKT-4214,1,1,GPNV
31/07/2025,05:08:20,47.61805,-52.73651,145.0,-0.0,SKT-4214,1,1,GPNV
31/07/2025,05:08:27,47.61806,-52.73654,144.0,-0.0,SKT-4214,1,1,GPNV
31/07/2025,05:08:34,47.61808,-52.73648,143.0,-0.0,SKT-4214,1,1,GPNV
31/07/2025,05:08:41,47.61809,-52.73637,143.0,-0.0,SKT-4214,1,1,GPNV
31/07/2025,05:08:48,47.6181,-52.73631,142.0,-0.0,SKT-4214,1,1,GPNV
31/07/2025,05:08:55,47.61811,-52.73624,143.0,-0.0,SKT-4214,1,1,GPNV
31/07/2025,05:09:03,47.61811,-52.73619,143.0,-0.0,SKT-4214,1,1,GPNV
31/07/2025,05:09:10,47.61811,-52.73618,143.0,0.0,SKT-4214,1,1,GPNV
31/07/2025,05:09:17,47.61811,-52.73617,144.0,-0.0,SKT-4214,1,1,GPNV
31/07/2025,05:09:24,47.61811,-52.73618,143.0,-0.0,SKT-4214,1,1,GPNV
31/07/2025,05:09:31,47.61811,-52.73618,142.0,-0.0,SKT-4214,1,1,GPNV
31/07/2025,05:09:38,47.61811,-52.73618,142.0,-0.0,SKT-4214,1,1,GPNV
31/07/2025,05:09:46,47.61811,-52.73617,142.0,-0.0,SKT-4214,1,1,GPNV
31/07/2025,05:09:53,47.6181,-52.73617,143.0,-0.0,SKT-4214,1,1,GPNV
31/07/2025,05:10:00,47.6181,-52.73617,143.0,-0.0,SKT-4214,1,1,GPNV
31/07/2025,05:10:07,47.61811,-52.73617,142.0,-0.0,SKT-4214,1,1,GPNV
31/07/2025,05:10:14,47.61811,-52.73617,142.0,0.0,SKT-4214,1,1,GPNV
31/07/2025,05:10:21,47.61811,-52.73617,143.0,-0.0,SKT-4214,1,1,GPNV
31/07/2025,05:10:28,47.61811,-52.73617,143.0,-0.0,SKT-4214,1,1,GPNV
31/07/2025,05:10:36,47.61811,-52.73617,144.0,-0.0,SKT-4214,1,1,GPNV
31/07/2025,05:10:43,47.61811,-52.73616,145.0,-0.0,SKT-4214,1,1,GPNV
31/07/2025,05:10:50,47.61811,-52.73616,146.0,-0.0,SKT-4214,1,1,GPNV
31/07/2025,05:11:57,,,,,,0,0,
31/07/2025,05:12:02,,,,,,0,0,
31/07/2025,05:12:07,,,,,,0,0,
31/07/2025,05:12:12,,,,,,0,0,
31/07/2025,05:12:17,,,,,,0,0,
31/07/2025,05:12:22,,,,,,0,0,
31/07/2025,05:12:27,,,,,,0,0,
31/07/2025,05:12:32,,,,,,0,0,
31/07/2025,05:12:37,,,,,,0,0,
31/07/2025,05:12:42,,,,,,0,0,
31/07/2025,05:12:47,,,,,,0,0,
31/07/2025,05:13:24,,,,,,0,0,
31/07/2025,11:02:52,47.61803,-52.73618,142.0,,SKT-4214,1,1,GPNV
31/07/2025,11:02:59,47.61804,-52.73619,143.0,,SKT-4214,1,1,GPNV
31/07/2025,11:03:06,47.61804,-52.73619,144.0,,SKT-4214,1,1,GPNV
31/07/2025,11:03:14,47.61804,-52.73619,143.0,,SKT-4214,1,0,GPNV
31/07/2025,11:03:21,47.61804,-52.73619,143.0,,SKT-4214,1,0,GPNV
31/07/2025,11:03:28,47.61803,-52.73618,143.0,,SKT-4214,1,0,GPNV
31/07/2025,11:03:35,47.61803,-52.73618,143.0,,SKT-4214,1,0,GPNV
31/07/2025,11:03:43,47.61803,-52.73618,143.0,,SKT-4214,1,0,GPNV
31/07/2025,11:03:50,47.61803,-52.73618,143.0,,SKT-4214,1,0,GPNV
31/07/2025,11:03:57,47.61802,-52.73618,143.0,,SKT-4214,1,0,GPNV
31/07/2025,11:04:04,47.61802,-52.73618,143.0,,SKT-4214,1,0,GPNV
31/07/2025,11:04:12,47.61802,-52.73618,143.0,,SKT-4214,1,0,GPNV
31/07/2025,11:04:19,47.61801,-52.73618,143.0,,SKT-4214,1,1,GPNV
31/07/2025,11:04:27,47.61801,-52.73618,143.0,,SKT-4214,1,0,GPNV
31/07/2025,11:04:34,47.61801,-52.73618,143.0,,SKT-4214,1,1,GPNV
