Date,Time,Lat,Long,Alt,DIN2,SSID,Throughput_Mbps,WIFI,INT,Registration
04/03/2026,00:00:04,48.94753,-54.57581,162.0,1.0,SKT-4015,,1.0,1.0,GPAO
04/03/2026,00:00:19,48.94753,-54.5758,162.0,1.0,SKT-4015,,1.0,1.0,GPAO
04/03/2026,00:00:26,48.94753,-54.5758,162.0,1.0,SKT-4015,,1.0,1.0,GPAO
04/03/2026,00:00:34,48.94753,-54.5758,162.0,1.0,SKT-4015,,1.0,1.0,GPAO
04/03/2026,00:00:41,48.94753,-54.57581,162.0,1.0,SKT-4015,,1.0,1.0,GPAO
04/03/2026,00:00:49,48.94753,-54.57581,162.0,1.0,SKT-4015,,1.0,1.0,GPAO
04/03/2026,00:00:56,48.94753,-54.57581,162.0,1.0,SKT-4015,,1.0,1.0,GPAO
04/03/2026,00:01:03,48.94752,-54.57581,163.0,1.0,SKT-4015,,1.0,1.0,GPAO
04/03/2026,00:01:10,48.94752,-54.57581,162.0,1.0,SKT-4015,,1.0,1.0,GPAO
04/03/2026,00:01:17,48.94753,-54.57582,162.0,1.0,SKT-4015,,1.0,1.0,GPAO
04/03/2026,00:01:25,48.94753,-54.57581,163.0,1.0,SKT-4015,,1.0,1.0,GPAO
04/03/2026,00:01:32,48.94752,-54.57581,163.0,1.0,SKT-4015,,1.0,1.0,GPAO
04/03/2026,00:01:39,48.94752,-54.57581,162.0,1.0,SKT-4015,,1.0,1.0,GPAO
04/03/2026,00:01:46,48.94752,-54.57581,163.0,1.0,SKT-4015,,1.0,1.0,GPAO
04/03/2026,00:01:53,48.94752,-54.57581,162.0,1.0,SKT-4015,,1.0,1.0,GPAO
04/03/2026,00:02:01,48.94752,-54.5758,162.0,1.0,SKT-4015,,1.0,1.0,GPAO
04/03/2026,00:02:08,48.94753,-54.5758,161.0,1.0,SKT-4015,,1.0,1.0,GPAO
04/03/2026,00:02:15,48.94753,-54.5758,161.0,1.0,SKT-4015,,1.0,1.0,GPAO
04/03/2026,00:02:22,48.94753,-54.57579,161.0,1.0,SKT-4015,,1.0,1.0,GPAO
04/03/2026,00:02:29,48.94753,-54.57579,161.0,1.0,SKT-4015,,1.0,1.0,GPAO
04/03/2026,00:02:37,48.94753,-54.57579,162.0,1.0,SKT-4015,,1.0,1.0,GPAO
04/03/2026,00:02:44,48.94753,-54.57579,163.0,1.0,SKT-4015,,1.0,1.0,GPAO
04/03/2026,00:02:51,48.94753,-54.5758,162.0,1.0,SKT-4015,,1.0,1.0,GPAO
04/03/2026,00:03:00,48.94754,-54.5758,162.0,1.0,SKT-4015,,1.0,1.0,GPAO
04/03/2026,00:03:08,48.94754,-54.5758,161.0,1.0,SKT-4015,,1.0,1.0,GPAO
04/03/2026,00:03:17,48.94754,-54.5758,162.0,1.0,SKT-4015,,1.0,1.0,GPAO
04/03/2026,00:03:25,48.94754,-54.5758,162.0,1.0,SKT-4015,,1.0,1.0,GPAO
04/03/2026,00:03:32,48.94754,-54.5758,162.0,1.0,SKT-4015,,1.0,1.0,GPAO
04/03/2026,00:03:40,48.94754,-54.57581,162.0,1.0,SKT-4015,,1.0,1.0,GPAO
04/03/2026,00:03:47,48.94753,-54.57582,162.0,1.0,SKT-4015,,1.0,1.0,GPAO
04/03/2026,00:03:55,48.94751,-54.57592,162.0,1.0,SKT-4015,,1.0,1.0,GPAO
04/03/2026,00:04:03,48.94758,-54.57599,162.0,1.0,SKT-4015,,1.0,1.0,GPAO
04/03/2026,00:04:10,48.94772,-54.57593,163.0,1.0,SKT-4015,,1.0,1.0,GPAO
04/03/2026,00:04:17,48.9478,-54.57561,162.0,1.0,SKT-4015,,1.0,1.0,GPAO
04/03/2026,00:04:24,48.94784,-54.57514,162.0,1.0,SKT-4015,,1.0,1.0,GPAO
04/03/2026,00:04:32,48.94781,-54.57449,162.0,1.0,SKT-4015,,1.0,1.0,GPAO
04/03/2026,00:04:40,48.94775,-54.57373,161.0,1.0,SKT-4015,,1.0,1.0,GPAO
04/03/2026,00:04:48,48.94762,-54.57288,160.0,1.0,SKT-4015,,1.0,1.0,GPAO
04/03/2026,00:04:55,48.94748,-54.5722,160.0,1.0,SKT-4015,,1.0,1.0,GPAO
04/03/2026,00:05:02,48.94733,-54.57157,160.0,1.0,SKT-4015,,1.0,1.0,GPAO
04/03/2026,00:05:09,48.94721,-54.57098,160.0,1.0,SKT-4015,,1.0,1.0,GPAO
04/03/2026,00:05:16,48.9472,-54.57044,159.0,1.0,SKT-4015,,1.0,1.0,GPAO
04/03/2026,00:05:24,48.94739,-54.57,159.0,1.0,SKT-4015,,1.0,1.0,GPAO
04/03/2026,00:05:31,48.94769,-54.56979,158.0,1.0,SKT-4015,,1.0,1.0,GPAO
04/03/2026,00:05:38,48.94798,-54.56965,158.0,1.0,SKT-4015,,1.0,1.0,GPAO
04/03/2026,00:05:45,48.94836,-54.56946,157.0,1.0,SKT-4015,,1.0,1.0,GPAO
04/03/2026,00:05:52,48.94888,-54.5692,156.0,1.0,SKT-4015,,1.0,1.0,GPAO
04/03/2026,00:06:00,48.94936,-54.56885,155.0,1.0,SKT-4015,,1.0,1.0,GPAO
04/03/2026,00:06:08,48.94949,-54.56811,154.0,1.0,SKT-4015,,1.0,1.0,GPAO
04/03/2026,00:06:16,48.94921,-54.56684,153.0,1.0,SKT-4015,,1.0,1.0,GPAO
04/03/2026,00:06:25,48.94886,-54.5652,152.0,1.0,SKT-4015,,1.0,1.0,GPAO
04/03/2026,00:06:32,48.94857,-54.56387,151.0,1.0,SKT-4015,,1.0,1.0,GPAO
04/03/2026,00:06:40,48.94825,-54.56236,150.0,1.0,SKT-4015,,1.0,1.0,GPAO
04/03/2026,00:06:48,48.94794,-54.56095,149.0,1.0,SKT-4015,,1.0,1.0,GPAO
04/03/2026,00:06:55,48.94771,-54.55977,148.0,1.0,SKT-4015,,1.0,1.0,GPAO
04/03/2026,00:07:02,48.94763,-54.55886,147.0,1.0,SKT-4015,,1.0,1.0,GPAO
04/03/2026,00:07:10,48.94753,-54.5584,147.0,1.0,SKT-4015,,1.0,1.0,GPAO
04/03/2026,00:07:18,48.94744,-54.5585,147.0,1.0,SKT-4015,,1.0,1.0,GPAO
04/03/2026,00:07:26,48.94748,-54.55869,147.0,1.0,SKT-4015,,1.0,1.0,GPAO
04/03/2026,00:07:33,48.94752,-54.55883,148.0,1.0,SKT-4015,,1.0,1.0,GPAO
04/03/2026,00:07:40,48.94752,-54.55885,148.0,1.0,SKT-4015,,1.0,1.0,GPAO
04/03/2026,00:07:47,48.94753,-54.55885,149.0,1.0,SKT-4015,,1.0,1.0,GPAO
04/03/2026,00:07:55,48.94753,-54.55885,149.0,1.0,SKT-4015,,1.0,1.0,GPAO
04/03/2026,00:08:02,48.94756,-54.55902,149.0,1.0,SKT-4015,,1.0,1.0,GPAO
04/03/2026,00:08:09,48.94789,-54.56066,151.0,1.0,SKT-4015,,1.0,1.0,GPAO
04/03/2026,00:08:21,,,,,SKT-4015,,1.0,1.0,GPAO
04/03/2026,00:08:28,48.95095,-54.57467,192.0,0.0,SKT-4015,,1.0,0.0,GPAO
04/03/2026,00:08:36,48.95287,-54.5827,283.0,0.0,SKT-4015,,1.0,1.0,GPAO
04/03/2026,00:08:44,48.95499,-54.59111,405.0,0.0,SKT-4015,,1.0,0.0,GPAO
04/03/2026,00:08:52,48.95736,-54.59966,537.0,0.0,SKT-4015,,1.0,0.0,GPAO
04/03/2026,00:09:00,48.95993,-54.60843,649.0,0.0,SKT-4015,,1.0,1.0,GPAO
04/03/2026,00:09:07,48.96253,-54.6161,747.0,0.0,SKT-4015,,1.0,1.0,GPAO
04/03/2026,00:09:15,48.96577,-54.62482,860.0,0.0,SKT-4015,,1.0,0.0,GPAO
04/03/2026,00:09:23,48.96841,-54.63368,991.0,0.0,SKT-4015,,1.0,1.0,GPAO
04/03/2026,00:09:31,48.96898,-54.6426,1136.0,0.0,SKT-4015,,1.0,1.0,GPAO
04/03/2026,00:09:38,48.96758,-54.64992,1251.0,0.0,SKT-4015,,1.0,1.0,GPAO
04/03/2026,00:09:45,48.964,-54.65584,1358.0,0.0,SKT-4015,,1.0,1.0,GPAO
04/03/2026,00:09:53,48.95773,-54.6596,1472.0,0.0,SKT-4015,,1.0,1.0,GPAO
04/03/2026,00:10:01,48.95005,-54.65908,1585.0,0.0,SKT-4015,,1.0,1.0,GPAO
04/03/2026,00:10:09,48.94214,-54.65422,1695.0,0.0,SKT-4015,,1.0,1.0,GPAO
04/03/2026,00:10:17,48.93439,-54.64757,1802.0,0.0,SKT-4015,,1.0,0.0,GPAO
04/03/2026,00:10:25,48.92652,-54.64099,1914.0,0.0,SKT-4015,,1.0,0.0,GPAO
04/03/2026,00:10:33,48.91854,-54.63453,2027.0,0.0,SKT-4015,,1.0,0.0,GPAO
04/03/2026,00:10:41,48.91043,-54.6279,2124.0,0.0,SKT-4015,,1.0,0.0,GPAO
04/03/2026,00:10:49,48.90219,-54.62112,2222.0,0.0,SKT-4015,,1.0,0.0,GPAO
04/03/2026,00:10:57,48.89385,-54.61426,2325.0,0.0,SKT-4015,,1.0,0.0,GPAO
04/03/2026,00:11:06,48.88437,-54.60644,2441.0,0.0,SKT-4015,,1.0,0.0,GPAO
04/03/2026,00:11:14,48.87588,-54.59936,2544.0,0.0,SKT-4015,,1.0,0.0,GPAO
04/03/2026,00:11:22,48.86732,-54.59221,2648.0,0.0,SKT-4015,,1.0,0.0,GPAO
04/03/2026,00:11:30,48.85869,-54.58498,2748.0,0.0,SKT-4015,,1.0,0.0,GPAO
04/03/2026,00:11:38,48.84993,-54.57777,2847.0,0.0,SKT-4015,,1.0,0.0,GPAO
04/03/2026,00:11:47,48.83991,-54.56978,2961.0,0.0,SKT-4015,,1.0,0.0,GPAO
04/03/2026,00:11:55,48.83091,-54.56273,3065.0,0.0,SKT-4015,,1.0,0.0,GPAO
04/03/2026,00:12:03,48.82187,-54.5556,3172.0,0.0,SKT-4015,,1.0,0.0,GPAO
04/03/2026,00:12:11,48.81282,-54.5483,3281.0,0.0,SKT-4015,,1.0,0.0,GPAO
04/03/2026,00:12:19,48.80372,-54.54095,3384.0,0.0,SKT-4015,,1.0,0.0,GPAO
04/03/2026,00:12:28,48.79342,-54.53266,3498.0,0.0,SKT-4015,,1.0,0.0,GPAO
04/03/2026,00:12:36,48.78424,-54.52508,3603.0,0.0,SKT-4015,,1.0,0.0,GPAO
04/03/2026,00:12:44,48.77508,-54.51735,3713.0,0.0,SKT-4015,,1.0,0.0,GPAO
04/03/2026,00:12:52,48.76586,-54.5097,3820.0,0.0,SKT-4015,,1.0,0.0,GPAO
04/03/2026,00:13:02,48.7546,-54.49871,3955.0,0.0,SKT-4015,,1.0,0.0,GPAO
04/03/2026,00:13:10,48.74608,-54.48824,4061.0,0.0,SKT-4015,,1.0,0.0,GPAO
04/03/2026,00:13:19,48.73688,-54.47521,4172.0,0.0,SKT-4015,,1.0,0.0,GPAO
04/03/2026,00:13:27,48.72892,-54.46284,4270.0,0.0,SKT-4015,,1.0,0.0,GPAO
04/03/2026,00:13:35,48.72124,-54.4497,4371.0,0.0,SKT-4015,,1.0,0.0,GPAO
04/03/2026,00:13:43,48.71378,-54.43598,4475.0,0.0,SKT-4015,,1.0,0.0,GPAO
04/03/2026,00:13:51,48.70649,-54.42188,4579.0,0.0,SKT-4015,,1.0,0.0,GPAO
04/03/2026,00:14:00,48.69838,-54.40567,4691.0,0.0,SKT-4015,,1.0,0.0,GPAO
04/03/2026,00:14:08,48.69119,-54.39104,4787.0,0.0,SKT-4015,,1.0,0.0,GPAO
04/03/2026,00:14:16,48.68393,-54.37615,4851.0,0.0,SKT-4015,,1.0,0.0,GPAO
04/03/2026,00:14:24,48.67645,-54.36086,4877.0,0.0,SKT-4015,,1.0,0.0,GPAO
04/03/2026,00:14:32,48.66865,-54.34508,4886.0,0.0,SKT-4015,,1.0,0.0,GPAO
04/03/2026,00:14:41,48.65953,-54.32676,4895.0,0.0,SKT-4015,,1.0,0.0,GPAO
04/03/2026,00:14:49,48.65115,-54.31,4901.0,0.0,SKT-4015,,1.0,0.0,GPAO
04/03/2026,00:14:57,48.64256,-54.29277,4905.0,0.0,SKT-4015,,1.0,0.0,GPAO
04/03/2026,00:15:05,48.63383,-54.27509,4906.0,0.0,SKT-4015,,1.0,0.0,GPAO
04/03/2026,00:15:13,48.62497,-54.25702,4907.0,0.0,SKT-4015,,1.0,0.0,GPAO
04/03/2026,00:15:21,48.61599,-54.23866,4908.0,0.0,SKT-4015,,1.0,0.0,GPAO
04/03/2026,00:15:30,48.60571,-54.21777,4912.0,0.0,SKT-4015,,1.0,0.0,GPAO
04/03/2026,00:15:38,48.59644,-54.19916,4916.0,0.0,SKT-4015,,1.0,0.0,GPAO
04/03/2026,00:15:45,48.58827,-54.18288,4919.0,0.0,SKT-4015,,1.0,0.0,GPAO
04/03/2026,00:15:53,48.57891,-54.16426,4922.0,0.0,SKT-4015,,1.0,0.0,GPAO
04/03/2026,00:16:01,48.56948,-54.14571,4924.0,0.0,SKT-4015,,1.0,0.0,GPAO
04/03/2026,00:16:09,48.56003,-54.12715,4925.0,0.0,SKT-4015,,1.0,0.0,GPAO
04/03/2026,00:16:17,48.55061,-54.10851,4926.0,0.0,SKT-4015,,1.0,0.0,GPAO
04/03/2026,00:16:25,48.54121,-54.08981,4926.0,0.0,SKT-4015,,1.0,0.0,GPAO
04/03/2026,00:16:33,48.53181,-54.07108,4926.0,0.0,SKT-4015,,1.0,0.0,GPAO
04/03/2026,00:16:40,48.52358,-54.0547,4926.0,0.0,SKT-4015,,1.0,0.0,GPAO
04/03/2026,00:16:47,48.51535,-54.0383,4926.0,0.0,SKT-4015,,1.0,0.0,GPAO
04/03/2026,00:16:55,48.50594,-54.01953,4926.0,0.0,SKT-4015,,1.0,0.0,GPAO
04/03/2026,00:17:02,48.49772,-54.00311,4926.0,0.0,SKT-4015,,1.0,0.0,GPAO
04/03/2026,00:17:09,48.48949,-53.98669,4927.0,0.0,SKT-4015,,1.0,0.0,GPAO
04/03/2026,00:17:16,48.48126,-53.97027,4928.0,0.0,SKT-4015,,1.0,0.0,GPAO
04/03/2026,00:17:23,48.47302,-53.95387,4929.0,0.0,SKT-4015,,1.0,0.0,GPAO
04/03/2026,00:17:30,48.46476,-53.93746,4929.0,0.0,SKT-4015,,1.0,0.0,GPAO
04/03/2026,00:17:37,48.45649,-53.92106,4930.0,0.0,SKT-4015,,1.0,0.0,GPAO
04/03/2026,00:17:44,48.4482,-53.90467,4930.0,0.0,SKT-4015,,1.0,0.0,GPAO
04/03/2026,00:17:51,48.43991,-53.88826,4930.0,0.0,SKT-4015,,1.0,0.0,GPAO
04/03/2026,00:17:58,48.43163,-53.87184,4931.0,0.0,SKT-4015,,1.0,0.0,GPAO
04/03/2026,00:18:05,48.42334,-53.8554,4931.0,0.0,SKT-4015,,1.0,0.0,GPAO
04/03/2026,00:18:13,48.41387,-53.83661,4931.0,0.0,SKT-4015,,1.0,0.0,GPAO
04/03/2026,00:18:20,48.40558,-53.82017,4930.0,0.0,SKT-4015,,1.0,0.0,GPAO
04/03/2026,00:18:27,48.39728,-53.80374,4930.0,0.0,SKT-4015,,1.0,0.0,GPAO
04/03/2026,00:18:34,48.38898,-53.78732,4930.0,0.0,SKT-4015,,1.0,0.0,GPAO
04/03/2026,00:18:41,48.38068,-53.77092,4929.0,0.0,SKT-4015,,1.0,0.0,GPAO
04/03/2026,00:18:48,48.37238,-53.75454,4929.0,0.0,SKT-4015,,1.0,0.0,GPAO
04/03/2026,00:18:55,48.36408,-53.73816,4929.0,0.0,SKT-4015,,1.0,0.0,GPAO
04/03/2026,00:19:02,48.35578,-53.72182,4929.0,0.0,SKT-4015,,1.0,0.0,GPAO
04/03/2026,00:19:09,48.34747,-53.70548,4930.0,0.0,SKT-4015,,1.0,0.0,GPAO
04/03/2026,00:19:16,48.33916,-53.68915,4931.0,0.0,SKT-4015,,1.0,0.0,GPAO
04/03/2026,00:19:23,48.33085,-53.67282,4932.0,0.0,SKT-4015,,1.0,0.0,GPAO
04/03/2026,00:19:31,48.32133,-53.65418,4933.0,0.0,SKT-4015,,1.0,0.0,GPAO
04/03/2026,00:19:38,48.31298,-53.63788,4934.0,0.0,SKT-4015,,1.0,0.0,GPAO
04/03/2026,00:19:45,48.30462,-53.62159,4935.0,0.0,SKT-4015,,1.0,0.0,GPAO
04/03/2026,00:19:52,48.29625,-53.6053,4936.0,0.0,SKT-4015,,1.0,0.0,GPAO
04/03/2026,00:19:59,48.2879,-53.58899,4937.0,0.0,SKT-4015,,1.0,0.0,GPAO
04/03/2026,00:20:06,48.27956,-53.57269,4937.0,0.0,SKT-4015,,1.0,0.0,GPAO
04/03/2026,00:20:13,48.27122,-53.55643,4936.0,0.0,SKT-4015,,1.0,0.0,GPAO
04/03/2026,00:20:20,48.26287,-53.54021,4936.0,0.0,SKT-4015,,1.0,0.0,GPAO
04/03/2026,00:20:27,48.25452,-53.52405,4936.0,0.0,SKT-4015,,1.0,0.0,GPAO
04/03/2026,00:20:34,48.24619,-53.50792,4936.0,0.0,SKT-4015,,1.0,0.0,GPAO
04/03/2026,00:20:42,48.23669,-53.4895,4936.0,0.0,SKT-4015,,1.0,0.0,GPAO
04/03/2026,00:20:49,48.2284,-53.47341,4936.0,0.0,SKT-4015,,1.0,0.0,GPAO
04/03/2026,00:20:56,48.22013,-53.45734,4936.0,0.0,SKT-4015,,1.0,0.0,GPAO
04/03/2026,00:21:04,48.21071,-53.43899,4937.0,0.0,SKT-4015,,1.0,0.0,GPAO
04/03/2026,00:21:12,48.2013,-53.42065,4925.0,0.0,SKT-4015,,1.0,0.0,GPAO
04/03/2026,00:21:20,48.19185,-53.4023,4912.0,0.0,SKT-4015,,1.0,0.0,GPAO
04/03/2026,00:21:27,48.18358,-53.38625,4907.0,0.0,SKT-4015,,1.0,0.0,GPAO
04/03/2026,00:21:34,48.17531,-53.37021,4905.0,0.0,SKT-4015,,1.0,0.0,GPAO
04/03/2026,00:21:41,48.16703,-53.3542,4904.0,0.0,SKT-4015,,1.0,0.0,GPAO
04/03/2026,00:21:48,48.15876,-53.33821,4903.0,0.0,SKT-4015,,1.0,0.0,GPAO
04/03/2026,00:21:56,48.1493,-53.32019,4901.0,0.0,SKT-4015,,1.0,0.0,GPAO
04/03/2026,00:22:03,48.141,-53.30497,4889.0,0.0,SKT-4015,,1.0,0.0,GPAO
04/03/2026,00:22:10,48.13275,-53.29005,4833.0,0.0,SKT-4015,,1.0,0.0,GPAO
04/03/2026,00:22:17,48.12477,-53.27498,4768.0,0.0,SKT-4015,,1.0,0.0,GPAO
04/03/2026,00:22:24,48.11705,-53.25975,4708.0,0.0,SKT-4015,,1.0,0.0,GPAO
04/03/2026,00:22:31,48.10835,-53.24246,4641.0,0.0,SKT-4015,,1.0,0.0,GPAO
04/03/2026,00:22:38,48.10075,-53.22758,4581.0,0.0,SKT-4015,,1.0,0.0,GPAO
04/03/2026,00:22:45,48.09319,-53.21288,4520.0,0.0,SKT-4015,,1.0,0.0,GPAO
04/03/2026,00:22:52,48.08568,-53.1984,4459.0,0.0,SKT-4015,,1.0,0.0,GPAO
04/03/2026,00:22:59,48.07821,-53.18413,4398.0,0.0,SKT-4015,,1.0,0.0,GPAO
04/03/2026,00:23:06,48.07078,-53.17005,4338.0,0.0,SKT-4015,,1.0,0.0,GPAO
04/03/2026,00:23:14,48.06243,-53.15406,4272.0,0.0,SKT-4015,,1.0,0.0,GPAO
04/03/2026,00:23:21,48.05534,-53.14003,4214.0,0.0,SKT-4015,,1.0,0.0,GPAO
04/03/2026,00:23:28,48.04835,-53.12609,4158.0,0.0,SKT-4015,,1.0,0.0,GPAO
04/03/2026,00:23:35,48.0414,-53.11231,4102.0,0.0,SKT-4015,,1.0,0.0,GPAO
04/03/2026,00:23:42,48.03449,-53.09871,4048.0,0.0,SKT-4015,,1.0,0.0,GPAO
04/03/2026,00:23:49,48.02762,-53.08525,3994.0,0.0,SKT-4015,,1.0,0.0,GPAO
04/03/2026,00:23:56,48.02079,-53.07196,3939.0,0.0,SKT-4015,,1.0,0.0,GPAO
04/03/2026,00:24:03,48.01398,-53.05882,3883.0,0.0,SKT-4015,,1.0,0.0,GPAO
04/03/2026,00:24:10,48.00721,-53.04581,3828.0,0.0,SKT-4015,,1.0,0.0,GPAO
04/03/2026,00:24:17,48.00049,-53.03291,3774.0,0.0,SKT-4015,,1.0,0.0,GPAO
04/03/2026,00:24:24,47.99381,-53.02013,3721.0,0.0,SKT-4015,,1.0,0.0,GPAO
04/03/2026,00:24:31,47.98716,-53.00747,3670.0,0.0,SKT-4015,,1.0,0.0,GPAO
04/03/2026,00:24:39,47.97961,-52.99308,3610.0,0.0,SKT-4015,,1.0,0.0,GPAO
04/03/2026,00:24:46,47.97314,-52.9804,3556.0,0.0,SKT-4015,,1.0,0.0,GPAO
04/03/2026,00:24:53,47.96719,-52.96711,3500.0,0.0,SKT-4015,,1.0,0.0,GPAO
04/03/2026,00:25:00,47.96175,-52.95335,3446.0,0.0,SKT-4015,,1.0,0.0,GPAO
04/03/2026,00:25:07,47.95639,-52.93962,3392.0,0.0,SKT-4015,,1.0,0.0,GPAO
04/03/2026,00:25:14,47.95096,-52.9261,3338.0,0.0,SKT-4015,,1.0,0.0,GPAO
04/03/2026,00:25:24,,,,,SKT-4015,,1.0,0.0,GPAO
04/03/2026,00:25:33,,,,,SKT-4015,,1.0,0.0,GPAO
04/03/2026,00:25:43,,,,,SKT-4015,,1.0,0.0,GPAO
04/03/2026,00:25:51,,,,,SKT-4015,,1.0,0.0,GPAO
04/03/2026,00:26:01,,,,,SKT-4015,,1.0,0.0,GPAO
04/03/2026,00:26:11,,,,,SKT-4015,,1.0,0.0,GPAO
04/03/2026,00:26:19,,,,,SKT-4015,,1.0,0.0,GPAO
04/03/2026,00:26:30,,,,,SKT-4015,,1.0,0.0,GPAO
04/03/2026,00:26:40,,,,,SKT-4015,,1.0,0.0,GPAO
04/03/2026,00:26:49,,,,,SKT-4015,,1.0,0.0,GPAO
04/03/2026,00:26:57,,,,,SKT-4015,,1.0,0.0,GPAO
04/03/2026,00:27:07,,,,,SKT-4015,,1.0,0.0,GPAO
04/03/2026,00:27:16,,,,,SKT-4015,,1.0,0.0,GPAO
04/03/2026,00:27:24,,,,,SKT-4015,,1.0,0.0,GPAO
04/03/2026,00:27:34,,,,,SKT-4015,,1.0,0.0,GPAO
04/03/2026,00:27:44,,,,,SKT-4015,,1.0,0.0,GPAO
04/03/2026,00:27:52,,,,,SKT-4015,,1.0,0.0,GPAO
04/03/2026,00:28:02,,,,,SKT-4015,,1.0,0.0,GPAO
04/03/2026,00:28:11,,,,,SKT-4015,,1.0,0.0,GPAO
04/03/2026,00:28:17,47.84213,-52.62032,2229.0,0.0,SKT-4015,,1.0,0.0,GPAO
04/03/2026,00:28:24,47.83927,-52.60987,2197.0,0.0,SKT-4015,,1.0,0.0,GPAO
04/03/2026,00:28:31,47.83638,-52.59931,2153.0,0.0,SKT-4015,,1.0,0.0,GPAO
04/03/2026,00:28:38,47.83337,-52.58874,2104.0,0.0,SKT-4015,,1.0,0.0,GPAO
04/03/2026,00:28:45,47.83034,-52.57812,2056.0,0.0,SKT-4015,,1.0,0.0,GPAO
04/03/2026,00:28:52,47.82733,-52.56742,2007.0,0.0,SKT-4015,,1.0,0.0,GPAO
04/03/2026,00:28:59,47.8243,-52.55665,1957.0,0.0,SKT-4015,,1.0,0.0,GPAO
04/03/2026,00:29:07,47.82082,-52.54423,1898.0,0.0,SKT-4015,,1.0,0.0,GPAO
04/03/2026,00:29:14,47.81776,-52.53327,1847.0,0.0,SKT-4015,,1.0,0.0,GPAO
04/03/2026,00:29:21,47.81472,-52.52224,1797.0,0.0,SKT-4015,,1.0,0.0,GPAO
04/03/2026,00:29:29,47.81131,-52.50957,1742.0,0.0,SKT-4015,,1.0,0.0,GPAO
04/03/2026,00:29:37,47.80798,-52.49682,1685.0,0.0,SKT-4015,,1.0,0.0,GPAO
04/03/2026,00:29:46,47.80431,-52.48246,1623.0,0.0,SKT-4015,,1.0,0.0,GPAO
04/03/2026,00:29:53,47.80149,-52.4713,1577.0,0.0,SKT-4015,,1.0,0.0,GPAO
04/03/2026,00:30:00,47.7987,-52.46013,1527.0,0.0,SKT-4015,,1.0,0.0,GPAO
04/03/2026,00:30:08,47.79556,-52.44731,1469.0,0.0,SKT-4015,,1.0,0.0,GPAO
04/03/2026,00:30:15,47.79279,-52.4361,1419.0,0.0,SKT-4015,,1.0,0.0,GPAO
04/03/2026,00:30:23,47.78956,-52.42334,1361.0,0.0,SKT-4015,,1.0,0.0,GPAO
04/03/2026,00:30:30,47.78674,-52.41223,1313.0,0.0,SKT-4015,,1.0,0.0,GPAO
04/03/2026,00:30:37,47.78393,-52.40117,1262.0,0.0,SKT-4015,,1.0,0.0,GPAO
04/03/2026,00:30:44,47.7811,-52.39019,1215.0,0.0,SKT-4015,,1.0,0.0,GPAO
04/03/2026,00:30:54,47.77712,-52.37463,1181.0,0.0,SKT-4015,,1.0,0.0,GPAO
04/03/2026,00:31:01,47.77445,-52.3638,1175.0,0.0,SKT-4015,,1.0,1.0,GPAO
04/03/2026,00:31:09,47.77142,-52.35146,1168.0,0.0,SKT-4015,,1.0,0.0,GPAO
04/03/2026,00:31:18,47.76806,-52.33769,1163.0,0.0,SKT-4015,,1.0,0.0,GPAO
04/03/2026,00:31:26,47.76522,-52.32549,1160.0,0.0,SKT-4015,,1.0,1.0,GPAO
04/03/2026,00:31:34,47.76249,-52.3133,1158.0,0.0,SKT-4015,,1.0,0.0,GPAO
04/03/2026,00:31:41,47.76014,-52.30271,1158.0,0.0,SKT-4015,,1.0,1.0,GPAO
04/03/2026,00:31:51,47.75688,-52.28773,1159.0,0.0,SKT-4015,,1.0,1.0,GPAO
04/03/2026,00:31:59,47.7544,-52.27586,1150.0,0.0,SKT-4015,,1.0,0.0,GPAO
04/03/2026,00:32:08,47.75164,-52.26266,1125.0,0.0,SKT-4015,,1.0,0.0,GPAO
04/03/2026,00:32:16,47.74915,-52.25122,1103.0,0.0,SKT-4015,,1.0,0.0,GPAO
04/03/2026,00:32:24,47.74598,-52.24065,1078.0,0.0,SKT-4015,,1.0,0.0,GPAO
04/03/2026,00:32:36,,,,,SKT-4015,,1.0,0.0,GPAO
04/03/2026,00:32:43,47.73335,-52.22657,1047.0,0.0,SKT-4015,,1.0,0.0,GPAO
04/03/2026,00:32:51,47.72733,-52.22396,1027.0,0.0,SKT-4015,,1.0,0.0,GPAO
04/03/2026,00:32:59,47.72118,-52.2214,1010.0,0.0,SKT-4015,,1.0,0.0,GPAO
04/03/2026,00:33:07,47.71491,-52.21872,991.0,0.0,SKT-4015,,1.0,0.0,GPAO
04/03/2026,00:33:16,47.70781,-52.21589,971.0,0.0,SKT-4015,,1.0,0.0,GPAO
04/03/2026,00:33:24,47.70161,-52.21555,953.0,0.0,SKT-4015,,1.0,0.0,GPAO
04/03/2026,00:33:32,47.69617,-52.21844,938.0,0.0,SKT-4015,,1.0,0.0,GPAO
04/03/2026,00:33:40,47.6915,-52.22327,925.0,0.0,SKT-4015,,1.0,0.0,GPAO
04/03/2026,00:33:48,47.687,-52.22885,907.0,0.0,SKT-4015,,1.0,0.0,GPAO
04/03/2026,00:33:56,47.68252,-52.2348,891.0,0.0,SKT-4015,,1.0,0.0,GPAO
04/03/2026,00:34:05,47.67752,-52.24159,886.0,0.0,SKT-4015,,1.0,0.0,GPAO
04/03/2026,00:34:13,47.67318,-52.24757,881.0,0.0,SKT-4015,,1.0,0.0,GPAO
04/03/2026,00:34:21,47.66914,-52.25338,881.0,0.0,SKT-4015,,1.0,0.0,GPAO
04/03/2026,00:34:29,47.66535,-52.25893,878.0,0.0,SKT-4015,,1.0,1.0,GPAO
04/03/2026,00:34:37,47.66177,-52.26425,878.0,0.0,SKT-4015,,1.0,1.0,GPAO
04/03/2026,00:34:44,47.65873,-52.26868,876.0,0.0,SKT-4015,,1.0,1.0,GPAO
04/03/2026,00:34:55,,,,,SKT-4015,,1.0,0.0,GPAO
04/03/2026,00:35:05,,,,,SKT-4015,,1.0,0.0,GPAO
04/03/2026,00:35:15,,,,,SKT-4015,,1.0,0.0,GPAO
04/03/2026,00:35:26,,,,,SKT-4015,,1.0,0.0,GPAO
04/03/2026,00:35:35,,,,,SKT-4015,,1.0,0.0,GPAO
04/03/2026,00:35:45,,,,,SKT-4015,,1.0,0.0,GPAO
04/03/2026,00:35:54,,,,,SKT-4015,,1.0,0.0,GPAO
04/03/2026,00:36:02,,,,,SKT-4015,,1.0,0.0,GPAO
04/03/2026,00:36:12,,,,,SKT-4015,,1.0,0.0,GPAO
04/03/2026,00:36:21,,,,,SKT-4015,,1.0,0.0,GPAO
04/03/2026,00:36:30,,,,,SKT-4015,,1.0,0.0,GPAO
04/03/2026,00:36:40,,,,,SKT-4015,,1.0,0.0,GPAO
04/03/2026,00:36:49,,,,,SKT-4015,,1.0,0.0,GPAO
04/03/2026,00:36:57,,,,,SKT-4015,,1.0,0.0,GPAO
04/03/2026,00:37:07,,,,,SKT-4015,,1.0,0.0,GPAO
04/03/2026,00:37:16,,,,,SKT-4015,,1.0,0.0,GPAO
04/03/2026,00:37:24,,,,,SKT-4015,,1.0,0.0,GPAO
04/03/2026,00:37:34,,,,,SKT-4015,,1.0,0.0,GPAO
04/03/2026,00:37:43,,,,,SKT-4015,,1.0,0.0,GPAO
04/03/2026,00:37:52,,,,,SKT-4015,,1.0,0.0,GPAO
04/03/2026,00:38:02,,,,,SKT-4015,,1.0,0.0,GPAO
04/03/2026,00:38:11,,,,,SKT-4015,,1.0,0.0,GPAO
04/03/2026,00:38:17,47.63939,-52.43435,869.0,0.0,SKT-4015,,1.0,1.0,GPAO
04/03/2026,00:38:24,47.63918,-52.43961,870.0,0.0,SKT-4015,,1.0,1.0,GPAO
04/03/2026,00:38:31,47.63896,-52.44486,870.0,0.0,SKT-4015,,1.0,1.0,GPAO
04/03/2026,00:38:38,47.63872,-52.45008,874.0,0.0,SKT-4015,,1.0,1.0,GPAO
04/03/2026,00:38:46,47.6384,-52.45619,872.0,0.0,SKT-4015,,1.0,1.0,GPAO
04/03/2026,00:38:53,47.63811,-52.46159,870.0,0.0,SKT-4015,,1.0,1.0,GPAO
04/03/2026,00:39:00,47.63784,-52.46702,872.0,0.0,SKT-4015,,1.0,1.0,GPAO
04/03/2026,00:39:08,47.63755,-52.4733,872.0,0.0,SKT-4015,,1.0,1.0,GPAO
04/03/2026,00:39:15,47.63733,-52.47889,871.0,0.0,SKT-4015,,1.0,1.0,GPAO
04/03/2026,00:39:23,47.63709,-52.48536,872.0,0.0,SKT-4015,,1.0,1.0,GPAO
04/03/2026,00:39:30,47.63688,-52.49101,872.0,0.0,SKT-4015,,1.0,1.0,GPAO
04/03/2026,00:39:38,47.6366,-52.49744,874.0,0.0,SKT-4015,,1.0,1.0,GPAO
04/03/2026,00:39:45,47.63635,-52.50312,873.0,0.0,SKT-4015,,1.0,1.0,GPAO
04/03/2026,00:39:52,47.63608,-52.50887,873.0,0.0,SKT-4015,,1.0,1.0,GPAO
04/03/2026,00:40:00,47.63576,-52.51543,873.0,0.0,SKT-4015,,1.0,1.0,GPAO
04/03/2026,00:40:07,47.63546,-52.52107,870.0,0.0,SKT-4015,,1.0,1.0,GPAO
04/03/2026,00:40:14,47.63519,-52.52663,870.0,0.0,SKT-4015,,1.0,1.0,GPAO
04/03/2026,00:40:21,47.63493,-52.53209,870.0,0.0,SKT-4015,,1.0,1.0,GPAO
04/03/2026,00:40:29,47.63466,-52.5382,871.0,0.0,SKT-4015,,1.0,1.0,GPAO
04/03/2026,00:40:36,47.63443,-52.54351,872.0,0.0,SKT-4015,,1.0,1.0,GPAO
04/03/2026,00:40:43,47.63404,-52.54906,876.0,0.0,SKT-4015,,1.0,1.0,GPAO
04/03/2026,00:40:51,47.63358,-52.55569,859.0,0.0,SKT-4015,,1.0,1.0,GPAO
04/03/2026,00:40:58,47.63329,-52.56171,840.0,0.0,SKT-4015,,1.0,1.0,GPAO
04/03/2026,00:41:05,47.63316,-52.56795,818.0,0.0,SKT-4015,,1.0,1.0,GPAO
04/03/2026,00:41:12,47.63311,-52.57413,791.0,0.0,SKT-4015,,1.0,1.0,GPAO
04/03/2026,00:41:20,47.63313,-52.58084,767.0,0.0,SKT-4015,,1.0,1.0,GPAO
04/03/2026,00:41:27,47.63297,-52.58626,753.0,0.0,SKT-4015,,1.0,1.0,GPAO
04/03/2026,00:41:35,47.63258,-52.59175,739.0,0.0,SKT-4015,,1.0,1.0,GPAO
04/03/2026,00:41:42,47.63226,-52.59604,722.0,0.0,SKT-4015,,1.0,1.0,GPAO
04/03/2026,00:41:49,47.63195,-52.60011,705.0,0.0,SKT-4015,,1.0,1.0,GPAO
04/03/2026,00:41:57,47.63164,-52.60463,684.0,0.0,SKT-4015,,1.0,1.0,GPAO
04/03/2026,00:42:06,47.63136,-52.60957,662.0,0.0,SKT-4015,,1.0,1.0,GPAO
04/03/2026,00:42:13,47.63115,-52.6134,647.0,0.0,SKT-4015,,1.0,1.0,GPAO
04/03/2026,00:42:20,47.6309,-52.61729,632.0,0.0,SKT-4015,,1.0,1.0,GPAO
04/03/2026,00:42:28,47.63063,-52.62179,615.0,0.0,SKT-4015,,1.0,1.0,GPAO
04/03/2026,00:42:36,47.63043,-52.6263,598.0,0.0,SKT-4015,,1.0,1.0,GPAO
04/03/2026,00:42:44,47.63021,-52.63084,580.0,0.0,SKT-4015,,1.0,1.0,GPAO
04/03/2026,00:42:51,47.63002,-52.63481,564.0,0.0,SKT-4015,,1.0,1.0,GPAO
04/03/2026,00:42:58,47.62986,-52.6388,547.0,0.0,SKT-4015,,1.0,1.0,GPAO
04/03/2026,00:43:05,47.62971,-52.64278,531.0,0.0,SKT-4015,,1.0,1.0,GPAO
04/03/2026,00:43:13,47.62957,-52.64734,513.0,0.0,SKT-4015,,1.0,1.0,GPAO
04/03/2026,00:43:21,47.62941,-52.65188,493.0,0.0,SKT-4015,,1.0,1.0,GPAO
04/03/2026,00:43:28,47.62927,-52.65583,477.0,0.0,SKT-4015,,1.0,1.0,GPAO
04/03/2026,00:43:35,47.62909,-52.65974,462.0,0.0,SKT-4015,,1.0,1.0,GPAO
04/03/2026,00:43:43,47.6288,-52.66434,444.0,0.0,SKT-4015,,1.0,1.0,GPAO
04/03/2026,00:43:50,47.62857,-52.6685,429.0,0.0,SKT-4015,,1.0,1.0,GPAO
04/03/2026,00:43:58,47.62836,-52.67329,409.0,0.0,SKT-4015,,1.0,1.0,GPAO
04/03/2026,00:44:05,47.6282,-52.67758,392.0,0.0,SKT-4015,,1.0,1.0,GPAO
04/03/2026,00:44:12,47.62797,-52.68201,374.0,0.0,SKT-4015,,1.0,1.0,GPAO
04/03/2026,00:44:24,,,,,SKT-4015,,1.0,0.0,GPAO
04/03/2026,00:44:34,,,,,SKT-4015,,1.0,0.0,GPAO
04/03/2026,00:44:44,,,,,SKT-4015,,1.0,0.0,GPAO
04/03/2026,00:44:54,,,,,SKT-4015,,1.0,0.0,GPAO
04/03/2026,00:45:04,,,,,SKT-4015,,1.0,0.0,GPAO
04/03/2026,00:45:12,,,,,SKT-4015,,1.0,0.0,GPAO
04/03/2026,00:45:20,,,,,SKT-4015,,1.0,0.0,GPAO
04/03/2026,00:45:30,,,,,SKT-4015,,1.0,0.0,GPAO
04/03/2026,00:45:40,,,,,SKT-4015,,1.0,0.0,GPAO
04/03/2026,00:45:48,,,,,SKT-4015,,1.0,0.0,GPAO
04/03/2026,00:45:58,,,,,SKT-4015,,1.0,0.0,GPAO
04/03/2026,00:46:08,,,,,SKT-4015,,1.0,0.0,GPAO
04/03/2026,00:46:18,,,,,SKT-4015,,1.0,0.0,GPAO
04/03/2026,00:46:26,,,,,SKT-4015,,1.0,0.0,GPAO
04/03/2026,00:46:36,,,,,SKT-4015,,1.0,0.0,GPAO
04/03/2026,00:46:45,,,,,SKT-4015,,1.0,0.0,GPAO
04/03/2026,00:46:53,,,,,SKT-4015,,1.0,0.0,GPAO
04/03/2026,00:47:03,,,,,SKT-4015,,1.0,0.0,GPAO
04/03/2026,00:47:12,,,,,SKT-4015,,1.0,0.0,GPAO
04/03/2026,00:47:21,,,,,SKT-4015,,1.0,0.0,GPAO
04/03/2026,00:47:31,,,,,SKT-4015,,1.0,0.0,GPAO
04/03/2026,00:47:40,,,,,SKT-4015,,1.0,0.0,GPAO
04/03/2026,00:47:48,,,,,SKT-4015,,1.0,0.0,GPAO
04/03/2026,00:47:58,,,,,SKT-4015,,1.0,0.0,GPAO
04/03/2026,00:48:07,,,,,SKT-4015,,1.0,0.0,GPAO
04/03/2026,00:48:13,47.61663,-52.73998,143.0,1.0,SKT-4015,,1.0,1.0,GPAO
04/03/2026,00:48:21,47.61611,-52.73932,142.0,1.0,SKT-4015,,1.0,1.0,GPAO
04/03/2026,00:48:33,,,,,SKT-4015,,1.0,1.0,GPAO
04/03/2026,00:48:39,47.61618,-52.73768,140.0,1.0,SKT-4015,,1.0,1.0,GPAO
04/03/2026,00:48:47,47.61663,-52.73695,140.0,1.0,SKT-4015,,1.0,1.0,GPAO
04/03/2026,00:48:54,47.61721,-52.73676,139.0,1.0,SKT-4015,,1.0,1.0,GPAO
04/03/2026,00:49:01,47.61782,-52.73681,138.0,1.0,SKT-4015,,1.0,1.0,GPAO
04/03/2026,00:49:08,47.61846,-52.73687,138.0,1.0,SKT-4015,,1.0,1.0,GPAO
04/03/2026,00:49:16,47.61915,-52.73695,138.0,1.0,SKT-4015,,1.0,1.0,GPAO
04/03/2026,00:49:23,47.61976,-52.737,139.0,1.0,SKT-4015,,1.0,1.0,GPAO
04/03/2026,00:49:30,47.62034,-52.73706,139.0,1.0,SKT-4015,,1.0,1.0,GPAO
04/03/2026,00:49:37,47.62087,-52.73712,140.0,1.0,SKT-4015,,1.0,1.0,GPAO
04/03/2026,00:49:44,47.62133,-52.73716,141.0,1.0,SKT-4015,,1.0,1.0,GPAO
04/03/2026,00:49:52,47.62186,-52.73721,141.0,1.0,SKT-4015,,1.0,1.0,GPAO
04/03/2026,00:49:59,47.62238,-52.73727,141.0,1.0,SKT-4015,,1.0,1.0,GPAO
04/03/2026,00:50:08,47.62286,-52.73713,140.0,1.0,SKT-4015,,1.0,1.0,GPAO
04/03/2026,00:50:15,47.62294,-52.73677,140.0,1.0,SKT-4015,,1.0,1.0,GPAO
04/03/2026,00:50:26,,,,,SKT-4015,,1.0,1.0,GPAO
04/03/2026,00:50:32,47.62275,-52.73656,139.0,1.0,SKT-4015,,1.0,1.0,GPAO
04/03/2026,00:50:39,47.62273,-52.73661,139.0,1.0,SKT-4015,,1.0,1.0,GPAO
04/03/2026,00:50:46,47.62273,-52.73661,139.0,1.0,SKT-4015,,1.0,1.0,GPAO
04/03/2026,00:50:53,47.62273,-52.7366,139.0,1.0,SKT-4015,,1.0,1.0,GPAO
04/03/2026,00:51:02,47.62273,-52.7366,139.0,1.0,SKT-4015,,1.0,1.0,GPAO
04/03/2026,00:51:10,47.62273,-52.7366,139.0,1.0,SKT-4015,,1.0,1.0,GPAO
04/03/2026,00:51:18,47.62273,-52.7366,139.0,1.0,SKT-4015,,1.0,1.0,GPAO
04/03/2026,00:51:26,47.62273,-52.7366,139.0,1.0,SKT-4015,,1.0,1.0,GPAO
04/03/2026,00:51:33,47.62273,-52.7366,139.0,1.0,SKT-4015,,1.0,1.0,GPAO
04/03/2026,00:51:40,47.62273,-52.7366,139.0,1.0,SKT-4015,,1.0,1.0,GPAO
04/03/2026,00:51:47,47.62273,-52.7366,139.0,1.0,SKT-4015,,1.0,1.0,GPAO
04/03/2026,00:51:55,47.62273,-52.7366,138.0,1.0,SKT-4015,,1.0,1.0,GPAO
04/03/2026,00:52:02,47.62273,-52.7366,139.0,1.0,SKT-4015,,1.0,1.0,GPAO
04/03/2026,00:52:09,47.62273,-52.7366,139.0,1.0,SKT-4015,,1.0,1.0,GPAO
04/03/2026,00:52:16,47.62273,-52.73661,139.0,1.0,SKT-4015,,1.0,1.0,GPAO
04/03/2026,00:52:23,47.62273,-52.73661,139.0,1.0,SKT-4015,,1.0,1.0,GPAO
04/03/2026,00:52:31,47.62273,-52.73661,139.0,1.0,SKT-4015,,1.0,1.0,GPAO
04/03/2026,00:52:40,47.62274,-52.73661,139.0,1.0,SKT-4015,,1.0,0.0,GPAO
04/03/2026,00:52:48,47.62273,-52.73659,142.0,1.0,SKT-4015,,1.0,1.0,GPAO
04/03/2026,00:52:56,47.62272,-52.73658,141.0,1.0,SKT-4015,,1.0,1.0,GPAO
04/03/2026,00:53:03,47.62272,-52.73658,140.0,1.0,SKT-4015,,1.0,1.0,GPAO
04/03/2026,00:53:10,47.62273,-52.73658,139.0,1.0,SKT-4015,,1.0,1.0,GPAO
04/03/2026,00:53:17,47.62273,-52.73658,139.0,1.0,SKT-4015,,1.0,1.0,GPAO
04/03/2026,00:53:24,47.62273,-52.73658,139.0,1.0,SKT-4015,,1.0,1.0,GPAO
04/03/2026,00:53:31,47.62273,-52.73658,139.0,1.0,SKT-4015,,1.0,1.0,GPAO
04/03/2026,00:53:39,47.62273,-52.73659,140.0,1.0,SKT-4015,,1.0,1.0,GPAO
04/03/2026,00:53:46,47.62273,-52.73659,140.0,1.0,SKT-4015,,1.0,1.0,GPAO
04/03/2026,00:53:53,47.62273,-52.7366,139.0,1.0,SKT-4015,,1.0,1.0,GPAO
04/03/2026,00:54:00,47.62273,-52.7366,139.0,1.0,SKT-4015,,1.0,1.0,GPAO
04/03/2026,00:54:07,47.62273,-52.7366,139.0,1.0,SKT-4015,,1.0,1.0,GPAO
04/03/2026,00:54:15,47.62273,-52.7366,139.0,1.0,SKT-4015,,1.0,1.0,GPAO
04/03/2026,00:54:22,47.62273,-52.7366,139.0,1.0,SKT-4015,,1.0,1.0,GPAO
04/03/2026,00:54:30,47.62273,-52.7366,139.0,1.0,SKT-4015,,1.0,1.0,GPAO
04/03/2026,00:54:38,47.62273,-52.73661,140.0,1.0,SKT-4015,,1.0,1.0,GPAO
04/03/2026,00:54:45,47.62273,-52.73661,140.0,1.0,SKT-4015,,1.0,1.0,GPAO
04/03/2026,00:54:52,47.62273,-52.7366,139.0,1.0,SKT-4015,,1.0,1.0,GPAO
04/03/2026,00:54:59,47.62273,-52.7366,139.0,1.0,SKT-4015,,1.0,1.0,GPAO
04/03/2026,00:55:06,47.62273,-52.7366,139.0,1.0,SKT-4015,,1.0,1.0,GPAO
04/03/2026,00:55:14,47.62273,-52.7366,139.0,1.0,SKT-4015,,1.0,1.0,GPAO
04/03/2026,00:55:21,47.62273,-52.7366,140.0,1.0,SKT-4015,,1.0,1.0,GPAO
04/03/2026,00:55:28,47.62273,-52.73661,140.0,1.0,SKT-4015,,1.0,1.0,GPAO
04/03/2026,00:55:35,47.62273,-52.73661,141.0,1.0,SKT-4015,,1.0,1.0,GPAO
04/03/2026,00:55:43,47.62273,-52.73661,141.0,1.0,SKT-4015,,1.0,1.0,GPAO
04/03/2026,00:55:50,47.62273,-52.73662,142.0,1.0,SKT-4015,,1.0,1.0,GPAO
04/03/2026,00:55:57,47.62273,-52.73662,142.0,1.0,SKT-4015,,1.0,1.0,GPAO
04/03/2026,00:56:04,47.62273,-52.73662,142.0,1.0,SKT-4015,,1.0,1.0,GPAO
04/03/2026,00:56:13,47.62274,-52.73661,142.0,1.0,SKT-4015,,1.0,1.0,GPAO
04/03/2026,00:56:20,47.62274,-52.73661,142.0,1.0,SKT-4015,,1.0,1.0,GPAO
04/03/2026,00:56:27,47.62274,-52.73661,143.0,1.0,SKT-4015,,1.0,1.0,GPAO
04/03/2026,00:56:35,47.62274,-52.7366,143.0,1.0,SKT-4015,,1.0,1.0,GPAO
04/03/2026,00:56:42,47.62274,-52.7366,142.0,1.0,SKT-4015,,1.0,1.0,GPAO
04/03/2026,00:56:49,47.62273,-52.7366,142.0,1.0,SKT-4015,,1.0,1.0,GPAO
04/03/2026,00:56:57,47.62273,-52.73659,141.0,1.0,SKT-4015,,1.0,1.0,GPAO
04/03/2026,00:57:04,47.62273,-52.73658,140.0,1.0,SKT-4015,,1.0,1.0,GPAO
04/03/2026,00:57:12,47.62273,-52.73658,140.0,1.0,SKT-4015,,1.0,1.0,GPAO
04/03/2026,00:57:19,47.62273,-52.73659,140.0,1.0,SKT-4015,,1.0,1.0,GPAO
04/03/2026,00:57:26,47.62273,-52.73659,140.0,1.0,SKT-4015,,1.0,1.0,GPAO
04/03/2026,00:57:34,47.62273,-52.7366,140.0,1.0,SKT-4015,,1.0,1.0,GPAO
04/03/2026,00:57:41,47.62272,-52.7366,141.0,1.0,SKT-4015,,1.0,1.0,GPAO
04/03/2026,00:57:48,47.62272,-52.7366,141.0,1.0,SKT-4015,,1.0,1.0,GPAO
04/03/2026,00:57:56,47.62272,-52.7366,140.0,1.0,SKT-4015,,1.0,1.0,GPAO
04/03/2026,00:58:03,47.62272,-52.7366,140.0,1.0,SKT-4015,,1.0,1.0,GPAO
04/03/2026,00:58:11,47.62273,-52.7366,141.0,1.0,SKT-4015,,1.0,1.0,GPAO
04/03/2026,00:58:18,47.62273,-52.7366,141.0,1.0,SKT-4015,,1.0,1.0,GPAO
04/03/2026,00:58:25,47.62273,-52.73659,142.0,1.0,SKT-4015,,1.0,1.0,GPAO
04/03/2026,00:58:33,47.62272,-52.73659,141.0,1.0,SKT-4015,,1.0,1.0,GPAO
04/03/2026,00:58:40,47.62272,-52.73659,141.0,1.0,SKT-4015,,1.0,1.0,GPAO
04/03/2026,00:58:47,47.62272,-52.73658,140.0,1.0,SKT-4015,,1.0,1.0,GPAO
04/03/2026,00:58:55,47.62272,-52.73658,139.0,1.0,SKT-4015,,1.0,1.0,GPAO
04/03/2026,00:59:02,47.62272,-52.73658,140.0,1.0,SKT-4015,,1.0,1.0,GPAO
04/03/2026,00:59:09,47.62272,-52.73658,140.0,1.0,SKT-4015,,1.0,1.0,GPAO
04/03/2026,00:59:16,47.62272,-52.73658,141.0,1.0,SKT-4015,,1.0,1.0,GPAO
04/03/2026,00:59:23,47.62272,-52.73658,142.0,1.0,SKT-4015,,1.0,1.0,GPAO
04/03/2026,02:08:14,47.61854,-52.73508,-55.0,1.0,SKT-4015,,1.0,0.0,GPAO
04/03/2026,02:08:22,47.61851,-52.73515,-54.0,1.0,SKT-4015,,1.0,0.0,GPAO
04/03/2026,02:08:30,47.61853,-52.73512,-34.0,1.0,SKT-4015,,1.0,0.0,GPAO
04/03/2026,02:08:38,47.6186,-52.73508,-11.0,1.0,SKT-4015,,1.0,1.0,GPAO
04/03/2026,02:08:46,47.61865,-52.73494,-4.0,1.0,SKT-4015,,1.0,1.0,GPAO
04/03/2026,02:08:53,47.6187,-52.73497,-3.0,1.0,SKT-4015,,1.0,1.0,GPAO
04/03/2026,02:09:04,47.61879,-52.7349,3.0,1.0,SKT-4015,,1.0,1.0,GPAO
04/03/2026,02:09:12,47.61878,-52.7349,15.0,1.0,SKT-4015,,1.0,0.0,GPAO
04/03/2026,02:09:20,47.61879,-52.73521,40.0,1.0,SKT-4015,,1.0,0.0,GPAO
04/03/2026,02:09:28,47.61882,-52.73541,52.0,1.0,SKT-4015,,1.0,1.0,GPAO
04/03/2026,02:09:51,47.61884,-52.73577,68.0,1,SKT-4015,,1.0,1.0,GPAO
04/03/2026,02:10:06,47.61884,-52.73574,46.0,1,SKT-4015,,1.0,1.0,GPAO
04/03/2026,02:10:13,47.6188,-52.73566,29.0,1,SKT-4015,,1.0,1.0,GPAO
04/03/2026,02:10:20,47.61879,-52.73562,25.0,1,SKT-4015,,1.0,1.0,GPAO
04/03/2026,02:10:27,47.61877,-52.73566,38.0,1,SKT-4015,,1.0,1.0,GPAO
04/03/2026,02:10:34,47.61871,-52.73576,42.0,1,SKT-4015,,1.0,1.0,GPAO
04/03/2026,02:10:41,47.61864,-52.73573,32.0,1,SKT-4015,,1.0,1.0,GPAO
04/03/2026,02:10:49,47.61862,-52.73567,24.0,1,SKT-4015,,1.0,1.0,GPAO
04/03/2026,02:10:56,47.61855,-52.73571,29.0,1,SKT-4015,,1.0,1.0,GPAO
04/03/2026,02:11:03,47.61848,-52.73556,40.0,1,SKT-4015,,1.0,1.0,GPAO
04/03/2026,02:11:10,47.61848,-52.73534,48.0,1,SKT-4015,,1.0,1.0,GPAO
04/03/2026,02:11:17,47.61849,-52.73529,46.0,1,SKT-4015,,1.0,1.0,GPAO
04/03/2026,02:11:24,47.61854,-52.73529,32.0,1,SKT-4015,,1.0,1.0,GPAO
04/03/2026,02:11:32,47.61852,-52.73543,38.0,1,SKT-4015,,1.0,1.0,GPAO
04/03/2026,02:11:39,47.61849,-52.7354,35.0,1,SKT-4015,,1.0,1.0,GPAO
04/03/2026,02:11:46,47.61847,-52.73536,26.0,1,SKT-4015,,1.0,1.0,GPAO
04/03/2026,02:11:53,47.61849,-52.73536,7.0,1,SKT-4015,,1.0,1.0,GPAO
04/03/2026,02:12:00,47.61849,-52.73539,-19.0,1,SKT-4015,,1.0,1.0,GPAO
04/03/2026,02:12:07,47.61852,-52.73542,-16.0,1,SKT-4015,,1.0,1.0,GPAO
04/03/2026,02:12:15,47.61856,-52.73538,-7.0,1,SKT-4015,,1.0,1.0,GPAO
04/03/2026,02:12:22,47.61858,-52.73533,5.0,1,SKT-4015,,1.0,1.0,GPAO
04/03/2026,02:12:29,47.61856,-52.73528,1.0,1,SKT-4015,,1.0,1.0,GPAO
04/03/2026,02:12:36,47.61852,-52.73522,-18.0,1,SKT-4015,,1.0,1.0,GPAO
04/03/2026,02:12:43,47.6185,-52.73515,-30.0,1,SKT-4015,,1.0,1.0,GPAO
04/03/2026,02:12:50,47.61848,-52.73513,-36.0,1,SKT-4015,,1.0,1.0,GPAO
04/03/2026,02:12:58,47.61849,-52.73515,-64.0,1,SKT-4015,,1.0,1.0,GPAO
04/03/2026,02:13:05,47.61848,-52.73517,-73.0,1,SKT-4015,,1.0,1.0,GPAO
04/03/2026,02:13:12,47.6185,-52.73515,-59.0,1,SKT-4015,,1.0,1.0,GPAO
04/03/2026,02:13:19,47.6186,-52.73523,-34.0,1,SKT-4015,,1.0,1.0,GPAO
04/03/2026,02:13:26,47.61869,-52.73524,-18.0,1,SKT-4015,,1.0,1.0,GPAO
04/03/2026,02:13:33,47.61881,-52.73522,1.0,1,SKT-4015,,1.0,1.0,GPAO
04/03/2026,02:13:40,47.6189,-52.73521,12.0,1,SKT-4015,,1.0,1.0,GPAO
04/03/2026,02:13:48,47.61897,-52.73525,6.0,1,SKT-4015,,1.0,1.0,GPAO
04/03/2026,02:13:55,47.619,-52.73525,4.0,1,SKT-4015,,1.0,1.0,GPAO
04/03/2026,02:14:02,47.61904,-52.73522,8.0,1,SKT-4015,,1.0,1.0,GPAO
04/03/2026,02:14:09,47.61899,-52.73507,-3.0,1,SKT-4015,,1.0,1.0,GPAO
04/03/2026,02:14:16,47.61897,-52.73492,-14.0,1,SKT-4015,,1.0,1.0,GPAO
04/03/2026,02:14:23,47.61896,-52.73481,-21.0,1,SKT-4015,,1.0,1.0,GPAO
04/03/2026,02:14:31,47.61898,-52.73478,-4.0,1,SKT-4015,,1.0,1.0,GPAO
04/03/2026,02:14:38,47.619,-52.73478,20.0,1,SKT-4015,,1.0,1.0,GPAO
04/03/2026,02:14:45,47.61899,-52.73482,39.0,1,SKT-4015,,1.0,1.0,GPAO
04/03/2026,02:14:52,47.61895,-52.73481,36.0,1,SKT-4015,,1.0,1.0,GPAO
04/03/2026,02:14:59,47.61891,-52.73484,18.0,1,SKT-4015,,1.0,1.0,GPAO
04/03/2026,02:15:06,47.61884,-52.73499,-8.0,1,SKT-4015,,1.0,1.0,GPAO
04/03/2026,02:15:13,47.61877,-52.73514,-16.0,1,SKT-4015,,1.0,1.0,GPAO
04/03/2026,02:15:21,47.61871,-52.73515,-19.0,1,SKT-4015,,1.0,1.0,GPAO
04/03/2026,02:15:28,47.61868,-52.73512,-17.0,1,SKT-4015,,1.0,1.0,GPAO
04/03/2026,02:15:35,47.61869,-52.73506,-17.0,1,SKT-4015,,1.0,1.0,GPAO
04/03/2026,02:15:42,47.61871,-52.73502,-14.0,1,SKT-4015,,1.0,1.0,GPAO
04/03/2026,02:15:49,47.61871,-52.73503,-13.0,1,SKT-4015,,1.0,1.0,GPAO
04/03/2026,02:15:57,47.61872,-52.73502,-8.0,1,SKT-4015,,1.0,1.0,GPAO
04/03/2026,02:16:04,47.61872,-52.73508,5.0,1,SKT-4015,,1.0,1.0,GPAO
04/03/2026,02:16:12,47.61867,-52.73518,15.0,1,SKT-4015,,1.0,1.0,GPAO
04/03/2026,02:16:20,47.61872,-52.73525,3.0,1,SKT-4015,,1.0,1.0,GPAO
04/03/2026,02:16:27,47.6187,-52.73531,-14.0,1,SKT-4015,,1.0,1.0,GPAO
04/03/2026,02:16:34,47.61871,-52.73531,-25.0,1,SKT-4015,,1.0,1.0,GPAO
04/03/2026,02:16:41,47.61873,-52.73527,-31.0,1,SKT-4015,,1.0,1.0,GPAO
04/03/2026,02:16:48,47.61869,-52.73523,-42.0,1,SKT-4015,,1.0,1.0,GPAO
04/03/2026,02:16:56,47.6187,-52.73511,-48.0,1,SKT-4015,,1.0,1.0,GPAO
04/03/2026,02:17:03,47.6187,-52.73504,-49.0,1,SKT-4015,,1.0,1.0,GPAO
04/03/2026,02:17:10,47.61874,-52.73503,-29.0,1,SKT-4015,,1.0,1.0,GPAO
04/03/2026,02:17:17,47.61895,-52.73508,9.0,1,SKT-4015,,1.0,1.0,GPAO
04/03/2026,02:17:24,47.61901,-52.7351,27.0,1,SKT-4015,,1.0,1.0,GPAO
04/03/2026,02:17:32,47.61892,-52.73505,12.0,1,SKT-4015,,1.0,1.0,GPAO
04/03/2026,02:17:40,47.61884,-52.73504,2.0,1,SKT-4015,,1.0,1.0,GPAO
04/03/2026,02:17:47,47.61883,-52.73505,-9.0,1,SKT-4015,,1.0,1.0,GPAO
04/03/2026,02:17:54,47.61874,-52.73497,-29.0,1,SKT-4015,,1.0,1.0,GPAO
04/03/2026,02:18:01,47.61859,-52.73486,-41.0,1,SKT-4015,,1.0,1.0,GPAO
04/03/2026,02:18:08,47.61853,-52.73484,-49.0,1,SKT-4015,,1.0,1.0,GPAO
04/03/2026,02:18:15,47.61857,-52.73488,-58.0,1,SKT-4015,,1.0,1.0,GPAO
04/03/2026,02:18:23,47.61861,-52.73486,-63.0,1,SKT-4015,,1.0,1.0,GPAO
04/03/2026,02:18:30,47.61862,-52.73484,-50.0,1,SKT-4015,,1.0,1.0,GPAO
04/03/2026,02:18:37,47.61871,-52.73486,-27.0,1,SKT-4015,,1.0,1.0,GPAO
04/03/2026,02:18:44,47.61883,-52.73494,2.0,1,SKT-4015,,1.0,1.0,GPAO
04/03/2026,02:18:51,47.6189,-52.73502,18.0,1,SKT-4015,,1.0,1.0,GPAO
04/03/2026,02:18:58,47.61897,-52.7351,23.0,1,SKT-4015,,1.0,1.0,GPAO
04/03/2026,02:19:06,47.61899,-52.73513,23.0,1,SKT-4015,,1.0,1.0,GPAO
04/03/2026,02:19:13,47.61897,-52.7351,23.0,1,SKT-4015,,1.0,1.0,GPAO
04/03/2026,02:19:20,47.61895,-52.73512,8.0,1,SKT-4015,,1.0,1.0,GPAO
04/03/2026,02:19:27,47.61905,-52.73512,22.0,1,SKT-4015,,1.0,1.0,GPAO
04/03/2026,02:19:34,47.619,-52.73506,39.0,1,SKT-4015,,1.0,1.0,GPAO
04/03/2026,02:19:41,47.61888,-52.73499,37.0,1,SKT-4015,,1.0,1.0,GPAO
04/03/2026,02:19:49,47.61871,-52.73496,11.0,1,SKT-4015,,1.0,1.0,GPAO
04/03/2026,02:19:56,47.61861,-52.73506,2.0,1,SKT-4015,,1.0,1.0,GPAO
04/03/2026,02:20:03,47.61847,-52.7351,-10.0,1,SKT-4015,,1.0,1.0,GPAO
04/03/2026,02:20:10,47.61833,-52.73515,-23.0,1,SKT-4015,,1.0,1.0,GPAO
04/03/2026,02:20:17,47.61821,-52.73522,-29.0,1,SKT-4015,,1.0,1.0,GPAO
04/03/2026,02:20:24,47.61813,-52.73515,-31.0,1,SKT-4015,,1.0,1.0,GPAO
04/03/2026,02:20:32,47.61806,-52.73503,-21.0,1,SKT-4015,,1.0,1.0,GPAO
04/03/2026,02:20:39,47.61816,-52.73483,-37.0,1,SKT-4015,,1.0,1.0,GPAO
04/03/2026,02:20:46,47.61821,-52.73473,-41.0,1,SKT-4015,,1.0,1.0,GPAO
04/03/2026,02:20:53,47.61813,-52.73458,-30.0,1,SKT-4015,,1.0,1.0,GPAO
04/03/2026,02:21:00,47.61801,-52.73455,-16.0,1,SKT-4015,,1.0,1.0,GPAO
04/03/2026,02:21:07,47.61782,-52.7346,1.0,1,SKT-4015,,1.0,1.0,GPAO
04/03/2026,02:21:15,47.61781,-52.73459,0.0,1,SKT-4015,,1.0,1.0,GPAO
04/03/2026,02:21:22,47.61776,-52.7346,2.0,1,SKT-4015,,1.0,1.0,GPAO
04/03/2026,02:21:29,47.61774,-52.73462,15.0,1,SKT-4015,,1.0,1.0,GPAO
04/03/2026,02:21:36,47.61801,-52.73479,21.0,1,SKT-4015,,1.0,1.0,GPAO
04/03/2026,02:21:43,47.61816,-52.73492,27.0,1,SKT-4015,,1.0,1.0,GPAO
04/03/2026,02:21:50,47.61826,-52.73497,22.0,1,SKT-4015,,1.0,1.0,GPAO
04/03/2026,02:21:58,47.61836,-52.73498,32.0,1,SKT-4015,,1.0,1.0,GPAO
04/03/2026,02:22:05,47.61835,-52.73512,51.0,1,SKT-4015,,1.0,1.0,GPAO
04/03/2026,02:22:12,47.61855,-52.73527,57.0,1,SKT-4015,,1.0,1.0,GPAO
04/03/2026,02:22:19,47.61874,-52.73535,64.0,1,SKT-4015,,1.0,1.0,GPAO
04/03/2026,02:22:26,47.61887,-52.73536,63.0,1,SKT-4015,,1.0,1.0,GPAO
04/03/2026,02:22:33,47.61885,-52.73533,59.0,1,SKT-4015,,1.0,1.0,GPAO
04/03/2026,02:22:40,47.61875,-52.73526,38.0,1,SKT-4015,,1.0,1.0,GPAO
04/03/2026,02:22:48,47.61851,-52.7351,25.0,1,SKT-4015,,1.0,1.0,GPAO
04/03/2026,02:22:55,47.61836,-52.73498,23.0,1,SKT-4015,,1.0,1.0,GPAO
04/03/2026,02:23:02,47.61824,-52.7348,7.0,1,SKT-4015,,1.0,1.0,GPAO
04/03/2026,02:23:09,47.61804,-52.73493,22.0,1,SKT-4015,,1.0,1.0,GPAO
04/03/2026,02:23:16,47.61798,-52.73498,41.0,1,SKT-4015,,1.0,1.0,GPAO
04/03/2026,02:23:24,47.61791,-52.73493,68.0,1,SKT-4015,,1.0,1.0,GPAO
04/03/2026,02:23:31,47.61781,-52.73487,89.0,1,SKT-4015,,1.0,1.0,GPAO
04/03/2026,02:23:38,47.61772,-52.7349,110.0,1,SKT-4015,,1.0,1.0,GPAO
04/03/2026,02:23:45,47.61816,-52.73486,64.0,1,SKT-4015,,1.0,1.0,GPAO
04/03/2026,02:23:52,47.61848,-52.73484,34.0,1,SKT-4015,,1.0,1.0,GPAO
04/03/2026,02:23:59,47.61865,-52.73482,35.0,1,SKT-4015,,1.0,1.0,GPAO
04/03/2026,02:24:07,47.61858,-52.73499,8.0,1,SKT-4015,,1.0,1.0,GPAO
04/03/2026,02:24:14,47.61826,-52.73528,-32.0,1,SKT-4015,,1.0,1.0,GPAO
04/03/2026,02:24:21,47.61831,-52.73523,-18.0,1,SKT-4015,,1.0,1.0,GPAO
04/03/2026,02:24:28,47.61832,-52.73517,-9.0,1,SKT-4015,,1.0,1.0,GPAO
04/03/2026,02:24:35,47.61834,-52.73511,7.0,1,SKT-4015,,1.0,1.0,GPAO
04/03/2026,02:24:42,47.61828,-52.73523,19.0,1,SKT-4015,,1.0,1.0,GPAO
04/03/2026,02:24:50,47.61826,-52.73522,17.0,1,SKT-4015,,1.0,1.0,GPAO
04/03/2026,02:24:57,47.6182,-52.73517,23.0,1,SKT-4015,,1.0,1.0,GPAO
04/03/2026,02:25:04,47.6182,-52.73524,32.0,1,SKT-4015,,1.0,1.0,GPAO
04/03/2026,02:25:11,47.61837,-52.73525,19.0,1,SKT-4015,,1.0,1.0,GPAO
04/03/2026,02:25:18,47.6185,-52.73515,28.0,1,SKT-4015,,1.0,1.0,GPAO
04/03/2026,02:25:25,47.6186,-52.7351,37.0,1,SKT-4015,,1.0,1.0,GPAO
04/03/2026,02:25:33,47.6186,-52.73519,36.0,1,SKT-4015,,1.0,1.0,GPAO
04/03/2026,02:25:40,47.61864,-52.73521,24.0,1,SKT-4015,,1.0,1.0,GPAO
04/03/2026,02:25:47,47.61855,-52.73512,3.0,1,SKT-4015,,1.0,1.0,GPAO
04/03/2026,02:25:54,47.61849,-52.73495,-30.0,1,SKT-4015,,1.0,1.0,GPAO
04/03/2026,02:26:01,47.61843,-52.73487,-49.0,1,SKT-4015,,1.0,1.0,GPAO
04/03/2026,02:26:08,47.61844,-52.7349,-47.0,1,SKT-4015,,1.0,1.0,GPAO
04/03/2026,02:26:16,47.61836,-52.73487,-32.0,1,SKT-4015,,1.0,1.0,GPAO
04/03/2026,02:26:23,47.61833,-52.73473,-12.0,1,SKT-4015,,1.0,1.0,GPAO
04/03/2026,02:26:30,47.61829,-52.73465,-2.0,1,SKT-4015,,1.0,1.0,GPAO
04/03/2026,02:26:37,47.61834,-52.73473,-6.0,1,SKT-4015,,1.0,1.0,GPAO
04/03/2026,02:26:45,47.61848,-52.73476,2.0,1,SKT-4015,,1.0,1.0,GPAO
04/03/2026,02:26:52,47.61872,-52.73479,32.0,1,SKT-4015,,1.0,1.0,GPAO
04/03/2026,02:27:00,47.61887,-52.73481,38.0,1,SKT-4015,,1.0,1.0,GPAO
04/03/2026,02:27:07,47.61885,-52.73487,21.0,1,SKT-4015,,1.0,1.0,GPAO
04/03/2026,02:27:14,47.61882,-52.73506,0.0,1,SKT-4015,,1.0,1.0,GPAO
04/03/2026,02:27:21,47.61878,-52.73528,-34.0,1,SKT-4015,,1.0,1.0,GPAO
04/03/2026,02:27:28,47.61883,-52.73535,-46.0,1,SKT-4015,,1.0,1.0,GPAO
04/03/2026,02:27:35,47.61884,-52.73533,-54.0,1,SKT-4015,,1.0,1.0,GPAO
04/03/2026,02:27:43,47.61858,-52.73549,-90.0,1,SKT-4015,,1.0,1.0,GPAO
04/03/2026,02:27:50,47.61847,-52.73555,-88.0,1,SKT-4015,,1.0,1.0,GPAO
04/03/2026,02:27:57,47.61844,-52.73544,-72.0,1,SKT-4015,,1.0,1.0,GPAO
04/03/2026,02:28:04,47.61842,-52.7353,-75.0,1,SKT-4015,,1.0,1.0,GPAO
04/03/2026,02:28:11,47.61842,-52.73523,-71.0,1,SKT-4015,,1.0,1.0,GPAO
04/03/2026,02:28:18,47.6184,-52.73516,-67.0,1,SKT-4015,,1.0,1.0,GPAO
04/03/2026,02:28:26,47.61839,-52.73508,-62.0,1,SKT-4015,,1.0,1.0,GPAO
04/03/2026,02:28:33,47.61837,-52.73507,-72.0,1,SKT-4015,,1.0,1.0,GPAO
04/03/2026,02:28:40,47.6184,-52.73506,-86.0,1,SKT-4015,,1.0,1.0,GPAO
04/03/2026,02:28:47,47.61843,-52.73515,-80.0,1,SKT-4015,,1.0,1.0,GPAO
04/03/2026,02:28:54,47.61845,-52.73523,-67.0,1,SKT-4015,,1.0,1.0,GPAO
04/03/2026,02:29:01,47.61849,-52.7353,-58.0,1,SKT-4015,,1.0,1.0,GPAO
04/03/2026,02:29:09,47.61857,-52.7354,-52.0,1,SKT-4015,,1.0,1.0,GPAO
04/03/2026,02:29:16,47.61867,-52.73535,-51.0,1,SKT-4015,,1.0,1.0,GPAO
04/03/2026,02:29:23,47.61876,-52.73528,-41.0,1,SKT-4015,,1.0,1.0,GPAO
04/03/2026,02:29:30,47.61884,-52.73531,-26.0,1,SKT-4015,,1.0,1.0,GPAO
04/03/2026,02:29:37,47.61887,-52.73534,-16.0,1,SKT-4015,,1.0,1.0,GPAO
04/03/2026,02:29:44,47.61887,-52.73536,-6.0,1,SKT-4015,,1.0,1.0,GPAO
04/03/2026,02:29:52,47.61878,-52.73542,11.0,1,SKT-4015,,1.0,1.0,GPAO
04/03/2026,02:29:59,47.6187,-52.7355,39.0,1,SKT-4015,,1.0,1.0,GPAO
04/03/2026,02:30:06,47.61869,-52.7355,40.0,1,SKT-4015,,1.0,1.0,GPAO
04/03/2026,02:30:14,47.61869,-52.7355,27.0,1,SKT-4015,,1.0,1.0,GPAO
04/03/2026,02:30:21,47.61866,-52.73549,12.0,1,SKT-4015,,1.0,1.0,GPAO
04/03/2026,02:30:28,47.61854,-52.73557,11.0,1,SKT-4015,,1.0,1.0,GPAO
04/03/2026,02:30:36,47.61847,-52.73562,20.0,1,SKT-4015,,1.0,1.0,GPAO
04/03/2026,02:30:43,47.61845,-52.73564,23.0,1,SKT-4015,,1.0,1.0,GPAO
04/03/2026,02:30:50,47.61843,-52.73561,13.0,1,SKT-4015,,1.0,1.0,GPAO
04/03/2026,02:30:57,47.61839,-52.73557,-6.0,1,SKT-4015,,1.0,1.0,GPAO
04/03/2026,02:31:04,47.61836,-52.73553,-22.0,1,SKT-4015,,1.0,1.0,GPAO
04/03/2026,02:31:11,47.61834,-52.73559,-3.0,1,SKT-4015,,1.0,1.0,GPAO
04/03/2026,02:31:19,47.61839,-52.73562,14.0,1,SKT-4015,,1.0,1.0,GPAO
04/03/2026,02:31:26,47.61853,-52.73555,8.0,1,SKT-4015,,1.0,1.0,GPAO
04/03/2026,02:31:33,47.61867,-52.73547,5.0,1,SKT-4015,,1.0,1.0,GPAO
04/03/2026,02:31:40,47.61885,-52.73544,5.0,1,SKT-4015,,1.0,1.0,GPAO
04/03/2026,02:31:47,47.61896,-52.73549,20.0,1,SKT-4015,,1.0,1.0,GPAO
04/03/2026,02:31:54,47.61909,-52.73545,38.0,1,SKT-4015,,1.0,1.0,GPAO
04/03/2026,02:32:02,47.61926,-52.73532,52.0,1,SKT-4015,,1.0,1.0,GPAO
04/03/2026,02:32:09,47.61939,-52.73523,64.0,1,SKT-4015,,1.0,1.0,GPAO
04/03/2026,02:32:16,47.6194,-52.73518,76.0,1,SKT-4015,,1.0,1.0,GPAO
04/03/2026,02:32:23,47.61925,-52.73516,79.0,1,SKT-4015,,1.0,1.0,GPAO
04/03/2026,02:32:30,47.61914,-52.73519,78.0,1,SKT-4015,,1.0,1.0,GPAO
04/03/2026,02:32:37,47.61902,-52.73527,58.0,1,SKT-4015,,1.0,1.0,GPAO
04/03/2026,02:32:45,47.61886,-52.73535,36.0,1,SKT-4015,,1.0,1.0,GPAO
04/03/2026,02:32:52,47.61871,-52.73534,36.0,1,SKT-4015,,1.0,1.0,GPAO
04/03/2026,02:32:59,47.61856,-52.73529,46.0,1,SKT-4015,,1.0,1.0,GPAO
04/03/2026,02:33:06,47.61839,-52.73532,64.0,1,SKT-4015,,1.0,1.0,GPAO
04/03/2026,02:33:13,47.61848,-52.73531,43.0,1,SKT-4015,,1.0,1.0,GPAO
04/03/2026,02:33:20,47.61866,-52.73537,12.0,1,SKT-4015,,1.0,1.0,GPAO
04/03/2026,02:33:28,47.61879,-52.73544,-3.0,1,SKT-4015,,1.0,1.0,GPAO
04/03/2026,02:33:35,47.61879,-52.73555,1.0,1,SKT-4015,,1.0,1.0,GPAO
04/03/2026,02:33:42,47.61869,-52.7357,9.0,1,SKT-4015,,1.0,1.0,GPAO
04/03/2026,02:33:49,47.61872,-52.73573,7.0,1,SKT-4015,,1.0,1.0,GPAO
04/03/2026,02:33:56,47.61869,-52.73573,8.0,1,SKT-4015,,1.0,1.0,GPAO
04/03/2026,02:34:03,47.61852,-52.73579,21.0,1,SKT-4015,,1.0,1.0,GPAO
04/03/2026,02:34:11,47.61833,-52.73574,40.0,1,SKT-4015,,1.0,1.0,GPAO
04/03/2026,02:34:18,47.61819,-52.73568,70.0,1,SKT-4015,,1.0,1.0,GPAO
04/03/2026,02:34:25,47.61813,-52.73564,105.0,1,SKT-4015,,1.0,1.0,GPAO
04/03/2026,02:34:32,47.6181,-52.73558,115.0,1,SKT-4015,,1.0,1.0,GPAO
04/03/2026,02:34:39,47.61824,-52.73566,71.0,1,SKT-4015,,1.0,1.0,GPAO
04/03/2026,02:34:47,47.61833,-52.73553,49.0,1,SKT-4015,,1.0,1.0,GPAO
04/03/2026,02:34:55,47.61837,-52.73555,36.0,1,SKT-4015,,1.0,1.0,GPAO
04/03/2026,02:35:02,47.6184,-52.73547,39.0,1,SKT-4015,,1.0,1.0,GPAO
04/03/2026,02:35:09,47.61843,-52.73537,43.0,1,SKT-4015,,1.0,1.0,GPAO
04/03/2026,02:35:16,47.61851,-52.73523,41.0,1,SKT-4015,,1.0,1.0,GPAO
04/03/2026,02:35:23,47.6186,-52.73514,32.0,1,SKT-4015,,1.0,1.0,GPAO
04/03/2026,02:35:30,47.61864,-52.73512,25.0,1,SKT-4015,,1.0,1.0,GPAO
04/03/2026,02:35:38,47.61864,-52.7351,26.0,1,SKT-4015,,1.0,1.0,GPAO
04/03/2026,02:35:45,47.61868,-52.73502,27.0,1,SKT-4015,,1.0,1.0,GPAO
04/03/2026,02:35:52,47.61871,-52.735,29.0,1,SKT-4015,,1.0,1.0,GPAO
04/03/2026,02:35:59,47.61872,-52.735,24.0,1,SKT-4015,,1.0,1.0,GPAO
04/03/2026,02:36:06,47.61874,-52.73499,22.0,1,SKT-4015,,1.0,1.0,GPAO
04/03/2026,02:36:13,47.61871,-52.73497,24.0,1,SKT-4015,,1.0,1.0,GPAO
04/03/2026,02:36:21,47.6187,-52.73501,25.0,1,SKT-4015,,1.0,1.0,GPAO
04/03/2026,02:36:28,47.61869,-52.73496,37.0,1,SKT-4015,,1.0,1.0,GPAO
04/03/2026,02:36:35,47.6187,-52.73491,41.0,1,SKT-4015,,1.0,1.0,GPAO
04/03/2026,02:36:42,47.61872,-52.73488,36.0,1,SKT-4015,,1.0,1.0,GPAO
04/03/2026,02:36:49,47.61874,-52.73494,27.0,1,SKT-4015,,1.0,1.0,GPAO
04/03/2026,02:36:56,47.61875,-52.73505,21.0,1,SKT-4015,,1.0,1.0,GPAO
04/03/2026,02:37:04,47.61884,-52.73511,25.0,1,SKT-4015,,1.0,1.0,GPAO
04/03/2026,02:37:11,47.61895,-52.73517,21.0,1,SKT-4015,,1.0,1.0,GPAO
04/03/2026,02:37:18,47.61906,-52.73523,16.0,1,SKT-4015,,1.0,1.0,GPAO
04/03/2026,02:37:25,47.61911,-52.73528,12.0,1,SKT-4015,,1.0,1.0,GPAO
04/03/2026,02:37:32,47.61911,-52.73533,9.0,1,SKT-4015,,1.0,1.0,GPAO
04/03/2026,02:37:39,47.61898,-52.73542,-4.0,1,SKT-4015,,1.0,1.0,GPAO
04/03/2026,02:37:47,47.61876,-52.73542,-11.0,1,SKT-4015,,1.0,1.0,GPAO
04/03/2026,02:37:54,47.61856,-52.73535,6.0,1,SKT-4015,,1.0,1.0,GPAO
04/03/2026,02:38:01,47.6184,-52.73528,29.0,1,SKT-4015,,1.0,1.0,GPAO
04/03/2026,02:38:08,47.61835,-52.73522,43.0,1,SKT-4015,,1.0,1.0,GPAO
04/03/2026,02:38:15,47.61833,-52.73526,48.0,1,SKT-4015,,1.0,1.0,GPAO
04/03/2026,02:38:22,47.6183,-52.73532,50.0,1,SKT-4015,,1.0,1.0,GPAO
04/03/2026,02:38:30,47.61824,-52.73537,46.0,1,SKT-4015,,1.0,1.0,GPAO
04/03/2026,02:38:37,47.6182,-52.73546,36.0,1,SKT-4015,,1.0,1.0,GPAO
04/03/2026,02:38:44,47.61823,-52.73553,29.0,1,SKT-4015,,1.0,1.0,GPAO
04/03/2026,02:38:51,47.61828,-52.7356,29.0,1,SKT-4015,,1.0,1.0,GPAO
04/03/2026,02:38:58,47.61839,-52.73566,28.0,1,SKT-4015,,1.0,1.0,GPAO
04/03/2026,02:39:05,47.61847,-52.73568,31.0,1,SKT-4015,,1.0,1.0,GPAO
04/03/2026,02:39:13,47.61854,-52.73566,34.0,1,SKT-4015,,1.0,1.0,GPAO
04/03/2026,02:39:20,47.61852,-52.73563,44.0,1,SKT-4015,,1.0,1.0,GPAO
04/03/2026,02:39:27,47.61844,-52.73564,66.0,1,SKT-4015,,1.0,1.0,GPAO
04/03/2026,02:39:34,47.61835,-52.73564,73.0,1,SKT-4015,,1.0,1.0,GPAO
04/03/2026,02:39:41,47.61831,-52.73561,77.0,1,SKT-4015,,1.0,1.0,GPAO
04/03/2026,02:39:48,47.61827,-52.7356,84.0,1,SKT-4015,,1.0,1.0,GPAO
04/03/2026,02:39:56,47.61832,-52.73553,92.0,1,SKT-4015,,1.0,1.0,GPAO
04/03/2026,02:40:03,47.61835,-52.73548,89.0,1,SKT-4015,,1.0,1.0,GPAO
04/03/2026,02:40:10,47.61836,-52.73541,83.0,1,SKT-4015,,1.0,1.0,GPAO
04/03/2026,02:40:17,47.61837,-52.73536,86.0,1,SKT-4015,,1.0,1.0,GPAO
04/03/2026,02:40:24,47.61838,-52.73532,86.0,1,SKT-4015,,1.0,1.0,GPAO
04/03/2026,02:40:31,47.61839,-52.73532,89.0,1,SKT-4015,,1.0,1.0,GPAO
04/03/2026,02:40:39,47.61838,-52.73542,99.0,1,SKT-4015,,1.0,1.0,GPAO
04/03/2026,02:40:46,47.61839,-52.7354,108.0,1,SKT-4015,,1.0,1.0,GPAO
04/03/2026,02:40:53,47.61841,-52.73534,121.0,1,SKT-4015,,1.0,1.0,GPAO
04/03/2026,02:41:00,47.61837,-52.73528,131.0,1,SKT-4015,,1.0,1.0,GPAO
04/03/2026,02:41:07,47.61826,-52.73532,130.0,1,SKT-4015,,1.0,1.0,GPAO
04/03/2026,02:41:14,47.61819,-52.73534,129.0,1,SKT-4015,,1.0,1.0,GPAO
04/03/2026,02:41:21,47.61829,-52.73536,128.0,1,SKT-4015,,1.0,1.0,GPAO
04/03/2026,02:41:29,47.61825,-52.73544,121.0,1,SKT-4015,,1.0,1.0,GPAO
04/03/2026,02:41:36,47.61819,-52.73545,114.0,1,SKT-4015,,1.0,1.0,GPAO
04/03/2026,02:41:43,47.61813,-52.73547,110.0,1,SKT-4015,,1.0,1.0,GPAO
04/03/2026,02:41:50,47.61806,-52.73546,115.0,1,SKT-4015,,1.0,1.0,GPAO
04/03/2026,02:41:57,47.61802,-52.73541,114.0,1,SKT-4015,,1.0,1.0,GPAO
04/03/2026,02:42:04,47.61798,-52.73541,103.0,1,SKT-4015,,1.0,1.0,GPAO
04/03/2026,02:42:12,47.61796,-52.73544,92.0,1,SKT-4015,,1.0,1.0,GPAO
04/03/2026,02:42:19,47.61798,-52.73552,83.0,1,SKT-4015,,1.0,1.0,GPAO
04/03/2026,02:42:26,47.61806,-52.73563,72.0,1,SKT-4015,,1.0,1.0,GPAO
04/03/2026,02:42:33,47.61816,-52.73565,69.0,1,SKT-4015,,1.0,1.0,GPAO
04/03/2026,02:42:40,47.61824,-52.73568,67.0,1,SKT-4015,,1.0,1.0,GPAO
04/03/2026,02:42:47,47.6183,-52.7357,59.0,1,SKT-4015,,1.0,1.0,GPAO
04/03/2026,02:42:55,47.61834,-52.73566,51.0,1,SKT-4015,,1.0,1.0,GPAO
04/03/2026,02:43:02,47.61829,-52.73561,65.0,1,SKT-4015,,1.0,1.0,GPAO
04/03/2026,02:43:09,47.61826,-52.7355,76.0,1,SKT-4015,,1.0,1.0,GPAO
04/03/2026,02:43:16,47.61829,-52.73539,86.0,1,SKT-4015,,1.0,1.0,GPAO
04/03/2026,02:43:23,47.61828,-52.7353,92.0,1,SKT-4015,,1.0,1.0,GPAO
04/03/2026,02:43:31,47.61824,-52.73521,101.0,1,SKT-4015,,1.0,1.0,GPAO
04/03/2026,02:43:38,47.61814,-52.73521,112.0,1,SKT-4015,,1.0,1.0,GPAO
04/03/2026,02:43:45,47.61801,-52.73524,122.0,1,SKT-4015,,1.0,1.0,GPAO
04/03/2026,02:43:52,47.618,-52.73523,111.0,1,SKT-4015,,1.0,1.0,GPAO
04/03/2026,02:43:59,47.61798,-52.73528,113.0,1,SKT-4015,,1.0,1.0,GPAO
04/03/2026,02:44:06,47.618,-52.7353,118.0,1,SKT-4015,,1.0,1.0,GPAO
04/03/2026,02:44:13,47.61804,-52.73522,116.0,1,SKT-4015,,1.0,1.0,GPAO
04/03/2026,02:44:21,47.6181,-52.73515,110.0,1,SKT-4015,,1.0,1.0,GPAO
04/03/2026,02:44:28,47.6181,-52.73512,110.0,1,SKT-4015,,1.0,1.0,GPAO
04/03/2026,02:44:35,47.61816,-52.7351,108.0,1,SKT-4015,,1.0,1.0,GPAO
04/03/2026,02:44:42,47.61826,-52.73507,104.0,1,SKT-4015,,1.0,1.0,GPAO
04/03/2026,02:44:49,47.61832,-52.73505,105.0,1,SKT-4015,,1.0,1.0,GPAO
04/03/2026,02:44:57,47.61826,-52.73501,115.0,1,SKT-4015,,1.0,1.0,GPAO
04/03/2026,02:45:04,47.61823,-52.73508,121.0,1,SKT-4015,,1.0,1.0,GPAO
04/03/2026,02:45:11,47.61826,-52.73515,114.0,1,SKT-4015,,1.0,1.0,GPAO
04/03/2026,02:45:18,47.61832,-52.73515,97.0,1,SKT-4015,,1.0,1.0,GPAO
04/03/2026,02:45:25,47.61835,-52.73512,104.0,1,SKT-4015,,1.0,1.0,GPAO
04/03/2026,02:45:32,47.61832,-52.73512,116.0,1,SKT-4015,,1.0,1.0,GPAO
04/03/2026,02:45:40,47.61832,-52.7351,134.0,1,SKT-4015,,1.0,1.0,GPAO
04/03/2026,02:45:47,47.61829,-52.73507,143.0,1,SKT-4015,,1.0,1.0,GPAO
04/03/2026,02:45:55,47.61815,-52.73508,158.0,1,SKT-4015,,1.0,1.0,GPAO
04/03/2026,02:46:02,47.6181,-52.73509,171.0,1,SKT-4015,,1.0,1.0,GPAO
04/03/2026,02:46:09,47.61806,-52.73512,180.0,1,SKT-4015,,1.0,1.0,GPAO
04/03/2026,02:46:16,47.61809,-52.73519,172.0,1,SKT-4015,,1.0,1.0,GPAO
04/03/2026,02:46:24,47.61812,-52.73536,142.0,1,SKT-4015,,1.0,1.0,GPAO
04/03/2026,02:46:31,47.61818,-52.73561,106.0,1,SKT-4015,,1.0,1.0,GPAO
04/03/2026,11:53:06,47.61749,-52.73596,142.0,1,SKT-4015,,1.0,0.0,GPAO
04/03/2026,11:53:14,47.61735,-52.73599,174.0,1,SKT-4015,,1.0,0.0,GPAO
04/03/2026,11:53:23,47.61732,-52.73598,179.0,1,SKT-4015,,1.0,0.0,GPAO
04/03/2026,11:53:31,47.61732,-52.73598,174.0,1,SKT-4015,,1.0,0.0,GPAO
04/03/2026,11:53:39,47.61735,-52.73599,169.0,1,SKT-4015,,1.0,0.0,GPAO
04/03/2026,11:53:47,47.61738,-52.73598,163.0,1,SKT-4015,,1.0,0.0,GPAO
04/03/2026,11:53:55,47.6174,-52.73598,159.0,1,SKT-4015,,1.0,0.0,GPAO
04/03/2026,11:54:03,47.61741,-52.73598,156.0,1,SKT-4015,,1.0,0.0,GPAO
04/03/2026,11:54:11,47.61742,-52.73597,153.0,1,SKT-4015,,1.0,0.0,GPAO
04/03/2026,11:54:20,47.61743,-52.73597,152.0,1,SKT-4015,,1.0,0.0,GPAO
04/03/2026,11:54:28,47.61743,-52.73597,150.0,1,SKT-4015,,1.0,0.0,GPAO
04/03/2026,11:54:35,47.61744,-52.73597,149.0,1,SKT-4015,,1.0,1.0,GPAO
04/03/2026,11:54:58,47.61744,-52.73597,147.0,1.0,SKT-4015,,1.0,1.0,GPAO
04/03/2026,11:55:05,47.61744,-52.73597,146.0,1.0,SKT-4015,,1.0,1.0,GPAO
04/03/2026,11:55:12,47.61744,-52.73597,146.0,1.0,SKT-4015,,1.0,1.0,GPAO
04/03/2026,11:55:19,47.61744,-52.73597,145.0,1.0,SKT-4015,,1.0,1.0,GPAO
04/03/2026,11:55:26,47.61744,-52.73597,145.0,1.0,SKT-4015,,1.0,1.0,GPAO
04/03/2026,11:55:33,47.61744,-52.73597,145.0,1.0,SKT-4015,,1.0,1.0,GPAO
04/03/2026,11:55:41,47.61744,-52.73597,144.0,1.0,SKT-4015,,1.0,1.0,GPAO
04/03/2026,11:55:48,47.61744,-52.73597,144.0,1.0,SKT-4015,,1.0,1.0,GPAO
04/03/2026,11:55:55,47.61745,-52.73597,144.0,1.0,SKT-4015,,1.0,1.0,GPAO
04/03/2026,11:56:02,47.61746,-52.73597,147.0,1.0,SKT-4015,,1.0,1.0,GPAO
04/03/2026,11:56:09,47.61746,-52.73597,147.0,1.0,SKT-4015,,1.0,1.0,GPAO
04/03/2026,11:56:16,47.61746,-52.73597,146.0,1.0,SKT-4015,,1.0,1.0,GPAO
04/03/2026,11:56:24,47.61746,-52.73597,146.0,1.0,SKT-4015,,1.0,1.0,GPAO
04/03/2026,11:56:31,47.61746,-52.73597,145.0,1.0,SKT-4015,,1.0,1.0,GPAO
04/03/2026,11:56:38,47.61746,-52.73597,145.0,1.0,SKT-4015,,1.0,1.0,GPAO
04/03/2026,11:56:45,47.61746,-52.73597,145.0,1.0,SKT-4015,,1.0,1.0,GPAO
04/03/2026,11:56:52,47.61746,-52.73597,145.0,1.0,SKT-4015,,1.0,1.0,GPAO
04/03/2026,11:56:59,47.61746,-52.73597,145.0,1.0,SKT-4015,,1.0,1.0,GPAO
04/03/2026,11:57:06,47.61746,-52.73597,146.0,1.0,SKT-4015,,1.0,1.0,GPAO
04/03/2026,11:57:14,47.61746,-52.73597,146.0,1.0,SKT-4015,,1.0,1.0,GPAO
04/03/2026,11:57:21,47.61746,-52.73597,146.0,1.0,SKT-4015,,1.0,1.0,GPAO
04/03/2026,11:57:28,47.61746,-52.73597,146.0,1.0,SKT-4015,,1.0,1.0,GPAO
04/03/2026,11:57:35,47.61746,-52.73597,147.0,1.0,SKT-4015,,1.0,1.0,GPAO
04/03/2026,11:57:42,47.61745,-52.73597,147.0,1.0,SKT-4015,,1.0,1.0,GPAO
04/03/2026,11:57:49,47.61745,-52.73597,147.0,1.0,SKT-4015,,1.0,1.0,GPAO
04/03/2026,11:57:57,47.61745,-52.736,145.0,1.0,SKT-4015,,1.0,1.0,GPAO
04/03/2026,11:58:04,47.61745,-52.73599,144.0,1.0,SKT-4015,,1.0,1.0,GPAO
04/03/2026,11:58:14,,,,,SKT-4015,,1.0,1.0,GPAO
04/03/2026,11:58:23,47.61745,-52.73599,144.0,1.0,SKT-4015,,1.0,1.0,GPAO
04/03/2026,11:59:36,47.61745,-52.73598,144.0,1.0,SKT-4015,,1.0,1.0,GPAO
04/03/2026,11:59:46,47.61745,-52.73599,146.0,1.0,SKT-4015,,1.0,1.0,GPAO
04/03/2026,11:59:37,,,,,SKT-4015,,1.0,0.0,GPAO
04/03/2026,11:59:48,,,,,SKT-4015,,1.0,0.0,GPAO
04/03/2026,12:00:27,47.61745,-52.73598,143.0,1.0,SKT-4015,,1.0,1.0,GPAO
04/03/2026,12:00:42,47.61745,-52.73598,144.0,1.0,SKT-4015,,1.0,1.0,GPAO
04/03/2026,12:00:50,47.61745,-52.73598,143.0,1.0,SKT-4015,,1.0,1.0,GPAO
04/03/2026,12:01:02,,,,,SKT-4015,,1.0,1.0,GPAO
04/03/2026,12:01:29,47.61745,-52.73598,144.0,1,SKT-4015,,1.0,1.0,GPAO
04/03/2026,12:01:36,47.61744,-52.73599,144.0,1,SKT-4015,,1.0,1.0,GPAO
04/03/2026,12:01:43,47.61744,-52.73599,144.0,1,SKT-4015,,1.0,1.0,GPAO
04/03/2026,12:01:50,47.61744,-52.73598,144.0,1,SKT-4015,,1.0,1.0,GPAO
04/03/2026,12:01:58,47.61744,-52.73598,144.0,1,SKT-4015,,1.0,1.0,GPAO
04/03/2026,12:02:12,47.61744,-52.73598,143.0,1.0,SKT-4015,,1.0,1.0,GPAO
04/03/2026,12:02:19,47.61745,-52.73598,144.0,1.0,SKT-4015,,1.0,1.0,GPAO
04/03/2026,12:02:26,47.61745,-52.73598,144.0,1.0,SKT-4015,,1.0,1.0,GPAO
04/03/2026,12:02:33,47.61745,-52.73598,144.0,1.0,SKT-4015,,1.0,1.0,GPAO
04/03/2026,12:02:41,47.61745,-52.73598,145.0,1.0,SKT-4015,,1.0,1.0,GPAO
04/03/2026,12:02:48,47.61745,-52.73598,145.0,1.0,SKT-4015,,1.0,1.0,GPAO
04/03/2026,12:02:55,47.61745,-52.73598,145.0,1.0,SKT-4015,,1.0,1.0,GPAO
04/03/2026,12:03:02,47.61745,-52.73598,145.0,1.0,SKT-4015,,1.0,1.0,GPAO
04/03/2026,12:03:09,47.61745,-52.73598,145.0,1.0,SKT-4015,,1.0,1.0,GPAO
04/03/2026,12:03:16,47.61745,-52.73598,145.0,1.0,SKT-4015,,1.0,1.0,GPAO
04/03/2026,12:03:24,47.61745,-52.73598,145.0,1.0,SKT-4015,,1.0,1.0,GPAO
04/03/2026,12:03:31,47.61745,-52.73598,145.0,1.0,SKT-4015,,1.0,1.0,GPAO
04/03/2026,12:03:38,47.61745,-52.73598,145.0,1.0,SKT-4015,,1.0,1.0,GPAO
04/03/2026,12:03:45,47.61745,-52.73598,145.0,1.0,SKT-4015,,1.0,1.0,GPAO
04/03/2026,12:03:52,47.61745,-52.73598,145.0,1.0,SKT-4015,,1.0,1.0,GPAO
04/03/2026,12:04:00,47.61745,-52.73598,145.0,1.0,SKT-4015,,1.0,1.0,GPAO
04/03/2026,12:04:07,47.61745,-52.73597,145.0,1.0,SKT-4015,,1.0,1.0,GPAO
04/03/2026,12:04:15,47.61745,-52.73597,145.0,1.0,SKT-4015,,1.0,1.0,GPAO
04/03/2026,12:04:22,47.61746,-52.73597,145.0,1.0,SKT-4015,,1.0,1.0,GPAO
04/03/2026,12:04:30,47.61746,-52.73597,145.0,1.0,SKT-4015,,1.0,1.0,GPAO
04/03/2026,12:04:39,47.61746,-52.73597,145.0,1.0,SKT-4015,,1.0,1.0,GPAO
04/03/2026,12:04:47,47.61746,-52.73597,144.0,1.0,SKT-4015,,1.0,1.0,GPAO
04/03/2026,12:04:57,,,,,SKT-4015,,1.0,1.0,GPAO
04/03/2026,12:05:06,47.61746,-52.73597,145.0,1.0,SKT-4015,,1.0,1.0,GPAO
04/03/2026,12:05:13,47.61746,-52.73597,145.0,1.0,SKT-4015,,1.0,1.0,GPAO
04/03/2026,12:05:20,47.61746,-52.73598,144.0,1.0,SKT-4015,,1.0,1.0,GPAO
04/03/2026,12:05:28,47.61745,-52.73598,144.0,1.0,SKT-4015,,1.0,1.0,GPAO
04/03/2026,12:05:36,47.61745,-52.73598,144.0,1.0,SKT-4015,,1.0,1.0,GPAO
04/03/2026,12:05:43,47.61745,-52.73598,144.0,1.0,SKT-4015,,1.0,1.0,GPAO
04/03/2026,12:05:50,47.61745,-52.73598,144.0,1.0,SKT-4015,,1.0,1.0,GPAO
04/03/2026,12:05:57,47.61746,-52.73598,144.0,1.0,SKT-4015,,1.0,1.0,GPAO
04/03/2026,12:06:04,47.61746,-52.73598,144.0,1.0,SKT-4015,,1.0,1.0,GPAO
04/03/2026,12:06:12,47.61745,-52.73598,144.0,1.0,SKT-4015,,1.0,1.0,GPAO
04/03/2026,12:06:20,47.61745,-52.73598,144.0,1.0,SKT-4015,,1.0,1.0,GPAO
04/03/2026,12:06:27,47.61745,-52.73598,144.0,1.0,SKT-4015,,1.0,1.0,GPAO
04/03/2026,12:06:34,47.61745,-52.73597,144.0,1.0,SKT-4015,,1.0,1.0,GPAO
04/03/2026,12:06:41,47.61745,-52.73597,144.0,1.0,SKT-4015,,1.0,1.0,GPAO
04/03/2026,12:06:48,47.61746,-52.73597,144.0,1.0,SKT-4015,,1.0,1.0,GPAO
04/03/2026,12:06:56,47.61746,-52.73597,145.0,1.0,SKT-4015,,1.0,1.0,GPAO
04/03/2026,12:07:03,47.61745,-52.73597,145.0,1.0,SKT-4015,,1.0,1.0,GPAO
04/03/2026,12:07:10,47.61745,-52.73597,145.0,1.0,SKT-4015,,1.0,1.0,GPAO
04/03/2026,12:07:17,47.61745,-52.73597,144.0,1.0,SKT-4015,,1.0,1.0,GPAO
04/03/2026,12:07:24,47.61745,-52.73597,144.0,1.0,SKT-4015,,1.0,1.0,GPAO
04/03/2026,12:07:31,47.61746,-52.73597,144.0,1.0,SKT-4015,,1.0,1.0,GPAO
04/03/2026,12:07:39,47.61746,-52.73597,145.0,1.0,SKT-4015,,1.0,1.0,GPAO
04/03/2026,12:07:46,47.61746,-52.73596,145.0,1.0,SKT-4015,,1.0,1.0,GPAO
04/03/2026,12:07:53,47.61746,-52.73597,145.0,1.0,SKT-4015,,1.0,1.0,GPAO
04/03/2026,12:08:01,47.61746,-52.73597,145.0,1.0,SKT-4015,,1.0,1.0,GPAO
04/03/2026,12:08:08,47.61746,-52.73597,145.0,1.0,SKT-4015,,1.0,1.0,GPAO
04/03/2026,12:08:15,47.61746,-52.73597,146.0,1.0,SKT-4015,,1.0,1.0,GPAO
04/03/2026,12:08:23,47.61746,-52.73597,146.0,1.0,SKT-4015,,1.0,1.0,GPAO
04/03/2026,12:08:30,47.61746,-52.73597,146.0,1.0,SKT-4015,,1.0,1.0,GPAO
04/03/2026,12:08:37,47.61746,-52.73597,146.0,1.0,SKT-4015,,1.0,1.0,GPAO
04/03/2026,12:08:44,47.61746,-52.73597,147.0,1.0,SKT-4015,,1.0,1.0,GPAO
04/03/2026,12:08:52,47.61746,-52.73597,147.0,1.0,SKT-4015,,1.0,1.0,GPAO
04/03/2026,12:08:59,47.61746,-52.73597,147.0,1.0,SKT-4015,,1.0,1.0,GPAO
04/03/2026,12:09:06,47.61746,-52.73597,147.0,1.0,SKT-4015,,1.0,1.0,GPAO
04/03/2026,12:09:13,47.61746,-52.73597,147.0,1.0,SKT-4015,,1.0,1.0,GPAO
04/03/2026,12:09:20,47.61745,-52.73597,147.0,1.0,SKT-4015,,1.0,1.0,GPAO
04/03/2026,12:09:27,47.61745,-52.73597,147.0,1.0,SKT-4015,,1.0,1.0,GPAO
04/03/2026,12:09:35,47.61746,-52.73596,147.0,1.0,SKT-4015,,1.0,1.0,GPAO
04/03/2026,12:09:42,47.61746,-52.73596,147.0,1.0,SKT-4015,,1.0,1.0,GPAO
04/03/2026,12:09:49,47.61746,-52.73597,147.0,1.0,SKT-4015,,1.0,1.0,GPAO
04/03/2026,12:09:56,47.61746,-52.73597,147.0,1.0,SKT-4015,,1.0,1.0,GPAO
04/03/2026,12:10:03,47.61746,-52.73597,147.0,1.0,SKT-4015,,1.0,1.0,GPAO
04/03/2026,12:10:10,47.61746,-52.73596,147.0,1.0,SKT-4015,,1.0,1.0,GPAO
04/03/2026,12:10:18,47.61746,-52.73597,147.0,1.0,SKT-4015,,1.0,1.0,GPAO
04/03/2026,12:10:25,47.61746,-52.73597,147.0,1.0,SKT-4015,,1.0,1.0,GPAO
04/03/2026,12:10:32,47.61746,-52.73597,147.0,1.0,SKT-4015,,1.0,1.0,GPAO
04/03/2026,12:10:39,47.61746,-52.73597,146.0,1.0,SKT-4015,,1.0,1.0,GPAO
04/03/2026,12:10:46,47.61746,-52.73597,145.0,1.0,SKT-4015,,1.0,1.0,GPAO
04/03/2026,12:10:53,47.61746,-52.73597,145.0,1.0,SKT-4015,,1.0,1.0,GPAO
04/03/2026,12:11:01,47.61746,-52.73596,145.0,1.0,SKT-4015,,1.0,1.0,GPAO
04/03/2026,12:11:08,47.61746,-52.73596,145.0,1.0,SKT-4015,,1.0,1.0,GPAO
04/03/2026,12:11:15,47.61746,-52.73596,145.0,1.0,SKT-4015,,1.0,1.0,GPAO
04/03/2026,12:11:22,47.61746,-52.73596,144.0,1.0,SKT-4015,,1.0,1.0,GPAO
04/03/2026,12:11:29,47.61746,-52.73596,144.0,1.0,SKT-4015,,1.0,1.0,GPAO
04/03/2026,12:11:36,47.61745,-52.73596,145.0,1.0,SKT-4015,,1.0,1.0,GPAO
04/03/2026,12:11:44,47.61745,-52.73596,145.0,1.0,SKT-4015,,1.0,1.0,GPAO
04/03/2026,12:11:51,47.61745,-52.73596,145.0,1.0,SKT-4015,,1.0,1.0,GPAO
04/03/2026,12:11:58,47.61745,-52.73596,145.0,1.0,SKT-4015,,1.0,1.0,GPAO
04/03/2026,12:12:05,47.61745,-52.73596,145.0,1.0,SKT-4015,,1.0,1.0,GPAO
04/03/2026,12:12:12,47.61745,-52.73596,145.0,1.0,SKT-4015,,1.0,1.0,GPAO
04/03/2026,12:12:20,47.61745,-52.73596,145.0,1.0,SKT-4015,,1.0,1.0,GPAO
04/03/2026,12:12:27,47.61745,-52.73596,145.0,1.0,SKT-4015,,1.0,1.0,GPAO
04/03/2026,12:12:34,47.61745,-52.73596,146.0,1.0,SKT-4015,,1.0,1.0,GPAO
04/03/2026,12:12:41,47.61745,-52.73597,146.0,1.0,SKT-4015,,1.0,1.0,GPAO
04/03/2026,12:12:48,47.61746,-52.73597,145.0,1.0,SKT-4015,,1.0,1.0,GPAO
04/03/2026,12:12:55,47.61746,-52.73597,145.0,1.0,SKT-4015,,1.0,1.0,GPAO
04/03/2026,12:13:03,47.61746,-52.73597,144.0,1.0,SKT-4015,,1.0,1.0,GPAO
04/03/2026,12:13:10,47.61746,-52.73597,144.0,1.0,SKT-4015,,1.0,1.0,GPAO
04/03/2026,12:13:17,47.61746,-52.73597,144.0,1.0,SKT-4015,,1.0,1.0,GPAO
04/03/2026,12:13:24,47.61746,-52.73597,144.0,1.0,SKT-4015,,1.0,1.0,GPAO
04/03/2026,12:13:31,47.61746,-52.73596,144.0,1.0,SKT-4015,,1.0,1.0,GPAO
04/03/2026,12:13:39,47.61746,-52.73596,144.0,1.0,SKT-4015,,1.0,1.0,GPAO
04/03/2026,12:13:46,47.61746,-52.73596,144.0,1.0,SKT-4015,,1.0,1.0,GPAO
04/03/2026,12:13:53,47.61746,-52.73596,144.0,1.0,SKT-4015,,1.0,1.0,GPAO
04/03/2026,12:14:02,47.61746,-52.73596,145.0,1.0,SKT-4015,,1.0,1.0,GPAO
04/03/2026,12:14:12,,,,,SKT-4015,,1.0,1.0,GPAO
04/03/2026,12:14:21,,,,,SKT-4015,,1.0,1.0,GPAO
04/03/2026,12:14:28,47.61747,-52.73596,145.0,1.0,SKT-4015,,1.0,1.0,GPAO
04/03/2026,12:14:35,47.61747,-52.73596,145.0,1.0,SKT-4015,,1.0,1.0,GPAO
04/03/2026,12:14:42,47.61747,-52.73596,145.0,1.0,SKT-4015,,1.0,1.0,GPAO
04/03/2026,12:14:49,47.61747,-52.73596,145.0,1.0,SKT-4015,,1.0,1.0,GPAO
04/03/2026,12:14:56,47.61747,-52.73596,144.0,1.0,SKT-4015,,1.0,1.0,GPAO
04/03/2026,12:15:04,47.61747,-52.73596,144.0,1.0,SKT-4015,,1.0,1.0,GPAO
04/03/2026,12:15:11,47.61747,-52.73596,144.0,1.0,SKT-4015,,1.0,1.0,GPAO
04/03/2026,12:15:18,47.61747,-52.73596,144.0,1.0,SKT-4015,,1.0,1.0,GPAO
04/03/2026,12:15:25,47.61748,-52.73595,144.0,1.0,SKT-4015,,1.0,1.0,GPAO
04/03/2026,12:15:33,47.61748,-52.73595,143.0,1.0,SKT-4015,,1.0,1.0,GPAO
04/03/2026,12:15:40,47.61747,-52.73596,143.0,1.0,SKT-4015,,1.0,1.0,GPAO
04/03/2026,12:15:47,47.61747,-52.73595,143.0,1.0,SKT-4015,,1.0,1.0,GPAO
04/03/2026,12:15:54,47.61748,-52.73595,143.0,1.0,SKT-4015,,1.0,1.0,GPAO
04/03/2026,12:16:01,47.61748,-52.73595,143.0,1.0,SKT-4015,,1.0,1.0,GPAO
04/03/2026,12:16:09,47.61748,-52.73595,143.0,1.0,SKT-4015,,1.0,1.0,GPAO
04/03/2026,12:16:16,47.61748,-52.73595,142.0,1.0,SKT-4015,,1.0,1.0,GPAO
04/03/2026,12:16:23,47.61748,-52.73595,142.0,1.0,SKT-4015,,1.0,1.0,GPAO
04/03/2026,12:16:30,47.61748,-52.73595,142.0,1.0,SKT-4015,,1.0,1.0,GPAO
04/03/2026,12:16:37,47.61747,-52.73595,142.0,1.0,SKT-4015,,1.0,1.0,GPAO
04/03/2026,12:16:44,47.61748,-52.73595,141.0,1.0,SKT-4015,,1.0,1.0,GPAO
04/03/2026,12:16:52,47.61747,-52.73594,141.0,1.0,SKT-4015,,1.0,1.0,GPAO
04/03/2026,12:17:00,47.61747,-52.73594,141.0,1.0,SKT-4015,,1.0,1.0,GPAO
04/03/2026,12:17:07,47.61747,-52.73595,141.0,1.0,SKT-4015,,1.0,1.0,GPAO
04/03/2026,12:17:14,47.61747,-52.73595,141.0,1.0,SKT-4015,,1.0,1.0,GPAO
04/03/2026,12:17:21,47.61747,-52.73595,141.0,1.0,SKT-4015,,1.0,1.0,GPAO
04/03/2026,12:17:28,47.61747,-52.73595,141.0,1.0,SKT-4015,,1.0,1.0,GPAO
04/03/2026,12:17:37,47.61747,-52.73595,142.0,1.0,SKT-4015,,1.0,1.0,GPAO
04/03/2026,12:17:44,47.61747,-52.73595,142.0,1.0,SKT-4015,,1.0,1.0,GPAO
04/03/2026,12:17:51,47.61747,-52.73595,142.0,1.0,SKT-4015,,1.0,1.0,GPAO
04/03/2026,12:17:58,47.61747,-52.73595,142.0,1.0,SKT-4015,,1.0,1.0,GPAO
04/03/2026,12:18:05,47.61747,-52.73595,142.0,1.0,SKT-4015,,1.0,1.0,GPAO
04/03/2026,12:18:12,47.61747,-52.73595,142.0,1.0,SKT-4015,,1.0,1.0,GPAO
04/03/2026,12:18:20,47.61747,-52.73595,142.0,1.0,SKT-4015,,1.0,1.0,GPAO
04/03/2026,12:18:27,47.61747,-52.73595,143.0,1.0,SKT-4015,,1.0,1.0,GPAO
04/03/2026,12:18:34,47.61747,-52.73595,143.0,1.0,SKT-4015,,1.0,1.0,GPAO
04/03/2026,12:18:41,47.61747,-52.73596,143.0,1.0,SKT-4015,,1.0,1.0,GPAO
04/03/2026,12:18:48,47.61747,-52.73596,143.0,1.0,SKT-4015,,1.0,1.0,GPAO
04/03/2026,12:18:55,47.61747,-52.73596,143.0,1.0,SKT-4015,,1.0,1.0,GPAO
04/03/2026,12:19:03,47.61747,-52.73596,142.0,1.0,SKT-4015,,1.0,1.0,GPAO
04/03/2026,12:19:10,47.61747,-52.73597,142.0,1.0,SKT-4015,,1.0,1.0,GPAO
04/03/2026,12:19:17,47.61747,-52.73597,141.0,1.0,SKT-4015,,1.0,1.0,GPAO
04/03/2026,12:19:25,47.61747,-52.73597,141.0,1.0,SKT-4015,,1.0,1.0,GPAO
04/03/2026,12:19:32,47.61747,-52.73596,140.0,1.0,SKT-4015,,1.0,1.0,GPAO
04/03/2026,12:19:40,47.61747,-52.73596,140.0,1.0,SKT-4015,,1.0,1.0,GPAO
04/03/2026,12:19:48,47.61747,-52.73596,140.0,1.0,SKT-4015,,1.0,1.0,GPAO
04/03/2026,12:19:56,47.61747,-52.73596,140.0,1.0,SKT-4015,,1.0,1.0,GPAO
04/03/2026,12:20:03,47.61747,-52.73596,139.0,1.0,SKT-4015,,1.0,1.0,GPAO
04/03/2026,12:20:10,47.61747,-52.73596,139.0,1.0,SKT-4015,,1.0,1.0,GPAO
04/03/2026,12:20:17,47.61747,-52.73596,139.0,1.0,SKT-4015,,1.0,1.0,GPAO
04/03/2026,12:20:25,47.61747,-52.73596,139.0,1.0,SKT-4015,,1.0,1.0,GPAO
04/03/2026,12:20:32,47.61747,-52.73596,140.0,1.0,SKT-4015,,1.0,1.0,GPAO
04/03/2026,12:20:39,47.61747,-52.73596,140.0,1.0,SKT-4015,,1.0,1.0,GPAO
04/03/2026,12:20:46,47.61747,-52.73596,140.0,1.0,SKT-4015,,1.0,1.0,GPAO
04/03/2026,12:20:53,47.61747,-52.73597,141.0,1.0,SKT-4015,,1.0,1.0,GPAO
04/03/2026,12:21:00,47.61747,-52.73597,142.0,1.0,SKT-4015,,1.0,1.0,GPAO
04/03/2026,12:21:08,47.61748,-52.73597,142.0,1.0,SKT-4015,,1.0,1.0,GPAO
04/03/2026,12:21:15,47.61748,-52.73597,142.0,1.0,SKT-4015,,1.0,1.0,GPAO
04/03/2026,12:21:23,47.61748,-52.73597,142.0,1.0,SKT-4015,,1.0,1.0,GPAO
04/03/2026,12:21:30,47.61747,-52.73597,142.0,1.0,SKT-4015,,1.0,1.0,GPAO
04/03/2026,12:21:37,47.61747,-52.73597,142.0,1.0,SKT-4015,,1.0,1.0,GPAO
04/03/2026,12:21:44,47.61748,-52.73597,142.0,1.0,SKT-4015,,1.0,1.0,GPAO
04/03/2026,12:21:51,47.61748,-52.73597,142.0,1.0,SKT-4015,,1.0,1.0,GPAO
04/03/2026,12:21:58,47.61748,-52.73597,142.0,1.0,SKT-4015,,1.0,1.0,GPAO
04/03/2026,12:22:06,47.61748,-52.73596,141.0,1.0,SKT-4015,,1.0,1.0,GPAO
04/03/2026,12:22:13,47.61748,-52.73596,141.0,1.0,SKT-4015,,1.0,1.0,GPAO
04/03/2026,12:22:20,47.61748,-52.73596,141.0,1.0,SKT-4015,,1.0,1.0,GPAO
04/03/2026,12:22:29,47.61748,-52.73596,141.0,1.0,SKT-4015,,1.0,1.0,GPAO
04/03/2026,12:22:37,47.61748,-52.73596,140.0,1.0,SKT-4015,,1.0,1.0,GPAO
04/03/2026,12:22:47,47.61748,-52.73596,140.0,1.0,SKT-4015,,1.0,1.0,GPAO
04/03/2026,12:22:54,47.61747,-52.73596,140.0,1.0,SKT-4015,,1.0,1.0,GPAO
04/03/2026,12:23:02,47.61747,-52.73596,141.0,1.0,SKT-4015,,1.0,1.0,GPAO
04/03/2026,12:23:11,47.61747,-52.73596,141.0,1.0,SKT-4015,,1.0,1.0,GPAO
04/03/2026,12:23:19,47.61747,-52.73595,142.0,1.0,SKT-4015,,1.0,1.0,GPAO
04/03/2026,12:23:26,47.61747,-52.73595,142.0,1.0,SKT-4015,,1.0,1.0,GPAO
04/03/2026,12:23:33,47.61747,-52.73595,142.0,1.0,SKT-4015,,1.0,1.0,GPAO
04/03/2026,12:23:41,47.61747,-52.73595,142.0,1.0,SKT-4015,,1.0,1.0,GPAO
04/03/2026,12:23:48,47.61747,-52.73595,142.0,1.0,SKT-4015,,1.0,1.0,GPAO
04/03/2026,12:23:56,47.61748,-52.73595,141.0,1.0,SKT-4015,,1.0,1.0,GPAO
04/03/2026,12:24:07,,,,,SKT-4015,,1.0,1.0,GPAO
04/03/2026,12:24:13,47.61748,-52.73595,140.0,1.0,SKT-4015,,1.0,1.0,GPAO
04/03/2026,12:24:21,47.61748,-52.73595,140.0,1.0,SKT-4015,,1.0,1.0,GPAO
04/03/2026,12:24:29,47.61748,-52.73594,140.0,1.0,SKT-4015,,1.0,1.0,GPAO
04/03/2026,12:24:36,47.61748,-52.73594,140.0,1.0,SKT-4015,,1.0,1.0,GPAO
04/03/2026,12:24:43,47.61748,-52.73594,140.0,1.0,SKT-4015,,1.0,1.0,GPAO
04/03/2026,12:24:50,47.61748,-52.73594,140.0,1.0,SKT-4015,,1.0,1.0,GPAO
04/03/2026,12:24:57,47.61748,-52.73594,139.0,1.0,SKT-4015,,1.0,1.0,GPAO
04/03/2026,12:25:05,47.61748,-52.73594,139.0,1.0,SKT-4015,,1.0,1.0,GPAO
04/03/2026,12:25:12,47.61748,-52.73594,140.0,1.0,SKT-4015,,1.0,1.0,GPAO
04/03/2026,12:25:19,47.61748,-52.73594,140.0,1.0,SKT-4015,,1.0,1.0,GPAO
04/03/2026,12:25:26,47.61748,-52.73594,141.0,1.0,SKT-4015,,1.0,1.0,GPAO
04/03/2026,12:25:33,47.61749,-52.73594,141.0,1.0,SKT-4015,,1.0,1.0,GPAO
04/03/2026,12:25:40,47.61749,-52.73595,140.0,1.0,SKT-4015,,1.0,1.0,GPAO
04/03/2026,12:25:48,47.61749,-52.73595,140.0,1.0,SKT-4015,,1.0,1.0,GPAO
04/03/2026,12:25:56,47.61749,-52.73595,140.0,1.0,SKT-4015,,1.0,1.0,GPAO
04/03/2026,12:26:03,47.61749,-52.73595,140.0,1.0,SKT-4015,,1.0,1.0,GPAO
04/03/2026,12:26:11,47.61749,-52.73595,140.0,1.0,SKT-4015,,1.0,1.0,GPAO
04/03/2026,12:26:18,47.61749,-52.73595,140.0,1.0,SKT-4015,,1.0,1.0,GPAO
04/03/2026,12:26:26,47.61749,-52.73595,140.0,1.0,SKT-4015,,1.0,1.0,GPAO
04/03/2026,12:26:33,47.61749,-52.73595,140.0,1.0,SKT-4015,,1.0,1.0,GPAO
04/03/2026,12:26:40,47.61749,-52.73595,141.0,1.0,SKT-4015,,1.0,1.0,GPAO
04/03/2026,12:26:48,47.61749,-52.73595,141.0,1.0,SKT-4015,,1.0,1.0,GPAO
04/03/2026,12:26:55,47.61749,-52.73595,141.0,1.0,SKT-4015,,1.0,1.0,GPAO
04/03/2026,12:27:02,47.61749,-52.73595,142.0,1.0,SKT-4015,,1.0,1.0,GPAO
04/03/2026,12:27:09,47.61748,-52.73595,142.0,1.0,SKT-4015,,1.0,1.0,GPAO
04/03/2026,12:27:16,47.61748,-52.73595,143.0,1.0,SKT-4015,,1.0,1.0,GPAO
04/03/2026,12:27:23,47.61748,-52.73595,143.0,1.0,SKT-4015,,1.0,1.0,GPAO
04/03/2026,12:27:31,47.61748,-52.73595,143.0,1.0,SKT-4015,,1.0,1.0,GPAO
04/03/2026,12:27:39,47.61748,-52.73595,143.0,1.0,SKT-4015,,1.0,1.0,GPAO
04/03/2026,12:27:46,47.61748,-52.73595,143.0,1.0,SKT-4015,,1.0,1.0,GPAO
04/03/2026,12:27:53,47.61748,-52.73595,143.0,1.0,SKT-4015,,1.0,1.0,GPAO
04/03/2026,12:28:00,47.61748,-52.73595,143.0,1.0,SKT-4015,,1.0,1.0,GPAO
04/03/2026,12:28:07,47.61748,-52.73595,143.0,1.0,SKT-4015,,1.0,1.0,GPAO
04/03/2026,12:28:14,47.61748,-52.73596,143.0,1.0,SKT-4015,,1.0,1.0,GPAO
04/03/2026,12:28:22,47.61748,-52.73595,143.0,1.0,SKT-4015,,1.0,1.0,GPAO
04/03/2026,12:28:29,47.61748,-52.73596,142.0,1.0,SKT-4015,,1.0,1.0,GPAO
04/03/2026,12:28:36,47.61748,-52.73596,142.0,1.0,SKT-4015,,1.0,1.0,GPAO
04/03/2026,12:28:43,47.61748,-52.73596,142.0,1.0,SKT-4015,,1.0,1.0,GPAO
04/03/2026,12:28:50,47.61748,-52.73596,143.0,1.0,SKT-4015,,1.0,1.0,GPAO
04/03/2026,12:28:57,47.61748,-52.73596,143.0,1.0,SKT-4015,,1.0,1.0,GPAO
04/03/2026,12:29:05,47.61748,-52.73596,143.0,1.0,SKT-4015,,1.0,1.0,GPAO
04/03/2026,12:29:12,47.61748,-52.73595,143.0,1.0,SKT-4015,,1.0,1.0,GPAO
04/03/2026,12:29:19,47.61748,-52.73595,143.0,1.0,SKT-4015,,1.0,1.0,GPAO
04/03/2026,12:29:26,47.61749,-52.73595,143.0,1.0,SKT-4015,,1.0,1.0,GPAO
04/03/2026,12:29:33,47.61749,-52.73596,142.0,1.0,SKT-4015,,1.0,1.0,GPAO
04/03/2026,12:29:40,47.61748,-52.73596,142.0,1.0,SKT-4015,,1.0,1.0,GPAO
04/03/2026,12:29:48,47.6175,-52.73598,141.0,1.0,SKT-4015,,1.0,1.0,GPAO
04/03/2026,12:29:55,47.61753,-52.73608,141.0,1.0,SKT-4015,,1.0,1.0,GPAO
04/03/2026,12:30:02,47.61754,-52.73612,142.0,1.0,SKT-4015,,1.0,1.0,GPAO
04/03/2026,12:30:09,47.61754,-52.73613,142.0,1.0,SKT-4015,,1.0,1.0,GPAO
04/03/2026,12:30:16,47.61754,-52.73615,142.0,1.0,SKT-4015,,1.0,1.0,GPAO
04/03/2026,12:30:23,47.61755,-52.73616,141.0,1.0,SKT-4015,,1.0,1.0,GPAO
04/03/2026,12:30:31,47.61755,-52.73616,141.0,1.0,SKT-4015,,1.0,1.0,GPAO
04/03/2026,12:30:38,47.61755,-52.73616,141.0,1.0,SKT-4015,,1.0,1.0,GPAO
04/03/2026,12:30:45,47.61755,-52.73616,141.0,1.0,SKT-4015,,1.0,1.0,GPAO
04/03/2026,12:30:52,47.61756,-52.73624,141.0,1.0,SKT-4015,,1.0,1.0,GPAO
04/03/2026,12:30:59,47.61758,-52.73639,142.0,1.0,SKT-4015,,1.0,1.0,GPAO
04/03/2026,12:31:06,47.61767,-52.73663,142.0,1.0,SKT-4015,,1.0,1.0,GPAO
04/03/2026,12:31:14,47.61796,-52.7368,142.0,1.0,SKT-4015,,1.0,1.0,GPAO
04/03/2026,12:31:21,47.61826,-52.73683,143.0,1.0,SKT-4015,,1.0,1.0,GPAO
04/03/2026,12:31:28,47.61858,-52.73686,143.0,1.0,SKT-4015,,1.0,1.0,GPAO
04/03/2026,12:31:35,47.61897,-52.7369,144.0,1.0,SKT-4015,,1.0,1.0,GPAO
04/03/2026,12:31:42,47.61941,-52.73694,144.0,1.0,SKT-4015,,1.0,1.0,GPAO
04/03/2026,12:31:50,47.61992,-52.73699,144.0,1.0,SKT-4015,,1.0,1.0,GPAO
04/03/2026,12:31:57,47.62037,-52.73704,144.0,1.0,SKT-4015,,1.0,1.0,GPAO
04/03/2026,12:32:04,47.62079,-52.73708,144.0,1.0,SKT-4015,,1.0,1.0,GPAO
04/03/2026,12:32:11,47.62115,-52.73712,145.0,1.0,SKT-4015,,1.0,1.0,GPAO
04/03/2026,12:32:19,47.62149,-52.73715,145.0,1.0,SKT-4015,,1.0,1.0,GPAO
04/03/2026,12:32:26,47.62172,-52.73717,145.0,1.0,SKT-4015,,1.0,1.0,GPAO
04/03/2026,12:32:33,47.6219,-52.73719,145.0,1.0,SKT-4015,,1.0,1.0,GPAO
04/03/2026,12:32:41,47.62212,-52.73721,146.0,1.0,SKT-4015,,1.0,1.0,GPAO
04/03/2026,12:32:48,47.62232,-52.73722,146.0,1.0,SKT-4015,,1.0,1.0,GPAO
04/03/2026,12:32:55,47.62246,-52.73724,146.0,1.0,SKT-4015,,1.0,1.0,GPAO
04/03/2026,12:33:02,47.62266,-52.73726,146.0,1.0,SKT-4015,,1.0,1.0,GPAO
04/03/2026,12:33:10,47.62304,-52.73732,146.0,1.0,SKT-4015,,1.0,1.0,GPAO
04/03/2026,12:33:17,47.62335,-52.73761,146.0,1.0,SKT-4015,,1.0,1.0,GPAO
04/03/2026,12:33:25,47.6237,-52.73815,146.0,1.0,SKT-4015,,1.0,1.0,GPAO
04/03/2026,12:33:33,47.62408,-52.73874,146.0,1.0,SKT-4015,,1.0,1.0,GPAO
04/03/2026,12:33:40,47.62439,-52.73916,146.0,1.0,SKT-4015,,1.0,1.0,GPAO
04/03/2026,12:33:47,47.6247,-52.73935,146.0,1.0,SKT-4015,,1.0,1.0,GPAO
04/03/2026,12:33:54,47.625,-52.73941,147.0,1.0,SKT-4015,,1.0,1.0,GPAO
04/03/2026,12:34:01,47.62514,-52.7396,147.0,1.0,SKT-4015,,1.0,1.0,GPAO
04/03/2026,12:34:08,47.62516,-52.73975,147.0,1.0,SKT-4015,,1.0,1.0,GPAO
04/03/2026,12:34:16,47.62516,-52.73984,147.0,1.0,SKT-4015,,1.0,1.0,GPAO
04/03/2026,12:34:25,47.62514,-52.74009,147.0,1.0,SKT-4015,,1.0,1.0,GPAO
04/03/2026,12:34:32,47.62508,-52.74146,147.0,1.0,SKT-4015,,1.0,1.0,GPAO
04/03/2026,12:34:39,47.62491,-52.74489,148.0,1.0,SKT-4015,,1.0,1.0,GPAO
04/03/2026,12:34:46,47.62467,-52.75009,151.0,1.0,SKT-4015,,1.0,1.0,GPAO
04/03/2026,12:34:54,47.62439,-52.75742,193.0,0.0,SKT-4015,,1.0,1.0,GPAO
04/03/2026,12:35:01,47.62417,-52.76453,259.0,0.0,SKT-4015,,1.0,1.0,GPAO
04/03/2026,12:35:08,47.624,-52.77205,341.0,0.0,SKT-4015,,1.0,1.0,GPAO
04/03/2026,12:35:17,47.62386,-52.78202,469.0,0.0,SKT-4015,,1.0,1.0,GPAO
04/03/2026,12:35:26,47.62403,-52.79229,589.0,0.0,SKT-4015,,1.0,1.0,GPAO
04/03/2026,12:35:33,47.62436,-52.80047,677.0,0.0,SKT-4015,,1.0,1.0,GPAO
04/03/2026,12:35:40,47.62479,-52.80872,764.0,0.0,SKT-4015,,1.0,1.0,GPAO
04/03/2026,12:35:48,47.62539,-52.81821,872.0,0.0,SKT-4015,,1.0,1.0,GPAO
04/03/2026,12:35:56,47.62613,-52.82767,990.0,0.0,SKT-4015,,1.0,1.0,GPAO
04/03/2026,12:36:03,47.62723,-52.83589,1094.0,0.0,SKT-4015,,1.0,1.0,GPAO
04/03/2026,12:36:10,47.62892,-52.84391,1200.0,0.0,SKT-4015,,1.0,1.0,GPAO
04/03/2026,12:36:18,47.63124,-52.85287,1317.0,0.0,SKT-4015,,1.0,1.0,GPAO
04/03/2026,12:36:26,47.63379,-52.86171,1436.0,0.0,SKT-4015,,1.0,1.0,GPAO
04/03/2026,12:36:33,47.63646,-52.86919,1543.0,0.0,SKT-4015,,1.0,1.0,GPAO
04/03/2026,12:36:41,47.63971,-52.87772,1649.0,0.0,SKT-4015,,1.0,0.0,GPAO
04/03/2026,12:36:49,47.64301,-52.88639,1736.0,0.0,SKT-4015,,1.0,0.0,GPAO
04/03/2026,12:36:57,47.64643,-52.89529,1824.0,0.0,SKT-4015,,1.0,0.0,GPAO
04/03/2026,12:37:05,47.64985,-52.90433,1925.0,0.0,SKT-4015,,1.0,0.0,GPAO
04/03/2026,12:37:13,47.65317,-52.9135,2024.0,0.0,SKT-4015,,1.0,0.0,GPAO
04/03/2026,12:37:21,47.65657,-52.92274,2122.0,0.0,SKT-4015,,1.0,1.0,GPAO
04/03/2026,12:37:29,47.66013,-52.93204,2216.0,0.0,SKT-4015,,1.0,1.0,GPAO
04/03/2026,12:37:36,47.66336,-52.94027,2291.0,0.0,SKT-4015,,1.0,1.0,GPAO
04/03/2026,12:37:43,47.66672,-52.9486,2363.0,0.0,SKT-4015,,1.0,1.0,GPAO
04/03/2026,12:37:51,47.6707,-52.95821,2454.0,0.0,SKT-4015,,1.0,1.0,GPAO
04/03/2026,12:37:59,47.67479,-52.9678,2557.0,0.0,SKT-4015,,1.0,1.0,GPAO
04/03/2026,12:38:07,47.67892,-52.97735,2659.0,0.0,SKT-4015,,1.0,1.0,GPAO
04/03/2026,12:38:14,47.68253,-52.9857,2750.0,0.0,SKT-4015,,1.0,1.0,GPAO
04/03/2026,12:38:22,47.68663,-52.99522,2855.0,0.0,SKT-4015,,1.0,1.0,GPAO
04/03/2026,12:38:29,47.69019,-53.00355,2946.0,0.0,SKT-4015,,1.0,1.0,GPAO
04/03/2026,12:38:37,47.69424,-53.01307,3048.0,0.0,SKT-4015,,1.0,1.0,GPAO
04/03/2026,12:38:44,47.69776,-53.02144,3136.0,0.0,SKT-4015,,1.0,1.0,GPAO
04/03/2026,12:38:52,47.70172,-53.03108,3234.0,0.0,SKT-4015,,1.0,1.0,GPAO
04/03/2026,12:38:59,47.70518,-53.03957,3317.0,0.0,SKT-4015,,1.0,1.0,GPAO
04/03/2026,12:39:06,47.70868,-53.04812,3399.0,0.0,SKT-4015,,1.0,1.0,GPAO
04/03/2026,12:39:14,47.71272,-53.05795,3490.0,0.0,SKT-4015,,1.0,1.0,GPAO
04/03/2026,12:39:21,47.71626,-53.06662,3573.0,0.0,SKT-4015,,1.0,1.0,GPAO
04/03/2026,12:39:28,47.7198,-53.07535,3656.0,0.0,SKT-4015,,1.0,1.0,GPAO
04/03/2026,12:39:36,47.72385,-53.08538,3751.0,0.0,SKT-4015,,1.0,1.0,GPAO
04/03/2026,12:39:43,47.72742,-53.09421,3834.0,0.0,SKT-4015,,1.0,1.0,GPAO
04/03/2026,12:39:50,47.73102,-53.1031,3918.0,0.0,SKT-4015,,1.0,1.0,GPAO
04/03/2026,12:39:57,47.73464,-53.11207,3996.0,0.0,SKT-4015,,1.0,1.0,GPAO
04/03/2026,12:40:05,47.73884,-53.12251,4071.0,0.0,SKT-4015,,1.0,1.0,GPAO
04/03/2026,12:40:12,47.74258,-53.13179,4138.0,0.0,SKT-4015,,1.0,1.0,GPAO
04/03/2026,12:40:20,47.74694,-53.14255,4219.0,0.0,SKT-4015,,1.0,1.0,GPAO
04/03/2026,12:40:28,47.75138,-53.15338,4304.0,0.0,SKT-4015,,1.0,1.0,GPAO
04/03/2026,12:40:35,47.7553,-53.16291,4375.0,0.0,SKT-4015,,1.0,1.0,GPAO
04/03/2026,12:40:42,47.75926,-53.17251,4447.0,0.0,SKT-4015,,1.0,1.0,GPAO
04/03/2026,12:40:49,47.76326,-53.18213,4520.0,0.0,SKT-4015,,1.0,1.0,GPAO
04/03/2026,12:40:57,47.76783,-53.19317,4603.0,0.0,SKT-4015,,1.0,1.0,GPAO
04/03/2026,12:41:04,47.77184,-53.20287,4676.0,0.0,SKT-4015,,1.0,1.0,GPAO
04/03/2026,12:41:11,47.77587,-53.21257,4749.0,0.0,SKT-4015,,1.0,1.0,GPAO
04/03/2026,12:41:18,47.77994,-53.22226,4823.0,0.0,SKT-4015,,1.0,1.0,GPAO
04/03/2026,12:41:26,47.78459,-53.23333,4908.0,0.0,SKT-4015,,1.0,1.0,GPAO
04/03/2026,12:41:33,47.78866,-53.243,4984.0,0.0,SKT-4015,,1.0,1.0,GPAO
04/03/2026,12:41:40,47.79271,-53.25267,5059.0,0.0,SKT-4015,,1.0,1.0,GPAO
04/03/2026,12:41:47,47.79675,-53.26231,5137.0,0.0,SKT-4015,,1.0,1.0,GPAO
04/03/2026,12:41:54,47.80076,-53.27191,5216.0,0.0,SKT-4015,,1.0,1.0,GPAO
04/03/2026,12:42:02,47.80532,-53.28283,5305.0,0.0,SKT-4015,,1.0,1.0,GPAO
04/03/2026,12:42:09,47.80928,-53.29235,5379.0,0.0,SKT-4015,,1.0,1.0,GPAO
04/03/2026,12:42:16,47.81323,-53.30186,5451.0,0.0,SKT-4015,,1.0,1.0,GPAO
04/03/2026,12:42:23,47.81715,-53.31134,5526.0,0.0,SKT-4015,,1.0,1.0,GPAO
04/03/2026,12:42:31,47.82162,-53.32211,5611.0,0.0,SKT-4015,,1.0,1.0,GPAO
04/03/2026,12:42:39,47.82605,-53.33282,5696.0,0.0,SKT-4015,,1.0,1.0,GPAO
04/03/2026,12:42:46,47.82992,-53.34212,5770.0,0.0,SKT-4015,,1.0,1.0,GPAO
04/03/2026,12:42:53,47.83377,-53.35134,5846.0,0.0,SKT-4015,,1.0,1.0,GPAO
04/03/2026,12:43:01,47.83819,-53.36184,5909.0,0.0,SKT-4015,,1.0,1.0,GPAO
04/03/2026,12:43:09,47.84262,-53.37255,5934.0,0.0,SKT-4015,,1.0,1.0,GPAO
04/03/2026,12:43:16,47.84658,-53.38217,5943.0,0.0,SKT-4015,,1.0,1.0,GPAO
04/03/2026,12:43:23,47.85062,-53.39202,5956.0,0.0,SKT-4015,,1.0,1.0,GPAO
04/03/2026,12:43:30,47.85472,-53.40193,6007.0,0.0,SKT-4015,,1.0,1.0,GPAO
04/03/2026,12:43:37,47.85881,-53.41177,6069.0,0.0,SKT-4015,,1.0,1.0,GPAO
04/03/2026,12:43:46,47.86403,-53.42433,6146.0,0.0,SKT-4015,,1.0,1.0,GPAO
04/03/2026,12:43:53,47.86806,-53.43404,6204.0,0.0,SKT-4015,,1.0,1.0,GPAO
04/03/2026,12:44:01,47.87264,-53.44508,6269.0,0.0,SKT-4015,,1.0,1.0,GPAO
04/03/2026,12:44:08,47.87663,-53.4547,6322.0,0.0,SKT-4015,,1.0,1.0,GPAO
04/03/2026,12:44:15,47.8806,-53.4643,6373.0,0.0,SKT-4015,,1.0,1.0,GPAO
04/03/2026,12:44:23,47.88514,-53.47524,6434.0,0.0,SKT-4015,,1.0,1.0,GPAO
04/03/2026,12:44:31,47.88966,-53.48615,6493.0,0.0,SKT-4015,,1.0,1.0,GPAO
04/03/2026,12:44:39,47.89416,-53.49715,6522.0,0.0,SKT-4015,,1.0,1.0,GPAO
04/03/2026,12:44:47,47.8987,-53.50839,6533.0,0.0,SKT-4015,,1.0,0.0,GPAO
04/03/2026,12:44:55,47.90329,-53.51988,6539.0,0.0,SKT-4015,,1.0,0.0,GPAO
04/03/2026,12:45:03,47.90794,-53.5316,6543.0,0.0,SKT-4015,,1.0,0.0,GPAO
04/03/2026,12:45:11,47.91269,-53.54353,6546.0,0.0,SKT-4015,,1.0,0.0,GPAO
04/03/2026,12:45:19,47.91757,-53.55564,6548.0,0.0,SKT-4015,,1.0,0.0,GPAO
04/03/2026,12:45:27,47.92253,-53.56794,6549.0,0.0,SKT-4015,,1.0,0.0,GPAO
04/03/2026,12:45:35,47.92756,-53.58043,6550.0,0.0,SKT-4015,,1.0,0.0,GPAO
04/03/2026,12:45:43,47.93266,-53.59308,6551.0,0.0,SKT-4015,,1.0,0.0,GPAO
04/03/2026,12:45:51,47.93781,-53.60589,6552.0,0.0,SKT-4015,,1.0,0.0,GPAO
04/03/2026,12:46:00,47.94368,-53.62048,6553.0,0.0,SKT-4015,,1.0,0.0,GPAO
04/03/2026,12:46:08,47.94896,-53.63359,6553.0,0.0,SKT-4015,,1.0,0.0,GPAO
04/03/2026,12:46:17,47.95496,-53.6485,6552.0,0.0,SKT-4015,,1.0,0.0,GPAO
04/03/2026,12:46:25,47.96033,-53.66188,6552.0,0.0,SKT-4015,,1.0,0.0,GPAO
04/03/2026,12:46:33,47.96576,-53.67537,6551.0,0.0,SKT-4015,,1.0,0.0,GPAO
04/03/2026,12:46:41,47.97125,-53.68895,6550.0,0.0,SKT-4015,,1.0,0.0,GPAO
04/03/2026,12:46:49,47.97681,-53.70261,6550.0,0.0,SKT-4015,,1.0,0.0,GPAO
04/03/2026,12:46:57,47.9824,-53.71635,6552.0,0.0,SKT-4015,,1.0,0.0,GPAO
04/03/2026,12:47:05,47.988,-53.73016,6553.0,0.0,SKT-4015,,1.0,0.0,GPAO
04/03/2026,12:47:14,47.99432,-53.74578,6553.0,0.0,SKT-4015,,1.0,0.0,GPAO
04/03/2026,12:47:22,48.00001,-53.75965,6553.0,0.0,SKT-4015,,1.0,0.0,GPAO
04/03/2026,12:47:30,48.0058,-53.77342,6553.0,0.0,SKT-4015,,1.0,0.0,GPAO
04/03/2026,12:47:38,48.01157,-53.78715,6552.0,0.0,SKT-4015,,1.0,0.0,GPAO
04/03/2026,12:47:46,48.01723,-53.8009,6552.0,0.0,SKT-4015,,1.0,0.0,GPAO
04/03/2026,12:47:54,48.02283,-53.81465,6551.0,0.0,SKT-4015,,1.0,0.0,GPAO
04/03/2026,12:48:03,48.02911,-53.83009,6549.0,0.0,SKT-4015,,1.0,0.0,GPAO
04/03/2026,12:48:11,48.03465,-53.84379,6549.0,0.0,SKT-4015,,1.0,0.0,GPAO
04/03/2026,12:48:19,48.04017,-53.85748,6548.0,0.0,SKT-4015,,1.0,0.0,GPAO
04/03/2026,12:48:27,48.04567,-53.87115,6547.0,0.0,SKT-4015,,1.0,0.0,GPAO
04/03/2026,12:48:35,48.05118,-53.8848,6547.0,0.0,SKT-4015,,1.0,0.0,GPAO
04/03/2026,12:48:43,48.05669,-53.89844,6547.0,0.0,SKT-4015,,1.0,0.0,GPAO
04/03/2026,12:48:51,48.0622,-53.91206,6547.0,0.0,SKT-4015,,1.0,0.0,GPAO
04/03/2026,12:48:59,48.06768,-53.92568,6547.0,0.0,SKT-4015,,1.0,0.0,GPAO
04/03/2026,12:49:07,48.07314,-53.9393,6547.0,0.0,SKT-4015,,1.0,0.0,GPAO
04/03/2026,12:49:15,48.0786,-53.95291,6548.0,0.0,SKT-4015,,1.0,0.0,GPAO
04/03/2026,12:49:23,48.08406,-53.96651,6546.0,0.0,SKT-4015,,1.0,0.0,GPAO
04/03/2026,12:49:32,48.09021,-53.9818,6546.0,0.0,SKT-4015,,1.0,0.0,GPAO
04/03/2026,12:49:40,48.09563,-53.99541,6546.0,0.0,SKT-4015,,1.0,0.0,GPAO
04/03/2026,12:49:48,48.10106,-54.009,6546.0,0.0,SKT-4015,,1.0,0.0,GPAO
04/03/2026,12:49:57,48.10719,-54.02427,6545.0,0.0,SKT-4015,,1.0,0.0,GPAO
04/03/2026,12:50:05,48.11265,-54.03783,6543.0,0.0,SKT-4015,,1.0,0.0,GPAO
04/03/2026,12:50:13,48.11812,-54.05139,6543.0,0.0,SKT-4015,,1.0,0.0,GPAO
04/03/2026,12:50:21,48.12357,-54.06494,6543.0,0.0,SKT-4015,,1.0,0.0,GPAO
04/03/2026,12:50:29,48.12899,-54.07849,6543.0,0.0,SKT-4015,,1.0,0.0,GPAO
04/03/2026,12:50:38,48.13507,-54.09372,6543.0,0.0,SKT-4015,,1.0,0.0,GPAO
04/03/2026,12:50:46,48.14048,-54.10726,6542.0,0.0,SKT-4015,,1.0,0.0,GPAO
04/03/2026,12:50:54,48.14587,-54.1208,6541.0,0.0,SKT-4015,,1.0,0.0,GPAO
04/03/2026,12:51:02,48.15125,-54.13435,6541.0,0.0,SKT-4015,,1.0,0.0,GPAO
04/03/2026,12:51:10,48.15662,-54.14789,6540.0,0.0,SKT-4015,,1.0,0.0,GPAO
04/03/2026,12:51:18,48.162,-54.16142,6540.0,0.0,SKT-4015,,1.0,0.0,GPAO
04/03/2026,12:51:26,48.16737,-54.17493,6540.0,0.0,SKT-4015,,1.0,0.0,GPAO
04/03/2026,12:51:34,48.17272,-54.18845,6540.0,0.0,SKT-4015,,1.0,0.0,GPAO
04/03/2026,12:51:42,48.17805,-54.20197,6540.0,0.0,SKT-4015,,1.0,0.0,GPAO
04/03/2026,12:51:50,48.18338,-54.21547,6540.0,0.0,SKT-4015,,1.0,0.0,GPAO
04/03/2026,12:51:58,48.18871,-54.22898,6540.0,0.0,SKT-4015,,1.0,0.0,GPAO
04/03/2026,12:52:09,,,,,SKT-4015,,1.0,0.0,GPAO
04/03/2026,12:52:17,48.20138,-54.26102,6539.0,0.0,SKT-4015,,1.0,0.0,GPAO
04/03/2026,12:52:25,48.20673,-54.2745,6539.0,0.0,SKT-4015,,1.0,0.0,GPAO
04/03/2026,12:52:33,48.21209,-54.28796,6539.0,0.0,SKT-4015,,1.0,0.0,GPAO
04/03/2026,12:52:41,48.21743,-54.30142,6538.0,0.0,SKT-4015,,1.0,0.0,GPAO
04/03/2026,12:52:49,48.22274,-54.3149,6537.0,0.0,SKT-4015,,1.0,0.0,GPAO
04/03/2026,12:53:00,,,,,SKT-4015,,1.0,0.0,GPAO
04/03/2026,12:53:08,48.2354,-54.34687,6534.0,0.0,SKT-4015,,1.0,0.0,GPAO
04/03/2026,12:53:16,48.24074,-54.36033,6533.0,0.0,SKT-4015,,1.0,0.0,GPAO
04/03/2026,12:53:24,48.24608,-54.3738,6532.0,0.0,SKT-4015,,1.0,0.0,GPAO
04/03/2026,12:53:32,48.25142,-54.38727,6532.0,0.0,SKT-4015,,1.0,0.0,GPAO
04/03/2026,12:53:40,48.25676,-54.40074,6531.0,0.0,SKT-4015,,1.0,0.0,GPAO
04/03/2026,12:53:48,48.26207,-54.41423,6531.0,0.0,SKT-4015,,1.0,0.0,GPAO
04/03/2026,12:53:56,48.26737,-54.42773,6531.0,0.0,SKT-4015,,1.0,0.0,GPAO
04/03/2026,12:54:04,48.27267,-54.44123,6531.0,0.0,SKT-4015,,1.0,0.0,GPAO
04/03/2026,12:54:12,48.27798,-54.45473,6530.0,0.0,SKT-4015,,1.0,0.0,GPAO
04/03/2026,12:54:20,48.28326,-54.46825,6530.0,0.0,SKT-4015,,1.0,0.0,GPAO
04/03/2026,12:54:27,48.2879,-54.48009,6529.0,0.0,SKT-4015,,1.0,0.0,GPAO
04/03/2026,12:54:34,48.29255,-54.49191,6529.0,0.0,SKT-4015,,1.0,0.0,GPAO
04/03/2026,12:54:42,48.29789,-54.50542,6529.0,0.0,SKT-4015,,1.0,0.0,GPAO
04/03/2026,12:54:49,48.30253,-54.51727,6528.0,0.0,SKT-4015,,1.0,0.0,GPAO
04/03/2026,12:54:56,48.30715,-54.52913,6528.0,0.0,SKT-4015,,1.0,0.0,GPAO
04/03/2026,12:55:03,48.31176,-54.54099,6528.0,0.0,SKT-4015,,1.0,0.0,GPAO
04/03/2026,12:55:10,48.31639,-54.55283,6527.0,0.0,SKT-4015,,1.0,0.0,GPAO
04/03/2026,12:55:17,48.32104,-54.56467,6527.0,0.0,SKT-4015,,1.0,0.0,GPAO
04/03/2026,12:55:24,48.32572,-54.57651,6527.0,0.0,SKT-4015,,1.0,0.0,GPAO
04/03/2026,12:55:32,48.33107,-54.59002,6527.0,0.0,SKT-4015,,1.0,0.0,GPAO
04/03/2026,12:55:39,48.33574,-54.60184,6527.0,0.0,SKT-4015,,1.0,0.0,GPAO
04/03/2026,12:55:46,48.3404,-54.61367,6526.0,0.0,SKT-4015,,1.0,0.0,GPAO
04/03/2026,12:55:53,48.34506,-54.62551,6526.0,0.0,SKT-4015,,1.0,0.0,GPAO
04/03/2026,12:56:00,48.34972,-54.63734,6525.0,0.0,SKT-4015,,1.0,0.0,GPAO
04/03/2026,12:56:07,48.35439,-54.64917,6526.0,0.0,SKT-4015,,1.0,0.0,GPAO
04/03/2026,12:56:15,48.35971,-54.6627,6525.0,0.0,SKT-4015,,1.0,0.0,GPAO
04/03/2026,12:56:23,48.365,-54.67624,6525.0,0.0,SKT-4015,,1.0,0.0,GPAO
04/03/2026,12:56:34,,,,,SKT-4015,,1.0,0.0,GPAO
04/03/2026,12:56:40,48.37619,-54.70502,6522.0,0.0,SKT-4015,,1.0,0.0,GPAO
04/03/2026,12:56:48,48.38145,-54.71857,6522.0,0.0,SKT-4015,,1.0,0.0,GPAO
04/03/2026,12:56:55,48.38605,-54.73043,6521.0,0.0,SKT-4015,,1.0,0.0,GPAO
04/03/2026,12:57:02,48.39064,-54.7423,6521.0,0.0,SKT-4015,,1.0,0.0,GPAO
04/03/2026,12:57:09,48.39526,-54.75415,6521.0,0.0,SKT-4015,,1.0,0.0,GPAO
04/03/2026,12:57:16,48.39989,-54.76599,6521.0,0.0,SKT-4015,,1.0,0.0,GPAO
04/03/2026,12:57:23,48.40451,-54.77783,6521.0,0.0,SKT-4015,,1.0,0.0,GPAO
04/03/2026,12:57:30,48.40913,-54.78967,6520.0,0.0,SKT-4015,,1.0,0.0,GPAO
04/03/2026,12:57:37,48.41372,-54.80152,6520.0,0.0,SKT-4015,,1.0,0.0,GPAO
04/03/2026,12:57:44,48.4183,-54.81337,6519.0,0.0,SKT-4015,,1.0,0.0,GPAO
04/03/2026,12:57:51,48.42286,-54.82524,6518.0,0.0,SKT-4015,,1.0,0.0,GPAO
04/03/2026,12:57:58,48.42741,-54.8371,6518.0,0.0,SKT-4015,,1.0,0.0,GPAO
04/03/2026,12:58:05,48.43198,-54.84897,6517.0,0.0,SKT-4015,,1.0,0.0,GPAO
04/03/2026,12:58:12,48.43656,-54.86084,6518.0,0.0,SKT-4015,,1.0,0.0,GPAO
04/03/2026,12:58:19,48.44115,-54.87271,6517.0,0.0,SKT-4015,,1.0,0.0,GPAO
04/03/2026,12:58:27,48.44641,-54.88627,6517.0,0.0,SKT-4015,,1.0,0.0,GPAO
04/03/2026,12:58:35,48.45168,-54.89985,6517.0,0.0,SKT-4015,,1.0,0.0,GPAO
04/03/2026,12:58:45,48.45825,-54.91683,6517.0,0.0,SKT-4015,,1.0,0.0,GPAO
04/03/2026,12:58:52,48.46284,-54.92873,6516.0,0.0,SKT-4015,,1.0,0.0,GPAO
04/03/2026,12:58:59,48.46743,-54.94064,6515.0,0.0,SKT-4015,,1.0,0.0,GPAO
04/03/2026,12:59:06,48.47202,-54.95256,6515.0,0.0,SKT-4015,,1.0,0.0,GPAO
04/03/2026,12:59:13,48.4766,-54.96447,6515.0,0.0,SKT-4015,,1.0,0.0,GPAO
04/03/2026,12:59:20,48.48119,-54.97639,6514.0,0.0,SKT-4015,,1.0,0.0,GPAO
04/03/2026,12:59:27,48.48579,-54.98831,6514.0,0.0,SKT-4015,,1.0,0.0,GPAO
04/03/2026,12:59:34,48.49039,-55.00021,6515.0,0.0,SKT-4015,,1.0,0.0,GPAO
04/03/2026,12:59:41,48.49499,-55.01212,6514.0,0.0,SKT-4015,,1.0,0.0,GPAO
04/03/2026,12:59:48,48.49958,-55.02402,6514.0,0.0,SKT-4015,,1.0,0.0,GPAO
04/03/2026,12:59:55,48.50416,-55.03593,6514.0,0.0,SKT-4015,,1.0,0.0,GPAO
04/03/2026,13:00:02,48.50872,-55.04786,6512.0,0.0,SKT-4015,,1.0,0.0,GPAO
04/03/2026,13:00:10,48.51393,-55.06149,6512.0,0.0,SKT-4015,,1.0,0.0,GPAO
04/03/2026,13:00:17,48.51851,-55.07342,6512.0,0.0,SKT-4015,,1.0,0.0,GPAO
04/03/2026,13:00:24,48.5231,-55.08534,6511.0,0.0,SKT-4015,,1.0,0.0,GPAO
04/03/2026,13:00:31,48.52769,-55.09726,6511.0,0.0,SKT-4015,,1.0,0.0,GPAO
04/03/2026,13:00:38,48.53227,-55.10919,6511.0,0.0,SKT-4015,,1.0,0.0,GPAO
04/03/2026,13:00:45,48.53684,-55.12112,6512.0,0.0,SKT-4015,,1.0,0.0,GPAO
04/03/2026,13:00:54,48.5427,-55.13647,6512.0,0.0,SKT-4015,,1.0,0.0,GPAO
04/03/2026,13:01:01,48.54725,-55.14843,6511.0,0.0,SKT-4015,,1.0,0.0,GPAO
04/03/2026,13:01:08,48.55179,-55.16038,6510.0,0.0,SKT-4015,,1.0,0.0,GPAO
04/03/2026,13:01:15,48.55634,-55.17233,6509.0,0.0,SKT-4015,,1.0,0.0,GPAO
04/03/2026,13:01:23,48.56157,-55.18598,6507.0,0.0,SKT-4015,,1.0,0.0,GPAO
04/03/2026,13:01:30,48.56615,-55.19794,6506.0,0.0,SKT-4015,,1.0,0.0,GPAO
04/03/2026,13:01:37,48.57074,-55.2099,6506.0,0.0,SKT-4015,,1.0,0.0,GPAO
04/03/2026,13:01:45,48.57599,-55.22357,6506.0,0.0,SKT-4015,,1.0,0.0,GPAO
04/03/2026,13:01:52,48.58059,-55.23555,6507.0,0.0,SKT-4015,,1.0,0.0,GPAO
04/03/2026,13:02:00,48.58583,-55.24926,6507.0,0.0,SKT-4015,,1.0,0.0,GPAO
04/03/2026,13:02:07,48.59041,-55.26129,6506.0,0.0,SKT-4015,,1.0,0.0,GPAO
04/03/2026,13:02:15,48.59565,-55.27504,6505.0,0.0,SKT-4015,,1.0,0.0,GPAO
04/03/2026,13:02:22,48.60025,-55.28709,6505.0,0.0,SKT-4015,,1.0,0.0,GPAO
04/03/2026,13:02:29,48.60485,-55.29915,6504.0,0.0,SKT-4015,,1.0,0.0,GPAO
04/03/2026,13:02:36,48.60943,-55.31123,6505.0,0.0,SKT-4015,,1.0,0.0,GPAO
04/03/2026,13:02:43,48.61399,-55.32334,6506.0,0.0,SKT-4015,,1.0,0.0,GPAO
04/03/2026,13:02:50,48.61855,-55.33546,6505.0,0.0,SKT-4015,,1.0,0.0,GPAO
04/03/2026,13:02:57,48.62315,-55.34759,6504.0,0.0,SKT-4015,,1.0,0.0,GPAO
04/03/2026,13:03:04,48.62776,-55.35973,6504.0,0.0,SKT-4015,,1.0,0.0,GPAO
04/03/2026,13:03:11,48.63239,-55.37188,6504.0,0.0,SKT-4015,,1.0,0.0,GPAO
04/03/2026,13:03:18,48.637,-55.38406,6503.0,0.0,SKT-4015,,1.0,0.0,GPAO
04/03/2026,13:03:25,48.64159,-55.39627,6503.0,0.0,SKT-4015,,1.0,0.0,GPAO
04/03/2026,13:03:32,48.6462,-55.40849,6503.0,0.0,SKT-4015,,1.0,0.0,GPAO
04/03/2026,13:03:39,48.65084,-55.4207,6503.0,0.0,SKT-4015,,1.0,0.0,GPAO
04/03/2026,13:03:46,48.6555,-55.43292,6503.0,0.0,SKT-4015,,1.0,0.0,GPAO
04/03/2026,13:03:54,48.66082,-55.4469,6503.0,0.0,SKT-4015,,1.0,0.0,GPAO
04/03/2026,13:04:01,48.66546,-55.45914,6502.0,0.0,SKT-4015,,1.0,0.0,GPAO
04/03/2026,13:04:10,48.67142,-55.47489,6503.0,0.0,SKT-4015,,1.0,0.0,GPAO
04/03/2026,13:04:19,48.6774,-55.49065,6502.0,0.0,SKT-4015,,1.0,0.0,GPAO
04/03/2026,13:04:26,48.68206,-55.50292,6501.0,0.0,SKT-4015,,1.0,0.0,GPAO
04/03/2026,13:04:33,48.68673,-55.51518,6500.0,0.0,SKT-4015,,1.0,0.0,GPAO
04/03/2026,13:04:40,48.69141,-55.52745,6499.0,0.0,SKT-4015,,1.0,0.0,GPAO
04/03/2026,13:04:47,48.69609,-55.53971,6499.0,0.0,SKT-4015,,1.0,0.0,GPAO
04/03/2026,13:04:54,48.70076,-55.55199,6498.0,0.0,SKT-4015,,1.0,0.0,GPAO
04/03/2026,13:05:01,48.70542,-55.56427,6497.0,0.0,SKT-4015,,1.0,0.0,GPAO
04/03/2026,13:05:08,48.71006,-55.57656,6498.0,0.0,SKT-4015,,1.0,0.0,GPAO
04/03/2026,13:05:15,48.71469,-55.58884,6499.0,0.0,SKT-4015,,1.0,0.0,GPAO
04/03/2026,13:05:22,48.71934,-55.60111,6498.0,0.0,SKT-4015,,1.0,0.0,GPAO
04/03/2026,13:05:29,48.72399,-55.61338,6498.0,0.0,SKT-4015,,1.0,0.0,GPAO
04/03/2026,13:05:36,48.72863,-55.62565,6498.0,0.0,SKT-4015,,1.0,0.0,GPAO
04/03/2026,13:05:43,48.73325,-55.63793,6497.0,0.0,SKT-4015,,1.0,0.0,GPAO
04/03/2026,13:05:50,48.73788,-55.65021,6497.0,0.0,SKT-4015,,1.0,0.0,GPAO
04/03/2026,13:05:57,48.74249,-55.66248,6497.0,0.0,SKT-4015,,1.0,0.0,GPAO
04/03/2026,13:06:05,48.74776,-55.67651,6497.0,0.0,SKT-4015,,1.0,0.0,GPAO
04/03/2026,13:06:12,48.75234,-55.68877,6497.0,0.0,SKT-4015,,1.0,0.0,GPAO
04/03/2026,13:06:19,48.75692,-55.70104,6498.0,0.0,SKT-4015,,1.0,0.0,GPAO
04/03/2026,13:06:26,48.76149,-55.7133,6497.0,0.0,SKT-4015,,1.0,0.0,GPAO
04/03/2026,13:06:33,48.76606,-55.72556,6496.0,0.0,SKT-4015,,1.0,0.0,GPAO
04/03/2026,13:06:41,48.77131,-55.73957,6496.0,0.0,SKT-4015,,1.0,0.0,GPAO
04/03/2026,13:06:49,48.77656,-55.75358,6495.0,0.0,SKT-4015,,1.0,0.0,GPAO
04/03/2026,13:06:56,48.78115,-55.76584,6495.0,0.0,SKT-4015,,1.0,0.0,GPAO
04/03/2026,13:07:03,48.78574,-55.7781,6494.0,0.0,SKT-4015,,1.0,0.0,GPAO
04/03/2026,13:07:10,48.79033,-55.79036,6494.0,0.0,SKT-4015,,1.0,0.0,GPAO
04/03/2026,13:07:18,48.79556,-55.80437,6492.0,0.0,SKT-4015,,1.0,1.0,GPAO
04/03/2026,13:07:25,48.80013,-55.81662,6492.0,0.0,SKT-4015,,1.0,1.0,GPAO
04/03/2026,13:07:35,48.80667,-55.83411,6490.0,0.0,SKT-4015,,1.0,1.0,GPAO
04/03/2026,13:07:43,48.81189,-55.84809,6490.0,0.0,SKT-4015,,1.0,0.0,GPAO
04/03/2026,13:07:52,48.81776,-55.86381,6490.0,0.0,SKT-4015,,1.0,0.0,GPAO
04/03/2026,13:08:00,48.82296,-55.87778,6490.0,0.0,SKT-4015,,1.0,0.0,GPAO
04/03/2026,13:08:08,48.82817,-55.89176,6483.0,0.0,SKT-4015,,1.0,0.0,GPAO
04/03/2026,13:08:16,48.8334,-55.90583,6442.0,0.0,SKT-4015,,1.0,0.0,GPAO
04/03/2026,13:08:24,48.83882,-55.91996,6384.0,0.0,SKT-4015,,1.0,0.0,GPAO
04/03/2026,13:08:32,48.84435,-55.93419,6325.0,0.0,SKT-4015,,1.0,0.0,GPAO
04/03/2026,13:08:41,48.85061,-55.9503,6258.0,0.0,SKT-4015,,1.0,0.0,GPAO
04/03/2026,13:08:49,48.85614,-55.96471,6198.0,0.0,SKT-4015,,1.0,0.0,GPAO
04/03/2026,13:08:57,48.86163,-55.97917,6138.0,0.0,SKT-4015,,1.0,0.0,GPAO
04/03/2026,13:09:05,48.86691,-55.99372,6077.0,0.0,SKT-4015,,1.0,0.0,GPAO
04/03/2026,13:09:13,48.87205,-56.00829,6017.0,0.0,SKT-4015,,1.0,0.0,GPAO
04/03/2026,13:09:22,48.87787,-56.02463,5949.0,0.0,SKT-4015,,1.0,0.0,GPAO
04/03/2026,13:09:30,48.88312,-56.03909,5887.0,0.0,SKT-4015,,1.0,0.0,GPAO
04/03/2026,13:09:38,48.88837,-56.05354,5826.0,0.0,SKT-4015,,1.0,0.0,GPAO
04/03/2026,13:09:46,48.89361,-56.06799,5765.0,0.0,SKT-4015,,1.0,0.0,GPAO
04/03/2026,13:09:54,48.89886,-56.08243,5703.0,0.0,SKT-4015,,1.0,0.0,GPAO
04/03/2026,13:10:02,48.90412,-56.09687,5641.0,0.0,SKT-4015,,1.0,0.0,GPAO
04/03/2026,13:10:10,48.90939,-56.1113,5580.0,0.0,SKT-4015,,1.0,0.0,GPAO
04/03/2026,13:10:19,48.91535,-56.12753,5511.0,0.0,SKT-4015,,1.0,0.0,GPAO
04/03/2026,13:10:27,48.92064,-56.14195,5450.0,0.0,SKT-4015,,1.0,0.0,GPAO
04/03/2026,13:10:35,48.92595,-56.15636,5389.0,0.0,SKT-4015,,1.0,0.0,GPAO
04/03/2026,13:10:43,48.93124,-56.17078,5328.0,0.0,SKT-4015,,1.0,0.0,GPAO
04/03/2026,13:10:51,48.93649,-56.1852,5267.0,0.0,SKT-4015,,1.0,0.0,GPAO
04/03/2026,13:10:59,48.94175,-56.19962,5206.0,0.0,SKT-4015,,1.0,0.0,GPAO
04/03/2026,13:11:07,48.94702,-56.21404,5145.0,0.0,SKT-4015,,1.0,0.0,GPAO
04/03/2026,13:11:15,48.95227,-56.22846,5085.0,0.0,SKT-4015,,1.0,0.0,GPAO
04/03/2026,13:11:23,48.95752,-56.24287,5025.0,0.0,SKT-4015,,1.0,0.0,GPAO
04/03/2026,13:11:31,48.96276,-56.25727,4964.0,0.0,SKT-4015,,1.0,0.0,GPAO
04/03/2026,13:11:39,48.968,-56.27166,4904.0,0.0,SKT-4015,,1.0,0.0,GPAO
04/03/2026,13:11:48,48.97391,-56.28782,4836.0,0.0,SKT-4015,,1.0,0.0,GPAO
04/03/2026,13:11:56,48.97916,-56.30219,4775.0,0.0,SKT-4015,,1.0,0.0,GPAO
04/03/2026,13:12:04,48.98441,-56.31657,4713.0,0.0,SKT-4015,,1.0,0.0,GPAO
04/03/2026,13:12:12,48.98969,-56.33097,4654.0,0.0,SKT-4015,,1.0,0.0,GPAO
04/03/2026,13:12:20,48.99496,-56.34535,4595.0,0.0,SKT-4015,,1.0,0.0,GPAO
04/03/2026,13:12:28,49.00027,-56.35955,4535.0,0.0,SKT-4015,,1.0,0.0,GPAO
04/03/2026,13:12:36,49.0056,-56.37359,4474.0,0.0,SKT-4015,,1.0,0.0,GPAO
04/03/2026,13:12:44,49.01089,-56.38752,4412.0,0.0,SKT-4015,,1.0,0.0,GPAO
04/03/2026,13:12:52,49.01608,-56.40138,4354.0,0.0,SKT-4015,,1.0,0.0,GPAO
04/03/2026,13:13:00,49.02117,-56.41517,4295.0,0.0,SKT-4015,,1.0,0.0,GPAO
04/03/2026,13:13:08,49.02621,-56.42889,4236.0,0.0,SKT-4015,,1.0,0.0,GPAO
04/03/2026,13:13:16,49.03121,-56.44255,4179.0,0.0,SKT-4015,,1.0,0.0,GPAO
04/03/2026,13:13:25,49.03677,-56.45785,4113.0,0.0,SKT-4015,,1.0,0.0,GPAO
04/03/2026,13:13:33,49.04168,-56.47139,4056.0,0.0,SKT-4015,,1.0,0.0,GPAO
04/03/2026,13:13:41,49.04655,-56.48487,4000.0,0.0,SKT-4015,,1.0,0.0,GPAO
04/03/2026,13:13:49,49.05148,-56.49827,3944.0,0.0,SKT-4015,,1.0,0.0,GPAO
04/03/2026,13:13:57,49.05643,-56.51162,3888.0,0.0,SKT-4015,,1.0,0.0,GPAO
04/03/2026,13:14:05,49.06135,-56.52496,3831.0,0.0,SKT-4015,,1.0,0.0,GPAO
04/03/2026,13:14:13,49.06621,-56.53833,3774.0,0.0,SKT-4015,,1.0,0.0,GPAO
04/03/2026,13:14:21,49.07103,-56.55173,3718.0,0.0,SKT-4015,,1.0,0.0,GPAO
04/03/2026,13:14:29,49.07588,-56.56515,3663.0,0.0,SKT-4015,,1.0,0.0,GPAO
04/03/2026,13:14:37,49.08077,-56.57856,3610.0,0.0,SKT-4015,,1.0,0.0,GPAO
04/03/2026,13:14:45,49.08569,-56.59196,3556.0,0.0,SKT-4015,,1.0,0.0,GPAO
04/03/2026,13:14:56,,,,,SKT-4015,,1.0,0.0,GPAO
04/03/2026,13:15:04,49.09727,-56.62379,3424.0,0.0,SKT-4015,,1.0,0.0,GPAO
04/03/2026,13:15:12,49.10213,-56.63717,3368.0,0.0,SKT-4015,,1.0,0.0,GPAO
04/03/2026,13:15:21,49.1076,-56.65222,3305.0,0.0,SKT-4015,,1.0,0.0,GPAO
04/03/2026,13:15:29,49.11243,-56.66557,3250.0,0.0,SKT-4015,,1.0,0.0,GPAO
04/03/2026,13:15:37,49.11726,-56.67891,3195.0,0.0,SKT-4015,,1.0,0.0,GPAO
04/03/2026,13:15:45,49.12206,-56.69222,3139.0,0.0,SKT-4015,,1.0,0.0,GPAO
04/03/2026,13:15:53,49.12691,-56.70523,3084.0,0.0,SKT-4015,,1.0,0.0,GPAO
04/03/2026,13:16:01,49.13186,-56.71787,3029.0,0.0,SKT-4015,,1.0,0.0,GPAO
04/03/2026,13:16:09,49.13672,-56.73016,2975.0,0.0,SKT-4015,,1.0,0.0,GPAO
04/03/2026,13:16:19,49.1423,-56.74516,2913.0,0.0,SKT-4015,,1.0,0.0,GPAO
04/03/2026,13:16:28,49.14686,-56.75849,2859.0,0.0,SKT-4015,,1.0,0.0,GPAO
04/03/2026,13:16:36,49.15076,-56.77025,2811.0,0.0,SKT-4015,,1.0,0.0,GPAO
04/03/2026,13:16:44,49.15472,-56.78181,2766.0,0.0,SKT-4015,,1.0,0.0,GPAO
04/03/2026,13:16:52,49.15879,-56.79325,2719.0,0.0,SKT-4015,,1.0,0.0,GPAO
04/03/2026,13:17:01,49.16346,-56.806,2665.0,0.0,SKT-4015,,1.0,0.0,GPAO
04/03/2026,13:17:09,49.16759,-56.81727,2619.0,0.0,SKT-4015,,1.0,0.0,GPAO
04/03/2026,13:17:17,49.1717,-56.82848,2574.0,0.0,SKT-4015,,1.0,0.0,GPAO
04/03/2026,13:17:25,49.17578,-56.83967,2528.0,0.0,SKT-4015,,1.0,0.0,GPAO
04/03/2026,13:17:33,49.17981,-56.85081,2482.0,0.0,SKT-4015,,1.0,0.0,GPAO
04/03/2026,13:17:42,49.18421,-56.86328,2432.0,0.0,SKT-4015,,1.0,0.0,GPAO
04/03/2026,13:17:50,49.18807,-56.87418,2387.0,0.0,SKT-4015,,1.0,0.0,GPAO
04/03/2026,13:17:58,49.19194,-56.88473,2343.0,0.0,SKT-4015,,1.0,0.0,GPAO
04/03/2026,13:18:06,49.19572,-56.89494,2299.0,0.0,SKT-4015,,1.0,0.0,GPAO
04/03/2026,13:18:14,49.19938,-56.9048,2259.0,0.0,SKT-4015,,1.0,0.0,GPAO
04/03/2026,13:18:22,49.20291,-56.91438,2223.0,0.0,SKT-4015,,1.0,0.0,GPAO
04/03/2026,13:18:30,49.20628,-56.92402,2187.0,0.0,SKT-4015,,1.0,0.0,GPAO
04/03/2026,13:18:38,49.20961,-56.93377,2146.0,0.0,SKT-4015,,1.0,0.0,GPAO
04/03/2026,13:18:46,49.21295,-56.9436,2105.0,0.0,SKT-4015,,1.0,0.0,GPAO
04/03/2026,13:18:55,49.21672,-56.95469,2059.0,0.0,SKT-4015,,1.0,0.0,GPAO
04/03/2026,13:19:03,49.22009,-56.96451,2019.0,0.0,SKT-4015,,1.0,0.0,GPAO
04/03/2026,13:19:11,49.22345,-56.97429,1979.0,0.0,SKT-4015,,1.0,0.0,GPAO
04/03/2026,13:19:19,49.22677,-56.984,1940.0,0.0,SKT-4015,,1.0,0.0,GPAO
04/03/2026,13:19:27,49.23013,-56.99355,1899.0,0.0,SKT-4015,,1.0,0.0,GPAO
04/03/2026,13:19:35,49.23355,-57.00286,1860.0,0.0,SKT-4015,,1.0,0.0,GPAO
04/03/2026,13:19:43,49.2369,-57.01209,1823.0,0.0,SKT-4015,,1.0,0.0,GPAO
04/03/2026,13:19:51,49.24011,-57.02149,1789.0,0.0,SKT-4015,,1.0,0.0,GPAO
04/03/2026,13:19:59,49.24328,-57.03111,1754.0,0.0,SKT-4015,,1.0,0.0,GPAO
04/03/2026,13:20:07,49.24651,-57.04099,1712.0,0.0,SKT-4015,,1.0,0.0,GPAO
04/03/2026,13:20:15,49.24986,-57.05105,1670.0,0.0,SKT-4015,,1.0,0.0,GPAO
04/03/2026,13:20:23,49.25334,-57.06104,1628.0,0.0,SKT-4015,,1.0,0.0,GPAO
04/03/2026,13:20:32,49.25734,-57.07199,1582.0,0.0,SKT-4015,,1.0,0.0,GPAO
04/03/2026,13:20:41,49.26131,-57.08273,1538.0,0.0,SKT-4015,,1.0,0.0,GPAO
04/03/2026,13:20:49,49.26481,-57.09213,1500.0,0.0,SKT-4015,,1.0,0.0,GPAO
04/03/2026,13:20:57,49.2682,-57.10149,1464.0,0.0,SKT-4015,,1.0,1.0,GPAO
04/03/2026,13:21:05,49.2718,-57.11062,1427.0,0.0,SKT-4015,,1.0,1.0,GPAO
04/03/2026,13:21:13,49.27606,-57.11918,1387.0,0.0,SKT-4015,,1.0,0.0,GPAO
04/03/2026,13:21:21,49.28081,-57.12719,1349.0,0.0,SKT-4015,,1.0,1.0,GPAO
04/03/2026,13:21:29,49.28583,-57.13478,1310.0,0.0,SKT-4015,,1.0,1.0,GPAO
04/03/2026,13:21:37,49.29098,-57.14211,1272.0,0.0,SKT-4015,,1.0,1.0,GPAO
04/03/2026,13:21:44,49.29556,-57.14834,1240.0,0.0,SKT-4015,,1.0,1.0,GPAO
04/03/2026,13:21:53,49.30151,-57.15617,1200.0,0.0,SKT-4015,,1.0,1.0,GPAO
04/03/2026,13:22:01,49.3068,-57.16319,1162.0,0.0,SKT-4015,,1.0,1.0,GPAO
04/03/2026,13:22:08,49.31144,-57.16934,1129.0,0.0,SKT-4015,,1.0,1.0,GPAO
04/03/2026,13:22:15,49.31606,-57.17549,1097.0,0.0,SKT-4015,,1.0,1.0,GPAO
04/03/2026,13:22:22,49.32039,-57.18197,1064.0,0.0,SKT-4015,,1.0,1.0,GPAO
04/03/2026,13:22:33,49.32412,-57.1944,1018.0,0.0,SKT-4015,,1.0,1.0,GPAO
04/03/2026,13:22:41,49.32364,-57.20381,986.0,0.0,SKT-4015,,1.0,0.0,GPAO
04/03/2026,13:22:49,49.32089,-57.21208,957.0,0.0,SKT-4015,,1.0,1.0,GPAO
04/03/2026,13:22:57,49.3172,-57.21933,931.0,0.0,SKT-4015,,1.0,0.0,GPAO
04/03/2026,13:23:05,49.31324,-57.22617,888.0,0.0,SKT-4015,,1.0,0.0,GPAO
04/03/2026,13:23:13,49.30922,-57.23296,848.0,0.0,SKT-4015,,1.0,0.0,GPAO
04/03/2026,13:23:21,49.30522,-57.23975,811.0,0.0,SKT-4015,,1.0,0.0,GPAO
04/03/2026,13:23:31,49.30025,-57.24817,765.0,0.0,SKT-4015,,1.0,0.0,GPAO
04/03/2026,13:23:39,49.29628,-57.25475,731.0,0.0,SKT-4015,,1.0,0.0,GPAO
04/03/2026,13:23:48,49.29193,-57.26191,689.0,0.0,SKT-4015,,1.0,1.0,GPAO
04/03/2026,13:23:56,49.28819,-57.26806,660.0,0.0,SKT-4015,,1.0,1.0,GPAO
04/03/2026,13:24:03,49.28494,-57.27333,632.0,0.0,SKT-4015,,1.0,1.0,GPAO
04/03/2026,13:24:11,49.28123,-57.27924,600.0,0.0,SKT-4015,,1.0,1.0,GPAO
04/03/2026,13:24:19,49.2775,-57.2851,570.0,0.0,SKT-4015,,1.0,0.0,GPAO
04/03/2026,13:24:27,49.27388,-57.2908,545.0,0.0,SKT-4015,,1.0,0.0,GPAO
04/03/2026,13:24:35,49.27043,-57.2963,518.0,0.0,SKT-4015,,1.0,1.0,GPAO
04/03/2026,13:24:43,49.26713,-57.30161,485.0,0.0,SKT-4015,,1.0,1.0,GPAO
04/03/2026,13:24:51,49.26398,-57.30671,455.0,0.0,SKT-4015,,1.0,1.0,GPAO
04/03/2026,13:24:59,49.26094,-57.31156,428.0,0.0,SKT-4015,,1.0,1.0,GPAO
04/03/2026,13:25:07,49.25803,-57.31618,401.0,0.0,SKT-4015,,1.0,1.0,GPAO
04/03/2026,13:25:15,49.25519,-57.3207,377.0,0.0,SKT-4015,,1.0,0.0,GPAO
04/03/2026,13:25:23,49.25236,-57.3252,352.0,0.0,SKT-4015,,1.0,0.0,GPAO
04/03/2026,13:25:32,49.2492,-57.33025,325.0,0.0,SKT-4015,,1.0,0.0,GPAO
04/03/2026,13:25:39,49.24676,-57.33417,304.0,0.0,SKT-4015,,1.0,1.0,GPAO
04/03/2026,13:25:46,49.2443,-57.33805,282.0,0.0,SKT-4015,,1.0,1.0,GPAO
04/03/2026,13:25:53,49.24183,-57.34192,262.0,0.0,SKT-4015,,1.0,1.0,GPAO
04/03/2026,13:26:00,49.23936,-57.34581,240.0,0.0,SKT-4015,,1.0,1.0,GPAO
04/03/2026,13:26:08,49.23656,-57.35028,214.0,0.0,SKT-4015,,1.0,1.0,GPAO
04/03/2026,13:26:16,49.23377,-57.35476,190.0,0.0,SKT-4015,,1.0,1.0,GPAO
04/03/2026,13:26:23,49.23134,-57.35869,167.0,0.0,SKT-4015,,1.0,1.0,GPAO
04/03/2026,13:26:30,49.22892,-57.36264,146.0,0.0,SKT-4015,,1.0,1.0,GPAO
04/03/2026,13:26:37,49.22648,-57.36655,124.0,0.0,SKT-4015,,1.0,1.0,GPAO
04/03/2026,13:26:44,49.22399,-57.37047,103.0,0.0,SKT-4015,,1.0,1.0,GPAO
04/03/2026,13:26:52,49.22113,-57.37508,77.0,0.0,SKT-4015,,1.0,1.0,GPAO
04/03/2026,13:26:59,49.21858,-57.37921,54.0,0.0,SKT-4015,,1.0,1.0,GPAO
04/03/2026,13:27:06,49.21603,-57.38337,34.0,0.0,SKT-4015,,1.0,1.0,GPAO
04/03/2026,13:27:13,49.21345,-57.3875,25.0,0.0,SKT-4015,,1.0,1.0,GPAO
04/03/2026,13:27:20,49.21105,-57.39136,25.0,1.0,SKT-4015,,1.0,1.0,GPAO
04/03/2026,13:27:28,49.20919,-57.39431,24.0,1.0,SKT-4015,,1.0,1.0,GPAO
04/03/2026,13:27:35,49.20822,-57.39585,23.0,1.0,SKT-4015,,1.0,1.0,GPAO
04/03/2026,13:27:42,49.20771,-57.39668,22.0,1.0,SKT-4015,,1.0,1.0,GPAO
04/03/2026,13:27:49,49.20755,-57.39732,21.0,1.0,SKT-4015,,1.0,1.0,GPAO
04/03/2026,13:27:56,49.20781,-57.39791,21.0,1.0,SKT-4015,,1.0,1.0,GPAO
04/03/2026,13:28:04,49.20823,-57.39852,21.0,1.0,SKT-4015,,1.0,1.0,GPAO
04/03/2026,13:28:11,49.20858,-57.39874,22.0,1.0,SKT-4015,,1.0,1.0,GPAO
04/03/2026,13:28:18,49.20891,-57.39854,22.0,1.0,SKT-4015,,1.0,1.0,GPAO
04/03/2026,13:28:25,49.20922,-57.39853,23.0,1.0,SKT-4015,,1.0,1.0,GPAO
04/03/2026,13:28:33,49.2095,-57.3986,23.0,1.0,SKT-4015,,1.0,1.0,GPAO
04/03/2026,13:28:40,49.20958,-57.39862,23.0,1.0,SKT-4015,,1.0,1.0,GPAO
04/03/2026,13:28:47,49.20958,-57.39862,23.0,1.0,SKT-4015,,1.0,1.0,GPAO
04/03/2026,13:28:54,49.20959,-57.39862,23.0,1.0,SKT-4015,,1.0,1.0,GPAO
04/03/2026,13:29:01,49.20959,-57.39863,23.0,1.0,SKT-4015,,1.0,1.0,GPAO
04/03/2026,13:29:09,49.20959,-57.39864,24.0,1.0,SKT-4015,,1.0,1.0,GPAO
04/03/2026,13:29:16,49.20959,-57.39864,25.0,1.0,SKT-4015,,1.0,1.0,GPAO
04/03/2026,13:29:23,49.20959,-57.39864,24.0,1.0,SKT-4015,,1.0,1.0,GPAO
04/03/2026,13:29:30,49.20959,-57.39863,24.0,1.0,SKT-4015,,1.0,1.0,GPAO
04/03/2026,13:29:37,49.20959,-57.39863,23.0,1.0,SKT-4015,,1.0,1.0,GPAO
04/03/2026,13:29:45,49.20958,-57.39863,24.0,1.0,SKT-4015,,1.0,1.0,GPAO
04/03/2026,13:29:53,49.20958,-57.39863,23.0,1.0,SKT-4015,,1.0,1.0,GPAO
04/03/2026,13:30:01,49.20959,-57.39863,23.0,1.0,SKT-4015,,1.0,1.0,GPAO
04/03/2026,13:30:08,49.20959,-57.39863,23.0,1.0,SKT-4015,,1.0,1.0,GPAO
04/03/2026,13:30:15,49.20959,-57.39862,23.0,1.0,SKT-4015,,1.0,1.0,GPAO
04/03/2026,13:30:24,49.20958,-57.39862,23.0,1.0,SKT-4015,,1.0,1.0,GPAO
04/03/2026,13:30:32,49.20958,-57.39862,24.0,1.0,SKT-4015,,1.0,1.0,GPAO
04/03/2026,13:30:39,49.20959,-57.39863,24.0,1.0,SKT-4015,,1.0,1.0,GPAO
04/03/2026,13:30:46,49.20959,-57.39864,24.0,1.0,SKT-4015,,1.0,1.0,GPAO
04/03/2026,13:30:54,49.20959,-57.39864,25.0,1.0,SKT-4015,,1.0,1.0,GPAO
04/03/2026,13:31:02,49.20959,-57.39864,24.0,1.0,SKT-4015,,1.0,1.0,GPAO
04/03/2026,13:31:09,49.20959,-57.39864,23.0,1.0,SKT-4015,,1.0,1.0,GPAO
04/03/2026,13:31:16,49.20959,-57.39864,23.0,1.0,SKT-4015,,1.0,1.0,GPAO
04/03/2026,13:31:23,49.20959,-57.39864,23.0,1.0,SKT-4015,,1.0,1.0,GPAO
04/03/2026,13:31:30,49.20959,-57.39864,23.0,1.0,SKT-4015,,1.0,1.0,GPAO
04/03/2026,13:31:38,49.20959,-57.39864,24.0,1.0,SKT-4015,,1.0,1.0,GPAO
04/03/2026,13:31:46,49.20959,-57.39864,24.0,1.0,SKT-4015,,1.0,1.0,GPAO
04/03/2026,13:31:53,49.20959,-57.39863,25.0,1.0,SKT-4015,,1.0,1.0,GPAO
04/03/2026,13:32:00,49.20959,-57.39862,26.0,1.0,SKT-4015,,1.0,1.0,GPAO
04/03/2026,13:32:07,49.20959,-57.39862,26.0,1.0,SKT-4015,,1.0,1.0,GPAO
04/03/2026,13:32:14,49.20958,-57.39862,27.0,1.0,SKT-4015,,1.0,1.0,GPAO
04/03/2026,13:32:22,49.20959,-57.39863,28.0,1.0,SKT-4015,,1.0,1.0,GPAO
04/03/2026,13:32:29,49.20959,-57.39863,27.0,1.0,SKT-4015,,1.0,1.0,GPAO
04/03/2026,13:32:36,49.20958,-57.39862,25.0,1.0,SKT-4015,,1.0,1.0,GPAO
04/03/2026,13:32:43,49.20958,-57.39863,24.0,1.0,SKT-4015,,1.0,1.0,GPAO
04/03/2026,13:32:51,49.20958,-57.39864,24.0,1.0,SKT-4015,,1.0,1.0,GPAO
04/03/2026,13:32:58,49.20958,-57.39864,25.0,1.0,SKT-4015,,1.0,1.0,GPAO
04/03/2026,13:33:06,49.20958,-57.39863,26.0,1.0,SKT-4015,,1.0,1.0,GPAO
04/03/2026,13:33:13,49.20959,-57.39863,27.0,1.0,SKT-4015,,1.0,1.0,GPAO
04/03/2026,13:33:20,49.20959,-57.39862,27.0,1.0,SKT-4015,,1.0,1.0,GPAO
04/03/2026,13:33:27,49.20959,-57.39862,27.0,1.0,SKT-4015,,1.0,1.0,GPAO
04/03/2026,13:33:34,49.20959,-57.39862,27.0,1.0,SKT-4015,,1.0,1.0,GPAO
04/03/2026,13:33:41,49.20959,-57.39862,27.0,1.0,SKT-4015,,1.0,1.0,GPAO
04/03/2026,13:33:51,,,,,SKT-4015,,1.0,1.0,GPAO
04/03/2026,13:34:01,,,,,SKT-4015,,1.0,1.0,GPAO
04/03/2026,13:34:11,,,,,SKT-4015,,1.0,1.0,GPAO
04/03/2026,13:34:17,49.20959,-57.39863,26.0,1.0,SKT-4015,,1.0,1.0,GPAO
04/03/2026,13:34:24,49.20959,-57.39863,26.0,1.0,SKT-4015,,1.0,1.0,GPAO
04/03/2026,13:34:32,49.20959,-57.39863,25.0,1.0,SKT-4015,,1.0,1.0,GPAO
04/03/2026,13:34:40,49.20959,-57.39863,25.0,1.0,SKT-4015,,1.0,1.0,GPAO
04/03/2026,13:34:48,49.20959,-57.39863,25.0,1.0,SKT-4015,,1.0,1.0,GPAO
04/03/2026,13:34:55,49.20959,-57.39863,25.0,1.0,SKT-4015,,1.0,1.0,GPAO
04/03/2026,13:35:02,49.20959,-57.39863,26.0,1.0,SKT-4015,,1.0,1.0,GPAO
04/03/2026,13:35:09,49.20959,-57.39863,26.0,1.0,SKT-4015,,1.0,1.0,GPAO
04/03/2026,13:35:16,49.20959,-57.39863,27.0,1.0,SKT-4015,,1.0,1.0,GPAO
04/03/2026,13:35:23,49.20959,-57.39863,27.0,1.0,SKT-4015,,1.0,1.0,GPAO
04/03/2026,13:35:31,49.2096,-57.39864,27.0,1.0,SKT-4015,,1.0,1.0,GPAO
04/03/2026,13:35:40,49.2096,-57.39864,28.0,1.0,SKT-4015,,1.0,1.0,GPAO
04/03/2026,13:35:47,49.2096,-57.39864,28.0,1.0,SKT-4015,,1.0,1.0,GPAO
04/03/2026,13:35:54,49.20961,-57.39864,28.0,1.0,SKT-4015,,1.0,1.0,GPAO
04/03/2026,13:36:01,49.2096,-57.39864,28.0,1.0,SKT-4015,,1.0,1.0,GPAO
04/03/2026,13:36:09,49.2096,-57.39864,28.0,1.0,SKT-4015,,1.0,1.0,GPAO
04/03/2026,13:36:16,49.2096,-57.39863,28.0,1.0,SKT-4015,,1.0,1.0,GPAO
04/03/2026,13:36:23,49.2096,-57.39863,27.0,1.0,SKT-4015,,1.0,1.0,GPAO
04/03/2026,13:36:30,49.2096,-57.39863,27.0,1.0,SKT-4015,,1.0,1.0,GPAO
04/03/2026,13:36:37,49.2096,-57.39864,27.0,1.0,SKT-4015,,1.0,1.0,GPAO
04/03/2026,13:36:45,49.2096,-57.39864,28.0,1.0,SKT-4015,,1.0,1.0,GPAO
04/03/2026,13:36:52,49.2096,-57.39865,30.0,1.0,SKT-4015,,1.0,1.0,GPAO
04/03/2026,13:36:59,49.20961,-57.39865,32.0,1.0,SKT-4015,,1.0,1.0,GPAO
04/03/2026,13:37:06,49.20961,-57.39865,32.0,1.0,SKT-4015,,1.0,1.0,GPAO
04/03/2026,13:37:13,49.20961,-57.39864,32.0,1.0,SKT-4015,,1.0,1.0,GPAO
04/03/2026,13:37:20,49.20961,-57.39864,32.0,1.0,SKT-4015,,1.0,1.0,GPAO
04/03/2026,13:37:28,49.20961,-57.39865,31.0,1.0,SKT-4015,,1.0,1.0,GPAO
04/03/2026,13:37:35,49.20961,-57.39865,30.0,1.0,SKT-4015,,1.0,1.0,GPAO
04/03/2026,13:37:42,49.20961,-57.39865,30.0,1.0,SKT-4015,,1.0,1.0,GPAO
04/03/2026,13:37:49,49.20961,-57.39866,31.0,1.0,SKT-4015,,1.0,1.0,GPAO
04/03/2026,13:37:56,49.20961,-57.39867,31.0,1.0,SKT-4015,,1.0,1.0,GPAO
04/03/2026,13:38:04,49.20961,-57.39866,32.0,1.0,SKT-4015,,1.0,1.0,GPAO
04/03/2026,13:38:12,49.20962,-57.39866,33.0,1.0,SKT-4015,,1.0,1.0,GPAO
04/03/2026,13:38:19,49.20962,-57.39866,34.0,1.0,SKT-4015,,1.0,1.0,GPAO
04/03/2026,13:38:26,49.20963,-57.39866,35.0,1.0,SKT-4015,,1.0,1.0,GPAO
04/03/2026,13:38:33,49.20963,-57.39866,35.0,1.0,SKT-4015,,1.0,1.0,GPAO
04/03/2026,13:38:40,49.20963,-57.39867,35.0,1.0,SKT-4015,,1.0,1.0,GPAO
04/03/2026,13:38:47,49.20963,-57.39867,35.0,1.0,SKT-4015,,1.0,1.0,GPAO
04/03/2026,13:38:55,49.20963,-57.39867,35.0,1.0,SKT-4015,,1.0,1.0,GPAO
04/03/2026,13:39:02,49.20963,-57.39867,34.0,1.0,SKT-4015,,1.0,1.0,GPAO
04/03/2026,13:39:09,49.20963,-57.39867,33.0,1.0,SKT-4015,,1.0,1.0,GPAO
04/03/2026,13:39:16,49.20962,-57.39867,32.0,1.0,SKT-4015,,1.0,1.0,GPAO
04/03/2026,13:39:23,49.20962,-57.39866,31.0,1.0,SKT-4015,,1.0,1.0,GPAO
04/03/2026,13:39:31,49.20962,-57.39865,31.0,1.0,SKT-4015,,1.0,1.0,GPAO
04/03/2026,13:39:38,49.20962,-57.39865,31.0,1.0,SKT-4015,,1.0,1.0,GPAO
04/03/2026,13:39:45,49.20962,-57.39865,31.0,1.0,SKT-4015,,1.0,1.0,GPAO
04/03/2026,13:39:52,49.20962,-57.39865,31.0,1.0,SKT-4015,,1.0,1.0,GPAO
04/03/2026,13:39:59,49.20963,-57.39866,32.0,1.0,SKT-4015,,1.0,1.0,GPAO
04/03/2026,13:40:06,49.20963,-57.39867,34.0,1.0,SKT-4015,,1.0,1.0,GPAO
04/03/2026,13:40:14,49.20964,-57.39868,37.0,1.0,SKT-4015,,1.0,1.0,GPAO
04/03/2026,13:40:21,49.20964,-57.39868,39.0,1.0,SKT-4015,,1.0,1.0,GPAO
04/03/2026,13:40:28,49.20964,-57.39868,40.0,1.0,SKT-4015,,1.0,1.0,GPAO
04/03/2026,13:40:35,49.20964,-57.39868,40.0,1.0,SKT-4015,,1.0,1.0,GPAO
04/03/2026,13:40:42,49.20964,-57.39866,40.0,1.0,SKT-4015,,1.0,1.0,GPAO
04/03/2026,13:40:50,49.20964,-57.39865,39.0,1.0,SKT-4015,,1.0,1.0,GPAO
04/03/2026,13:40:57,49.20964,-57.39865,38.0,1.0,SKT-4015,,1.0,1.0,GPAO
04/03/2026,13:41:04,49.20963,-57.39864,36.0,1.0,SKT-4015,,1.0,1.0,GPAO
04/03/2026,13:41:11,49.20963,-57.39864,35.0,1.0,SKT-4015,,1.0,1.0,GPAO
04/03/2026,13:41:18,49.20962,-57.39863,33.0,1.0,SKT-4015,,1.0,1.0,GPAO
04/03/2026,13:41:25,49.20961,-57.39862,32.0,1.0,SKT-4015,,1.0,1.0,GPAO
04/03/2026,13:41:33,49.20961,-57.39862,32.0,1.0,SKT-4015,,1.0,1.0,GPAO
04/03/2026,13:41:40,49.20961,-57.39862,32.0,1.0,SKT-4015,,1.0,1.0,GPAO
04/03/2026,13:41:47,49.20961,-57.39862,32.0,1.0,SKT-4015,,1.0,1.0,GPAO
04/03/2026,13:41:54,49.20961,-57.39862,31.0,1.0,SKT-4015,,1.0,1.0,GPAO
04/03/2026,13:42:02,49.2096,-57.39862,31.0,1.0,SKT-4015,,1.0,1.0,GPAO
04/03/2026,13:42:09,49.2096,-57.39862,30.0,1.0,SKT-4015,,1.0,1.0,GPAO
04/03/2026,13:42:16,49.2096,-57.39862,30.0,1.0,SKT-4015,,1.0,1.0,GPAO
04/03/2026,13:42:23,49.2096,-57.39862,29.0,1.0,SKT-4015,,1.0,1.0,GPAO
04/03/2026,13:42:30,49.2096,-57.39862,30.0,1.0,SKT-4015,,1.0,1.0,GPAO
04/03/2026,13:42:37,49.2096,-57.39862,30.0,1.0,SKT-4015,,1.0,1.0,GPAO
04/03/2026,13:42:45,49.2096,-57.39861,29.0,1.0,SKT-4015,,1.0,1.0,GPAO
04/03/2026,13:42:52,49.2096,-57.39861,29.0,1.0,SKT-4015,,1.0,1.0,GPAO
04/03/2026,13:42:59,49.2096,-57.39861,29.0,1.0,SKT-4015,,1.0,1.0,GPAO
04/03/2026,13:43:06,49.2096,-57.39861,29.0,1.0,SKT-4015,,1.0,1.0,GPAO
04/03/2026,13:43:17,,,,,SKT-4015,,1.0,1.0,GPAO
04/03/2026,13:43:23,49.2096,-57.39861,28.0,1.0,SKT-4015,,1.0,1.0,GPAO
04/03/2026,13:43:31,49.2096,-57.39862,28.0,1.0,SKT-4015,,1.0,1.0,GPAO
04/03/2026,13:43:38,49.2096,-57.39862,28.0,1.0,SKT-4015,,1.0,1.0,GPAO
04/03/2026,13:43:45,49.2096,-57.39861,27.0,1.0,SKT-4015,,1.0,1.0,GPAO
04/03/2026,13:43:53,49.2096,-57.39862,27.0,1.0,SKT-4015,,1.0,1.0,GPAO
04/03/2026,13:44:00,49.20959,-57.39862,27.0,1.0,SKT-4015,,1.0,1.0,GPAO
04/03/2026,13:44:07,49.20959,-57.39861,28.0,1.0,SKT-4015,,1.0,1.0,GPAO
04/03/2026,13:44:15,49.20959,-57.39861,27.0,1.0,SKT-4015,,1.0,1.0,GPAO
04/03/2026,13:44:22,49.2096,-57.39861,27.0,1.0,SKT-4015,,1.0,1.0,GPAO
04/03/2026,13:44:29,49.20963,-57.39857,27.0,1.0,SKT-4015,,1.0,1.0,GPAO
04/03/2026,13:44:37,49.20962,-57.39849,26.0,1.0,SKT-4015,,1.0,1.0,GPAO
04/03/2026,13:44:44,49.20957,-57.39839,25.0,1.0,SKT-4015,,1.0,1.0,GPAO
04/03/2026,13:44:52,49.20951,-57.39828,25.0,1.0,SKT-4015,,1.0,1.0,GPAO
04/03/2026,13:44:59,49.20945,-57.39807,25.0,1.0,SKT-4015,,1.0,1.0,GPAO
04/03/2026,13:45:06,49.20945,-57.3978,24.0,1.0,SKT-4015,,1.0,1.0,GPAO
04/03/2026,13:45:13,49.2095,-57.39759,24.0,1.0,SKT-4015,,1.0,1.0,GPAO
04/03/2026,13:45:20,49.20956,-57.39745,24.0,1.0,SKT-4015,,1.0,1.0,GPAO
04/03/2026,13:45:28,49.20961,-57.39736,24.0,1.0,SKT-4015,,1.0,1.0,GPAO
04/03/2026,13:45:35,49.20963,-57.39733,24.0,1.0,SKT-4015,,1.0,1.0,GPAO
04/03/2026,13:45:42,49.20964,-57.39731,24.0,1.0,SKT-4015,,1.0,1.0,GPAO
04/03/2026,13:45:49,49.20966,-57.39728,24.0,1.0,SKT-4015,,1.0,1.0,GPAO
04/03/2026,13:45:56,49.20967,-57.39727,24.0,1.0,SKT-4015,,1.0,1.0,GPAO
04/03/2026,13:46:03,49.20968,-57.39724,24.0,1.0,SKT-4015,,1.0,1.0,GPAO
04/03/2026,13:46:11,49.20969,-57.39722,24.0,1.0,SKT-4015,,1.0,1.0,GPAO
04/03/2026,13:46:18,49.2097,-57.39721,24.0,1.0,SKT-4015,,1.0,1.0,GPAO
04/03/2026,13:46:25,49.20975,-57.39713,24.0,1.0,SKT-4015,,1.0,1.0,GPAO
04/03/2026,13:46:32,49.20984,-57.397,24.0,1.0,SKT-4015,,1.0,1.0,GPAO
04/03/2026,13:46:39,49.20998,-57.39676,24.0,1.0,SKT-4015,,1.0,1.0,GPAO
04/03/2026,13:46:47,49.21028,-57.39629,25.0,1.0,SKT-4015,,1.0,1.0,GPAO
04/03/2026,13:46:54,49.21063,-57.39573,25.0,1.0,SKT-4015,,1.0,1.0,GPAO
04/03/2026,13:47:01,49.21095,-57.39522,26.0,1.0,SKT-4015,,1.0,1.0,GPAO
04/03/2026,13:47:08,49.21117,-57.39474,27.0,1.0,SKT-4015,,1.0,1.0,GPAO
04/03/2026,13:47:15,49.21111,-57.39421,27.0,1.0,SKT-4015,,1.0,1.0,GPAO
04/03/2026,13:47:22,49.21083,-57.39376,26.0,1.0,SKT-4015,,1.0,1.0,GPAO
04/03/2026,13:47:30,49.21049,-57.39326,26.0,1.0,SKT-4015,,1.0,1.0,GPAO
04/03/2026,13:47:37,49.21034,-57.39281,27.0,1.0,SKT-4015,,1.0,1.0,GPAO
04/03/2026,13:47:44,49.21056,-57.39223,27.0,1.0,SKT-4015,,1.0,1.0,GPAO
04/03/2026,13:47:51,49.21099,-57.39151,27.0,1.0,SKT-4015,,1.0,1.0,GPAO
04/03/2026,13:47:59,49.21164,-57.39046,27.0,1.0,SKT-4015,,1.0,1.0,GPAO
04/03/2026,13:48:06,49.2123,-57.38942,28.0,1.0,SKT-4015,,1.0,1.0,GPAO
04/03/2026,13:48:13,49.21299,-57.3883,28.0,1.0,SKT-4015,,1.0,1.0,GPAO
04/03/2026,13:48:20,49.2137,-57.38717,28.0,1.0,SKT-4015,,1.0,1.0,GPAO
04/03/2026,13:48:27,49.21441,-57.38604,29.0,1.0,SKT-4015,,1.0,1.0,GPAO
04/03/2026,13:48:35,49.21517,-57.38483,30.0,1.0,SKT-4015,,1.0,1.0,GPAO
04/03/2026,13:48:42,49.21572,-57.38393,30.0,1.0,SKT-4015,,1.0,1.0,GPAO
04/03/2026,13:48:49,49.21617,-57.38328,31.0,1.0,SKT-4015,,1.0,1.0,GPAO
04/03/2026,13:48:56,49.21659,-57.38305,31.0,1.0,SKT-4015,,1.0,1.0,GPAO
04/03/2026,13:49:03,49.2168,-57.38277,31.0,1.0,SKT-4015,,1.0,1.0,GPAO
04/03/2026,13:49:11,49.21672,-57.38251,31.0,1.0,SKT-4015,,1.0,1.0,GPAO
04/03/2026,13:49:18,49.21649,-57.38269,31.0,1.0,SKT-4015,,1.0,1.0,GPAO
04/03/2026,13:49:26,49.21569,-57.38398,30.0,1.0,SKT-4015,,1.0,1.0,GPAO
04/03/2026,13:49:33,49.21402,-57.38665,29.0,1.0,SKT-4015,,1.0,1.0,GPAO
04/03/2026,13:49:40,49.21156,-57.39056,28.0,1.0,SKT-4015,,1.0,1.0,GPAO
04/03/2026,13:49:47,49.20856,-57.39539,51.0,0.0,SKT-4015,,1.0,1.0,GPAO
04/03/2026,13:49:55,49.20483,-57.40142,117.0,0.0,SKT-4015,,1.0,1.0,GPAO
04/03/2026,13:50:02,49.20138,-57.407,192.0,0.0,SKT-4015,,1.0,1.0,GPAO
04/03/2026,13:50:09,49.19784,-57.41275,277.0,0.0,SKT-4015,,1.0,1.0,GPAO
04/03/2026,13:50:16,49.19424,-57.41861,366.0,0.0,SKT-4015,,1.0,1.0,GPAO
04/03/2026,13:50:24,49.18995,-57.42546,449.0,0.0,SKT-4015,,1.0,1.0,GPAO
04/03/2026,13:50:31,49.18605,-57.43164,518.0,0.0,SKT-4015,,1.0,1.0,GPAO
04/03/2026,13:50:39,49.18147,-57.43887,599.0,0.0,SKT-4015,,1.0,1.0,GPAO
04/03/2026,13:50:47,49.17685,-57.44625,690.0,0.0,SKT-4015,,1.0,1.0,GPAO
04/03/2026,13:50:57,,,,,SKT-4015,,1.0,1.0,GPAO
04/03/2026,13:51:03,49.168,-57.4614,912.0,0.0,SKT-4015,,1.0,1.0,GPAO
04/03/2026,13:51:10,49.16396,-57.46775,990.0,0.0,SKT-4015,,1.0,1.0,GPAO
04/03/2026,13:51:19,49.15849,-57.47565,1094.0,0.0,SKT-4015,,1.0,0.0,GPAO
04/03/2026,13:51:26,49.15418,-57.48168,1186.0,0.0,SKT-4015,,1.0,1.0,GPAO
04/03/2026,13:51:33,49.14985,-57.48765,1275.0,0.0,SKT-4015,,1.0,1.0,GPAO
04/03/2026,13:51:41,49.14488,-57.49448,1378.0,0.0,SKT-4015,,1.0,1.0,GPAO
04/03/2026,13:51:48,49.141,-57.50111,1460.0,0.0,SKT-4015,,1.0,1.0,GPAO
04/03/2026,13:51:56,49.13866,-57.51051,1544.0,0.0,SKT-4015,,1.0,1.0,GPAO
04/03/2026,13:52:05,49.13958,-57.52188,1645.0,0.0,SKT-4015,,1.0,1.0,GPAO
04/03/2026,13:52:13,49.14325,-57.53089,1739.0,0.0,SKT-4015,,1.0,1.0,GPAO
04/03/2026,13:52:21,49.14852,-57.53846,1831.0,0.0,SKT-4015,,1.0,1.0,GPAO
04/03/2026,13:52:30,49.15558,-57.54567,1922.0,0.0,SKT-4015,,1.0,1.0,GPAO
04/03/2026,13:52:38,49.16255,-57.55114,2000.0,0.0,SKT-4015,,1.0,1.0,GPAO
04/03/2026,13:52:46,49.16984,-57.55634,2073.0,0.0,SKT-4015,,1.0,1.0,GPAO
04/03/2026,13:52:53,49.17639,-57.56092,2131.0,0.0,SKT-4015,,1.0,1.0,GPAO
04/03/2026,13:53:01,49.18407,-57.56614,2198.0,0.0,SKT-4015,,1.0,1.0,GPAO
04/03/2026,13:53:08,49.19096,-57.57067,2260.0,0.0,SKT-4015,,1.0,1.0,GPAO
04/03/2026,13:53:15,49.19797,-57.57519,2323.0,0.0,SKT-4015,,1.0,1.0,GPAO
04/03/2026,13:53:23,49.20611,-57.58037,2396.0,0.0,SKT-4015,,1.0,1.0,GPAO
04/03/2026,13:53:30,49.21333,-57.58491,2461.0,0.0,SKT-4015,,1.0,1.0,GPAO
04/03/2026,13:53:37,49.2206,-57.58946,2526.0,0.0,SKT-4015,,1.0,1.0,GPAO
04/03/2026,13:53:44,49.22795,-57.59403,2590.0,0.0,SKT-4015,,1.0,1.0,GPAO
04/03/2026,13:53:51,49.23534,-57.59863,2655.0,0.0,SKT-4015,,1.0,1.0,GPAO
04/03/2026,13:53:59,49.24385,-57.60391,2733.0,0.0,SKT-4015,,1.0,1.0,GPAO
04/03/2026,13:54:07,49.25237,-57.60923,2815.0,0.0,SKT-4015,,1.0,0.0,GPAO
04/03/2026,13:54:16,49.26197,-57.61527,2905.0,0.0,SKT-4015,,1.0,0.0,GPAO
04/03/2026,13:54:24,49.27057,-57.62068,2983.0,0.0,SKT-4015,,1.0,1.0,GPAO
04/03/2026,13:54:31,49.27812,-57.62542,3053.0,0.0,SKT-4015,,1.0,1.0,GPAO
04/03/2026,13:54:39,49.28676,-57.63083,3140.0,0.0,SKT-4015,,1.0,1.0,GPAO
04/03/2026,13:54:48,49.29649,-57.63693,3233.0,0.0,SKT-4015,,1.0,0.0,GPAO
04/03/2026,13:54:58,49.30734,-57.64378,3335.0,0.0,SKT-4015,,1.0,0.0,GPAO
04/03/2026,13:55:06,49.31607,-57.64928,3418.0,0.0,SKT-4015,,1.0,0.0,GPAO
04/03/2026,13:55:14,49.32482,-57.6548,3500.0,0.0,SKT-4015,,1.0,0.0,GPAO
04/03/2026,13:55:22,49.33358,-57.66035,3580.0,0.0,SKT-4015,,1.0,0.0,GPAO
04/03/2026,13:55:30,49.34236,-57.6659,3661.0,0.0,SKT-4015,,1.0,0.0,GPAO
04/03/2026,13:55:38,49.35116,-57.67148,3744.0,0.0,SKT-4015,,1.0,0.0,GPAO
04/03/2026,13:55:46,49.35997,-57.67705,3831.0,0.0,SKT-4015,,1.0,0.0,GPAO
04/03/2026,13:55:54,49.36879,-57.68262,3916.0,0.0,SKT-4015,,1.0,0.0,GPAO
04/03/2026,13:56:02,49.37762,-57.68822,3994.0,0.0,SKT-4015,,1.0,0.0,GPAO
04/03/2026,13:56:10,49.3865,-57.69387,4068.0,0.0,SKT-4015,,1.0,0.0,GPAO
04/03/2026,13:56:18,49.3954,-57.69951,4148.0,0.0,SKT-4015,,1.0,0.0,GPAO
04/03/2026,13:56:27,49.40543,-57.70587,4236.0,0.0,SKT-4015,,1.0,0.0,GPAO
04/03/2026,13:56:35,49.41434,-57.71154,4315.0,0.0,SKT-4015,,1.0,0.0,GPAO
04/03/2026,13:56:43,49.42327,-57.71721,4394.0,0.0,SKT-4015,,1.0,0.0,GPAO
04/03/2026,13:56:51,49.43222,-57.7229,4473.0,0.0,SKT-4015,,1.0,0.0,GPAO
04/03/2026,13:56:59,49.44119,-57.72855,4552.0,0.0,SKT-4015,,1.0,0.0,GPAO
04/03/2026,13:57:07,49.45018,-57.73419,4631.0,0.0,SKT-4015,,1.0,0.0,GPAO
04/03/2026,13:57:15,49.45917,-57.73985,4706.0,0.0,SKT-4015,,1.0,0.0,GPAO
04/03/2026,13:57:23,49.46817,-57.74553,4781.0,0.0,SKT-4015,,1.0,0.0,GPAO
04/03/2026,13:57:31,49.47718,-57.75121,4859.0,0.0,SKT-4015,,1.0,0.0,GPAO
04/03/2026,13:57:38,49.48507,-57.75618,4928.0,0.0,SKT-4015,,1.0,1.0,GPAO
04/03/2026,13:57:46,49.49409,-57.76188,5004.0,0.0,SKT-4015,,1.0,1.0,GPAO
04/03/2026,13:57:54,49.50313,-57.76762,5076.0,0.0,SKT-4015,,1.0,0.0,GPAO
04/03/2026,13:58:02,49.5122,-57.77337,5148.0,0.0,SKT-4015,,1.0,1.0,GPAO
04/03/2026,13:58:10,49.52128,-57.77913,5218.0,0.0,SKT-4015,,1.0,0.0,GPAO
04/03/2026,13:58:18,49.53038,-57.78489,5288.0,0.0,SKT-4015,,1.0,0.0,GPAO
04/03/2026,13:58:26,49.53949,-57.79064,5357.0,0.0,SKT-4015,,1.0,1.0,GPAO
04/03/2026,13:58:34,49.5486,-57.79638,5426.0,0.0,SKT-4015,,1.0,0.0,GPAO
04/03/2026,13:58:42,49.55771,-57.80212,5493.0,0.0,SKT-4015,,1.0,0.0,GPAO
04/03/2026,13:58:50,49.56683,-57.80788,5559.0,0.0,SKT-4015,,1.0,0.0,GPAO
04/03/2026,13:58:59,49.5771,-57.81439,5629.0,0.0,SKT-4015,,1.0,0.0,GPAO
04/03/2026,13:59:08,49.58738,-57.8209,5698.0,0.0,SKT-4015,,1.0,0.0,GPAO
04/03/2026,13:59:19,,,,,SKT-4015,,1.0,0.0,GPAO
04/03/2026,13:59:26,49.60804,-57.83413,5821.0,0.0,SKT-4015,,1.0,0.0,GPAO
04/03/2026,13:59:34,49.61731,-57.84002,5877.0,0.0,SKT-4015,,1.0,0.0,GPAO
04/03/2026,13:59:42,49.6266,-57.84589,5937.0,0.0,SKT-4015,,1.0,0.0,GPAO
04/03/2026,13:59:51,49.63708,-57.85249,6005.0,0.0,SKT-4015,,1.0,0.0,GPAO
04/03/2026,13:59:59,49.64639,-57.85836,6063.0,0.0,SKT-4015,,1.0,0.0,GPAO
04/03/2026,14:00:07,49.65572,-57.86425,6121.0,0.0,SKT-4015,,1.0,0.0,GPAO
04/03/2026,14:00:15,49.66505,-57.87016,6176.0,0.0,SKT-4015,,1.0,0.0,GPAO
04/03/2026,14:00:24,49.67556,-57.87681,6241.0,0.0,SKT-4015,,1.0,0.0,GPAO
04/03/2026,14:00:31,49.68373,-57.88198,6290.0,0.0,SKT-4015,,1.0,0.0,GPAO
04/03/2026,14:00:38,49.6919,-57.88715,6340.0,0.0,SKT-4015,,1.0,0.0,GPAO
04/03/2026,14:00:45,49.70006,-57.89231,6389.0,0.0,SKT-4015,,1.0,0.0,GPAO
04/03/2026,14:00:53,49.70937,-57.89823,6444.0,0.0,SKT-4015,,1.0,0.0,GPAO
04/03/2026,14:01:00,49.71751,-57.9034,6493.0,0.0,SKT-4015,,1.0,0.0,GPAO
04/03/2026,14:01:07,49.72563,-57.90859,6540.0,0.0,SKT-4015,,1.0,0.0,GPAO
04/03/2026,14:01:14,49.73375,-57.91379,6585.0,0.0,SKT-4015,,1.0,0.0,GPAO
04/03/2026,14:01:21,49.74187,-57.919,6630.0,0.0,SKT-4015,,1.0,0.0,GPAO
04/03/2026,14:01:28,49.74998,-57.92421,6676.0,0.0,SKT-4015,,1.0,0.0,GPAO
04/03/2026,14:01:35,49.75809,-57.92942,6721.0,0.0,SKT-4015,,1.0,0.0,GPAO
04/03/2026,14:01:42,49.7662,-57.93463,6765.0,0.0,SKT-4015,,1.0,0.0,GPAO
04/03/2026,14:01:49,49.77431,-57.93985,6808.0,0.0,SKT-4015,,1.0,0.0,GPAO
04/03/2026,14:01:56,49.78242,-57.94506,6850.0,0.0,SKT-4015,,1.0,0.0,GPAO
04/03/2026,14:02:03,49.79053,-57.95026,6894.0,0.0,SKT-4015,,1.0,0.0,GPAO
04/03/2026,14:02:10,49.79864,-57.95546,6936.0,0.0,SKT-4015,,1.0,0.0,GPAO
04/03/2026,14:02:17,49.80677,-57.96073,6956.0,0.0,SKT-4015,,1.0,0.0,GPAO
04/03/2026,14:02:25,49.81617,-57.96696,6962.0,0.0,SKT-4015,,1.0,0.0,GPAO
04/03/2026,14:02:32,49.8245,-57.97256,6966.0,0.0,SKT-4015,,1.0,0.0,GPAO
04/03/2026,14:02:40,49.83419,-57.97905,6969.0,0.0,SKT-4015,,1.0,0.0,GPAO
04/03/2026,14:02:48,49.84404,-57.98562,6972.0,0.0,SKT-4015,,1.0,0.0,GPAO
04/03/2026,14:02:55,49.85281,-57.99143,6974.0,0.0,SKT-4015,,1.0,0.0,GPAO
04/03/2026,14:03:02,49.86169,-57.9973,6975.0,0.0,SKT-4015,,1.0,0.0,GPAO
04/03/2026,14:03:09,49.87071,-58.00323,6975.0,0.0,SKT-4015,,1.0,0.0,GPAO
04/03/2026,14:03:16,49.87986,-58.0092,6974.0,0.0,SKT-4015,,1.0,0.0,GPAO
04/03/2026,14:03:23,49.88913,-58.01523,6974.0,0.0,SKT-4015,,1.0,0.0,GPAO
04/03/2026,14:03:30,49.8985,-58.02132,6974.0,0.0,SKT-4015,,1.0,0.0,GPAO
04/03/2026,14:03:37,49.90797,-58.02746,6973.0,0.0,SKT-4015,,1.0,0.0,GPAO
04/03/2026,14:03:44,49.91753,-58.03366,6973.0,0.0,SKT-4015,,1.0,0.0,GPAO
04/03/2026,14:03:51,49.92717,-58.03991,6973.0,0.0,SKT-4015,,1.0,0.0,GPAO
04/03/2026,14:03:58,49.93689,-58.04623,6973.0,0.0,SKT-4015,,1.0,0.0,GPAO
04/03/2026,14:04:05,49.94666,-58.05262,6973.0,0.0,SKT-4015,,1.0,0.0,GPAO
04/03/2026,14:04:13,49.95792,-58.05997,6972.0,0.0,SKT-4015,,1.0,0.0,GPAO
04/03/2026,14:04:21,49.96925,-58.06738,6971.0,0.0,SKT-4015,,1.0,0.0,GPAO
04/03/2026,14:04:28,49.97923,-58.07388,6971.0,0.0,SKT-4015,,1.0,0.0,GPAO
04/03/2026,14:04:35,49.98927,-58.08041,6970.0,0.0,SKT-4015,,1.0,0.0,GPAO
04/03/2026,14:04:42,49.99935,-58.08697,6970.0,0.0,SKT-4015,,1.0,0.0,GPAO
04/03/2026,14:04:49,50.00948,-58.09357,6969.0,0.0,SKT-4015,,1.0,0.0,GPAO
04/03/2026,14:04:57,50.0211,-58.10117,6968.0,0.0,SKT-4015,,1.0,0.0,GPAO
04/03/2026,14:05:04,50.03131,-58.10785,6967.0,0.0,SKT-4015,,1.0,0.0,GPAO
04/03/2026,14:05:11,50.04157,-58.11455,6966.0,0.0,SKT-4015,,1.0,0.0,GPAO
04/03/2026,14:05:19,50.05331,-58.12226,6966.0,0.0,SKT-4015,,1.0,0.0,GPAO
04/03/2026,14:05:26,50.06362,-58.12905,6965.0,0.0,SKT-4015,,1.0,0.0,GPAO
04/03/2026,14:05:33,50.07395,-58.13586,6964.0,0.0,SKT-4015,,1.0,0.0,GPAO
04/03/2026,14:05:40,50.08431,-58.14268,6962.0,0.0,SKT-4015,,1.0,0.0,GPAO
04/03/2026,14:05:50,,,,,SKT-4015,,1.0,0.0,GPAO
04/03/2026,14:05:56,50.10813,-58.15829,6959.0,0.0,SKT-4015,,1.0,0.0,GPAO
04/03/2026,14:06:03,50.11859,-58.16515,6958.0,0.0,SKT-4015,,1.0,0.0,GPAO
04/03/2026,14:06:10,50.12907,-58.172,6959.0,0.0,SKT-4015,,1.0,0.0,GPAO
04/03/2026,14:06:17,50.13958,-58.17888,6960.0,0.0,SKT-4015,,1.0,0.0,GPAO
04/03/2026,14:06:24,50.15009,-58.18578,6957.0,0.0,SKT-4015,,1.0,0.0,GPAO
04/03/2026,14:06:31,50.16063,-58.19271,6954.0,0.0,SKT-4015,,1.0,0.0,GPAO
04/03/2026,14:06:38,50.17119,-58.19967,6953.0,0.0,SKT-4015,,1.0,0.0,GPAO
04/03/2026,14:06:45,50.18179,-58.20656,6951.0,0.0,SKT-4015,,1.0,0.0,GPAO
04/03/2026,14:06:53,50.19395,-58.21435,6950.0,0.0,SKT-4015,,1.0,0.0,GPAO
04/03/2026,14:07:03,,,,,SKT-4015,,1.0,0.0,GPAO
04/03/2026,14:07:09,50.21819,-58.2301,6951.0,0.0,SKT-4015,,1.0,0.0,GPAO
04/03/2026,14:07:16,50.22877,-58.23703,6949.0,0.0,SKT-4015,,1.0,0.0,GPAO
04/03/2026,14:07:23,50.23935,-58.24397,6947.0,0.0,SKT-4015,,1.0,0.0,GPAO
04/03/2026,14:07:30,50.24992,-58.25093,6946.0,0.0,SKT-4015,,1.0,0.0,GPAO
04/03/2026,14:07:37,50.26042,-58.25802,6945.0,0.0,SKT-4015,,1.0,0.0,GPAO
04/03/2026,14:07:45,50.27238,-58.26619,6944.0,0.0,SKT-4015,,1.0,0.0,GPAO
04/03/2026,14:07:52,50.28287,-58.27328,6942.0,0.0,SKT-4015,,1.0,0.0,GPAO
04/03/2026,14:07:59,50.29338,-58.2803,6941.0,0.0,SKT-4015,,1.0,0.0,GPAO
04/03/2026,14:08:07,50.30541,-58.28827,6940.0,0.0,SKT-4015,,1.0,0.0,GPAO
04/03/2026,14:08:14,50.31594,-58.29522,6940.0,0.0,SKT-4015,,1.0,0.0,GPAO
04/03/2026,14:08:21,50.32646,-58.30215,6939.0,0.0,SKT-4015,,1.0,0.0,GPAO
04/03/2026,14:08:29,50.33847,-58.31007,6938.0,0.0,SKT-4015,,1.0,0.0,GPAO
04/03/2026,14:08:36,50.34896,-58.31703,6937.0,0.0,SKT-4015,,1.0,0.0,GPAO
04/03/2026,14:08:43,50.35945,-58.32399,6936.0,0.0,SKT-4015,,1.0,0.0,GPAO
04/03/2026,14:08:51,50.37145,-58.33191,6935.0,0.0,SKT-4015,,1.0,0.0,GPAO
04/03/2026,14:09:00,50.38495,-58.34079,6934.0,0.0,SKT-4015,,1.0,0.0,GPAO
04/03/2026,14:09:07,50.39546,-58.34768,6934.0,0.0,SKT-4015,,1.0,0.0,GPAO
04/03/2026,14:09:16,50.40896,-58.35653,6932.0,0.0,SKT-4015,,1.0,0.0,GPAO
04/03/2026,14:09:23,50.41942,-58.36346,6932.0,0.0,SKT-4015,,1.0,0.0,GPAO
04/03/2026,14:09:30,50.42985,-58.37043,6931.0,0.0,SKT-4015,,1.0,0.0,GPAO
04/03/2026,14:09:37,50.44024,-58.37744,6931.0,0.0,SKT-4015,,1.0,0.0,GPAO
04/03/2026,14:09:48,,,,,SKT-4015,,1.0,0.0,GPAO
04/03/2026,14:09:54,50.46543,-58.39448,6929.0,0.0,SKT-4015,,1.0,0.0,GPAO
04/03/2026,14:10:01,50.4758,-58.40144,6928.0,0.0,SKT-4015,,1.0,0.0,GPAO
04/03/2026,14:10:08,50.48618,-58.40834,6927.0,0.0,SKT-4015,,1.0,0.0,GPAO
04/03/2026,14:10:15,50.49655,-58.41516,6925.0,0.0,SKT-4015,,1.0,0.0,GPAO
04/03/2026,14:10:22,50.50692,-58.42192,6925.0,0.0,SKT-4015,,1.0,0.0,GPAO
04/03/2026,14:10:29,50.51724,-58.42869,6923.0,0.0,SKT-4015,,1.0,0.0,GPAO
04/03/2026,14:10:36,50.52752,-58.43549,6921.0,0.0,SKT-4015,,1.0,0.0,GPAO
04/03/2026,14:10:45,50.54066,-58.44432,6920.0,0.0,SKT-4015,,1.0,0.0,GPAO
04/03/2026,14:10:52,50.55083,-58.45121,6918.0,0.0,SKT-4015,,1.0,0.0,GPAO
04/03/2026,14:10:59,50.56099,-58.45808,6918.0,0.0,SKT-4015,,1.0,0.0,GPAO
04/03/2026,14:11:06,50.57115,-58.46491,6917.0,0.0,SKT-4015,,1.0,0.0,GPAO
04/03/2026,14:11:13,50.5813,-58.47171,6916.0,0.0,SKT-4015,,1.0,0.0,GPAO
04/03/2026,14:11:21,50.59287,-58.47947,6915.0,0.0,SKT-4015,,1.0,0.0,GPAO
04/03/2026,14:11:29,50.60443,-58.4872,6914.0,0.0,SKT-4015,,1.0,0.0,GPAO
04/03/2026,14:11:36,50.61453,-58.49395,6913.0,0.0,SKT-4015,,1.0,0.0,GPAO
04/03/2026,14:11:43,50.62462,-58.50068,6912.0,0.0,SKT-4015,,1.0,0.0,GPAO
04/03/2026,14:11:50,50.63469,-58.5074,6911.0,0.0,SKT-4015,,1.0,0.0,GPAO
04/03/2026,14:11:58,50.64618,-58.51508,6910.0,0.0,SKT-4015,,1.0,0.0,GPAO
04/03/2026,14:12:06,50.65764,-58.52275,6909.0,0.0,SKT-4015,,1.0,0.0,GPAO
04/03/2026,14:12:13,50.66765,-58.52948,6909.0,0.0,SKT-4015,,1.0,0.0,GPAO
04/03/2026,14:12:20,50.67764,-58.5362,6908.0,0.0,SKT-4015,,1.0,0.0,GPAO
04/03/2026,14:12:27,50.68761,-58.54292,6907.0,0.0,SKT-4015,,1.0,0.0,GPAO
04/03/2026,14:12:34,50.69756,-58.54963,6907.0,0.0,SKT-4015,,1.0,0.0,GPAO
04/03/2026,14:12:41,50.7075,-58.55633,6906.0,0.0,SKT-4015,,1.0,0.0,GPAO
04/03/2026,14:12:48,50.71743,-58.56302,6904.0,0.0,SKT-4015,,1.0,0.0,GPAO
04/03/2026,14:12:55,50.72736,-58.5697,6904.0,0.0,SKT-4015,,1.0,0.0,GPAO
04/03/2026,14:13:02,50.73729,-58.57636,6902.0,0.0,SKT-4015,,1.0,0.0,GPAO
04/03/2026,14:13:09,50.74721,-58.58302,6902.0,0.0,SKT-4015,,1.0,0.0,GPAO
04/03/2026,14:13:16,50.75712,-58.58968,6900.0,0.0,SKT-4015,,1.0,0.0,GPAO
04/03/2026,14:13:23,50.76701,-58.59636,6900.0,0.0,SKT-4015,,1.0,0.0,GPAO
04/03/2026,14:13:31,50.77832,-58.60396,6899.0,0.0,SKT-4015,,1.0,0.0,GPAO
04/03/2026,14:13:40,50.79103,-58.61248,6898.0,0.0,SKT-4015,,1.0,0.0,GPAO
04/03/2026,14:13:47,50.80091,-58.61912,6898.0,0.0,SKT-4015,,1.0,0.0,GPAO
04/03/2026,14:13:54,50.81078,-58.62579,6897.0,0.0,SKT-4015,,1.0,0.0,GPAO
04/03/2026,14:14:01,50.82063,-58.63247,6896.0,0.0,SKT-4015,,1.0,0.0,GPAO
04/03/2026,14:14:08,50.83048,-58.63914,6895.0,0.0,SKT-4015,,1.0,0.0,GPAO
04/03/2026,14:14:16,50.84173,-58.64675,6894.0,0.0,SKT-4015,,1.0,0.0,GPAO
04/03/2026,14:14:23,50.85157,-58.6534,6894.0,0.0,SKT-4015,,1.0,0.0,GPAO
04/03/2026,14:14:30,50.86139,-58.66006,6893.0,0.0,SKT-4015,,1.0,0.0,GPAO
04/03/2026,14:14:37,50.8712,-58.66671,6891.0,0.0,SKT-4015,,1.0,0.0,GPAO
04/03/2026,14:14:44,50.881,-58.67336,6890.0,0.0,SKT-4015,,1.0,0.0,GPAO
04/03/2026,14:14:51,50.89079,-58.68,6891.0,0.0,SKT-4015,,1.0,0.0,GPAO
04/03/2026,14:14:58,50.90056,-58.68663,6891.0,0.0,SKT-4015,,1.0,0.0,GPAO
04/03/2026,14:15:06,50.91173,-58.69419,6890.0,0.0,SKT-4015,,1.0,0.0,GPAO
04/03/2026,14:15:17,,,,,SKT-4015,,1.0,0.0,GPAO
04/03/2026,14:15:24,50.93681,-58.71124,6888.0,0.0,SKT-4015,,1.0,0.0,GPAO
04/03/2026,14:15:31,50.94653,-58.71788,6887.0,0.0,SKT-4015,,1.0,0.0,GPAO
04/03/2026,14:15:38,50.95626,-58.72451,6885.0,0.0,SKT-4015,,1.0,0.0,GPAO
04/03/2026,14:15:45,50.96598,-58.73113,6884.0,0.0,SKT-4015,,1.0,0.0,GPAO
04/03/2026,14:15:52,50.97571,-58.73774,6884.0,0.0,SKT-4015,,1.0,0.0,GPAO
04/03/2026,14:15:59,50.98542,-58.74437,6883.0,0.0,SKT-4015,,1.0,0.0,GPAO
04/03/2026,14:16:06,50.99512,-58.751,6882.0,0.0,SKT-4015,,1.0,0.0,GPAO
04/03/2026,14:16:13,51.00483,-58.75764,6881.0,0.0,SKT-4015,,1.0,0.0,GPAO
04/03/2026,14:16:20,51.01454,-58.76429,6880.0,0.0,SKT-4015,,1.0,0.0,GPAO
04/03/2026,14:16:27,51.02426,-58.77092,6879.0,0.0,SKT-4015,,1.0,0.0,GPAO
04/03/2026,14:16:34,51.03399,-58.77755,6877.0,0.0,SKT-4015,,1.0,0.0,GPAO
04/03/2026,14:16:41,51.04372,-58.78418,6877.0,0.0,SKT-4015,,1.0,0.0,GPAO
04/03/2026,14:16:48,51.05346,-58.79081,6876.0,0.0,SKT-4015,,1.0,0.0,GPAO
04/03/2026,14:16:55,51.06321,-58.79744,6876.0,0.0,SKT-4015,,1.0,0.0,GPAO
04/03/2026,14:17:02,51.07296,-58.80408,6876.0,0.0,SKT-4015,,1.0,0.0,GPAO
04/03/2026,14:17:13,,,,,SKT-4015,,1.0,0.0,GPAO
04/03/2026,14:17:22,,,,,SKT-4015,,1.0,0.0,GPAO
04/03/2026,14:17:29,51.11058,-58.8298,6876.0,0.0,SKT-4015,,1.0,0.0,GPAO
04/03/2026,14:17:37,51.12171,-58.83752,6875.0,0.0,SKT-4015,,1.0,0.0,GPAO
04/03/2026,14:17:44,51.13148,-58.84427,6874.0,0.0,SKT-4015,,1.0,0.0,GPAO
04/03/2026,14:17:51,51.14128,-58.85101,6873.0,0.0,SKT-4015,,1.0,0.0,GPAO
04/03/2026,14:17:58,51.1511,-58.85774,6872.0,0.0,SKT-4015,,1.0,0.0,GPAO
04/03/2026,14:18:05,51.16092,-58.86449,6871.0,0.0,SKT-4015,,1.0,0.0,GPAO
04/03/2026,14:18:12,51.17076,-58.87126,6871.0,0.0,SKT-4015,,1.0,0.0,GPAO
04/03/2026,14:18:19,51.1806,-58.87802,6870.0,0.0,SKT-4015,,1.0,0.0,GPAO
04/03/2026,14:18:27,51.19184,-58.8858,6869.0,0.0,SKT-4015,,1.0,0.0,GPAO
04/03/2026,14:18:34,51.20168,-58.89262,6868.0,0.0,SKT-4015,,1.0,0.0,GPAO
04/03/2026,14:18:41,51.21153,-58.89943,6868.0,0.0,SKT-4015,,1.0,0.0,GPAO
04/03/2026,14:18:48,51.22139,-58.90621,6867.0,0.0,SKT-4015,,1.0,0.0,GPAO
04/03/2026,14:18:56,51.23259,-58.91412,6866.0,0.0,SKT-4015,,1.0,0.0,GPAO
04/03/2026,14:19:03,51.24226,-58.92127,6864.0,0.0,SKT-4015,,1.0,0.0,GPAO
04/03/2026,14:19:11,51.25331,-58.9295,6863.0,0.0,SKT-4015,,1.0,0.0,GPAO
04/03/2026,14:19:18,51.26305,-58.93661,6861.0,0.0,SKT-4015,,1.0,0.0,GPAO
04/03/2026,14:19:25,51.27285,-58.94358,6860.0,0.0,SKT-4015,,1.0,0.0,GPAO
04/03/2026,14:19:32,51.28273,-58.95041,6860.0,0.0,SKT-4015,,1.0,0.0,GPAO
04/03/2026,14:19:39,51.29269,-58.95708,6859.0,0.0,SKT-4015,,1.0,0.0,GPAO
04/03/2026,14:19:47,51.30415,-58.96455,6859.0,0.0,SKT-4015,,1.0,0.0,GPAO
04/03/2026,14:19:55,51.31566,-58.97194,6857.0,0.0,SKT-4015,,1.0,0.0,GPAO
04/03/2026,14:20:03,51.3272,-58.97928,6856.0,0.0,SKT-4015,,1.0,0.0,GPAO
04/03/2026,14:20:10,51.33733,-58.98566,6855.0,0.0,SKT-4015,,1.0,0.0,GPAO
04/03/2026,14:20:18,51.34895,-58.99288,6855.0,0.0,SKT-4015,,1.0,0.0,GPAO
04/03/2026,14:20:26,51.36061,-59.00004,6854.0,0.0,SKT-4015,,1.0,0.0,GPAO
04/03/2026,14:20:34,51.37229,-59.00718,6853.0,0.0,SKT-4015,,1.0,0.0,GPAO
04/03/2026,14:20:42,51.38399,-59.01431,6852.0,0.0,SKT-4015,,1.0,0.0,GPAO
04/03/2026,14:20:50,51.3957,-59.02143,6852.0,0.0,SKT-4015,,1.0,0.0,GPAO
04/03/2026,14:20:57,51.40596,-59.02765,6851.0,0.0,SKT-4015,,1.0,0.0,GPAO
04/03/2026,14:21:04,51.41621,-59.03389,6849.0,0.0,SKT-4015,,1.0,0.0,GPAO
04/03/2026,14:21:11,51.42647,-59.04015,6849.0,0.0,SKT-4015,,1.0,0.0,GPAO
04/03/2026,14:21:18,51.43674,-59.0464,6850.0,0.0,SKT-4015,,1.0,0.0,GPAO
04/03/2026,14:21:25,51.44701,-59.05264,6849.0,0.0,SKT-4015,,1.0,0.0,GPAO
04/03/2026,14:21:32,51.45728,-59.05889,6848.0,0.0,SKT-4015,,1.0,0.0,GPAO
04/03/2026,14:21:39,51.46754,-59.06516,6847.0,0.0,SKT-4015,,1.0,0.0,GPAO
04/03/2026,14:21:46,51.47779,-59.07146,6845.0,0.0,SKT-4015,,1.0,0.0,GPAO
04/03/2026,14:21:53,51.48805,-59.07777,6845.0,0.0,SKT-4015,,1.0,0.0,GPAO
04/03/2026,14:22:01,51.49979,-59.08493,6844.0,0.0,SKT-4015,,1.0,0.0,GPAO
04/03/2026,14:22:08,51.51008,-59.09118,6843.0,0.0,SKT-4015,,1.0,0.0,GPAO
04/03/2026,14:22:16,51.52184,-59.09832,6842.0,0.0,SKT-4015,,1.0,0.0,GPAO
04/03/2026,14:22:24,51.53357,-59.10549,6839.0,0.0,SKT-4015,,1.0,0.0,GPAO
04/03/2026,14:22:32,51.54529,-59.11271,6839.0,0.0,SKT-4015,,1.0,0.0,GPAO
04/03/2026,14:22:39,51.55553,-59.11906,6839.0,0.0,SKT-4015,,1.0,0.0,GPAO
04/03/2026,14:22:46,51.56577,-59.1254,6839.0,0.0,SKT-4015,,1.0,0.0,GPAO
04/03/2026,14:22:53,51.57602,-59.13173,6838.0,0.0,SKT-4015,,1.0,0.0,GPAO
04/03/2026,14:23:00,51.58628,-59.13804,6838.0,0.0,SKT-4015,,1.0,0.0,GPAO
04/03/2026,14:23:07,51.59653,-59.14437,6836.0,0.0,SKT-4015,,1.0,0.0,GPAO
04/03/2026,14:23:14,51.6068,-59.1507,6835.0,0.0,SKT-4015,,1.0,0.0,GPAO
04/03/2026,14:23:21,51.61707,-59.15702,6834.0,0.0,SKT-4015,,1.0,0.0,GPAO
04/03/2026,14:23:28,51.62733,-59.16336,6834.0,0.0,SKT-4015,,1.0,0.0,GPAO
04/03/2026,14:23:35,51.6376,-59.16969,6834.0,0.0,SKT-4015,,1.0,0.0,GPAO
04/03/2026,14:23:42,51.64788,-59.17603,6833.0,0.0,SKT-4015,,1.0,0.0,GPAO
04/03/2026,14:23:49,51.65815,-59.18238,6832.0,0.0,SKT-4015,,1.0,0.0,GPAO
04/03/2026,14:23:56,51.66843,-59.18874,6831.0,0.0,SKT-4015,,1.0,0.0,GPAO
04/03/2026,14:24:03,51.67872,-59.19511,6830.0,0.0,SKT-4015,,1.0,0.0,GPAO
04/03/2026,14:24:10,51.68901,-59.20149,6829.0,0.0,SKT-4015,,1.0,0.0,GPAO
04/03/2026,14:24:18,51.70079,-59.20877,6827.0,0.0,SKT-4015,,1.0,0.0,GPAO
04/03/2026,14:24:25,51.7111,-59.21514,6827.0,0.0,SKT-4015,,1.0,0.0,GPAO
04/03/2026,14:24:32,51.72142,-59.22152,6826.0,0.0,SKT-4015,,1.0,0.0,GPAO
04/03/2026,14:24:39,51.73174,-59.2279,6825.0,0.0,SKT-4015,,1.0,0.0,GPAO
04/03/2026,14:24:46,51.74206,-59.23429,6825.0,0.0,SKT-4015,,1.0,0.0,GPAO
04/03/2026,14:24:53,51.75237,-59.24069,6824.0,0.0,SKT-4015,,1.0,0.0,GPAO
04/03/2026,14:25:00,51.76268,-59.24709,6823.0,0.0,SKT-4015,,1.0,0.0,GPAO
04/03/2026,14:25:07,51.77298,-59.25348,6823.0,0.0,SKT-4015,,1.0,0.0,GPAO
04/03/2026,14:25:14,51.78329,-59.25983,6822.0,0.0,SKT-4015,,1.0,0.0,GPAO
04/03/2026,14:25:21,51.7936,-59.26618,6822.0,0.0,SKT-4015,,1.0,0.0,GPAO
04/03/2026,14:25:28,51.80389,-59.27254,6821.0,0.0,SKT-4015,,1.0,0.0,GPAO
04/03/2026,14:25:37,51.81709,-59.28073,6819.0,0.0,SKT-4015,,1.0,0.0,GPAO
04/03/2026,14:25:44,51.82733,-59.28711,6817.0,0.0,SKT-4015,,1.0,0.0,GPAO
04/03/2026,14:25:51,51.83756,-59.29351,6816.0,0.0,SKT-4015,,1.0,0.0,GPAO
04/03/2026,14:25:58,51.84778,-59.29988,6815.0,0.0,SKT-4015,,1.0,0.0,GPAO
04/03/2026,14:26:05,51.85799,-59.30622,6814.0,0.0,SKT-4015,,1.0,0.0,GPAO
04/03/2026,14:26:12,51.86819,-59.31255,6812.0,0.0,SKT-4015,,1.0,0.0,GPAO
04/03/2026,14:26:19,51.87836,-59.31889,6811.0,0.0,SKT-4015,,1.0,0.0,GPAO
04/03/2026,14:26:27,51.88997,-59.32615,6810.0,0.0,SKT-4015,,1.0,0.0,GPAO
04/03/2026,14:26:34,51.90011,-59.3325,6809.0,0.0,SKT-4015,,1.0,0.0,GPAO
04/03/2026,14:26:42,51.91171,-59.33973,6808.0,0.0,SKT-4015,,1.0,0.0,GPAO
04/03/2026,14:26:49,51.92185,-59.34604,6807.0,0.0,SKT-4015,,1.0,0.0,GPAO
04/03/2026,14:26:56,51.93198,-59.35235,6806.0,0.0,SKT-4015,,1.0,0.0,GPAO
04/03/2026,14:27:03,51.94209,-59.35867,6805.0,0.0,SKT-4015,,1.0,0.0,GPAO
04/03/2026,14:27:10,51.95219,-59.36499,6805.0,0.0,SKT-4015,,1.0,0.0,GPAO
04/03/2026,14:27:17,51.96227,-59.37132,6804.0,0.0,SKT-4015,,1.0,0.0,GPAO
04/03/2026,14:27:24,51.97234,-59.37766,6803.0,0.0,SKT-4015,,1.0,0.0,GPAO
04/03/2026,14:27:31,51.98242,-59.38397,6801.0,0.0,SKT-4015,,1.0,0.0,GPAO
04/03/2026,14:27:38,51.99251,-59.39027,6801.0,0.0,SKT-4015,,1.0,0.0,GPAO
04/03/2026,14:27:45,52.00258,-59.39658,6801.0,0.0,SKT-4015,,1.0,0.0,GPAO
04/03/2026,14:27:52,52.01264,-59.40294,6800.0,0.0,SKT-4015,,1.0,0.0,GPAO
04/03/2026,14:27:59,52.0227,-59.40931,6798.0,0.0,SKT-4015,,1.0,0.0,GPAO
04/03/2026,14:28:06,52.03276,-59.41568,6798.0,0.0,SKT-4015,,1.0,0.0,GPAO
04/03/2026,14:28:13,52.04282,-59.42204,6797.0,0.0,SKT-4015,,1.0,0.0,GPAO
04/03/2026,14:28:20,52.0529,-59.42838,6796.0,0.0,SKT-4015,,1.0,0.0,GPAO
04/03/2026,14:28:27,52.06298,-59.43468,6795.0,0.0,SKT-4015,,1.0,0.0,GPAO
04/03/2026,14:28:35,52.07451,-59.44191,6794.0,0.0,SKT-4015,,1.0,0.0,GPAO
04/03/2026,14:28:42,52.08458,-59.44828,6793.0,0.0,SKT-4015,,1.0,0.0,GPAO
04/03/2026,14:28:49,52.09465,-59.45467,6792.0,0.0,SKT-4015,,1.0,0.0,GPAO
04/03/2026,14:28:56,52.10472,-59.46106,6792.0,0.0,SKT-4015,,1.0,0.0,GPAO
04/03/2026,14:29:03,52.1148,-59.46742,6790.0,0.0,SKT-4015,,1.0,0.0,GPAO
04/03/2026,14:29:10,52.12489,-59.47376,6789.0,0.0,SKT-4015,,1.0,0.0,GPAO
04/03/2026,14:29:17,52.13498,-59.48009,6789.0,0.0,SKT-4015,,1.0,0.0,GPAO
04/03/2026,14:29:24,52.14509,-59.48636,6788.0,0.0,SKT-4015,,1.0,0.0,GPAO
04/03/2026,14:29:31,52.15519,-59.49263,6787.0,0.0,SKT-4015,,1.0,0.0,GPAO
04/03/2026,14:29:38,52.16527,-59.49897,6785.0,0.0,SKT-4015,,1.0,0.0,GPAO
04/03/2026,14:29:45,52.17534,-59.50538,6773.0,0.0,SKT-4015,,1.0,0.0,GPAO
04/03/2026,14:29:52,52.18545,-59.5118,6740.0,0.0,SKT-4015,,1.0,0.0,GPAO
04/03/2026,14:29:59,52.19569,-59.51791,6690.0,0.0,SKT-4015,,1.0,0.0,GPAO
04/03/2026,14:30:06,52.20603,-59.52375,6638.0,0.0,SKT-4015,,1.0,0.0,GPAO
04/03/2026,14:30:13,52.21631,-59.52963,6587.0,0.0,SKT-4015,,1.0,0.0,GPAO
04/03/2026,14:30:20,52.22647,-59.53571,6534.0,0.0,SKT-4015,,1.0,0.0,GPAO
04/03/2026,14:30:27,52.23656,-59.54192,6481.0,0.0,SKT-4015,,1.0,0.0,GPAO
04/03/2026,14:30:34,52.24659,-59.54808,6428.0,0.0,SKT-4015,,1.0,0.0,GPAO
04/03/2026,14:30:42,52.25803,-59.55491,6365.0,0.0,SKT-4015,,1.0,0.0,GPAO
04/03/2026,14:30:50,52.26936,-59.56168,6304.0,0.0,SKT-4015,,1.0,0.0,GPAO
04/03/2026,14:30:58,52.28051,-59.56853,6243.0,0.0,SKT-4015,,1.0,0.0,GPAO
04/03/2026,14:31:05,52.29012,-59.5746,6192.0,0.0,SKT-4015,,1.0,0.0,GPAO
04/03/2026,14:31:12,52.2996,-59.58068,6142.0,0.0,SKT-4015,,1.0,0.0,GPAO
04/03/2026,14:31:19,52.30899,-59.58675,6091.0,0.0,SKT-4015,,1.0,0.0,GPAO
04/03/2026,14:31:26,52.31831,-59.59276,6037.0,0.0,SKT-4015,,1.0,0.0,GPAO
04/03/2026,14:31:33,52.32753,-59.5988,5986.0,0.0,SKT-4015,,1.0,0.0,GPAO
04/03/2026,14:31:40,52.33669,-59.60481,5938.0,0.0,SKT-4015,,1.0,0.0,GPAO
04/03/2026,14:31:47,52.34579,-59.61071,5889.0,0.0,SKT-4015,,1.0,0.0,GPAO
04/03/2026,14:31:55,52.35615,-59.61736,5833.0,0.0,SKT-4015,,1.0,0.0,GPAO
04/03/2026,14:32:02,52.36517,-59.62314,5783.0,0.0,SKT-4015,,1.0,0.0,GPAO
04/03/2026,14:32:09,52.37413,-59.62891,5734.0,0.0,SKT-4015,,1.0,0.0,GPAO
04/03/2026,14:32:16,52.38305,-59.63467,5688.0,0.0,SKT-4015,,1.0,0.0,GPAO
04/03/2026,14:32:23,52.39194,-59.6406,5641.0,0.0,SKT-4015,,1.0,0.0,GPAO
04/03/2026,14:32:30,52.40079,-59.64679,5594.0,0.0,SKT-4015,,1.0,0.0,GPAO
04/03/2026,14:32:37,52.40968,-59.65302,5547.0,0.0,SKT-4015,,1.0,0.0,GPAO
04/03/2026,14:32:44,52.41869,-59.65915,5498.0,0.0,SKT-4015,,1.0,0.0,GPAO
04/03/2026,14:32:51,52.42781,-59.66519,5449.0,0.0,SKT-4015,,1.0,0.0,GPAO
04/03/2026,14:32:58,52.43699,-59.67123,5400.0,0.0,SKT-4015,,1.0,0.0,GPAO
04/03/2026,14:33:05,52.44621,-59.67733,5349.0,0.0,SKT-4015,,1.0,0.0,GPAO
04/03/2026,14:33:12,52.45548,-59.68344,5299.0,0.0,SKT-4015,,1.0,0.0,GPAO
04/03/2026,14:33:19,52.46481,-59.68957,5248.0,0.0,SKT-4015,,1.0,0.0,GPAO
04/03/2026,14:33:27,52.47554,-59.69659,5190.0,0.0,SKT-4015,,1.0,0.0,GPAO
04/03/2026,14:33:34,52.48498,-59.70273,5140.0,0.0,SKT-4015,,1.0,0.0,GPAO
04/03/2026,14:33:41,52.49447,-59.70885,5090.0,0.0,SKT-4015,,1.0,0.0,GPAO
04/03/2026,14:33:48,52.50401,-59.71497,5038.0,0.0,SKT-4015,,1.0,0.0,GPAO
04/03/2026,14:33:55,52.51358,-59.72111,4986.0,0.0,SKT-4015,,1.0,0.0,GPAO
04/03/2026,14:34:02,52.52317,-59.7273,4935.0,0.0,SKT-4015,,1.0,0.0,GPAO
04/03/2026,14:34:09,52.53277,-59.73348,4884.0,0.0,SKT-4015,,1.0,0.0,GPAO
04/03/2026,14:34:16,52.5424,-59.73966,4833.0,0.0,SKT-4015,,1.0,0.0,GPAO
04/03/2026,14:34:23,52.55203,-59.74589,4780.0,0.0,SKT-4015,,1.0,0.0,GPAO
04/03/2026,14:34:30,52.56167,-59.75217,4728.0,0.0,SKT-4015,,1.0,0.0,GPAO
04/03/2026,14:34:37,52.57133,-59.75847,4677.0,0.0,SKT-4015,,1.0,0.0,GPAO
04/03/2026,14:34:44,52.58099,-59.7648,4625.0,0.0,SKT-4015,,1.0,0.0,GPAO
04/03/2026,14:34:51,52.59067,-59.77112,4574.0,0.0,SKT-4015,,1.0,0.0,GPAO
04/03/2026,14:34:58,52.60036,-59.77737,4522.0,0.0,SKT-4015,,1.0,0.0,GPAO
04/03/2026,14:35:06,52.61145,-59.78431,4464.0,0.0,SKT-4015,,1.0,0.0,GPAO
04/03/2026,14:35:14,52.62249,-59.79124,4405.0,0.0,SKT-4015,,1.0,0.0,GPAO
04/03/2026,14:35:21,52.6321,-59.79738,4352.0,0.0,SKT-4015,,1.0,0.0,GPAO
04/03/2026,14:35:28,52.64165,-59.80359,4299.0,0.0,SKT-4015,,1.0,0.0,GPAO
04/03/2026,14:35:35,52.65118,-59.80982,4246.0,0.0,SKT-4015,,1.0,0.0,GPAO
04/03/2026,14:35:42,52.66071,-59.81607,4194.0,0.0,SKT-4015,,1.0,0.0,GPAO
04/03/2026,14:35:49,52.67023,-59.82231,4143.0,0.0,SKT-4015,,1.0,0.0,GPAO
04/03/2026,14:35:56,52.67976,-59.82854,4092.0,0.0,SKT-4015,,1.0,0.0,GPAO
04/03/2026,14:36:03,52.68929,-59.83474,4040.0,0.0,SKT-4015,,1.0,0.0,GPAO
04/03/2026,14:36:10,52.69884,-59.8409,3989.0,0.0,SKT-4015,,1.0,0.0,GPAO
04/03/2026,14:36:17,52.7084,-59.84705,3938.0,0.0,SKT-4015,,1.0,0.0,GPAO
04/03/2026,14:36:24,52.71796,-59.85322,3886.0,0.0,SKT-4015,,1.0,0.0,GPAO
04/03/2026,14:36:31,52.72752,-59.85943,3836.0,0.0,SKT-4015,,1.0,0.0,GPAO
04/03/2026,14:36:38,52.73706,-59.86566,3785.0,0.0,SKT-4015,,1.0,0.0,GPAO
04/03/2026,14:36:45,52.7466,-59.87188,3734.0,0.0,SKT-4015,,1.0,0.0,GPAO
04/03/2026,14:36:52,52.75616,-59.87807,3682.0,0.0,SKT-4015,,1.0,0.0,GPAO
04/03/2026,14:36:59,52.76571,-59.88426,3630.0,0.0,SKT-4015,,1.0,0.0,GPAO
04/03/2026,14:37:07,52.77659,-59.89133,3572.0,0.0,SKT-4015,,1.0,0.0,GPAO
04/03/2026,14:37:14,52.78606,-59.89723,3521.0,0.0,SKT-4015,,1.0,0.0,GPAO
04/03/2026,14:37:21,52.79547,-59.90287,3472.0,0.0,SKT-4015,,1.0,0.0,GPAO
04/03/2026,14:37:29,52.80601,-59.90937,3415.0,0.0,SKT-4015,,1.0,0.0,GPAO
04/03/2026,14:37:36,52.81505,-59.91516,3367.0,0.0,SKT-4015,,1.0,0.0,GPAO
04/03/2026,14:37:43,52.82393,-59.92097,3320.0,0.0,SKT-4015,,1.0,0.0,GPAO
04/03/2026,14:37:50,52.83269,-59.92684,3272.0,0.0,SKT-4015,,1.0,0.0,GPAO
04/03/2026,14:37:58,52.84259,-59.93363,3219.0,0.0,SKT-4015,,1.0,0.0,GPAO
04/03/2026,14:38:05,52.8512,-59.9395,3173.0,0.0,SKT-4015,,1.0,0.0,GPAO
04/03/2026,14:38:12,52.85979,-59.94524,3127.0,0.0,SKT-4015,,1.0,0.0,GPAO
04/03/2026,14:38:19,52.86838,-59.95089,3080.0,0.0,SKT-4015,,1.0,0.0,GPAO
04/03/2026,14:38:26,52.87693,-59.9565,3033.0,0.0,SKT-4015,,1.0,0.0,GPAO
04/03/2026,14:38:34,52.88666,-59.96287,2983.0,0.0,SKT-4015,,1.0,0.0,GPAO
04/03/2026,14:38:42,52.89634,-59.96922,2930.0,0.0,SKT-4015,,1.0,0.0,GPAO
04/03/2026,14:38:49,52.90475,-59.97469,2885.0,0.0,SKT-4015,,1.0,0.0,GPAO
04/03/2026,14:38:56,52.91311,-59.98004,2840.0,0.0,SKT-4015,,1.0,0.0,GPAO
04/03/2026,14:39:03,52.9214,-59.98531,2796.0,0.0,SKT-4015,,1.0,0.0,GPAO
04/03/2026,14:39:10,52.9296,-59.99054,2753.0,0.0,SKT-4015,,1.0,0.0,GPAO
04/03/2026,14:39:17,52.9377,-59.99571,2709.0,0.0,SKT-4015,,1.0,0.0,GPAO
04/03/2026,14:39:24,52.94571,-60.00086,2665.0,0.0,SKT-4015,,1.0,0.0,GPAO
04/03/2026,14:39:31,52.95365,-60.00594,2623.0,0.0,SKT-4015,,1.0,0.0,GPAO
04/03/2026,14:39:39,52.96265,-60.01164,2575.0,0.0,SKT-4015,,1.0,0.0,GPAO
04/03/2026,14:39:46,52.97046,-60.01661,2534.0,0.0,SKT-4015,,1.0,0.0,GPAO
04/03/2026,14:39:53,52.97817,-60.02166,2495.0,0.0,SKT-4015,,1.0,0.0,GPAO
04/03/2026,14:40:01,52.98686,-60.02752,2448.0,0.0,SKT-4015,,1.0,0.0,GPAO
04/03/2026,14:40:08,52.9944,-60.03265,2407.0,0.0,SKT-4015,,1.0,0.0,GPAO
04/03/2026,14:40:15,53.00196,-60.03762,2366.0,0.0,SKT-4015,,1.0,0.0,GPAO
04/03/2026,14:40:22,53.00949,-60.04249,2327.0,0.0,SKT-4015,,1.0,0.0,GPAO
04/03/2026,14:40:31,53.01912,-60.04874,2276.0,0.0,SKT-4015,,1.0,0.0,GPAO
04/03/2026,14:40:39,53.02761,-60.05432,2233.0,0.0,SKT-4015,,1.0,0.0,GPAO
04/03/2026,14:40:47,53.03603,-60.05994,2189.0,0.0,SKT-4015,,1.0,0.0,GPAO
04/03/2026,14:40:55,53.04442,-60.06543,2145.0,0.0,SKT-4015,,1.0,0.0,GPAO
04/03/2026,14:41:02,53.05172,-60.07008,2106.0,0.0,SKT-4015,,1.0,0.0,GPAO
04/03/2026,14:41:10,53.06001,-60.07531,2065.0,0.0,SKT-4015,,1.0,0.0,GPAO
04/03/2026,14:41:17,53.06717,-60.07992,2025.0,0.0,SKT-4015,,1.0,0.0,GPAO
04/03/2026,14:41:24,53.07425,-60.0846,1986.0,0.0,SKT-4015,,1.0,0.0,GPAO
04/03/2026,14:41:31,53.08128,-60.08926,1951.0,0.0,SKT-4015,,1.0,0.0,GPAO
04/03/2026,14:41:38,53.08826,-60.09393,1917.0,0.0,SKT-4015,,1.0,0.0,GPAO
04/03/2026,14:41:45,53.09519,-60.09863,1881.0,0.0,SKT-4015,,1.0,0.0,GPAO
04/03/2026,14:41:52,53.10209,-60.10331,1843.0,0.0,SKT-4015,,1.0,0.0,GPAO
04/03/2026,14:41:59,53.10891,-60.10802,1809.0,0.0,SKT-4015,,1.0,0.0,GPAO
04/03/2026,14:42:06,53.11567,-60.11272,1776.0,0.0,SKT-4015,,1.0,0.0,GPAO
04/03/2026,14:42:13,53.12241,-60.11734,1740.0,0.0,SKT-4015,,1.0,0.0,GPAO
04/03/2026,14:42:20,53.12917,-60.12191,1700.0,0.0,SKT-4015,,1.0,0.0,GPAO
04/03/2026,14:42:28,53.13691,-60.12701,1661.0,0.0,SKT-4015,,1.0,0.0,GPAO
04/03/2026,14:42:35,53.14365,-60.13146,1628.0,0.0,SKT-4015,,1.0,0.0,GPAO
04/03/2026,14:42:42,53.15038,-60.13599,1595.0,0.0,SKT-4015,,1.0,0.0,GPAO
04/03/2026,14:42:49,53.15712,-60.14051,1559.0,0.0,SKT-4015,,1.0,0.0,GPAO
04/03/2026,14:42:56,53.16392,-60.145,1524.0,0.0,SKT-4015,,1.0,0.0,GPAO
04/03/2026,14:43:03,53.17073,-60.14937,1483.0,0.0,SKT-4015,,1.0,0.0,GPAO
04/03/2026,14:43:10,53.17749,-60.15358,1450.0,0.0,SKT-4015,,1.0,0.0,GPAO
04/03/2026,14:43:17,53.18415,-60.15776,1416.0,0.0,SKT-4015,,1.0,0.0,GPAO
04/03/2026,14:43:24,53.19067,-60.16192,1384.0,0.0,SKT-4015,,1.0,0.0,GPAO
04/03/2026,14:43:31,53.197,-60.16595,1359.0,0.0,SKT-4015,,1.0,0.0,GPAO
04/03/2026,14:43:39,53.20406,-60.17044,1325.0,0.0,SKT-4015,,1.0,0.0,GPAO
04/03/2026,14:43:46,53.21014,-60.17442,1296.0,0.0,SKT-4015,,1.0,0.0,GPAO
04/03/2026,14:43:53,53.21615,-60.17838,1265.0,0.0,SKT-4015,,1.0,0.0,GPAO
04/03/2026,14:44:03,,,,,SKT-4015,,1.0,0.0,GPAO
04/03/2026,14:44:09,53.22963,-60.18761,1194.0,0.0,SKT-4015,,1.0,0.0,GPAO
04/03/2026,14:44:16,53.23544,-60.1917,1163.0,0.0,SKT-4015,,1.0,0.0,GPAO
04/03/2026,14:44:23,53.24122,-60.19577,1132.0,0.0,SKT-4015,,1.0,0.0,GPAO
04/03/2026,14:44:31,53.24782,-60.20039,1100.0,0.0,SKT-4015,,1.0,0.0,GPAO
04/03/2026,14:44:38,53.25359,-60.2044,1071.0,0.0,SKT-4015,,1.0,0.0,GPAO
04/03/2026,14:44:46,53.26019,-60.20897,1035.0,0.0,SKT-4015,,1.0,0.0,GPAO
04/03/2026,14:44:53,53.26598,-60.213,1006.0,0.0,SKT-4015,,1.0,0.0,GPAO
04/03/2026,14:45:00,53.27171,-60.2168,981.0,0.0,SKT-4015,,1.0,0.0,GPAO
04/03/2026,14:45:07,53.27729,-60.22044,955.0,0.0,SKT-4015,,1.0,0.0,GPAO
04/03/2026,14:45:14,53.28278,-60.22411,916.0,0.0,SKT-4015,,1.0,0.0,GPAO
04/03/2026,14:45:21,53.28818,-60.22774,883.0,0.0,SKT-4015,,1.0,0.0,GPAO
04/03/2026,14:45:28,53.29346,-60.23132,855.0,0.0,SKT-4015,,1.0,0.0,GPAO
04/03/2026,14:45:35,53.29861,-60.23474,832.0,0.0,SKT-4015,,1.0,0.0,GPAO
04/03/2026,14:45:42,53.30367,-60.23798,809.0,0.0,SKT-4015,,1.0,0.0,GPAO
04/03/2026,14:45:49,53.30865,-60.24124,786.0,0.0,SKT-4015,,1.0,0.0,GPAO
04/03/2026,14:45:56,53.31364,-60.24468,763.0,0.0,SKT-4015,,1.0,0.0,GPAO
04/03/2026,14:46:04,53.31934,-60.24864,737.0,0.0,SKT-4015,,1.0,0.0,GPAO
04/03/2026,14:46:11,53.32435,-60.25223,709.0,0.0,SKT-4015,,1.0,0.0,GPAO
04/03/2026,14:46:18,53.32941,-60.25589,683.0,0.0,SKT-4015,,1.0,1.0,GPAO
04/03/2026,14:46:25,53.33451,-60.25953,659.0,0.0,SKT-4015,,1.0,1.0,GPAO
04/03/2026,14:46:33,53.34034,-60.26358,635.0,0.0,SKT-4015,,1.0,1.0,GPAO
04/03/2026,14:46:41,53.34611,-60.26748,612.0,0.0,SKT-4015,,1.0,1.0,GPAO
04/03/2026,14:46:48,53.35115,-60.27088,586.0,0.0,SKT-4015,,1.0,1.0,GPAO
04/03/2026,14:46:55,53.3558,-60.27522,562.0,0.0,SKT-4015,,1.0,1.0,GPAO
04/03/2026,14:47:02,53.35931,-60.28152,535.0,0.0,SKT-4015,,1.0,1.0,GPAO
04/03/2026,14:47:10,53.36125,-60.29037,507.0,0.0,SKT-4015,,1.0,1.0,GPAO
04/03/2026,14:47:17,53.36103,-60.29826,489.0,0.0,SKT-4015,,1.0,1.0,GPAO
04/03/2026,14:47:24,53.35973,-60.30558,471.0,0.0,SKT-4015,,1.0,1.0,GPAO
04/03/2026,14:47:31,53.35799,-60.31226,450.0,0.0,SKT-4015,,1.0,1.0,GPAO
04/03/2026,14:47:40,53.35557,-60.31998,420.0,0.0,SKT-4015,,1.0,1.0,GPAO
04/03/2026,14:47:47,53.35368,-60.32554,395.0,0.0,SKT-4015,,1.0,1.0,GPAO
04/03/2026,14:47:55,53.35154,-60.33156,370.0,0.0,SKT-4015,,1.0,1.0,GPAO
04/03/2026,14:48:02,53.34959,-60.33654,351.0,0.0,SKT-4015,,1.0,1.0,GPAO
04/03/2026,14:48:09,53.34761,-60.34141,329.0,0.0,SKT-4015,,1.0,1.0,GPAO
04/03/2026,14:48:16,53.34562,-60.34624,309.0,0.0,SKT-4015,,1.0,1.0,GPAO
04/03/2026,14:48:24,53.34333,-60.35186,284.0,0.0,SKT-4015,,1.0,1.0,GPAO
04/03/2026,14:48:31,53.34132,-60.3568,264.0,0.0,SKT-4015,,1.0,1.0,GPAO
04/03/2026,14:48:38,53.33932,-60.36179,244.0,0.0,SKT-4015,,1.0,1.0,GPAO
04/03/2026,14:48:45,53.33729,-60.36685,222.0,0.0,SKT-4015,,1.0,1.0,GPAO
04/03/2026,14:48:52,53.33524,-60.37193,202.0,0.0,SKT-4015,,1.0,1.0,GPAO
04/03/2026,14:49:00,53.33284,-60.37776,178.0,0.0,SKT-4015,,1.0,1.0,GPAO
04/03/2026,14:49:07,53.33072,-60.38299,156.0,0.0,SKT-4015,,1.0,1.0,GPAO
04/03/2026,14:49:14,53.32858,-60.38815,135.0,0.0,SKT-4015,,1.0,1.0,GPAO
04/03/2026,14:49:22,53.32618,-60.39396,110.0,0.0,SKT-4015,,1.0,1.0,GPAO
04/03/2026,14:49:29,53.3241,-60.39895,84.0,0.0,SKT-4015,,1.0,1.0,GPAO
04/03/2026,14:49:36,53.32205,-60.404,61.0,0.0,SKT-4015,,1.0,1.0,GPAO
04/03/2026,14:49:43,53.31997,-60.40911,45.0,0.0,SKT-4015,,1.0,1.0,GPAO
04/03/2026,14:49:51,53.31761,-60.4148,42.0,1.0,SKT-4015,,1.0,1.0,GPAO
04/03/2026,14:49:58,53.31609,-60.41851,42.0,1.0,SKT-4015,,1.0,1.0,GPAO
04/03/2026,14:50:05,53.31502,-60.4211,42.0,1.0,SKT-4015,,1.0,1.0,GPAO
04/03/2026,14:50:12,53.31421,-60.42303,42.0,1.0,SKT-4015,,1.0,1.0,GPAO
04/03/2026,14:50:20,53.31347,-60.42481,42.0,1.0,SKT-4015,,1.0,1.0,GPAO
04/03/2026,14:50:27,53.31291,-60.42616,42.0,1.0,SKT-4015,,1.0,1.0,GPAO
04/03/2026,14:50:34,53.31246,-60.42725,42.0,1.0,SKT-4015,,1.0,1.0,GPAO
04/03/2026,14:50:41,53.31206,-60.42797,42.0,1.0,SKT-4015,,1.0,1.0,GPAO
04/03/2026,14:50:49,53.31151,-60.42793,42.0,1.0,SKT-4015,,1.0,1.0,GPAO
04/03/2026,14:50:56,53.31113,-60.42751,42.0,1.0,SKT-4015,,1.0,1.0,GPAO
04/03/2026,14:51:04,53.31076,-60.42707,42.0,1.0,SKT-4015,,1.0,1.0,GPAO
04/03/2026,14:51:12,53.31036,-60.42654,42.0,1.0,SKT-4015,,1.0,1.0,GPAO
04/03/2026,14:51:19,53.30999,-60.42603,42.0,1.0,SKT-4015,,1.0,1.0,GPAO
04/03/2026,14:51:26,53.30965,-60.42561,42.0,1.0,SKT-4015,,1.0,1.0,GPAO
04/03/2026,14:51:34,53.3093,-60.42539,42.0,1.0,SKT-4015,,1.0,1.0,GPAO
04/03/2026,14:51:41,53.30906,-60.42555,41.0,1.0,SKT-4015,,1.0,1.0,GPAO
04/03/2026,14:51:48,53.3089,-60.42588,41.0,1.0,SKT-4015,,1.0,1.0,GPAO
04/03/2026,14:51:55,53.30873,-60.42625,41.0,1.0,SKT-4015,,1.0,1.0,GPAO
04/03/2026,14:52:02,53.30853,-60.4265,41.0,1.0,SKT-4015,,1.0,1.0,GPAO
04/03/2026,14:52:10,53.30835,-60.42659,40.0,1.0,SKT-4015,,1.0,1.0,GPAO
04/03/2026,14:52:17,53.3082,-60.42669,40.0,1.0,SKT-4015,,1.0,1.0,GPAO
04/03/2026,14:52:24,53.30815,-60.4268,41.0,1.0,SKT-4015,,1.0,1.0,GPAO
04/03/2026,14:52:31,53.30815,-60.4268,40.0,1.0,SKT-4015,,1.0,1.0,GPAO
04/03/2026,14:52:38,53.30815,-60.4268,40.0,1.0,SKT-4015,,1.0,1.0,GPAO
04/03/2026,14:52:46,53.30815,-60.4268,40.0,1.0,SKT-4015,,1.0,1.0,GPAO
04/03/2026,14:52:53,53.30815,-60.4268,40.0,1.0,SKT-4015,,1.0,1.0,GPAO
04/03/2026,14:53:00,53.30816,-60.4268,39.0,1.0,SKT-4015,,1.0,1.0,GPAO
04/03/2026,14:53:07,53.30816,-60.4268,40.0,1.0,SKT-4015,,1.0,1.0,GPAO
04/03/2026,14:53:14,53.30816,-60.4268,40.0,1.0,SKT-4015,,1.0,1.0,GPAO
04/03/2026,14:53:23,53.30816,-60.42681,40.0,1.0,SKT-4015,,1.0,1.0,GPAO
04/03/2026,14:53:30,53.30816,-60.42681,40.0,1.0,SKT-4015,,1.0,1.0,GPAO
04/03/2026,14:53:37,53.30816,-60.42681,40.0,1.0,SKT-4015,,1.0,1.0,GPAO
04/03/2026,14:53:44,53.30816,-60.4268,39.0,1.0,SKT-4015,,1.0,1.0,GPAO
04/03/2026,14:53:52,53.30816,-60.4268,39.0,1.0,SKT-4015,,1.0,1.0,GPAO
04/03/2026,14:53:59,53.30816,-60.4268,39.0,1.0,SKT-4015,,1.0,1.0,GPAO
04/03/2026,14:54:07,53.30815,-60.42681,40.0,1.0,SKT-4015,,1.0,1.0,GPAO
04/03/2026,14:54:14,53.30815,-60.4268,40.0,1.0,SKT-4015,,1.0,1.0,GPAO
04/03/2026,14:54:21,53.30815,-60.4268,40.0,1.0,SKT-4015,,1.0,1.0,GPAO
04/03/2026,14:54:28,53.30815,-60.4268,40.0,1.0,SKT-4015,,1.0,1.0,GPAO
04/03/2026,14:54:35,53.30815,-60.4268,40.0,1.0,SKT-4015,,1.0,1.0,GPAO
04/03/2026,14:54:43,53.30815,-60.4268,40.0,1.0,SKT-4015,,1.0,1.0,GPAO
04/03/2026,14:54:50,53.30815,-60.4268,40.0,1.0,SKT-4015,,1.0,1.0,GPAO
04/03/2026,14:54:57,53.30815,-60.4268,40.0,1.0,SKT-4015,,1.0,1.0,GPAO
04/03/2026,14:55:04,53.30815,-60.4268,40.0,1.0,SKT-4015,,1.0,1.0,GPAO
04/03/2026,14:55:11,53.30815,-60.4268,41.0,1.0,SKT-4015,,1.0,1.0,GPAO
04/03/2026,14:55:19,53.30814,-60.42681,41.0,1.0,SKT-4015,,1.0,1.0,GPAO
04/03/2026,14:55:27,53.30814,-60.4268,41.0,1.0,SKT-4015,,1.0,1.0,GPAO
04/03/2026,14:55:34,53.30814,-60.4268,41.0,1.0,SKT-4015,,1.0,1.0,GPAO
04/03/2026,14:55:41,53.30814,-60.4268,41.0,1.0,SKT-4015,,1.0,1.0,GPAO
04/03/2026,14:55:48,53.30814,-60.4268,40.0,1.0,SKT-4015,,1.0,1.0,GPAO
04/03/2026,14:55:55,53.30814,-60.4268,40.0,1.0,SKT-4015,,1.0,1.0,GPAO
04/03/2026,14:56:02,53.30815,-60.4268,40.0,1.0,SKT-4015,,1.0,1.0,GPAO
04/03/2026,14:56:10,53.30815,-60.4268,40.0,1.0,SKT-4015,,1.0,1.0,GPAO
04/03/2026,14:56:17,53.30815,-60.4268,39.0,1.0,SKT-4015,,1.0,1.0,GPAO
04/03/2026,14:56:24,53.30815,-60.42679,40.0,1.0,SKT-4015,,1.0,1.0,GPAO
04/03/2026,14:56:31,53.30815,-60.42679,40.0,1.0,SKT-4015,,1.0,1.0,GPAO
04/03/2026,14:56:38,53.30815,-60.42679,40.0,1.0,SKT-4015,,1.0,1.0,GPAO
04/03/2026,14:56:46,53.30815,-60.42679,40.0,1.0,SKT-4015,,1.0,1.0,GPAO
04/03/2026,14:56:54,53.30815,-60.42678,40.0,1.0,SKT-4015,,1.0,1.0,GPAO
04/03/2026,14:57:02,53.30814,-60.42679,40.0,1.0,SKT-4015,,1.0,1.0,GPAO
04/03/2026,14:57:09,53.30815,-60.42678,40.0,1.0,SKT-4015,,1.0,1.0,GPAO
04/03/2026,14:57:16,53.30815,-60.42678,40.0,1.0,SKT-4015,,1.0,1.0,GPAO
04/03/2026,14:57:24,53.30814,-60.42679,40.0,1.0,SKT-4015,,1.0,1.0,GPAO
04/03/2026,14:57:32,53.30814,-60.42679,41.0,1.0,SKT-4015,,1.0,1.0,GPAO
04/03/2026,14:57:39,53.30814,-60.42679,41.0,1.0,SKT-4015,,1.0,1.0,GPAO
04/03/2026,14:57:48,53.30814,-60.42679,41.0,1.0,SKT-4015,,1.0,1.0,GPAO
04/03/2026,14:57:56,53.30815,-60.42679,41.0,1.0,SKT-4015,,1.0,1.0,GPAO
04/03/2026,14:58:04,53.30815,-60.42679,41.0,1.0,SKT-4015,,1.0,1.0,GPAO
04/03/2026,14:58:12,53.30815,-60.42679,41.0,1.0,SKT-4015,,1.0,1.0,GPAO
04/03/2026,14:58:23,,,,,SKT-4015,,1.0,0.0,GPAO
04/03/2026,14:58:29,53.30815,-60.42679,40.0,1.0,SKT-4015,,1.0,1.0,GPAO
04/03/2026,14:58:37,53.30815,-60.4268,40.0,1.0,SKT-4015,,1.0,1.0,GPAO
04/03/2026,14:58:46,53.30815,-60.4268,40.0,1.0,SKT-4015,,1.0,1.0,GPAO
04/03/2026,14:58:54,53.30816,-60.42681,39.0,1.0,SKT-4015,,1.0,1.0,GPAO
04/03/2026,14:59:01,53.30816,-60.4268,39.0,1.0,SKT-4015,,1.0,1.0,GPAO
04/03/2026,14:59:08,53.30816,-60.4268,39.0,1.0,SKT-4015,,1.0,1.0,GPAO
04/03/2026,14:59:15,53.30816,-60.4268,40.0,1.0,SKT-4015,,1.0,1.0,GPAO
04/03/2026,14:59:23,53.30816,-60.4268,40.0,1.0,SKT-4015,,1.0,1.0,GPAO
04/03/2026,14:59:30,53.30816,-60.4268,40.0,1.0,SKT-4015,,1.0,1.0,GPAO
04/03/2026,14:59:37,53.30816,-60.4268,40.0,1.0,SKT-4015,,1.0,1.0,GPAO
04/03/2026,14:59:44,53.30816,-60.4268,40.0,1.0,SKT-4015,,1.0,1.0,GPAO
04/03/2026,14:59:51,53.30816,-60.4268,40.0,1.0,SKT-4015,,1.0,1.0,GPAO
04/03/2026,14:59:59,53.30815,-60.4268,40.0,1.0,SKT-4015,,1.0,1.0,GPAO
04/03/2026,15:00:06,53.30816,-60.4268,40.0,1.0,SKT-4015,,1.0,1.0,GPAO
04/03/2026,15:00:13,53.30816,-60.42681,39.0,1.0,SKT-4015,,1.0,1.0,GPAO
04/03/2026,15:00:39,53.30815,-60.42681,39.0,1.0,SKT-4015,,1.0,1.0,GPAO
04/03/2026,15:00:46,53.30815,-60.4268,40.0,1.0,SKT-4015,,1.0,1.0,GPAO
04/03/2026,15:00:53,53.30815,-60.4268,40.0,1.0,SKT-4015,,1.0,1.0,GPAO
04/03/2026,15:01:01,53.30815,-60.4268,40.0,1.0,SKT-4015,,1.0,1.0,GPAO
04/03/2026,15:01:08,53.30815,-60.4268,40.0,1.0,SKT-4015,,1.0,1.0,GPAO
04/03/2026,15:01:15,53.30815,-60.4268,40.0,1.0,SKT-4015,,1.0,1.0,GPAO
04/03/2026,15:01:23,53.30815,-60.42679,40.0,1.0,SKT-4015,,1.0,1.0,GPAO
04/03/2026,15:01:31,53.30815,-60.42679,40.0,1.0,SKT-4015,,1.0,1.0,GPAO
04/03/2026,15:01:38,53.30815,-60.4268,39.0,1.0,SKT-4015,,1.0,1.0,GPAO
04/03/2026,15:01:45,53.30815,-60.4268,38.0,1.0,SKT-4015,,1.0,1.0,GPAO
04/03/2026,15:01:52,53.30816,-60.4268,37.0,1.0,SKT-4015,,1.0,1.0,GPAO
04/03/2026,15:01:59,53.30816,-60.42681,37.0,1.0,SKT-4015,,1.0,1.0,GPAO
04/03/2026,15:02:07,53.30816,-60.42682,36.0,1.0,SKT-4015,,1.0,1.0,GPAO
04/03/2026,15:02:15,53.30816,-60.42682,37.0,1.0,SKT-4015,,1.0,1.0,GPAO
04/03/2026,15:02:22,53.30815,-60.42682,37.0,1.0,SKT-4015,,1.0,1.0,GPAO
04/03/2026,15:02:29,53.30815,-60.42681,38.0,1.0,SKT-4015,,1.0,1.0,GPAO
04/03/2026,15:02:36,53.30815,-60.42681,38.0,1.0,SKT-4015,,1.0,1.0,GPAO
04/03/2026,15:02:43,53.30815,-60.4268,39.0,1.0,SKT-4015,,1.0,1.0,GPAO
04/03/2026,15:02:50,53.30815,-60.4268,39.0,1.0,SKT-4015,,1.0,1.0,GPAO
04/03/2026,15:02:58,53.30815,-60.4268,39.0,1.0,SKT-4015,,1.0,1.0,GPAO
04/03/2026,15:03:05,53.30815,-60.4268,40.0,1.0,SKT-4015,,1.0,1.0,GPAO
04/03/2026,15:03:12,53.30815,-60.4268,40.0,1.0,SKT-4015,,1.0,1.0,GPAO
04/03/2026,15:03:19,53.30815,-60.4268,40.0,1.0,SKT-4015,,1.0,1.0,GPAO
04/03/2026,15:03:26,53.30815,-60.4268,40.0,1.0,SKT-4015,,1.0,1.0,GPAO
04/03/2026,15:03:33,53.30815,-60.4268,39.0,1.0,SKT-4015,,1.0,1.0,GPAO
04/03/2026,15:03:41,53.30816,-60.4268,39.0,1.0,SKT-4015,,1.0,1.0,GPAO
04/03/2026,15:03:48,53.30816,-60.4268,39.0,1.0,SKT-4015,,1.0,1.0,GPAO
04/03/2026,15:03:55,53.30816,-60.4268,39.0,1.0,SKT-4015,,1.0,1.0,GPAO
04/03/2026,15:04:02,53.30816,-60.4268,39.0,1.0,SKT-4015,,1.0,1.0,GPAO
04/03/2026,15:04:09,53.30815,-60.4268,39.0,1.0,SKT-4015,,1.0,1.0,GPAO
04/03/2026,15:04:16,53.30815,-60.4268,39.0,1.0,SKT-4015,,1.0,1.0,GPAO
04/03/2026,15:04:26,53.30815,-60.4268,39.0,1.0,SKT-4015,,1.0,1.0,GPAO
04/03/2026,15:04:33,53.30815,-60.4268,39.0,1.0,SKT-4015,,1.0,1.0,GPAO
04/03/2026,15:04:40,53.30815,-60.4268,39.0,1.0,SKT-4015,,1.0,1.0,GPAO
04/03/2026,15:04:48,53.30815,-60.4268,39.0,1.0,SKT-4015,,1.0,1.0,GPAO
04/03/2026,15:04:57,53.30815,-60.4268,40.0,1.0,SKT-4015,,1.0,1.0,GPAO
04/03/2026,15:05:04,53.30815,-60.4268,40.0,1.0,SKT-4015,,1.0,1.0,GPAO
04/03/2026,15:05:12,53.30815,-60.4268,40.0,1.0,SKT-4015,,1.0,1.0,GPAO
04/03/2026,15:05:20,53.30815,-60.4268,40.0,1.0,SKT-4015,,1.0,1.0,GPAO
04/03/2026,15:05:27,53.30816,-60.4268,40.0,1.0,SKT-4015,,1.0,1.0,GPAO
04/03/2026,15:05:34,53.30815,-60.4268,40.0,1.0,SKT-4015,,1.0,1.0,GPAO
04/03/2026,15:05:41,53.30815,-60.4268,39.0,1.0,SKT-4015,,1.0,1.0,GPAO
04/03/2026,15:05:49,53.30815,-60.4268,39.0,1.0,SKT-4015,,1.0,1.0,GPAO
04/03/2026,15:05:57,53.30815,-60.4268,39.0,1.0,SKT-4015,,1.0,1.0,GPAO
04/03/2026,15:06:05,53.30815,-60.42681,39.0,1.0,SKT-4015,,1.0,1.0,GPAO
04/03/2026,15:06:13,53.30816,-60.42681,39.0,1.0,SKT-4015,,1.0,1.0,GPAO
04/03/2026,15:06:22,53.30816,-60.42681,39.0,1.0,SKT-4015,,1.0,1.0,GPAO
04/03/2026,15:06:30,53.30816,-60.4268,39.0,1.0,SKT-4015,,1.0,1.0,GPAO
04/03/2026,15:06:38,53.30815,-60.4268,39.0,1.0,SKT-4015,,1.0,1.0,GPAO
04/03/2026,15:06:45,53.30815,-60.42681,39.0,1.0,SKT-4015,,1.0,1.0,GPAO
04/03/2026,15:06:52,53.30815,-60.42681,40.0,1.0,SKT-4015,,1.0,1.0,GPAO
04/03/2026,15:06:59,53.30815,-60.42681,40.0,1.0,SKT-4015,,1.0,1.0,GPAO
04/03/2026,15:07:07,53.30815,-60.4268,40.0,1.0,SKT-4015,,1.0,1.0,GPAO
04/03/2026,15:07:14,53.30815,-60.4268,41.0,1.0,SKT-4015,,1.0,1.0,GPAO
04/03/2026,15:07:22,53.30815,-60.4268,40.0,1.0,SKT-4015,,1.0,1.0,GPAO
04/03/2026,15:07:29,53.30815,-60.4268,40.0,1.0,SKT-4015,,1.0,1.0,GPAO
04/03/2026,15:07:38,53.30814,-60.4268,41.0,1.0,SKT-4015,,1.0,1.0,GPAO
04/03/2026,15:07:46,53.30814,-60.4268,41.0,1.0,SKT-4015,,1.0,1.0,GPAO
04/03/2026,15:07:53,53.30814,-60.4268,40.0,1.0,SKT-4015,,1.0,1.0,GPAO
04/03/2026,15:08:00,53.30814,-60.4268,40.0,1.0,SKT-4015,,1.0,1.0,GPAO
04/03/2026,15:08:08,53.30814,-60.4268,40.0,1.0,SKT-4015,,1.0,1.0,GPAO
04/03/2026,15:08:15,53.30815,-60.4268,39.0,1.0,SKT-4015,,1.0,1.0,GPAO
04/03/2026,15:08:22,53.30815,-60.42681,39.0,1.0,SKT-4015,,1.0,1.0,GPAO
04/03/2026,15:08:32,,,,,SKT-4015,,1.0,1.0,GPAO
04/03/2026,15:08:38,53.30815,-60.4268,39.0,1.0,SKT-4015,,1.0,1.0,GPAO
04/03/2026,15:08:47,53.30815,-60.4268,39.0,1.0,SKT-4015,,1.0,1.0,GPAO
04/03/2026,15:08:55,53.30815,-60.4268,39.0,1.0,SKT-4015,,1.0,1.0,GPAO
04/03/2026,15:09:04,53.30815,-60.4268,39.0,1.0,SKT-4015,,1.0,1.0,GPAO
04/03/2026,15:09:11,53.30815,-60.4268,39.0,1.0,SKT-4015,,1.0,1.0,GPAO
04/03/2026,15:09:19,53.30815,-60.4268,39.0,1.0,SKT-4015,,1.0,1.0,GPAO
04/03/2026,15:09:26,53.30815,-60.4268,39.0,1.0,SKT-4015,,1.0,1.0,GPAO
04/03/2026,15:09:35,53.30815,-60.4268,40.0,1.0,SKT-4015,,1.0,1.0,GPAO
04/03/2026,15:09:42,53.30815,-60.42679,40.0,1.0,SKT-4015,,1.0,1.0,GPAO
04/03/2026,15:09:49,53.30815,-60.42679,40.0,1.0,SKT-4015,,1.0,1.0,GPAO
04/03/2026,15:09:57,53.30815,-60.42679,40.0,1.0,SKT-4015,,1.0,1.0,GPAO
04/03/2026,15:10:04,53.30815,-60.42679,41.0,1.0,SKT-4015,,1.0,1.0,GPAO
04/03/2026,15:10:11,53.30815,-60.4268,41.0,1.0,SKT-4015,,1.0,1.0,GPAO
04/03/2026,15:10:19,53.30815,-60.4268,41.0,1.0,SKT-4015,,1.0,1.0,GPAO
04/03/2026,15:10:26,53.30816,-60.4268,41.0,1.0,SKT-4015,,1.0,1.0,GPAO
04/03/2026,15:10:33,53.30816,-60.4268,41.0,1.0,SKT-4015,,1.0,1.0,GPAO
04/03/2026,15:10:40,53.30816,-60.4268,41.0,1.0,SKT-4015,,1.0,1.0,GPAO
04/03/2026,15:10:47,53.30816,-60.4268,40.0,1.0,SKT-4015,,1.0,1.0,GPAO
04/03/2026,15:10:54,53.30815,-60.4268,40.0,1.0,SKT-4015,,1.0,1.0,GPAO
04/03/2026,15:11:02,53.30815,-60.4268,40.0,1.0,SKT-4015,,1.0,1.0,GPAO
04/03/2026,15:11:09,53.30815,-60.4268,40.0,1.0,SKT-4015,,1.0,1.0,GPAO
04/03/2026,15:11:16,53.30815,-60.4268,41.0,1.0,SKT-4015,,1.0,1.0,GPAO
04/03/2026,15:11:23,53.30815,-60.4268,40.0,1.0,SKT-4015,,1.0,1.0,GPAO
04/03/2026,15:11:30,53.30815,-60.4268,40.0,1.0,SKT-4015,,1.0,1.0,GPAO
04/03/2026,15:11:37,53.30815,-60.4268,40.0,1.0,SKT-4015,,1.0,1.0,GPAO
04/03/2026,15:11:45,53.30815,-60.4268,39.0,1.0,SKT-4015,,1.0,1.0,GPAO
04/03/2026,15:11:53,53.30815,-60.4268,40.0,1.0,SKT-4015,,1.0,1.0,GPAO
04/03/2026,15:12:00,53.30815,-60.4268,40.0,1.0,SKT-4015,,1.0,1.0,GPAO
04/03/2026,15:12:07,53.30815,-60.4268,40.0,1.0,SKT-4015,,1.0,1.0,GPAO
04/03/2026,15:12:14,53.30815,-60.4268,40.0,1.0,SKT-4015,,1.0,1.0,GPAO
04/03/2026,15:12:21,53.30815,-60.4268,40.0,1.0,SKT-4015,,1.0,1.0,GPAO
04/03/2026,15:12:30,53.30815,-60.4268,40.0,1.0,SKT-4015,,1.0,1.0,GPAO
04/03/2026,15:12:37,53.30815,-60.4268,40.0,1.0,SKT-4015,,1.0,1.0,GPAO
04/03/2026,15:12:44,53.30815,-60.4268,40.0,1.0,SKT-4015,,1.0,1.0,GPAO
04/03/2026,15:12:51,53.30816,-60.4268,40.0,1.0,SKT-4015,,1.0,1.0,GPAO
04/03/2026,15:12:58,53.30816,-60.4268,40.0,1.0,SKT-4015,,1.0,1.0,GPAO
04/03/2026,15:13:05,53.30816,-60.4268,39.0,1.0,SKT-4015,,1.0,1.0,GPAO
04/03/2026,15:13:13,53.30816,-60.4268,39.0,1.0,SKT-4015,,1.0,1.0,GPAO
04/03/2026,15:13:20,53.30816,-60.4268,39.0,1.0,SKT-4015,,1.0,1.0,GPAO
04/03/2026,15:13:27,53.30816,-60.4268,40.0,1.0,SKT-4015,,1.0,1.0,GPAO
04/03/2026,15:13:34,53.30816,-60.4268,40.0,1.0,SKT-4015,,1.0,1.0,GPAO
04/03/2026,15:13:41,53.30816,-60.4268,41.0,1.0,SKT-4015,,1.0,1.0,GPAO
04/03/2026,15:13:49,53.30816,-60.4268,40.0,1.0,SKT-4015,,1.0,1.0,GPAO
04/03/2026,15:13:56,53.30816,-60.4268,40.0,1.0,SKT-4015,,1.0,1.0,GPAO
04/03/2026,15:14:03,53.30816,-60.42681,40.0,1.0,SKT-4015,,1.0,1.0,GPAO
04/03/2026,15:14:11,53.30816,-60.42681,40.0,1.0,SKT-4015,,1.0,1.0,GPAO
04/03/2026,15:14:18,53.30816,-60.4268,40.0,1.0,SKT-4015,,1.0,1.0,GPAO
04/03/2026,15:14:25,53.30815,-60.4268,40.0,1.0,SKT-4015,,1.0,1.0,GPAO
04/03/2026,15:14:34,53.30815,-60.4268,40.0,1.0,SKT-4015,,1.0,1.0,GPAO
04/03/2026,15:14:45,,,,,SKT-4015,,1.0,1.0,GPAO
04/03/2026,15:14:51,53.30815,-60.4268,40.0,1.0,SKT-4015,,1.0,1.0,GPAO
04/03/2026,15:14:58,53.30815,-60.4268,40.0,1.0,SKT-4015,,1.0,1.0,GPAO
04/03/2026,15:15:05,53.30815,-60.4268,40.0,1.0,SKT-4015,,1.0,1.0,GPAO
04/03/2026,15:15:12,53.30815,-60.4268,40.0,1.0,SKT-4015,,1.0,1.0,GPAO
04/03/2026,15:15:19,53.30815,-60.4268,39.0,1.0,SKT-4015,,1.0,1.0,GPAO
04/03/2026,15:15:27,53.30815,-60.4268,39.0,1.0,SKT-4015,,1.0,1.0,GPAO
04/03/2026,15:15:34,53.30815,-60.42681,39.0,1.0,SKT-4015,,1.0,1.0,GPAO
04/03/2026,15:15:41,53.30815,-60.4268,39.0,1.0,SKT-4015,,1.0,1.0,GPAO
04/03/2026,15:15:49,53.30814,-60.4268,39.0,1.0,SKT-4015,,1.0,1.0,GPAO
04/03/2026,15:15:56,53.30814,-60.4268,40.0,1.0,SKT-4015,,1.0,1.0,GPAO
04/03/2026,15:16:04,53.30814,-60.4268,40.0,1.0,SKT-4015,,1.0,1.0,GPAO
04/03/2026,15:16:12,53.30814,-60.4268,40.0,1.0,SKT-4015,,1.0,1.0,GPAO
04/03/2026,15:16:19,53.30814,-60.4268,40.0,1.0,SKT-4015,,1.0,1.0,GPAO
04/03/2026,15:16:27,53.30814,-60.4268,40.0,1.0,SKT-4015,,1.0,1.0,GPAO
04/03/2026,15:16:35,53.30814,-60.42679,40.0,1.0,SKT-4015,,1.0,1.0,GPAO
04/03/2026,15:16:43,53.30814,-60.4268,40.0,1.0,SKT-4015,,1.0,1.0,GPAO
04/03/2026,15:16:51,53.30814,-60.42679,40.0,1.0,SKT-4015,,1.0,1.0,GPAO
04/03/2026,15:16:59,53.30814,-60.42679,40.0,1.0,SKT-4015,,1.0,1.0,GPAO
04/03/2026,15:17:06,53.30814,-60.42679,40.0,1.0,SKT-4015,,1.0,1.0,GPAO
04/03/2026,15:17:13,53.30814,-60.42679,41.0,1.0,SKT-4015,,1.0,1.0,GPAO
04/03/2026,15:17:21,53.30814,-60.42679,41.0,1.0,SKT-4015,,1.0,1.0,GPAO
04/03/2026,15:17:28,53.30814,-60.42679,40.0,1.0,SKT-4015,,1.0,1.0,GPAO
04/03/2026,15:17:35,53.30814,-60.42679,40.0,1.0,SKT-4015,,1.0,1.0,GPAO
04/03/2026,15:17:43,53.30814,-60.42679,40.0,1.0,SKT-4015,,1.0,1.0,GPAO
04/03/2026,15:17:50,53.30814,-60.42679,40.0,1.0,SKT-4015,,1.0,1.0,GPAO
04/03/2026,15:17:57,53.30814,-60.42679,41.0,1.0,SKT-4015,,1.0,1.0,GPAO
04/03/2026,15:18:05,53.30814,-60.42679,41.0,1.0,SKT-4015,,1.0,1.0,GPAO
04/03/2026,15:18:12,53.30814,-60.42679,41.0,1.0,SKT-4015,,1.0,1.0,GPAO
04/03/2026,15:18:20,53.30815,-60.42679,41.0,1.0,SKT-4015,,1.0,1.0,GPAO
04/03/2026,15:18:27,53.30814,-60.42679,41.0,1.0,SKT-4015,,1.0,1.0,GPAO
04/03/2026,15:18:34,53.30814,-60.42679,41.0,1.0,SKT-4015,,1.0,1.0,GPAO
04/03/2026,15:18:42,53.30815,-60.4268,41.0,1.0,SKT-4015,,1.0,1.0,GPAO
04/03/2026,15:18:49,53.30815,-60.4268,41.0,1.0,SKT-4015,,1.0,1.0,GPAO
04/03/2026,15:18:56,53.30815,-60.4268,40.0,1.0,SKT-4015,,1.0,1.0,GPAO
04/03/2026,15:19:04,53.30815,-60.4268,41.0,1.0,SKT-4015,,1.0,1.0,GPAO
04/03/2026,15:19:12,53.30815,-60.4268,41.0,1.0,SKT-4015,,1.0,1.0,GPAO
04/03/2026,15:19:20,53.30815,-60.4268,41.0,1.0,SKT-4015,,1.0,1.0,GPAO
04/03/2026,15:19:27,53.30815,-60.42679,41.0,1.0,SKT-4015,,1.0,1.0,GPAO
04/03/2026,15:19:34,53.30815,-60.42679,41.0,1.0,SKT-4015,,1.0,1.0,GPAO
04/03/2026,15:19:42,53.30815,-60.4268,42.0,1.0,SKT-4015,,1.0,1.0,GPAO
04/03/2026,15:19:49,53.30815,-60.4268,42.0,1.0,SKT-4015,,1.0,1.0,GPAO
04/03/2026,15:19:56,53.30815,-60.4268,41.0,1.0,SKT-4015,,1.0,1.0,GPAO
04/03/2026,15:20:04,53.30814,-60.4268,41.0,1.0,SKT-4015,,1.0,1.0,GPAO
04/03/2026,15:20:12,53.30814,-60.4268,41.0,1.0,SKT-4015,,1.0,1.0,GPAO
04/03/2026,15:20:19,53.30814,-60.4268,42.0,1.0,SKT-4015,,1.0,1.0,GPAO
04/03/2026,15:20:27,53.30814,-60.4268,42.0,1.0,SKT-4015,,1.0,1.0,GPAO
04/03/2026,15:20:34,53.30814,-60.4268,41.0,1.0,SKT-4015,,1.0,1.0,GPAO
04/03/2026,15:20:41,53.30814,-60.4268,41.0,1.0,SKT-4015,,1.0,1.0,GPAO
04/03/2026,15:20:48,53.30814,-60.42679,41.0,1.0,SKT-4015,,1.0,1.0,GPAO
04/03/2026,15:20:57,53.30814,-60.42679,41.0,1.0,SKT-4015,,1.0,1.0,GPAO
04/03/2026,15:21:04,53.30814,-60.42679,41.0,1.0,SKT-4015,,1.0,1.0,GPAO
04/03/2026,15:21:12,53.30814,-60.42679,41.0,1.0,SKT-4015,,1.0,1.0,GPAO
04/03/2026,15:21:19,53.30814,-60.42679,41.0,1.0,SKT-4015,,1.0,1.0,GPAO
04/03/2026,15:21:26,53.30814,-60.42679,41.0,1.0,SKT-4015,,1.0,1.0,GPAO
04/03/2026,15:21:33,53.30814,-60.4268,41.0,1.0,SKT-4015,,1.0,1.0,GPAO
04/03/2026,15:21:40,53.30814,-60.4268,41.0,1.0,SKT-4015,,1.0,1.0,GPAO
04/03/2026,15:21:48,53.30815,-60.4268,40.0,1.0,SKT-4015,,1.0,1.0,GPAO
04/03/2026,15:21:55,53.30815,-60.42681,40.0,1.0,SKT-4015,,1.0,1.0,GPAO
04/03/2026,15:22:02,53.30815,-60.42681,40.0,1.0,SKT-4015,,1.0,1.0,GPAO
04/03/2026,15:22:09,53.30816,-60.42681,40.0,1.0,SKT-4015,,1.0,1.0,GPAO
04/03/2026,15:22:17,53.30816,-60.42681,39.0,1.0,SKT-4015,,1.0,1.0,GPAO
04/03/2026,15:22:24,53.30816,-60.42682,39.0,1.0,SKT-4015,,1.0,1.0,GPAO
04/03/2026,15:22:31,53.30816,-60.42682,39.0,1.0,SKT-4015,,1.0,1.0,GPAO
04/03/2026,15:22:38,53.30816,-60.42681,39.0,1.0,SKT-4015,,1.0,1.0,GPAO
04/03/2026,15:22:45,53.30816,-60.42681,40.0,1.0,SKT-4015,,1.0,1.0,GPAO
04/03/2026,15:22:52,53.30816,-60.42681,39.0,1.0,SKT-4015,,1.0,1.0,GPAO
04/03/2026,15:23:00,53.30816,-60.42682,39.0,1.0,SKT-4015,,1.0,1.0,GPAO
04/03/2026,15:23:08,53.30816,-60.42682,39.0,1.0,SKT-4015,,1.0,1.0,GPAO
04/03/2026,15:23:15,53.30816,-60.42682,39.0,1.0,SKT-4015,,1.0,1.0,GPAO
04/03/2026,15:23:22,53.30816,-60.42682,39.0,1.0,SKT-4015,,1.0,1.0,GPAO
04/03/2026,15:23:29,53.30816,-60.42682,39.0,1.0,SKT-4015,,1.0,1.0,GPAO
04/03/2026,15:23:36,53.30816,-60.42682,39.0,1.0,SKT-4015,,1.0,1.0,GPAO
04/03/2026,15:23:43,53.30816,-60.42681,38.0,1.0,SKT-4015,,1.0,1.0,GPAO
04/03/2026,15:23:51,53.30816,-60.42681,38.0,1.0,SKT-4015,,1.0,1.0,GPAO
04/03/2026,15:23:58,53.30816,-60.42681,39.0,1.0,SKT-4015,,1.0,1.0,GPAO
04/03/2026,15:24:05,53.30816,-60.4268,39.0,1.0,SKT-4015,,1.0,1.0,GPAO
04/03/2026,15:24:12,53.30815,-60.4268,39.0,1.0,SKT-4015,,1.0,1.0,GPAO
04/03/2026,15:24:19,53.30815,-60.4268,39.0,1.0,SKT-4015,,1.0,1.0,GPAO
04/03/2026,15:24:27,53.30815,-60.4268,39.0,1.0,SKT-4015,,1.0,1.0,GPAO
04/03/2026,15:24:34,53.30815,-60.42679,40.0,1.0,SKT-4015,,1.0,1.0,GPAO
04/03/2026,15:24:41,53.30815,-60.42679,40.0,1.0,SKT-4015,,1.0,1.0,GPAO
04/03/2026,15:24:48,53.30815,-60.42679,40.0,1.0,SKT-4015,,1.0,1.0,GPAO
04/03/2026,15:24:55,53.30815,-60.42678,40.0,1.0,SKT-4015,,1.0,1.0,GPAO
04/03/2026,15:25:03,53.30815,-60.42678,40.0,1.0,SKT-4015,,1.0,1.0,GPAO
04/03/2026,15:25:10,53.30815,-60.42679,41.0,1.0,SKT-4015,,1.0,1.0,GPAO
04/03/2026,15:25:19,53.30815,-60.42679,41.0,1.0,SKT-4015,,1.0,0.0,GPAO
04/03/2026,15:25:26,53.30815,-60.42679,41.0,1.0,SKT-4015,,1.0,1.0,GPAO
04/03/2026,15:25:34,53.30815,-60.42679,41.0,1.0,SKT-4015,,1.0,1.0,GPAO
04/03/2026,15:25:41,53.30815,-60.42679,41.0,1.0,SKT-4015,,1.0,1.0,GPAO
04/03/2026,15:25:49,53.30815,-60.42679,40.0,1.0,SKT-4015,,1.0,1.0,GPAO
04/03/2026,15:25:56,53.30815,-60.42678,40.0,1.0,SKT-4015,,1.0,1.0,GPAO
04/03/2026,15:26:04,53.30815,-60.42679,40.0,1.0,SKT-4015,,1.0,1.0,GPAO
04/03/2026,15:26:11,53.30815,-60.42679,41.0,1.0,SKT-4015,,1.0,1.0,GPAO
04/03/2026,15:26:18,53.30815,-60.42679,41.0,1.0,SKT-4015,,1.0,1.0,GPAO
04/03/2026,15:26:25,53.30815,-60.42679,41.0,1.0,SKT-4015,,1.0,1.0,GPAO
04/03/2026,15:26:32,53.30815,-60.42679,41.0,1.0,SKT-4015,,1.0,1.0,GPAO
04/03/2026,15:26:40,53.30815,-60.42679,41.0,1.0,SKT-4015,,1.0,1.0,GPAO
04/03/2026,15:26:47,53.30815,-60.42679,40.0,1.0,SKT-4015,,1.0,1.0,GPAO
04/03/2026,15:26:54,53.30815,-60.42679,40.0,1.0,SKT-4015,,1.0,1.0,GPAO
04/03/2026,15:27:01,53.30815,-60.42679,40.0,1.0,SKT-4015,,1.0,1.0,GPAO
04/03/2026,15:27:08,53.30815,-60.42679,39.0,1.0,SKT-4015,,1.0,1.0,GPAO
04/03/2026,15:27:15,53.30815,-60.4268,39.0,1.0,SKT-4015,,1.0,1.0,GPAO
04/03/2026,15:27:23,53.30815,-60.42681,39.0,1.0,SKT-4015,,1.0,1.0,GPAO
04/03/2026,15:27:30,53.30816,-60.42681,39.0,1.0,SKT-4015,,1.0,1.0,GPAO
04/03/2026,15:27:37,53.30816,-60.42682,39.0,1.0,SKT-4015,,1.0,1.0,GPAO
04/03/2026,15:27:44,53.30816,-60.42682,40.0,1.0,SKT-4015,,1.0,1.0,GPAO
04/03/2026,15:27:52,53.30816,-60.42682,40.0,1.0,SKT-4015,,1.0,1.0,GPAO
04/03/2026,15:28:00,53.30816,-60.42682,40.0,1.0,SKT-4015,,1.0,1.0,GPAO
04/03/2026,15:28:09,53.30816,-60.42682,40.0,1.0,SKT-4015,,1.0,1.0,GPAO
04/03/2026,15:28:17,53.30816,-60.42682,40.0,1.0,SKT-4015,,1.0,1.0,GPAO
04/03/2026,15:28:25,53.30816,-60.42682,40.0,1.0,SKT-4015,,1.0,1.0,GPAO
04/03/2026,15:28:33,53.30815,-60.42681,40.0,1.0,SKT-4015,,1.0,1.0,GPAO
04/03/2026,15:28:44,,,,,SKT-4015,,1.0,1.0,GPAO
04/03/2026,15:28:51,53.30815,-60.4268,40.0,1.0,SKT-4015,,1.0,1.0,GPAO
04/03/2026,15:28:58,53.30815,-60.4268,40.0,1.0,SKT-4015,,1.0,1.0,GPAO
04/03/2026,15:29:05,53.30815,-60.4268,40.0,1.0,SKT-4015,,1.0,1.0,GPAO
04/03/2026,15:29:12,53.30815,-60.4268,40.0,1.0,SKT-4015,,1.0,1.0,GPAO
04/03/2026,15:29:20,53.30815,-60.4268,39.0,1.0,SKT-4015,,1.0,1.0,GPAO
04/03/2026,15:29:28,53.30815,-60.42689,40.0,1.0,SKT-4015,,1.0,1.0,GPAO
04/03/2026,15:29:36,53.30821,-60.42695,40.0,1.0,SKT-4015,,1.0,1.0,GPAO
04/03/2026,15:29:43,53.30832,-60.42686,40.0,1.0,SKT-4015,,1.0,1.0,GPAO
04/03/2026,15:29:50,53.30847,-60.42649,40.0,1.0,SKT-4015,,1.0,1.0,GPAO
04/03/2026,15:29:57,53.30867,-60.42604,41.0,1.0,SKT-4015,,1.0,1.0,GPAO
04/03/2026,15:30:05,53.30887,-60.42562,41.0,1.0,SKT-4015,,1.0,1.0,GPAO
04/03/2026,15:30:12,53.30906,-60.42535,42.0,1.0,SKT-4015,,1.0,1.0,GPAO
04/03/2026,15:30:19,53.30938,-60.42529,41.0,1.0,SKT-4015,,1.0,1.0,GPAO
04/03/2026,15:30:27,53.30976,-60.42564,41.0,1.0,SKT-4015,,1.0,0.0,GPAO
04/03/2026,15:30:34,53.31007,-60.42599,42.0,1.0,SKT-4015,,1.0,1.0,GPAO
04/03/2026,15:30:43,53.3105,-60.42632,42.0,1.0,SKT-4015,,1.0,1.0,GPAO
04/03/2026,15:30:50,53.31088,-60.42614,42.0,1.0,SKT-4015,,1.0,1.0,GPAO
04/03/2026,15:30:57,53.31123,-60.42548,42.0,1.0,SKT-4015,,1.0,1.0,GPAO
04/03/2026,15:31:04,53.31158,-60.42461,43.0,1.0,SKT-4015,,1.0,1.0,GPAO
04/03/2026,15:31:11,53.31196,-60.4237,43.0,1.0,SKT-4015,,1.0,1.0,GPAO
04/03/2026,15:31:18,53.31236,-60.42274,43.0,1.0,SKT-4015,,1.0,1.0,GPAO
04/03/2026,15:31:26,53.31284,-60.42161,43.0,1.0,SKT-4015,,1.0,1.0,GPAO
04/03/2026,15:31:33,53.31324,-60.42064,44.0,1.0,SKT-4015,,1.0,1.0,GPAO
04/03/2026,15:31:41,53.31367,-60.41959,44.0,1.0,SKT-4015,,1.0,1.0,GPAO
04/03/2026,15:31:48,53.31404,-60.41869,44.0,1.0,SKT-4015,,1.0,1.0,GPAO
04/03/2026,15:31:55,53.31438,-60.41789,44.0,1.0,SKT-4015,,1.0,1.0,GPAO
04/03/2026,15:32:02,53.31467,-60.41718,44.0,1.0,SKT-4015,,1.0,1.0,GPAO
04/03/2026,15:32:09,53.31495,-60.41649,44.0,1.0,SKT-4015,,1.0,1.0,GPAO
04/03/2026,15:32:16,53.31529,-60.41605,43.0,1.0,SKT-4015,,1.0,1.0,GPAO
04/03/2026,15:32:24,53.31577,-60.4164,43.0,1.0,SKT-4015,,1.0,1.0,GPAO
04/03/2026,15:32:31,53.31621,-60.41692,43.0,1.0,SKT-4015,,1.0,1.0,GPAO
04/03/2026,15:32:38,53.31642,-60.41756,43.0,1.0,SKT-4015,,1.0,1.0,GPAO
04/03/2026,15:32:45,53.31599,-60.41879,43.0,1.0,SKT-4015,,1.0,1.0,GPAO
04/03/2026,15:32:52,53.31483,-60.42157,43.0,1.0,SKT-4015,,1.0,1.0,GPAO
04/03/2026,15:33:00,53.31274,-60.42661,43.0,1.0,SKT-4015,,1.0,1.0,GPAO
04/03/2026,15:33:08,53.31001,-60.43314,54.0,0.0,SKT-4015,,1.0,1.0,GPAO
04/03/2026,15:33:15,53.30745,-60.43949,104.0,0.0,SKT-4015,,1.0,1.0,GPAO
04/03/2026,15:33:23,53.30437,-60.44707,181.0,0.0,SKT-4015,,1.0,1.0,GPAO
04/03/2026,15:33:30,53.30155,-60.45393,251.0,0.0,SKT-4015,,1.0,1.0,GPAO
04/03/2026,15:33:37,53.29853,-60.46099,317.0,0.0,SKT-4015,,1.0,1.0,GPAO
04/03/2026,15:33:44,53.29534,-60.46816,397.0,0.0,SKT-4015,,1.0,1.0,GPAO
04/03/2026,15:33:52,53.29153,-60.47646,482.0,0.0,SKT-4015,,1.0,1.0,GPAO
04/03/2026,15:33:59,53.28823,-60.48398,555.0,0.0,SKT-4015,,1.0,1.0,GPAO
04/03/2026,15:34:07,53.28466,-60.49291,643.0,0.0,SKT-4015,,1.0,1.0,GPAO
04/03/2026,15:34:14,53.28169,-60.50094,717.0,0.0,SKT-4015,,1.0,1.0,GPAO
04/03/2026,15:34:21,53.27885,-60.50916,790.0,0.0,SKT-4015,,1.0,1.0,GPAO
04/03/2026,15:34:28,53.27676,-60.51799,855.0,0.0,SKT-4015,,1.0,1.0,GPAO
04/03/2026,15:34:35,53.27659,-60.52745,928.0,0.0,SKT-4015,,1.0,1.0,GPAO
04/03/2026,15:34:43,53.27914,-60.53745,1013.0,0.0,SKT-4015,,1.0,1.0,GPAO
04/03/2026,15:34:50,53.28312,-60.5446,1087.0,0.0,SKT-4015,,1.0,1.0,GPAO
04/03/2026,15:34:57,53.28796,-60.55043,1165.0,0.0,SKT-4015,,1.0,1.0,GPAO
04/03/2026,15:35:04,53.29333,-60.55507,1244.0,0.0,SKT-4015,,1.0,1.0,GPAO
04/03/2026,15:35:11,53.29904,-60.55873,1322.0,0.0,SKT-4015,,1.0,1.0,GPAO
04/03/2026,15:35:19,53.30587,-60.56232,1382.0,0.0,SKT-4015,,1.0,1.0,GPAO
04/03/2026,15:35:26,53.31208,-60.56508,1440.0,0.0,SKT-4015,,1.0,1.0,GPAO
04/03/2026,15:35:34,53.3193,-60.56802,1517.0,0.0,SKT-4015,,1.0,1.0,GPAO
04/03/2026,15:35:41,53.32565,-60.57069,1583.0,0.0,SKT-4015,,1.0,1.0,GPAO
04/03/2026,15:35:48,53.33205,-60.57344,1647.0,0.0,SKT-4015,,1.0,1.0,GPAO
04/03/2026,15:35:57,53.34046,-60.57705,1724.0,0.0,SKT-4015,,1.0,1.0,GPAO
04/03/2026,15:36:05,53.34808,-60.5803,1791.0,0.0,SKT-4015,,1.0,0.0,GPAO
04/03/2026,15:36:12,53.35484,-60.58328,1844.0,0.0,SKT-4015,,1.0,1.0,GPAO
04/03/2026,15:36:20,53.36274,-60.58681,1896.0,0.0,SKT-4015,,1.0,1.0,GPAO
04/03/2026,15:36:28,53.37083,-60.59043,1953.0,0.0,SKT-4015,,1.0,1.0,GPAO
04/03/2026,15:36:38,53.38111,-60.59495,2037.0,0.0,SKT-4015,,1.0,0.0,GPAO
04/03/2026,15:36:47,53.3905,-60.59907,2118.0,0.0,SKT-4015,,1.0,0.0,GPAO
04/03/2026,15:36:55,53.39893,-60.6028,2184.0,0.0,SKT-4015,,1.0,0.0,GPAO
04/03/2026,15:37:03,53.40745,-60.60664,2241.0,0.0,SKT-4015,,1.0,0.0,GPAO
04/03/2026,15:37:11,53.41608,-60.61057,2298.0,0.0,SKT-4015,,1.0,1.0,GPAO
04/03/2026,15:37:18,53.42369,-60.61407,2350.0,0.0,SKT-4015,,1.0,1.0,GPAO
04/03/2026,15:37:25,53.43134,-60.6176,2407.0,0.0,SKT-4015,,1.0,1.0,GPAO
04/03/2026,15:37:33,53.44012,-60.62163,2474.0,0.0,SKT-4015,,1.0,1.0,GPAO
04/03/2026,15:37:40,53.44783,-60.6252,2531.0,0.0,SKT-4015,,1.0,1.0,GPAO
04/03/2026,15:37:47,53.45555,-60.62884,2587.0,0.0,SKT-4015,,1.0,1.0,GPAO
04/03/2026,15:37:54,53.46332,-60.63248,2640.0,0.0,SKT-4015,,1.0,1.0,GPAO
04/03/2026,15:38:02,53.47226,-60.63659,2702.0,0.0,SKT-4015,,1.0,1.0,GPAO
04/03/2026,15:38:09,53.48013,-60.64019,2756.0,0.0,SKT-4015,,1.0,1.0,GPAO
04/03/2026,15:38:17,53.48914,-60.64437,2819.0,0.0,SKT-4015,,1.0,1.0,GPAO
04/03/2026,15:38:24,53.49705,-60.64808,2875.0,0.0,SKT-4015,,1.0,1.0,GPAO
04/03/2026,15:38:31,53.50497,-60.65182,2935.0,0.0,SKT-4015,,1.0,1.0,GPAO
04/03/2026,15:38:39,53.51405,-60.65613,3003.0,0.0,SKT-4015,,1.0,1.0,GPAO
04/03/2026,15:38:46,53.52202,-60.65989,3063.0,0.0,SKT-4015,,1.0,1.0,GPAO
04/03/2026,15:38:53,53.53001,-60.66364,3124.0,0.0,SKT-4015,,1.0,1.0,GPAO
04/03/2026,15:39:01,53.53918,-60.66793,3189.0,0.0,SKT-4015,,1.0,1.0,GPAO
04/03/2026,15:39:09,53.54837,-60.67226,3256.0,0.0,SKT-4015,,1.0,0.0,GPAO
04/03/2026,15:39:17,53.55759,-60.67665,3323.0,0.0,SKT-4015,,1.0,1.0,GPAO
04/03/2026,15:39:26,53.56799,-60.6816,3398.0,0.0,SKT-4015,,1.0,0.0,GPAO
04/03/2026,15:39:33,53.57613,-60.68544,3457.0,0.0,SKT-4015,,1.0,1.0,GPAO
04/03/2026,15:39:40,53.58431,-60.68927,3514.0,0.0,SKT-4015,,1.0,1.0,GPAO
04/03/2026,15:39:48,53.59369,-60.69365,3579.0,0.0,SKT-4015,,1.0,1.0,GPAO
04/03/2026,15:39:56,53.60309,-60.69805,3645.0,0.0,SKT-4015,,1.0,1.0,GPAO
04/03/2026,15:40:04,53.61251,-60.70245,3713.0,0.0,SKT-4015,,1.0,1.0,GPAO
04/03/2026,15:40:12,53.62196,-60.70683,3781.0,0.0,SKT-4015,,1.0,1.0,GPAO
04/03/2026,15:40:20,53.63139,-60.71122,3850.0,0.0,SKT-4015,,1.0,1.0,GPAO
04/03/2026,15:40:27,53.63966,-60.71507,3910.0,0.0,SKT-4015,,1.0,1.0,GPAO
04/03/2026,15:40:34,53.64791,-60.71894,3970.0,0.0,SKT-4015,,1.0,1.0,GPAO
04/03/2026,15:40:41,53.65616,-60.72286,4030.0,0.0,SKT-4015,,1.0,1.0,GPAO
04/03/2026,15:40:49,53.6656,-60.72735,4100.0,0.0,SKT-4015,,1.0,1.0,GPAO
04/03/2026,15:40:57,53.67503,-60.73183,4173.0,0.0,SKT-4015,,1.0,1.0,GPAO
04/03/2026,15:41:04,53.68329,-60.73574,4236.0,0.0,SKT-4015,,1.0,1.0,GPAO
04/03/2026,15:41:11,53.69154,-60.73967,4299.0,0.0,SKT-4015,,1.0,1.0,GPAO
04/03/2026,15:41:19,53.70095,-60.74416,4372.0,0.0,SKT-4015,,1.0,1.0,GPAO
04/03/2026,15:41:26,53.70918,-60.7481,4435.0,0.0,SKT-4015,,1.0,1.0,GPAO
04/03/2026,15:41:35,53.71975,-60.75322,4512.0,0.0,SKT-4015,,1.0,1.0,GPAO
04/03/2026,15:41:42,53.72797,-60.75721,4573.0,0.0,SKT-4015,,1.0,1.0,GPAO
04/03/2026,15:41:49,53.73619,-60.76122,4634.0,0.0,SKT-4015,,1.0,1.0,GPAO
04/03/2026,15:41:56,53.74442,-60.76523,4694.0,0.0,SKT-4015,,1.0,1.0,GPAO
04/03/2026,15:42:03,53.75268,-60.76925,4752.0,0.0,SKT-4015,,1.0,1.0,GPAO
04/03/2026,15:42:11,53.76214,-60.77383,4817.0,0.0,SKT-4015,,1.0,1.0,GPAO
04/03/2026,15:42:18,53.77045,-60.77784,4872.0,0.0,SKT-4015,,1.0,1.0,GPAO
04/03/2026,15:42:25,53.7788,-60.78184,4925.0,0.0,SKT-4015,,1.0,1.0,GPAO
04/03/2026,15:42:33,53.78837,-60.78638,4987.0,0.0,SKT-4015,,1.0,1.0,GPAO
04/03/2026,15:42:40,53.79677,-60.79031,5042.0,0.0,SKT-4015,,1.0,1.0,GPAO
04/03/2026,15:42:47,53.80519,-60.79421,5095.0,0.0,SKT-4015,,1.0,1.0,GPAO
04/03/2026,15:42:55,53.8148,-60.79869,5156.0,0.0,SKT-4015,,1.0,1.0,GPAO
04/03/2026,15:43:03,53.82445,-60.80325,5197.0,0.0,SKT-4015,,1.0,0.0,GPAO
04/03/2026,15:43:11,53.83421,-60.80804,5206.0,0.0,SKT-4015,,1.0,1.0,GPAO
04/03/2026,15:43:19,53.84417,-60.81301,5212.0,0.0,SKT-4015,,1.0,0.0,GPAO
04/03/2026,15:43:27,53.85435,-60.81803,5218.0,0.0,SKT-4015,,1.0,0.0,GPAO
04/03/2026,15:43:35,53.86475,-60.82309,5224.0,0.0,SKT-4015,,1.0,0.0,GPAO
04/03/2026,15:43:43,53.87534,-60.82824,5229.0,0.0,SKT-4015,,1.0,0.0,GPAO
04/03/2026,15:43:54,,,,,SKT-4015,,1.0,0.0,GPAO
04/03/2026,15:44:01,53.89983,-60.84014,5232.0,0.0,SKT-4015,,1.0,0.0,GPAO
04/03/2026,15:44:09,53.911,-60.84556,5232.0,0.0,SKT-4015,,1.0,0.0,GPAO
04/03/2026,15:44:17,53.92233,-60.85106,5233.0,0.0,SKT-4015,,1.0,0.0,GPAO
04/03/2026,15:44:25,53.93382,-60.85658,5234.0,0.0,SKT-4015,,1.0,0.0,GPAO
04/03/2026,15:44:34,53.9469,-60.86289,5236.0,0.0,SKT-4015,,1.0,0.0,GPAO
04/03/2026,15:44:42,53.95863,-60.86863,5238.0,0.0,SKT-4015,,1.0,0.0,GPAO
04/03/2026,15:44:50,53.97046,-60.87447,5238.0,0.0,SKT-4015,,1.0,0.0,GPAO
04/03/2026,15:44:58,53.98239,-60.88033,5238.0,0.0,SKT-4015,,1.0,0.0,GPAO
04/03/2026,15:45:06,53.99445,-60.88618,5238.0,0.0,SKT-4015,,1.0,0.0,GPAO
04/03/2026,15:45:14,54.0066,-60.89203,5236.0,0.0,SKT-4015,,1.0,0.0,GPAO
04/03/2026,15:45:22,54.01883,-60.89793,5234.0,0.0,SKT-4015,,1.0,0.0,GPAO
04/03/2026,15:45:30,54.0311,-60.9039,5234.0,0.0,SKT-4015,,1.0,0.0,GPAO
04/03/2026,15:45:38,54.04341,-60.90993,5234.0,0.0,SKT-4015,,1.0,0.0,GPAO
04/03/2026,15:45:46,54.05577,-60.91573,5232.0,0.0,SKT-4015,,1.0,0.0,GPAO
04/03/2026,15:45:55,54.06967,-60.92182,5230.0,0.0,SKT-4015,,1.0,0.0,GPAO
04/03/2026,15:46:03,54.08191,-60.9273,5228.0,0.0,SKT-4015,,1.0,0.0,GPAO
04/03/2026,15:46:11,54.09404,-60.93283,5226.0,0.0,SKT-4015,,1.0,0.0,GPAO
04/03/2026,15:46:19,54.10608,-60.93835,5224.0,0.0,SKT-4015,,1.0,0.0,GPAO
04/03/2026,15:46:28,54.11954,-60.94456,5222.0,0.0,SKT-4015,,1.0,0.0,GPAO
04/03/2026,15:46:37,54.13288,-60.95084,5220.0,0.0,SKT-4015,,1.0,0.0,GPAO
04/03/2026,15:46:45,54.14466,-60.9565,5221.0,0.0,SKT-4015,,1.0,0.0,GPAO
04/03/2026,15:46:53,54.15638,-60.96216,5220.0,0.0,SKT-4015,,1.0,0.0,GPAO
04/03/2026,15:47:01,54.16806,-60.96785,5220.0,0.0,SKT-4015,,1.0,0.0,GPAO
04/03/2026,15:47:09,54.17971,-60.97371,5218.0,0.0,SKT-4015,,1.0,0.0,GPAO
04/03/2026,15:47:18,54.19283,-60.98033,5217.0,0.0,SKT-4015,,1.0,0.0,GPAO
04/03/2026,15:47:26,54.20451,-60.98616,5217.0,0.0,SKT-4015,,1.0,0.0,GPAO
04/03/2026,15:47:34,54.21623,-60.99194,5216.0,0.0,SKT-4015,,1.0,0.0,GPAO
04/03/2026,15:47:42,54.22797,-60.99768,5215.0,0.0,SKT-4015,,1.0,0.0,GPAO
04/03/2026,15:47:50,54.23973,-61.00342,5215.0,0.0,SKT-4015,,1.0,0.0,GPAO
04/03/2026,15:47:58,54.25151,-61.00916,5214.0,0.0,SKT-4015,,1.0,0.0,GPAO
04/03/2026,15:48:06,54.26331,-61.01491,5215.0,0.0,SKT-4015,,1.0,0.0,GPAO
04/03/2026,15:48:14,54.2751,-61.02082,5216.0,0.0,SKT-4015,,1.0,0.0,GPAO
04/03/2026,15:48:22,54.28692,-61.02681,5215.0,0.0,SKT-4015,,1.0,0.0,GPAO
04/03/2026,15:48:30,54.29881,-61.03276,5215.0,0.0,SKT-4015,,1.0,0.0,GPAO
04/03/2026,15:48:38,54.31074,-61.03868,5215.0,0.0,SKT-4015,,1.0,0.0,GPAO
04/03/2026,15:48:46,54.3227,-61.0446,5215.0,0.0,SKT-4015,,1.0,0.0,GPAO
04/03/2026,15:48:54,54.33468,-61.05053,5214.0,0.0,SKT-4015,,1.0,0.0,GPAO
04/03/2026,15:49:03,54.34821,-61.05714,5213.0,0.0,SKT-4015,,1.0,0.0,GPAO
04/03/2026,15:49:11,54.36027,-61.06299,5213.0,0.0,SKT-4015,,1.0,0.0,GPAO
04/03/2026,15:49:19,54.37234,-61.06884,5212.0,0.0,SKT-4015,,1.0,0.0,GPAO
04/03/2026,15:49:27,54.38442,-61.07473,5211.0,0.0,SKT-4015,,1.0,0.0,GPAO
04/03/2026,15:49:35,54.39651,-61.08064,5210.0,0.0,SKT-4015,,1.0,0.0,GPAO
04/03/2026,15:49:43,54.40859,-61.08659,5210.0,0.0,SKT-4015,,1.0,0.0,GPAO
04/03/2026,15:49:51,54.42069,-61.09253,5209.0,0.0,SKT-4015,,1.0,0.0,GPAO
04/03/2026,15:49:59,54.4328,-61.09848,5208.0,0.0,SKT-4015,,1.0,0.0,GPAO
04/03/2026,15:50:07,54.44492,-61.10445,5208.0,0.0,SKT-4015,,1.0,0.0,GPAO
04/03/2026,15:50:15,54.45706,-61.1104,5207.0,0.0,SKT-4015,,1.0,0.0,GPAO
04/03/2026,15:50:23,54.46921,-61.11637,5207.0,0.0,SKT-4015,,1.0,0.0,GPAO
04/03/2026,15:50:31,54.48136,-61.12236,5207.0,0.0,SKT-4015,,1.0,0.0,GPAO
04/03/2026,15:50:40,54.49504,-61.1291,5205.0,0.0,SKT-4015,,1.0,0.0,GPAO
04/03/2026,15:50:48,54.50722,-61.13511,5202.0,0.0,SKT-4015,,1.0,0.0,GPAO
04/03/2026,15:50:56,54.5194,-61.14111,5200.0,0.0,SKT-4015,,1.0,0.0,GPAO
04/03/2026,15:51:04,54.53159,-61.14711,5201.0,0.0,SKT-4015,,1.0,0.0,GPAO
04/03/2026,15:51:12,54.54376,-61.15311,5202.0,0.0,SKT-4015,,1.0,0.0,GPAO
04/03/2026,15:51:20,54.55593,-61.15915,5201.0,0.0,SKT-4015,,1.0,0.0,GPAO
04/03/2026,15:51:28,54.56811,-61.16521,5199.0,0.0,SKT-4015,,1.0,0.0,GPAO
04/03/2026,15:51:36,54.5803,-61.17126,5198.0,0.0,SKT-4015,,1.0,0.0,GPAO
04/03/2026,15:51:44,54.59249,-61.17731,5197.0,0.0,SKT-4015,,1.0,0.0,GPAO
04/03/2026,15:51:52,54.60468,-61.18338,5196.0,0.0,SKT-4015,,1.0,0.0,GPAO
04/03/2026,15:52:00,54.61689,-61.18948,5195.0,0.0,SKT-4015,,1.0,0.0,GPAO
04/03/2026,15:52:09,54.63061,-61.19635,5195.0,0.0,SKT-4015,,1.0,0.0,GPAO
04/03/2026,15:52:17,54.64281,-61.20245,5194.0,0.0,SKT-4015,,1.0,0.0,GPAO
04/03/2026,15:52:25,54.65502,-61.20853,5193.0,0.0,SKT-4015,,1.0,0.0,GPAO
04/03/2026,15:52:33,54.66722,-61.21461,5193.0,0.0,SKT-4015,,1.0,0.0,GPAO
04/03/2026,15:52:41,54.67942,-61.22069,5192.0,0.0,SKT-4015,,1.0,0.0,GPAO
04/03/2026,15:52:49,54.69161,-61.22678,5191.0,0.0,SKT-4015,,1.0,0.0,GPAO
04/03/2026,15:52:57,54.7038,-61.23289,5189.0,0.0,SKT-4015,,1.0,0.0,GPAO
04/03/2026,15:53:05,54.71599,-61.23899,5188.0,0.0,SKT-4015,,1.0,0.0,GPAO
04/03/2026,15:53:13,54.72825,-61.24479,5188.0,0.0,SKT-4015,,1.0,0.0,GPAO
04/03/2026,15:53:21,54.74062,-61.25013,5188.0,0.0,SKT-4015,,1.0,0.0,GPAO
04/03/2026,15:53:29,54.75309,-61.25507,5186.0,0.0,SKT-4015,,1.0,0.0,GPAO
04/03/2026,15:53:38,54.76719,-61.26033,5185.0,0.0,SKT-4015,,1.0,0.0,GPAO
04/03/2026,15:53:46,54.77976,-61.26478,5184.0,0.0,SKT-4015,,1.0,0.0,GPAO
04/03/2026,15:53:54,54.79237,-61.26904,5185.0,0.0,SKT-4015,,1.0,0.0,GPAO
04/03/2026,15:54:02,54.80503,-61.27309,5185.0,0.0,SKT-4015,,1.0,0.0,GPAO
04/03/2026,15:54:10,54.81771,-61.27699,5184.0,0.0,SKT-4015,,1.0,0.0,GPAO
04/03/2026,15:54:18,54.83044,-61.28082,5184.0,0.0,SKT-4015,,1.0,0.0,GPAO
04/03/2026,15:54:26,54.84318,-61.28462,5182.0,0.0,SKT-4015,,1.0,0.0,GPAO
04/03/2026,15:54:34,54.85593,-61.28841,5182.0,0.0,SKT-4015,,1.0,0.0,GPAO
04/03/2026,15:54:42,54.86866,-61.29222,5181.0,0.0,SKT-4015,,1.0,0.0,GPAO
04/03/2026,15:54:54,,,,,SKT-4015,,1.0,0.0,GPAO
04/03/2026,15:55:00,54.89733,-61.30081,5180.0,0.0,SKT-4015,,1.0,0.0,GPAO
04/03/2026,15:55:08,54.91007,-61.30464,5180.0,0.0,SKT-4015,,1.0,0.0,GPAO
04/03/2026,15:55:17,54.92439,-61.30902,5180.0,0.0,SKT-4015,,1.0,0.0,GPAO
04/03/2026,15:55:25,54.93712,-61.31291,5180.0,0.0,SKT-4015,,1.0,0.0,GPAO
04/03/2026,15:55:33,54.94988,-61.31667,5180.0,0.0,SKT-4015,,1.0,0.0,GPAO
04/03/2026,15:55:41,54.96265,-61.3204,5179.0,0.0,SKT-4015,,1.0,0.0,GPAO
04/03/2026,15:55:49,54.9754,-61.3242,5179.0,0.0,SKT-4015,,1.0,0.0,GPAO
04/03/2026,15:55:57,54.98816,-61.32805,5178.0,0.0,SKT-4015,,1.0,0.0,GPAO
04/03/2026,15:56:05,55.0009,-61.33191,5179.0,0.0,SKT-4015,,1.0,0.0,GPAO
04/03/2026,15:56:13,55.01363,-61.33577,5178.0,0.0,SKT-4015,,1.0,0.0,GPAO
04/03/2026,15:56:21,55.02634,-61.33963,5176.0,0.0,SKT-4015,,1.0,0.0,GPAO
04/03/2026,15:56:29,55.03901,-61.34349,5175.0,0.0,SKT-4015,,1.0,0.0,GPAO
04/03/2026,15:56:37,55.05168,-61.34731,5174.0,0.0,SKT-4015,,1.0,0.0,GPAO
04/03/2026,15:56:45,55.06433,-61.35112,5173.0,0.0,SKT-4015,,1.0,0.0,GPAO
04/03/2026,15:56:54,55.07855,-61.35536,5172.0,0.0,SKT-4015,,1.0,0.0,GPAO
04/03/2026,15:57:02,55.09119,-61.35909,5171.0,0.0,SKT-4015,,1.0,0.0,GPAO
04/03/2026,15:57:10,55.10384,-61.36282,5171.0,0.0,SKT-4015,,1.0,0.0,GPAO
04/03/2026,15:57:18,55.1165,-61.36664,5171.0,0.0,SKT-4015,,1.0,0.0,GPAO
04/03/2026,15:57:26,55.13073,-61.37103,5172.0,0.0,SKT-4015,,1.0,0.0,GPAO
04/03/2026,15:57:35,55.14499,-61.37542,5172.0,0.0,SKT-4015,,1.0,0.0,GPAO
04/03/2026,15:57:43,55.15768,-61.37928,5171.0,0.0,SKT-4015,,1.0,0.0,GPAO
04/03/2026,15:57:51,55.17038,-61.38314,5171.0,0.0,SKT-4015,,1.0,0.0,GPAO
04/03/2026,15:57:59,55.18308,-61.38698,5171.0,0.0,SKT-4015,,1.0,0.0,GPAO
04/03/2026,15:58:07,55.19579,-61.39076,5170.0,0.0,SKT-4015,,1.0,0.0,GPAO
04/03/2026,15:58:15,55.20853,-61.39454,5170.0,0.0,SKT-4015,,1.0,0.0,GPAO
04/03/2026,15:58:23,55.22125,-61.39839,5170.0,0.0,SKT-4015,,1.0,0.0,GPAO
04/03/2026,15:58:31,55.23398,-61.40226,5170.0,0.0,SKT-4015,,1.0,0.0,GPAO
04/03/2026,15:58:39,55.24672,-61.40612,5171.0,0.0,SKT-4015,,1.0,0.0,GPAO
04/03/2026,15:58:48,55.26106,-61.41045,5171.0,0.0,SKT-4015,,1.0,0.0,GPAO
04/03/2026,15:58:55,55.27222,-61.41385,5171.0,0.0,SKT-4015,,1.0,0.0,GPAO
04/03/2026,15:59:03,55.28499,-61.4178,5171.0,0.0,SKT-4015,,1.0,0.0,GPAO
04/03/2026,15:59:10,55.29617,-61.4213,5170.0,0.0,SKT-4015,,1.0,0.0,GPAO
04/03/2026,15:59:17,55.30737,-61.42482,5170.0,0.0,SKT-4015,,1.0,0.0,GPAO
04/03/2026,15:59:24,55.31858,-61.42831,5169.0,0.0,SKT-4015,,1.0,0.0,GPAO
04/03/2026,15:59:31,55.3298,-61.43178,5168.0,0.0,SKT-4015,,1.0,0.0,GPAO
04/03/2026,15:59:38,55.34103,-61.4352,5167.0,0.0,SKT-4015,,1.0,0.0,GPAO
04/03/2026,15:59:45,55.35226,-61.43862,5166.0,0.0,SKT-4015,,1.0,0.0,GPAO
04/03/2026,15:59:52,55.36348,-61.44209,5165.0,0.0,SKT-4015,,1.0,0.0,GPAO
04/03/2026,16:00:00,55.37632,-61.44604,5165.0,0.0,SKT-4015,,1.0,0.0,GPAO
04/03/2026,16:00:09,55.39077,-61.45046,5164.0,0.0,SKT-4015,,1.0,0.0,GPAO
04/03/2026,16:00:17,55.40364,-61.45429,5163.0,0.0,SKT-4015,,1.0,0.0,GPAO
04/03/2026,16:00:25,55.41652,-61.45807,5161.0,0.0,SKT-4015,,1.0,0.0,GPAO
04/03/2026,16:00:33,55.4294,-61.46193,5160.0,0.0,SKT-4015,,1.0,0.0,GPAO
04/03/2026,16:00:40,55.44065,-61.46541,5160.0,0.0,SKT-4015,,1.0,0.0,GPAO
04/03/2026,16:00:47,55.4519,-61.46894,5159.0,0.0,SKT-4015,,1.0,0.0,GPAO
04/03/2026,16:00:54,55.46316,-61.47246,5159.0,0.0,SKT-4015,,1.0,0.0,GPAO
04/03/2026,16:01:01,55.47444,-61.47594,5158.0,0.0,SKT-4015,,1.0,0.0,GPAO
04/03/2026,16:01:08,55.48572,-61.47939,5157.0,0.0,SKT-4015,,1.0,0.0,GPAO
04/03/2026,16:01:15,55.49701,-61.48278,5157.0,0.0,SKT-4015,,1.0,0.0,GPAO
04/03/2026,16:01:23,55.50991,-61.48648,5155.0,0.0,SKT-4015,,1.0,0.0,GPAO
04/03/2026,16:01:34,,,,,SKT-4015,,1.0,0.0,GPAO
04/03/2026,16:01:40,55.53718,-61.49459,5154.0,0.0,SKT-4015,,1.0,0.0,GPAO
04/03/2026,16:01:47,55.54831,-61.49807,5153.0,0.0,SKT-4015,,1.0,0.0,GPAO
04/03/2026,16:01:54,55.55941,-61.50151,5153.0,0.0,SKT-4015,,1.0,0.0,GPAO
04/03/2026,16:02:05,,,,,SKT-4015,,1.0,0.0,GPAO
04/03/2026,16:02:10,55.58463,-61.50925,5153.0,0.0,SKT-4015,,1.0,0.0,GPAO
04/03/2026,16:02:19,55.59873,-61.51363,5152.0,0.0,SKT-4015,,1.0,0.0,GPAO
04/03/2026,16:02:27,55.61122,-61.5175,5151.0,0.0,SKT-4015,,1.0,0.0,GPAO
04/03/2026,16:02:34,55.62212,-61.52074,5150.0,0.0,SKT-4015,,1.0,0.0,GPAO
04/03/2026,16:02:45,,,,,SKT-4015,,1.0,0.0,GPAO
04/03/2026,16:02:52,55.65006,-61.52877,5099.0,0.0,SKT-4015,,1.0,0.0,GPAO
04/03/2026,16:02:59,55.66099,-61.53205,5046.0,0.0,SKT-4015,,1.0,0.0,GPAO
04/03/2026,16:03:07,55.6736,-61.5359,4980.0,0.0,SKT-4015,,1.0,0.0,GPAO
04/03/2026,16:03:14,55.68469,-61.53922,4926.0,0.0,SKT-4015,,1.0,0.0,GPAO
04/03/2026,16:03:21,55.69583,-61.54237,4875.0,0.0,SKT-4015,,1.0,0.0,GPAO
04/03/2026,16:03:29,55.70854,-61.54603,4824.0,0.0,SKT-4015,,1.0,0.0,GPAO
04/03/2026,16:03:37,55.72116,-61.55014,4769.0,0.0,SKT-4015,,1.0,0.0,GPAO
04/03/2026,16:03:46,55.73525,-61.5554,4704.0,0.0,SKT-4015,,1.0,0.0,GPAO
04/03/2026,16:03:53,55.74623,-61.55939,4651.0,0.0,SKT-4015,,1.0,0.0,GPAO
04/03/2026,16:04:00,55.75724,-61.56289,4595.0,0.0,SKT-4015,,1.0,0.0,GPAO
04/03/2026,16:04:08,55.76981,-61.56647,4530.0,0.0,SKT-4015,,1.0,0.0,GPAO
04/03/2026,16:04:15,55.78072,-61.56956,4473.0,0.0,SKT-4015,,1.0,0.0,GPAO
04/03/2026,16:04:22,55.79157,-61.57271,4416.0,0.0,SKT-4015,,1.0,0.0,GPAO
04/03/2026,16:04:30,55.80386,-61.5764,4348.0,0.0,SKT-4015,,1.0,0.0,GPAO
04/03/2026,16:04:38,55.81599,-61.58001,4283.0,0.0,SKT-4015,,1.0,0.0,GPAO
04/03/2026,16:04:46,55.82799,-61.58345,4217.0,0.0,SKT-4015,,1.0,0.0,GPAO
04/03/2026,16:04:55,55.84127,-61.58759,4146.0,0.0,SKT-4015,,1.0,0.0,GPAO
04/03/2026,16:05:03,55.8529,-61.59162,4084.0,0.0,SKT-4015,,1.0,0.0,GPAO
04/03/2026,16:05:10,55.863,-61.59509,4028.0,0.0,SKT-4015,,1.0,0.0,GPAO
04/03/2026,16:05:18,55.87443,-61.59882,3970.0,0.0,SKT-4015,,1.0,0.0,GPAO
04/03/2026,16:05:25,55.88433,-61.60196,3919.0,0.0,SKT-4015,,1.0,0.0,GPAO
04/03/2026,16:05:33,55.8956,-61.60546,3853.0,0.0,SKT-4015,,1.0,0.0,GPAO
04/03/2026,16:05:40,55.9054,-61.60855,3799.0,0.0,SKT-4015,,1.0,0.0,GPAO
04/03/2026,16:05:47,55.91514,-61.61168,3750.0,0.0,SKT-4015,,1.0,0.0,GPAO
04/03/2026,16:05:55,55.92619,-61.61523,3693.0,0.0,SKT-4015,,1.0,0.0,GPAO
04/03/2026,16:06:02,55.93578,-61.61833,3641.0,0.0,SKT-4015,,1.0,0.0,GPAO
04/03/2026,16:06:09,55.94534,-61.62137,3587.0,0.0,SKT-4015,,1.0,0.0,GPAO
04/03/2026,16:06:16,55.95485,-61.62431,3535.0,0.0,SKT-4015,,1.0,0.0,GPAO
04/03/2026,16:06:24,55.96565,-61.62761,3481.0,0.0,SKT-4015,,1.0,0.0,GPAO
04/03/2026,16:06:31,55.97504,-61.63058,3432.0,0.0,SKT-4015,,1.0,0.0,GPAO
04/03/2026,16:06:38,55.9844,-61.6336,3381.0,0.0,SKT-4015,,1.0,0.0,GPAO
04/03/2026,16:06:45,55.99376,-61.63657,3333.0,0.0,SKT-4015,,1.0,0.0,GPAO
04/03/2026,16:06:52,56.00309,-61.6395,3285.0,0.0,SKT-4015,,1.0,0.0,GPAO
04/03/2026,16:06:59,56.01241,-61.64243,3231.0,0.0,SKT-4015,,1.0,0.0,GPAO
04/03/2026,16:07:07,56.02305,-61.64578,3171.0,0.0,SKT-4015,,1.0,0.0,GPAO
04/03/2026,16:07:15,56.03359,-61.64907,3117.0,0.0,SKT-4015,,1.0,0.0,GPAO
04/03/2026,16:07:22,56.04272,-61.65189,3069.0,0.0,SKT-4015,,1.0,0.0,GPAO
04/03/2026,16:07:29,56.05175,-61.65471,3019.0,0.0,SKT-4015,,1.0,0.0,GPAO
04/03/2026,16:07:36,56.06062,-61.6575,2971.0,0.0,SKT-4015,,1.0,0.0,GPAO
04/03/2026,16:07:44,56.07059,-61.66057,2921.0,0.0,SKT-4015,,1.0,0.0,GPAO
04/03/2026,16:07:52,56.08044,-61.66361,2869.0,0.0,SKT-4015,,1.0,0.0,GPAO
04/03/2026,16:07:59,56.08902,-61.66627,2821.0,0.0,SKT-4015,,1.0,0.0,GPAO
04/03/2026,16:08:06,56.09755,-61.66896,2775.0,0.0,SKT-4015,,1.0,0.0,GPAO
04/03/2026,16:08:13,56.106,-61.67166,2730.0,0.0,SKT-4015,,1.0,0.0,GPAO
04/03/2026,16:08:20,56.11436,-61.67431,2686.0,0.0,SKT-4015,,1.0,0.0,GPAO
04/03/2026,16:08:27,56.12265,-61.6769,2642.0,0.0,SKT-4015,,1.0,0.0,GPAO
04/03/2026,16:08:34,56.13085,-61.67945,2598.0,0.0,SKT-4015,,1.0,0.0,GPAO
04/03/2026,16:08:41,56.13897,-61.68205,2553.0,0.0,SKT-4015,,1.0,0.0,GPAO
04/03/2026,16:08:48,56.147,-61.68465,2510.0,0.0,SKT-4015,,1.0,0.0,GPAO
04/03/2026,16:08:55,56.15495,-61.68718,2473.0,0.0,SKT-4015,,1.0,0.0,GPAO
04/03/2026,16:09:02,56.16283,-61.68968,2429.0,0.0,SKT-4015,,1.0,0.0,GPAO
04/03/2026,16:09:10,56.17178,-61.69244,2379.0,0.0,SKT-4015,,1.0,0.0,GPAO
04/03/2026,16:09:17,56.17953,-61.69481,2338.0,0.0,SKT-4015,,1.0,0.0,GPAO
04/03/2026,16:09:25,56.18832,-61.69752,2291.0,0.0,SKT-4015,,1.0,0.0,GPAO
04/03/2026,16:09:32,56.19594,-61.69993,2251.0,0.0,SKT-4015,,1.0,0.0,GPAO
04/03/2026,16:09:40,56.20456,-61.70274,2208.0,0.0,SKT-4015,,1.0,0.0,GPAO
04/03/2026,16:09:47,56.21203,-61.7052,2173.0,0.0,SKT-4015,,1.0,0.0,GPAO
04/03/2026,16:09:55,56.22054,-61.70791,2130.0,0.0,SKT-4015,,1.0,0.0,GPAO
04/03/2026,16:10:02,56.22799,-61.71028,2085.0,0.0,SKT-4015,,1.0,0.0,GPAO
04/03/2026,16:10:10,56.23648,-61.71293,2036.0,0.0,SKT-4015,,1.0,0.0,GPAO
04/03/2026,16:10:18,56.24483,-61.71555,1997.0,0.0,SKT-4015,,1.0,0.0,GPAO
04/03/2026,16:10:25,56.25196,-61.71775,1961.0,0.0,SKT-4015,,1.0,0.0,GPAO
04/03/2026,16:10:32,56.25891,-61.71989,1924.0,0.0,SKT-4015,,1.0,0.0,GPAO
04/03/2026,16:10:40,56.2666,-61.72229,1881.0,0.0,SKT-4015,,1.0,0.0,GPAO
04/03/2026,16:10:47,56.27308,-61.72432,1846.0,0.0,SKT-4015,,1.0,0.0,GPAO
04/03/2026,16:10:59,,,,,SKT-4015,,1.0,0.0,GPAO
04/03/2026,16:11:05,56.28865,-61.72924,1766.0,0.0,SKT-4015,,1.0,0.0,GPAO
04/03/2026,16:11:12,56.29428,-61.73098,1737.0,0.0,SKT-4015,,1.0,0.0,GPAO
04/03/2026,16:11:19,56.29962,-61.73267,1714.0,0.0,SKT-4015,,1.0,0.0,GPAO
04/03/2026,16:11:26,56.30473,-61.73431,1678.0,0.0,SKT-4015,,1.0,0.0,GPAO
04/03/2026,16:11:34,56.31033,-61.73613,1643.0,0.0,SKT-4015,,1.0,0.0,GPAO
04/03/2026,16:11:41,56.31512,-61.7379,1624.0,0.0,SKT-4015,,1.0,0.0,GPAO
04/03/2026,16:11:48,56.31994,-61.73996,1600.0,0.0,SKT-4015,,1.0,0.0,GPAO
04/03/2026,16:11:56,56.32558,-61.7425,1568.0,0.0,SKT-4015,,1.0,0.0,GPAO
04/03/2026,16:12:04,56.33134,-61.74507,1536.0,0.0,SKT-4015,,1.0,0.0,GPAO
04/03/2026,16:12:12,56.33715,-61.74751,1512.0,0.0,SKT-4015,,1.0,0.0,GPAO
04/03/2026,16:12:19,56.34232,-61.74963,1486.0,0.0,SKT-4015,,1.0,0.0,GPAO
04/03/2026,16:12:27,56.34845,-61.75201,1453.0,0.0,SKT-4015,,1.0,0.0,GPAO
04/03/2026,16:12:34,56.35402,-61.75404,1425.0,0.0,SKT-4015,,1.0,0.0,GPAO
04/03/2026,16:12:41,56.35966,-61.75636,1394.0,0.0,SKT-4015,,1.0,0.0,GPAO
04/03/2026,16:12:48,56.36488,-61.76063,1349.0,0.0,SKT-4015,,1.0,0.0,GPAO
04/03/2026,16:12:55,56.36882,-61.76758,1306.0,0.0,SKT-4015,,1.0,0.0,GPAO
04/03/2026,16:13:02,56.37097,-61.77647,1268.0,0.0,SKT-4015,,1.0,0.0,GPAO
04/03/2026,16:13:09,56.3712,-61.78606,1241.0,0.0,SKT-4015,,1.0,0.0,GPAO
04/03/2026,16:13:16,56.37047,-61.79547,1200.0,0.0,SKT-4015,,1.0,0.0,GPAO
04/03/2026,16:13:23,56.36959,-61.80464,1163.0,0.0,SKT-4015,,1.0,0.0,GPAO
04/03/2026,16:13:31,56.36877,-61.81472,1124.0,0.0,SKT-4015,,1.0,0.0,GPAO
04/03/2026,16:13:38,56.36819,-61.82295,1092.0,0.0,SKT-4015,,1.0,0.0,GPAO
04/03/2026,16:13:45,56.3676,-61.83051,1064.0,0.0,SKT-4015,,1.0,0.0,GPAO
04/03/2026,16:13:53,56.3669,-61.83875,1037.0,0.0,SKT-4015,,1.0,0.0,GPAO
04/03/2026,16:14:02,56.36603,-61.84793,1000.0,0.0,SKT-4015,,1.0,0.0,GPAO
04/03/2026,16:14:09,56.36532,-61.85512,974.0,0.0,SKT-4015,,1.0,0.0,GPAO
04/03/2026,16:14:16,56.36462,-61.86236,945.0,0.0,SKT-4015,,1.0,0.0,GPAO
04/03/2026,16:14:23,56.36396,-61.86969,911.0,0.0,SKT-4015,,1.0,0.0,GPAO
04/03/2026,16:14:31,56.3632,-61.87791,872.0,0.0,SKT-4015,,1.0,0.0,GPAO
04/03/2026,16:14:38,56.3626,-61.88464,842.0,0.0,SKT-4015,,1.0,0.0,GPAO
04/03/2026,16:14:46,56.36199,-61.89149,846.0,0.0,SKT-4015,,1.0,0.0,GPAO
04/03/2026,16:14:53,56.36136,-61.89711,841.0,0.0,SKT-4015,,1.0,0.0,GPAO
04/03/2026,16:15:01,56.36066,-61.90339,823.0,0.0,SKT-4015,,1.0,0.0,GPAO
04/03/2026,16:15:10,56.35997,-61.91003,812.0,0.0,SKT-4015,,1.0,0.0,GPAO
04/03/2026,16:15:18,56.35939,-61.91559,801.0,0.0,SKT-4015,,1.0,0.0,GPAO
04/03/2026,16:15:25,56.35878,-61.92035,788.0,0.0,SKT-4015,,1.0,0.0,GPAO
04/03/2026,16:15:33,56.35771,-61.92637,747.0,0.0,SKT-4015,,1.0,0.0,GPAO
04/03/2026,16:15:41,56.35632,-61.93316,723.0,0.0,SKT-4015,,1.0,0.0,GPAO
04/03/2026,16:15:48,56.35505,-61.93912,719.0,0.0,SKT-4015,,1.0,0.0,GPAO
04/03/2026,16:15:55,56.35418,-61.9449,701.0,0.0,SKT-4015,,1.0,0.0,GPAO
04/03/2026,16:16:02,56.35361,-61.95075,668.0,0.0,SKT-4015,,1.0,0.0,GPAO
04/03/2026,16:16:09,56.35315,-61.9566,647.0,0.0,SKT-4015,,1.0,0.0,GPAO
04/03/2026,16:16:16,56.35281,-61.96244,613.0,0.0,SKT-4015,,1.0,0.0,GPAO
04/03/2026,16:16:25,56.35236,-61.96989,580.0,0.0,SKT-4015,,1.0,0.0,GPAO
04/03/2026,16:16:33,56.35189,-61.97652,559.0,0.0,SKT-4015,,1.0,0.0,GPAO
04/03/2026,16:16:42,56.35143,-61.9838,522.0,0.0,SKT-4015,,1.0,0.0,GPAO
04/03/2026,16:16:49,56.35103,-61.98931,492.0,0.0,SKT-4015,,1.0,0.0,GPAO
04/03/2026,16:16:56,56.35061,-61.99487,465.0,0.0,SKT-4015,,1.0,0.0,GPAO
04/03/2026,16:17:03,56.35017,-62.00036,429.0,0.0,SKT-4015,,1.0,0.0,GPAO
04/03/2026,16:17:10,56.34982,-62.00578,399.0,0.0,SKT-4015,,1.0,0.0,GPAO
04/03/2026,16:17:18,56.34943,-62.01199,366.0,0.0,SKT-4015,,1.0,0.0,GPAO
04/03/2026,16:17:25,56.34909,-62.01724,327.0,0.0,SKT-4015,,1.0,0.0,GPAO
04/03/2026,16:17:33,56.34875,-62.02307,301.0,0.0,SKT-4015,,1.0,0.0,GPAO
04/03/2026,16:17:40,56.34845,-62.02827,279.0,0.0,SKT-4015,,1.0,0.0,GPAO
04/03/2026,16:17:53,,,,,SKT-4015,,1.0,0.0,GPAO
04/03/2026,16:17:59,56.34739,-62.04356,207.0,0.0,SKT-4015,,1.0,0.0,GPAO
04/03/2026,16:18:06,56.34706,-62.04931,181.0,0.0,SKT-4015,,1.0,0.0,GPAO
04/03/2026,16:18:14,56.34665,-62.05571,150.0,0.0,SKT-4015,,1.0,0.0,GPAO
04/03/2026,16:18:21,56.34629,-62.06118,126.0,0.0,SKT-4015,,1.0,0.0,GPAO
04/03/2026,16:18:28,56.34595,-62.06685,101.0,0.0,SKT-4015,,1.0,0.0,GPAO
04/03/2026,16:18:35,56.34559,-62.07269,77.0,0.0,SKT-4015,,1.0,0.0,GPAO
04/03/2026,16:18:42,56.34521,-62.07852,60.0,0.0,SKT-4015,,1.0,0.0,GPAO
04/03/2026,16:18:49,56.34486,-62.08411,60.0,0.0,SKT-4015,,1.0,0.0,GPAO
04/03/2026,16:18:57,56.34457,-62.08875,63.0,1.0,SKT-4015,,1.0,0.0,GPAO
04/03/2026,16:19:06,56.34435,-62.09203,64.0,1.0,SKT-4015,,1.0,0.0,GPAO
04/03/2026,16:19:15,56.34422,-62.0942,65.0,1.0,SKT-4015,,1.0,0.0,GPAO
04/03/2026,16:19:23,56.34412,-62.0956,65.0,1.0,SKT-4015,,1.0,0.0,GPAO
04/03/2026,16:19:31,56.34406,-62.09673,65.0,1.0,SKT-4015,,1.0,0.0,GPAO
04/03/2026,16:19:39,56.34412,-62.09755,65.0,1.0,SKT-4015,,1.0,0.0,GPAO
04/03/2026,16:19:46,56.34444,-62.09782,65.0,1.0,SKT-4015,,1.0,0.0,GPAO
04/03/2026,16:19:55,56.34481,-62.09725,65.0,1.0,SKT-4015,,1.0,0.0,GPAO
04/03/2026,16:20:03,56.34507,-62.09692,65.0,1.0,SKT-4015,,1.0,0.0,GPAO
04/03/2026,16:20:11,56.34528,-62.09708,65.0,1.0,SKT-4015,,1.0,0.0,GPAO
04/03/2026,16:20:19,56.34531,-62.09739,65.0,1.0,SKT-4015,,1.0,0.0,GPAO
04/03/2026,16:20:27,56.34532,-62.09749,64.0,1.0,SKT-4015,,1.0,0.0,GPAO
04/03/2026,16:20:35,56.34533,-62.0975,65.0,1.0,SKT-4015,,1.0,0.0,GPAO
04/03/2026,16:20:43,56.34533,-62.0975,65.0,1.0,SKT-4015,,1.0,0.0,GPAO
04/03/2026,16:20:51,56.34533,-62.0975,65.0,1.0,SKT-4015,,1.0,0.0,GPAO
04/03/2026,16:20:59,56.34533,-62.09751,66.0,1.0,SKT-4015,,1.0,0.0,GPAO
04/03/2026,16:21:07,56.34533,-62.09751,67.0,1.0,SKT-4015,,1.0,0.0,GPAO
04/03/2026,16:21:15,56.34533,-62.09751,67.0,1.0,SKT-4015,,1.0,0.0,GPAO
04/03/2026,16:21:23,56.34533,-62.09751,67.0,1.0,SKT-4015,,1.0,0.0,GPAO
04/03/2026,16:21:31,56.34533,-62.09751,66.0,1.0,SKT-4015,,1.0,0.0,GPAO
04/03/2026,16:21:39,56.34533,-62.09751,66.0,1.0,SKT-4015,,1.0,0.0,GPAO
04/03/2026,16:21:47,56.34533,-62.09751,66.0,1.0,SKT-4015,,1.0,0.0,GPAO
04/03/2026,16:21:56,56.34533,-62.09751,65.0,1.0,SKT-4015,,1.0,0.0,GPAO
04/03/2026,16:22:04,56.34533,-62.0975,65.0,1.0,SKT-4015,,1.0,0.0,GPAO
04/03/2026,16:22:12,56.34533,-62.0975,65.0,1.0,SKT-4015,,1.0,0.0,GPAO
04/03/2026,16:22:20,56.34533,-62.0975,65.0,1.0,SKT-4015,,1.0,0.0,GPAO
04/03/2026,16:22:28,56.34533,-62.0975,64.0,1.0,SKT-4015,,1.0,0.0,GPAO
04/03/2026,16:22:36,56.34533,-62.0975,65.0,1.0,SKT-4015,,1.0,0.0,GPAO
04/03/2026,16:22:44,56.34534,-62.0975,65.0,1.0,SKT-4015,,1.0,0.0,GPAO
04/03/2026,16:22:52,56.34534,-62.09749,65.0,1.0,SKT-4015,,1.0,0.0,GPAO
04/03/2026,16:23:00,56.34534,-62.0975,65.0,1.0,SKT-4015,,1.0,0.0,GPAO
04/03/2026,16:23:08,56.34534,-62.0975,65.0,1.0,SKT-4015,,1.0,0.0,GPAO
04/03/2026,16:23:16,56.34534,-62.0975,64.0,1.0,SKT-4015,,1.0,0.0,GPAO
04/03/2026,16:23:24,56.34533,-62.09751,64.0,1.0,SKT-4015,,1.0,0.0,GPAO
04/03/2026,16:23:32,56.34533,-62.09751,64.0,1.0,SKT-4015,,1.0,0.0,GPAO
04/03/2026,16:23:40,56.34533,-62.09752,65.0,1.0,SKT-4015,,1.0,0.0,GPAO
04/03/2026,16:23:48,56.34533,-62.09751,65.0,1.0,SKT-4015,,1.0,0.0,GPAO
04/03/2026,16:23:56,56.34533,-62.09751,65.0,1.0,SKT-4015,,1.0,0.0,GPAO
04/03/2026,16:24:05,56.34533,-62.0975,64.0,1.0,SKT-4015,,1.0,0.0,GPAO
04/03/2026,16:24:13,56.34534,-62.09751,65.0,1.0,SKT-4015,,1.0,0.0,GPAO
04/03/2026,16:24:21,56.34534,-62.09752,67.0,1.0,SKT-4015,,1.0,0.0,GPAO
04/03/2026,16:24:29,56.34534,-62.09753,68.0,1.0,SKT-4015,,1.0,0.0,GPAO
04/03/2026,16:24:37,56.34533,-62.09753,68.0,1.0,SKT-4015,,1.0,0.0,GPAO
04/03/2026,16:24:45,56.34533,-62.09753,68.0,1.0,SKT-4015,,1.0,0.0,GPAO
04/03/2026,16:24:53,56.34533,-62.09753,67.0,1.0,SKT-4015,,1.0,0.0,GPAO
04/03/2026,16:25:01,56.34532,-62.09753,67.0,1.0,SKT-4015,,1.0,0.0,GPAO
04/03/2026,16:25:09,56.34532,-62.09752,67.0,1.0,SKT-4015,,1.0,0.0,GPAO
04/03/2026,16:25:16,56.34533,-62.09752,67.0,1.0,SKT-4015,,1.0,0.0,GPAO
04/03/2026,16:25:23,56.34533,-62.09751,67.0,1.0,SKT-4015,,1.0,0.0,GPAO
04/03/2026,16:25:30,56.34533,-62.0975,67.0,1.0,SKT-4015,,1.0,0.0,GPAO
04/03/2026,16:25:37,56.34533,-62.0975,67.0,1.0,SKT-4015,,1.0,0.0,GPAO
04/03/2026,16:25:44,56.34533,-62.0975,66.0,1.0,SKT-4015,,1.0,0.0,GPAO
04/03/2026,16:25:51,56.34533,-62.09749,65.0,1.0,SKT-4015,,1.0,0.0,GPAO
04/03/2026,16:25:58,56.34533,-62.09748,65.0,1.0,SKT-4015,,1.0,0.0,GPAO
04/03/2026,16:26:05,56.34533,-62.09749,64.0,1.0,SKT-4015,,1.0,0.0,GPAO
04/03/2026,16:26:12,56.34533,-62.09749,64.0,1.0,SKT-4015,,1.0,0.0,GPAO
04/03/2026,16:26:19,56.34533,-62.09749,64.0,1.0,SKT-4015,,1.0,0.0,GPAO
04/03/2026,16:26:26,56.34532,-62.09749,64.0,1.0,SKT-4015,,1.0,0.0,GPAO
04/03/2026,16:26:34,56.34532,-62.0975,64.0,1.0,SKT-4015,,1.0,0.0,GPAO
04/03/2026,16:26:41,56.34532,-62.0975,64.0,1.0,SKT-4015,,1.0,0.0,GPAO
04/03/2026,16:26:48,56.34532,-62.0975,64.0,1.0,SKT-4015,,1.0,0.0,GPAO
04/03/2026,16:26:55,56.34532,-62.0975,65.0,1.0,SKT-4015,,1.0,0.0,GPAO
04/03/2026,16:27:02,56.34532,-62.0975,65.0,1.0,SKT-4015,,1.0,0.0,GPAO
04/03/2026,16:27:09,56.34532,-62.09749,64.0,1.0,SKT-4015,,1.0,0.0,GPAO
04/03/2026,16:27:16,56.34532,-62.09748,64.0,1.0,SKT-4015,,1.0,0.0,GPAO
04/03/2026,16:27:23,56.34532,-62.09748,63.0,1.0,SKT-4015,,1.0,0.0,GPAO
04/03/2026,16:27:30,56.34532,-62.09749,64.0,1.0,SKT-4015,,1.0,0.0,GPAO
04/03/2026,16:27:37,56.34532,-62.09749,64.0,1.0,SKT-4015,,1.0,0.0,GPAO
04/03/2026,16:27:44,56.34532,-62.09749,64.0,1.0,SKT-4015,,1.0,0.0,GPAO
04/03/2026,16:27:51,56.34532,-62.0975,65.0,1.0,SKT-4015,,1.0,0.0,GPAO
04/03/2026,16:27:58,56.34532,-62.0975,65.0,1.0,SKT-4015,,1.0,0.0,GPAO
04/03/2026,16:28:05,56.34532,-62.0975,65.0,1.0,SKT-4015,,1.0,0.0,GPAO
04/03/2026,16:28:12,56.34532,-62.0975,65.0,1.0,SKT-4015,,1.0,0.0,GPAO
04/03/2026,16:28:19,56.34532,-62.09749,64.0,1.0,SKT-4015,,1.0,0.0,GPAO
04/03/2026,16:28:26,56.34532,-62.09749,64.0,1.0,SKT-4015,,1.0,0.0,GPAO
04/03/2026,16:28:33,56.34532,-62.09749,64.0,1.0,SKT-4015,,1.0,0.0,GPAO
04/03/2026,16:28:40,56.34531,-62.09749,64.0,1.0,SKT-4015,,1.0,0.0,GPAO
04/03/2026,16:28:47,56.34532,-62.09749,64.0,1.0,SKT-4015,,1.0,0.0,GPAO
04/03/2026,16:28:54,56.34531,-62.09749,64.0,1.0,SKT-4015,,1.0,0.0,GPAO
04/03/2026,16:29:01,56.34531,-62.09749,64.0,1.0,SKT-4015,,1.0,0.0,GPAO
04/03/2026,16:29:08,56.34531,-62.09749,64.0,1.0,SKT-4015,,1.0,0.0,GPAO
04/03/2026,16:29:15,56.34531,-62.09749,64.0,1.0,SKT-4015,,1.0,0.0,GPAO
04/03/2026,16:29:23,56.34531,-62.0975,64.0,1.0,SKT-4015,,1.0,0.0,GPAO
04/03/2026,16:29:30,56.34531,-62.0975,64.0,1.0,SKT-4015,,1.0,0.0,GPAO
04/03/2026,16:29:37,56.34532,-62.0975,64.0,1.0,SKT-4015,,1.0,0.0,GPAO
04/03/2026,16:29:44,56.34532,-62.0975,65.0,1.0,SKT-4015,,1.0,0.0,GPAO
04/03/2026,16:29:52,56.34532,-62.09751,65.0,1.0,SKT-4015,,1.0,0.0,GPAO
04/03/2026,16:29:59,56.34532,-62.09751,65.0,1.0,SKT-4015,,1.0,0.0,GPAO
04/03/2026,16:30:06,56.34532,-62.0975,65.0,1.0,SKT-4015,,1.0,0.0,GPAO
04/03/2026,16:30:14,56.34533,-62.0975,65.0,1.0,SKT-4015,,1.0,0.0,GPAO
04/03/2026,16:30:21,56.34533,-62.0975,65.0,1.0,SKT-4015,,1.0,0.0,GPAO
04/03/2026,16:30:28,56.34532,-62.0975,66.0,1.0,SKT-4015,,1.0,0.0,GPAO
04/03/2026,16:30:35,56.34532,-62.0975,66.0,1.0,SKT-4015,,1.0,0.0,GPAO
04/03/2026,16:30:42,56.34532,-62.0975,66.0,1.0,SKT-4015,,1.0,0.0,GPAO
04/03/2026,16:30:50,56.34532,-62.0975,66.0,1.0,SKT-4015,,1.0,0.0,GPAO
04/03/2026,16:30:57,56.34532,-62.0975,65.0,1.0,SKT-4015,,1.0,0.0,GPAO
04/03/2026,16:31:04,56.34532,-62.0975,64.0,1.0,SKT-4015,,1.0,0.0,GPAO
04/03/2026,16:31:11,56.34532,-62.0975,64.0,1.0,SKT-4015,,1.0,0.0,GPAO
04/03/2026,16:31:18,56.34532,-62.0975,64.0,1.0,SKT-4015,,1.0,0.0,GPAO
04/03/2026,16:31:25,56.34532,-62.0975,64.0,1.0,SKT-4015,,1.0,0.0,GPAO
04/03/2026,16:31:32,56.34532,-62.0975,64.0,1.0,SKT-4015,,1.0,0.0,GPAO
04/03/2026,16:31:39,56.34532,-62.0975,64.0,1.0,SKT-4015,,1.0,0.0,GPAO
04/03/2026,16:31:46,56.34532,-62.0975,64.0,1.0,SKT-4015,,1.0,0.0,GPAO
04/03/2026,16:31:53,56.34532,-62.0975,63.0,1.0,SKT-4015,,1.0,0.0,GPAO
04/03/2026,16:32:00,56.34531,-62.0975,63.0,1.0,SKT-4015,,1.0,0.0,GPAO
04/03/2026,16:32:07,56.34531,-62.0975,63.0,1.0,SKT-4015,,1.0,0.0,GPAO
04/03/2026,16:32:15,56.34531,-62.0975,63.0,1.0,SKT-4015,,1.0,0.0,GPAO
04/03/2026,16:32:22,56.34531,-62.0975,63.0,1.0,SKT-4015,,1.0,0.0,GPAO
04/03/2026,16:32:29,56.34531,-62.0975,63.0,1.0,SKT-4015,,1.0,0.0,GPAO
04/03/2026,16:32:36,56.34531,-62.0975,64.0,1.0,SKT-4015,,1.0,0.0,GPAO
04/03/2026,16:32:43,56.34531,-62.0975,64.0,1.0,SKT-4015,,1.0,0.0,GPAO
04/03/2026,16:32:50,56.34531,-62.0975,64.0,1.0,SKT-4015,,1.0,0.0,GPAO
04/03/2026,16:32:57,56.34531,-62.0975,65.0,1.0,SKT-4015,,1.0,0.0,GPAO
04/03/2026,16:33:05,56.34531,-62.0975,65.0,1.0,SKT-4015,,1.0,0.0,GPAO
04/03/2026,16:33:12,56.34531,-62.0975,65.0,1.0,SKT-4015,,1.0,0.0,GPAO
04/03/2026,16:33:19,56.34531,-62.0975,65.0,1.0,SKT-4015,,1.0,0.0,GPAO
04/03/2026,16:33:26,56.34531,-62.0975,65.0,1.0,SKT-4015,,1.0,0.0,GPAO
04/03/2026,16:33:33,56.34531,-62.0975,65.0,1.0,SKT-4015,,1.0,0.0,GPAO
04/03/2026,16:33:40,56.34531,-62.09751,65.0,1.0,SKT-4015,,1.0,0.0,GPAO
04/03/2026,16:33:47,56.34531,-62.09751,64.0,1.0,SKT-4015,,1.0,0.0,GPAO
04/03/2026,16:33:54,56.34531,-62.09751,64.0,1.0,SKT-4015,,1.0,0.0,GPAO
04/03/2026,16:34:01,56.34531,-62.0975,63.0,1.0,SKT-4015,,1.0,0.0,GPAO
04/03/2026,16:34:08,56.34531,-62.0975,63.0,1.0,SKT-4015,,1.0,0.0,GPAO
04/03/2026,16:34:15,56.34531,-62.0975,63.0,1.0,SKT-4015,,1.0,0.0,GPAO
04/03/2026,16:34:22,56.34531,-62.09749,63.0,1.0,SKT-4015,,1.0,0.0,GPAO
04/03/2026,16:34:29,56.34531,-62.09749,63.0,1.0,SKT-4015,,1.0,0.0,GPAO
04/03/2026,16:34:36,56.34531,-62.09749,63.0,1.0,SKT-4015,,1.0,0.0,GPAO
04/03/2026,16:34:43,56.34531,-62.09749,63.0,1.0,SKT-4015,,1.0,0.0,GPAO
04/03/2026,16:34:50,56.34531,-62.0975,63.0,1.0,SKT-4015,,1.0,0.0,GPAO
04/03/2026,16:34:58,56.34531,-62.0975,63.0,1.0,SKT-4015,,1.0,0.0,GPAO
04/03/2026,16:35:05,56.34531,-62.0975,63.0,1.0,SKT-4015,,1.0,0.0,GPAO
04/03/2026,16:35:12,56.34531,-62.09749,63.0,1.0,SKT-4015,,1.0,0.0,GPAO
04/03/2026,16:35:19,56.34531,-62.0975,63.0,1.0,SKT-4015,,1.0,0.0,GPAO
04/03/2026,16:35:26,56.34531,-62.0975,63.0,1.0,SKT-4015,,1.0,0.0,GPAO
04/03/2026,16:35:33,56.34531,-62.0975,63.0,1.0,SKT-4015,,1.0,0.0,GPAO
04/03/2026,16:35:40,56.34531,-62.0975,63.0,1.0,SKT-4015,,1.0,0.0,GPAO
04/03/2026,16:35:47,56.34531,-62.0975,63.0,1.0,SKT-4015,,1.0,0.0,GPAO
04/03/2026,16:35:54,56.34531,-62.0975,63.0,1.0,SKT-4015,,1.0,0.0,GPAO
04/03/2026,16:36:01,56.34531,-62.09749,63.0,1.0,SKT-4015,,1.0,0.0,GPAO
04/03/2026,16:36:08,56.34531,-62.09749,63.0,1.0,SKT-4015,,1.0,0.0,GPAO
04/03/2026,16:36:15,56.34531,-62.09748,63.0,1.0,SKT-4015,,1.0,0.0,GPAO
04/03/2026,16:36:22,56.34531,-62.09748,63.0,1.0,SKT-4015,,1.0,0.0,GPAO
04/03/2026,16:36:29,56.34531,-62.09748,62.0,1.0,SKT-4015,,1.0,0.0,GPAO
04/03/2026,16:36:36,56.34531,-62.09748,62.0,1.0,SKT-4015,,1.0,0.0,GPAO
04/03/2026,16:36:43,56.34531,-62.09749,62.0,1.0,SKT-4015,,1.0,0.0,GPAO
04/03/2026,16:36:50,56.34531,-62.09749,62.0,1.0,SKT-4015,,1.0,0.0,GPAO
04/03/2026,16:36:57,56.34531,-62.09749,62.0,1.0,SKT-4015,,1.0,0.0,GPAO
04/03/2026,16:37:04,56.34531,-62.09749,62.0,1.0,SKT-4015,,1.0,0.0,GPAO
04/03/2026,16:37:11,56.34531,-62.09749,63.0,1.0,SKT-4015,,1.0,0.0,GPAO
04/03/2026,16:37:18,56.34531,-62.09749,63.0,1.0,SKT-4015,,1.0,0.0,GPAO
04/03/2026,16:37:25,56.34531,-62.0975,63.0,1.0,SKT-4015,,1.0,0.0,GPAO
04/03/2026,16:37:32,56.34531,-62.0975,63.0,1.0,SKT-4015,,1.0,0.0,GPAO
04/03/2026,16:37:41,56.34531,-62.0975,63.0,1.0,SKT-4015,,1.0,0.0,GPAO
04/03/2026,16:37:48,56.34531,-62.0975,64.0,1.0,SKT-4015,,1.0,0.0,GPAO
04/03/2026,16:37:55,56.34531,-62.0975,63.0,1.0,SKT-4015,,1.0,0.0,GPAO
04/03/2026,16:38:02,56.34531,-62.0975,63.0,1.0,SKT-4015,,1.0,0.0,GPAO
04/03/2026,16:38:10,56.34531,-62.09749,62.0,1.0,SKT-4015,,1.0,0.0,GPAO
04/03/2026,16:38:17,56.34531,-62.09749,62.0,1.0,SKT-4015,,1.0,0.0,GPAO
04/03/2026,16:38:24,56.34531,-62.09749,62.0,1.0,SKT-4015,,1.0,0.0,GPAO
04/03/2026,16:38:31,56.34531,-62.09749,62.0,1.0,SKT-4015,,1.0,0.0,GPAO
04/03/2026,16:38:38,56.34531,-62.0975,63.0,1.0,SKT-4015,,1.0,0.0,GPAO
04/03/2026,16:38:45,56.34531,-62.0975,63.0,1.0,SKT-4015,,1.0,0.0,GPAO
04/03/2026,16:38:53,56.34531,-62.0975,63.0,1.0,SKT-4015,,1.0,0.0,GPAO
04/03/2026,16:39:00,56.34531,-62.0975,64.0,1.0,SKT-4015,,1.0,0.0,GPAO
04/03/2026,16:39:08,56.34532,-62.0975,64.0,1.0,SKT-4015,,1.0,0.0,GPAO
04/03/2026,16:39:16,56.34531,-62.0975,64.0,1.0,SKT-4015,,1.0,0.0,GPAO
04/03/2026,16:39:24,56.34531,-62.09749,63.0,1.0,SKT-4015,,1.0,0.0,GPAO
04/03/2026,16:39:32,56.34531,-62.0975,63.0,1.0,SKT-4015,,1.0,0.0,GPAO
04/03/2026,16:39:40,56.34531,-62.0975,62.0,1.0,SKT-4015,,1.0,0.0,GPAO
04/03/2026,16:39:48,56.34531,-62.09749,62.0,1.0,SKT-4015,,1.0,0.0,GPAO
04/03/2026,16:39:55,56.34531,-62.0975,63.0,1.0,SKT-4015,,1.0,0.0,GPAO
04/03/2026,16:40:02,56.34531,-62.0975,64.0,1.0,SKT-4015,,1.0,0.0,GPAO
04/03/2026,16:40:10,56.34531,-62.0975,64.0,1.0,SKT-4015,,1.0,0.0,GPAO
04/03/2026,16:40:17,56.34532,-62.0975,64.0,1.0,SKT-4015,,1.0,0.0,GPAO
04/03/2026,16:40:24,56.34531,-62.0975,64.0,1.0,SKT-4015,,1.0,0.0,GPAO
04/03/2026,16:40:31,56.34531,-62.0975,64.0,1.0,SKT-4015,,1.0,0.0,GPAO
04/03/2026,16:40:38,56.34531,-62.0975,64.0,1.0,SKT-4015,,1.0,0.0,GPAO
04/03/2026,16:40:45,56.34531,-62.0975,64.0,1.0,SKT-4015,,1.0,0.0,GPAO
04/03/2026,16:40:52,56.34531,-62.0975,64.0,1.0,SKT-4015,,1.0,0.0,GPAO
04/03/2026,16:40:59,56.34531,-62.0975,64.0,1.0,SKT-4015,,1.0,0.0,GPAO
04/03/2026,16:41:06,56.34532,-62.0975,64.0,1.0,SKT-4015,,1.0,0.0,GPAO
04/03/2026,16:41:13,56.34532,-62.0975,64.0,1.0,SKT-4015,,1.0,0.0,GPAO
04/03/2026,16:41:20,56.34531,-62.0975,64.0,1.0,SKT-4015,,1.0,0.0,GPAO
04/03/2026,16:41:27,56.34532,-62.09751,65.0,1.0,SKT-4015,,1.0,0.0,GPAO
04/03/2026,16:41:34,56.34532,-62.09751,65.0,1.0,SKT-4015,,1.0,0.0,GPAO
04/03/2026,16:41:41,56.34532,-62.09751,65.0,1.0,SKT-4015,,1.0,0.0,GPAO
04/03/2026,16:41:48,56.34532,-62.09751,65.0,1.0,SKT-4015,,1.0,0.0,GPAO
04/03/2026,16:41:55,56.34532,-62.0975,65.0,1.0,SKT-4015,,1.0,0.0,GPAO
04/03/2026,16:42:02,56.34532,-62.0975,65.0,1.0,SKT-4015,,1.0,0.0,GPAO
04/03/2026,16:42:09,56.34531,-62.0975,64.0,1.0,SKT-4015,,1.0,0.0,GPAO
04/03/2026,16:42:16,56.34531,-62.0975,65.0,1.0,SKT-4015,,1.0,0.0,GPAO
04/03/2026,16:42:23,56.34531,-62.0975,65.0,1.0,SKT-4015,,1.0,0.0,GPAO
04/03/2026,16:42:30,56.34531,-62.0975,65.0,1.0,SKT-4015,,1.0,0.0,GPAO
04/03/2026,16:42:37,56.34531,-62.0975,65.0,1.0,SKT-4015,,1.0,0.0,GPAO
04/03/2026,16:42:44,56.34531,-62.0975,65.0,1.0,SKT-4015,,1.0,0.0,GPAO
04/03/2026,16:42:52,56.34531,-62.0975,65.0,1.0,SKT-4015,,1.0,0.0,GPAO
04/03/2026,16:43:00,56.34531,-62.0975,65.0,1.0,SKT-4015,,1.0,0.0,GPAO
04/03/2026,16:43:07,56.34531,-62.0975,65.0,1.0,SKT-4015,,1.0,0.0,GPAO
04/03/2026,16:43:14,56.34531,-62.0975,64.0,1.0,SKT-4015,,1.0,0.0,GPAO
04/03/2026,16:43:22,56.34531,-62.0975,64.0,1.0,SKT-4015,,1.0,0.0,GPAO
04/03/2026,16:43:29,56.34531,-62.0975,64.0,1.0,SKT-4015,,1.0,0.0,GPAO
04/03/2026,16:43:36,56.34531,-62.0975,65.0,1.0,SKT-4015,,1.0,0.0,GPAO
04/03/2026,16:43:44,56.34531,-62.09749,65.0,1.0,SKT-4015,,1.0,0.0,GPAO
04/03/2026,16:43:52,56.34531,-62.09749,65.0,1.0,SKT-4015,,1.0,0.0,GPAO
04/03/2026,16:44:00,56.34531,-62.09749,65.0,1.0,SKT-4015,,1.0,0.0,GPAO
04/03/2026,16:44:07,56.34531,-62.09749,66.0,1.0,SKT-4015,,1.0,0.0,GPAO
04/03/2026,16:44:15,56.34531,-62.09749,66.0,1.0,SKT-4015,,1.0,0.0,GPAO
04/03/2026,16:44:22,56.34531,-62.09749,66.0,1.0,SKT-4015,,1.0,0.0,GPAO
04/03/2026,16:44:29,56.34531,-62.09748,66.0,1.0,SKT-4015,,1.0,0.0,GPAO
04/03/2026,16:44:37,56.34531,-62.09749,66.0,1.0,SKT-4015,,1.0,0.0,GPAO
04/03/2026,16:44:44,56.34532,-62.09749,66.0,1.0,SKT-4015,,1.0,0.0,GPAO
04/03/2026,16:44:51,56.34532,-62.09749,66.0,1.0,SKT-4015,,1.0,0.0,GPAO
04/03/2026,16:44:58,56.34532,-62.09749,67.0,1.0,SKT-4015,,1.0,0.0,GPAO
04/03/2026,16:45:05,56.34532,-62.09749,67.0,1.0,SKT-4015,,1.0,0.0,GPAO
04/03/2026,16:45:12,56.34532,-62.09749,67.0,1.0,SKT-4015,,1.0,0.0,GPAO
04/03/2026,16:45:19,56.34532,-62.09749,67.0,1.0,SKT-4015,,1.0,0.0,GPAO
04/03/2026,16:45:26,56.34531,-62.09749,67.0,1.0,SKT-4015,,1.0,0.0,GPAO
04/03/2026,16:45:34,56.34531,-62.09749,66.0,1.0,SKT-4015,,1.0,0.0,GPAO
04/03/2026,16:45:41,56.34531,-62.09749,66.0,1.0,SKT-4015,,1.0,0.0,GPAO
04/03/2026,16:45:48,56.34531,-62.0975,66.0,1.0,SKT-4015,,1.0,0.0,GPAO
04/03/2026,16:45:55,56.34531,-62.0975,65.0,1.0,SKT-4015,,1.0,0.0,GPAO
04/03/2026,16:46:02,56.34531,-62.0975,65.0,1.0,SKT-4015,,1.0,0.0,GPAO
04/03/2026,16:46:09,56.34531,-62.0975,65.0,1.0,SKT-4015,,1.0,0.0,GPAO
04/03/2026,16:46:16,56.34531,-62.0975,64.0,1.0,SKT-4015,,1.0,0.0,GPAO
04/03/2026,16:46:23,56.34531,-62.0975,64.0,1.0,SKT-4015,,1.0,0.0,GPAO
04/03/2026,16:46:32,56.34531,-62.0975,65.0,1.0,SKT-4015,,1.0,0.0,GPAO
04/03/2026,16:46:39,56.34531,-62.0975,65.0,1.0,SKT-4015,,1.0,0.0,GPAO
04/03/2026,16:46:46,56.34531,-62.0975,65.0,1.0,SKT-4015,,1.0,0.0,GPAO
04/03/2026,16:46:54,56.3453,-62.0975,65.0,1.0,SKT-4015,,1.0,0.0,GPAO
04/03/2026,16:47:01,56.3453,-62.0975,65.0,1.0,SKT-4015,,1.0,0.0,GPAO
04/03/2026,16:47:08,56.3453,-62.09749,64.0,1.0,SKT-4015,,1.0,0.0,GPAO
04/03/2026,16:47:15,56.34531,-62.09749,65.0,1.0,SKT-4015,,1.0,0.0,GPAO
04/03/2026,16:47:22,56.34531,-62.09748,65.0,1.0,SKT-4015,,1.0,0.0,GPAO
04/03/2026,16:47:29,56.34531,-62.09748,65.0,1.0,SKT-4015,,1.0,0.0,GPAO
04/03/2026,16:47:36,56.34531,-62.09748,66.0,1.0,SKT-4015,,1.0,0.0,GPAO
04/03/2026,16:47:43,56.34531,-62.09748,66.0,1.0,SKT-4015,,1.0,0.0,GPAO
04/03/2026,16:47:50,56.34531,-62.09748,65.0,1.0,SKT-4015,,1.0,0.0,GPAO
04/03/2026,16:47:58,56.34531,-62.09749,66.0,1.0,SKT-4015,,1.0,0.0,GPAO
04/03/2026,16:48:05,56.34532,-62.09749,66.0,1.0,SKT-4015,,1.0,0.0,GPAO
04/03/2026,16:48:12,56.34531,-62.09749,65.0,1.0,SKT-4015,,1.0,0.0,GPAO
04/03/2026,16:48:19,56.34531,-62.09749,65.0,1.0,SKT-4015,,1.0,0.0,GPAO
04/03/2026,16:48:27,56.34531,-62.0975,65.0,1.0,SKT-4015,,1.0,0.0,GPAO
04/03/2026,16:48:35,56.34531,-62.0975,65.0,1.0,SKT-4015,,1.0,0.0,GPAO
04/03/2026,16:48:43,56.34531,-62.0975,64.0,1.0,SKT-4015,,1.0,0.0,GPAO
04/03/2026,16:48:50,56.34531,-62.0975,64.0,1.0,SKT-4015,,1.0,0.0,GPAO
04/03/2026,16:48:57,56.34531,-62.0975,64.0,1.0,SKT-4015,,1.0,0.0,GPAO
04/03/2026,16:49:04,56.34531,-62.0975,65.0,1.0,SKT-4015,,1.0,0.0,GPAO
04/03/2026,16:49:11,56.34531,-62.0975,65.0,1.0,SKT-4015,,1.0,0.0,GPAO
04/03/2026,16:49:18,56.34531,-62.0975,65.0,1.0,SKT-4015,,1.0,0.0,GPAO
04/03/2026,16:49:25,56.34531,-62.0975,66.0,1.0,SKT-4015,,1.0,0.0,GPAO
04/03/2026,16:49:33,56.34531,-62.0975,65.0,1.0,SKT-4015,,1.0,0.0,GPAO
04/03/2026,16:49:40,56.34531,-62.09751,67.0,1.0,SKT-4015,,1.0,0.0,GPAO
04/03/2026,16:49:47,56.34532,-62.0975,67.0,1.0,SKT-4015,,1.0,0.0,GPAO
04/03/2026,16:49:54,56.34531,-62.0975,68.0,1.0,SKT-4015,,1.0,0.0,GPAO
04/03/2026,16:50:01,56.34531,-62.0975,68.0,1.0,SKT-4015,,1.0,0.0,GPAO
04/03/2026,16:50:09,56.34531,-62.0975,67.0,1.0,SKT-4015,,1.0,0.0,GPAO
04/03/2026,16:50:16,56.34531,-62.0975,67.0,1.0,SKT-4015,,1.0,0.0,GPAO
04/03/2026,16:50:24,56.34532,-62.0975,67.0,1.0,SKT-4015,,1.0,0.0,GPAO
04/03/2026,16:50:32,56.34531,-62.0975,66.0,1.0,SKT-4015,,1.0,0.0,GPAO
04/03/2026,16:50:39,56.34531,-62.09751,66.0,1.0,SKT-4015,,1.0,0.0,GPAO
04/03/2026,16:50:47,56.34531,-62.09751,65.0,1.0,SKT-4015,,1.0,0.0,GPAO
04/03/2026,16:50:54,56.34531,-62.09751,65.0,1.0,SKT-4015,,1.0,0.0,GPAO
04/03/2026,16:51:01,56.34531,-62.09751,65.0,1.0,SKT-4015,,1.0,0.0,GPAO
04/03/2026,16:51:09,56.34532,-62.09751,65.0,1.0,SKT-4015,,1.0,0.0,GPAO
04/03/2026,16:51:16,56.34532,-62.09751,65.0,1.0,SKT-4015,,1.0,0.0,GPAO
04/03/2026,16:51:23,56.34531,-62.09751,65.0,1.0,SKT-4015,,1.0,0.0,GPAO
04/03/2026,16:51:30,56.34531,-62.09751,64.0,1.0,SKT-4015,,1.0,0.0,GPAO
04/03/2026,16:51:37,56.34531,-62.09751,64.0,1.0,SKT-4015,,1.0,0.0,GPAO
04/03/2026,16:51:44,56.34531,-62.0975,64.0,1.0,SKT-4015,,1.0,0.0,GPAO
04/03/2026,16:51:51,56.34531,-62.09751,64.0,1.0,SKT-4015,,1.0,0.0,GPAO
04/03/2026,16:51:58,56.34531,-62.09751,64.0,1.0,SKT-4015,,1.0,0.0,GPAO
04/03/2026,16:52:05,56.34531,-62.09751,64.0,1.0,SKT-4015,,1.0,0.0,GPAO
04/03/2026,16:52:12,56.34531,-62.09751,65.0,1.0,SKT-4015,,1.0,0.0,GPAO
04/03/2026,16:52:20,56.34531,-62.09751,65.0,1.0,SKT-4015,,1.0,0.0,GPAO
04/03/2026,16:52:27,56.34531,-62.09751,65.0,1.0,SKT-4015,,1.0,0.0,GPAO
04/03/2026,16:52:34,56.34531,-62.09751,65.0,1.0,SKT-4015,,1.0,0.0,GPAO
04/03/2026,16:52:41,56.34531,-62.09751,65.0,1.0,SKT-4015,,1.0,0.0,GPAO
04/03/2026,16:52:48,56.34531,-62.0975,64.0,1.0,SKT-4015,,1.0,0.0,GPAO
04/03/2026,16:52:55,56.3453,-62.0975,64.0,1.0,SKT-4015,,1.0,0.0,GPAO
04/03/2026,16:53:03,56.3453,-62.0975,64.0,1.0,SKT-4015,,1.0,0.0,GPAO
04/03/2026,16:53:10,56.3453,-62.0975,63.0,1.0,SKT-4015,,1.0,0.0,GPAO
04/03/2026,16:53:18,56.34531,-62.0975,63.0,1.0,SKT-4015,,1.0,0.0,GPAO
04/03/2026,16:53:26,56.34531,-62.09749,63.0,1.0,SKT-4015,,1.0,0.0,GPAO
04/03/2026,16:53:37,,,,,SKT-4015,,1.0,0.0,GPAO
04/03/2026,16:53:44,56.34531,-62.09748,64.0,1.0,SKT-4015,,1.0,0.0,GPAO
04/03/2026,16:53:52,56.34531,-62.09748,64.0,1.0,SKT-4015,,1.0,0.0,GPAO
04/03/2026,16:54:00,56.34531,-62.09749,64.0,1.0,SKT-4015,,1.0,0.0,GPAO
04/03/2026,16:54:07,56.3453,-62.09749,64.0,1.0,SKT-4015,,1.0,0.0,GPAO
04/03/2026,16:54:14,56.34531,-62.0975,64.0,1.0,SKT-4015,,1.0,0.0,GPAO
04/03/2026,16:54:21,56.34531,-62.0975,64.0,1.0,SKT-4015,,1.0,0.0,GPAO
04/03/2026,16:54:29,56.34531,-62.0975,64.0,1.0,SKT-4015,,1.0,0.0,GPAO
04/03/2026,16:54:40,,,,,SKT-4015,,1.0,0.0,GPAO
04/03/2026,16:54:47,56.34531,-62.09749,64.0,1.0,SKT-4015,,1.0,0.0,GPAO
04/03/2026,16:54:57,,,,,SKT-4015,,1.0,0.0,GPAO
04/03/2026,16:55:03,56.34531,-62.09748,64.0,1.0,SKT-4015,,1.0,0.0,GPAO
04/03/2026,16:55:10,56.34531,-62.09748,65.0,1.0,SKT-4015,,1.0,0.0,GPAO
04/03/2026,16:55:18,56.34531,-62.09749,64.0,1.0,SKT-4015,,1.0,0.0,GPAO
04/03/2026,16:55:25,56.34531,-62.09749,65.0,1.0,SKT-4015,,1.0,0.0,GPAO
04/03/2026,16:55:32,56.34531,-62.0975,65.0,1.0,SKT-4015,,1.0,0.0,GPAO
04/03/2026,16:55:39,56.34531,-62.0975,64.0,1.0,SKT-4015,,1.0,0.0,GPAO
04/03/2026,16:55:46,56.34531,-62.0975,64.0,1.0,SKT-4015,,1.0,0.0,GPAO
04/03/2026,16:55:54,56.34531,-62.0975,64.0,1.0,SKT-4015,,1.0,0.0,GPAO
04/03/2026,16:56:01,56.34531,-62.0975,64.0,1.0,SKT-4015,,1.0,0.0,GPAO
04/03/2026,16:56:08,56.34531,-62.09749,65.0,1.0,SKT-4015,,1.0,0.0,GPAO
04/03/2026,16:56:15,56.34531,-62.09749,66.0,1.0,SKT-4015,,1.0,0.0,GPAO
04/03/2026,16:56:22,56.34531,-62.09749,66.0,1.0,SKT-4015,,1.0,0.0,GPAO
04/03/2026,16:56:29,56.34531,-62.09749,66.0,1.0,SKT-4015,,1.0,0.0,GPAO
04/03/2026,16:56:36,56.34531,-62.09749,66.0,1.0,SKT-4015,,1.0,0.0,GPAO
04/03/2026,16:56:43,56.34531,-62.09749,65.0,1.0,SKT-4015,,1.0,0.0,GPAO
04/03/2026,16:56:51,56.34531,-62.0975,65.0,1.0,SKT-4015,,1.0,0.0,GPAO
04/03/2026,16:56:58,56.34531,-62.0975,65.0,1.0,SKT-4015,,1.0,0.0,GPAO
04/03/2026,16:57:05,56.34531,-62.09751,65.0,1.0,SKT-4015,,1.0,0.0,GPAO
04/03/2026,16:57:12,56.34531,-62.09751,65.0,1.0,SKT-4015,,1.0,0.0,GPAO
04/03/2026,16:57:20,56.34531,-62.09751,65.0,1.0,SKT-4015,,1.0,0.0,GPAO
04/03/2026,16:57:27,56.34531,-62.09751,65.0,1.0,SKT-4015,,1.0,0.0,GPAO
04/03/2026,16:57:34,56.34531,-62.09751,65.0,1.0,SKT-4015,,1.0,0.0,GPAO
04/03/2026,16:57:41,56.34531,-62.09751,65.0,1.0,SKT-4015,,1.0,0.0,GPAO
04/03/2026,16:57:49,56.34531,-62.0975,65.0,1.0,SKT-4015,,1.0,0.0,GPAO
04/03/2026,16:57:57,56.34531,-62.09751,65.0,1.0,SKT-4015,,1.0,0.0,GPAO
04/03/2026,16:58:05,56.34531,-62.0975,65.0,1.0,SKT-4015,,1.0,0.0,GPAO
04/03/2026,16:58:12,56.34531,-62.09751,65.0,1.0,SKT-4015,,1.0,0.0,GPAO
04/03/2026,16:58:20,56.34531,-62.09751,65.0,1.0,SKT-4015,,1.0,0.0,GPAO
04/03/2026,16:58:27,56.34531,-62.09751,65.0,1.0,SKT-4015,,1.0,0.0,GPAO
04/03/2026,16:58:34,56.34531,-62.09751,65.0,1.0,SKT-4015,,1.0,0.0,GPAO
04/03/2026,16:58:42,56.34531,-62.09751,65.0,1.0,SKT-4015,,1.0,0.0,GPAO
04/03/2026,16:58:49,56.34531,-62.09751,65.0,1.0,SKT-4015,,1.0,0.0,GPAO
04/03/2026,16:58:56,56.34531,-62.09751,65.0,1.0,SKT-4015,,1.0,0.0,GPAO
04/03/2026,16:59:03,56.34531,-62.09751,65.0,1.0,SKT-4015,,1.0,0.0,GPAO
04/03/2026,16:59:10,56.34531,-62.09751,65.0,1.0,SKT-4015,,1.0,0.0,GPAO
04/03/2026,16:59:17,56.34531,-62.09751,65.0,1.0,SKT-4015,,1.0,0.0,GPAO
04/03/2026,16:59:25,56.34531,-62.09751,65.0,1.0,SKT-4015,,1.0,0.0,GPAO
04/03/2026,16:59:32,56.34531,-62.09751,64.0,1.0,SKT-4015,,1.0,0.0,GPAO
04/03/2026,16:59:39,56.34531,-62.09751,65.0,1.0,SKT-4015,,1.0,0.0,GPAO
04/03/2026,16:59:46,56.34531,-62.09751,65.0,1.0,SKT-4015,,1.0,0.0,GPAO
04/03/2026,16:59:53,56.3453,-62.09754,65.0,1.0,SKT-4015,,1.0,0.0,GPAO
04/03/2026,17:00:00,56.34521,-62.09763,64.0,1.0,SKT-4015,,1.0,0.0,GPAO
04/03/2026,17:00:07,56.34497,-62.09769,63.0,1.0,SKT-4015,,1.0,0.0,GPAO
04/03/2026,17:00:14,56.34468,-62.09776,63.0,1.0,SKT-4015,,1.0,0.0,GPAO
04/03/2026,17:00:22,56.34435,-62.09776,63.0,1.0,SKT-4015,,1.0,0.0,GPAO
04/03/2026,17:00:29,56.34408,-62.09738,63.0,1.0,SKT-4015,,1.0,0.0,GPAO
04/03/2026,17:00:36,56.34404,-62.09653,64.0,1.0,SKT-4015,,1.0,0.0,GPAO
04/03/2026,17:00:43,56.34411,-62.09541,64.0,1.0,SKT-4015,,1.0,0.0,GPAO
04/03/2026,17:00:50,56.34421,-62.09406,64.0,1.0,SKT-4015,,1.0,0.0,GPAO
04/03/2026,17:00:57,56.34432,-62.09252,64.0,1.0,SKT-4015,,1.0,0.0,GPAO
04/03/2026,17:01:04,56.34443,-62.0909,64.0,1.0,SKT-4015,,1.0,0.0,GPAO
04/03/2026,17:01:11,56.34454,-62.08928,63.0,1.0,SKT-4015,,1.0,0.0,GPAO
04/03/2026,17:01:18,56.34464,-62.08772,62.0,1.0,SKT-4015,,1.0,0.0,GPAO
04/03/2026,17:01:26,56.34475,-62.08599,61.0,1.0,SKT-4015,,1.0,0.0,GPAO
04/03/2026,17:01:34,56.34486,-62.08424,60.0,1.0,SKT-4015,,1.0,0.0,GPAO
04/03/2026,17:01:41,56.34498,-62.08254,59.0,1.0,SKT-4015,,1.0,0.0,GPAO
04/03/2026,17:01:49,56.3451,-62.08061,58.0,1.0,SKT-4015,,1.0,0.0,GPAO
04/03/2026,17:01:58,56.34521,-62.07876,58.0,1.0,SKT-4015,,1.0,0.0,GPAO
04/03/2026,17:02:05,56.34529,-62.07765,58.0,1.0,SKT-4015,,1.0,0.0,GPAO
04/03/2026,17:02:13,56.3453,-62.07682,57.0,1.0,SKT-4015,,1.0,0.0,GPAO
04/03/2026,17:02:20,56.34524,-62.07644,57.0,1.0,SKT-4015,,1.0,0.0,GPAO
04/03/2026,17:02:28,56.34529,-62.07631,57.0,1.0,SKT-4015,,1.0,0.0,GPAO
04/03/2026,17:02:35,56.34534,-62.07637,57.0,1.0,SKT-4015,,1.0,0.0,GPAO
04/03/2026,17:02:42,56.34536,-62.07673,57.0,1.0,SKT-4015,,1.0,0.0,GPAO
04/03/2026,17:02:49,56.34524,-62.07849,58.0,1.0,SKT-4015,,1.0,0.0,GPAO
04/03/2026,17:02:56,56.34499,-62.08237,59.0,1.0,SKT-4015,,1.0,0.0,GPAO
04/03/2026,17:03:03,56.34461,-62.08803,65.0,1.0,SKT-4015,,1.0,0.0,GPAO
04/03/2026,17:03:10,56.34415,-62.09459,114.0,0.0,SKT-4015,,1.0,0.0,GPAO
04/03/2026,17:03:17,56.34362,-62.10118,195.0,0.0,SKT-4015,,1.0,0.0,GPAO
04/03/2026,17:03:24,56.34282,-62.10768,279.0,0.0,SKT-4015,,1.0,0.0,GPAO
04/03/2026,17:03:31,56.34129,-62.11375,361.0,0.0,SKT-4015,,1.0,0.0,GPAO
04/03/2026,17:03:38,56.33866,-62.11901,439.0,0.0,SKT-4015,,1.0,0.0,GPAO
04/03/2026,17:03:45,56.33498,-62.1229,505.0,0.0,SKT-4015,,1.0,0.0,GPAO
04/03/2026,17:03:52,56.33021,-62.12422,561.0,0.0,SKT-4015,,1.0,0.0,GPAO
04/03/2026,17:03:59,56.32472,-62.12264,606.0,0.0,SKT-4015,,1.0,0.0,GPAO
04/03/2026,17:04:06,56.31895,-62.11835,626.0,0.0,SKT-4015,,1.0,0.0,GPAO
04/03/2026,17:04:13,56.31299,-62.11283,652.0,0.0,SKT-4015,,1.0,0.0,GPAO
04/03/2026,17:04:22,56.30494,-62.10545,699.0,0.0,SKT-4015,,1.0,0.0,GPAO
04/03/2026,17:04:30,56.29741,-62.09919,747.0,0.0,SKT-4015,,1.0,0.0,GPAO
04/03/2026,17:04:37,56.29052,-62.09422,793.0,0.0,SKT-4015,,1.0,0.0,GPAO
04/03/2026,17:04:44,56.28333,-62.08978,832.0,0.0,SKT-4015,,1.0,0.0,GPAO
04/03/2026,17:04:51,56.27591,-62.08583,871.0,0.0,SKT-4015,,1.0,0.0,GPAO
04/03/2026,17:04:58,56.26831,-62.08215,903.0,0.0,SKT-4015,,1.0,0.0,GPAO
04/03/2026,17:05:05,56.2606,-62.07853,942.0,0.0,SKT-4015,,1.0,0.0,GPAO
04/03/2026,17:05:13,56.2518,-62.07455,1029.0,0.0,SKT-4015,,1.0,0.0,GPAO
04/03/2026,17:05:20,56.24433,-62.07105,1141.0,0.0,SKT-4015,,1.0,0.0,GPAO
04/03/2026,17:05:27,56.23703,-62.06731,1230.0,0.0,SKT-4015,,1.0,0.0,GPAO
04/03/2026,17:05:34,56.22975,-62.06338,1302.0,0.0,SKT-4015,,1.0,0.0,GPAO
04/03/2026,17:05:41,56.2225,-62.0593,1397.0,0.0,SKT-4015,,1.0,0.0,GPAO
04/03/2026,17:05:48,56.21546,-62.0552,1514.0,0.0,SKT-4015,,1.0,0.0,GPAO
04/03/2026,17:05:55,56.20852,-62.05103,1604.0,0.0,SKT-4015,,1.0,0.0,GPAO
04/03/2026,17:06:02,56.20153,-62.04676,1668.0,0.0,SKT-4015,,1.0,0.0,GPAO
04/03/2026,17:06:09,56.19439,-62.04243,1705.0,0.0,SKT-4015,,1.0,0.0,GPAO
04/03/2026,17:06:16,56.18704,-62.03809,1753.0,0.0,SKT-4015,,1.0,0.0,GPAO
04/03/2026,17:06:23,56.17959,-62.03375,1814.0,0.0,SKT-4015,,1.0,0.0,GPAO
04/03/2026,17:06:30,56.17206,-62.02934,1882.0,0.0,SKT-4015,,1.0,0.0,GPAO
04/03/2026,17:06:38,56.16336,-62.02422,1955.0,0.0,SKT-4015,,1.0,0.0,GPAO
04/03/2026,17:06:45,56.15566,-62.01958,2023.0,0.0,SKT-4015,,1.0,0.0,GPAO
04/03/2026,17:06:52,56.14793,-62.01483,2097.0,0.0,SKT-4015,,1.0,0.0,GPAO
04/03/2026,17:06:59,56.14017,-62.01014,2169.0,0.0,SKT-4015,,1.0,0.0,GPAO
04/03/2026,17:07:06,56.13239,-62.00542,2235.0,0.0,SKT-4015,,1.0,0.0,GPAO
04/03/2026,17:07:13,56.12457,-62.00067,2294.0,0.0,SKT-4015,,1.0,0.0,GPAO
04/03/2026,17:07:20,56.11673,-61.99589,2354.0,0.0,SKT-4015,,1.0,0.0,GPAO
04/03/2026,17:07:27,56.10886,-61.99108,2414.0,0.0,SKT-4015,,1.0,0.0,GPAO
04/03/2026,17:07:34,56.10099,-61.98626,2476.0,0.0,SKT-4015,,1.0,0.0,GPAO
04/03/2026,17:07:41,56.09309,-61.98146,2537.0,0.0,SKT-4015,,1.0,0.0,GPAO
04/03/2026,17:07:48,56.08516,-61.97668,2599.0,0.0,SKT-4015,,1.0,0.0,GPAO
04/03/2026,17:07:55,56.07723,-61.97189,2662.0,0.0,SKT-4015,,1.0,0.0,GPAO
04/03/2026,17:08:02,56.06928,-61.96707,2724.0,0.0,SKT-4015,,1.0,0.0,GPAO
04/03/2026,17:08:09,56.06131,-61.96223,2790.0,0.0,SKT-4015,,1.0,0.0,GPAO
04/03/2026,17:08:16,56.05333,-61.95743,2863.0,0.0,SKT-4015,,1.0,0.0,GPAO
04/03/2026,17:08:23,56.04536,-61.95262,2939.0,0.0,SKT-4015,,1.0,0.0,GPAO
04/03/2026,17:08:31,56.03623,-61.94707,3021.0,0.0,SKT-4015,,1.0,0.0,GPAO
04/03/2026,17:08:38,56.02822,-61.9422,3089.0,0.0,SKT-4015,,1.0,0.0,GPAO
04/03/2026,17:08:45,56.0202,-61.93737,3162.0,0.0,SKT-4015,,1.0,0.0,GPAO
04/03/2026,17:08:52,56.01218,-61.93258,3234.0,0.0,SKT-4015,,1.0,0.0,GPAO
04/03/2026,17:08:59,56.00415,-61.92779,3303.0,0.0,SKT-4015,,1.0,0.0,GPAO
04/03/2026,17:09:06,55.99611,-61.92296,3374.0,0.0,SKT-4015,,1.0,0.0,GPAO
04/03/2026,17:09:13,55.98806,-61.91813,3449.0,0.0,SKT-4015,,1.0,0.0,GPAO
04/03/2026,17:09:20,55.98002,-61.9133,3527.0,0.0,SKT-4015,,1.0,0.0,GPAO
04/03/2026,17:09:27,55.97201,-61.90846,3605.0,0.0,SKT-4015,,1.0,0.0,GPAO
04/03/2026,17:09:34,55.96403,-61.9036,3682.0,0.0,SKT-4015,,1.0,0.0,GPAO
04/03/2026,17:09:41,55.95607,-61.89874,3755.0,0.0,SKT-4015,,1.0,0.0,GPAO
04/03/2026,17:09:48,55.94814,-61.89388,3826.0,0.0,SKT-4015,,1.0,0.0,GPAO
04/03/2026,17:09:55,55.94019,-61.88903,3892.0,0.0,SKT-4015,,1.0,0.0,GPAO
04/03/2026,17:10:02,55.93225,-61.88419,3957.0,0.0,SKT-4015,,1.0,0.0,GPAO
04/03/2026,17:10:10,55.92316,-61.87868,4027.0,0.0,SKT-4015,,1.0,0.0,GPAO
04/03/2026,17:10:18,55.91405,-61.87321,4094.0,0.0,SKT-4015,,1.0,0.0,GPAO
04/03/2026,17:10:26,55.90493,-61.86775,4165.0,0.0,SKT-4015,,1.0,0.0,GPAO
04/03/2026,17:10:33,55.89695,-61.86296,4229.0,0.0,SKT-4015,,1.0,0.0,GPAO
04/03/2026,17:10:40,55.88895,-61.85817,4293.0,0.0,SKT-4015,,1.0,0.0,GPAO
04/03/2026,17:10:47,55.88095,-61.85338,4352.0,0.0,SKT-4015,,1.0,0.0,GPAO
04/03/2026,17:10:55,55.87179,-61.84792,4421.0,0.0,SKT-4015,,1.0,0.0,GPAO
04/03/2026,17:11:02,55.86377,-61.84318,4479.0,0.0,SKT-4015,,1.0,0.0,GPAO
04/03/2026,17:11:10,55.8546,-61.83776,4545.0,0.0,SKT-4015,,1.0,0.0,GPAO
04/03/2026,17:11:17,55.84658,-61.83305,4605.0,0.0,SKT-4015,,1.0,0.0,GPAO
04/03/2026,17:11:24,55.83855,-61.82832,4669.0,0.0,SKT-4015,,1.0,0.0,GPAO
04/03/2026,17:11:32,55.82937,-61.82285,4744.0,0.0,SKT-4015,,1.0,0.0,GPAO
04/03/2026,17:11:39,55.82132,-61.81801,4806.0,0.0,SKT-4015,,1.0,0.0,GPAO
04/03/2026,17:11:46,55.81326,-61.8132,4877.0,0.0,SKT-4015,,1.0,0.0,GPAO
04/03/2026,17:11:53,55.80519,-61.80843,4955.0,0.0,SKT-4015,,1.0,0.0,GPAO
04/03/2026,17:12:00,55.79713,-61.80364,5029.0,0.0,SKT-4015,,1.0,0.0,GPAO
04/03/2026,17:12:07,55.78906,-61.79884,5096.0,0.0,SKT-4015,,1.0,0.0,GPAO
04/03/2026,17:12:15,55.77982,-61.79337,5168.0,0.0,SKT-4015,,1.0,0.0,GPAO
04/03/2026,17:12:22,55.77171,-61.78859,5226.0,0.0,SKT-4015,,1.0,0.0,GPAO
04/03/2026,17:12:29,55.7636,-61.78382,5281.0,0.0,SKT-4015,,1.0,0.0,GPAO
04/03/2026,17:12:37,55.7543,-61.77836,5339.0,0.0,SKT-4015,,1.0,0.0,GPAO
04/03/2026,17:12:45,55.74488,-61.77287,5365.0,0.0,SKT-4015,,1.0,0.0,GPAO
04/03/2026,17:12:52,55.73643,-61.76802,5371.0,0.0,SKT-4015,,1.0,0.0,GPAO
04/03/2026,17:12:59,55.72778,-61.76316,5380.0,0.0,SKT-4015,,1.0,0.0,GPAO
04/03/2026,17:13:06,55.71895,-61.75814,5386.0,0.0,SKT-4015,,1.0,0.0,GPAO
04/03/2026,17:13:13,55.70995,-61.75291,5391.0,0.0,SKT-4015,,1.0,0.0,GPAO
04/03/2026,17:13:20,55.70078,-61.7476,5394.0,0.0,SKT-4015,,1.0,0.0,GPAO
04/03/2026,17:13:27,55.69145,-61.74223,5396.0,0.0,SKT-4015,,1.0,0.0,GPAO
04/03/2026,17:13:34,55.68198,-61.73678,5398.0,0.0,SKT-4015,,1.0,0.0,GPAO
04/03/2026,17:13:41,55.67239,-61.73121,5399.0,0.0,SKT-4015,,1.0,0.0,GPAO
04/03/2026,17:13:48,55.66265,-61.72553,5398.0,0.0,SKT-4015,,1.0,0.0,GPAO
04/03/2026,17:13:55,55.65279,-61.71973,5398.0,0.0,SKT-4015,,1.0,0.0,GPAO
04/03/2026,17:14:03,55.64142,-61.71282,5401.0,0.0,SKT-4015,,1.0,0.0,GPAO
04/03/2026,17:14:11,55.62994,-61.70567,5404.0,0.0,SKT-4015,,1.0,0.0,GPAO
04/03/2026,17:14:19,55.61833,-61.69851,5405.0,0.0,SKT-4015,,1.0,0.0,GPAO
04/03/2026,17:14:28,55.60511,-61.69067,5406.0,0.0,SKT-4015,,1.0,0.0,GPAO
04/03/2026,17:14:36,55.59322,-61.68393,5407.0,0.0,SKT-4015,,1.0,0.0,GPAO
04/03/2026,17:14:44,55.58125,-61.67711,5409.0,0.0,SKT-4015,,1.0,0.0,GPAO
04/03/2026,17:14:51,55.57073,-61.67105,5410.0,0.0,SKT-4015,,1.0,0.0,GPAO
04/03/2026,17:14:59,55.55873,-61.66443,5411.0,0.0,SKT-4015,,1.0,0.0,GPAO
04/03/2026,17:15:06,55.54828,-61.65884,5412.0,0.0,SKT-4015,,1.0,0.0,GPAO
04/03/2026,17:15:13,55.53791,-61.65307,5412.0,0.0,SKT-4015,,1.0,0.0,GPAO
04/03/2026,17:15:20,55.52762,-61.64717,5411.0,0.0,SKT-4015,,1.0,0.0,GPAO
04/03/2026,17:15:27,55.5174,-61.6412,5411.0,0.0,SKT-4015,,1.0,0.0,GPAO
04/03/2026,17:15:34,55.50724,-61.63522,5412.0,0.0,SKT-4015,,1.0,0.0,GPAO
04/03/2026,17:15:43,55.49424,-61.62771,5412.0,0.0,SKT-4015,,1.0,0.0,GPAO
04/03/2026,17:15:50,55.4842,-61.62194,5413.0,0.0,SKT-4015,,1.0,0.0,GPAO
04/03/2026,17:15:58,55.47279,-61.61533,5411.0,0.0,SKT-4015,,1.0,0.0,GPAO
04/03/2026,17:16:05,55.46286,-61.60948,5411.0,0.0,SKT-4015,,1.0,0.0,GPAO
04/03/2026,17:16:12,55.45298,-61.60363,5412.0,0.0,SKT-4015,,1.0,0.0,GPAO
04/03/2026,17:16:19,55.44313,-61.59782,5412.0,0.0,SKT-4015,,1.0,0.0,GPAO
04/03/2026,17:16:26,55.43333,-61.59207,5413.0,0.0,SKT-4015,,1.0,0.0,GPAO
04/03/2026,17:16:34,55.42214,-61.5856,5412.0,0.0,SKT-4015,,1.0,0.0,GPAO
04/03/2026,17:16:41,55.41238,-61.58004,5412.0,0.0,SKT-4015,,1.0,0.0,GPAO
04/03/2026,17:16:50,55.39986,-61.57301,5413.0,0.0,SKT-4015,,1.0,0.0,GPAO
04/03/2026,17:16:57,55.39014,-61.56738,5414.0,0.0,SKT-4015,,1.0,0.0,GPAO
04/03/2026,17:17:04,55.38043,-61.56137,5414.0,0.0,SKT-4015,,1.0,0.0,GPAO
04/03/2026,17:17:11,55.37069,-61.55514,5413.0,0.0,SKT-4015,,1.0,0.0,GPAO
04/03/2026,17:17:18,55.36089,-61.54882,5414.0,0.0,SKT-4015,,1.0,0.0,GPAO
04/03/2026,17:17:25,55.35102,-61.54239,5416.0,0.0,SKT-4015,,1.0,0.0,GPAO
04/03/2026,17:17:32,55.34108,-61.53578,5417.0,0.0,SKT-4015,,1.0,0.0,GPAO
04/03/2026,17:17:39,55.33107,-61.52907,5416.0,0.0,SKT-4015,,1.0,0.0,GPAO
04/03/2026,17:17:46,55.32101,-61.52236,5415.0,0.0,SKT-4015,,1.0,0.0,GPAO
04/03/2026,17:17:53,55.3109,-61.51565,5417.0,0.0,SKT-4015,,1.0,0.0,GPAO
04/03/2026,17:18:01,55.2993,-61.50794,5418.0,0.0,SKT-4015,,1.0,0.0,GPAO
04/03/2026,17:18:08,55.28912,-61.50113,5419.0,0.0,SKT-4015,,1.0,0.0,GPAO
04/03/2026,17:18:16,55.27742,-61.49332,5421.0,0.0,SKT-4015,,1.0,0.0,GPAO
04/03/2026,17:18:23,55.26712,-61.48647,5421.0,0.0,SKT-4015,,1.0,0.0,GPAO
04/03/2026,17:18:30,55.25678,-61.47956,5421.0,0.0,SKT-4015,,1.0,0.0,GPAO
04/03/2026,17:18:37,55.24641,-61.47263,5422.0,0.0,SKT-4015,,1.0,0.0,GPAO
04/03/2026,17:18:44,55.23603,-61.46582,5423.0,0.0,SKT-4015,,1.0,0.0,GPAO
04/03/2026,17:18:51,55.22567,-61.45911,5423.0,0.0,SKT-4015,,1.0,0.0,GPAO
04/03/2026,17:18:59,55.21389,-61.4514,5422.0,0.0,SKT-4015,,1.0,0.0,GPAO
04/03/2026,17:19:06,55.20365,-61.44457,5421.0,0.0,SKT-4015,,1.0,0.0,GPAO
04/03/2026,17:19:13,55.19346,-61.43771,5421.0,0.0,SKT-4015,,1.0,0.0,GPAO
04/03/2026,17:19:20,55.18331,-61.43092,5422.0,0.0,SKT-4015,,1.0,0.0,GPAO
04/03/2026,17:19:30,55.16885,-61.42129,5422.0,0.0,SKT-4015,,1.0,0.0,GPAO
04/03/2026,17:19:37,55.15875,-61.41457,5422.0,0.0,SKT-4015,,1.0,0.0,GPAO
04/03/2026,17:19:45,55.14725,-61.40692,5422.0,0.0,SKT-4015,,1.0,0.0,GPAO
04/03/2026,17:19:53,55.13578,-61.3993,5422.0,0.0,SKT-4015,,1.0,0.0,GPAO
04/03/2026,17:20:00,55.12576,-61.39263,5422.0,0.0,SKT-4015,,1.0,0.0,GPAO
04/03/2026,17:20:07,55.11575,-61.38599,5422.0,0.0,SKT-4015,,1.0,0.0,GPAO
04/03/2026,17:20:15,55.10431,-61.37847,5423.0,0.0,SKT-4015,,1.0,0.0,GPAO
04/03/2026,17:20:22,55.0943,-61.37186,5423.0,0.0,SKT-4015,,1.0,0.0,GPAO
04/03/2026,17:20:29,55.08427,-61.36519,5423.0,0.0,SKT-4015,,1.0,0.0,GPAO
04/03/2026,17:20:36,55.07425,-61.35854,5423.0,0.0,SKT-4015,,1.0,0.0,GPAO
04/03/2026,17:20:44,55.06279,-61.35101,5424.0,0.0,SKT-4015,,1.0,0.0,GPAO
04/03/2026,17:20:51,55.05276,-61.34443,5425.0,0.0,SKT-4015,,1.0,0.0,GPAO
04/03/2026,17:20:59,55.04131,-61.33693,5425.0,0.0,SKT-4015,,1.0,0.0,GPAO
04/03/2026,17:21:06,55.03128,-61.33034,5426.0,0.0,SKT-4015,,1.0,0.0,GPAO
04/03/2026,17:21:13,55.02125,-61.32368,5427.0,0.0,SKT-4015,,1.0,0.0,GPAO
04/03/2026,17:21:20,55.0112,-61.31698,5428.0,0.0,SKT-4015,,1.0,0.0,GPAO
04/03/2026,17:21:27,55.00114,-61.31025,5429.0,0.0,SKT-4015,,1.0,0.0,GPAO
04/03/2026,17:21:35,54.98962,-61.30259,5429.0,0.0,SKT-4015,,1.0,0.0,GPAO
04/03/2026,17:21:42,54.97951,-61.29594,5429.0,0.0,SKT-4015,,1.0,0.0,GPAO
04/03/2026,17:21:49,54.96939,-61.28936,5430.0,0.0,SKT-4015,,1.0,0.0,GPAO
04/03/2026,17:21:56,54.95926,-61.28284,5431.0,0.0,SKT-4015,,1.0,0.0,GPAO
04/03/2026,17:22:03,54.94913,-61.27631,5430.0,0.0,SKT-4015,,1.0,0.0,GPAO
04/03/2026,17:22:10,54.939,-61.26973,5431.0,0.0,SKT-4015,,1.0,0.0,GPAO
04/03/2026,17:22:17,54.92887,-61.2631,5431.0,0.0,SKT-4015,,1.0,0.0,GPAO
04/03/2026,17:22:24,54.91875,-61.25646,5431.0,0.0,SKT-4015,,1.0,0.0,GPAO
04/03/2026,17:22:32,54.90716,-61.24887,5430.0,0.0,SKT-4015,,1.0,0.0,GPAO
04/03/2026,17:22:39,54.89701,-61.24224,5430.0,0.0,SKT-4015,,1.0,0.0,GPAO
04/03/2026,17:22:47,54.8854,-61.23465,5431.0,0.0,SKT-4015,,1.0,0.0,GPAO
04/03/2026,17:22:59,,,,,SKT-4015,,1.0,0.0,GPAO
04/03/2026,17:23:04,54.86069,-61.21841,5433.0,0.0,SKT-4015,,1.0,0.0,GPAO
04/03/2026,17:23:12,54.84906,-61.21077,5433.0,0.0,SKT-4015,,1.0,0.0,GPAO
04/03/2026,17:23:19,54.83887,-61.20409,5434.0,0.0,SKT-4015,,1.0,0.0,GPAO
04/03/2026,17:23:26,54.82867,-61.19743,5434.0,0.0,SKT-4015,,1.0,0.0,GPAO
04/03/2026,17:23:33,54.81847,-61.19077,5434.0,0.0,SKT-4015,,1.0,0.0,GPAO
04/03/2026,17:23:41,54.8068,-61.18316,5434.0,0.0,SKT-4015,,1.0,0.0,GPAO
04/03/2026,17:23:48,54.79657,-61.1765,5435.0,0.0,SKT-4015,,1.0,0.0,GPAO
04/03/2026,17:23:55,54.78635,-61.16984,5435.0,0.0,SKT-4015,,1.0,0.0,GPAO
04/03/2026,17:24:02,54.77612,-61.16319,5435.0,0.0,SKT-4015,,1.0,0.0,GPAO
04/03/2026,17:24:09,54.7659,-61.15651,5435.0,0.0,SKT-4015,,1.0,0.0,GPAO
04/03/2026,17:24:17,54.75422,-61.14888,5435.0,0.0,SKT-4015,,1.0,0.0,GPAO
04/03/2026,17:24:26,54.74109,-61.14031,5435.0,0.0,SKT-4015,,1.0,0.0,GPAO
04/03/2026,17:24:38,,,,,SKT-4015,,1.0,0.0,GPAO
04/03/2026,17:24:44,54.71481,-61.12324,5438.0,0.0,SKT-4015,,1.0,0.0,GPAO
04/03/2026,17:24:52,54.70314,-61.11564,5439.0,0.0,SKT-4015,,1.0,0.0,GPAO
04/03/2026,17:24:59,54.69293,-61.10898,5440.0,0.0,SKT-4015,,1.0,0.0,GPAO
04/03/2026,17:25:06,54.68272,-61.10234,5442.0,0.0,SKT-4015,,1.0,0.0,GPAO
04/03/2026,17:25:13,54.6725,-61.09575,5443.0,0.0,SKT-4015,,1.0,0.0,GPAO
04/03/2026,17:25:20,54.66228,-61.08916,5443.0,0.0,SKT-4015,,1.0,0.0,GPAO
04/03/2026,17:25:27,54.65206,-61.08256,5443.0,0.0,SKT-4015,,1.0,0.0,GPAO
04/03/2026,17:25:34,54.64185,-61.07595,5444.0,0.0,SKT-4015,,1.0,0.0,GPAO
04/03/2026,17:25:41,54.63163,-61.06937,5445.0,0.0,SKT-4015,,1.0,0.0,GPAO
04/03/2026,17:25:48,54.6214,-61.06286,5446.0,0.0,SKT-4015,,1.0,0.0,GPAO
04/03/2026,17:25:55,54.61118,-61.05637,5447.0,0.0,SKT-4015,,1.0,0.0,GPAO
04/03/2026,17:26:02,54.60096,-61.04985,5447.0,0.0,SKT-4015,,1.0,0.0,GPAO
04/03/2026,17:26:09,54.59076,-61.04327,5447.0,0.0,SKT-4015,,1.0,0.0,GPAO
04/03/2026,17:26:16,54.58055,-61.0367,5448.0,0.0,SKT-4015,,1.0,0.0,GPAO
04/03/2026,17:26:23,54.57034,-61.03018,5448.0,0.0,SKT-4015,,1.0,0.0,GPAO
04/03/2026,17:26:30,54.56011,-61.02368,5449.0,0.0,SKT-4015,,1.0,0.0,GPAO
04/03/2026,17:26:37,54.5499,-61.01717,5450.0,0.0,SKT-4015,,1.0,0.0,GPAO
04/03/2026,17:26:44,54.53969,-61.01056,5451.0,0.0,SKT-4015,,1.0,0.0,GPAO
04/03/2026,17:26:51,54.52949,-61.00389,5451.0,0.0,SKT-4015,,1.0,0.0,GPAO
04/03/2026,17:26:58,54.5193,-60.99719,5451.0,0.0,SKT-4015,,1.0,0.0,GPAO
04/03/2026,17:27:05,54.5091,-60.99053,5452.0,0.0,SKT-4015,,1.0,0.0,GPAO
04/03/2026,17:27:13,54.49743,-60.98302,5452.0,0.0,SKT-4015,,1.0,0.0,GPAO
04/03/2026,17:27:20,54.48721,-60.97652,5453.0,0.0,SKT-4015,,1.0,0.0,GPAO
04/03/2026,17:27:28,54.47553,-60.96914,5453.0,0.0,SKT-4015,,1.0,0.0,GPAO
04/03/2026,17:27:35,54.4653,-60.96263,5453.0,0.0,SKT-4015,,1.0,0.0,GPAO
04/03/2026,17:27:43,54.45361,-60.95513,5454.0,0.0,SKT-4015,,1.0,0.0,GPAO
04/03/2026,17:27:51,54.44193,-60.94763,5454.0,0.0,SKT-4015,,1.0,0.0,GPAO
04/03/2026,17:27:59,54.43025,-60.94019,5456.0,0.0,SKT-4015,,1.0,0.0,GPAO
04/03/2026,17:28:10,,,,,SKT-4015,,1.0,0.0,GPAO
04/03/2026,17:28:16,54.40541,-60.92452,5457.0,0.0,SKT-4015,,1.0,0.0,GPAO
04/03/2026,17:28:23,54.39518,-60.91801,5457.0,0.0,SKT-4015,,1.0,0.0,GPAO
04/03/2026,17:28:30,54.38497,-60.91146,5458.0,0.0,SKT-4015,,1.0,0.0,GPAO
04/03/2026,17:28:37,54.37476,-60.90491,5459.0,0.0,SKT-4015,,1.0,0.0,GPAO
04/03/2026,17:28:44,54.36456,-60.89841,5460.0,0.0,SKT-4015,,1.0,0.0,GPAO
04/03/2026,17:28:51,54.35435,-60.89195,5462.0,0.0,SKT-4015,,1.0,0.0,GPAO
04/03/2026,17:28:58,54.34415,-60.88552,5462.0,0.0,SKT-4015,,1.0,0.0,GPAO
04/03/2026,17:29:05,54.33395,-60.87908,5462.0,0.0,SKT-4015,,1.0,0.0,GPAO
04/03/2026,17:29:12,54.32375,-60.8726,5462.0,0.0,SKT-4015,,1.0,0.0,GPAO
04/03/2026,17:29:19,54.31355,-60.86609,5463.0,0.0,SKT-4015,,1.0,0.0,GPAO
04/03/2026,17:29:26,54.30334,-60.85957,5463.0,0.0,SKT-4015,,1.0,0.0,GPAO
04/03/2026,17:29:33,54.29314,-60.85308,5464.0,0.0,SKT-4015,,1.0,0.0,GPAO
04/03/2026,17:29:41,54.28147,-60.84572,5464.0,0.0,SKT-4015,,1.0,0.0,GPAO
04/03/2026,17:29:48,54.27132,-60.83962,5464.0,0.0,SKT-4015,,1.0,0.0,GPAO
04/03/2026,17:29:55,54.26124,-60.83379,5453.0,0.0,SKT-4015,,1.0,0.0,GPAO
04/03/2026,17:30:02,54.25121,-60.82791,5429.0,0.0,SKT-4015,,1.0,0.0,GPAO
04/03/2026,17:30:09,54.24117,-60.82181,5380.0,0.0,SKT-4015,,1.0,0.0,GPAO
04/03/2026,17:30:16,54.23111,-60.81537,5326.0,0.0,SKT-4015,,1.0,0.0,GPAO
04/03/2026,17:30:23,54.22104,-60.80869,5273.0,0.0,SKT-4015,,1.0,0.0,GPAO
04/03/2026,17:30:30,54.21097,-60.80218,5218.0,0.0,SKT-4015,,1.0,0.0,GPAO
04/03/2026,17:30:37,54.20092,-60.79597,5162.0,0.0,SKT-4015,,1.0,0.0,GPAO
04/03/2026,17:30:44,54.19092,-60.78985,5108.0,0.0,SKT-4015,,1.0,0.0,GPAO
04/03/2026,17:30:51,54.18099,-60.78368,5058.0,0.0,SKT-4015,,1.0,0.0,GPAO
04/03/2026,17:30:58,54.17112,-60.77737,5010.0,0.0,SKT-4015,,1.0,0.0,GPAO
04/03/2026,17:31:05,54.16129,-60.77098,4959.0,0.0,SKT-4015,,1.0,0.0,GPAO
04/03/2026,17:31:12,54.15145,-60.76466,4904.0,0.0,SKT-4015,,1.0,0.0,GPAO
04/03/2026,17:31:20,54.14019,-60.75758,4843.0,0.0,SKT-4015,,1.0,0.0,GPAO
04/03/2026,17:31:28,54.12893,-60.75066,4782.0,0.0,SKT-4015,,1.0,0.0,GPAO
04/03/2026,17:31:35,54.11906,-60.74464,4726.0,0.0,SKT-4015,,1.0,0.0,GPAO
04/03/2026,17:31:42,54.10918,-60.73854,4670.0,0.0,SKT-4015,,1.0,0.0,GPAO
04/03/2026,17:31:50,54.09788,-60.73132,4610.0,0.0,SKT-4015,,1.0,0.0,GPAO
04/03/2026,17:31:57,54.08797,-60.7249,4555.0,0.0,SKT-4015,,1.0,0.0,GPAO
04/03/2026,17:32:05,54.07661,-60.71759,4491.0,0.0,SKT-4015,,1.0,0.0,GPAO
04/03/2026,17:32:12,54.06662,-60.71126,4435.0,0.0,SKT-4015,,1.0,0.0,GPAO
04/03/2026,17:32:19,54.05661,-60.70498,4378.0,0.0,SKT-4015,,1.0,0.0,GPAO
04/03/2026,17:32:26,54.04656,-60.69871,4320.0,0.0,SKT-4015,,1.0,0.0,GPAO
04/03/2026,17:32:34,54.03505,-60.6916,4254.0,0.0,SKT-4015,,1.0,0.0,GPAO
04/03/2026,17:32:42,54.02352,-60.68452,4188.0,0.0,SKT-4015,,1.0,0.0,GPAO
04/03/2026,17:32:49,54.01345,-60.67837,4131.0,0.0,SKT-4015,,1.0,0.0,GPAO
04/03/2026,17:32:56,54.00342,-60.67229,4073.0,0.0,SKT-4015,,1.0,0.0,GPAO
04/03/2026,17:33:03,53.99345,-60.66616,4016.0,0.0,SKT-4015,,1.0,0.0,GPAO
04/03/2026,17:33:10,53.98353,-60.65989,3957.0,0.0,SKT-4015,,1.0,0.0,GPAO
04/03/2026,17:33:18,53.97229,-60.65274,3891.0,0.0,SKT-4015,,1.0,0.0,GPAO
04/03/2026,17:33:25,53.96255,-60.64678,3834.0,0.0,SKT-4015,,1.0,0.0,GPAO
04/03/2026,17:33:32,53.9529,-60.64101,3779.0,0.0,SKT-4015,,1.0,0.0,GPAO
04/03/2026,17:33:39,53.94337,-60.63525,3724.0,0.0,SKT-4015,,1.0,0.0,GPAO
04/03/2026,17:33:47,53.93261,-60.62862,3661.0,0.0,SKT-4015,,1.0,0.0,GPAO
04/03/2026,17:33:54,53.9233,-60.62285,3608.0,0.0,SKT-4015,,1.0,0.0,GPAO
04/03/2026,17:34:02,53.91274,-60.61638,3549.0,0.0,SKT-4015,,1.0,0.0,GPAO
04/03/2026,17:34:09,53.90356,-60.61077,3497.0,0.0,SKT-4015,,1.0,0.0,GPAO
04/03/2026,17:34:16,53.89444,-60.60512,3443.0,0.0,SKT-4015,,1.0,0.0,GPAO
04/03/2026,17:34:23,53.88535,-60.59941,3391.0,0.0,SKT-4015,,1.0,0.0,GPAO
04/03/2026,17:34:30,53.87629,-60.59373,3340.0,0.0,SKT-4015,,1.0,0.0,GPAO
04/03/2026,17:34:37,53.86728,-60.58813,3289.0,0.0,SKT-4015,,1.0,0.0,GPAO
04/03/2026,17:34:44,53.8583,-60.58257,3237.0,0.0,SKT-4015,,1.0,0.0,GPAO
04/03/2026,17:34:52,53.84806,-60.57627,3177.0,0.0,SKT-4015,,1.0,0.0,GPAO
04/03/2026,17:34:59,53.83913,-60.57077,3125.0,0.0,SKT-4015,,1.0,0.0,GPAO
04/03/2026,17:35:07,53.82896,-60.56453,3068.0,0.0,SKT-4015,,1.0,0.0,GPAO
04/03/2026,17:35:15,53.81881,-60.55831,3013.0,0.0,SKT-4015,,1.0,0.0,GPAO
04/03/2026,17:35:23,53.80871,-60.55207,2953.0,0.0,SKT-4015,,1.0,0.0,GPAO
04/03/2026,17:35:30,53.79988,-60.54659,2901.0,0.0,SKT-4015,,1.0,0.0,GPAO
04/03/2026,17:35:37,53.79107,-60.54112,2850.0,0.0,SKT-4015,,1.0,0.0,GPAO
04/03/2026,17:35:44,53.78225,-60.53572,2799.0,0.0,SKT-4015,,1.0,0.0,GPAO
04/03/2026,17:35:51,53.77345,-60.53034,2750.0,0.0,SKT-4015,,1.0,0.0,GPAO
04/03/2026,17:35:58,53.76468,-60.52497,2701.0,0.0,SKT-4015,,1.0,0.0,GPAO
04/03/2026,17:36:05,53.75595,-60.51964,2652.0,0.0,SKT-4015,,1.0,0.0,GPAO
04/03/2026,17:36:13,53.74606,-60.51372,2593.0,0.0,SKT-4015,,1.0,0.0,GPAO
04/03/2026,17:36:20,53.73748,-60.50867,2544.0,0.0,SKT-4015,,1.0,0.0,GPAO
04/03/2026,17:36:27,53.72897,-60.50356,2497.0,0.0,SKT-4015,,1.0,0.0,GPAO
04/03/2026,17:36:34,53.72057,-60.49834,2450.0,0.0,SKT-4015,,1.0,0.0,GPAO
04/03/2026,17:36:41,53.71226,-60.49308,2403.0,0.0,SKT-4015,,1.0,0.0,GPAO
04/03/2026,17:36:48,53.70404,-60.48797,2357.0,0.0,SKT-4015,,1.0,0.0,GPAO
04/03/2026,17:36:55,53.69589,-60.48304,2308.0,0.0,SKT-4015,,1.0,0.0,GPAO
04/03/2026,17:37:02,53.68782,-60.4782,2261.0,0.0,SKT-4015,,1.0,0.0,GPAO
04/03/2026,17:37:09,53.67982,-60.47337,2216.0,0.0,SKT-4015,,1.0,0.0,GPAO
04/03/2026,17:37:16,53.67191,-60.46843,2174.0,0.0,SKT-4015,,1.0,0.0,GPAO
04/03/2026,17:37:23,53.66409,-60.46346,2130.0,0.0,SKT-4015,,1.0,0.0,GPAO
04/03/2026,17:37:31,53.65525,-60.458,2079.0,0.0,SKT-4015,,1.0,0.0,GPAO
04/03/2026,17:37:38,53.64762,-60.45335,2035.0,0.0,SKT-4015,,1.0,0.0,GPAO
04/03/2026,17:37:46,53.639,-60.44815,1983.0,0.0,SKT-4015,,1.0,0.0,GPAO
04/03/2026,17:37:54,53.6305,-60.44299,1938.0,0.0,SKT-4015,,1.0,0.0,GPAO
04/03/2026,17:38:07,,,,,SKT-4015,,1.0,0.0,GPAO
04/03/2026,17:38:14,53.60989,-60.43045,1828.0,0.0,SKT-4015,,1.0,0.0,GPAO
04/03/2026,17:38:22,53.60185,-60.42563,1779.0,0.0,SKT-4015,,1.0,0.0,GPAO
04/03/2026,17:38:29,53.59495,-60.42149,1742.0,0.0,SKT-4015,,1.0,0.0,GPAO
04/03/2026,17:38:38,53.58632,-60.41621,1694.0,0.0,SKT-4015,,1.0,0.0,GPAO
04/03/2026,17:38:45,53.5798,-60.41218,1656.0,0.0,SKT-4015,,1.0,0.0,GPAO
04/03/2026,17:38:52,53.57333,-60.40809,1619.0,0.0,SKT-4015,,1.0,0.0,GPAO
04/03/2026,17:38:59,53.56689,-60.40402,1582.0,0.0,SKT-4015,,1.0,0.0,GPAO
04/03/2026,17:39:06,53.56046,-60.40002,1544.0,0.0,SKT-4015,,1.0,0.0,GPAO
04/03/2026,17:39:13,53.55408,-60.39608,1512.0,0.0,SKT-4015,,1.0,0.0,GPAO
04/03/2026,17:39:20,53.54769,-60.39213,1476.0,0.0,SKT-4015,,1.0,0.0,GPAO
04/03/2026,17:39:27,53.54126,-60.38816,1440.0,0.0,SKT-4015,,1.0,0.0,GPAO
04/03/2026,17:39:34,53.53481,-60.38425,1404.0,0.0,SKT-4015,,1.0,0.0,GPAO
04/03/2026,17:39:41,53.52835,-60.38041,1368.0,0.0,SKT-4015,,1.0,0.0,GPAO
04/03/2026,17:39:48,53.52188,-60.37654,1332.0,0.0,SKT-4015,,1.0,0.0,GPAO
04/03/2026,17:39:55,53.51542,-60.37261,1295.0,0.0,SKT-4015,,1.0,0.0,GPAO
04/03/2026,17:40:03,53.50801,-60.36805,1256.0,0.0,SKT-4015,,1.0,0.0,GPAO
04/03/2026,17:40:11,53.50057,-60.36329,1220.0,0.0,SKT-4015,,1.0,0.0,GPAO
04/03/2026,17:40:19,53.49308,-60.35852,1175.0,0.0,SKT-4015,,1.0,0.0,GPAO
04/03/2026,17:40:26,53.48652,-60.35447,1138.0,0.0,SKT-4015,,1.0,0.0,GPAO
04/03/2026,17:40:34,53.47905,-60.34996,1089.0,0.0,SKT-4015,,1.0,0.0,GPAO
04/03/2026,17:40:41,53.47257,-60.34611,1056.0,0.0,SKT-4015,,1.0,0.0,GPAO
04/03/2026,17:40:48,53.4662,-60.34234,1024.0,0.0,SKT-4015,,1.0,0.0,GPAO
04/03/2026,17:40:56,53.45903,-60.33815,985.0,0.0,SKT-4015,,1.0,0.0,GPAO
04/03/2026,17:41:03,53.45287,-60.33462,953.0,0.0,SKT-4015,,1.0,0.0,GPAO
04/03/2026,17:41:10,53.44681,-60.33109,915.0,0.0,SKT-4015,,1.0,0.0,GPAO
04/03/2026,17:41:17,53.44081,-60.32754,883.0,0.0,SKT-4015,,1.0,0.0,GPAO
04/03/2026,17:41:24,53.43487,-60.32402,851.0,0.0,SKT-4015,,1.0,0.0,GPAO
04/03/2026,17:41:32,53.42826,-60.31994,817.0,0.0,SKT-4015,,1.0,0.0,GPAO
04/03/2026,17:41:39,53.42258,-60.31636,777.0,0.0,SKT-4015,,1.0,0.0,GPAO
04/03/2026,17:41:46,53.41696,-60.31278,742.0,0.0,SKT-4015,,1.0,0.0,GPAO
04/03/2026,17:41:53,53.41142,-60.30936,714.0,0.0,SKT-4015,,1.0,0.0,GPAO
04/03/2026,17:42:00,53.40597,-60.30597,685.0,0.0,SKT-4015,,1.0,0.0,GPAO
04/03/2026,17:42:07,53.40062,-60.3025,651.0,0.0,SKT-4015,,1.0,0.0,GPAO
04/03/2026,17:42:14,53.3954,-60.29925,642.0,0.0,SKT-4015,,1.0,0.0,GPAO
04/03/2026,17:42:21,53.39027,-60.29609,623.0,0.0,SKT-4015,,1.0,0.0,GPAO
04/03/2026,17:42:28,53.3851,-60.29302,601.0,0.0,SKT-4015,,1.0,0.0,GPAO
04/03/2026,17:42:35,53.37972,-60.29096,567.0,0.0,SKT-4015,,1.0,0.0,GPAO
04/03/2026,17:42:42,53.37436,-60.29182,543.0,0.0,SKT-4015,,1.0,0.0,GPAO
04/03/2026,17:42:49,53.36973,-60.29586,520.0,0.0,SKT-4015,,1.0,0.0,GPAO
04/03/2026,17:42:56,53.36605,-60.30184,496.0,0.0,SKT-4015,,1.0,0.0,GPAO
04/03/2026,17:43:03,53.36285,-60.30847,470.0,0.0,SKT-4015,,1.0,0.0,GPAO
04/03/2026,17:43:11,53.35928,-60.31624,438.0,0.0,SKT-4015,,1.0,0.0,GPAO
04/03/2026,17:43:18,53.35617,-60.32308,409.0,0.0,SKT-4015,,1.0,0.0,GPAO
04/03/2026,17:43:26,53.35269,-60.33093,375.0,0.0,SKT-4015,,1.0,0.0,GPAO
04/03/2026,17:43:33,53.34974,-60.33768,344.0,0.0,SKT-4015,,1.0,0.0,GPAO
04/03/2026,17:43:40,53.34689,-60.34437,314.0,0.0,SKT-4015,,1.0,0.0,GPAO
04/03/2026,17:43:47,53.34423,-60.35087,289.0,0.0,SKT-4015,,1.0,0.0,GPAO
04/03/2026,17:43:55,53.34137,-60.35775,268.0,0.0,SKT-4015,,1.0,0.0,GPAO
04/03/2026,17:44:02,53.33902,-60.36344,238.0,0.0,SKT-4015,,1.0,0.0,GPAO
04/03/2026,17:44:09,53.3367,-60.36888,215.0,0.0,SKT-4015,,1.0,0.0,GPAO
04/03/2026,17:44:16,53.33443,-60.37426,192.0,0.0,SKT-4015,,1.0,0.0,GPAO
04/03/2026,17:44:23,53.33212,-60.37958,168.0,0.0,SKT-4015,,1.0,0.0,GPAO
04/03/2026,17:44:30,53.32981,-60.38488,145.0,0.0,SKT-4015,,1.0,0.0,GPAO
04/03/2026,17:44:37,53.32747,-60.39024,123.0,0.0,SKT-4015,,1.0,0.0,GPAO
04/03/2026,17:44:44,53.32518,-60.39579,97.0,0.0,SKT-4015,,1.0,0.0,GPAO
04/03/2026,17:44:51,53.323,-60.40158,71.0,0.0,SKT-4015,,1.0,0.0,GPAO
04/03/2026,17:44:58,53.32076,-60.40716,49.0,0.0,SKT-4015,,1.0,0.0,GPAO
04/03/2026,17:45:05,53.31863,-60.41241,39.0,0.0,SKT-4015,,1.0,0.0,GPAO
04/03/2026,17:45:12,53.31666,-60.41715,39.0,1.0,SKT-4015,,1.0,0.0,GPAO
04/03/2026,17:45:20,53.31507,-60.42097,39.0,1.0,SKT-4015,,1.0,0.0,GPAO
04/03/2026,17:45:30,53.31372,-60.42426,39.0,1.0,SKT-4015,,1.0,0.0,GPAO
04/03/2026,17:45:38,53.31294,-60.42612,39.0,1.0,SKT-4015,,1.0,0.0,GPAO
04/03/2026,17:45:47,53.3123,-60.42764,38.0,1.0,SKT-4015,,1.0,0.0,GPAO
04/03/2026,17:45:55,53.31176,-60.42806,38.0,1.0,SKT-4015,,1.0,0.0,GPAO
04/03/2026,17:46:03,53.31125,-60.42766,38.0,1.0,SKT-4015,,1.0,0.0,GPAO
04/03/2026,17:46:11,53.31095,-60.42733,38.0,1.0,SKT-4015,,1.0,0.0,GPAO
04/03/2026,17:46:19,53.3106,-60.42692,37.0,1.0,SKT-4015,,1.0,0.0,GPAO
04/03/2026,17:46:27,53.31017,-60.4263,37.0,1.0,SKT-4015,,1.0,0.0,GPAO
04/03/2026,17:46:34,53.30976,-60.42574,37.0,1.0,SKT-4015,,1.0,0.0,GPAO
04/03/2026,17:46:42,53.30931,-60.42536,37.0,1.0,SKT-4015,,1.0,0.0,GPAO
04/03/2026,17:46:50,53.30888,-60.42542,36.0,1.0,SKT-4015,,1.0,0.0,GPAO
04/03/2026,17:46:58,53.30859,-60.42585,36.0,1.0,SKT-4015,,1.0,0.0,GPAO
04/03/2026,17:47:06,53.30838,-60.42638,37.0,1.0,SKT-4015,,1.0,0.0,GPAO
04/03/2026,17:47:14,53.30828,-60.42662,37.0,1.0,SKT-4015,,1.0,0.0,GPAO
04/03/2026,17:47:22,53.30828,-60.42661,37.0,1.0,SKT-4015,,1.0,0.0,GPAO
04/03/2026,17:47:31,53.30827,-60.42661,37.0,1.0,SKT-4015,,1.0,0.0,GPAO
04/03/2026,17:47:39,53.30827,-60.42662,37.0,1.0,SKT-4015,,1.0,0.0,GPAO
04/03/2026,17:47:47,53.30826,-60.42662,37.0,1.0,SKT-4015,,1.0,0.0,GPAO
04/03/2026,17:47:55,53.30826,-60.42661,36.0,1.0,SKT-4015,,1.0,0.0,GPAO
04/03/2026,17:48:03,53.30826,-60.42662,37.0,1.0,SKT-4015,,1.0,0.0,GPAO
04/03/2026,17:48:11,53.30827,-60.42662,37.0,1.0,SKT-4015,,1.0,0.0,GPAO
04/03/2026,17:48:19,53.30827,-60.42663,38.0,1.0,SKT-4015,,1.0,0.0,GPAO
04/03/2026,17:48:27,53.30827,-60.42662,38.0,1.0,SKT-4015,,1.0,0.0,GPAO
04/03/2026,17:48:35,53.30827,-60.42662,37.0,1.0,SKT-4015,,1.0,0.0,GPAO
04/03/2026,17:48:43,53.30827,-60.42662,38.0,1.0,SKT-4015,,1.0,0.0,GPAO
04/03/2026,17:48:51,53.30827,-60.42662,38.0,1.0,SKT-4015,,1.0,0.0,GPAO
04/03/2026,17:48:59,53.30827,-60.42662,37.0,1.0,SKT-4015,,1.0,0.0,GPAO
04/03/2026,17:49:07,53.30827,-60.42662,37.0,1.0,SKT-4015,,1.0,0.0,GPAO
04/03/2026,17:49:15,53.30828,-60.42661,36.0,1.0,SKT-4015,,1.0,0.0,GPAO
04/03/2026,17:49:23,53.30828,-60.42661,36.0,1.0,SKT-4015,,1.0,0.0,GPAO
04/03/2026,17:49:32,53.30828,-60.42661,36.0,1.0,SKT-4015,,1.0,0.0,GPAO
04/03/2026,17:49:40,53.30828,-60.42661,36.0,1.0,SKT-4015,,1.0,0.0,GPAO
04/03/2026,17:49:48,53.30828,-60.42661,37.0,1.0,SKT-4015,,1.0,0.0,GPAO
04/03/2026,17:49:56,53.30828,-60.42661,37.0,1.0,SKT-4015,,1.0,0.0,GPAO
04/03/2026,17:50:04,53.30827,-60.42662,37.0,1.0,SKT-4015,,1.0,0.0,GPAO
04/03/2026,17:50:12,53.30828,-60.42661,37.0,1.0,SKT-4015,,1.0,0.0,GPAO
04/03/2026,17:50:20,53.30828,-60.42661,37.0,1.0,SKT-4015,,1.0,0.0,GPAO
04/03/2026,17:50:28,53.30828,-60.42662,37.0,1.0,SKT-4015,,1.0,0.0,GPAO
04/03/2026,17:50:36,53.30828,-60.42662,37.0,1.0,SKT-4015,,1.0,0.0,GPAO
04/03/2026,17:50:44,53.30828,-60.42662,37.0,1.0,SKT-4015,,1.0,0.0,GPAO
04/03/2026,17:50:53,53.30828,-60.42662,37.0,1.0,SKT-4015,,1.0,0.0,GPAO
04/03/2026,17:51:01,53.30827,-60.42661,37.0,1.0,SKT-4015,,1.0,0.0,GPAO
04/03/2026,17:51:10,53.30827,-60.42662,37.0,1.0,SKT-4015,,1.0,0.0,GPAO
04/03/2026,17:51:18,53.30827,-60.42662,37.0,1.0,SKT-4015,,1.0,0.0,GPAO
04/03/2026,17:51:26,53.30827,-60.42662,37.0,1.0,SKT-4015,,1.0,0.0,GPAO
04/03/2026,17:51:34,53.30827,-60.42662,37.0,1.0,SKT-4015,,1.0,0.0,GPAO
04/03/2026,17:51:42,53.30827,-60.42662,37.0,1.0,SKT-4015,,1.0,0.0,GPAO
04/03/2026,17:51:50,53.30827,-60.42661,37.0,1.0,SKT-4015,,1.0,0.0,GPAO
04/03/2026,17:51:57,53.30827,-60.42661,37.0,1.0,SKT-4015,,1.0,0.0,GPAO
04/03/2026,17:52:04,53.30827,-60.42661,38.0,1.0,SKT-4015,,1.0,0.0,GPAO
04/03/2026,17:52:11,53.30827,-60.42661,38.0,1.0,SKT-4015,,1.0,0.0,GPAO
04/03/2026,17:52:19,53.30827,-60.42662,38.0,1.0,SKT-4015,,1.0,0.0,GPAO
04/03/2026,17:52:26,53.30827,-60.42662,38.0,1.0,SKT-4015,,1.0,0.0,GPAO
04/03/2026,17:52:33,53.30827,-60.42661,37.0,1.0,SKT-4015,,1.0,0.0,GPAO
04/03/2026,17:52:40,53.30827,-60.42662,37.0,1.0,SKT-4015,,1.0,0.0,GPAO
04/03/2026,17:52:47,53.30827,-60.42662,38.0,1.0,SKT-4015,,1.0,0.0,GPAO
04/03/2026,17:52:54,53.30827,-60.42662,38.0,1.0,SKT-4015,,1.0,0.0,GPAO
04/03/2026,17:53:01,53.30827,-60.42662,37.0,1.0,SKT-4015,,1.0,0.0,GPAO
04/03/2026,17:53:08,53.30827,-60.42662,37.0,1.0,SKT-4015,,1.0,0.0,GPAO
04/03/2026,17:53:16,53.30827,-60.42662,37.0,1.0,SKT-4015,,1.0,0.0,GPAO
04/03/2026,17:53:24,53.30827,-60.42662,37.0,1.0,SKT-4015,,1.0,0.0,GPAO
04/03/2026,17:53:31,53.30827,-60.42662,37.0,1.0,SKT-4015,,1.0,0.0,GPAO
04/03/2026,17:53:39,53.30827,-60.42662,37.0,1.0,SKT-4015,,1.0,0.0,GPAO
04/03/2026,17:53:46,53.30827,-60.42662,37.0,1.0,SKT-4015,,1.0,0.0,GPAO
04/03/2026,17:53:53,53.30827,-60.42662,38.0,1.0,SKT-4015,,1.0,0.0,GPAO
04/03/2026,17:54:00,53.30827,-60.42662,38.0,1.0,SKT-4015,,1.0,0.0,GPAO
04/03/2026,17:54:07,53.30827,-60.42661,38.0,1.0,SKT-4015,,1.0,0.0,GPAO
04/03/2026,17:54:14,53.30827,-60.42661,38.0,1.0,SKT-4015,,1.0,0.0,GPAO
04/03/2026,17:54:21,53.30827,-60.42661,38.0,1.0,SKT-4015,,1.0,0.0,GPAO
04/03/2026,17:54:28,53.30827,-60.42661,37.0,1.0,SKT-4015,,1.0,0.0,GPAO
04/03/2026,17:54:35,53.30827,-60.42661,38.0,1.0,SKT-4015,,1.0,0.0,GPAO
04/03/2026,17:54:42,53.30827,-60.4266,38.0,1.0,SKT-4015,,1.0,0.0,GPAO
04/03/2026,17:54:49,53.30827,-60.42661,38.0,1.0,SKT-4015,,1.0,0.0,GPAO
04/03/2026,17:54:56,53.30827,-60.42661,38.0,1.0,SKT-4015,,1.0,0.0,GPAO
04/03/2026,17:55:03,53.30827,-60.42662,38.0,1.0,SKT-4015,,1.0,1.0,GPAO
04/03/2026,17:55:11,53.30827,-60.42662,38.0,1.0,SKT-4015,,1.0,1.0,GPAO
04/03/2026,17:55:20,53.30827,-60.42662,39.0,1.0,SKT-4015,,1.0,1.0,GPAO
04/03/2026,17:55:32,,,,,SKT-4015,,1.0,1.0,GPAO
04/03/2026,17:55:38,53.30826,-60.42662,39.0,1.0,SKT-4015,,1.0,1.0,GPAO
04/03/2026,17:55:46,53.30826,-60.42662,39.0,1.0,SKT-4015,,1.0,1.0,GPAO
04/03/2026,17:55:54,53.30826,-60.42662,39.0,1.0,SKT-4015,,1.0,1.0,GPAO
04/03/2026,17:56:01,53.30826,-60.42662,39.0,1.0,SKT-4015,,1.0,1.0,GPAO
04/03/2026,17:56:10,53.30826,-60.42662,39.0,1.0,SKT-4015,,1.0,1.0,GPAO
04/03/2026,17:56:17,53.30826,-60.42662,40.0,1.0,SKT-4015,,1.0,1.0,GPAO
04/03/2026,17:56:24,53.30826,-60.42663,40.0,1.0,SKT-4015,,1.0,1.0,GPAO
04/03/2026,17:56:31,53.30826,-60.42663,40.0,1.0,SKT-4015,,1.0,1.0,GPAO
04/03/2026,17:56:38,53.30826,-60.42663,40.0,1.0,SKT-4015,,1.0,1.0,GPAO
04/03/2026,17:56:46,53.30826,-60.42663,40.0,1.0,SKT-4015,,1.0,1.0,GPAO
04/03/2026,17:56:53,53.30826,-60.42663,40.0,1.0,SKT-4015,,1.0,1.0,GPAO
04/03/2026,17:57:00,53.30826,-60.42663,40.0,1.0,SKT-4015,,1.0,1.0,GPAO
04/03/2026,17:57:07,53.30826,-60.42662,40.0,1.0,SKT-4015,,1.0,1.0,GPAO
04/03/2026,17:57:15,53.30827,-60.42662,39.0,1.0,SKT-4015,,1.0,1.0,GPAO
04/03/2026,17:57:23,53.30827,-60.42662,39.0,1.0,SKT-4015,,1.0,1.0,GPAO
04/03/2026,17:57:30,53.30827,-60.42662,39.0,1.0,SKT-4015,,1.0,1.0,GPAO
04/03/2026,17:57:38,53.30827,-60.42663,39.0,1.0,SKT-4015,,1.0,1.0,GPAO
04/03/2026,17:57:45,53.30827,-60.42663,39.0,1.0,SKT-4015,,1.0,1.0,GPAO
04/03/2026,17:57:54,53.30827,-60.42663,39.0,1.0,SKT-4015,,1.0,1.0,GPAO
04/03/2026,17:58:02,53.30827,-60.42663,39.0,1.0,SKT-4015,,1.0,1.0,GPAO
04/03/2026,17:58:10,53.30827,-60.42663,39.0,1.0,SKT-4015,,1.0,1.0,GPAO
04/03/2026,17:58:17,53.30827,-60.42663,39.0,1.0,SKT-4015,,1.0,1.0,GPAO
04/03/2026,17:58:24,53.30827,-60.42662,39.0,1.0,SKT-4015,,1.0,1.0,GPAO
04/03/2026,17:58:31,53.30827,-60.42662,38.0,1.0,SKT-4015,,1.0,1.0,GPAO
04/03/2026,17:58:38,53.30827,-60.42662,38.0,1.0,SKT-4015,,1.0,1.0,GPAO
04/03/2026,17:58:46,53.30827,-60.42662,38.0,1.0,SKT-4015,,1.0,1.0,GPAO
04/03/2026,17:58:53,53.30827,-60.42662,38.0,1.0,SKT-4015,,1.0,1.0,GPAO
04/03/2026,17:59:00,53.30827,-60.42662,39.0,1.0,SKT-4015,,1.0,1.0,GPAO
04/03/2026,17:59:07,53.30827,-60.42662,39.0,1.0,SKT-4015,,1.0,1.0,GPAO
04/03/2026,17:59:14,53.30827,-60.42663,39.0,1.0,SKT-4015,,1.0,1.0,GPAO
04/03/2026,17:59:22,53.30827,-60.42663,39.0,1.0,SKT-4015,,1.0,1.0,GPAO
04/03/2026,17:59:30,53.30827,-60.42663,38.0,1.0,SKT-4015,,1.0,1.0,GPAO
04/03/2026,17:59:37,53.30827,-60.42663,38.0,1.0,SKT-4015,,1.0,1.0,GPAO
04/03/2026,17:59:44,53.30827,-60.42663,38.0,1.0,SKT-4015,,1.0,1.0,GPAO
04/03/2026,17:59:51,53.30827,-60.42663,38.0,1.0,SKT-4015,,1.0,1.0,GPAO
04/03/2026,17:59:58,53.30827,-60.42663,38.0,1.0,SKT-4015,,1.0,1.0,GPAO
04/03/2026,18:00:05,53.30827,-60.42663,38.0,1.0,SKT-4015,,1.0,1.0,GPAO
04/03/2026,18:00:13,53.30827,-60.42663,38.0,1.0,SKT-4015,,1.0,1.0,GPAO
04/03/2026,18:00:20,53.30827,-60.42662,38.0,1.0,SKT-4015,,1.0,1.0,GPAO
04/03/2026,18:00:34,53.30827,-60.42662,38.0,1.0,SKT-4015,,1.0,1.0,GPAO
04/03/2026,18:00:41,53.30827,-60.42662,39.0,1.0,SKT-4015,,1.0,1.0,GPAO
04/03/2026,18:00:48,53.30827,-60.42662,39.0,1.0,SKT-4015,,1.0,1.0,GPAO
04/03/2026,18:00:56,53.30827,-60.42662,38.0,1.0,SKT-4015,,1.0,1.0,GPAO
04/03/2026,18:01:03,53.30827,-60.42662,38.0,1.0,SKT-4015,,1.0,1.0,GPAO
04/03/2026,18:01:10,53.30827,-60.42662,38.0,1.0,SKT-4015,,1.0,1.0,GPAO
04/03/2026,18:01:17,53.30827,-60.42662,39.0,1.0,SKT-4015,,1.0,1.0,GPAO
04/03/2026,18:01:25,53.30827,-60.42662,38.0,1.0,SKT-4015,,1.0,1.0,GPAO
04/03/2026,18:01:32,53.30827,-60.42662,38.0,1.0,SKT-4015,,1.0,1.0,GPAO
04/03/2026,18:01:39,53.30827,-60.42662,38.0,1.0,SKT-4015,,1.0,1.0,GPAO
04/03/2026,18:01:46,53.30827,-60.42662,38.0,1.0,SKT-4015,,1.0,1.0,GPAO
04/03/2026,18:01:53,53.30827,-60.42662,38.0,1.0,SKT-4015,,1.0,1.0,GPAO
04/03/2026,18:02:01,53.30827,-60.42662,38.0,1.0,SKT-4015,,1.0,1.0,GPAO
04/03/2026,18:02:09,53.30827,-60.42662,38.0,1.0,SKT-4015,,1.0,1.0,GPAO
04/03/2026,18:02:16,53.30827,-60.42661,38.0,1.0,SKT-4015,,1.0,1.0,GPAO
04/03/2026,18:02:27,,,,,SKT-4015,,1.0,1.0,GPAO
04/03/2026,18:02:33,53.30827,-60.42661,38.0,1.0,SKT-4015,,1.0,1.0,GPAO
04/03/2026,18:02:41,53.30827,-60.42662,38.0,1.0,SKT-4015,,1.0,1.0,GPAO
04/03/2026,18:02:48,53.30827,-60.42662,38.0,1.0,SKT-4015,,1.0,1.0,GPAO
04/03/2026,18:02:55,53.30827,-60.42664,38.0,1.0,SKT-4015,,1.0,1.0,GPAO
04/03/2026,18:03:03,53.30828,-60.42673,39.0,1.0,SKT-4015,,1.0,1.0,GPAO
04/03/2026,18:03:10,53.30833,-60.42676,39.0,1.0,SKT-4015,,1.0,1.0,GPAO
04/03/2026,18:03:17,53.30841,-60.4267,39.0,1.0,SKT-4015,,1.0,1.0,GPAO
04/03/2026,18:03:25,53.30853,-60.42643,39.0,1.0,SKT-4015,,1.0,1.0,GPAO
04/03/2026,18:03:32,53.30868,-60.42611,39.0,1.0,SKT-4015,,1.0,1.0,GPAO
04/03/2026,18:03:39,53.30887,-60.42574,39.0,1.0,SKT-4015,,1.0,1.0,GPAO
04/03/2026,18:03:47,53.30909,-60.42537,40.0,1.0,SKT-4015,,1.0,1.0,GPAO
04/03/2026,18:03:54,53.30936,-60.42539,40.0,1.0,SKT-4015,,1.0,1.0,GPAO
04/03/2026,18:04:01,53.30967,-60.42569,40.0,1.0,SKT-4015,,1.0,1.0,GPAO
04/03/2026,18:04:09,53.30999,-60.42602,41.0,1.0,SKT-4015,,1.0,1.0,GPAO
04/03/2026,18:04:16,53.3103,-60.42629,41.0,1.0,SKT-4015,,1.0,1.0,GPAO
04/03/2026,18:04:24,53.3107,-60.42633,40.0,1.0,SKT-4015,,1.0,1.0,GPAO
04/03/2026,18:04:31,53.311,-60.42597,40.0,1.0,SKT-4015,,1.0,1.0,GPAO
04/03/2026,18:04:38,53.31124,-60.42541,40.0,1.0,SKT-4015,,1.0,1.0,GPAO
04/03/2026,18:04:45,53.31149,-60.42478,40.0,1.0,SKT-4015,,1.0,1.0,GPAO
04/03/2026,18:04:53,53.31179,-60.42407,40.0,1.0,SKT-4015,,1.0,1.0,GPAO
04/03/2026,18:05:00,53.31204,-60.42347,40.0,1.0,SKT-4015,,1.0,1.0,GPAO
04/03/2026,18:05:07,53.3123,-60.42285,40.0,1.0,SKT-4015,,1.0,1.0,GPAO
04/03/2026,18:05:14,53.31258,-60.42216,40.0,1.0,SKT-4015,,1.0,1.0,GPAO
04/03/2026,18:05:21,53.31289,-60.42144,40.0,1.0,SKT-4015,,1.0,1.0,GPAO
04/03/2026,18:05:29,53.31322,-60.42064,41.0,1.0,SKT-4015,,1.0,1.0,GPAO
04/03/2026,18:05:36,53.31348,-60.42,41.0,1.0,SKT-4015,,1.0,1.0,GPAO
04/03/2026,18:05:43,53.31372,-60.41943,41.0,1.0,SKT-4015,,1.0,1.0,GPAO
04/03/2026,18:05:50,53.31393,-60.41892,41.0,1.0,SKT-4015,,1.0,1.0,GPAO
04/03/2026,18:05:57,53.31413,-60.41846,41.0,1.0,SKT-4015,,1.0,1.0,GPAO
04/03/2026,18:06:05,53.31431,-60.41801,41.0,1.0,SKT-4015,,1.0,1.0,GPAO
04/03/2026,18:06:12,53.31445,-60.41768,41.0,1.0,SKT-4015,,1.0,1.0,GPAO
04/03/2026,18:06:19,53.31456,-60.4174,40.0,1.0,SKT-4015,,1.0,1.0,GPAO
04/03/2026,18:06:26,53.31466,-60.41718,41.0,1.0,SKT-4015,,1.0,1.0,GPAO
04/03/2026,18:06:33,53.31471,-60.41706,41.0,1.0,SKT-4015,,1.0,1.0,GPAO
04/03/2026,18:06:41,53.31475,-60.41697,41.0,1.0,SKT-4015,,1.0,1.0,GPAO
04/03/2026,18:06:49,53.31475,-60.41696,40.0,1.0,SKT-4015,,1.0,1.0,GPAO
04/03/2026,18:06:59,,,,,SKT-4015,,1.0,1.0,GPAO
04/03/2026,18:07:07,53.31487,-60.41666,40.0,1.0,SKT-4015,,1.0,1.0,GPAO
04/03/2026,18:07:14,53.31501,-60.41632,40.0,1.0,SKT-4015,,1.0,1.0,GPAO
04/03/2026,18:07:21,53.31516,-60.41605,40.0,1.0,SKT-4015,,1.0,1.0,GPAO
04/03/2026,18:07:29,53.3154,-60.41608,41.0,1.0,SKT-4015,,1.0,1.0,GPAO
04/03/2026,18:07:37,53.31558,-60.41628,41.0,1.0,SKT-4015,,1.0,1.0,GPAO
04/03/2026,18:07:45,53.31571,-60.41642,41.0,1.0,SKT-4015,,1.0,1.0,GPAO
04/03/2026,18:07:52,53.31574,-60.41646,41.0,1.0,SKT-4015,,1.0,1.0,GPAO
04/03/2026,18:07:59,53.31574,-60.41646,40.0,1.0,SKT-4015,,1.0,1.0,GPAO
04/03/2026,18:08:06,53.31574,-60.41646,40.0,1.0,SKT-4015,,1.0,1.0,GPAO
04/03/2026,18:08:14,53.31574,-60.41645,40.0,1.0,SKT-4015,,1.0,1.0,GPAO
04/03/2026,18:08:21,53.31574,-60.41645,40.0,1.0,SKT-4015,,1.0,1.0,GPAO
04/03/2026,18:08:29,53.31574,-60.41645,40.0,1.0,SKT-4015,,1.0,1.0,GPAO
04/03/2026,18:08:36,53.31574,-60.41645,39.0,1.0,SKT-4015,,1.0,1.0,GPAO
04/03/2026,18:08:43,53.31573,-60.41645,39.0,1.0,SKT-4015,,1.0,1.0,GPAO
04/03/2026,18:08:51,53.31573,-60.41645,39.0,1.0,SKT-4015,,1.0,1.0,GPAO
04/03/2026,18:08:58,53.31573,-60.41645,39.0,1.0,SKT-4015,,1.0,1.0,GPAO
04/03/2026,18:09:05,53.31573,-60.41645,40.0,1.0,SKT-4015,,1.0,1.0,GPAO
04/03/2026,18:09:12,53.31573,-60.41645,39.0,1.0,SKT-4015,,1.0,1.0,GPAO
04/03/2026,18:09:20,53.31573,-60.41645,39.0,1.0,SKT-4015,,1.0,1.0,GPAO
04/03/2026,18:09:27,53.31573,-60.41645,39.0,1.0,SKT-4015,,1.0,1.0,GPAO
04/03/2026,18:09:34,53.31573,-60.41645,39.0,1.0,SKT-4015,,1.0,1.0,GPAO
04/03/2026,18:09:41,53.31573,-60.41645,39.0,1.0,SKT-4015,,1.0,1.0,GPAO
04/03/2026,18:09:49,53.31573,-60.41645,39.0,1.0,SKT-4015,,1.0,1.0,GPAO
04/03/2026,18:09:56,53.31573,-60.41645,39.0,1.0,SKT-4015,,1.0,1.0,GPAO
04/03/2026,18:10:03,53.31577,-60.41648,39.0,1.0,SKT-4015,,1.0,1.0,GPAO
04/03/2026,18:10:10,53.31596,-60.41669,40.0,1.0,SKT-4015,,1.0,1.0,GPAO
04/03/2026,18:10:18,53.31625,-60.41702,40.0,1.0,SKT-4015,,1.0,1.0,GPAO
04/03/2026,18:10:25,53.31644,-60.41724,41.0,1.0,SKT-4015,,1.0,1.0,GPAO
04/03/2026,18:10:32,53.31649,-60.41747,41.0,1.0,SKT-4015,,1.0,1.0,GPAO
04/03/2026,18:10:39,53.31644,-60.41765,41.0,1.0,SKT-4015,,1.0,1.0,GPAO
04/03/2026,18:10:46,53.31642,-60.41771,40.0,1.0,SKT-4015,,1.0,1.0,GPAO
04/03/2026,18:10:54,53.31641,-60.41771,40.0,1.0,SKT-4015,,1.0,1.0,GPAO
04/03/2026,18:11:01,53.3164,-60.41774,40.0,1.0,SKT-4015,,1.0,1.0,GPAO
04/03/2026,18:11:08,53.31639,-60.41778,40.0,1.0,SKT-4015,,1.0,1.0,GPAO
04/03/2026,18:11:15,53.31622,-60.41818,40.0,1.0,SKT-4015,,1.0,1.0,GPAO
04/03/2026,18:11:22,53.31544,-60.42005,40.0,1.0,SKT-4015,,1.0,1.0,GPAO
04/03/2026,18:11:30,53.31369,-60.42427,40.0,1.0,SKT-4015,,1.0,1.0,GPAO
04/03/2026,18:11:37,53.31154,-60.42947,41.0,1.0,SKT-4015,,1.0,1.0,GPAO
04/03/2026,18:11:44,53.30898,-60.43564,64.0,0.0,SKT-4015,,1.0,1.0,GPAO
04/03/2026,18:11:51,53.30622,-60.44233,111.0,0.0,SKT-4015,,1.0,1.0,GPAO
04/03/2026,18:11:58,53.30334,-60.44943,173.0,0.0,SKT-4015,,1.0,1.0,GPAO
04/03/2026,18:12:06,53.29994,-60.4579,252.0,0.0,SKT-4015,,1.0,1.0,GPAO
04/03/2026,18:12:16,,,,,SKT-4015,,1.0,0.0,GPAO
04/03/2026,18:12:23,53.29232,-60.47644,452.0,0.0,SKT-4015,,1.0,1.0,GPAO
04/03/2026,18:12:30,53.28897,-60.48418,522.0,0.0,SKT-4015,,1.0,1.0,GPAO
04/03/2026,18:12:37,53.28557,-60.4921,591.0,0.0,SKT-4015,,1.0,1.0,GPAO
04/03/2026,18:12:45,53.28181,-60.50146,680.0,0.0,SKT-4015,,1.0,1.0,GPAO
04/03/2026,18:12:52,53.2779,-60.50899,754.0,0.0,SKT-4015,,1.0,1.0,GPAO
04/03/2026,18:12:59,53.27281,-60.51461,821.0,0.0,SKT-4015,,1.0,1.0,GPAO
04/03/2026,18:13:06,53.26674,-60.51732,896.0,0.0,SKT-4015,,1.0,1.0,GPAO
04/03/2026,18:13:14,53.25939,-60.5172,980.0,0.0,SKT-4015,,1.0,1.0,GPAO
04/03/2026,18:13:22,53.25205,-60.51443,1066.0,0.0,SKT-4015,,1.0,1.0,GPAO
04/03/2026,18:13:29,53.24576,-60.51063,1153.0,0.0,SKT-4015,,1.0,1.0,GPAO
04/03/2026,18:13:36,53.23964,-60.50592,1238.0,0.0,SKT-4015,,1.0,1.0,GPAO
04/03/2026,18:13:43,53.2336,-60.50072,1320.0,0.0,SKT-4015,,1.0,1.0,GPAO
04/03/2026,18:13:51,53.22678,-60.49433,1412.0,0.0,SKT-4015,,1.0,1.0,GPAO
04/03/2026,18:13:58,53.22085,-60.48849,1494.0,0.0,SKT-4015,,1.0,1.0,GPAO
04/03/2026,18:14:06,53.21412,-60.4815,1580.0,0.0,SKT-4015,,1.0,1.0,GPAO
04/03/2026,18:14:13,53.20821,-60.47535,1659.0,0.0,SKT-4015,,1.0,1.0,GPAO
04/03/2026,18:14:22,53.20049,-60.46764,1756.0,0.0,SKT-4015,,1.0,1.0,GPAO
04/03/2026,18:14:30,53.19355,-60.46068,1839.0,0.0,SKT-4015,,1.0,0.0,GPAO
04/03/2026,18:14:37,53.18745,-60.45441,1916.0,0.0,SKT-4015,,1.0,1.0,GPAO
04/03/2026,18:14:44,53.1813,-60.4482,1999.0,0.0,SKT-4015,,1.0,1.0,GPAO
04/03/2026,18:14:51,53.17511,-60.44216,2083.0,0.0,SKT-4015,,1.0,1.0,GPAO
04/03/2026,18:14:59,53.16795,-60.4355,2174.0,0.0,SKT-4015,,1.0,1.0,GPAO
04/03/2026,18:15:06,53.16164,-60.42988,2257.0,0.0,SKT-4015,,1.0,1.0,GPAO
04/03/2026,18:15:13,53.15531,-60.4244,2345.0,0.0,SKT-4015,,1.0,1.0,GPAO
04/03/2026,18:15:21,53.14805,-60.41822,2437.0,0.0,SKT-4015,,1.0,1.0,GPAO
04/03/2026,18:15:29,53.14063,-60.41201,2504.0,0.0,SKT-4015,,1.0,0.0,GPAO
04/03/2026,18:15:36,53.134,-60.40659,2568.0,0.0,SKT-4015,,1.0,1.0,GPAO
04/03/2026,18:15:45,53.12534,-60.39952,2647.0,0.0,SKT-4015,,1.0,0.0,GPAO
04/03/2026,18:15:53,53.11753,-60.39312,2722.0,0.0,SKT-4015,,1.0,0.0,GPAO
04/03/2026,18:16:01,53.10967,-60.38661,2799.0,0.0,SKT-4015,,1.0,0.0,GPAO
04/03/2026,18:16:09,53.10174,-60.38001,2875.0,0.0,SKT-4015,,1.0,0.0,GPAO
04/03/2026,18:16:18,53.09274,-60.37247,2954.0,0.0,SKT-4015,,1.0,0.0,GPAO
04/03/2026,18:16:26,53.08464,-60.36569,3020.0,0.0,SKT-4015,,1.0,0.0,GPAO
04/03/2026,18:16:34,53.07642,-60.35883,3084.0,0.0,SKT-4015,,1.0,0.0,GPAO
04/03/2026,18:16:42,53.06813,-60.3519,3156.0,0.0,SKT-4015,,1.0,0.0,GPAO
04/03/2026,18:16:50,53.05978,-60.34488,3227.0,0.0,SKT-4015,,1.0,0.0,GPAO
04/03/2026,18:16:58,53.05136,-60.3378,3295.0,0.0,SKT-4015,,1.0,0.0,GPAO
04/03/2026,18:17:07,53.04182,-60.32981,3375.0,0.0,SKT-4015,,1.0,0.0,GPAO
04/03/2026,18:17:15,53.03331,-60.32267,3449.0,0.0,SKT-4015,,1.0,0.0,GPAO
04/03/2026,18:17:23,53.02479,-60.31546,3525.0,0.0,SKT-4015,,1.0,0.0,GPAO
04/03/2026,18:17:31,53.01626,-60.30818,3600.0,0.0,SKT-4015,,1.0,0.0,GPAO
04/03/2026,18:17:39,53.00771,-60.3009,3673.0,0.0,SKT-4015,,1.0,0.0,GPAO
04/03/2026,18:17:47,52.99913,-60.29361,3745.0,0.0,SKT-4015,,1.0,0.0,GPAO
04/03/2026,18:17:55,52.99052,-60.28633,3819.0,0.0,SKT-4015,,1.0,0.0,GPAO
04/03/2026,18:18:03,52.98191,-60.27906,3895.0,0.0,SKT-4015,,1.0,0.0,GPAO
04/03/2026,18:18:11,52.97329,-60.27182,3971.0,0.0,SKT-4015,,1.0,0.0,GPAO
04/03/2026,18:18:19,52.96466,-60.26455,4045.0,0.0,SKT-4015,,1.0,0.0,GPAO
04/03/2026,18:18:27,52.95601,-60.2573,4117.0,0.0,SKT-4015,,1.0,0.0,GPAO
04/03/2026,18:18:36,52.94623,-60.24919,4197.0,0.0,SKT-4015,,1.0,0.0,GPAO
04/03/2026,18:18:44,52.9375,-60.24197,4270.0,0.0,SKT-4015,,1.0,0.0,GPAO
04/03/2026,18:18:52,52.92875,-60.23468,4342.0,0.0,SKT-4015,,1.0,0.0,GPAO
04/03/2026,18:19:00,52.91999,-60.22734,4414.0,0.0,SKT-4015,,1.0,0.0,GPAO
04/03/2026,18:19:08,52.9112,-60.21997,4487.0,0.0,SKT-4015,,1.0,0.0,GPAO
04/03/2026,18:19:17,52.90128,-60.21168,4567.0,0.0,SKT-4015,,1.0,0.0,GPAO
04/03/2026,18:19:25,52.89241,-60.20434,4637.0,0.0,SKT-4015,,1.0,0.0,GPAO
04/03/2026,18:19:33,52.88352,-60.19699,4706.0,0.0,SKT-4015,,1.0,0.0,GPAO
04/03/2026,18:19:41,52.87459,-60.18961,4775.0,0.0,SKT-4015,,1.0,0.0,GPAO
04/03/2026,18:19:49,52.86564,-60.18216,4844.0,0.0,SKT-4015,,1.0,0.0,GPAO
04/03/2026,18:19:58,52.85554,-60.17376,4920.0,0.0,SKT-4015,,1.0,1.0,GPAO
04/03/2026,18:20:06,52.84652,-60.16637,4989.0,0.0,SKT-4015,,1.0,0.0,GPAO
04/03/2026,18:20:14,52.83748,-60.15898,5057.0,0.0,SKT-4015,,1.0,0.0,GPAO
04/03/2026,18:20:22,52.82842,-60.15149,5121.0,0.0,SKT-4015,,1.0,0.0,GPAO
04/03/2026,18:20:30,52.81931,-60.14394,5180.0,0.0,SKT-4015,,1.0,0.0,GPAO
04/03/2026,18:20:38,52.81015,-60.13638,5242.0,0.0,SKT-4015,,1.0,0.0,GPAO
04/03/2026,18:20:46,52.80096,-60.12878,5305.0,0.0,SKT-4015,,1.0,0.0,GPAO
04/03/2026,18:20:54,52.79176,-60.12117,5367.0,0.0,SKT-4015,,1.0,0.0,GPAO
04/03/2026,18:21:02,52.78254,-60.11356,5431.0,0.0,SKT-4015,,1.0,0.0,GPAO
04/03/2026,18:21:12,52.77099,-60.10403,5509.0,0.0,SKT-4015,,1.0,1.0,GPAO
04/03/2026,18:21:20,52.76174,-60.09639,5570.0,0.0,SKT-4015,,1.0,0.0,GPAO
04/03/2026,18:21:27,52.75364,-60.08969,5624.0,0.0,SKT-4015,,1.0,1.0,GPAO
04/03/2026,18:21:36,52.74323,-60.08107,5691.0,0.0,SKT-4015,,1.0,0.0,GPAO
04/03/2026,18:21:44,52.73395,-60.07339,5747.0,0.0,SKT-4015,,1.0,0.0,GPAO
04/03/2026,18:21:52,52.72465,-60.06571,5801.0,0.0,SKT-4015,,1.0,0.0,GPAO
04/03/2026,18:22:01,52.71416,-60.05706,5862.0,0.0,SKT-4015,,1.0,1.0,GPAO
04/03/2026,18:22:09,52.7048,-60.04938,5916.0,0.0,SKT-4015,,1.0,0.0,GPAO
04/03/2026,18:22:17,52.69543,-60.04171,5969.0,0.0,SKT-4015,,1.0,0.0,GPAO
04/03/2026,18:22:25,52.68604,-60.03404,6019.0,0.0,SKT-4015,,1.0,0.0,GPAO
04/03/2026,18:22:33,52.67662,-60.02634,6068.0,0.0,SKT-4015,,1.0,0.0,GPAO
04/03/2026,18:22:42,52.66597,-60.01767,6119.0,0.0,SKT-4015,,1.0,0.0,GPAO
04/03/2026,18:22:50,52.65645,-60.00995,6162.0,0.0,SKT-4015,,1.0,0.0,GPAO
04/03/2026,18:22:58,52.64689,-60.00217,6204.0,0.0,SKT-4015,,1.0,0.0,GPAO
04/03/2026,18:23:06,52.63728,-59.99436,6248.0,0.0,SKT-4015,,1.0,0.0,GPAO
04/03/2026,18:23:16,52.62522,-59.98454,6303.0,0.0,SKT-4015,,1.0,0.0,GPAO
04/03/2026,18:23:24,52.61555,-59.97665,6347.0,0.0,SKT-4015,,1.0,0.0,GPAO
04/03/2026,18:23:35,,,,,SKT-4015,,1.0,0.0,GPAO
04/03/2026,18:23:41,52.59486,-59.9598,6434.0,0.0,SKT-4015,,1.0,0.0,GPAO
04/03/2026,18:23:49,52.58506,-59.95181,6474.0,0.0,SKT-4015,,1.0,0.0,GPAO
04/03/2026,18:23:57,52.57522,-59.94379,6516.0,0.0,SKT-4015,,1.0,0.0,GPAO
04/03/2026,18:24:06,52.56413,-59.93476,6566.0,0.0,SKT-4015,,1.0,0.0,GPAO
04/03/2026,18:24:14,52.55426,-59.92672,6610.0,0.0,SKT-4015,,1.0,0.0,GPAO
04/03/2026,18:24:22,52.54437,-59.91865,6650.0,0.0,SKT-4015,,1.0,0.0,GPAO
04/03/2026,18:24:30,52.53444,-59.91056,6688.0,0.0,SKT-4015,,1.0,0.0,GPAO
04/03/2026,18:24:37,52.52573,-59.90348,6720.0,0.0,SKT-4015,,1.0,0.0,GPAO
04/03/2026,18:24:44,52.51699,-59.89635,6755.0,0.0,SKT-4015,,1.0,0.0,GPAO
04/03/2026,18:24:51,52.50823,-59.88919,6789.0,0.0,SKT-4015,,1.0,0.0,GPAO
04/03/2026,18:24:58,52.49945,-59.88202,6821.0,0.0,SKT-4015,,1.0,0.0,GPAO
04/03/2026,18:25:06,52.48938,-59.87382,6857.0,0.0,SKT-4015,,1.0,0.0,GPAO
04/03/2026,18:25:13,52.48055,-59.86664,6888.0,0.0,SKT-4015,,1.0,0.0,GPAO
04/03/2026,18:25:20,52.47169,-59.85945,6920.0,0.0,SKT-4015,,1.0,0.0,GPAO
04/03/2026,18:25:27,52.46281,-59.85224,6951.0,0.0,SKT-4015,,1.0,0.0,GPAO
04/03/2026,18:25:34,52.45387,-59.84499,6965.0,0.0,SKT-4015,,1.0,0.0,GPAO
04/03/2026,18:25:41,52.44482,-59.83764,6971.0,0.0,SKT-4015,,1.0,0.0,GPAO
04/03/2026,18:25:48,52.43568,-59.83018,6976.0,0.0,SKT-4015,,1.0,0.0,GPAO
04/03/2026,18:25:55,52.42645,-59.82265,6980.0,0.0,SKT-4015,,1.0,0.0,GPAO
04/03/2026,18:26:02,52.41712,-59.81505,6985.0,0.0,SKT-4015,,1.0,0.0,GPAO
04/03/2026,18:26:09,52.4077,-59.80741,6988.0,0.0,SKT-4015,,1.0,0.0,GPAO
04/03/2026,18:26:16,52.39819,-59.79971,6992.0,0.0,SKT-4015,,1.0,0.0,GPAO
04/03/2026,18:26:23,52.3886,-59.79192,6995.0,0.0,SKT-4015,,1.0,0.0,GPAO
04/03/2026,18:26:30,52.37893,-59.78405,6996.0,0.0,SKT-4015,,1.0,0.0,GPAO
04/03/2026,18:26:37,52.36917,-59.77611,6997.0,0.0,SKT-4015,,1.0,0.0,GPAO
04/03/2026,18:26:44,52.35935,-59.7681,6998.0,0.0,SKT-4015,,1.0,0.0,GPAO
04/03/2026,18:26:51,52.34946,-59.76001,6999.0,0.0,SKT-4015,,1.0,0.0,GPAO
04/03/2026,18:26:59,52.33807,-59.75069,7001.0,0.0,SKT-4015,,1.0,0.0,GPAO
04/03/2026,18:27:06,52.32802,-59.74246,7002.0,0.0,SKT-4015,,1.0,0.0,GPAO
04/03/2026,18:27:13,52.31792,-59.73415,7002.0,0.0,SKT-4015,,1.0,0.0,GPAO
04/03/2026,18:27:20,52.30774,-59.72581,7003.0,0.0,SKT-4015,,1.0,0.0,GPAO
04/03/2026,18:27:27,52.2975,-59.71745,7004.0,0.0,SKT-4015,,1.0,0.0,GPAO
04/03/2026,18:27:34,52.28721,-59.70905,7005.0,0.0,SKT-4015,,1.0,0.0,GPAO
04/03/2026,18:27:41,52.27686,-59.70059,7006.0,0.0,SKT-4015,,1.0,0.0,GPAO
04/03/2026,18:27:48,52.26645,-59.6921,7006.0,0.0,SKT-4015,,1.0,0.0,GPAO
04/03/2026,18:27:56,52.25449,-59.68241,7007.0,0.0,SKT-4015,,1.0,0.0,GPAO
04/03/2026,18:28:03,52.24397,-59.67392,7009.0,0.0,SKT-4015,,1.0,0.0,GPAO
04/03/2026,18:28:10,52.23341,-59.66541,7011.0,0.0,SKT-4015,,1.0,0.0,GPAO
04/03/2026,18:28:17,52.22282,-59.65687,7011.0,0.0,SKT-4015,,1.0,0.0,GPAO
04/03/2026,18:28:24,52.21217,-59.64828,7010.0,0.0,SKT-4015,,1.0,0.0,GPAO
04/03/2026,18:28:31,52.20149,-59.63967,7012.0,0.0,SKT-4015,,1.0,0.0,GPAO
04/03/2026,18:28:39,52.18924,-59.62983,7014.0,0.0,SKT-4015,,1.0,0.0,GPAO
04/03/2026,18:28:46,52.17849,-59.6212,7016.0,0.0,SKT-4015,,1.0,0.0,GPAO
04/03/2026,18:28:53,52.16772,-59.61256,7018.0,0.0,SKT-4015,,1.0,0.0,GPAO
04/03/2026,18:29:00,52.15692,-59.60389,7019.0,0.0,SKT-4015,,1.0,0.0,GPAO
04/03/2026,18:29:07,52.14609,-59.59519,7019.0,0.0,SKT-4015,,1.0,0.0,GPAO
04/03/2026,18:29:14,52.13524,-59.58646,7020.0,0.0,SKT-4015,,1.0,0.0,GPAO
04/03/2026,18:29:21,52.12437,-59.57773,7021.0,0.0,SKT-4015,,1.0,0.0,GPAO
04/03/2026,18:29:28,52.11347,-59.569,7022.0,0.0,SKT-4015,,1.0,0.0,GPAO
04/03/2026,18:29:35,52.10256,-59.56028,7023.0,0.0,SKT-4015,,1.0,0.0,GPAO
04/03/2026,18:29:43,52.09006,-59.55029,7024.0,0.0,SKT-4015,,1.0,0.0,GPAO
04/03/2026,18:29:50,52.07911,-59.54151,7025.0,0.0,SKT-4015,,1.0,0.0,GPAO
04/03/2026,18:29:57,52.06814,-59.53268,7025.0,0.0,SKT-4015,,1.0,0.0,GPAO
04/03/2026,18:30:04,52.05715,-59.52383,7026.0,0.0,SKT-4015,,1.0,0.0,GPAO
04/03/2026,18:30:11,52.04615,-59.51499,7027.0,0.0,SKT-4015,,1.0,0.0,GPAO
04/03/2026,18:30:19,52.03356,-59.50488,7027.0,0.0,SKT-4015,,1.0,0.0,GPAO
04/03/2026,18:30:26,52.02253,-59.49603,7029.0,0.0,SKT-4015,,1.0,0.0,GPAO
04/03/2026,18:30:33,52.01149,-59.4872,7031.0,0.0,SKT-4015,,1.0,0.0,GPAO
04/03/2026,18:30:40,52.00043,-59.4784,7031.0,0.0,SKT-4015,,1.0,0.0,GPAO
04/03/2026,18:30:47,51.98936,-59.46957,7032.0,0.0,SKT-4015,,1.0,0.0,GPAO
04/03/2026,18:30:54,51.97828,-59.46074,7034.0,0.0,SKT-4015,,1.0,0.0,GPAO
04/03/2026,18:31:01,51.96718,-59.4519,7036.0,0.0,SKT-4015,,1.0,0.0,GPAO
04/03/2026,18:31:08,51.95607,-59.44306,7037.0,0.0,SKT-4015,,1.0,0.0,GPAO
04/03/2026,18:31:19,,,,,SKT-4015,,1.0,0.0,GPAO
04/03/2026,18:31:25,51.92904,-59.42163,7040.0,0.0,SKT-4015,,1.0,0.0,GPAO
04/03/2026,18:31:32,51.91791,-59.41294,7041.0,0.0,SKT-4015,,1.0,0.0,GPAO
04/03/2026,18:31:39,51.9068,-59.40423,7042.0,0.0,SKT-4015,,1.0,0.0,GPAO
04/03/2026,18:31:46,51.89571,-59.39541,7043.0,0.0,SKT-4015,,1.0,0.0,GPAO
04/03/2026,18:31:53,51.88465,-59.38651,7044.0,0.0,SKT-4015,,1.0,0.0,GPAO
04/03/2026,18:32:01,51.87202,-59.37637,7045.0,0.0,SKT-4015,,1.0,0.0,GPAO
04/03/2026,18:32:08,51.86097,-59.36755,7046.0,0.0,SKT-4015,,1.0,0.0,GPAO
04/03/2026,18:32:15,51.84991,-59.3588,7047.0,0.0,SKT-4015,,1.0,0.0,GPAO
04/03/2026,18:32:22,51.83886,-59.35006,7048.0,0.0,SKT-4015,,1.0,0.0,GPAO
04/03/2026,18:32:29,51.82782,-59.34134,7048.0,0.0,SKT-4015,,1.0,0.0,GPAO
04/03/2026,18:32:36,51.81678,-59.33261,7049.0,0.0,SKT-4015,,1.0,0.0,GPAO
04/03/2026,18:32:47,,,,,SKT-4015,,1.0,0.0,GPAO
04/03/2026,18:32:54,51.78839,-59.3102,7049.0,0.0,SKT-4015,,1.0,0.0,GPAO
04/03/2026,18:33:01,51.77735,-59.30147,7049.0,0.0,SKT-4015,,1.0,0.0,GPAO
04/03/2026,18:33:08,51.7663,-59.29275,7050.0,0.0,SKT-4015,,1.0,0.0,GPAO
04/03/2026,18:33:15,51.75527,-59.28406,7052.0,0.0,SKT-4015,,1.0,0.0,GPAO
04/03/2026,18:33:22,51.74424,-59.27537,7054.0,0.0,SKT-4015,,1.0,0.0,GPAO
04/03/2026,18:33:29,51.7332,-59.26669,7055.0,0.0,SKT-4015,,1.0,0.0,GPAO
04/03/2026,18:33:37,51.72059,-59.25678,7057.0,0.0,SKT-4015,,1.0,0.0,GPAO
04/03/2026,18:33:44,51.70956,-59.24811,7058.0,0.0,SKT-4015,,1.0,0.0,GPAO
04/03/2026,18:33:51,51.69852,-59.23945,7058.0,0.0,SKT-4015,,1.0,0.0,GPAO
04/03/2026,18:34:01,51.68273,-59.22733,7059.0,0.0,SKT-4015,,1.0,0.0,GPAO
04/03/2026,18:34:09,51.67007,-59.21791,7061.0,0.0,SKT-4015,,1.0,0.0,GPAO
04/03/2026,18:34:16,51.659,-59.20959,7062.0,0.0,SKT-4015,,1.0,0.0,GPAO
04/03/2026,18:34:23,51.64795,-59.20106,7063.0,0.0,SKT-4015,,1.0,0.0,GPAO
04/03/2026,18:34:30,51.63692,-59.19231,7065.0,0.0,SKT-4015,,1.0,0.0,GPAO
04/03/2026,18:34:37,51.62593,-59.18335,7066.0,0.0,SKT-4015,,1.0,0.0,GPAO
04/03/2026,18:34:45,51.61338,-59.17291,7067.0,0.0,SKT-4015,,1.0,0.0,GPAO
04/03/2026,18:34:52,51.60242,-59.16363,7068.0,0.0,SKT-4015,,1.0,0.0,GPAO
04/03/2026,18:34:59,51.59148,-59.15422,7069.0,0.0,SKT-4015,,1.0,0.0,GPAO
04/03/2026,18:35:06,51.58055,-59.14471,7070.0,0.0,SKT-4015,,1.0,0.0,GPAO
04/03/2026,18:35:13,51.56964,-59.13513,7071.0,0.0,SKT-4015,,1.0,0.0,GPAO
04/03/2026,18:35:20,51.55874,-59.1255,7074.0,0.0,SKT-4015,,1.0,0.0,GPAO
04/03/2026,18:35:27,51.54785,-59.11583,7077.0,0.0,SKT-4015,,1.0,0.0,GPAO
04/03/2026,18:35:34,51.53696,-59.10615,7077.0,0.0,SKT-4015,,1.0,0.0,GPAO
04/03/2026,18:35:42,51.52452,-59.09507,7080.0,0.0,SKT-4015,,1.0,0.0,GPAO
04/03/2026,18:35:49,51.51363,-59.08538,7082.0,0.0,SKT-4015,,1.0,0.0,GPAO
04/03/2026,18:35:56,51.50272,-59.0757,7083.0,0.0,SKT-4015,,1.0,0.0,GPAO
04/03/2026,18:36:03,51.49181,-59.06601,7083.0,0.0,SKT-4015,,1.0,0.0,GPAO
04/03/2026,18:36:10,51.4809,-59.05629,7085.0,0.0,SKT-4015,,1.0,0.0,GPAO
04/03/2026,18:36:17,51.46999,-59.0465,7085.0,0.0,SKT-4015,,1.0,0.0,GPAO
04/03/2026,18:36:25,51.45749,-59.03531,7084.0,0.0,SKT-4015,,1.0,0.0,GPAO
04/03/2026,18:36:32,51.44652,-59.02559,7084.0,0.0,SKT-4015,,1.0,0.0,GPAO
04/03/2026,18:36:40,51.43397,-59.01451,7086.0,0.0,SKT-4015,,1.0,0.0,GPAO
04/03/2026,18:36:48,51.42141,-59.0034,7088.0,0.0,SKT-4015,,1.0,0.0,GPAO
04/03/2026,18:36:55,51.41043,-58.99363,7089.0,0.0,SKT-4015,,1.0,0.0,GPAO
04/03/2026,18:37:02,51.39943,-58.98387,7089.0,0.0,SKT-4015,,1.0,0.0,GPAO
04/03/2026,18:37:10,51.38684,-58.97271,7089.0,0.0,SKT-4015,,1.0,0.0,GPAO
04/03/2026,18:37:17,51.37582,-58.96291,7089.0,0.0,SKT-4015,,1.0,0.0,GPAO
04/03/2026,18:37:24,51.36478,-58.95307,7090.0,0.0,SKT-4015,,1.0,0.0,GPAO
04/03/2026,18:37:31,51.35374,-58.94323,7090.0,0.0,SKT-4015,,1.0,0.0,GPAO
04/03/2026,18:37:38,51.34268,-58.93341,7092.0,0.0,SKT-4015,,1.0,0.0,GPAO
04/03/2026,18:37:45,51.33162,-58.92359,7094.0,0.0,SKT-4015,,1.0,0.0,GPAO
04/03/2026,18:37:52,51.32054,-58.91377,7096.0,0.0,SKT-4015,,1.0,0.0,GPAO
04/03/2026,18:37:59,51.30946,-58.90395,7098.0,0.0,SKT-4015,,1.0,0.0,GPAO
04/03/2026,18:38:06,51.29835,-58.8941,7099.0,0.0,SKT-4015,,1.0,0.0,GPAO
04/03/2026,18:38:13,51.28722,-58.88425,7100.0,0.0,SKT-4015,,1.0,0.0,GPAO
04/03/2026,18:38:20,51.27607,-58.8744,7101.0,0.0,SKT-4015,,1.0,0.0,GPAO
04/03/2026,18:38:28,51.26331,-58.86315,7102.0,0.0,SKT-4015,,1.0,0.0,GPAO
04/03/2026,18:38:36,51.25051,-58.85189,7103.0,0.0,SKT-4015,,1.0,0.0,GPAO
04/03/2026,18:38:44,51.23772,-58.8406,7105.0,0.0,SKT-4015,,1.0,0.0,GPAO
04/03/2026,18:38:51,51.2265,-58.83071,7106.0,0.0,SKT-4015,,1.0,0.0,GPAO
04/03/2026,18:38:58,51.21527,-58.8208,7106.0,0.0,SKT-4015,,1.0,0.0,GPAO
04/03/2026,18:39:05,51.20403,-58.8109,7106.0,0.0,SKT-4015,,1.0,0.0,GPAO
04/03/2026,18:39:12,51.19276,-58.80103,7108.0,0.0,SKT-4015,,1.0,0.0,GPAO
04/03/2026,18:39:20,51.17987,-58.78973,7109.0,0.0,SKT-4015,,1.0,0.0,GPAO
04/03/2026,18:39:27,51.16858,-58.7798,7111.0,0.0,SKT-4015,,1.0,0.0,GPAO
04/03/2026,18:39:34,51.15728,-58.76984,7112.0,0.0,SKT-4015,,1.0,0.0,GPAO
04/03/2026,18:39:41,51.14596,-58.75988,7113.0,0.0,SKT-4015,,1.0,0.0,GPAO
04/03/2026,18:39:48,51.13462,-58.74995,7114.0,0.0,SKT-4015,,1.0,0.0,GPAO
04/03/2026,18:39:55,51.12327,-58.74004,7115.0,0.0,SKT-4015,,1.0,0.0,GPAO
04/03/2026,18:40:02,51.1119,-58.73013,7116.0,0.0,SKT-4015,,1.0,0.0,GPAO
04/03/2026,18:40:09,51.10052,-58.72024,7117.0,0.0,SKT-4015,,1.0,0.0,GPAO
04/03/2026,18:40:16,51.08912,-58.71033,7118.0,0.0,SKT-4015,,1.0,0.0,GPAO
04/03/2026,18:40:24,51.0761,-58.69897,7119.0,0.0,SKT-4015,,1.0,0.0,GPAO
04/03/2026,18:40:31,51.0647,-58.68899,7119.0,0.0,SKT-4015,,1.0,0.0,GPAO
04/03/2026,18:40:38,51.0533,-58.67899,7120.0,0.0,SKT-4015,,1.0,0.0,GPAO
04/03/2026,18:40:45,51.04188,-58.669,7121.0,0.0,SKT-4015,,1.0,0.0,GPAO
04/03/2026,18:40:52,51.03046,-58.659,7123.0,0.0,SKT-4015,,1.0,0.0,GPAO
04/03/2026,18:40:59,51.01904,-58.64896,7124.0,0.0,SKT-4015,,1.0,0.0,GPAO
04/03/2026,18:41:07,51.00597,-58.63749,7125.0,0.0,SKT-4015,,1.0,0.0,GPAO
04/03/2026,18:41:14,50.99453,-58.62748,7127.0,0.0,SKT-4015,,1.0,0.0,GPAO
04/03/2026,18:41:22,50.98145,-58.61604,7129.0,0.0,SKT-4015,,1.0,0.0,GPAO
04/03/2026,18:41:29,50.97,-58.60605,7130.0,0.0,SKT-4015,,1.0,0.0,GPAO
04/03/2026,18:41:36,50.95854,-58.59608,7131.0,0.0,SKT-4015,,1.0,0.0,GPAO
04/03/2026,18:41:45,50.94379,-58.5833,7132.0,0.0,SKT-4015,,1.0,0.0,GPAO
04/03/2026,18:41:52,50.93232,-58.57335,7133.0,0.0,SKT-4015,,1.0,0.0,GPAO
04/03/2026,18:41:59,50.92085,-58.5634,7134.0,0.0,SKT-4015,,1.0,0.0,GPAO
04/03/2026,18:42:06,50.90939,-58.55352,7135.0,0.0,SKT-4015,,1.0,0.0,GPAO
04/03/2026,18:42:13,50.89792,-58.54369,7136.0,0.0,SKT-4015,,1.0,0.0,GPAO
04/03/2026,18:42:20,50.88647,-58.53386,7137.0,0.0,SKT-4015,,1.0,0.0,GPAO
04/03/2026,18:42:27,50.87504,-58.52401,7137.0,0.0,SKT-4015,,1.0,0.0,GPAO
04/03/2026,18:42:34,50.86363,-58.51412,7138.0,0.0,SKT-4015,,1.0,0.0,GPAO
04/03/2026,18:42:43,50.84897,-58.50137,7139.0,0.0,SKT-4015,,1.0,0.0,GPAO
04/03/2026,18:42:50,50.83757,-58.49148,7140.0,0.0,SKT-4015,,1.0,0.0,GPAO
04/03/2026,18:42:57,50.82619,-58.48161,7141.0,0.0,SKT-4015,,1.0,0.0,GPAO
04/03/2026,18:43:04,50.8148,-58.47177,7142.0,0.0,SKT-4015,,1.0,0.0,GPAO
04/03/2026,18:43:11,50.80342,-58.46195,7142.0,0.0,SKT-4015,,1.0,0.0,GPAO
04/03/2026,18:43:18,50.79204,-58.45217,7143.0,0.0,SKT-4015,,1.0,0.0,GPAO
04/03/2026,18:43:25,50.78065,-58.44244,7143.0,0.0,SKT-4015,,1.0,0.0,GPAO
04/03/2026,18:43:32,50.76927,-58.43269,7144.0,0.0,SKT-4015,,1.0,0.0,GPAO
04/03/2026,18:43:39,50.75789,-58.42291,7146.0,0.0,SKT-4015,,1.0,0.0,GPAO
04/03/2026,18:43:47,50.74489,-58.41174,7147.0,0.0,SKT-4015,,1.0,0.0,GPAO
04/03/2026,18:43:54,50.73351,-58.40198,7148.0,0.0,SKT-4015,,1.0,0.0,GPAO
04/03/2026,18:44:01,50.72214,-58.3922,7149.0,0.0,SKT-4015,,1.0,0.0,GPAO
04/03/2026,18:44:08,50.71077,-58.38242,7151.0,0.0,SKT-4015,,1.0,0.0,GPAO
04/03/2026,18:44:15,50.69939,-58.37267,7152.0,0.0,SKT-4015,,1.0,0.0,GPAO
04/03/2026,18:44:22,50.68801,-58.36293,7153.0,0.0,SKT-4015,,1.0,0.0,GPAO
04/03/2026,18:44:29,50.67664,-58.35319,7153.0,0.0,SKT-4015,,1.0,0.0,GPAO
04/03/2026,18:44:36,50.66526,-58.34344,7155.0,0.0,SKT-4015,,1.0,0.0,GPAO
04/03/2026,18:44:44,50.65225,-58.3323,7156.0,0.0,SKT-4015,,1.0,0.0,GPAO
04/03/2026,18:44:51,50.64087,-58.32257,7158.0,0.0,SKT-4015,,1.0,0.0,GPAO
04/03/2026,18:44:58,50.62948,-58.31286,7159.0,0.0,SKT-4015,,1.0,0.0,GPAO
04/03/2026,18:45:05,50.6181,-58.30319,7162.0,0.0,SKT-4015,,1.0,0.0,GPAO
04/03/2026,18:45:12,50.60671,-58.29353,7165.0,0.0,SKT-4015,,1.0,0.0,GPAO
04/03/2026,18:45:19,50.59534,-58.28385,7167.0,0.0,SKT-4015,,1.0,0.0,GPAO
04/03/2026,18:45:26,50.58397,-58.27413,7168.0,0.0,SKT-4015,,1.0,0.0,GPAO
04/03/2026,18:45:33,50.57259,-58.26439,7169.0,0.0,SKT-4015,,1.0,0.0,GPAO
04/03/2026,18:45:40,50.5612,-58.25465,7170.0,0.0,SKT-4015,,1.0,0.0,GPAO
04/03/2026,18:45:47,50.5498,-58.24493,7170.0,0.0,SKT-4015,,1.0,0.0,GPAO
04/03/2026,18:45:54,50.53839,-58.23522,7171.0,0.0,SKT-4015,,1.0,0.0,GPAO
04/03/2026,18:46:02,50.52534,-58.22413,7174.0,0.0,SKT-4015,,1.0,0.0,GPAO
04/03/2026,18:46:09,50.51392,-58.21447,7176.0,0.0,SKT-4015,,1.0,0.0,GPAO
04/03/2026,18:46:16,50.50248,-58.20481,7178.0,0.0,SKT-4015,,1.0,0.0,GPAO
04/03/2026,18:46:23,50.49104,-58.19514,7178.0,0.0,SKT-4015,,1.0,0.0,GPAO
04/03/2026,18:46:30,50.47959,-58.18546,7179.0,0.0,SKT-4015,,1.0,0.0,GPAO
04/03/2026,18:46:37,50.46814,-58.17579,7180.0,0.0,SKT-4015,,1.0,0.0,GPAO
04/03/2026,18:46:44,50.45669,-58.1661,7179.0,0.0,SKT-4015,,1.0,0.0,GPAO
04/03/2026,18:46:51,50.44524,-58.15652,7160.0,0.0,SKT-4015,,1.0,0.0,GPAO
04/03/2026,18:46:59,50.43212,-58.14586,7117.0,0.0,SKT-4015,,1.0,0.0,GPAO
04/03/2026,18:47:06,50.4206,-58.13657,7055.0,0.0,SKT-4015,,1.0,0.0,GPAO
04/03/2026,18:47:13,50.40903,-58.12738,6992.0,0.0,SKT-4015,,1.0,0.0,GPAO
04/03/2026,18:47:20,50.39747,-58.11829,6934.0,0.0,SKT-4015,,1.0,0.0,GPAO
04/03/2026,18:47:27,50.38598,-58.10897,6873.0,0.0,SKT-4015,,1.0,0.0,GPAO
04/03/2026,18:47:34,50.37461,-58.09905,6808.0,0.0,SKT-4015,,1.0,0.0,GPAO
04/03/2026,18:47:41,50.3633,-58.0891,6744.0,0.0,SKT-4015,,1.0,0.0,GPAO
04/03/2026,18:47:48,50.35204,-58.07933,6680.0,0.0,SKT-4015,,1.0,0.0,GPAO
04/03/2026,18:47:56,50.33923,-58.06834,6608.0,0.0,SKT-4015,,1.0,0.0,GPAO
04/03/2026,18:48:03,50.3281,-58.05884,6544.0,0.0,SKT-4015,,1.0,0.0,GPAO
04/03/2026,18:48:10,50.31702,-58.04943,6480.0,0.0,SKT-4015,,1.0,0.0,GPAO
04/03/2026,18:48:17,50.306,-58.04004,6417.0,0.0,SKT-4015,,1.0,0.0,GPAO
04/03/2026,18:48:24,50.295,-58.03072,6355.0,0.0,SKT-4015,,1.0,0.0,GPAO
04/03/2026,18:48:31,50.28405,-58.02149,6293.0,0.0,SKT-4015,,1.0,0.0,GPAO
04/03/2026,18:48:38,50.27312,-58.01235,6231.0,0.0,SKT-4015,,1.0,0.0,GPAO
04/03/2026,18:48:45,50.26221,-58.00329,6169.0,0.0,SKT-4015,,1.0,0.0,GPAO
04/03/2026,18:48:53,50.2498,-57.99298,6101.0,0.0,SKT-4015,,1.0,0.0,GPAO
04/03/2026,18:49:01,50.23742,-57.98263,6032.0,0.0,SKT-4015,,1.0,0.0,GPAO
04/03/2026,18:49:08,50.22663,-57.97351,5972.0,0.0,SKT-4015,,1.0,0.0,GPAO
04/03/2026,18:49:16,50.21431,-57.96312,5904.0,0.0,SKT-4015,,1.0,0.0,GPAO
04/03/2026,18:49:23,50.20355,-57.95409,5843.0,0.0,SKT-4015,,1.0,0.0,GPAO
04/03/2026,18:49:30,50.1928,-57.94511,5781.0,0.0,SKT-4015,,1.0,0.0,GPAO
04/03/2026,18:49:37,50.18207,-57.93616,5722.0,0.0,SKT-4015,,1.0,0.0,GPAO
04/03/2026,18:49:44,50.17138,-57.92725,5661.0,0.0,SKT-4015,,1.0,0.0,GPAO
04/03/2026,18:49:51,50.16071,-57.91835,5601.0,0.0,SKT-4015,,1.0,0.0,GPAO
04/03/2026,18:49:59,50.14856,-57.90823,5532.0,0.0,SKT-4015,,1.0,0.0,GPAO
04/03/2026,18:50:06,50.13797,-57.89938,5471.0,0.0,SKT-4015,,1.0,0.0,GPAO
04/03/2026,18:50:13,50.12742,-57.89051,5412.0,0.0,SKT-4015,,1.0,0.0,GPAO
04/03/2026,18:50:21,50.11544,-57.8804,5349.0,0.0,SKT-4015,,1.0,0.0,GPAO
04/03/2026,18:50:28,50.10503,-57.87165,5304.0,0.0,SKT-4015,,1.0,0.0,GPAO
04/03/2026,18:50:35,50.09472,-57.86298,5256.0,0.0,SKT-4015,,1.0,0.0,GPAO
04/03/2026,18:50:42,50.08447,-57.85438,5207.0,0.0,SKT-4015,,1.0,0.0,GPAO
04/03/2026,18:50:49,50.07431,-57.84583,5155.0,0.0,SKT-4015,,1.0,0.0,GPAO
04/03/2026,18:50:57,50.06277,-57.83613,5094.0,0.0,SKT-4015,,1.0,0.0,GPAO
04/03/2026,18:51:04,50.05274,-57.82774,5038.0,0.0,SKT-4015,,1.0,0.0,GPAO
04/03/2026,18:51:11,50.04276,-57.81943,4982.0,0.0,SKT-4015,,1.0,0.0,GPAO
04/03/2026,18:51:19,50.03143,-57.80998,4921.0,0.0,SKT-4015,,1.0,0.0,GPAO
04/03/2026,18:51:26,50.02156,-57.80174,4866.0,0.0,SKT-4015,,1.0,0.0,GPAO
04/03/2026,18:51:34,50.01035,-57.79236,4802.0,0.0,SKT-4015,,1.0,0.0,GPAO
04/03/2026,18:51:42,49.99916,-57.78304,4739.0,0.0,SKT-4015,,1.0,0.0,GPAO
04/03/2026,18:51:49,49.98939,-57.77497,4686.0,0.0,SKT-4015,,1.0,0.0,GPAO
04/03/2026,18:51:56,49.97963,-57.76703,4634.0,0.0,SKT-4015,,1.0,0.0,GPAO
04/03/2026,18:52:04,49.96849,-57.75806,4575.0,0.0,SKT-4015,,1.0,0.0,GPAO
04/03/2026,18:52:11,49.95881,-57.75013,4520.0,0.0,SKT-4015,,1.0,0.0,GPAO
04/03/2026,18:52:18,49.94915,-57.74212,4465.0,0.0,SKT-4015,,1.0,0.0,GPAO
04/03/2026,18:52:25,49.93951,-57.73406,4410.0,0.0,SKT-4015,,1.0,0.0,GPAO
04/03/2026,18:52:32,49.92988,-57.72606,4355.0,0.0,SKT-4015,,1.0,0.0,GPAO
04/03/2026,18:52:39,49.92023,-57.71812,4302.0,0.0,SKT-4015,,1.0,0.0,GPAO
04/03/2026,18:52:47,49.90923,-57.70909,4242.0,0.0,SKT-4015,,1.0,0.0,GPAO
04/03/2026,18:52:54,49.8996,-57.70118,4188.0,0.0,SKT-4015,,1.0,0.0,GPAO
04/03/2026,18:53:01,49.89,-57.69324,4134.0,0.0,SKT-4015,,1.0,0.0,GPAO
04/03/2026,18:53:08,49.8804,-57.68529,4081.0,0.0,SKT-4015,,1.0,0.0,GPAO
04/03/2026,18:53:15,49.87081,-57.67734,4028.0,0.0,SKT-4015,,1.0,0.0,GPAO
04/03/2026,18:53:22,49.86123,-57.66937,3974.0,0.0,SKT-4015,,1.0,0.0,GPAO
04/03/2026,18:53:30,49.8503,-57.66029,3914.0,0.0,SKT-4015,,1.0,0.0,GPAO
04/03/2026,18:53:37,49.84074,-57.65237,3861.0,0.0,SKT-4015,,1.0,0.0,GPAO
04/03/2026,18:53:44,49.8312,-57.64445,3808.0,0.0,SKT-4015,,1.0,0.0,GPAO
04/03/2026,18:53:51,49.82167,-57.63655,3754.0,0.0,SKT-4015,,1.0,0.0,GPAO
04/03/2026,18:53:58,49.81213,-57.62877,3699.0,0.0,SKT-4015,,1.0,0.0,GPAO
04/03/2026,18:54:06,49.80118,-57.62024,3638.0,0.0,SKT-4015,,1.0,0.0,GPAO
04/03/2026,18:54:13,49.79161,-57.61273,3584.0,0.0,SKT-4015,,1.0,0.0,GPAO
04/03/2026,18:54:20,49.78206,-57.60508,3531.0,0.0,SKT-4015,,1.0,0.0,GPAO
04/03/2026,18:54:27,49.77254,-57.59735,3478.0,0.0,SKT-4015,,1.0,0.0,GPAO
04/03/2026,18:54:35,49.76168,-57.58849,3418.0,0.0,SKT-4015,,1.0,0.0,GPAO
04/03/2026,18:54:42,49.7522,-57.58075,3365.0,0.0,SKT-4015,,1.0,0.0,GPAO
04/03/2026,18:54:49,49.74277,-57.57308,3311.0,0.0,SKT-4015,,1.0,0.0,GPAO
04/03/2026,18:54:56,49.73339,-57.56551,3259.0,0.0,SKT-4015,,1.0,0.0,GPAO
04/03/2026,18:55:03,49.72409,-57.55801,3205.0,0.0,SKT-4015,,1.0,0.0,GPAO
04/03/2026,18:55:10,49.71487,-57.55053,3152.0,0.0,SKT-4015,,1.0,0.0,GPAO
04/03/2026,18:55:17,49.70573,-57.54305,3101.0,0.0,SKT-4015,,1.0,0.0,GPAO
04/03/2026,18:55:24,49.69668,-57.53561,3050.0,0.0,SKT-4015,,1.0,0.0,GPAO
04/03/2026,18:55:31,49.68769,-57.52821,2999.0,0.0,SKT-4015,,1.0,0.0,GPAO
04/03/2026,18:55:39,49.67746,-57.51982,2941.0,0.0,SKT-4015,,1.0,0.0,GPAO
04/03/2026,18:55:46,49.66858,-57.51239,2891.0,0.0,SKT-4015,,1.0,0.0,GPAO
04/03/2026,18:55:54,49.65855,-57.50407,2832.0,0.0,SKT-4015,,1.0,0.0,GPAO
04/03/2026,18:56:01,49.64991,-57.49685,2783.0,0.0,SKT-4015,,1.0,0.0,GPAO
04/03/2026,18:56:08,49.64143,-57.48953,2734.0,0.0,SKT-4015,,1.0,0.0,GPAO
04/03/2026,18:56:15,49.63304,-57.48233,2682.0,0.0,SKT-4015,,1.0,0.0,GPAO
04/03/2026,18:56:22,49.62473,-57.47533,2633.0,0.0,SKT-4015,,1.0,0.0,GPAO
04/03/2026,18:56:29,49.61651,-57.46836,2591.0,0.0,SKT-4015,,1.0,0.0,GPAO
04/03/2026,18:56:36,49.60836,-57.46145,2548.0,0.0,SKT-4015,,1.0,0.0,GPAO
04/03/2026,18:56:43,49.60023,-57.45464,2501.0,0.0,SKT-4015,,1.0,0.0,GPAO
04/03/2026,18:56:51,49.59091,-57.44717,2445.0,0.0,SKT-4015,,1.0,1.0,GPAO
04/03/2026,18:57:00,49.58039,-57.43926,2389.0,0.0,SKT-4015,,1.0,0.0,GPAO
04/03/2026,18:57:08,49.57115,-57.43214,2341.0,0.0,SKT-4015,,1.0,0.0,GPAO
04/03/2026,18:57:16,49.56201,-57.42488,2290.0,0.0,SKT-4015,,1.0,1.0,GPAO
04/03/2026,18:57:24,49.55293,-57.41764,2238.0,0.0,SKT-4015,,1.0,1.0,GPAO
04/03/2026,18:57:32,49.54393,-57.41056,2187.0,0.0,SKT-4015,,1.0,0.0,GPAO
04/03/2026,18:57:40,49.53507,-57.40365,2136.0,0.0,SKT-4015,,1.0,0.0,GPAO
04/03/2026,18:57:48,49.52638,-57.39677,2090.0,0.0,SKT-4015,,1.0,1.0,GPAO
04/03/2026,18:57:56,49.51787,-57.38996,2046.0,0.0,SKT-4015,,1.0,0.0,GPAO
04/03/2026,18:58:04,49.50954,-57.38322,2000.0,0.0,SKT-4015,,1.0,0.0,GPAO
04/03/2026,18:58:12,49.50137,-57.37662,1954.0,0.0,SKT-4015,,1.0,1.0,GPAO
04/03/2026,18:58:20,49.49332,-57.37015,1906.0,0.0,SKT-4015,,1.0,0.0,GPAO
04/03/2026,18:58:28,49.48535,-57.3637,1860.0,0.0,SKT-4015,,1.0,0.0,GPAO
04/03/2026,18:58:37,49.47651,-57.35653,1811.0,0.0,SKT-4015,,1.0,0.0,GPAO
04/03/2026,18:58:45,49.46878,-57.3503,1770.0,0.0,SKT-4015,,1.0,0.0,GPAO
04/03/2026,18:58:53,49.46115,-57.34418,1728.0,0.0,SKT-4015,,1.0,0.0,GPAO
04/03/2026,18:59:01,49.45361,-57.3382,1687.0,0.0,SKT-4015,,1.0,0.0,GPAO
04/03/2026,18:59:09,49.44618,-57.33229,1645.0,0.0,SKT-4015,,1.0,0.0,GPAO
04/03/2026,18:59:18,49.43791,-57.32568,1598.0,0.0,SKT-4015,,1.0,0.0,GPAO
04/03/2026,18:59:26,49.43058,-57.31979,1558.0,0.0,SKT-4015,,1.0,0.0,GPAO
04/03/2026,18:59:34,49.42332,-57.31384,1518.0,0.0,SKT-4015,,1.0,0.0,GPAO
04/03/2026,18:59:42,49.41609,-57.30796,1478.0,0.0,SKT-4015,,1.0,0.0,GPAO
04/03/2026,18:59:50,49.40888,-57.30207,1441.0,0.0,SKT-4015,,1.0,0.0,GPAO
04/03/2026,18:59:59,49.40072,-57.2954,1398.0,0.0,SKT-4015,,1.0,0.0,GPAO
04/03/2026,19:00:07,49.39343,-57.28931,1357.0,0.0,SKT-4015,,1.0,0.0,GPAO
04/03/2026,19:00:15,49.38637,-57.2822,1317.0,0.0,SKT-4015,,1.0,0.0,GPAO
04/03/2026,19:00:23,49.37966,-57.27406,1276.0,0.0,SKT-4015,,1.0,0.0,GPAO
04/03/2026,19:00:31,49.37332,-57.26553,1230.0,0.0,SKT-4015,,1.0,0.0,GPAO
04/03/2026,19:00:39,49.36727,-57.25691,1188.0,0.0,SKT-4015,,1.0,1.0,GPAO
04/03/2026,19:00:46,49.36219,-57.24937,1155.0,0.0,SKT-4015,,1.0,1.0,GPAO
04/03/2026,19:01:01,49.35184,-57.23366,1085.0,0.0,SKT-4015,,1.0,1.0,GPAO
04/03/2026,19:01:08,49.34722,-57.22662,1053.0,0.0,SKT-4015,,1.0,1.0,GPAO
04/03/2026,19:01:15,49.3425,-57.2203,1017.0,0.0,SKT-4015,,1.0,1.0,GPAO
04/03/2026,19:01:23,49.33638,-57.21609,981.0,0.0,SKT-4015,,1.0,1.0,GPAO
04/03/2026,19:01:31,49.33018,-57.21616,949.0,0.0,SKT-4015,,1.0,1.0,GPAO
04/03/2026,19:01:41,49.3233,-57.22053,899.0,0.0,SKT-4015,,1.0,1.0,GPAO
04/03/2026,19:01:49,49.31833,-57.22545,865.0,0.0,SKT-4015,,1.0,0.0,GPAO
04/03/2026,19:01:57,49.31352,-57.23095,830.0,0.0,SKT-4015,,1.0,0.0,GPAO
04/03/2026,19:02:06,49.30829,-57.23772,794.0,0.0,SKT-4015,,1.0,0.0,GPAO
04/03/2026,19:02:14,49.30377,-57.24414,760.0,0.0,SKT-4015,,1.0,0.0,GPAO
04/03/2026,19:02:22,49.29935,-57.25086,725.0,0.0,SKT-4015,,1.0,0.0,GPAO
04/03/2026,19:02:31,49.29438,-57.25851,687.0,0.0,SKT-4015,,1.0,1.0,GPAO
04/03/2026,19:02:39,49.28996,-57.26528,651.0,0.0,SKT-4015,,1.0,0.0,GPAO
04/03/2026,19:02:47,49.28567,-57.27202,610.0,0.0,SKT-4015,,1.0,0.0,GPAO
04/03/2026,19:02:56,49.28093,-57.2796,573.0,0.0,SKT-4015,,1.0,0.0,GPAO
04/03/2026,19:03:04,49.27671,-57.28618,539.0,0.0,SKT-4015,,1.0,1.0,GPAO
04/03/2026,19:03:12,49.27269,-57.29272,506.0,0.0,SKT-4015,,1.0,0.0,GPAO
04/03/2026,19:03:20,49.26881,-57.29903,482.0,0.0,SKT-4015,,1.0,0.0,GPAO
04/03/2026,19:03:28,49.26502,-57.30514,458.0,0.0,SKT-4015,,1.0,0.0,GPAO
04/03/2026,19:03:36,49.26138,-57.31097,438.0,0.0,SKT-4015,,1.0,1.0,GPAO
04/03/2026,19:03:43,49.25827,-57.31586,414.0,0.0,SKT-4015,,1.0,1.0,GPAO
04/03/2026,19:03:50,49.25523,-57.32064,385.0,0.0,SKT-4015,,1.0,1.0,GPAO
04/03/2026,19:03:57,49.25225,-57.32535,360.0,0.0,SKT-4015,,1.0,1.0,GPAO
04/03/2026,19:04:05,49.24894,-57.3306,330.0,0.0,SKT-4015,,1.0,1.0,GPAO
04/03/2026,19:04:15,49.24489,-57.337,295.0,0.0,SKT-4015,,1.0,1.0,GPAO
04/03/2026,19:04:23,49.24157,-57.34224,267.0,0.0,SKT-4015,,1.0,0.0,GPAO
04/03/2026,19:04:31,49.23821,-57.34756,237.0,0.0,SKT-4015,,1.0,0.0,GPAO
04/03/2026,19:04:39,49.2349,-57.35283,208.0,0.0,SKT-4015,,1.0,0.0,GPAO
04/03/2026,19:04:50,49.2304,-57.36012,166.0,0.0,SKT-4015,,1.0,1.0,GPAO
04/03/2026,19:04:57,49.22752,-57.36478,139.0,0.0,SKT-4015,,1.0,1.0,GPAO
04/03/2026,19:05:05,49.22418,-57.37012,107.0,0.0,SKT-4015,,1.0,1.0,GPAO
04/03/2026,19:05:14,49.22045,-57.37609,75.0,0.0,SKT-4015,,1.0,1.0,GPAO
04/03/2026,19:05:21,49.21763,-57.38075,52.0,0.0,SKT-4015,,1.0,1.0,GPAO
04/03/2026,19:05:29,49.21444,-57.38593,31.0,0.0,SKT-4015,,1.0,1.0,GPAO
04/03/2026,19:05:37,49.21128,-57.39101,25.0,1.0,SKT-4015,,1.0,1.0,GPAO
04/03/2026,19:05:44,49.20913,-57.39447,24.0,1.0,SKT-4015,,1.0,1.0,GPAO
04/03/2026,19:05:55,,,,,SKT-4015,,1.0,1.0,GPAO
04/03/2026,19:06:05,,,,,SKT-4015,,1.0,0.0,GPAO
04/03/2026,19:06:15,,,,,SKT-4015,,1.0,0.0,GPAO
04/03/2026,19:06:23,,,,,SKT-4015,,1.0,0.0,GPAO
04/03/2026,19:06:31,,,,,SKT-4015,,1.0,0.0,GPAO
04/03/2026,19:06:39,,,,,SKT-4015,,1.0,0.0,GPAO
04/03/2026,19:06:47,,,,,SKT-4015,,1.0,0.0,GPAO
04/03/2026,19:06:55,,,,,SKT-4015,,1.0,0.0,GPAO
04/03/2026,19:07:05,,,,,SKT-4015,,1.0,0.0,GPAO
04/03/2026,19:07:15,,,,,SKT-4015,,1.0,0.0,GPAO
04/03/2026,19:07:24,,,,,SKT-4015,,1.0,0.0,GPAO
04/03/2026,19:07:33,,,,,SKT-4015,,1.0,0.0,GPAO
04/03/2026,19:07:43,,,,,SKT-4015,,1.0,0.0,GPAO
04/03/2026,19:07:52,,,,,SKT-4015,,1.0,0.0,GPAO
04/03/2026,19:08:01,,,,,SKT-4015,,1.0,0.0,GPAO
04/03/2026,19:08:10,,,,,SKT-4015,,1.0,0.0,GPAO
04/03/2026,19:08:19,,,,,SKT-4015,,1.0,0.0,GPAO
04/03/2026,19:08:29,,,,,SKT-4015,,1.0,0.0,GPAO
04/03/2026,19:08:38,,,,,SKT-4015,,1.0,0.0,GPAO
04/03/2026,19:08:47,,,,,SKT-4015,,1.0,0.0,GPAO
04/03/2026,19:08:56,,,,,SKT-4015,,1.0,0.0,GPAO
04/03/2026,19:09:05,,,,,SKT-4015,,1.0,0.0,GPAO
04/03/2026,19:09:15,,,,,SKT-4015,,1.0,0.0,GPAO
04/03/2026,19:09:24,,,,,SKT-4015,,1.0,0.0,GPAO
04/03/2026,19:09:33,,,,,SKT-4015,,1.0,0.0,GPAO
04/03/2026,19:09:42,,,,,SKT-4015,,1.0,0.0,GPAO
04/03/2026,19:09:52,,,,,SKT-4015,,1.0,0.0,GPAO
04/03/2026,19:10:01,,,,,SKT-4015,,1.0,0.0,GPAO
04/03/2026,19:10:10,,,,,SKT-4015,,1.0,0.0,GPAO
04/03/2026,19:10:19,,,,,SKT-4015,,1.0,0.0,GPAO
04/03/2026,19:10:28,,,,,SKT-4015,,1.0,0.0,GPAO
04/03/2026,19:10:38,,,,,SKT-4015,,1.0,0.0,GPAO
04/03/2026,19:10:47,,,,,SKT-4015,,1.0,0.0,GPAO
04/03/2026,19:10:56,,,,,SKT-4015,,1.0,0.0,GPAO
04/03/2026,19:11:05,,,,,SKT-4015,,1.0,0.0,GPAO
04/03/2026,19:11:15,,,,,SKT-4015,,1.0,0.0,GPAO
04/03/2026,19:11:24,,,,,SKT-4015,,1.0,0.0,GPAO
04/03/2026,19:11:33,,,,,SKT-4015,,1.0,0.0,GPAO
04/03/2026,19:11:42,,,,,SKT-4015,,1.0,0.0,GPAO
04/03/2026,19:11:51,,,,,SKT-4015,,1.0,0.0,GPAO
04/03/2026,19:12:01,,,,,SKT-4015,,1.0,0.0,GPAO
04/03/2026,19:12:10,,,,,SKT-4015,,1.0,0.0,GPAO
04/03/2026,19:12:19,,,,,SKT-4015,,1.0,0.0,GPAO
04/03/2026,19:12:28,,,,,SKT-4015,,1.0,0.0,GPAO
04/03/2026,19:12:37,,,,,SKT-4015,,1.0,0.0,GPAO
04/03/2026,19:12:44,49.21023,-57.39756,24.0,1.0,SKT-4015,,1.0,1.0,GPAO
04/03/2026,19:12:52,49.21022,-57.39756,23.0,1.0,SKT-4015,,1.0,1.0,GPAO
04/03/2026,19:13:00,49.21022,-57.39754,22.0,1.0,SKT-4015,,1.0,1.0,GPAO
04/03/2026,19:13:07,49.21021,-57.39753,21.0,1.0,SKT-4015,,1.0,1.0,GPAO
04/03/2026,19:13:15,49.21021,-57.39753,20.0,1.0,SKT-4015,,1.0,1.0,GPAO
04/03/2026,19:13:22,49.21021,-57.39753,20.0,1.0,SKT-4015,,1.0,1.0,GPAO
04/03/2026,19:13:29,49.21021,-57.39753,21.0,1.0,SKT-4015,,1.0,1.0,GPAO
04/03/2026,19:13:36,49.21022,-57.39753,21.0,1.0,SKT-4015,,1.0,1.0,GPAO
04/03/2026,19:13:47,,,,,SKT-4015,,1.0,1.0,GPAO
04/03/2026,19:13:54,49.21022,-57.39754,20.0,1.0,SKT-4015,,1.0,0.0,GPAO
04/03/2026,19:14:02,49.21022,-57.39754,20.0,1.0,SKT-4015,,1.0,1.0,GPAO
04/03/2026,19:14:10,49.21022,-57.39754,21.0,1.0,SKT-4015,,1.0,1.0,GPAO
04/03/2026,19:14:17,49.21023,-57.39754,21.0,1.0,SKT-4015,,1.0,1.0,GPAO
04/03/2026,19:14:25,49.21023,-57.39754,22.0,1.0,SKT-4015,,1.0,1.0,GPAO
04/03/2026,19:14:34,49.21024,-57.39754,22.0,1.0,SKT-4015,,1.0,1.0,GPAO
04/03/2026,19:14:42,49.21024,-57.39754,23.0,1.0,SKT-4015,,1.0,1.0,GPAO
04/03/2026,19:14:49,49.21024,-57.39754,22.0,1.0,SKT-4015,,1.0,1.0,GPAO
04/03/2026,19:14:57,49.21024,-57.39753,22.0,1.0,SKT-4015,,1.0,1.0,GPAO
04/03/2026,19:15:04,49.21024,-57.39753,23.0,1.0,SKT-4015,,1.0,1.0,GPAO
04/03/2026,19:15:12,49.21023,-57.39753,23.0,1.0,SKT-4015,,1.0,1.0,GPAO
04/03/2026,19:15:19,49.21022,-57.39753,22.0,1.0,SKT-4015,,1.0,1.0,GPAO
04/03/2026,19:15:26,49.21022,-57.39753,22.0,1.0,SKT-4015,,1.0,1.0,GPAO
04/03/2026,19:15:33,49.21022,-57.39753,23.0,1.0,SKT-4015,,1.0,1.0,GPAO
04/03/2026,19:15:40,49.21022,-57.39753,23.0,1.0,SKT-4015,,1.0,1.0,GPAO
04/03/2026,19:15:48,49.21022,-57.39753,23.0,1.0,SKT-4015,,1.0,1.0,GPAO
04/03/2026,19:15:55,49.21022,-57.39753,24.0,1.0,SKT-4015,,1.0,1.0,GPAO
04/03/2026,19:16:02,49.21023,-57.39753,24.0,1.0,SKT-4015,,1.0,1.0,GPAO
04/03/2026,19:16:09,49.21023,-57.39753,24.0,1.0,SKT-4015,,1.0,1.0,GPAO
04/03/2026,19:16:16,49.21023,-57.39752,25.0,1.0,SKT-4015,,1.0,1.0,GPAO
04/03/2026,19:16:23,49.21023,-57.39752,25.0,1.0,SKT-4015,,1.0,1.0,GPAO
04/03/2026,19:16:31,49.21023,-57.39752,24.0,1.0,SKT-4015,,1.0,1.0,GPAO
04/03/2026,19:16:38,49.21023,-57.39752,24.0,1.0,SKT-4015,,1.0,1.0,GPAO
04/03/2026,19:16:45,49.21023,-57.39752,24.0,1.0,SKT-4015,,1.0,1.0,GPAO
04/03/2026,19:16:52,49.21023,-57.39753,24.0,1.0,SKT-4015,,1.0,1.0,GPAO
04/03/2026,19:17:00,49.21023,-57.39753,24.0,1.0,SKT-4015,,1.0,1.0,GPAO
04/03/2026,19:17:07,49.21023,-57.39753,24.0,1.0,SKT-4015,,1.0,1.0,GPAO
04/03/2026,19:17:14,49.21023,-57.39753,24.0,1.0,SKT-4015,,1.0,1.0,GPAO
04/03/2026,19:17:21,49.21023,-57.39753,24.0,1.0,SKT-4015,,1.0,1.0,GPAO
04/03/2026,19:17:29,49.21023,-57.39753,24.0,1.0,SKT-4015,,1.0,1.0,GPAO
04/03/2026,19:17:36,49.21023,-57.39753,23.0,1.0,SKT-4015,,1.0,1.0,GPAO
04/03/2026,19:17:43,49.21023,-57.39753,23.0,1.0,SKT-4015,,1.0,1.0,GPAO
04/03/2026,19:17:51,49.21023,-57.39753,24.0,1.0,SKT-4015,,1.0,1.0,GPAO
04/03/2026,19:17:58,49.21024,-57.39753,25.0,1.0,SKT-4015,,1.0,1.0,GPAO
04/03/2026,19:18:06,49.21024,-57.39753,26.0,1.0,SKT-4015,,1.0,1.0,GPAO
04/03/2026,19:18:13,49.21024,-57.39753,26.0,1.0,SKT-4015,,1.0,1.0,GPAO
04/03/2026,19:18:20,49.21024,-57.39754,27.0,1.0,SKT-4015,,1.0,1.0,GPAO
04/03/2026,19:18:27,49.21024,-57.39754,27.0,1.0,SKT-4015,,1.0,1.0,GPAO
04/03/2026,19:18:34,49.21024,-57.39754,27.0,1.0,SKT-4015,,1.0,1.0,GPAO
04/03/2026,19:18:42,49.21024,-57.39754,26.0,1.0,SKT-4015,,1.0,1.0,GPAO
04/03/2026,19:18:50,49.21024,-57.39754,26.0,1.0,SKT-4015,,1.0,1.0,GPAO
04/03/2026,19:18:57,49.21024,-57.39754,26.0,1.0,SKT-4015,,1.0,1.0,GPAO
04/03/2026,19:19:09,,,,,SKT-4015,,1.0,1.0,GPAO
04/03/2026,19:19:15,49.21024,-57.39754,25.0,1.0,SKT-4015,,1.0,1.0,GPAO
04/03/2026,19:19:23,49.21024,-57.39754,26.0,1.0,SKT-4015,,1.0,1.0,GPAO
04/03/2026,19:19:34,,,,,SKT-4015,,1.0,1.0,GPAO
04/03/2026,19:19:41,49.21024,-57.39754,26.0,1.0,SKT-4015,,1.0,1.0,GPAO
04/03/2026,19:19:51,49.21024,-57.39754,26.0,1.0,SKT-4015,,1.0,1.0,GPAO
04/03/2026,19:19:58,49.21024,-57.39754,26.0,1.0,SKT-4015,,1.0,1.0,GPAO
04/03/2026,19:20:05,49.21024,-57.39754,26.0,1.0,SKT-4015,,1.0,1.0,GPAO
04/03/2026,19:20:13,49.21025,-57.39754,26.0,1.0,SKT-4015,,1.0,1.0,GPAO
04/03/2026,19:20:20,49.21028,-57.39747,26.0,1.0,SKT-4015,,1.0,1.0,GPAO
04/03/2026,19:20:28,49.21023,-57.39731,26.0,1.0,SKT-4015,,1.0,1.0,GPAO
04/03/2026,19:20:35,49.21012,-57.39705,26.0,1.0,SKT-4015,,1.0,1.0,GPAO
04/03/2026,19:20:42,49.21014,-57.39659,26.0,1.0,SKT-4015,,1.0,1.0,GPAO
04/03/2026,19:20:49,49.21041,-57.39611,27.0,1.0,SKT-4015,,1.0,1.0,GPAO
04/03/2026,19:20:56,49.21067,-57.39569,28.0,1.0,SKT-4015,,1.0,1.0,GPAO
04/03/2026,19:21:05,49.21098,-57.3952,28.0,1.0,SKT-4015,,1.0,1.0,GPAO
04/03/2026,19:21:12,49.21119,-57.39468,28.0,1.0,SKT-4015,,1.0,1.0,GPAO
04/03/2026,19:21:19,49.21106,-57.3941,28.0,1.0,SKT-4015,,1.0,1.0,GPAO
04/03/2026,19:21:27,49.2106,-57.39342,28.0,1.0,SKT-4015,,1.0,1.0,GPAO
04/03/2026,19:21:34,49.21037,-57.39282,28.0,1.0,SKT-4015,,1.0,1.0,GPAO
04/03/2026,19:21:41,49.21064,-57.39209,29.0,1.0,SKT-4015,,1.0,1.0,GPAO
04/03/2026,19:21:48,49.2112,-57.3912,28.0,1.0,SKT-4015,,1.0,1.0,GPAO
04/03/2026,19:21:55,49.21191,-57.39006,28.0,1.0,SKT-4015,,1.0,1.0,GPAO
04/03/2026,19:22:03,49.21279,-57.38866,28.0,1.0,SKT-4015,,1.0,1.0,GPAO
04/03/2026,19:22:10,49.21356,-57.38742,28.0,1.0,SKT-4015,,1.0,1.0,GPAO
04/03/2026,19:22:17,49.21435,-57.38615,29.0,1.0,SKT-4015,,1.0,1.0,GPAO
04/03/2026,19:22:24,49.21513,-57.38493,30.0,1.0,SKT-4015,,1.0,1.0,GPAO
04/03/2026,19:22:31,49.21578,-57.38388,30.0,1.0,SKT-4015,,1.0,1.0,GPAO
04/03/2026,19:22:38,49.21633,-57.38323,31.0,1.0,SKT-4015,,1.0,1.0,GPAO
04/03/2026,19:22:47,49.2168,-57.3829,31.0,1.0,SKT-4015,,1.0,1.0,GPAO
04/03/2026,19:22:54,49.21671,-57.38263,31.0,1.0,SKT-4015,,1.0,1.0,GPAO
04/03/2026,19:23:01,49.2163,-57.383,31.0,1.0,SKT-4015,,1.0,1.0,GPAO
04/03/2026,19:23:08,49.21516,-57.38485,31.0,1.0,SKT-4015,,1.0,1.0,GPAO
04/03/2026,19:23:15,49.21304,-57.38823,29.0,1.0,SKT-4015,,1.0,1.0,GPAO
04/03/2026,19:23:22,49.21014,-57.39281,37.0,0.0,SKT-4015,,1.0,1.0,GPAO
04/03/2026,19:23:30,49.20634,-57.39884,93.0,0.0,SKT-4015,,1.0,1.0,GPAO
04/03/2026,19:23:37,49.20278,-57.40462,164.0,0.0,SKT-4015,,1.0,1.0,GPAO
04/03/2026,19:23:44,49.19904,-57.41063,250.0,0.0,SKT-4015,,1.0,1.0,GPAO
04/03/2026,19:23:51,49.1952,-57.41675,349.0,0.0,SKT-4015,,1.0,1.0,GPAO
04/03/2026,19:23:59,49.19068,-57.4239,451.0,0.0,SKT-4015,,1.0,1.0,GPAO
04/03/2026,19:24:07,49.18603,-57.43124,550.0,0.0,SKT-4015,,1.0,1.0,GPAO
04/03/2026,19:24:15,49.18121,-57.43864,652.0,0.0,SKT-4015,,1.0,1.0,GPAO
04/03/2026,19:24:22,49.17678,-57.44501,744.0,0.0,SKT-4015,,1.0,1.0,GPAO
04/03/2026,19:24:30,49.17159,-57.45211,853.0,0.0,SKT-4015,,1.0,1.0,GPAO
04/03/2026,19:24:37,49.167,-57.45828,952.0,0.0,SKT-4015,,1.0,1.0,GPAO
04/03/2026,19:24:44,49.16214,-57.46395,1054.0,0.0,SKT-4015,,1.0,1.0,GPAO
04/03/2026,19:24:51,49.15635,-57.46765,1152.0,0.0,SKT-4015,,1.0,1.0,GPAO
04/03/2026,19:24:58,49.14983,-57.46854,1249.0,0.0,SKT-4015,,1.0,1.0,GPAO
04/03/2026,19:25:10,,,,,SKT-4015,,1.0,1.0,GPAO
04/03/2026,19:25:17,49.13299,-57.45446,1498.0,0.0,SKT-4015,,1.0,1.0,GPAO
04/03/2026,19:25:28,,,,,SKT-4015,,1.0,1.0,GPAO
04/03/2026,19:25:36,49.12184,-57.42649,1712.0,0.0,SKT-4015,,1.0,1.0,GPAO
04/03/2026,19:25:44,49.11827,-57.41317,1788.0,0.0,SKT-4015,,1.0,0.0,GPAO
04/03/2026,19:25:51,49.11546,-57.40109,1856.0,0.0,SKT-4015,,1.0,1.0,GPAO
04/03/2026,19:26:00,49.11201,-57.38522,1944.0,0.0,SKT-4015,,1.0,0.0,GPAO
04/03/2026,19:26:08,49.10894,-57.3708,2016.0,0.0,SKT-4015,,1.0,1.0,GPAO
04/03/2026,19:26:16,49.10577,-57.35619,2096.0,0.0,SKT-4015,,1.0,1.0,GPAO
04/03/2026,19:26:23,49.10291,-57.34328,2167.0,0.0,SKT-4015,,1.0,1.0,GPAO
04/03/2026,19:26:30,49.09994,-57.33023,2239.0,0.0,SKT-4015,,1.0,1.0,GPAO
04/03/2026,19:26:38,49.09641,-57.31519,2326.0,0.0,SKT-4015,,1.0,1.0,GPAO
04/03/2026,19:26:46,49.09277,-57.30004,2413.0,0.0,SKT-4015,,1.0,0.0,GPAO
04/03/2026,19:26:54,49.08904,-57.28476,2498.0,0.0,SKT-4015,,1.0,0.0,GPAO
04/03/2026,19:27:02,49.0852,-57.26935,2581.0,0.0,SKT-4015,,1.0,0.0,GPAO
04/03/2026,19:27:10,49.0813,-57.2538,2668.0,0.0,SKT-4015,,1.0,0.0,GPAO
04/03/2026,19:27:18,49.07733,-57.23815,2760.0,0.0,SKT-4015,,1.0,0.0,GPAO
04/03/2026,19:27:27,49.0728,-57.22044,2865.0,0.0,SKT-4015,,1.0,0.0,GPAO
04/03/2026,19:27:35,49.06866,-57.20462,2957.0,0.0,SKT-4015,,1.0,0.0,GPAO
04/03/2026,19:27:43,49.06448,-57.18875,3049.0,0.0,SKT-4015,,1.0,0.0,GPAO
04/03/2026,19:27:51,49.06027,-57.17282,3140.0,0.0,SKT-4015,,1.0,0.0,GPAO
04/03/2026,19:27:59,49.05604,-57.15685,3230.0,0.0,SKT-4015,,1.0,0.0,GPAO
04/03/2026,19:28:08,49.0513,-57.1388,3333.0,0.0,SKT-4015,,1.0,0.0,GPAO
04/03/2026,19:28:17,49.04656,-57.12074,3441.0,0.0,SKT-4015,,1.0,0.0,GPAO
04/03/2026,19:28:25,49.04228,-57.10466,3528.0,0.0,SKT-4015,,1.0,0.0,GPAO
04/03/2026,19:28:33,49.03796,-57.08849,3624.0,0.0,SKT-4015,,1.0,0.0,GPAO
04/03/2026,19:28:41,49.03363,-57.07233,3733.0,0.0,SKT-4015,,1.0,0.0,GPAO
04/03/2026,19:28:50,49.02883,-57.0541,3858.0,0.0,SKT-4015,,1.0,0.0,GPAO
04/03/2026,19:28:58,49.02455,-57.03773,3947.0,0.0,SKT-4015,,1.0,0.0,GPAO
04/03/2026,19:29:06,49.02018,-57.02111,4027.0,0.0,SKT-4015,,1.0,0.0,GPAO
04/03/2026,19:29:14,49.0157,-57.00436,4121.0,0.0,SKT-4015,,1.0,0.0,GPAO
04/03/2026,19:29:22,49.01128,-56.98768,4239.0,0.0,SKT-4015,,1.0,0.0,GPAO
04/03/2026,19:29:30,49.00692,-56.97104,4345.0,0.0,SKT-4015,,1.0,0.0,GPAO
04/03/2026,19:29:39,49.00201,-56.9523,4441.0,0.0,SKT-4015,,1.0,0.0,GPAO
04/03/2026,19:29:47,48.99759,-56.93541,4499.0,0.0,SKT-4015,,1.0,0.0,GPAO
04/03/2026,19:29:55,48.99309,-56.91831,4564.0,0.0,SKT-4015,,1.0,0.0,GPAO
04/03/2026,19:30:03,48.98855,-56.90102,4633.0,0.0,SKT-4015,,1.0,0.0,GPAO
04/03/2026,19:30:12,48.98339,-56.88143,4722.0,0.0,SKT-4015,,1.0,0.0,GPAO
04/03/2026,19:30:20,48.97877,-56.86399,4807.0,0.0,SKT-4015,,1.0,0.0,GPAO
04/03/2026,19:30:28,48.97405,-56.84642,4868.0,0.0,SKT-4015,,1.0,0.0,GPAO
04/03/2026,19:30:36,48.96924,-56.82867,4942.0,0.0,SKT-4015,,1.0,0.0,GPAO
04/03/2026,19:30:44,48.96443,-56.81092,5039.0,0.0,SKT-4015,,1.0,0.0,GPAO
04/03/2026,19:30:52,48.95964,-56.79311,5119.0,0.0,SKT-4015,,1.0,0.0,GPAO
04/03/2026,19:31:01,48.95421,-56.77293,5206.0,0.0,SKT-4015,,1.0,0.0,GPAO
04/03/2026,19:31:09,48.94938,-56.75501,5297.0,0.0,SKT-4015,,1.0,0.0,GPAO
04/03/2026,19:31:17,48.94456,-56.73705,5370.0,0.0,SKT-4015,,1.0,0.0,GPAO
04/03/2026,19:31:24,48.94032,-56.72118,5419.0,0.0,SKT-4015,,1.0,0.0,GPAO
04/03/2026,19:31:32,48.93544,-56.7029,5480.0,0.0,SKT-4015,,1.0,0.0,GPAO
04/03/2026,19:31:39,48.93114,-56.68681,5537.0,0.0,SKT-4015,,1.0,0.0,GPAO
04/03/2026,19:31:46,48.92677,-56.67053,5567.0,0.0,SKT-4015,,1.0,0.0,GPAO
04/03/2026,19:31:54,48.92165,-56.65154,5579.0,0.0,SKT-4015,,1.0,0.0,GPAO
04/03/2026,19:32:01,48.91711,-56.63454,5586.0,0.0,SKT-4015,,1.0,0.0,GPAO
04/03/2026,19:32:09,48.91182,-56.61473,5592.0,0.0,SKT-4015,,1.0,0.0,GPAO
04/03/2026,19:32:16,48.90711,-56.59708,5596.0,0.0,SKT-4015,,1.0,0.0,GPAO
04/03/2026,19:32:23,48.90231,-56.57917,5599.0,0.0,SKT-4015,,1.0,0.0,GPAO
04/03/2026,19:32:31,48.89671,-56.55837,5600.0,0.0,SKT-4015,,1.0,0.0,GPAO
04/03/2026,19:32:38,48.89177,-56.53988,5600.0,0.0,SKT-4015,,1.0,0.0,GPAO
04/03/2026,19:32:45,48.8868,-56.52111,5600.0,0.0,SKT-4015,,1.0,0.0,GPAO
04/03/2026,19:32:52,48.88181,-56.50211,5599.0,0.0,SKT-4015,,1.0,0.0,GPAO
04/03/2026,19:32:59,48.87678,-56.48289,5598.0,0.0,SKT-4015,,1.0,0.0,GPAO
04/03/2026,19:33:07,48.87098,-56.46072,5599.0,0.0,SKT-4015,,1.0,0.0,GPAO
04/03/2026,19:33:14,48.86583,-56.44118,5600.0,0.0,SKT-4015,,1.0,0.0,GPAO
04/03/2026,19:33:21,48.86062,-56.42152,5601.0,0.0,SKT-4015,,1.0,0.0,GPAO
04/03/2026,19:33:28,48.85535,-56.40176,5604.0,0.0,SKT-4015,,1.0,0.0,GPAO
04/03/2026,19:33:37,48.84849,-56.37621,5606.0,0.0,SKT-4015,,1.0,0.0,GPAO
04/03/2026,19:33:44,48.8431,-56.35622,5606.0,0.0,SKT-4015,,1.0,0.0,GPAO
04/03/2026,19:33:51,48.83769,-56.33611,5607.0,0.0,SKT-4015,,1.0,0.0,GPAO
04/03/2026,19:33:58,48.83228,-56.3159,5608.0,0.0,SKT-4015,,1.0,0.0,GPAO
04/03/2026,19:34:05,48.82685,-56.29559,5608.0,0.0,SKT-4015,,1.0,0.0,GPAO
04/03/2026,19:34:12,48.82142,-56.2752,5599.0,0.0,SKT-4015,,1.0,0.0,GPAO
04/03/2026,19:34:20,48.81515,-56.2517,5575.0,0.0,SKT-4015,,1.0,0.0,GPAO
04/03/2026,19:34:28,48.80882,-56.22807,5567.0,0.0,SKT-4015,,1.0,0.0,GPAO
04/03/2026,19:34:36,48.80245,-56.20436,5563.0,0.0,SKT-4015,,1.0,0.0,GPAO
04/03/2026,19:34:44,48.79604,-56.1806,5561.0,0.0,SKT-4015,,1.0,0.0,GPAO
04/03/2026,19:34:52,48.78964,-56.15678,5559.0,0.0,SKT-4015,,1.0,0.0,GPAO
04/03/2026,19:35:03,,,,,SKT-4015,,1.0,0.0,GPAO
04/03/2026,19:35:10,48.77525,-56.10309,5558.0,0.0,SKT-4015,,1.0,0.0,GPAO
04/03/2026,19:35:17,48.76963,-56.08221,5559.0,0.0,SKT-4015,,1.0,0.0,GPAO
04/03/2026,19:35:28,,,,,SKT-4015,,1.0,0.0,GPAO
04/03/2026,19:35:34,48.75588,-56.03155,5559.0,0.0,SKT-4015,,1.0,0.0,GPAO
04/03/2026,19:35:42,48.74938,-56.00774,5559.0,0.0,SKT-4015,,1.0,0.0,GPAO
04/03/2026,19:35:49,48.74371,-55.98691,5560.0,0.0,SKT-4015,,1.0,0.0,GPAO
04/03/2026,19:35:56,48.73804,-55.96608,5561.0,0.0,SKT-4015,,1.0,0.0,GPAO
04/03/2026,19:36:03,48.73238,-55.94526,5561.0,0.0,SKT-4015,,1.0,0.0,GPAO
04/03/2026,19:36:10,48.7267,-55.92444,5560.0,0.0,SKT-4015,,1.0,0.0,GPAO
04/03/2026,19:36:17,48.72102,-55.90363,5561.0,0.0,SKT-4015,,1.0,0.0,GPAO
04/03/2026,19:36:24,48.71533,-55.88283,5561.0,0.0,SKT-4015,,1.0,0.0,GPAO
04/03/2026,19:36:32,48.70882,-55.8591,5560.0,0.0,SKT-4015,,1.0,0.0,GPAO
04/03/2026,19:36:39,48.70311,-55.83838,5559.0,0.0,SKT-4015,,1.0,0.0,GPAO
04/03/2026,19:36:46,48.69742,-55.81768,5560.0,0.0,SKT-4015,,1.0,0.0,GPAO
04/03/2026,19:36:53,48.69174,-55.79701,5560.0,0.0,SKT-4015,,1.0,0.0,GPAO
04/03/2026,19:37:00,48.68606,-55.77637,5561.0,0.0,SKT-4015,,1.0,0.0,GPAO
04/03/2026,19:37:07,48.68038,-55.75576,5561.0,0.0,SKT-4015,,1.0,0.0,GPAO
04/03/2026,19:37:15,48.67389,-55.73223,5561.0,0.0,SKT-4015,,1.0,0.0,GPAO
04/03/2026,19:37:22,48.66821,-55.71167,5561.0,0.0,SKT-4015,,1.0,0.0,GPAO
04/03/2026,19:37:29,48.66255,-55.69112,5561.0,0.0,SKT-4015,,1.0,0.0,GPAO
04/03/2026,19:37:36,48.65689,-55.67059,5561.0,0.0,SKT-4015,,1.0,0.0,GPAO
04/03/2026,19:37:46,48.64878,-55.6413,5561.0,0.0,SKT-4015,,1.0,0.0,GPAO
04/03/2026,19:37:53,48.64312,-55.62082,5561.0,0.0,SKT-4015,,1.0,0.0,GPAO
04/03/2026,19:38:01,48.63666,-55.59741,5561.0,0.0,SKT-4015,,1.0,0.0,GPAO
04/03/2026,19:38:08,48.631,-55.57693,5561.0,0.0,SKT-4015,,1.0,0.0,GPAO
04/03/2026,19:38:15,48.62534,-55.55647,5561.0,0.0,SKT-4015,,1.0,0.0,GPAO
04/03/2026,19:38:23,48.61885,-55.5331,5561.0,0.0,SKT-4015,,1.0,0.0,GPAO
04/03/2026,19:38:30,48.61316,-55.51266,5562.0,0.0,SKT-4015,,1.0,0.0,GPAO
04/03/2026,19:38:38,48.60665,-55.48932,5562.0,0.0,SKT-4015,,1.0,0.0,GPAO
04/03/2026,19:38:45,48.60096,-55.46889,5563.0,0.0,SKT-4015,,1.0,0.0,GPAO
04/03/2026,19:38:52,48.59527,-55.44847,5564.0,0.0,SKT-4015,,1.0,0.0,GPAO
04/03/2026,19:38:59,48.58956,-55.42808,5565.0,0.0,SKT-4015,,1.0,0.0,GPAO
04/03/2026,19:39:07,48.58304,-55.4048,5565.0,0.0,SKT-4015,,1.0,0.0,GPAO
04/03/2026,19:39:14,48.57733,-55.38444,5566.0,0.0,SKT-4015,,1.0,0.0,GPAO
04/03/2026,19:39:21,48.57163,-55.36409,5566.0,0.0,SKT-4015,,1.0,0.0,GPAO
04/03/2026,19:39:28,48.56593,-55.34374,5566.0,0.0,SKT-4015,,1.0,0.0,GPAO
04/03/2026,19:39:35,48.56023,-55.3234,5565.0,0.0,SKT-4015,,1.0,0.0,GPAO
04/03/2026,19:39:42,48.55453,-55.30307,5564.0,0.0,SKT-4015,,1.0,0.0,GPAO
04/03/2026,19:39:49,48.54884,-55.28275,5563.0,0.0,SKT-4015,,1.0,0.0,GPAO
04/03/2026,19:39:56,48.54314,-55.26244,5563.0,0.0,SKT-4015,,1.0,0.0,GPAO
04/03/2026,19:40:03,48.53745,-55.24213,5564.0,0.0,SKT-4015,,1.0,0.0,GPAO
04/03/2026,19:40:11,48.53092,-55.21896,5565.0,0.0,SKT-4015,,1.0,0.0,GPAO
04/03/2026,19:40:18,48.5252,-55.1987,5566.0,0.0,SKT-4015,,1.0,0.0,GPAO
04/03/2026,19:40:26,48.51865,-55.17555,5567.0,0.0,SKT-4015,,1.0,0.0,GPAO
04/03/2026,19:40:33,48.51292,-55.15529,5567.0,0.0,SKT-4015,,1.0,0.0,GPAO
04/03/2026,19:40:40,48.50719,-55.13503,5567.0,0.0,SKT-4015,,1.0,0.0,GPAO
04/03/2026,19:40:47,48.50146,-55.11478,5567.0,0.0,SKT-4015,,1.0,0.0,GPAO
04/03/2026,19:40:55,48.49492,-55.09165,5566.0,0.0,SKT-4015,,1.0,0.0,GPAO
04/03/2026,19:41:03,48.48837,-55.06852,5566.0,0.0,SKT-4015,,1.0,0.0,GPAO
04/03/2026,19:41:10,48.48262,-55.04831,5567.0,0.0,SKT-4015,,1.0,0.0,GPAO
04/03/2026,19:41:17,48.47686,-55.02811,5568.0,0.0,SKT-4015,,1.0,0.0,GPAO
04/03/2026,19:41:24,48.47109,-55.00795,5569.0,0.0,SKT-4015,,1.0,0.0,GPAO
04/03/2026,19:41:31,48.46532,-54.9878,5571.0,0.0,SKT-4015,,1.0,0.0,GPAO
04/03/2026,19:41:38,48.45957,-54.96765,5572.0,0.0,SKT-4015,,1.0,0.0,GPAO
04/03/2026,19:41:46,48.45302,-54.94463,5572.0,0.0,SKT-4015,,1.0,0.0,GPAO
04/03/2026,19:41:53,48.44729,-54.9245,5573.0,0.0,SKT-4015,,1.0,0.0,GPAO
04/03/2026,19:42:00,48.44155,-54.90437,5573.0,0.0,SKT-4015,,1.0,0.0,GPAO
04/03/2026,19:42:08,48.43496,-54.8814,5572.0,0.0,SKT-4015,,1.0,0.0,GPAO
04/03/2026,19:42:15,48.42919,-54.86131,5572.0,0.0,SKT-4015,,1.0,0.0,GPAO
04/03/2026,19:42:22,48.42342,-54.84122,5572.0,0.0,SKT-4015,,1.0,0.0,GPAO
04/03/2026,19:42:29,48.41767,-54.82114,5572.0,0.0,SKT-4015,,1.0,0.0,GPAO
04/03/2026,19:42:36,48.41193,-54.80105,5572.0,0.0,SKT-4015,,1.0,0.0,GPAO
04/03/2026,19:42:45,48.40454,-54.77525,5573.0,0.0,SKT-4015,,1.0,0.0,GPAO
04/03/2026,19:42:52,48.39878,-54.75519,5573.0,0.0,SKT-4015,,1.0,0.0,GPAO
04/03/2026,19:42:59,48.39302,-54.73515,5572.0,0.0,SKT-4015,,1.0,0.0,GPAO
04/03/2026,19:43:06,48.38724,-54.71513,5573.0,0.0,SKT-4015,,1.0,0.0,GPAO
04/03/2026,19:43:14,48.38064,-54.69227,5574.0,0.0,SKT-4015,,1.0,0.0,GPAO
04/03/2026,19:43:21,48.37489,-54.67226,5574.0,0.0,SKT-4015,,1.0,0.0,GPAO
04/03/2026,19:43:28,48.36915,-54.65226,5575.0,0.0,SKT-4015,,1.0,0.0,GPAO
04/03/2026,19:43:35,48.36338,-54.63226,5575.0,0.0,SKT-4015,,1.0,0.0,GPAO
04/03/2026,19:43:43,48.35676,-54.60941,5576.0,0.0,SKT-4015,,1.0,0.0,GPAO
04/03/2026,19:43:50,48.35098,-54.5894,5576.0,0.0,SKT-4015,,1.0,0.0,GPAO
04/03/2026,19:43:57,48.34521,-54.56937,5577.0,0.0,SKT-4015,,1.0,0.0,GPAO
04/03/2026,19:44:04,48.33944,-54.54934,5577.0,0.0,SKT-4015,,1.0,0.0,GPAO
04/03/2026,19:44:11,48.33366,-54.52933,5577.0,0.0,SKT-4015,,1.0,0.0,GPAO
04/03/2026,19:44:20,48.3262,-54.50362,5577.0,0.0,SKT-4015,,1.0,0.0,GPAO
04/03/2026,19:44:27,48.32039,-54.48365,5577.0,0.0,SKT-4015,,1.0,0.0,GPAO
04/03/2026,19:44:34,48.3146,-54.46368,5577.0,0.0,SKT-4015,,1.0,0.0,GPAO
04/03/2026,19:44:41,48.30882,-54.44373,5579.0,0.0,SKT-4015,,1.0,0.0,GPAO
04/03/2026,19:44:49,48.30219,-54.42097,5579.0,0.0,SKT-4015,,1.0,0.0,GPAO
04/03/2026,19:44:56,48.29637,-54.4011,5579.0,0.0,SKT-4015,,1.0,0.0,GPAO
04/03/2026,19:45:04,48.28973,-54.37838,5580.0,0.0,SKT-4015,,1.0,0.0,GPAO
04/03/2026,19:45:11,48.28394,-54.3585,5581.0,0.0,SKT-4015,,1.0,0.0,GPAO
04/03/2026,19:45:18,48.27817,-54.33862,5582.0,0.0,SKT-4015,,1.0,0.0,GPAO
04/03/2026,19:45:25,48.2724,-54.31874,5583.0,0.0,SKT-4015,,1.0,0.0,GPAO
04/03/2026,19:45:32,48.26661,-54.29887,5582.0,0.0,SKT-4015,,1.0,0.0,GPAO
04/03/2026,19:45:39,48.26081,-54.279,5583.0,0.0,SKT-4015,,1.0,0.0,GPAO
04/03/2026,19:45:46,48.25502,-54.25913,5582.0,0.0,SKT-4015,,1.0,0.0,GPAO
04/03/2026,19:45:53,48.24923,-54.23927,5581.0,0.0,SKT-4015,,1.0,0.0,GPAO
04/03/2026,19:46:00,48.24343,-54.21942,5581.0,0.0,SKT-4015,,1.0,0.0,GPAO
04/03/2026,19:46:07,48.23764,-54.19959,5581.0,0.0,SKT-4015,,1.0,0.0,GPAO
04/03/2026,19:46:14,48.23182,-54.17978,5582.0,0.0,SKT-4015,,1.0,0.0,GPAO
04/03/2026,19:46:22,48.22515,-54.15718,5582.0,0.0,SKT-4015,,1.0,0.0,GPAO
04/03/2026,19:46:29,48.21931,-54.13741,5582.0,0.0,SKT-4015,,1.0,0.0,GPAO
04/03/2026,19:46:36,48.21348,-54.11763,5584.0,0.0,SKT-4015,,1.0,0.0,GPAO
04/03/2026,19:46:43,48.20766,-54.09785,5584.0,0.0,SKT-4015,,1.0,0.0,GPAO
04/03/2026,19:46:50,48.20185,-54.07807,5585.0,0.0,SKT-4015,,1.0,0.0,GPAO
04/03/2026,19:46:59,48.19437,-54.05264,5585.0,0.0,SKT-4015,,1.0,0.0,GPAO
04/03/2026,19:47:07,48.18773,-54.03003,5585.0,0.0,SKT-4015,,1.0,0.0,GPAO
04/03/2026,19:47:16,48.18025,-54.0046,5585.0,0.0,SKT-4015,,1.0,0.0,GPAO
04/03/2026,19:47:24,48.17358,-53.98202,5585.0,0.0,SKT-4015,,1.0,0.0,GPAO
04/03/2026,19:47:31,48.16774,-53.96226,5586.0,0.0,SKT-4015,,1.0,0.0,GPAO
04/03/2026,19:47:38,48.1619,-53.9425,5586.0,0.0,SKT-4015,,1.0,0.0,GPAO
04/03/2026,19:47:45,48.15608,-53.92276,5587.0,0.0,SKT-4015,,1.0,0.0,GPAO
04/03/2026,19:47:52,48.15024,-53.90303,5587.0,0.0,SKT-4015,,1.0,0.0,GPAO
04/03/2026,19:47:59,48.14439,-53.88332,5588.0,0.0,SKT-4015,,1.0,0.0,GPAO
04/03/2026,19:48:06,48.13852,-53.86363,5588.0,0.0,SKT-4015,,1.0,0.0,GPAO
04/03/2026,19:48:13,48.13263,-53.84395,5588.0,0.0,SKT-4015,,1.0,0.0,GPAO
04/03/2026,19:48:21,48.12592,-53.82147,5589.0,0.0,SKT-4015,,1.0,0.0,GPAO
04/03/2026,19:48:28,48.12005,-53.80181,5590.0,0.0,SKT-4015,,1.0,0.0,GPAO
04/03/2026,19:48:35,48.1142,-53.78216,5592.0,0.0,SKT-4015,,1.0,0.0,GPAO
04/03/2026,19:48:42,48.10831,-53.76262,5591.0,0.0,SKT-4015,,1.0,0.0,GPAO
04/03/2026,19:48:53,,,,,SKT-4015,,1.0,0.0,GPAO
04/03/2026,19:49:02,,,,,SKT-4015,,1.0,0.0,GPAO
04/03/2026,19:49:08,48.08593,-53.69171,5473.0,0.0,SKT-4015,,1.0,0.0,GPAO
04/03/2026,19:49:15,48.08003,-53.67266,5413.0,0.0,SKT-4015,,1.0,0.0,GPAO
04/03/2026,19:49:22,48.07421,-53.65364,5351.0,0.0,SKT-4015,,1.0,0.0,GPAO
04/03/2026,19:49:29,48.06848,-53.63462,5286.0,0.0,SKT-4015,,1.0,0.0,GPAO
04/03/2026,19:49:37,48.06201,-53.61294,5216.0,0.0,SKT-4015,,1.0,0.0,GPAO
04/03/2026,19:49:44,48.0563,-53.5941,5151.0,0.0,SKT-4015,,1.0,0.0,GPAO
04/03/2026,19:49:51,48.05058,-53.57538,5089.0,0.0,SKT-4015,,1.0,0.0,GPAO
04/03/2026,19:49:58,48.04496,-53.55676,5045.0,0.0,SKT-4015,,1.0,0.0,GPAO
04/03/2026,19:50:05,48.03946,-53.5383,5008.0,0.0,SKT-4015,,1.0,0.0,GPAO
04/03/2026,19:50:12,48.03405,-53.52,4964.0,0.0,SKT-4015,,1.0,0.0,GPAO
04/03/2026,19:50:19,48.02865,-53.50186,4915.0,0.0,SKT-4015,,1.0,0.0,GPAO
04/03/2026,19:50:26,48.02324,-53.48388,4864.0,0.0,SKT-4015,,1.0,0.0,GPAO
04/03/2026,19:50:34,48.01706,-53.46347,4804.0,0.0,SKT-4015,,1.0,0.0,GPAO
04/03/2026,19:50:41,48.01165,-53.44573,4748.0,0.0,SKT-4015,,1.0,0.0,GPAO
04/03/2026,19:50:48,48.00627,-53.42804,4690.0,0.0,SKT-4015,,1.0,0.0,GPAO
04/03/2026,19:50:55,48.00092,-53.41043,4632.0,0.0,SKT-4015,,1.0,0.0,GPAO
04/03/2026,19:51:02,47.99561,-53.39285,4574.0,0.0,SKT-4015,,1.0,0.0,GPAO
04/03/2026,19:51:09,47.99036,-53.3753,4515.0,0.0,SKT-4015,,1.0,0.0,GPAO
04/03/2026,19:51:16,47.9851,-53.3578,4458.0,0.0,SKT-4015,,1.0,0.0,GPAO
04/03/2026,19:51:23,47.97984,-53.34027,4397.0,0.0,SKT-4015,,1.0,0.0,GPAO
04/03/2026,19:51:30,47.97456,-53.32269,4336.0,0.0,SKT-4015,,1.0,0.0,GPAO
04/03/2026,19:51:38,47.96853,-53.30258,4271.0,0.0,SKT-4015,,1.0,0.0,GPAO
04/03/2026,19:51:45,47.96326,-53.28502,4212.0,0.0,SKT-4015,,1.0,0.0,GPAO
04/03/2026,19:51:52,47.95798,-53.26758,4152.0,0.0,SKT-4015,,1.0,0.0,GPAO
04/03/2026,19:51:59,47.95268,-53.25025,4094.0,0.0,SKT-4015,,1.0,0.0,GPAO
04/03/2026,19:52:06,47.9474,-53.23309,4036.0,0.0,SKT-4015,,1.0,0.0,GPAO
04/03/2026,19:52:16,47.93999,-53.20884,3951.0,0.0,SKT-4015,,1.0,0.0,GPAO
04/03/2026,19:52:23,47.93488,-53.19204,3894.0,0.0,SKT-4015,,1.0,0.0,GPAO
04/03/2026,19:52:30,47.92978,-53.17543,3837.0,0.0,SKT-4015,,1.0,0.0,GPAO
04/03/2026,19:52:37,47.92472,-53.15905,3782.0,0.0,SKT-4015,,1.0,0.0,GPAO
04/03/2026,19:52:44,47.91977,-53.14285,3729.0,0.0,SKT-4015,,1.0,0.0,GPAO
04/03/2026,19:52:51,47.91493,-53.12679,3675.0,0.0,SKT-4015,,1.0,0.0,GPAO
04/03/2026,19:52:58,47.9101,-53.11091,3620.0,0.0,SKT-4015,,1.0,0.0,GPAO
04/03/2026,19:53:05,47.90526,-53.09521,3565.0,0.0,SKT-4015,,1.0,0.0,GPAO
04/03/2026,19:53:14,47.89906,-53.07519,3497.0,0.0,SKT-4015,,1.0,0.0,GPAO
04/03/2026,19:53:23,47.89293,-53.05535,3430.0,0.0,SKT-4015,,1.0,1.0,GPAO
04/03/2026,19:53:31,47.88751,-53.03788,3369.0,0.0,SKT-4015,,1.0,0.0,GPAO
04/03/2026,19:53:39,47.88216,-53.0205,3307.0,0.0,SKT-4015,,1.0,0.0,GPAO
04/03/2026,19:53:47,47.87685,-53.0032,3245.0,0.0,SKT-4015,,1.0,0.0,GPAO
04/03/2026,19:53:55,47.87151,-52.98604,3185.0,0.0,SKT-4015,,1.0,0.0,GPAO
04/03/2026,19:54:04,47.86546,-52.96693,3122.0,0.0,SKT-4015,,1.0,0.0,GPAO
04/03/2026,19:54:13,47.85954,-52.94792,3057.0,0.0,SKT-4015,,1.0,0.0,GPAO
04/03/2026,19:54:24,,,,,SKT-4015,,1.0,0.0,GPAO
04/03/2026,19:54:34,,,,,SKT-4015,,1.0,0.0,GPAO
04/03/2026,19:54:41,47.84132,-52.88951,2858.0,0.0,SKT-4015,,1.0,0.0,GPAO
04/03/2026,19:54:49,47.83611,-52.87306,2802.0,0.0,SKT-4015,,1.0,0.0,GPAO
04/03/2026,19:54:57,47.83094,-52.85667,2744.0,0.0,SKT-4015,,1.0,0.0,GPAO
04/03/2026,19:55:07,47.82458,-52.83622,2672.0,0.0,SKT-4015,,1.0,0.0,GPAO
04/03/2026,19:55:15,47.8196,-52.81992,2615.0,0.0,SKT-4015,,1.0,0.0,GPAO
04/03/2026,19:55:22,47.81526,-52.80574,2565.0,0.0,SKT-4015,,1.0,0.0,GPAO
04/03/2026,19:55:29,47.81095,-52.79164,2516.0,0.0,SKT-4015,,1.0,0.0,GPAO
04/03/2026,19:55:37,47.80603,-52.77568,2460.0,0.0,SKT-4015,,1.0,0.0,GPAO
04/03/2026,19:55:44,47.8017,-52.76188,2411.0,0.0,SKT-4015,,1.0,0.0,GPAO
04/03/2026,19:55:51,47.79737,-52.74823,2365.0,0.0,SKT-4015,,1.0,0.0,GPAO
04/03/2026,19:55:59,47.79239,-52.73282,2313.0,0.0,SKT-4015,,1.0,0.0,GPAO
04/03/2026,19:56:06,47.78811,-52.71941,2267.0,0.0,SKT-4015,,1.0,0.0,GPAO
04/03/2026,19:56:13,47.78391,-52.70605,2220.0,0.0,SKT-4015,,1.0,0.0,GPAO
04/03/2026,19:56:20,47.77978,-52.69276,2173.0,0.0,SKT-4015,,1.0,0.0,GPAO
04/03/2026,19:56:27,47.77568,-52.67955,2129.0,0.0,SKT-4015,,1.0,0.0,GPAO
04/03/2026,19:56:34,47.7716,-52.66647,2085.0,0.0,SKT-4015,,1.0,0.0,GPAO
04/03/2026,19:56:41,47.76755,-52.65348,2041.0,0.0,SKT-4015,,1.0,0.0,GPAO
04/03/2026,19:56:48,47.76351,-52.64058,1996.0,0.0,SKT-4015,,1.0,0.0,GPAO
04/03/2026,19:56:55,47.7595,-52.62776,1950.0,0.0,SKT-4015,,1.0,0.0,GPAO
04/03/2026,19:57:03,47.75495,-52.6132,1900.0,0.0,SKT-4015,,1.0,0.0,GPAO
04/03/2026,19:57:11,47.75046,-52.59875,1849.0,0.0,SKT-4015,,1.0,0.0,GPAO
04/03/2026,19:57:19,47.746,-52.58443,1798.0,0.0,SKT-4015,,1.0,0.0,GPAO
04/03/2026,19:57:26,47.74213,-52.57205,1757.0,0.0,SKT-4015,,1.0,0.0,GPAO
04/03/2026,19:57:33,47.73831,-52.55982,1716.0,0.0,SKT-4015,,1.0,0.0,GPAO
04/03/2026,19:57:40,47.73454,-52.5478,1674.0,0.0,SKT-4015,,1.0,0.0,GPAO
04/03/2026,19:57:47,47.7308,-52.53601,1634.0,0.0,SKT-4015,,1.0,0.0,GPAO
04/03/2026,19:57:54,47.72687,-52.52464,1591.0,0.0,SKT-4015,,1.0,0.0,GPAO
04/03/2026,19:58:01,47.72181,-52.51474,1542.0,0.0,SKT-4015,,1.0,0.0,GPAO
04/03/2026,19:58:09,47.71443,-52.50673,1492.0,0.0,SKT-4015,,1.0,0.0,GPAO
04/03/2026,19:58:16,47.7074,-52.50216,1447.0,0.0,SKT-4015,,1.0,0.0,GPAO
04/03/2026,19:58:23,47.70023,-52.49903,1407.0,0.0,SKT-4015,,1.0,0.0,GPAO
04/03/2026,19:58:30,47.69304,-52.4968,1368.0,0.0,SKT-4015,,1.0,0.0,GPAO
04/03/2026,19:58:37,47.68587,-52.49524,1327.0,0.0,SKT-4015,,1.0,0.0,GPAO
04/03/2026,19:58:45,47.67773,-52.49401,1281.0,0.0,SKT-4015,,1.0,0.0,GPAO
04/03/2026,19:58:52,47.67065,-52.49323,1245.0,0.0,SKT-4015,,1.0,0.0,GPAO
04/03/2026,19:58:59,47.66363,-52.49262,1213.0,0.0,SKT-4015,,1.0,0.0,GPAO
04/03/2026,19:59:07,47.65582,-52.49262,1156.0,0.0,SKT-4015,,1.0,1.0,GPAO
04/03/2026,19:59:16,47.64827,-52.49635,1101.0,0.0,SKT-4015,,1.0,1.0,GPAO
04/03/2026,19:59:24,47.64376,-52.50259,1061.0,0.0,SKT-4015,,1.0,1.0,GPAO
04/03/2026,19:59:31,47.64135,-52.50884,1038.0,0.0,SKT-4015,,1.0,1.0,GPAO
04/03/2026,19:59:39,47.63927,-52.51601,1008.0,0.0,SKT-4015,,1.0,1.0,GPAO
04/03/2026,19:59:46,47.6377,-52.52232,982.0,0.0,SKT-4015,,1.0,1.0,GPAO
04/03/2026,19:59:53,47.63653,-52.52872,960.0,0.0,SKT-4015,,1.0,1.0,GPAO
04/03/2026,20:00:00,47.63565,-52.5352,933.0,0.0,SKT-4015,,1.0,1.0,GPAO
04/03/2026,20:00:08,47.63503,-52.54263,905.0,0.0,SKT-4015,,1.0,1.0,GPAO
04/03/2026,20:00:19,,,,,SKT-4015,,1.0,0.0,GPAO
04/03/2026,20:00:29,,,,,SKT-4015,,1.0,0.0,GPAO
04/03/2026,20:00:39,,,,,SKT-4015,,1.0,0.0,GPAO
04/03/2026,20:00:49,,,,,SKT-4015,,1.0,0.0,GPAO
04/03/2026,20:00:59,,,,,SKT-4015,,1.0,0.0,GPAO
04/03/2026,20:01:08,,,,,SKT-4015,,1.0,0.0,GPAO
04/03/2026,20:01:18,,,,,SKT-4015,,1.0,0.0,GPAO
04/03/2026,20:01:26,,,,,SKT-4015,,1.0,0.0,GPAO
04/03/2026,20:01:36,,,,,SKT-4015,,1.0,0.0,GPAO
04/03/2026,20:01:44,,,,,SKT-4015,,1.0,0.0,GPAO
04/03/2026,20:01:54,,,,,SKT-4015,,1.0,0.0,GPAO
04/03/2026,20:02:04,,,,,SKT-4015,,1.0,0.0,GPAO
04/03/2026,20:02:14,,,,,SKT-4015,,1.0,0.0,GPAO
04/03/2026,20:02:22,,,,,SKT-4015,,1.0,0.0,GPAO
04/03/2026,20:02:32,,,,,SKT-4015,,1.0,0.0,GPAO
04/03/2026,20:02:41,,,,,SKT-4015,,1.0,0.0,GPAO
04/03/2026,20:02:47,47.62829,-52.67055,424.0,0.0,SKT-4015,,1.0,1.0,GPAO
04/03/2026,20:02:54,47.62804,-52.67435,408.0,0.0,SKT-4015,,1.0,1.0,GPAO
04/03/2026,20:03:02,47.62782,-52.67876,392.0,0.0,SKT-4015,,1.0,1.0,GPAO
04/03/2026,20:03:09,47.62765,-52.68275,380.0,0.0,SKT-4015,,1.0,1.0,GPAO
04/03/2026,20:03:17,47.62746,-52.68748,361.0,0.0,SKT-4015,,1.0,1.0,GPAO
04/03/2026,20:03:28,,,,,SKT-4015,,1.0,0.0,GPAO
04/03/2026,20:03:39,,,,,SKT-4015,,1.0,0.0,GPAO
04/03/2026,20:03:49,,,,,SKT-4015,,1.0,0.0,GPAO
04/03/2026,20:03:59,,,,,SKT-4015,,1.0,0.0,GPAO
04/03/2026,20:04:09,,,,,SKT-4015,,1.0,0.0,GPAO
04/03/2026,20:04:19,,,,,SKT-4015,,1.0,0.0,GPAO
04/03/2026,20:04:27,,,,,SKT-4015,,1.0,0.0,GPAO
04/03/2026,20:04:37,,,,,SKT-4015,,1.0,0.0,GPAO
04/03/2026,20:04:47,,,,,SKT-4015,,1.0,0.0,GPAO
04/03/2026,20:04:55,,,,,SKT-4015,,1.0,0.0,GPAO
04/03/2026,20:05:05,,,,,SKT-4015,,1.0,0.0,GPAO
04/03/2026,20:05:15,,,,,SKT-4015,,1.0,0.0,GPAO
04/03/2026,20:05:24,,,,,SKT-4015,,1.0,0.0,GPAO
04/03/2026,20:05:32,,,,,SKT-4015,,1.0,0.0,GPAO
04/03/2026,20:05:42,,,,,SKT-4015,,1.0,0.0,GPAO
04/03/2026,20:05:52,,,,,SKT-4015,,1.0,0.0,GPAO
04/03/2026,20:06:00,,,,,SKT-4015,,1.0,0.0,GPAO
04/03/2026,20:06:10,,,,,SKT-4015,,1.0,0.0,GPAO
04/03/2026,20:06:19,,,,,SKT-4015,,1.0,0.0,GPAO
04/03/2026,20:06:27,,,,,SKT-4015,,1.0,0.0,GPAO
04/03/2026,20:06:37,,,,,SKT-4015,,1.0,0.0,GPAO
04/03/2026,20:06:46,,,,,SKT-4015,,1.0,0.0,GPAO
04/03/2026,20:06:54,,,,,SKT-4015,,1.0,0.0,GPAO
04/03/2026,20:07:04,,,,,SKT-4015,,1.0,0.0,GPAO
04/03/2026,20:07:14,,,,,SKT-4015,,1.0,0.0,GPAO
04/03/2026,20:07:22,,,,,SKT-4015,,1.0,0.0,GPAO
04/03/2026,20:07:32,,,,,SKT-4015,,1.0,0.0,GPAO
04/03/2026,20:07:41,,,,,SKT-4015,,1.0,0.0,GPAO
04/03/2026,20:07:49,,,,,SKT-4015,,1.0,0.0,GPAO
04/03/2026,20:07:59,,,,,SKT-4015,,1.0,0.0,GPAO
04/03/2026,20:08:08,,,,,SKT-4015,,1.0,0.0,GPAO
04/03/2026,20:08:16,,,,,SKT-4015,,1.0,0.0,GPAO
04/03/2026,20:08:26,,,,,SKT-4015,,1.0,0.0,GPAO
04/03/2026,20:08:36,,,,,SKT-4015,,1.0,0.0,GPAO
04/03/2026,20:08:44,,,,,SKT-4015,,1.0,0.0,GPAO
04/03/2026,20:08:54,,,,,SKT-4015,,1.0,0.0,GPAO
04/03/2026,20:09:03,,,,,SKT-4015,,1.0,0.0,GPAO
04/03/2026,20:09:11,,,,,SKT-4015,,1.0,0.0,GPAO
04/03/2026,20:09:21,,,,,SKT-4015,,1.0,0.0,GPAO
04/03/2026,20:09:30,,,,,SKT-4015,,1.0,0.0,GPAO
04/03/2026,20:09:39,,,,,SKT-4015,,1.0,0.0,GPAO
04/03/2026,20:09:49,,,,,SKT-4015,,1.0,0.0,GPAO
04/03/2026,20:09:58,,,,,SKT-4015,,1.0,0.0,GPAO
04/03/2026,20:10:07,,,,,SKT-4015,,1.0,0.0,GPAO
04/03/2026,20:10:15,,,,,SKT-4015,,1.0,0.0,GPAO
04/03/2026,20:10:25,,,,,SKT-4015,,1.0,0.0,GPAO
04/03/2026,20:10:34,,,,,SKT-4015,,1.0,0.0,GPAO
04/03/2026,20:10:43,,,,,SKT-4015,,1.0,0.0,GPAO
04/03/2026,20:10:53,,,,,SKT-4015,,1.0,0.0,GPAO
04/03/2026,20:11:02,,,,,SKT-4015,,1.0,0.0,GPAO
04/03/2026,20:11:10,,,,,SKT-4015,,1.0,0.0,GPAO
04/03/2026,20:11:20,,,,,SKT-4015,,1.0,0.0,GPAO
04/03/2026,20:11:29,,,,,SKT-4015,,1.0,0.0,GPAO
04/03/2026,20:11:37,,,,,SKT-4015,,1.0,0.0,GPAO
04/03/2026,20:11:47,,,,,SKT-4015,,1.0,0.0,GPAO
04/03/2026,20:11:56,,,,,SKT-4015,,1.0,0.0,GPAO
04/03/2026,20:12:04,,,,,SKT-4015,,1.0,0.0,GPAO
04/03/2026,20:12:15,,,,,SKT-4015,,1.0,0.0,GPAO
04/03/2026,20:12:24,,,,,SKT-4015,,1.0,0.0,GPAO
04/03/2026,21:27:04,47.62041,-52.7355,176.0,1.0,SKT-4015,,1.0,0.0,GPAO
04/03/2026,21:27:12,47.62041,-52.73553,169.0,1.0,SKT-4015,,1.0,0.0,GPAO
04/03/2026,21:27:21,47.62041,-52.73556,164.0,1.0,SKT-4015,,1.0,0.0,GPAO
04/03/2026,21:27:29,47.6204,-52.73558,156.0,1.0,SKT-4015,,1.0,0.0,GPAO
04/03/2026,21:27:38,47.62038,-52.7356,151.0,1.0,SKT-4015,,1.0,0.0,GPAO
04/03/2026,21:27:46,47.62038,-52.73562,150.0,1.0,SKT-4015,,1.0,0.0,GPAO
04/03/2026,21:27:54,47.62039,-52.73565,147.0,1.0,SKT-4015,,1.0,0.0,GPAO
04/03/2026,21:28:03,47.6204,-52.73569,147.0,1.0,SKT-4015,,1.0,0.0,GPAO
04/03/2026,21:28:11,47.6204,-52.73571,148.0,1.0,SKT-4015,,1.0,0.0,GPAO
04/03/2026,21:28:19,47.62041,-52.73573,150.0,1.0,SKT-4015,,1.0,0.0,GPAO
04/03/2026,21:28:27,47.62043,-52.73571,151.0,1.0,SKT-4015,,1.0,0.0,GPAO
04/03/2026,21:28:35,47.62046,-52.7357,152.0,1.0,SKT-4015,,1.0,1.0,GPAO
04/03/2026,21:28:44,47.62049,-52.73569,155.0,1.0,SKT-4015,,1.0,1.0,GPAO
04/03/2026,21:28:51,47.62048,-52.7357,154.0,1.0,SKT-4015,,1.0,1.0,GPAO
04/03/2026,21:28:58,47.62046,-52.73569,151.0,1.0,SKT-4015,,1.0,1.0,GPAO
04/03/2026,21:29:30,47.62043,-52.73563,145.0,1,SKT-4015,,1.0,1.0,GPAO
04/03/2026,21:29:37,47.62043,-52.73562,148.0,1,SKT-4015,,1.0,1.0,GPAO
04/03/2026,21:29:44,47.62043,-52.73561,152.0,1,SKT-4015,,1.0,1.0,GPAO
04/03/2026,21:29:51,47.62042,-52.73561,156.0,1,SKT-4015,,1.0,1.0,GPAO
04/03/2026,21:29:58,47.62041,-52.73561,159.0,1,SKT-4015,,1.0,1.0,GPAO
04/03/2026,21:30:06,47.62041,-52.7356,158.0,1,SKT-4015,,1.0,1.0,GPAO
04/03/2026,21:30:13,47.62042,-52.73559,153.0,1,SKT-4015,,1.0,1.0,GPAO
04/03/2026,21:30:20,47.62043,-52.73558,147.0,1,SKT-4015,,1.0,1.0,GPAO
04/03/2026,21:30:27,47.62041,-52.73558,143.0,1,SKT-4015,,1.0,1.0,GPAO
04/03/2026,21:30:35,47.6204,-52.73557,139.0,1,SKT-4015,,1.0,1.0,GPAO
04/03/2026,21:30:42,47.62038,-52.73557,138.0,1,SKT-4015,,1.0,1.0,GPAO
04/03/2026,21:30:49,47.62037,-52.73559,137.0,1,SKT-4015,,1.0,1.0,GPAO
04/03/2026,21:30:57,47.62036,-52.73561,141.0,1,SKT-4015,,1.0,1.0,GPAO
04/03/2026,21:31:04,47.62036,-52.73564,145.0,1,SKT-4015,,1.0,1.0,GPAO
04/03/2026,21:31:11,47.62037,-52.73566,150.0,1,SKT-4015,,1.0,1.0,GPAO
04/03/2026,21:31:18,47.62037,-52.73568,155.0,1,SKT-4015,,1.0,1.0,GPAO
04/03/2026,21:31:26,47.62038,-52.73567,159.0,1,SKT-4015,,1.0,1.0,GPAO
04/03/2026,21:31:34,47.62039,-52.73566,158.0,1,SKT-4015,,1.0,1.0,GPAO
04/03/2026,21:31:41,47.6204,-52.73565,158.0,1,SKT-4015,,1.0,1.0,GPAO
04/03/2026,21:31:48,47.6204,-52.73563,158.0,1,SKT-4015,,1.0,1.0,GPAO
04/03/2026,21:31:55,47.62039,-52.73561,159.0,1,SKT-4015,,1.0,1.0,GPAO
04/03/2026,21:32:03,47.62037,-52.7356,160.0,1,SKT-4015,,1.0,1.0,GPAO
04/03/2026,21:32:10,47.62035,-52.73558,161.0,1,SKT-4015,,1.0,1.0,GPAO
04/03/2026,21:32:17,47.62035,-52.73558,160.0,1,SKT-4015,,1.0,1.0,GPAO
04/03/2026,21:32:24,47.62033,-52.73557,160.0,1,SKT-4015,,1.0,1.0,GPAO
04/03/2026,21:32:32,47.62033,-52.73561,159.0,1,SKT-4015,,1.0,1.0,GPAO
04/03/2026,21:32:39,47.62032,-52.73568,160.0,1,SKT-4015,,1.0,1.0,GPAO
04/03/2026,21:32:46,47.62032,-52.73572,160.0,1,SKT-4015,,1.0,1.0,GPAO
04/03/2026,21:32:53,47.6203,-52.73573,162.0,1,SKT-4015,,1.0,1.0,GPAO
04/03/2026,21:33:01,47.6203,-52.73571,159.0,1,SKT-4015,,1.0,1.0,GPAO
04/03/2026,21:33:08,47.62029,-52.7357,158.0,1,SKT-4015,,1.0,1.0,GPAO
04/03/2026,21:33:16,47.62027,-52.73573,160.0,1,SKT-4015,,1.0,1.0,GPAO
04/03/2026,21:33:23,47.62025,-52.73574,165.0,1,SKT-4015,,1.0,1.0,GPAO
04/03/2026,21:33:30,47.62024,-52.73577,173.0,1,SKT-4015,,1.0,1.0,GPAO
04/03/2026,21:33:38,47.62023,-52.73577,179.0,1,SKT-4015,,1.0,1.0,GPAO
04/03/2026,21:33:45,47.62024,-52.73577,181.0,1,SKT-4015,,1.0,1.0,GPAO
04/03/2026,21:33:52,47.62025,-52.73575,179.0,1,SKT-4015,,1.0,1.0,GPAO
04/03/2026,21:33:59,47.62027,-52.73574,176.0,1,SKT-4015,,1.0,1.0,GPAO
04/03/2026,21:34:07,47.62029,-52.73573,174.0,1,SKT-4015,,1.0,1.0,GPAO
04/03/2026,21:34:14,47.6203,-52.73571,172.0,1,SKT-4015,,1.0,1.0,GPAO
04/03/2026,21:34:21,47.62032,-52.73568,168.0,1,SKT-4015,,1.0,1.0,GPAO
04/03/2026,21:34:28,47.62033,-52.73565,165.0,1,SKT-4015,,1.0,1.0,GPAO
04/03/2026,21:34:36,47.62035,-52.73564,160.0,1,SKT-4015,,1.0,1.0,GPAO
04/03/2026,21:34:43,47.62036,-52.73566,157.0,1,SKT-4015,,1.0,1.0,GPAO
04/03/2026,21:34:50,47.62037,-52.73568,154.0,1,SKT-4015,,1.0,1.0,GPAO
04/03/2026,21:34:57,47.62037,-52.73568,153.0,1,SKT-4015,,1.0,1.0,GPAO
04/03/2026,21:35:05,47.62036,-52.73566,152.0,1,SKT-4015,,1.0,1.0,GPAO
04/03/2026,21:35:12,47.62036,-52.73563,152.0,1,SKT-4015,,1.0,1.0,GPAO
04/03/2026,21:35:19,47.62035,-52.73563,152.0,1,SKT-4015,,1.0,1.0,GPAO
04/03/2026,21:35:27,47.62035,-52.73562,153.0,1,SKT-4015,,1.0,1.0,GPAO
04/03/2026,21:35:34,47.62033,-52.73562,155.0,1,SKT-4015,,1.0,1.0,GPAO
04/03/2026,21:35:42,47.62034,-52.7356,155.0,1,SKT-4015,,1.0,1.0,GPAO
04/03/2026,21:35:49,47.62035,-52.73558,155.0,1,SKT-4015,,1.0,1.0,GPAO
04/03/2026,21:35:56,47.62035,-52.73557,155.0,1,SKT-4015,,1.0,1.0,GPAO
04/03/2026,21:36:04,47.62035,-52.73557,157.0,1,SKT-4015,,1.0,1.0,GPAO
04/03/2026,21:36:11,47.62036,-52.73556,157.0,1,SKT-4015,,1.0,1.0,GPAO
04/03/2026,21:36:18,47.62037,-52.73555,155.0,1,SKT-4015,,1.0,1.0,GPAO
04/03/2026,21:36:25,47.62037,-52.73555,153.0,1,SKT-4015,,1.0,1.0,GPAO
04/03/2026,21:36:33,47.62037,-52.73555,152.0,1,SKT-4015,,1.0,1.0,GPAO
04/03/2026,21:36:40,47.62036,-52.73555,153.0,1,SKT-4015,,1.0,1.0,GPAO
04/03/2026,21:36:47,47.62035,-52.73557,154.0,1,SKT-4015,,1.0,1.0,GPAO
04/03/2026,21:36:54,47.62034,-52.73558,155.0,1,SKT-4015,,1.0,1.0,GPAO
04/03/2026,21:37:02,47.62033,-52.73558,156.0,1,SKT-4015,,1.0,1.0,GPAO
04/03/2026,21:37:09,47.62033,-52.73558,157.0,1,SKT-4015,,1.0,1.0,GPAO
04/03/2026,21:37:16,47.62033,-52.73559,156.0,1,SKT-4015,,1.0,1.0,GPAO
04/03/2026,21:37:23,47.62033,-52.73559,157.0,1,SKT-4015,,1.0,1.0,GPAO
04/03/2026,21:37:31,47.62034,-52.73558,156.0,1,SKT-4015,,1.0,1.0,GPAO
04/03/2026,21:37:38,47.62035,-52.73557,154.0,1,SKT-4015,,1.0,1.0,GPAO
04/03/2026,21:37:45,47.62036,-52.73557,151.0,1,SKT-4015,,1.0,1.0,GPAO
04/03/2026,21:37:52,47.62037,-52.73556,149.0,1,SKT-4015,,1.0,1.0,GPAO
04/03/2026,21:38:00,47.62037,-52.73557,148.0,1,SKT-4015,,1.0,1.0,GPAO
04/03/2026,21:38:07,47.62038,-52.73557,147.0,1,SKT-4015,,1.0,1.0,GPAO
04/03/2026,21:38:14,47.62039,-52.73559,145.0,1,SKT-4015,,1.0,1.0,GPAO
04/03/2026,21:38:21,47.6204,-52.73561,143.0,1,SKT-4015,,1.0,1.0,GPAO
04/03/2026,21:38:29,47.62041,-52.73564,143.0,1,SKT-4015,,1.0,1.0,GPAO
04/03/2026,21:38:36,47.62041,-52.73565,145.0,1,SKT-4015,,1.0,1.0,GPAO
04/03/2026,21:38:43,47.62041,-52.73568,148.0,1,SKT-4015,,1.0,1.0,GPAO
04/03/2026,21:38:50,47.6204,-52.73568,150.0,1,SKT-4015,,1.0,1.0,GPAO
04/03/2026,21:38:58,47.62038,-52.73566,156.0,1,SKT-4015,,1.0,1.0,GPAO
04/03/2026,21:39:05,47.62036,-52.73564,161.0,1,SKT-4015,,1.0,1.0,GPAO
04/03/2026,21:39:12,47.62035,-52.73563,162.0,1,SKT-4015,,1.0,1.0,GPAO
04/03/2026,21:39:19,47.62033,-52.73561,164.0,1,SKT-4015,,1.0,1.0,GPAO
04/03/2026,21:39:26,47.62033,-52.7356,165.0,1,SKT-4015,,1.0,1.0,GPAO
04/03/2026,21:39:34,47.62033,-52.73559,164.0,1,SKT-4015,,1.0,1.0,GPAO
04/03/2026,21:39:41,47.62033,-52.73558,161.0,1,SKT-4015,,1.0,1.0,GPAO
04/03/2026,21:39:48,47.62033,-52.73559,159.0,1,SKT-4015,,1.0,1.0,GPAO
04/03/2026,21:39:55,47.62034,-52.73559,159.0,1,SKT-4015,,1.0,1.0,GPAO
04/03/2026,21:40:03,47.62035,-52.73557,161.0,1,SKT-4015,,1.0,1.0,GPAO
04/03/2026,21:40:10,47.62037,-52.73552,165.0,1,SKT-4015,,1.0,1.0,GPAO
04/03/2026,21:40:17,47.62039,-52.73547,166.0,1,SKT-4015,,1.0,1.0,GPAO
04/03/2026,21:40:24,47.62039,-52.73547,168.0,1,SKT-4015,,1.0,1.0,GPAO
04/03/2026,21:40:32,47.62038,-52.73549,172.0,1,SKT-4015,,1.0,1.0,GPAO
04/03/2026,21:40:39,47.62038,-52.7355,176.0,1,SKT-4015,,1.0,1.0,GPAO
04/03/2026,21:40:46,47.62039,-52.7355,175.0,1,SKT-4015,,1.0,1.0,GPAO
04/03/2026,21:40:53,47.62039,-52.73549,172.0,1,SKT-4015,,1.0,1.0,GPAO
04/03/2026,21:41:01,47.62038,-52.73549,170.0,1,SKT-4015,,1.0,1.0,GPAO
04/03/2026,21:41:08,47.62037,-52.73549,168.0,1,SKT-4015,,1.0,1.0,GPAO
04/03/2026,21:41:15,47.62036,-52.73551,162.0,1,SKT-4015,,1.0,1.0,GPAO
04/03/2026,21:41:22,47.62035,-52.73552,159.0,1,SKT-4015,,1.0,1.0,GPAO
04/03/2026,21:41:30,47.62034,-52.73554,152.0,1,SKT-4015,,1.0,1.0,GPAO
04/03/2026,21:41:37,47.62035,-52.73556,144.0,1,SKT-4015,,1.0,1.0,GPAO
04/03/2026,21:41:44,47.62036,-52.73557,139.0,1,SKT-4015,,1.0,1.0,GPAO
04/03/2026,21:41:51,47.62036,-52.73557,140.0,1,SKT-4015,,1.0,1.0,GPAO
04/03/2026,21:41:59,47.62035,-52.73558,146.0,1,SKT-4015,,1.0,1.0,GPAO
04/03/2026,21:42:06,47.62035,-52.73557,148.0,1,SKT-4015,,1.0,1.0,GPAO
04/03/2026,21:42:13,47.62036,-52.73555,153.0,1,SKT-4015,,1.0,1.0,GPAO
04/03/2026,21:42:20,47.62036,-52.73554,161.0,1,SKT-4015,,1.0,1.0,GPAO
04/03/2026,21:42:28,47.62035,-52.73557,170.0,1,SKT-4015,,1.0,1.0,GPAO
04/03/2026,21:42:36,47.62035,-52.73562,178.0,1,SKT-4015,,1.0,1.0,GPAO
04/03/2026,21:42:43,47.62036,-52.73564,180.0,1,SKT-4015,,1.0,1.0,GPAO
04/03/2026,21:42:50,47.62037,-52.73565,179.0,1,SKT-4015,,1.0,1.0,GPAO
04/03/2026,21:42:57,47.62038,-52.73565,175.0,1,SKT-4015,,1.0,1.0,GPAO
04/03/2026,21:43:05,47.62039,-52.73563,170.0,1,SKT-4015,,1.0,1.0,GPAO
04/03/2026,21:43:12,47.6204,-52.7356,166.0,1,SKT-4015,,1.0,1.0,GPAO
04/03/2026,21:43:19,47.62038,-52.73558,166.0,1,SKT-4015,,1.0,1.0,GPAO
04/03/2026,21:43:26,47.62037,-52.7356,169.0,1,SKT-4015,,1.0,1.0,GPAO
04/03/2026,21:43:34,47.62038,-52.7356,165.0,1,SKT-4015,,1.0,1.0,GPAO
04/03/2026,21:43:41,47.62039,-52.73557,159.0,1,SKT-4015,,1.0,1.0,GPAO
04/03/2026,21:43:48,47.6204,-52.73555,155.0,1,SKT-4015,,1.0,1.0,GPAO
04/03/2026,21:43:55,47.62041,-52.73553,152.0,1,SKT-4015,,1.0,1.0,GPAO
04/03/2026,21:44:03,47.62042,-52.73553,153.0,1,SKT-4015,,1.0,1.0,GPAO
04/03/2026,21:44:10,47.62043,-52.73553,157.0,1,SKT-4015,,1.0,1.0,GPAO
04/03/2026,21:44:17,47.62043,-52.73553,163.0,1,SKT-4015,,1.0,1.0,GPAO
04/03/2026,21:44:24,47.62044,-52.73551,168.0,1,SKT-4015,,1.0,1.0,GPAO
04/03/2026,21:44:32,47.62043,-52.73548,172.0,1,SKT-4015,,1.0,1.0,GPAO
04/03/2026,21:44:39,47.62043,-52.73547,170.0,1,SKT-4015,,1.0,1.0,GPAO
04/03/2026,21:44:46,47.62043,-52.73546,169.0,1,SKT-4015,,1.0,1.0,GPAO
04/03/2026,21:44:53,47.62044,-52.73547,168.0,1,SKT-4015,,1.0,1.0,GPAO
04/03/2026,21:45:01,47.62045,-52.73547,165.0,1,SKT-4015,,1.0,1.0,GPAO
04/03/2026,21:45:08,47.62044,-52.73549,160.0,1,SKT-4015,,1.0,1.0,GPAO
04/03/2026,21:45:15,47.62043,-52.73552,153.0,1,SKT-4015,,1.0,1.0,GPAO
04/03/2026,21:45:22,47.6204,-52.73553,149.0,1,SKT-4015,,1.0,1.0,GPAO
04/03/2026,21:45:30,47.62036,-52.73554,144.0,1,SKT-4015,,1.0,1.0,GPAO
04/03/2026,21:45:37,47.62032,-52.73552,142.0,1,SKT-4015,,1.0,1.0,GPAO
04/03/2026,21:45:44,47.62032,-52.73552,141.0,1,SKT-4015,,1.0,1.0,GPAO
04/03/2026,21:45:51,47.62033,-52.73551,139.0,1,SKT-4015,,1.0,1.0,GPAO
04/03/2026,21:45:59,47.62035,-52.73551,138.0,1,SKT-4015,,1.0,1.0,GPAO
04/03/2026,21:46:06,47.62036,-52.7355,140.0,1,SKT-4015,,1.0,1.0,GPAO
04/03/2026,21:46:13,47.62036,-52.73549,140.0,1,SKT-4015,,1.0,1.0,GPAO
04/03/2026,21:46:20,47.62035,-52.73549,140.0,1,SKT-4015,,1.0,1.0,GPAO
04/03/2026,21:46:28,47.62034,-52.73552,139.0,1,SKT-4015,,1.0,1.0,GPAO
04/03/2026,21:46:35,47.62033,-52.73554,137.0,1,SKT-4015,,1.0,1.0,GPAO
04/03/2026,21:46:42,47.62032,-52.73555,133.0,1,SKT-4015,,1.0,1.0,GPAO
04/03/2026,21:46:49,47.62032,-52.73557,132.0,1,SKT-4015,,1.0,1.0,GPAO
04/03/2026,21:46:57,47.62032,-52.73558,130.0,1,SKT-4015,,1.0,1.0,GPAO
04/03/2026,21:47:04,47.62033,-52.73561,130.0,1,SKT-4015,,1.0,1.0,GPAO
04/03/2026,21:47:11,47.62033,-52.73564,130.0,1,SKT-4015,,1.0,1.0,GPAO
04/03/2026,21:47:18,47.62034,-52.73565,131.0,1,SKT-4015,,1.0,1.0,GPAO
04/03/2026,21:47:26,47.62035,-52.73566,130.0,1,SKT-4015,,1.0,1.0,GPAO
04/03/2026,21:47:33,47.62035,-52.73568,131.0,1,SKT-4015,,1.0,1.0,GPAO
04/03/2026,21:47:40,47.62035,-52.73569,128.0,1,SKT-4015,,1.0,1.0,GPAO
04/03/2026,21:47:47,47.62035,-52.73571,123.0,1,SKT-4015,,1.0,1.0,GPAO
04/03/2026,21:47:54,47.62035,-52.73573,121.0,1,SKT-4015,,1.0,1.0,GPAO
04/03/2026,21:48:02,47.62036,-52.73574,123.0,1,SKT-4015,,1.0,1.0,GPAO
04/03/2026,21:48:09,47.62037,-52.73576,126.0,1,SKT-4015,,1.0,1.0,GPAO
04/03/2026,21:48:16,47.62037,-52.73575,130.0,1,SKT-4015,,1.0,1.0,GPAO
04/03/2026,21:48:23,47.62035,-52.73572,138.0,1,SKT-4015,,1.0,1.0,GPAO
04/03/2026,21:48:31,47.62035,-52.73569,139.0,1,SKT-4015,,1.0,1.0,GPAO
04/03/2026,21:48:38,47.62036,-52.73567,138.0,1,SKT-4015,,1.0,1.0,GPAO
04/03/2026,21:48:45,47.62037,-52.73568,139.0,1,SKT-4015,,1.0,1.0,GPAO
04/03/2026,21:48:52,47.62037,-52.73569,142.0,1,SKT-4015,,1.0,1.0,GPAO
04/03/2026,21:49:00,47.62036,-52.73577,154.0,1,SKT-4015,,1.0,1.0,GPAO
04/03/2026,21:49:07,47.62035,-52.73581,165.0,1,SKT-4015,,1.0,1.0,GPAO
04/03/2026,21:49:14,47.62034,-52.73584,173.0,1,SKT-4015,,1.0,1.0,GPAO
04/03/2026,21:49:21,47.62033,-52.73583,173.0,1,SKT-4015,,1.0,1.0,GPAO
04/03/2026,21:49:29,47.62032,-52.7358,166.0,1,SKT-4015,,1.0,1.0,GPAO
04/03/2026,21:49:36,47.6203,-52.73578,163.0,1,SKT-4015,,1.0,1.0,GPAO
04/03/2026,21:49:43,47.62028,-52.73578,159.0,1,SKT-4015,,1.0,1.0,GPAO
04/03/2026,21:49:50,47.62027,-52.73576,160.0,1,SKT-4015,,1.0,1.0,GPAO
04/03/2026,21:49:58,47.62027,-52.73573,160.0,1,SKT-4015,,1.0,1.0,GPAO
04/03/2026,21:50:05,47.62028,-52.73571,161.0,1,SKT-4015,,1.0,1.0,GPAO
04/03/2026,21:50:12,47.62029,-52.73568,161.0,1,SKT-4015,,1.0,1.0,GPAO
04/03/2026,21:50:19,47.62028,-52.73567,163.0,1,SKT-4015,,1.0,1.0,GPAO
04/03/2026,21:50:27,47.62028,-52.73566,166.0,1,SKT-4015,,1.0,1.0,GPAO
04/03/2026,21:50:34,47.62029,-52.73567,168.0,1,SKT-4015,,1.0,1.0,GPAO
04/03/2026,21:50:41,47.6203,-52.73569,174.0,1,SKT-4015,,1.0,1.0,GPAO
04/03/2026,21:50:48,47.62031,-52.73569,177.0,1,SKT-4015,,1.0,1.0,GPAO
04/03/2026,21:50:56,47.62032,-52.73568,177.0,1,SKT-4015,,1.0,1.0,GPAO
04/03/2026,21:51:03,47.62033,-52.73568,175.0,1,SKT-4015,,1.0,1.0,GPAO
04/03/2026,21:51:10,47.62034,-52.7357,174.0,1,SKT-4015,,1.0,1.0,GPAO
04/03/2026,21:51:17,47.62034,-52.73574,173.0,1,SKT-4015,,1.0,1.0,GPAO
04/03/2026,21:51:25,47.62034,-52.73577,174.0,1,SKT-4015,,1.0,1.0,GPAO
04/03/2026,21:51:32,47.62034,-52.73579,176.0,1,SKT-4015,,1.0,1.0,GPAO
04/03/2026,21:51:39,47.62035,-52.73578,174.0,1,SKT-4015,,1.0,1.0,GPAO
04/03/2026,21:51:46,47.62035,-52.73576,173.0,1,SKT-4015,,1.0,1.0,GPAO
04/03/2026,21:51:54,47.62035,-52.73574,173.0,1,SKT-4015,,1.0,1.0,GPAO
04/03/2026,21:52:01,47.62035,-52.73573,174.0,1,SKT-4015,,1.0,1.0,GPAO
04/03/2026,21:52:08,47.62036,-52.73572,171.0,1,SKT-4015,,1.0,1.0,GPAO
04/03/2026,21:52:15,47.62038,-52.73569,167.0,1,SKT-4015,,1.0,1.0,GPAO
04/03/2026,21:52:23,47.62041,-52.73568,165.0,1,SKT-4015,,1.0,1.0,GPAO
04/03/2026,21:52:30,47.62042,-52.73569,169.0,1,SKT-4015,,1.0,1.0,GPAO
04/03/2026,21:52:37,47.62043,-52.73568,170.0,1,SKT-4015,,1.0,1.0,GPAO
04/03/2026,21:52:44,47.62043,-52.73566,170.0,1,SKT-4015,,1.0,1.0,GPAO
04/03/2026,21:52:52,47.62043,-52.73565,168.0,1,SKT-4015,,1.0,1.0,GPAO
04/03/2026,21:52:59,47.62043,-52.73563,167.0,1,SKT-4015,,1.0,1.0,GPAO
04/03/2026,21:53:06,47.62041,-52.73563,169.0,1,SKT-4015,,1.0,1.0,GPAO
04/03/2026,21:53:13,47.6204,-52.73562,171.0,1,SKT-4015,,1.0,1.0,GPAO
04/03/2026,21:53:20,47.62038,-52.73561,171.0,1,SKT-4015,,1.0,1.0,GPAO
04/03/2026,21:53:28,47.62035,-52.73563,176.0,1,SKT-4015,,1.0,1.0,GPAO
04/03/2026,21:53:35,47.62032,-52.73566,178.0,1,SKT-4015,,1.0,1.0,GPAO
04/03/2026,21:53:42,47.6203,-52.73569,183.0,1,SKT-4015,,1.0,1.0,GPAO
04/03/2026,21:53:49,47.62028,-52.73571,186.0,1,SKT-4015,,1.0,1.0,GPAO
04/03/2026,21:53:57,47.62028,-52.73571,187.0,1,SKT-4015,,1.0,1.0,GPAO
04/03/2026,21:54:04,47.62028,-52.73572,186.0,1,SKT-4015,,1.0,1.0,GPAO
04/03/2026,21:54:11,47.62028,-52.73573,185.0,1,SKT-4015,,1.0,1.0,GPAO
04/03/2026,21:54:18,47.62027,-52.73573,183.0,1,SKT-4015,,1.0,1.0,GPAO
04/03/2026,21:54:26,47.62028,-52.73571,179.0,1,SKT-4015,,1.0,1.0,GPAO
04/03/2026,21:54:33,47.62029,-52.7357,176.0,1,SKT-4015,,1.0,1.0,GPAO
04/03/2026,21:54:40,47.62029,-52.73569,173.0,1,SKT-4015,,1.0,1.0,GPAO
04/03/2026,21:54:48,47.6203,-52.73566,171.0,1,SKT-4015,,1.0,1.0,GPAO
04/03/2026,21:54:55,47.62031,-52.73565,168.0,1,SKT-4015,,1.0,1.0,GPAO
04/03/2026,21:55:03,47.62032,-52.73563,166.0,1,SKT-4015,,1.0,1.0,GPAO
04/03/2026,21:55:11,47.62033,-52.73562,165.0,1,SKT-4015,,1.0,1.0,GPAO
04/03/2026,21:55:18,47.62032,-52.73561,165.0,1,SKT-4015,,1.0,1.0,GPAO
04/03/2026,21:55:25,47.62032,-52.7356,165.0,1,SKT-4015,,1.0,1.0,GPAO
04/03/2026,21:55:32,47.62031,-52.73561,168.0,1,SKT-4015,,1.0,1.0,GPAO
04/03/2026,21:55:40,47.6203,-52.73561,170.0,1,SKT-4015,,1.0,1.0,GPAO
04/03/2026,21:55:47,47.62029,-52.7356,171.0,1,SKT-4015,,1.0,1.0,GPAO
04/03/2026,21:55:54,47.62029,-52.7356,171.0,1,SKT-4015,,1.0,1.0,GPAO
04/03/2026,21:56:02,47.62029,-52.73562,172.0,1,SKT-4015,,1.0,1.0,GPAO
04/03/2026,21:56:09,47.6203,-52.73564,174.0,1,SKT-4015,,1.0,1.0,GPAO
04/03/2026,21:56:16,47.62031,-52.73565,176.0,1,SKT-4015,,1.0,1.0,GPAO
04/03/2026,21:56:24,47.62033,-52.73566,178.0,1,SKT-4015,,1.0,1.0,GPAO
04/03/2026,21:56:31,47.62034,-52.73566,177.0,1,SKT-4015,,1.0,1.0,GPAO
04/03/2026,21:56:39,47.62036,-52.73567,175.0,1,SKT-4015,,1.0,1.0,GPAO
04/03/2026,21:56:46,47.62037,-52.73568,173.0,1,SKT-4015,,1.0,1.0,GPAO
04/03/2026,21:56:53,47.62037,-52.73568,175.0,1,SKT-4015,,1.0,1.0,GPAO
04/03/2026,21:57:00,47.62037,-52.73568,177.0,1,SKT-4015,,1.0,1.0,GPAO
04/03/2026,21:57:08,47.62035,-52.73569,179.0,1,SKT-4015,,1.0,1.0,GPAO
04/03/2026,21:57:15,47.62035,-52.7357,182.0,1,SKT-4015,,1.0,1.0,GPAO
04/03/2026,21:57:22,47.62035,-52.7357,183.0,1,SKT-4015,,1.0,1.0,GPAO
04/03/2026,21:57:29,47.62035,-52.7357,181.0,1,SKT-4015,,1.0,1.0,GPAO
04/03/2026,21:57:36,47.62035,-52.7357,177.0,1,SKT-4015,,1.0,1.0,GPAO
04/03/2026,21:57:44,47.62036,-52.73571,173.0,1,SKT-4015,,1.0,1.0,GPAO
04/03/2026,21:57:51,47.62036,-52.73571,168.0,1,SKT-4015,,1.0,1.0,GPAO
04/03/2026,21:57:58,47.62037,-52.73571,165.0,1,SKT-4015,,1.0,1.0,GPAO
04/03/2026,21:58:05,47.62036,-52.73571,162.0,1,SKT-4015,,1.0,1.0,GPAO
04/03/2026,21:58:13,47.62036,-52.73569,160.0,1,SKT-4015,,1.0,1.0,GPAO
04/03/2026,21:58:20,47.62037,-52.73568,158.0,1,SKT-4015,,1.0,1.0,GPAO
04/03/2026,21:58:27,47.62038,-52.73565,156.0,1,SKT-4015,,1.0,1.0,GPAO
04/03/2026,21:58:34,47.62038,-52.73563,157.0,1,SKT-4015,,1.0,1.0,GPAO
04/03/2026,21:58:42,47.62039,-52.7356,157.0,1,SKT-4015,,1.0,1.0,GPAO
04/03/2026,21:58:49,47.62039,-52.73561,157.0,1,SKT-4015,,1.0,1.0,GPAO
04/03/2026,21:58:56,47.62039,-52.73561,157.0,1,SKT-4015,,1.0,1.0,GPAO
04/03/2026,21:59:03,47.62038,-52.73561,157.0,1,SKT-4015,,1.0,1.0,GPAO
04/03/2026,21:59:11,47.62037,-52.73562,157.0,1,SKT-4015,,1.0,1.0,GPAO
04/03/2026,21:59:18,47.62037,-52.73562,159.0,1,SKT-4015,,1.0,1.0,GPAO
04/03/2026,21:59:26,47.62037,-52.73563,160.0,1,SKT-4015,,1.0,1.0,GPAO
04/03/2026,21:59:33,47.62037,-52.73564,161.0,1,SKT-4015,,1.0,1.0,GPAO
04/03/2026,21:59:40,47.62037,-52.73565,161.0,1,SKT-4015,,1.0,1.0,GPAO
04/03/2026,21:59:47,47.62038,-52.73566,159.0,1,SKT-4015,,1.0,1.0,GPAO
04/03/2026,21:59:55,47.62039,-52.73566,158.0,1,SKT-4015,,1.0,1.0,GPAO
04/03/2026,22:00:02,47.62039,-52.73566,158.0,1,SKT-4015,,1.0,1.0,GPAO
04/03/2026,22:00:09,47.62039,-52.73565,159.0,1,SKT-4015,,1.0,1.0,GPAO
04/03/2026,22:00:24,47.62037,-52.73563,159.0,1.0,SKT-4015,,1.0,1.0,GPAO
04/03/2026,22:00:31,47.62037,-52.73561,158.0,1.0,SKT-4015,,1.0,1.0,GPAO
04/03/2026,22:00:38,47.62036,-52.7356,157.0,1.0,SKT-4015,,1.0,1.0,GPAO
04/03/2026,22:00:45,47.62036,-52.73559,156.0,1.0,SKT-4015,,1.0,1.0,GPAO
04/03/2026,22:00:53,47.62036,-52.73558,155.0,1.0,SKT-4015,,1.0,1.0,GPAO
04/03/2026,22:01:00,47.62037,-52.73557,156.0,1.0,SKT-4015,,1.0,1.0,GPAO
04/03/2026,22:01:07,47.62037,-52.73557,157.0,1.0,SKT-4015,,1.0,1.0,GPAO
04/03/2026,22:01:14,47.62038,-52.73558,156.0,1.0,SKT-4015,,1.0,1.0,GPAO
04/03/2026,22:01:21,47.62039,-52.73558,154.0,1.0,SKT-4015,,1.0,1.0,GPAO
04/03/2026,22:01:29,47.62038,-52.73559,152.0,1.0,SKT-4015,,1.0,1.0,GPAO
04/03/2026,22:01:36,47.62038,-52.73559,153.0,1.0,SKT-4015,,1.0,1.0,GPAO
04/03/2026,22:01:44,47.62037,-52.7356,155.0,1.0,SKT-4015,,1.0,1.0,GPAO
04/03/2026,22:01:51,47.62035,-52.7356,157.0,1.0,SKT-4015,,1.0,1.0,GPAO
04/03/2026,22:01:59,47.62034,-52.7356,161.0,1.0,SKT-4015,,1.0,1.0,GPAO
04/03/2026,22:02:06,47.62034,-52.73561,166.0,1.0,SKT-4015,,1.0,1.0,GPAO
04/03/2026,22:02:13,47.62034,-52.73562,171.0,1.0,SKT-4015,,1.0,1.0,GPAO
04/03/2026,22:02:20,47.62035,-52.73562,174.0,1.0,SKT-4015,,1.0,1.0,GPAO
04/03/2026,22:02:27,47.62036,-52.73561,176.0,1.0,SKT-4015,,1.0,1.0,GPAO
04/03/2026,22:02:35,47.62038,-52.73561,175.0,1.0,SKT-4015,,1.0,1.0,GPAO
04/03/2026,22:02:42,47.62039,-52.73563,172.0,1.0,SKT-4015,,1.0,1.0,GPAO
04/03/2026,22:02:49,47.6204,-52.73566,171.0,1.0,SKT-4015,,1.0,1.0,GPAO
04/03/2026,22:02:57,47.6204,-52.73568,173.0,1.0,SKT-4015,,1.0,1.0,GPAO
04/03/2026,22:03:04,47.62039,-52.7357,175.0,1.0,SKT-4015,,1.0,1.0,GPAO
04/03/2026,22:03:12,47.62038,-52.73569,176.0,1.0,SKT-4015,,1.0,1.0,GPAO
04/03/2026,22:03:19,47.62037,-52.73568,176.0,1.0,SKT-4015,,1.0,1.0,GPAO
04/03/2026,22:03:26,47.62035,-52.73568,178.0,1.0,SKT-4015,,1.0,1.0,GPAO
04/03/2026,22:03:34,47.62031,-52.73568,182.0,1.0,SKT-4015,,1.0,1.0,GPAO
04/03/2026,22:03:41,47.62029,-52.73566,184.0,1.0,SKT-4015,,1.0,1.0,GPAO
04/03/2026,22:03:49,47.62027,-52.73565,187.0,1.0,SKT-4015,,1.0,1.0,GPAO
04/03/2026,22:03:56,47.62026,-52.73563,190.0,1.0,SKT-4015,,1.0,1.0,GPAO
04/03/2026,22:04:03,47.62025,-52.73564,190.0,1.0,SKT-4015,,1.0,1.0,GPAO
04/03/2026,22:04:11,47.62026,-52.73566,189.0,1.0,SKT-4015,,1.0,1.0,GPAO
04/03/2026,22:04:18,47.62027,-52.73566,189.0,1.0,SKT-4015,,1.0,1.0,GPAO
04/03/2026,22:04:25,47.62028,-52.73565,189.0,1.0,SKT-4015,,1.0,1.0,GPAO
04/03/2026,22:04:32,47.62029,-52.73565,188.0,1.0,SKT-4015,,1.0,1.0,GPAO
04/03/2026,22:04:40,47.62031,-52.73565,186.0,1.0,SKT-4015,,1.0,1.0,GPAO
04/03/2026,22:04:47,47.62033,-52.73565,184.0,1.0,SKT-4015,,1.0,1.0,GPAO
04/03/2026,22:04:54,47.62034,-52.73566,183.0,1.0,SKT-4015,,1.0,1.0,GPAO
04/03/2026,22:05:01,47.62034,-52.73567,180.0,1.0,SKT-4015,,1.0,1.0,GPAO
04/03/2026,22:05:09,47.62034,-52.73568,177.0,1.0,SKT-4015,,1.0,1.0,GPAO
04/03/2026,22:05:16,47.62035,-52.73568,174.0,1.0,SKT-4015,,1.0,1.0,GPAO
04/03/2026,22:05:23,47.62036,-52.73569,173.0,1.0,SKT-4015,,1.0,1.0,GPAO
04/03/2026,22:05:30,47.62037,-52.73569,171.0,1.0,SKT-4015,,1.0,1.0,GPAO
04/03/2026,22:05:38,47.62037,-52.73568,168.0,1.0,SKT-4015,,1.0,1.0,GPAO
04/03/2026,22:05:45,47.62037,-52.73568,165.0,1.0,SKT-4015,,1.0,1.0,GPAO
04/03/2026,22:05:52,47.62037,-52.73569,165.0,1.0,SKT-4015,,1.0,1.0,GPAO
04/03/2026,22:05:59,47.62037,-52.7357,163.0,1.0,SKT-4015,,1.0,1.0,GPAO
04/03/2026,22:06:07,47.62037,-52.73571,162.0,1.0,SKT-4015,,1.0,1.0,GPAO
04/03/2026,22:06:14,47.62037,-52.73572,163.0,1.0,SKT-4015,,1.0,1.0,GPAO
04/03/2026,22:06:21,47.62035,-52.73573,168.0,1.0,SKT-4015,,1.0,1.0,GPAO
04/03/2026,22:06:28,47.62034,-52.73574,172.0,1.0,SKT-4015,,1.0,1.0,GPAO
04/03/2026,22:06:36,47.62033,-52.73575,174.0,1.0,SKT-4015,,1.0,1.0,GPAO
04/03/2026,22:06:43,47.62033,-52.73576,175.0,1.0,SKT-4015,,1.0,1.0,GPAO
04/03/2026,22:06:50,47.62032,-52.73577,176.0,1.0,SKT-4015,,1.0,1.0,GPAO
04/03/2026,22:06:57,47.62032,-52.73577,176.0,1.0,SKT-4015,,1.0,1.0,GPAO
04/03/2026,22:07:05,47.62032,-52.73579,175.0,1.0,SKT-4015,,1.0,1.0,GPAO
04/03/2026,22:07:12,47.62032,-52.73577,175.0,1.0,SKT-4015,,1.0,1.0,GPAO
04/03/2026,22:07:19,47.62032,-52.73576,174.0,1.0,SKT-4015,,1.0,1.0,GPAO
04/03/2026,22:07:26,47.62032,-52.73575,175.0,1.0,SKT-4015,,1.0,1.0,GPAO
04/03/2026,22:07:33,47.62031,-52.73574,177.0,1.0,SKT-4015,,1.0,1.0,GPAO
04/03/2026,22:07:41,47.6203,-52.73573,179.0,1.0,SKT-4015,,1.0,1.0,GPAO
04/03/2026,22:07:48,47.6203,-52.73573,180.0,1.0,SKT-4015,,1.0,1.0,GPAO
04/03/2026,22:07:55,47.62029,-52.73572,182.0,1.0,SKT-4015,,1.0,1.0,GPAO
04/03/2026,22:08:02,47.62029,-52.73572,183.0,1.0,SKT-4015,,1.0,1.0,GPAO
04/03/2026,22:08:10,47.6203,-52.73572,181.0,1.0,SKT-4015,,1.0,1.0,GPAO
04/03/2026,22:08:17,47.62032,-52.73572,176.0,1.0,SKT-4015,,1.0,1.0,GPAO
04/03/2026,22:08:24,47.62034,-52.73571,170.0,1.0,SKT-4015,,1.0,1.0,GPAO
04/03/2026,22:08:31,47.62035,-52.73573,168.0,1.0,SKT-4015,,1.0,1.0,GPAO
04/03/2026,22:08:39,47.62035,-52.73574,169.0,1.0,SKT-4015,,1.0,1.0,GPAO
04/03/2026,22:08:46,47.62035,-52.73574,170.0,1.0,SKT-4015,,1.0,1.0,GPAO
04/03/2026,22:08:53,47.62034,-52.73575,173.0,1.0,SKT-4015,,1.0,1.0,GPAO
04/03/2026,22:09:00,47.62034,-52.73575,175.0,1.0,SKT-4015,,1.0,1.0,GPAO
04/03/2026,22:09:08,47.62036,-52.73571,170.0,1.0,SKT-4015,,1.0,1.0,GPAO
04/03/2026,22:09:15,47.62037,-52.73567,166.0,1.0,SKT-4015,,1.0,1.0,GPAO
04/03/2026,22:09:22,47.62037,-52.73565,167.0,1.0,SKT-4015,,1.0,1.0,GPAO
04/03/2026,22:09:29,47.62037,-52.73564,170.0,1.0,SKT-4015,,1.0,1.0,GPAO
04/03/2026,22:09:37,47.62036,-52.73564,173.0,1.0,SKT-4015,,1.0,1.0,GPAO
04/03/2026,22:09:44,47.62035,-52.73564,175.0,1.0,SKT-4015,,1.0,1.0,GPAO
04/03/2026,22:09:51,47.62036,-52.73565,176.0,1.0,SKT-4015,,1.0,1.0,GPAO
04/03/2026,22:09:58,47.62037,-52.73567,173.0,1.0,SKT-4015,,1.0,1.0,GPAO
04/03/2026,22:10:06,47.62037,-52.73568,171.0,1.0,SKT-4015,,1.0,1.0,GPAO
04/03/2026,22:10:13,47.62037,-52.73568,169.0,1.0,SKT-4015,,1.0,1.0,GPAO
04/03/2026,22:10:20,47.62036,-52.73566,165.0,1.0,SKT-4015,,1.0,1.0,GPAO
04/03/2026,22:10:27,47.62035,-52.73564,163.0,1.0,SKT-4015,,1.0,1.0,GPAO
04/03/2026,22:10:35,47.62033,-52.73562,162.0,1.0,SKT-4015,,1.0,1.0,GPAO
04/03/2026,22:10:42,47.62031,-52.73561,163.0,1.0,SKT-4015,,1.0,1.0,GPAO
04/03/2026,22:10:49,47.62031,-52.7356,163.0,1.0,SKT-4015,,1.0,1.0,GPAO
04/03/2026,22:10:56,47.62032,-52.73558,162.0,1.0,SKT-4015,,1.0,1.0,GPAO
04/03/2026,22:11:04,47.62033,-52.73558,161.0,1.0,SKT-4015,,1.0,1.0,GPAO
04/03/2026,22:11:11,47.62033,-52.73558,160.0,1.0,SKT-4015,,1.0,1.0,GPAO
04/03/2026,22:11:18,47.62034,-52.7356,160.0,1.0,SKT-4015,,1.0,1.0,GPAO
04/03/2026,22:11:25,47.62033,-52.73559,161.0,1.0,SKT-4015,,1.0,1.0,GPAO
04/03/2026,22:11:33,47.62033,-52.73558,162.0,1.0,SKT-4015,,1.0,1.0,GPAO
04/03/2026,22:11:40,47.62033,-52.73559,164.0,1.0,SKT-4015,,1.0,1.0,GPAO
04/03/2026,22:11:47,47.62031,-52.73562,166.0,1.0,SKT-4015,,1.0,1.0,GPAO
04/03/2026,22:11:54,47.6203,-52.73563,166.0,1.0,SKT-4015,,1.0,1.0,GPAO
04/03/2026,22:12:01,47.62029,-52.73564,166.0,1.0,SKT-4015,,1.0,1.0,GPAO
04/03/2026,22:12:09,47.62028,-52.73566,165.0,1.0,SKT-4015,,1.0,1.0,GPAO
04/03/2026,22:12:16,47.62027,-52.73566,164.0,1.0,SKT-4015,,1.0,1.0,GPAO
04/03/2026,22:12:23,47.62026,-52.73568,164.0,1.0,SKT-4015,,1.0,1.0,GPAO
04/03/2026,22:12:30,47.62025,-52.73568,164.0,1.0,SKT-4015,,1.0,1.0,GPAO
04/03/2026,22:12:38,47.62025,-52.73566,163.0,1.0,SKT-4015,,1.0,1.0,GPAO
04/03/2026,22:12:45,47.62026,-52.73565,160.0,1.0,SKT-4015,,1.0,1.0,GPAO
04/03/2026,22:12:52,47.62027,-52.73564,158.0,1.0,SKT-4015,,1.0,1.0,GPAO
04/03/2026,22:12:59,47.62029,-52.73564,157.0,1.0,SKT-4015,,1.0,1.0,GPAO
04/03/2026,22:13:07,47.6203,-52.73565,156.0,1.0,SKT-4015,,1.0,1.0,GPAO
04/03/2026,22:13:14,47.62031,-52.73565,156.0,1.0,SKT-4015,,1.0,1.0,GPAO
04/03/2026,22:13:21,47.62031,-52.73566,160.0,1.0,SKT-4015,,1.0,1.0,GPAO
04/03/2026,22:13:28,47.6203,-52.73568,164.0,1.0,SKT-4015,,1.0,1.0,GPAO
04/03/2026,22:13:36,47.6203,-52.73569,167.0,1.0,SKT-4015,,1.0,1.0,GPAO
04/03/2026,22:13:43,47.6203,-52.73568,169.0,1.0,SKT-4015,,1.0,1.0,GPAO
04/03/2026,22:13:50,47.6203,-52.73566,170.0,1.0,SKT-4015,,1.0,1.0,GPAO
04/03/2026,22:13:57,47.6203,-52.73564,171.0,1.0,SKT-4015,,1.0,1.0,GPAO
04/03/2026,22:14:05,47.62029,-52.73564,174.0,1.0,SKT-4015,,1.0,1.0,GPAO
04/03/2026,22:14:12,47.62026,-52.73564,178.0,1.0,SKT-4015,,1.0,1.0,GPAO
04/03/2026,22:14:19,47.62024,-52.73563,182.0,1.0,SKT-4015,,1.0,1.0,GPAO
04/03/2026,22:14:26,47.62023,-52.73561,184.0,1.0,SKT-4015,,1.0,1.0,GPAO
04/03/2026,22:14:34,47.62024,-52.73558,183.0,1.0,SKT-4015,,1.0,1.0,GPAO
04/03/2026,22:14:41,47.62025,-52.73558,181.0,1.0,SKT-4015,,1.0,1.0,GPAO
04/03/2026,22:14:48,47.62026,-52.73558,180.0,1.0,SKT-4015,,1.0,1.0,GPAO
04/03/2026,22:14:55,47.62026,-52.73559,180.0,1.0,SKT-4015,,1.0,1.0,GPAO
04/03/2026,22:15:03,47.62026,-52.7356,183.0,1.0,SKT-4015,,1.0,1.0,GPAO
04/03/2026,22:15:10,47.62027,-52.73561,183.0,1.0,SKT-4015,,1.0,1.0,GPAO
04/03/2026,22:15:17,47.62029,-52.73562,182.0,1.0,SKT-4015,,1.0,1.0,GPAO
04/03/2026,22:15:24,47.6203,-52.73563,181.0,1.0,SKT-4015,,1.0,1.0,GPAO
04/03/2026,22:15:32,47.6203,-52.73563,180.0,1.0,SKT-4015,,1.0,1.0,GPAO
04/03/2026,22:15:39,47.62029,-52.73562,179.0,1.0,SKT-4015,,1.0,1.0,GPAO
04/03/2026,22:15:46,47.62029,-52.7356,178.0,1.0,SKT-4015,,1.0,1.0,GPAO
04/03/2026,22:15:53,47.62028,-52.73559,178.0,1.0,SKT-4015,,1.0,1.0,GPAO
04/03/2026,22:16:01,47.62028,-52.73561,176.0,1.0,SKT-4015,,1.0,1.0,GPAO
04/03/2026,22:16:08,47.62028,-52.73562,173.0,1.0,SKT-4015,,1.0,1.0,GPAO
04/03/2026,22:16:15,47.62027,-52.73562,170.0,1.0,SKT-4015,,1.0,1.0,GPAO
04/03/2026,22:16:22,47.62027,-52.73562,167.0,1.0,SKT-4015,,1.0,1.0,GPAO
04/03/2026,22:16:30,47.62027,-52.73561,163.0,1.0,SKT-4015,,1.0,1.0,GPAO
04/03/2026,22:16:37,47.62027,-52.73561,160.0,1.0,SKT-4015,,1.0,1.0,GPAO
04/03/2026,22:16:44,47.62026,-52.73561,158.0,1.0,SKT-4015,,1.0,1.0,GPAO
04/03/2026,22:16:51,47.62024,-52.73559,157.0,1.0,SKT-4015,,1.0,1.0,GPAO
04/03/2026,22:16:58,47.62023,-52.73557,156.0,1.0,SKT-4015,,1.0,1.0,GPAO
04/03/2026,22:17:06,47.62023,-52.73555,157.0,1.0,SKT-4015,,1.0,1.0,GPAO
04/03/2026,22:17:13,47.62023,-52.73556,158.0,1.0,SKT-4015,,1.0,1.0,GPAO
04/03/2026,22:17:20,47.62024,-52.73559,161.0,1.0,SKT-4015,,1.0,1.0,GPAO
04/03/2026,22:17:27,47.62024,-52.73561,164.0,1.0,SKT-4015,,1.0,1.0,GPAO
04/03/2026,22:17:35,47.62025,-52.73563,168.0,1.0,SKT-4015,,1.0,1.0,GPAO
04/03/2026,22:17:42,47.62026,-52.73564,172.0,1.0,SKT-4015,,1.0,1.0,GPAO
04/03/2026,22:17:49,47.62027,-52.73563,173.0,1.0,SKT-4015,,1.0,1.0,GPAO
04/03/2026,22:17:56,47.62028,-52.73562,171.0,1.0,SKT-4015,,1.0,1.0,GPAO
04/03/2026,22:18:04,47.62029,-52.73563,167.0,1.0,SKT-4015,,1.0,1.0,GPAO
04/03/2026,22:18:11,47.6203,-52.73563,165.0,1.0,SKT-4015,,1.0,1.0,GPAO
04/03/2026,22:18:18,47.62031,-52.73562,162.0,1.0,SKT-4015,,1.0,1.0,GPAO
04/03/2026,22:18:25,47.62032,-52.73561,163.0,1.0,SKT-4015,,1.0,1.0,GPAO
04/03/2026,22:18:33,47.62031,-52.7356,167.0,1.0,SKT-4015,,1.0,1.0,GPAO
04/03/2026,22:18:40,47.62031,-52.7356,168.0,1.0,SKT-4015,,1.0,1.0,GPAO
04/03/2026,22:18:47,47.62032,-52.7356,166.0,1.0,SKT-4015,,1.0,1.0,GPAO
04/03/2026,22:18:54,47.62033,-52.7356,164.0,1.0,SKT-4015,,1.0,1.0,GPAO
04/03/2026,22:19:02,47.62032,-52.73559,164.0,1.0,SKT-4015,,1.0,1.0,GPAO
04/03/2026,22:19:09,47.62032,-52.73559,165.0,1.0,SKT-4015,,1.0,1.0,GPAO
04/03/2026,22:19:16,47.62031,-52.73559,165.0,1.0,SKT-4015,,1.0,1.0,GPAO
04/03/2026,22:19:23,47.6203,-52.7356,164.0,1.0,SKT-4015,,1.0,1.0,GPAO
04/03/2026,22:19:31,47.6203,-52.7356,163.0,1.0,SKT-4015,,1.0,1.0,GPAO
04/03/2026,22:19:38,47.6203,-52.7356,160.0,1.0,SKT-4015,,1.0,1.0,GPAO
04/03/2026,22:19:45,47.62031,-52.73561,158.0,1.0,SKT-4015,,1.0,1.0,GPAO
04/03/2026,22:19:52,47.62032,-52.73563,154.0,1.0,SKT-4015,,1.0,1.0,GPAO
04/03/2026,22:20:00,47.62033,-52.73565,150.0,1.0,SKT-4015,,1.0,1.0,GPAO
04/03/2026,22:20:07,47.62033,-52.73567,145.0,1.0,SKT-4015,,1.0,1.0,GPAO
04/03/2026,22:20:14,47.62034,-52.73567,142.0,1.0,SKT-4015,,1.0,1.0,GPAO
04/03/2026,22:20:21,47.62035,-52.73566,142.0,1.0,SKT-4015,,1.0,1.0,GPAO
04/03/2026,22:20:29,47.62035,-52.73566,145.0,1.0,SKT-4015,,1.0,1.0,GPAO
04/03/2026,22:20:36,47.62037,-52.73568,147.0,1.0,SKT-4015,,1.0,1.0,GPAO
04/03/2026,22:20:43,47.62035,-52.73568,149.0,1.0,SKT-4015,,1.0,1.0,GPAO
04/03/2026,22:20:50,47.62033,-52.73568,151.0,1.0,SKT-4015,,1.0,1.0,GPAO
04/03/2026,22:20:58,47.62032,-52.73568,154.0,1.0,SKT-4015,,1.0,1.0,GPAO
04/03/2026,22:21:05,47.62031,-52.73569,152.0,1.0,SKT-4015,,1.0,1.0,GPAO
04/03/2026,22:21:12,47.6203,-52.73571,147.0,1.0,SKT-4015,,1.0,1.0,GPAO
04/03/2026,22:21:19,47.62029,-52.73572,144.0,1.0,SKT-4015,,1.0,1.0,GPAO
04/03/2026,22:21:27,47.6203,-52.73573,143.0,1.0,SKT-4015,,1.0,1.0,GPAO
04/03/2026,22:21:34,47.62031,-52.73573,144.0,1.0,SKT-4015,,1.0,1.0,GPAO
04/03/2026,22:21:41,47.62032,-52.73572,145.0,1.0,SKT-4015,,1.0,1.0,GPAO
04/03/2026,22:21:48,47.62033,-52.73569,148.0,1.0,SKT-4015,,1.0,1.0,GPAO
04/03/2026,22:21:55,47.62033,-52.73566,148.0,1.0,SKT-4015,,1.0,1.0,GPAO
04/03/2026,22:22:03,47.62035,-52.73563,149.0,1.0,SKT-4015,,1.0,1.0,GPAO
04/03/2026,22:22:10,47.62037,-52.73561,148.0,1.0,SKT-4015,,1.0,1.0,GPAO
04/03/2026,22:22:17,47.62036,-52.73561,150.0,1.0,SKT-4015,,1.0,1.0,GPAO
04/03/2026,22:22:24,47.62034,-52.73561,156.0,1.0,SKT-4015,,1.0,1.0,GPAO
04/03/2026,22:22:32,47.62034,-52.73562,162.0,1.0,SKT-4015,,1.0,1.0,GPAO
04/03/2026,22:22:39,47.62033,-52.73563,169.0,1.0,SKT-4015,,1.0,1.0,GPAO
04/03/2026,22:22:46,47.62033,-52.73564,175.0,1.0,SKT-4015,,1.0,1.0,GPAO
04/03/2026,22:22:53,47.62033,-52.73564,179.0,1.0,SKT-4015,,1.0,1.0,GPAO
04/03/2026,22:23:01,47.62032,-52.73562,181.0,1.0,SKT-4015,,1.0,1.0,GPAO
04/03/2026,22:23:08,47.62034,-52.73561,178.0,1.0,SKT-4015,,1.0,1.0,GPAO
04/03/2026,22:23:15,47.62036,-52.7356,174.0,1.0,SKT-4015,,1.0,1.0,GPAO
04/03/2026,22:23:22,47.62036,-52.73557,170.0,1.0,SKT-4015,,1.0,1.0,GPAO
04/03/2026,22:23:30,47.62035,-52.73554,167.0,1.0,SKT-4015,,1.0,1.0,GPAO
04/03/2026,22:23:38,47.62035,-52.73552,163.0,1.0,SKT-4015,,1.0,1.0,GPAO
04/03/2026,22:23:45,47.62032,-52.73552,159.0,1.0,SKT-4015,,1.0,1.0,GPAO
04/03/2026,22:23:52,47.62029,-52.73553,156.0,1.0,SKT-4015,,1.0,1.0,GPAO
04/03/2026,22:23:59,47.62027,-52.73555,155.0,1.0,SKT-4015,,1.0,1.0,GPAO
04/03/2026,22:24:07,47.62026,-52.73557,157.0,1.0,SKT-4015,,1.0,1.0,GPAO
04/03/2026,22:24:14,47.62027,-52.73558,158.0,1.0,SKT-4015,,1.0,1.0,GPAO
04/03/2026,22:24:21,47.62029,-52.73558,160.0,1.0,SKT-4015,,1.0,1.0,GPAO
04/03/2026,22:24:29,47.6203,-52.73558,160.0,1.0,SKT-4015,,1.0,1.0,GPAO
04/03/2026,22:24:36,47.62031,-52.73559,158.0,1.0,SKT-4015,,1.0,1.0,GPAO
04/03/2026,22:24:43,47.62033,-52.7356,154.0,1.0,SKT-4015,,1.0,1.0,GPAO
04/03/2026,22:24:50,47.62035,-52.7356,152.0,1.0,SKT-4015,,1.0,1.0,GPAO
04/03/2026,22:24:58,47.62036,-52.7356,151.0,1.0,SKT-4015,,1.0,1.0,GPAO
04/03/2026,22:25:05,47.62037,-52.73563,150.0,1.0,SKT-4015,,1.0,1.0,GPAO
04/03/2026,22:25:12,47.62037,-52.73567,148.0,1.0,SKT-4015,,1.0,1.0,GPAO
04/03/2026,22:25:19,47.62038,-52.73569,146.0,1.0,SKT-4015,,1.0,1.0,GPAO
04/03/2026,22:25:27,47.62039,-52.73569,145.0,1.0,SKT-4015,,1.0,1.0,GPAO
04/03/2026,22:25:34,47.6204,-52.73569,146.0,1.0,SKT-4015,,1.0,1.0,GPAO
04/03/2026,22:25:42,47.6204,-52.7357,150.0,1.0,SKT-4015,,1.0,1.0,GPAO
04/03/2026,22:25:49,47.6204,-52.73569,155.0,1.0,SKT-4015,,1.0,1.0,GPAO
04/03/2026,22:25:56,47.62039,-52.73567,160.0,1.0,SKT-4015,,1.0,1.0,GPAO
04/03/2026,22:26:04,47.62039,-52.73565,162.0,1.0,SKT-4015,,1.0,1.0,GPAO
04/03/2026,22:26:11,47.62038,-52.73565,161.0,1.0,SKT-4015,,1.0,1.0,GPAO
04/03/2026,22:26:18,47.6204,-52.73565,157.0,1.0,SKT-4015,,1.0,1.0,GPAO
04/03/2026,22:26:25,47.62041,-52.73565,156.0,1.0,SKT-4015,,1.0,1.0,GPAO
04/03/2026,22:26:33,47.6204,-52.73566,156.0,1.0,SKT-4015,,1.0,1.0,GPAO
04/03/2026,22:26:40,47.6204,-52.73563,158.0,1.0,SKT-4015,,1.0,1.0,GPAO
04/03/2026,22:26:47,47.62039,-52.7356,161.0,1.0,SKT-4015,,1.0,1.0,GPAO
04/03/2026,22:26:54,47.62038,-52.73558,165.0,1.0,SKT-4015,,1.0,1.0,GPAO
04/03/2026,22:27:02,47.62035,-52.73557,168.0,1.0,SKT-4015,,1.0,1.0,GPAO
04/03/2026,22:27:09,47.62035,-52.73558,168.0,1.0,SKT-4015,,1.0,1.0,GPAO
04/03/2026,22:27:16,47.62035,-52.73559,167.0,1.0,SKT-4015,,1.0,1.0,GPAO
04/03/2026,22:27:23,47.62035,-52.7356,168.0,1.0,SKT-4015,,1.0,1.0,GPAO
04/03/2026,22:27:31,47.62034,-52.7356,169.0,1.0,SKT-4015,,1.0,1.0,GPAO
04/03/2026,22:27:38,47.62034,-52.73561,169.0,1.0,SKT-4015,,1.0,1.0,GPAO
04/03/2026,22:27:45,47.62033,-52.73563,167.0,1.0,SKT-4015,,1.0,1.0,GPAO
04/03/2026,22:27:52,47.62033,-52.73565,166.0,1.0,SKT-4015,,1.0,1.0,GPAO
04/03/2026,22:28:00,47.62033,-52.73566,165.0,1.0,SKT-4015,,1.0,1.0,GPAO
04/03/2026,22:28:07,47.62032,-52.73565,165.0,1.0,SKT-4015,,1.0,1.0,GPAO
04/03/2026,22:28:14,47.6203,-52.73564,167.0,1.0,SKT-4015,,1.0,1.0,GPAO
04/03/2026,22:28:21,47.62029,-52.73563,169.0,1.0,SKT-4015,,1.0,1.0,GPAO
04/03/2026,22:28:29,47.62027,-52.73563,171.0,1.0,SKT-4015,,1.0,1.0,GPAO
04/03/2026,22:28:36,47.62026,-52.73565,173.0,1.0,SKT-4015,,1.0,1.0,GPAO
04/03/2026,22:28:43,47.62025,-52.73566,175.0,1.0,SKT-4015,,1.0,1.0,GPAO
04/03/2026,22:28:50,47.62024,-52.73568,176.0,1.0,SKT-4015,,1.0,1.0,GPAO
04/03/2026,22:28:58,47.62024,-52.73569,177.0,1.0,SKT-4015,,1.0,1.0,GPAO
04/03/2026,22:29:05,47.62025,-52.73569,176.0,1.0,SKT-4015,,1.0,1.0,GPAO
04/03/2026,22:29:12,47.62028,-52.73568,172.0,1.0,SKT-4015,,1.0,1.0,GPAO
04/03/2026,22:29:19,47.6203,-52.73566,168.0,1.0,SKT-4015,,1.0,1.0,GPAO
04/03/2026,22:29:27,47.62032,-52.73563,167.0,1.0,SKT-4015,,1.0,1.0,GPAO
04/03/2026,22:29:34,47.62033,-52.73558,169.0,1.0,SKT-4015,,1.0,1.0,GPAO
04/03/2026,22:29:41,47.62033,-52.73557,166.0,1.0,SKT-4015,,1.0,1.0,GPAO
04/03/2026,22:29:48,47.62033,-52.73559,161.0,1.0,SKT-4015,,1.0,1.0,GPAO
04/03/2026,22:29:56,47.62032,-52.73559,154.0,1.0,SKT-4015,,1.0,1.0,GPAO
04/03/2026,22:30:03,47.62032,-52.7356,151.0,1.0,SKT-4015,,1.0,1.0,GPAO
04/03/2026,22:30:10,47.62032,-52.73563,154.0,1.0,SKT-4015,,1.0,1.0,GPAO
04/03/2026,22:30:17,47.62033,-52.73568,161.0,1.0,SKT-4015,,1.0,1.0,GPAO
04/03/2026,22:30:25,47.62033,-52.73568,165.0,1.0,SKT-4015,,1.0,1.0,GPAO
04/03/2026,22:30:32,47.62034,-52.73565,167.0,1.0,SKT-4015,,1.0,1.0,GPAO
04/03/2026,22:30:39,47.62036,-52.73562,165.0,1.0,SKT-4015,,1.0,1.0,GPAO
04/03/2026,22:30:46,47.62037,-52.73561,162.0,1.0,SKT-4015,,1.0,1.0,GPAO
04/03/2026,22:30:53,47.62038,-52.7356,160.0,1.0,SKT-4015,,1.0,1.0,GPAO
04/03/2026,22:31:01,47.62039,-52.73561,160.0,1.0,SKT-4015,,1.0,1.0,GPAO
04/03/2026,22:31:08,47.62039,-52.73563,161.0,1.0,SKT-4015,,1.0,1.0,GPAO
04/03/2026,22:31:15,47.62038,-52.73563,163.0,1.0,SKT-4015,,1.0,1.0,GPAO
04/03/2026,22:31:22,47.62038,-52.73563,164.0,1.0,SKT-4015,,1.0,1.0,GPAO
04/03/2026,22:31:30,47.62039,-52.73561,164.0,1.0,SKT-4015,,1.0,1.0,GPAO
04/03/2026,22:31:37,47.62041,-52.73561,161.0,1.0,SKT-4015,,1.0,1.0,GPAO
04/03/2026,22:31:44,47.62041,-52.73561,160.0,1.0,SKT-4015,,1.0,1.0,GPAO
04/03/2026,22:31:52,47.62041,-52.73561,160.0,1.0,SKT-4015,,1.0,1.0,GPAO
04/03/2026,22:31:59,47.62041,-52.7356,161.0,1.0,SKT-4015,,1.0,1.0,GPAO
04/03/2026,22:32:06,47.6204,-52.73559,163.0,1.0,SKT-4015,,1.0,1.0,GPAO
04/03/2026,22:32:13,47.62037,-52.73563,164.0,1.0,SKT-4015,,1.0,1.0,GPAO
04/03/2026,22:32:21,47.62035,-52.73564,166.0,1.0,SKT-4015,,1.0,1.0,GPAO
04/03/2026,22:32:28,47.62033,-52.73563,166.0,1.0,SKT-4015,,1.0,1.0,GPAO
04/03/2026,22:32:35,47.62033,-52.73561,167.0,1.0,SKT-4015,,1.0,1.0,GPAO
04/03/2026,22:32:42,47.62034,-52.73559,166.0,1.0,SKT-4015,,1.0,1.0,GPAO
04/03/2026,22:32:50,47.62035,-52.73555,168.0,1.0,SKT-4015,,1.0,1.0,GPAO
04/03/2026,22:32:57,47.62037,-52.73551,170.0,1.0,SKT-4015,,1.0,1.0,GPAO
04/03/2026,22:33:04,47.62038,-52.73548,172.0,1.0,SKT-4015,,1.0,1.0,GPAO
04/03/2026,22:33:11,47.62038,-52.73547,174.0,1.0,SKT-4015,,1.0,1.0,GPAO
04/03/2026,22:33:19,47.62037,-52.7355,174.0,1.0,SKT-4015,,1.0,1.0,GPAO
04/03/2026,22:33:26,47.62036,-52.73553,172.0,1.0,SKT-4015,,1.0,1.0,GPAO
04/03/2026,22:33:33,47.62036,-52.73555,173.0,1.0,SKT-4015,,1.0,1.0,GPAO
04/03/2026,22:33:40,47.62036,-52.73554,176.0,1.0,SKT-4015,,1.0,1.0,GPAO
04/03/2026,22:33:48,47.62035,-52.73555,177.0,1.0,SKT-4015,,1.0,1.0,GPAO
04/03/2026,22:33:55,47.62033,-52.73557,176.0,1.0,SKT-4015,,1.0,1.0,GPAO
04/03/2026,22:34:02,47.62034,-52.73559,173.0,1.0,SKT-4015,,1.0,1.0,GPAO
04/03/2026,22:34:09,47.62035,-52.7356,169.0,1.0,SKT-4015,,1.0,1.0,GPAO
04/03/2026,22:34:17,47.62037,-52.7356,163.0,1.0,SKT-4015,,1.0,1.0,GPAO
04/03/2026,22:34:24,47.62038,-52.7356,160.0,1.0,SKT-4015,,1.0,1.0,GPAO
04/03/2026,22:34:31,47.62039,-52.73559,160.0,1.0,SKT-4015,,1.0,1.0,GPAO
04/03/2026,22:34:38,47.62039,-52.73558,162.0,1.0,SKT-4015,,1.0,1.0,GPAO
04/03/2026,22:34:46,47.6204,-52.73558,164.0,1.0,SKT-4015,,1.0,1.0,GPAO
04/03/2026,22:34:53,47.6204,-52.73558,166.0,1.0,SKT-4015,,1.0,1.0,GPAO
04/03/2026,22:35:00,47.62041,-52.73557,167.0,1.0,SKT-4015,,1.0,1.0,GPAO
04/03/2026,22:35:07,47.6204,-52.73558,170.0,1.0,SKT-4015,,1.0,1.0,GPAO
04/03/2026,22:35:15,47.62038,-52.7356,173.0,1.0,SKT-4015,,1.0,1.0,GPAO
04/03/2026,22:35:22,47.62038,-52.7356,174.0,1.0,SKT-4015,,1.0,1.0,GPAO
04/03/2026,22:35:29,47.62038,-52.73561,175.0,1.0,SKT-4015,,1.0,1.0,GPAO
04/03/2026,22:35:36,47.62038,-52.73563,175.0,1.0,SKT-4015,,1.0,1.0,GPAO
04/03/2026,22:35:43,47.62038,-52.73565,174.0,1.0,SKT-4015,,1.0,1.0,GPAO
04/03/2026,22:35:51,47.62037,-52.73566,172.0,1.0,SKT-4015,,1.0,1.0,GPAO
04/03/2026,22:35:58,47.62038,-52.73565,170.0,1.0,SKT-4015,,1.0,1.0,GPAO
04/03/2026,22:36:05,47.62037,-52.73564,170.0,1.0,SKT-4015,,1.0,1.0,GPAO
04/03/2026,22:36:12,47.62035,-52.73562,172.0,1.0,SKT-4015,,1.0,1.0,GPAO
04/03/2026,22:36:20,47.62033,-52.73561,178.0,1.0,SKT-4015,,1.0,1.0,GPAO
04/03/2026,22:36:27,47.62031,-52.7356,181.0,1.0,SKT-4015,,1.0,1.0,GPAO
04/03/2026,22:36:34,47.6203,-52.7356,182.0,1.0,SKT-4015,,1.0,1.0,GPAO
04/03/2026,22:36:41,47.62031,-52.73561,178.0,1.0,SKT-4015,,1.0,1.0,GPAO
04/03/2026,22:36:49,47.62035,-52.73561,172.0,1.0,SKT-4015,,1.0,1.0,GPAO
04/03/2026,22:36:56,47.62037,-52.73561,167.0,1.0,SKT-4015,,1.0,1.0,GPAO
04/03/2026,22:37:03,47.62038,-52.7356,164.0,1.0,SKT-4015,,1.0,1.0,GPAO
04/03/2026,22:37:10,47.62039,-52.7356,161.0,1.0,SKT-4015,,1.0,1.0,GPAO
04/03/2026,22:37:18,47.62038,-52.73559,160.0,1.0,SKT-4015,,1.0,1.0,GPAO
04/03/2026,22:37:25,47.62038,-52.7356,159.0,1.0,SKT-4015,,1.0,1.0,GPAO
04/03/2026,22:37:32,47.62038,-52.73562,158.0,1.0,SKT-4015,,1.0,1.0,GPAO
04/03/2026,22:37:39,47.62038,-52.73564,160.0,1.0,SKT-4015,,1.0,1.0,GPAO
04/03/2026,22:37:47,47.62038,-52.73566,163.0,1.0,SKT-4015,,1.0,1.0,GPAO
04/03/2026,22:37:55,47.62038,-52.73567,166.0,1.0,SKT-4015,,1.0,1.0,GPAO
04/03/2026,22:38:02,47.62037,-52.73568,169.0,1.0,SKT-4015,,1.0,1.0,GPAO
04/03/2026,22:38:09,47.62037,-52.73569,170.0,1.0,SKT-4015,,1.0,1.0,GPAO
04/03/2026,22:38:16,47.62037,-52.73569,171.0,1.0,SKT-4015,,1.0,1.0,GPAO
04/03/2026,22:38:24,47.62037,-52.73569,170.0,1.0,SKT-4015,,1.0,1.0,GPAO
04/03/2026,22:38:31,47.62038,-52.73569,169.0,1.0,SKT-4015,,1.0,1.0,GPAO
04/03/2026,22:38:38,47.62037,-52.73569,169.0,1.0,SKT-4015,,1.0,1.0,GPAO
04/03/2026,22:38:45,47.62038,-52.73569,166.0,1.0,SKT-4015,,1.0,1.0,GPAO
04/03/2026,22:38:53,47.62037,-52.73569,164.0,1.0,SKT-4015,,1.0,1.0,GPAO
04/03/2026,22:39:00,47.62036,-52.73569,161.0,1.0,SKT-4015,,1.0,1.0,GPAO
04/03/2026,22:39:07,47.62035,-52.7357,162.0,1.0,SKT-4015,,1.0,1.0,GPAO
04/03/2026,22:39:14,47.62034,-52.73571,163.0,1.0,SKT-4015,,1.0,1.0,GPAO
04/03/2026,22:39:22,47.62033,-52.73571,166.0,1.0,SKT-4015,,1.0,1.0,GPAO
04/03/2026,22:39:29,47.62033,-52.7357,167.0,1.0,SKT-4015,,1.0,1.0,GPAO
04/03/2026,22:39:36,47.62033,-52.73569,169.0,1.0,SKT-4015,,1.0,1.0,GPAO
04/03/2026,22:39:43,47.62034,-52.73568,171.0,1.0,SKT-4015,,1.0,1.0,GPAO
04/03/2026,22:39:51,47.62035,-52.73566,170.0,1.0,SKT-4015,,1.0,1.0,GPAO
04/03/2026,22:39:58,47.62035,-52.73565,169.0,1.0,SKT-4015,,1.0,1.0,GPAO
04/03/2026,22:40:05,47.62036,-52.73563,169.0,1.0,SKT-4015,,1.0,1.0,GPAO
04/03/2026,22:40:12,47.62038,-52.73563,168.0,1.0,SKT-4015,,1.0,1.0,GPAO
04/03/2026,22:40:20,47.62039,-52.73563,165.0,1.0,SKT-4015,,1.0,1.0,GPAO
04/03/2026,22:40:27,47.62039,-52.73564,165.0,1.0,SKT-4015,,1.0,1.0,GPAO
04/03/2026,22:40:34,47.62038,-52.73565,167.0,1.0,SKT-4015,,1.0,1.0,GPAO
04/03/2026,22:40:41,47.62036,-52.73566,171.0,1.0,SKT-4015,,1.0,1.0,GPAO
04/03/2026,22:40:49,47.62034,-52.73566,173.0,1.0,SKT-4015,,1.0,1.0,GPAO
04/03/2026,22:40:56,47.62031,-52.73566,173.0,1.0,SKT-4015,,1.0,1.0,GPAO
04/03/2026,22:41:03,47.62028,-52.73565,172.0,1.0,SKT-4015,,1.0,1.0,GPAO
04/03/2026,22:41:10,47.62026,-52.73565,169.0,1.0,SKT-4015,,1.0,1.0,GPAO
04/03/2026,22:41:18,47.62025,-52.73564,163.0,1.0,SKT-4015,,1.0,1.0,GPAO
04/03/2026,22:41:23,,,,,SKT-4015,,1.0,0.0,GPAO
04/03/2026,22:54:40,47.62051,-52.73639,141.0,1.0,SKT-4015,,1.0,0.0,GPAO
04/03/2026,22:54:50,47.62051,-52.73639,142.0,1.0,SKT-4015,,1.0,0.0,GPAO
04/03/2026,22:54:58,47.62051,-52.73639,142.0,1.0,SKT-4015,,1.0,0.0,GPAO
04/03/2026,22:55:06,47.62051,-52.73639,142.0,1.0,SKT-4015,,1.0,0.0,GPAO
04/03/2026,22:55:14,47.62051,-52.73639,142.0,1.0,SKT-4015,,1.0,0.0,GPAO
04/03/2026,22:55:22,47.62051,-52.73639,142.0,1.0,SKT-4015,,1.0,0.0,GPAO
04/03/2026,22:55:30,47.62051,-52.73639,142.0,1.0,SKT-4015,,1.0,0.0,GPAO
04/03/2026,22:55:39,47.62051,-52.73639,141.0,1.0,SKT-4015,,1.0,0.0,GPAO
04/03/2026,22:55:47,47.62051,-52.73639,141.0,1.0,SKT-4015,,1.0,0.0,GPAO
04/03/2026,22:55:55,47.62051,-52.73639,142.0,1.0,SKT-4015,,1.0,0.0,GPAO
04/03/2026,22:56:03,47.62051,-52.73639,142.0,1.0,SKT-4015,,1.0,0.0,GPAO
04/03/2026,22:56:11,47.62051,-52.73639,142.0,1.0,SKT-4015,,1.0,0.0,GPAO
04/03/2026,22:56:19,47.62051,-52.73639,142.0,1.0,SKT-4015,,1.0,0.0,GPAO
04/03/2026,22:56:27,47.62051,-52.73639,142.0,1.0,SKT-4015,,1.0,0.0,GPAO
04/03/2026,22:56:35,47.62051,-52.73639,142.0,1.0,SKT-4015,,1.0,0.0,GPAO
04/03/2026,22:56:43,47.62051,-52.73639,142.0,1.0,SKT-4015,,1.0,0.0,GPAO
04/03/2026,22:56:51,47.62051,-52.73639,142.0,1.0,SKT-4015,,1.0,0.0,GPAO
04/03/2026,22:57:00,47.62051,-52.73639,141.0,1.0,SKT-4015,,1.0,0.0,GPAO
04/03/2026,22:57:08,47.62051,-52.73639,141.0,1.0,SKT-4015,,1.0,0.0,GPAO
04/03/2026,22:57:16,47.62051,-52.73639,141.0,1.0,SKT-4015,,1.0,0.0,GPAO
04/03/2026,22:57:24,47.62051,-52.73639,141.0,1.0,SKT-4015,,1.0,0.0,GPAO
04/03/2026,22:57:32,47.62051,-52.73639,141.0,1.0,SKT-4015,,1.0,0.0,GPAO
04/03/2026,22:57:40,47.62051,-52.73639,141.0,1.0,SKT-4015,,1.0,0.0,GPAO
04/03/2026,22:57:48,47.62051,-52.73639,141.0,1.0,SKT-4015,,1.0,0.0,GPAO
04/03/2026,22:57:56,47.62051,-52.73639,141.0,1.0,SKT-4015,,1.0,0.0,GPAO
04/03/2026,22:58:04,47.62051,-52.73639,141.0,1.0,SKT-4015,,1.0,0.0,GPAO
04/03/2026,22:58:12,47.6205,-52.73639,141.0,1.0,SKT-4015,,1.0,0.0,GPAO
04/03/2026,22:58:20,47.6205,-52.73639,141.0,1.0,SKT-4015,,1.0,0.0,GPAO
04/03/2026,22:58:28,47.6205,-52.73639,141.0,1.0,SKT-4015,,1.0,0.0,GPAO
04/03/2026,22:58:36,47.6205,-52.73639,140.0,1.0,SKT-4015,,1.0,0.0,GPAO
04/03/2026,22:58:44,47.6205,-52.73639,140.0,1.0,SKT-4015,,1.0,0.0,GPAO
04/03/2026,22:58:53,47.6205,-52.73639,140.0,1.0,SKT-4015,,1.0,1.0,GPAO
04/03/2026,22:59:00,47.6205,-52.73639,140.0,1.0,SKT-4015,,1.0,1.0,GPAO
04/03/2026,22:59:07,47.6205,-52.73639,141.0,1.0,SKT-4015,,1.0,1.0,GPAO
04/03/2026,22:59:14,47.6205,-52.73639,141.0,1.0,SKT-4015,,1.0,1.0,GPAO
04/03/2026,22:59:22,47.62051,-52.73639,141.0,1.0,SKT-4015,,1.0,1.0,GPAO
04/03/2026,22:59:29,47.62051,-52.7364,141.0,1.0,SKT-4015,,1.0,1.0,GPAO
04/03/2026,22:59:36,47.62051,-52.7364,141.0,1.0,SKT-4015,,1.0,1.0,GPAO
04/03/2026,22:59:43,47.62051,-52.7364,141.0,1.0,SKT-4015,,1.0,1.0,GPAO
04/03/2026,22:59:50,47.62051,-52.7364,142.0,1.0,SKT-4015,,1.0,1.0,GPAO
04/03/2026,22:59:58,47.62051,-52.73639,142.0,1.0,SKT-4015,,1.0,1.0,GPAO
04/03/2026,23:00:05,47.62051,-52.73639,142.0,1.0,SKT-4015,,1.0,1.0,GPAO
04/03/2026,23:00:19,47.62051,-52.73639,142.0,1.0,SKT-4015,,1.0,1.0,GPAO
04/03/2026,23:00:27,47.62051,-52.73639,142.0,1.0,SKT-4015,,1.0,1.0,GPAO
04/03/2026,23:00:34,47.62051,-52.73639,143.0,1.0,SKT-4015,,1.0,1.0,GPAO
04/03/2026,23:00:41,47.62051,-52.73639,143.0,1.0,SKT-4015,,1.0,1.0,GPAO
04/03/2026,23:00:48,47.62051,-52.73639,143.0,1.0,SKT-4015,,1.0,1.0,GPAO
04/03/2026,23:00:56,47.62051,-52.73639,143.0,1.0,SKT-4015,,1.0,1.0,GPAO
04/03/2026,23:01:03,47.62051,-52.73639,143.0,1.0,SKT-4015,,1.0,1.0,GPAO
04/03/2026,23:01:10,47.6205,-52.73639,142.0,1.0,SKT-4015,,1.0,1.0,GPAO
04/03/2026,23:01:17,47.6205,-52.73639,142.0,1.0,SKT-4015,,1.0,1.0,GPAO
04/03/2026,23:01:25,47.6205,-52.73639,141.0,1.0,SKT-4015,,1.0,1.0,GPAO
04/03/2026,23:01:32,47.6205,-52.7364,141.0,1.0,SKT-4015,,1.0,1.0,GPAO
04/03/2026,23:01:39,47.6205,-52.7364,141.0,1.0,SKT-4015,,1.0,1.0,GPAO
04/03/2026,23:01:46,47.6205,-52.7364,141.0,1.0,SKT-4015,,1.0,1.0,GPAO
04/03/2026,23:01:54,47.6205,-52.7364,141.0,1.0,SKT-4015,,1.0,1.0,GPAO
04/03/2026,23:02:01,47.6205,-52.7364,141.0,1.0,SKT-4015,,1.0,1.0,GPAO
04/03/2026,23:02:08,47.6205,-52.7364,141.0,1.0,SKT-4015,,1.0,1.0,GPAO
04/03/2026,23:02:15,47.6205,-52.7364,141.0,1.0,SKT-4015,,1.0,1.0,GPAO
04/03/2026,23:02:23,47.6205,-52.73639,141.0,1.0,SKT-4015,,1.0,1.0,GPAO
04/03/2026,23:02:30,47.62051,-52.7364,141.0,1.0,SKT-4015,,1.0,1.0,GPAO
04/03/2026,23:02:37,47.62051,-52.7364,141.0,1.0,SKT-4015,,1.0,1.0,GPAO
04/03/2026,23:02:44,47.62051,-52.7364,141.0,1.0,SKT-4015,,1.0,1.0,GPAO
04/03/2026,23:02:52,47.62051,-52.7364,141.0,1.0,SKT-4015,,1.0,1.0,GPAO
04/03/2026,23:02:59,47.62051,-52.7364,140.0,1.0,SKT-4015,,1.0,1.0,GPAO
04/03/2026,23:03:06,47.62051,-52.7364,141.0,1.0,SKT-4015,,1.0,1.0,GPAO
04/03/2026,23:03:13,47.62051,-52.7364,141.0,1.0,SKT-4015,,1.0,1.0,GPAO
04/03/2026,23:03:21,47.62051,-52.7364,141.0,1.0,SKT-4015,,1.0,1.0,GPAO
04/03/2026,23:03:28,47.62051,-52.7364,141.0,1.0,SKT-4015,,1.0,1.0,GPAO
04/03/2026,23:03:35,47.62051,-52.7364,141.0,1.0,SKT-4015,,1.0,1.0,GPAO
04/03/2026,23:03:42,47.62051,-52.7364,141.0,1.0,SKT-4015,,1.0,1.0,GPAO
04/03/2026,23:03:50,47.62051,-52.7364,141.0,1.0,SKT-4015,,1.0,1.0,GPAO
04/03/2026,23:03:57,47.62051,-52.7364,141.0,1.0,SKT-4015,,1.0,1.0,GPAO
04/03/2026,23:04:04,47.62051,-52.7364,141.0,1.0,SKT-4015,,1.0,1.0,GPAO
04/03/2026,23:04:12,47.62051,-52.7364,140.0,1.0,SKT-4015,,1.0,1.0,GPAO
04/03/2026,23:04:19,47.62051,-52.7364,140.0,1.0,SKT-4015,,1.0,1.0,GPAO
04/03/2026,23:04:26,47.62051,-52.7364,140.0,1.0,SKT-4015,,1.0,1.0,GPAO
04/03/2026,23:04:33,47.62051,-52.7364,140.0,1.0,SKT-4015,,1.0,1.0,GPAO
04/03/2026,23:04:41,47.62051,-52.7364,140.0,1.0,SKT-4015,,1.0,1.0,GPAO
04/03/2026,23:04:48,47.62051,-52.7364,139.0,1.0,SKT-4015,,1.0,1.0,GPAO
04/03/2026,23:04:55,47.62051,-52.7364,140.0,1.0,SKT-4015,,1.0,1.0,GPAO
04/03/2026,23:05:02,47.62051,-52.7364,140.0,1.0,SKT-4015,,1.0,1.0,GPAO
04/03/2026,23:05:10,47.62051,-52.7364,140.0,1.0,SKT-4015,,1.0,1.0,GPAO
04/03/2026,23:05:17,47.62051,-52.7364,140.0,1.0,SKT-4015,,1.0,1.0,GPAO
04/03/2026,23:05:24,47.62051,-52.7364,140.0,1.0,SKT-4015,,1.0,1.0,GPAO
04/03/2026,23:05:31,47.62051,-52.7364,140.0,1.0,SKT-4015,,1.0,1.0,GPAO
04/03/2026,23:05:39,47.62051,-52.7364,140.0,1.0,SKT-4015,,1.0,1.0,GPAO
04/03/2026,23:05:46,47.62051,-52.7364,140.0,1.0,SKT-4015,,1.0,1.0,GPAO
04/03/2026,23:05:53,47.62051,-52.73639,140.0,1.0,SKT-4015,,1.0,1.0,GPAO
04/03/2026,23:06:00,47.62051,-52.73639,140.0,1.0,SKT-4015,,1.0,1.0,GPAO
04/03/2026,23:06:08,47.62051,-52.7364,140.0,1.0,SKT-4015,,1.0,1.0,GPAO
04/03/2026,23:06:15,47.62051,-52.7364,140.0,1.0,SKT-4015,,1.0,1.0,GPAO
04/03/2026,23:06:22,47.62051,-52.7364,140.0,1.0,SKT-4015,,1.0,1.0,GPAO
04/03/2026,23:06:30,47.62051,-52.7364,139.0,1.0,SKT-4015,,1.0,1.0,GPAO
04/03/2026,23:06:37,47.62051,-52.7364,139.0,1.0,SKT-4015,,1.0,1.0,GPAO
04/03/2026,23:06:44,47.62051,-52.7364,139.0,1.0,SKT-4015,,1.0,1.0,GPAO
04/03/2026,23:06:51,47.62051,-52.7364,140.0,1.0,SKT-4015,,1.0,1.0,GPAO
04/03/2026,23:06:59,47.62051,-52.7364,140.0,1.0,SKT-4015,,1.0,1.0,GPAO
04/03/2026,23:07:06,47.62051,-52.7364,140.0,1.0,SKT-4015,,1.0,1.0,GPAO
04/03/2026,23:07:13,47.62051,-52.7364,140.0,1.0,SKT-4015,,1.0,1.0,GPAO
04/03/2026,23:07:20,47.62051,-52.73639,140.0,1.0,SKT-4015,,1.0,1.0,GPAO
04/03/2026,23:07:28,47.62051,-52.7364,140.0,1.0,SKT-4015,,1.0,1.0,GPAO
04/03/2026,23:07:35,47.62051,-52.73639,140.0,1.0,SKT-4015,,1.0,1.0,GPAO
04/03/2026,23:07:42,47.62051,-52.73639,140.0,1.0,SKT-4015,,1.0,1.0,GPAO
04/03/2026,23:07:49,47.62051,-52.7364,140.0,1.0,SKT-4015,,1.0,1.0,GPAO
04/03/2026,23:07:57,47.62051,-52.7364,140.0,1.0,SKT-4015,,1.0,1.0,GPAO
04/03/2026,23:08:04,47.62051,-52.7364,140.0,1.0,SKT-4015,,1.0,1.0,GPAO
04/03/2026,23:08:11,47.62051,-52.7364,140.0,1.0,SKT-4015,,1.0,1.0,GPAO
04/03/2026,23:08:19,47.6205,-52.73639,140.0,1.0,SKT-4015,,1.0,1.0,GPAO
04/03/2026,23:08:26,47.6205,-52.73639,140.0,1.0,SKT-4015,,1.0,1.0,GPAO
04/03/2026,23:08:33,47.6205,-52.73639,140.0,1.0,SKT-4015,,1.0,1.0,GPAO
04/03/2026,23:08:40,47.6205,-52.73639,140.0,1.0,SKT-4015,,1.0,1.0,GPAO
04/03/2026,23:08:48,47.6205,-52.7364,140.0,1.0,SKT-4015,,1.0,1.0,GPAO
04/03/2026,23:08:55,47.6205,-52.7364,140.0,1.0,SKT-4015,,1.0,1.0,GPAO
04/03/2026,23:09:02,47.62051,-52.7364,140.0,1.0,SKT-4015,,1.0,1.0,GPAO
04/03/2026,23:09:09,47.62051,-52.7364,140.0,1.0,SKT-4015,,1.0,1.0,GPAO
04/03/2026,23:09:17,47.62051,-52.7364,140.0,1.0,SKT-4015,,1.0,1.0,GPAO
04/03/2026,23:09:24,47.6205,-52.7364,140.0,1.0,SKT-4015,,1.0,1.0,GPAO
04/03/2026,23:09:31,47.6205,-52.7364,141.0,1.0,SKT-4015,,1.0,1.0,GPAO
04/03/2026,23:09:38,47.6205,-52.7364,141.0,1.0,SKT-4015,,1.0,1.0,GPAO
04/03/2026,23:09:46,47.6205,-52.7364,141.0,1.0,SKT-4015,,1.0,1.0,GPAO
04/03/2026,23:09:53,47.6205,-52.73641,141.0,1.0,SKT-4015,,1.0,1.0,GPAO
04/03/2026,23:10:00,47.6205,-52.73641,141.0,1.0,SKT-4015,,1.0,1.0,GPAO
04/03/2026,23:10:07,47.6205,-52.73641,141.0,1.0,SKT-4015,,1.0,1.0,GPAO
04/03/2026,23:10:15,47.6205,-52.7364,141.0,1.0,SKT-4015,,1.0,1.0,GPAO
04/03/2026,23:10:22,47.6205,-52.7364,141.0,1.0,SKT-4015,,1.0,1.0,GPAO
04/03/2026,23:10:29,47.62049,-52.7364,140.0,1.0,SKT-4015,,1.0,1.0,GPAO
04/03/2026,23:10:36,47.62049,-52.73641,140.0,1.0,SKT-4015,,1.0,1.0,GPAO
04/03/2026,23:10:44,47.62049,-52.73641,140.0,1.0,SKT-4015,,1.0,1.0,GPAO
04/03/2026,23:10:51,47.62049,-52.73641,140.0,1.0,SKT-4015,,1.0,1.0,GPAO
04/03/2026,23:10:58,47.62049,-52.73641,140.0,1.0,SKT-4015,,1.0,1.0,GPAO
04/03/2026,23:11:02,,,,,,,0.0,0.0,
04/03/2026,23:11:08,,,,,,,0.0,0.0,
04/03/2026,23:11:13,,,,,,,0.0,0.0,
04/03/2026,23:44:04,47.61822,-52.73558,77.0,1.0,SKT-4015,,1.0,0.0,GPAO
04/03/2026,23:44:14,47.61823,-52.73564,45.0,1.0,SKT-4015,,1.0,0.0,GPAO
04/03/2026,23:44:23,47.61827,-52.73563,27.0,1.0,SKT-4015,,1.0,0.0,GPAO
04/03/2026,23:44:32,47.61831,-52.73551,40.0,1.0,SKT-4015,,1.0,0.0,GPAO
04/03/2026,23:44:41,47.61837,-52.73543,50.0,1.0,SKT-4015,,1.0,0.0,GPAO
04/03/2026,23:44:49,47.6184,-52.73546,47.0,1.0,SKT-4015,,1.0,0.0,GPAO
04/03/2026,23:44:57,47.61843,-52.73546,57.0,1.0,SKT-4015,,1.0,1.0,GPAO
04/03/2026,23:45:05,47.61847,-52.73543,61.0,1.0,SKT-4015,,1.0,1.0,GPAO
04/03/2026,23:45:14,47.61849,-52.73537,70.0,1.0,SKT-4015,,1.0,1.0,GPAO
04/03/2026,23:45:35,,,,,SKT-4015,,1.0,0.0,GPAO
04/03/2026,23:45:40,47.61838,-52.73547,73.0,1.0,SKT-4015,,1.0,1.0,GPAO
04/03/2026,23:46:02,47.61832,-52.7356,68.0,1,SKT-4015,,1.0,1.0,GPAO
04/03/2026,23:46:10,47.6183,-52.73563,78.0,1,SKT-4015,,1.0,1.0,GPAO
04/03/2026,23:46:18,47.61827,-52.73565,99.0,1,SKT-4015,,1.0,1.0,GPAO
04/03/2026,23:46:25,47.61825,-52.73567,112.0,1,SKT-4015,,1.0,1.0,GPAO
04/03/2026,23:46:32,47.61827,-52.73563,127.0,1,SKT-4015,,1.0,1.0,GPAO
04/03/2026,23:46:39,47.61829,-52.73556,134.0,1,SKT-4015,,1.0,1.0,GPAO
04/03/2026,23:46:47,47.61831,-52.73547,161.0,1,SKT-4015,,1.0,1.0,GPAO
04/03/2026,23:46:54,47.61834,-52.73534,190.0,1,SKT-4015,,1.0,1.0,GPAO
04/03/2026,23:47:01,47.61839,-52.73533,182.0,1,SKT-4015,,1.0,1.0,GPAO
04/03/2026,23:47:08,47.61843,-52.73531,169.0,1,SKT-4015,,1.0,1.0,GPAO
04/03/2026,23:47:16,47.61844,-52.73539,136.0,1,SKT-4015,,1.0,1.0,GPAO
04/03/2026,23:47:23,47.61841,-52.7355,129.0,1,SKT-4015,,1.0,1.0,GPAO
04/03/2026,23:47:30,47.61838,-52.7356,111.0,1,SKT-4015,,1.0,1.0,GPAO
04/03/2026,23:47:37,47.61837,-52.7356,111.0,1,SKT-4015,,1.0,1.0,GPAO
04/03/2026,23:47:45,47.61838,-52.73562,106.0,1,SKT-4015,,1.0,1.0,GPAO
04/03/2026,23:47:52,47.61838,-52.73564,109.0,1,SKT-4015,,1.0,1.0,GPAO
04/03/2026,23:47:59,47.61836,-52.73568,115.0,1,SKT-4015,,1.0,1.0,GPAO
04/03/2026,23:48:07,47.61832,-52.73578,124.0,1,SKT-4015,,1.0,1.0,GPAO
04/03/2026,23:48:14,47.61832,-52.73575,127.0,1,SKT-4015,,1.0,1.0,GPAO
04/03/2026,23:48:21,47.61839,-52.73568,129.0,1,SKT-4015,,1.0,1.0,GPAO
04/03/2026,23:48:28,47.61843,-52.7356,137.0,1,SKT-4015,,1.0,1.0,GPAO
04/03/2026,23:48:36,47.61839,-52.73557,143.0,1,SKT-4015,,1.0,1.0,GPAO
04/03/2026,23:48:43,47.6184,-52.73557,141.0,1,SKT-4015,,1.0,1.0,GPAO
04/03/2026,23:48:50,47.61841,-52.73556,129.0,1,SKT-4015,,1.0,1.0,GPAO
04/03/2026,23:48:57,47.6184,-52.73558,117.0,1,SKT-4015,,1.0,1.0,GPAO
04/03/2026,23:49:05,47.61839,-52.73562,107.0,1,SKT-4015,,1.0,1.0,GPAO
04/03/2026,23:49:12,47.61838,-52.7357,100.0,1,SKT-4015,,1.0,1.0,GPAO
04/03/2026,23:49:19,47.61834,-52.73577,96.0,1,SKT-4015,,1.0,1.0,GPAO
04/03/2026,23:49:26,47.61828,-52.73577,102.0,1,SKT-4015,,1.0,1.0,GPAO
04/03/2026,23:49:33,47.61823,-52.73576,104.0,1,SKT-4015,,1.0,1.0,GPAO
04/03/2026,23:49:41,47.61821,-52.73576,103.0,1,SKT-4015,,1.0,1.0,GPAO
04/03/2026,23:49:48,47.61819,-52.73575,102.0,1,SKT-4015,,1.0,1.0,GPAO
04/03/2026,23:49:55,47.61818,-52.73572,118.0,1,SKT-4015,,1.0,1.0,GPAO
04/03/2026,23:50:02,47.61821,-52.7357,128.0,1,SKT-4015,,1.0,1.0,GPAO
04/03/2026,23:50:10,47.61828,-52.73568,122.0,1,SKT-4015,,1.0,1.0,GPAO
04/03/2026,23:50:17,47.61834,-52.73564,111.0,1,SKT-4015,,1.0,1.0,GPAO
04/03/2026,23:50:24,47.61834,-52.73566,99.0,1,SKT-4015,,1.0,1.0,GPAO
04/03/2026,23:50:32,47.61832,-52.73575,84.0,1,SKT-4015,,1.0,1.0,GPAO
04/03/2026,23:50:39,47.6183,-52.7358,77.0,1,SKT-4015,,1.0,1.0,GPAO
04/03/2026,23:50:46,47.61827,-52.73583,78.0,1,SKT-4015,,1.0,1.0,GPAO
04/03/2026,23:50:53,47.61825,-52.73588,83.0,1,SKT-4015,,1.0,1.0,GPAO
04/03/2026,23:51:00,47.61823,-52.73592,88.0,1,SKT-4015,,1.0,1.0,GPAO
04/03/2026,23:51:08,47.61822,-52.73594,91.0,1,SKT-4015,,1.0,1.0,GPAO
04/03/2026,23:51:15,47.61827,-52.73589,104.0,1,SKT-4015,,1.0,1.0,GPAO
04/03/2026,23:51:22,47.61828,-52.73579,115.0,1,SKT-4015,,1.0,1.0,GPAO
04/03/2026,23:51:29,47.61828,-52.73574,122.0,1,SKT-4015,,1.0,1.0,GPAO
04/03/2026,23:51:37,47.61828,-52.7357,125.0,1,SKT-4015,,1.0,1.0,GPAO
04/03/2026,23:51:44,47.6183,-52.73568,132.0,1,SKT-4015,,1.0,1.0,GPAO
04/03/2026,23:51:51,47.61831,-52.73569,139.0,1,SKT-4015,,1.0,1.0,GPAO
04/03/2026,23:51:59,47.61832,-52.73571,141.0,1,SKT-4015,,1.0,1.0,GPAO
04/03/2026,23:52:06,47.61832,-52.73571,139.0,1,SKT-4015,,1.0,1.0,GPAO
04/03/2026,23:52:13,47.61829,-52.73571,140.0,1,SKT-4015,,1.0,1.0,GPAO
04/03/2026,23:52:20,47.61826,-52.73569,150.0,1,SKT-4015,,1.0,1.0,GPAO
04/03/2026,23:52:28,47.61824,-52.73564,163.0,1,SKT-4015,,1.0,1.0,GPAO
04/03/2026,23:52:35,47.61823,-52.73562,167.0,1,SKT-4015,,1.0,1.0,GPAO
04/03/2026,23:52:42,47.61821,-52.73563,173.0,1,SKT-4015,,1.0,1.0,GPAO
04/03/2026,23:52:49,47.61817,-52.7357,177.0,1,SKT-4015,,1.0,1.0,GPAO
04/03/2026,23:52:57,47.6181,-52.73576,184.0,1,SKT-4015,,1.0,1.0,GPAO
04/03/2026,23:53:04,47.61806,-52.73581,188.0,1,SKT-4015,,1.0,1.0,GPAO
04/03/2026,23:53:11,47.61804,-52.73586,185.0,1,SKT-4015,,1.0,1.0,GPAO
04/03/2026,23:53:18,47.61803,-52.73587,178.0,1,SKT-4015,,1.0,1.0,GPAO
04/03/2026,23:53:25,47.61807,-52.73589,162.0,1,SKT-4015,,1.0,1.0,GPAO
04/03/2026,23:53:33,47.6181,-52.73581,159.0,1,SKT-4015,,1.0,1.0,GPAO
04/03/2026,23:53:40,47.61815,-52.73575,153.0,1,SKT-4015,,1.0,1.0,GPAO
04/03/2026,23:53:47,47.61819,-52.73568,152.0,1,SKT-4015,,1.0,1.0,GPAO
04/03/2026,23:53:54,47.61821,-52.73562,153.0,1,SKT-4015,,1.0,1.0,GPAO
04/03/2026,23:54:02,47.61823,-52.73557,154.0,1,SKT-4015,,1.0,1.0,GPAO
04/03/2026,23:54:09,47.61825,-52.73553,154.0,1,SKT-4015,,1.0,1.0,GPAO
04/03/2026,23:54:16,47.61828,-52.73552,149.0,1,SKT-4015,,1.0,1.0,GPAO
04/03/2026,23:54:23,47.61831,-52.73552,139.0,1,SKT-4015,,1.0,1.0,GPAO
04/03/2026,23:54:31,47.61831,-52.73553,133.0,1,SKT-4015,,1.0,1.0,GPAO
04/03/2026,23:54:38,47.61832,-52.73555,125.0,1,SKT-4015,,1.0,1.0,GPAO
04/03/2026,23:54:45,47.61834,-52.73554,119.0,1,SKT-4015,,1.0,1.0,GPAO
04/03/2026,23:54:52,47.61836,-52.73558,113.0,1,SKT-4015,,1.0,1.0,GPAO
04/03/2026,23:55:00,47.61838,-52.73557,115.0,1,SKT-4015,,1.0,1.0,GPAO
04/03/2026,23:55:07,47.6184,-52.73552,116.0,1,SKT-4015,,1.0,1.0,GPAO
04/03/2026,23:55:14,47.61841,-52.73553,120.0,1,SKT-4015,,1.0,1.0,GPAO
04/03/2026,23:55:21,47.61844,-52.73557,119.0,1,SKT-4015,,1.0,1.0,GPAO
04/03/2026,23:55:29,47.61846,-52.73557,121.0,1,SKT-4015,,1.0,1.0,GPAO
04/03/2026,23:55:36,47.61846,-52.7355,121.0,1,SKT-4015,,1.0,1.0,GPAO
04/03/2026,23:55:43,47.61847,-52.73548,116.0,1,SKT-4015,,1.0,1.0,GPAO
04/03/2026,23:55:50,47.61852,-52.73546,113.0,1,SKT-4015,,1.0,1.0,GPAO
04/03/2026,23:55:58,47.61852,-52.73545,114.0,1,SKT-4015,,1.0,1.0,GPAO
04/03/2026,23:56:05,47.61849,-52.73545,118.0,1,SKT-4015,,1.0,1.0,GPAO
04/03/2026,23:56:12,47.61845,-52.73545,127.0,1,SKT-4015,,1.0,1.0,GPAO
04/03/2026,23:56:19,47.61842,-52.73545,134.0,1,SKT-4015,,1.0,1.0,GPAO
04/03/2026,23:56:27,47.61842,-52.73543,138.0,1,SKT-4015,,1.0,1.0,GPAO
04/03/2026,23:56:34,47.61842,-52.73544,131.0,1,SKT-4015,,1.0,1.0,GPAO
04/03/2026,23:56:41,47.61841,-52.73545,123.0,1,SKT-4015,,1.0,1.0,GPAO
04/03/2026,23:56:48,47.61842,-52.73553,107.0,1,SKT-4015,,1.0,1.0,GPAO
04/03/2026,23:56:56,47.61842,-52.7356,99.0,1,SKT-4015,,1.0,1.0,GPAO
04/03/2026,23:57:03,47.61842,-52.73559,107.0,1,SKT-4015,,1.0,1.0,GPAO
04/03/2026,23:57:10,47.61839,-52.73557,106.0,1,SKT-4015,,1.0,1.0,GPAO
04/03/2026,23:57:17,47.61831,-52.73549,125.0,1,SKT-4015,,1.0,1.0,GPAO
04/03/2026,23:57:25,47.61824,-52.73543,145.0,1,SKT-4015,,1.0,1.0,GPAO
04/03/2026,23:57:32,47.61828,-52.73548,142.0,1,SKT-4015,,1.0,1.0,GPAO
04/03/2026,23:57:39,47.61833,-52.73551,142.0,1,SKT-4015,,1.0,1.0,GPAO
04/03/2026,23:57:46,47.61836,-52.7355,145.0,1,SKT-4015,,1.0,1.0,GPAO
04/03/2026,23:57:54,47.61839,-52.73547,150.0,1,SKT-4015,,1.0,1.0,GPAO
04/03/2026,23:58:01,47.61841,-52.73545,137.0,1,SKT-4015,,1.0,1.0,GPAO
04/03/2026,23:58:08,47.61843,-52.73545,128.0,1,SKT-4015,,1.0,1.0,GPAO
04/03/2026,23:58:15,47.61842,-52.73546,124.0,1,SKT-4015,,1.0,1.0,GPAO
04/03/2026,23:58:23,47.61842,-52.73547,120.0,1,SKT-4015,,1.0,1.0,GPAO
04/03/2026,23:58:30,47.61842,-52.7355,123.0,1,SKT-4015,,1.0,1.0,GPAO
04/03/2026,23:58:37,47.6184,-52.73551,123.0,1,SKT-4015,,1.0,1.0,GPAO
04/03/2026,23:58:44,47.61838,-52.7355,119.0,1,SKT-4015,,1.0,1.0,GPAO
04/03/2026,23:58:52,47.61837,-52.73546,120.0,1,SKT-4015,,1.0,1.0,GPAO
04/03/2026,23:58:59,47.61834,-52.73547,125.0,1,SKT-4015,,1.0,1.0,GPAO
04/03/2026,23:59:07,47.61834,-52.7355,125.0,1,SKT-4015,,1.0,1.0,GPAO
04/03/2026,23:59:14,47.61833,-52.7356,112.0,1,SKT-4015,,1.0,1.0,GPAO
04/03/2026,23:59:21,47.6183,-52.73566,98.0,1,SKT-4015,,1.0,1.0,GPAO
04/03/2026,23:59:29,47.61831,-52.73565,92.0,1,SKT-4015,,1.0,1.0,GPAO
04/03/2026,23:59:37,47.61834,-52.73574,94.0,1,SKT-4015,,1.0,1.0,GPAO
04/03/2026,23:59:44,47.61836,-52.73576,96.0,1,SKT-4015,,1.0,1.0,GPAO
04/03/2026,23:59:51,47.61833,-52.73574,104.0,1,SKT-4015,,1.0,1.0,GPAO
04/03/2026,23:59:58,47.61827,-52.73581,107.0,1,SKT-4015,,1.0,1.0,GPAO
05/03/2026,00:00:13,47.61827,-52.7359,111.0,1,SKT-4015,,1.0,1.0,GPAO
05/03/2026,00:00:20,47.61831,-52.73583,127.0,1,SKT-4015,,1.0,1.0,GPAO
05/03/2026,00:00:27,47.61837,-52.73577,136.0,1,SKT-4015,,1.0,1.0,GPAO
05/03/2026,00:00:35,47.61837,-52.73577,141.0,1,SKT-4015,,1.0,1.0,GPAO
05/03/2026,00:00:42,47.61837,-52.73573,140.0,1,SKT-4015,,1.0,1.0,GPAO
05/03/2026,00:00:49,47.61837,-52.73565,132.0,1,SKT-4015,,1.0,1.0,GPAO
05/03/2026,00:00:56,47.61836,-52.73558,129.0,1,SKT-4015,,1.0,1.0,GPAO
05/03/2026,00:01:04,47.61836,-52.73553,126.0,1,SKT-4015,,1.0,1.0,GPAO
05/03/2026,00:01:11,47.61834,-52.73545,124.0,1,SKT-4015,,1.0,1.0,GPAO
05/03/2026,00:01:18,47.61831,-52.73534,126.0,1,SKT-4015,,1.0,1.0,GPAO
05/03/2026,00:01:25,47.61832,-52.7353,119.0,1,SKT-4015,,1.0,1.0,GPAO
05/03/2026,00:01:33,47.61833,-52.73533,110.0,1,SKT-4015,,1.0,1.0,GPAO
05/03/2026,00:01:40,47.61832,-52.73533,104.0,1,SKT-4015,,1.0,1.0,GPAO
05/03/2026,00:01:47,47.61832,-52.73536,101.0,1,SKT-4015,,1.0,1.0,GPAO
05/03/2026,00:01:54,47.61837,-52.73544,95.0,1,SKT-4015,,1.0,1.0,GPAO
05/03/2026,00:02:02,47.61838,-52.7355,90.0,1,SKT-4015,,1.0,1.0,GPAO
05/03/2026,00:02:10,47.61838,-52.73555,90.0,1,SKT-4015,,1.0,1.0,GPAO
05/03/2026,00:02:18,47.6184,-52.73568,91.0,1,SKT-4015,,1.0,1.0,GPAO
05/03/2026,00:02:25,47.61842,-52.73574,98.0,1,SKT-4015,,1.0,1.0,GPAO
05/03/2026,00:02:32,47.61843,-52.73577,107.0,1,SKT-4015,,1.0,1.0,GPAO
05/03/2026,00:02:39,47.61846,-52.73576,119.0,1,SKT-4015,,1.0,1.0,GPAO
05/03/2026,00:02:47,47.6185,-52.73574,126.0,1,SKT-4015,,1.0,1.0,GPAO
05/03/2026,00:02:54,47.61853,-52.73572,135.0,1,SKT-4015,,1.0,1.0,GPAO
05/03/2026,00:03:01,47.61847,-52.73567,143.0,1,SKT-4015,,1.0,1.0,GPAO
05/03/2026,00:03:08,47.61845,-52.73562,148.0,1,SKT-4015,,1.0,1.0,GPAO
05/03/2026,00:03:16,47.61843,-52.73561,147.0,1,SKT-4015,,1.0,1.0,GPAO
05/03/2026,00:03:23,47.61842,-52.73566,143.0,1,SKT-4015,,1.0,1.0,GPAO
05/03/2026,00:03:30,47.61844,-52.73557,137.0,1,SKT-4015,,1.0,1.0,GPAO
05/03/2026,00:03:37,47.61847,-52.73544,132.0,1,SKT-4015,,1.0,1.0,GPAO
05/03/2026,00:03:45,47.61849,-52.73544,127.0,1,SKT-4015,,1.0,1.0,GPAO
05/03/2026,00:03:53,47.61849,-52.73545,137.0,1,SKT-4015,,1.0,1.0,GPAO
05/03/2026,00:04:00,47.61846,-52.73541,141.0,1,SKT-4015,,1.0,1.0,GPAO
05/03/2026,00:04:07,47.61843,-52.73537,137.0,1,SKT-4015,,1.0,1.0,GPAO
05/03/2026,00:04:15,47.61841,-52.73535,135.0,1,SKT-4015,,1.0,1.0,GPAO
05/03/2026,00:04:22,47.61839,-52.73532,131.0,1,SKT-4015,,1.0,1.0,GPAO
05/03/2026,00:04:29,47.61839,-52.73535,128.0,1,SKT-4015,,1.0,1.0,GPAO
05/03/2026,00:04:36,47.61838,-52.73537,125.0,1,SKT-4015,,1.0,1.0,GPAO
05/03/2026,00:04:44,47.61834,-52.73536,114.0,1,SKT-4015,,1.0,1.0,GPAO
05/03/2026,00:04:51,47.61827,-52.73538,100.0,1,SKT-4015,,1.0,1.0,GPAO
05/03/2026,00:04:58,47.61826,-52.73546,90.0,1,SKT-4015,,1.0,1.0,GPAO
05/03/2026,00:05:05,47.61827,-52.73545,91.0,1,SKT-4015,,1.0,1.0,GPAO
05/03/2026,00:05:12,47.61828,-52.7354,94.0,1,SKT-4015,,1.0,1.0,GPAO
05/03/2026,00:05:20,47.61829,-52.73537,98.0,1,SKT-4015,,1.0,1.0,GPAO
05/03/2026,00:05:27,47.61829,-52.73534,103.0,1,SKT-4015,,1.0,1.0,GPAO
05/03/2026,00:05:34,47.61831,-52.73537,107.0,1,SKT-4015,,1.0,1.0,GPAO
05/03/2026,00:05:41,47.61832,-52.73542,106.0,1,SKT-4015,,1.0,1.0,GPAO
05/03/2026,00:05:49,47.61831,-52.73543,99.0,1,SKT-4015,,1.0,1.0,GPAO
05/03/2026,00:05:56,47.61834,-52.73539,99.0,1,SKT-4015,,1.0,1.0,GPAO
05/03/2026,00:06:03,47.61835,-52.73539,95.0,1,SKT-4015,,1.0,1.0,GPAO
05/03/2026,00:06:11,47.61835,-52.73535,91.0,1,SKT-4015,,1.0,1.0,GPAO
05/03/2026,00:06:18,47.61835,-52.73536,95.0,1,SKT-4015,,1.0,1.0,GPAO
05/03/2026,00:06:25,47.61838,-52.7354,104.0,1,SKT-4015,,1.0,1.0,GPAO
05/03/2026,00:06:32,47.61839,-52.73541,112.0,1,SKT-4015,,1.0,1.0,GPAO
05/03/2026,00:06:40,47.61844,-52.73553,112.0,1,SKT-4015,,1.0,1.0,GPAO
05/03/2026,00:06:47,47.61844,-52.73557,110.0,1,SKT-4015,,1.0,1.0,GPAO
05/03/2026,00:06:54,47.61843,-52.73561,103.0,1,SKT-4015,,1.0,1.0,GPAO
05/03/2026,00:07:01,47.61842,-52.73565,102.0,1,SKT-4015,,1.0,1.0,GPAO
05/03/2026,00:07:09,47.61841,-52.73567,101.0,1,SKT-4015,,1.0,1.0,GPAO
05/03/2026,00:07:16,47.61842,-52.73566,104.0,1,SKT-4015,,1.0,1.0,GPAO
05/03/2026,00:07:23,47.61843,-52.73562,110.0,1,SKT-4015,,1.0,1.0,GPAO
05/03/2026,00:07:30,47.61844,-52.73562,111.0,1,SKT-4015,,1.0,1.0,GPAO
05/03/2026,00:07:38,47.61844,-52.73564,114.0,1,SKT-4015,,1.0,1.0,GPAO
05/03/2026,00:07:45,47.61844,-52.73563,123.0,1,SKT-4015,,1.0,1.0,GPAO
05/03/2026,00:07:52,47.61846,-52.73559,129.0,1,SKT-4015,,1.0,1.0,GPAO
05/03/2026,00:07:59,47.61847,-52.73558,130.0,1,SKT-4015,,1.0,1.0,GPAO
05/03/2026,00:08:07,47.61844,-52.73562,129.0,1,SKT-4015,,1.0,1.0,GPAO
05/03/2026,00:08:14,47.6184,-52.73563,128.0,1,SKT-4015,,1.0,1.0,GPAO
05/03/2026,00:08:21,47.61838,-52.73561,125.0,1,SKT-4015,,1.0,1.0,GPAO
05/03/2026,00:08:28,47.61838,-52.73559,116.0,1,SKT-4015,,1.0,1.0,GPAO
05/03/2026,00:08:36,47.61843,-52.73555,118.0,1,SKT-4015,,1.0,1.0,GPAO
05/03/2026,00:08:43,47.61847,-52.73558,112.0,1,SKT-4015,,1.0,1.0,GPAO
05/03/2026,00:08:50,47.61848,-52.73565,101.0,1,SKT-4015,,1.0,1.0,GPAO
05/03/2026,00:08:57,47.61847,-52.7357,93.0,1,SKT-4015,,1.0,1.0,GPAO
05/03/2026,00:09:05,47.61848,-52.73568,92.0,1,SKT-4015,,1.0,1.0,GPAO
05/03/2026,00:09:12,47.61846,-52.73569,86.0,1,SKT-4015,,1.0,1.0,GPAO
05/03/2026,00:09:19,47.61843,-52.73572,78.0,1,SKT-4015,,1.0,1.0,GPAO
05/03/2026,00:09:26,47.6184,-52.73571,75.0,1,SKT-4015,,1.0,1.0,GPAO
05/03/2026,00:09:34,47.61835,-52.73568,73.0,1,SKT-4015,,1.0,1.0,GPAO
05/03/2026,00:09:41,47.61832,-52.73574,75.0,1,SKT-4015,,1.0,1.0,GPAO
05/03/2026,00:09:48,47.6183,-52.73574,77.0,1,SKT-4015,,1.0,1.0,GPAO
05/03/2026,00:09:55,47.61831,-52.73573,83.0,1,SKT-4015,,1.0,1.0,GPAO
05/03/2026,00:10:03,47.61831,-52.73566,94.0,1,SKT-4015,,1.0,1.0,GPAO
05/03/2026,00:10:10,47.6183,-52.73561,97.0,1,SKT-4015,,1.0,1.0,GPAO
05/03/2026,00:10:17,47.61831,-52.73564,100.0,1,SKT-4015,,1.0,1.0,GPAO
05/03/2026,00:10:24,47.61832,-52.73564,102.0,1,SKT-4015,,1.0,1.0,GPAO
05/03/2026,00:10:32,47.6183,-52.7356,104.0,1,SKT-4015,,1.0,1.0,GPAO
05/03/2026,00:10:39,47.61827,-52.73562,104.0,1,SKT-4015,,1.0,1.0,GPAO
05/03/2026,00:10:46,47.61828,-52.73564,110.0,1,SKT-4015,,1.0,1.0,GPAO
05/03/2026,00:10:53,47.61833,-52.73566,115.0,1,SKT-4015,,1.0,1.0,GPAO
05/03/2026,00:11:01,47.61843,-52.7356,122.0,1,SKT-4015,,1.0,1.0,GPAO
05/03/2026,00:11:08,47.6185,-52.73555,126.0,1,SKT-4015,,1.0,1.0,GPAO
05/03/2026,00:11:15,47.61856,-52.73549,132.0,1,SKT-4015,,1.0,1.0,GPAO
05/03/2026,00:11:22,47.61859,-52.73547,135.0,1,SKT-4015,,1.0,1.0,GPAO
05/03/2026,00:11:30,47.61861,-52.73545,140.0,1,SKT-4015,,1.0,1.0,GPAO
05/03/2026,00:11:37,47.61861,-52.73546,143.0,1,SKT-4015,,1.0,1.0,GPAO
05/03/2026,00:11:44,47.6186,-52.73547,145.0,1,SKT-4015,,1.0,1.0,GPAO
05/03/2026,00:11:51,47.61853,-52.73556,142.0,1,SKT-4015,,1.0,1.0,GPAO
05/03/2026,00:11:58,47.6185,-52.73561,138.0,1,SKT-4015,,1.0,1.0,GPAO
05/03/2026,00:12:06,47.61849,-52.73565,134.0,1,SKT-4015,,1.0,1.0,GPAO
05/03/2026,00:12:13,47.61848,-52.73568,130.0,1,SKT-4015,,1.0,1.0,GPAO
05/03/2026,00:12:20,47.61848,-52.73569,124.0,1,SKT-4015,,1.0,1.0,GPAO
05/03/2026,00:12:27,47.61853,-52.73565,124.0,1,SKT-4015,,1.0,1.0,GPAO
05/03/2026,00:12:35,47.61861,-52.73555,125.0,1,SKT-4015,,1.0,1.0,GPAO
05/03/2026,00:12:42,47.61863,-52.7355,128.0,1,SKT-4015,,1.0,1.0,GPAO
05/03/2026,00:12:49,47.61865,-52.73544,129.0,1,SKT-4015,,1.0,1.0,GPAO
05/03/2026,00:12:56,47.61864,-52.73543,129.0,1,SKT-4015,,1.0,1.0,GPAO
05/03/2026,00:13:04,47.61863,-52.7354,128.0,1,SKT-4015,,1.0,1.0,GPAO
05/03/2026,00:13:11,47.6186,-52.7354,126.0,1,SKT-4015,,1.0,1.0,GPAO
05/03/2026,00:13:18,47.61858,-52.73542,126.0,1,SKT-4015,,1.0,1.0,GPAO
05/03/2026,00:13:25,47.61856,-52.73543,123.0,1,SKT-4015,,1.0,1.0,GPAO
05/03/2026,00:13:33,47.61856,-52.73547,117.0,1,SKT-4015,,1.0,1.0,GPAO
05/03/2026,00:13:40,47.61855,-52.73547,111.0,1,SKT-4015,,1.0,1.0,GPAO
05/03/2026,00:13:47,47.6185,-52.73549,105.0,1,SKT-4015,,1.0,1.0,GPAO
05/03/2026,00:13:55,47.61845,-52.7355,99.0,1,SKT-4015,,1.0,1.0,GPAO
05/03/2026,00:14:02,47.61843,-52.73549,96.0,1,SKT-4015,,1.0,1.0,GPAO
05/03/2026,00:14:09,47.61845,-52.73547,98.0,1,SKT-4015,,1.0,1.0,GPAO
05/03/2026,00:14:17,47.61851,-52.73542,104.0,1,SKT-4015,,1.0,1.0,GPAO
05/03/2026,00:14:24,47.61855,-52.73539,109.0,1,SKT-4015,,1.0,1.0,GPAO
05/03/2026,00:14:32,47.61852,-52.7354,108.0,1,SKT-4015,,1.0,1.0,GPAO
05/03/2026,00:14:39,47.61848,-52.7354,105.0,1,SKT-4015,,1.0,1.0,GPAO
05/03/2026,00:14:46,47.61844,-52.73537,102.0,1,SKT-4015,,1.0,1.0,GPAO
05/03/2026,00:14:53,47.61841,-52.73533,97.0,1,SKT-4015,,1.0,1.0,GPAO
05/03/2026,00:15:01,47.61842,-52.73532,104.0,1,SKT-4015,,1.0,1.0,GPAO
05/03/2026,00:15:08,47.61843,-52.73534,104.0,1,SKT-4015,,1.0,1.0,GPAO
05/03/2026,00:15:15,47.61845,-52.73532,103.0,1,SKT-4015,,1.0,1.0,GPAO
05/03/2026,00:15:22,47.61845,-52.73531,97.0,1,SKT-4015,,1.0,1.0,GPAO
05/03/2026,00:15:29,47.61841,-52.73531,88.0,1,SKT-4015,,1.0,1.0,GPAO
05/03/2026,00:15:37,47.61842,-52.73533,86.0,1,SKT-4015,,1.0,1.0,GPAO
05/03/2026,00:15:44,47.61845,-52.73534,94.0,1,SKT-4015,,1.0,1.0,GPAO
05/03/2026,00:15:51,47.6185,-52.73534,99.0,1,SKT-4015,,1.0,1.0,GPAO
05/03/2026,00:15:58,47.61856,-52.73535,110.0,1,SKT-4015,,1.0,1.0,GPAO
05/03/2026,00:16:06,47.61858,-52.73538,116.0,1,SKT-4015,,1.0,1.0,GPAO
05/03/2026,00:16:13,47.61857,-52.73541,122.0,1,SKT-4015,,1.0,1.0,GPAO
05/03/2026,00:16:20,47.61856,-52.7354,129.0,1,SKT-4015,,1.0,1.0,GPAO
05/03/2026,00:16:27,47.61856,-52.73541,131.0,1,SKT-4015,,1.0,1.0,GPAO
05/03/2026,00:16:35,47.61856,-52.73545,131.0,1,SKT-4015,,1.0,1.0,GPAO
05/03/2026,00:16:42,47.61855,-52.73553,133.0,1,SKT-4015,,1.0,1.0,GPAO
05/03/2026,00:16:49,47.61853,-52.73556,136.0,1,SKT-4015,,1.0,1.0,GPAO
05/03/2026,00:16:56,47.61853,-52.73555,142.0,1,SKT-4015,,1.0,1.0,GPAO
05/03/2026,00:17:04,47.61854,-52.73554,147.0,1,SKT-4015,,1.0,1.0,GPAO
05/03/2026,00:17:11,47.61857,-52.73552,152.0,1,SKT-4015,,1.0,1.0,GPAO
05/03/2026,00:17:18,47.61858,-52.73551,152.0,1,SKT-4015,,1.0,1.0,GPAO
05/03/2026,00:17:25,47.61859,-52.73551,149.0,1,SKT-4015,,1.0,1.0,GPAO
05/03/2026,00:17:33,47.61859,-52.7355,146.0,1,SKT-4015,,1.0,1.0,GPAO
05/03/2026,00:17:40,47.61855,-52.73549,139.0,1,SKT-4015,,1.0,1.0,GPAO
05/03/2026,00:17:47,47.61852,-52.73547,134.0,1,SKT-4015,,1.0,1.0,GPAO
05/03/2026,00:17:54,47.61852,-52.73547,132.0,1,SKT-4015,,1.0,1.0,GPAO
05/03/2026,00:18:02,47.61849,-52.73551,130.0,1,SKT-4015,,1.0,1.0,GPAO
05/03/2026,00:18:09,47.6185,-52.73554,126.0,1,SKT-4015,,1.0,1.0,GPAO
05/03/2026,00:18:16,47.61853,-52.73558,125.0,1,SKT-4015,,1.0,1.0,GPAO
05/03/2026,00:18:23,47.61855,-52.73559,127.0,1,SKT-4015,,1.0,1.0,GPAO
05/03/2026,00:18:31,47.61855,-52.73558,129.0,1,SKT-4015,,1.0,1.0,GPAO
05/03/2026,00:18:38,47.61851,-52.73552,132.0,1,SKT-4015,,1.0,1.0,GPAO
05/03/2026,00:18:45,47.61848,-52.7355,135.0,1,SKT-4015,,1.0,1.0,GPAO
05/03/2026,00:18:52,47.61847,-52.73552,135.0,1,SKT-4015,,1.0,1.0,GPAO
05/03/2026,00:19:00,47.61852,-52.73553,140.0,1,SKT-4015,,1.0,1.0,GPAO
05/03/2026,00:19:07,47.61849,-52.73552,140.0,1,SKT-4015,,1.0,1.0,GPAO
05/03/2026,00:19:14,47.61847,-52.73548,137.0,1,SKT-4015,,1.0,1.0,GPAO
05/03/2026,00:19:21,47.61847,-52.73545,137.0,1,SKT-4015,,1.0,1.0,GPAO
05/03/2026,00:19:29,47.61847,-52.73545,139.0,1,SKT-4015,,1.0,1.0,GPAO
05/03/2026,00:19:36,47.61848,-52.73547,133.0,1,SKT-4015,,1.0,1.0,GPAO
05/03/2026,00:19:43,47.6185,-52.73547,129.0,1,SKT-4015,,1.0,1.0,GPAO
05/03/2026,00:19:51,47.61852,-52.73547,130.0,1,SKT-4015,,1.0,1.0,GPAO
05/03/2026,00:19:58,47.61852,-52.73545,132.0,1,SKT-4015,,1.0,1.0,GPAO
05/03/2026,00:20:06,47.61851,-52.73548,139.0,1,SKT-4015,,1.0,1.0,GPAO
05/03/2026,00:20:13,47.6185,-52.73547,140.0,1,SKT-4015,,1.0,1.0,GPAO
05/03/2026,00:20:21,47.61849,-52.73548,145.0,1,SKT-4015,,1.0,1.0,GPAO
05/03/2026,00:20:28,47.6185,-52.73549,152.0,1,SKT-4015,,1.0,1.0,GPAO
05/03/2026,00:20:36,47.61848,-52.73548,157.0,1,SKT-4015,,1.0,1.0,GPAO
05/03/2026,00:20:43,47.61849,-52.73547,162.0,1,SKT-4015,,1.0,1.0,GPAO
05/03/2026,00:20:50,47.61852,-52.73549,169.0,1,SKT-4015,,1.0,1.0,GPAO
05/03/2026,00:20:57,47.61856,-52.73549,178.0,1,SKT-4015,,1.0,1.0,GPAO
05/03/2026,00:21:05,47.61861,-52.73549,187.0,1,SKT-4015,,1.0,1.0,GPAO
05/03/2026,00:21:12,47.61858,-52.73552,183.0,1,SKT-4015,,1.0,1.0,GPAO
05/03/2026,00:21:19,47.61855,-52.73557,173.0,1,SKT-4015,,1.0,1.0,GPAO
05/03/2026,00:21:26,47.61847,-52.7356,160.0,1,SKT-4015,,1.0,1.0,GPAO
05/03/2026,00:21:33,47.61842,-52.73561,151.0,1,SKT-4015,,1.0,1.0,GPAO
05/03/2026,00:21:41,47.61837,-52.7356,145.0,1,SKT-4015,,1.0,1.0,GPAO
05/03/2026,00:21:48,47.61837,-52.73558,143.0,1,SKT-4015,,1.0,1.0,GPAO
05/03/2026,00:21:55,47.61836,-52.73559,143.0,1,SKT-4015,,1.0,1.0,GPAO
05/03/2026,00:22:02,47.6184,-52.73559,146.0,1,SKT-4015,,1.0,1.0,GPAO
05/03/2026,00:22:10,47.61844,-52.73557,144.0,1,SKT-4015,,1.0,1.0,GPAO
05/03/2026,00:22:17,47.61847,-52.73557,136.0,1,SKT-4015,,1.0,1.0,GPAO
05/03/2026,00:22:24,47.61848,-52.73554,132.0,1,SKT-4015,,1.0,1.0,GPAO
05/03/2026,00:22:31,47.61851,-52.73552,136.0,1,SKT-4015,,1.0,1.0,GPAO
05/03/2026,00:22:39,47.61853,-52.73555,138.0,1,SKT-4015,,1.0,1.0,GPAO
05/03/2026,00:22:46,47.61853,-52.73554,142.0,1,SKT-4015,,1.0,1.0,GPAO
05/03/2026,00:22:53,47.61853,-52.73552,148.0,1,SKT-4015,,1.0,1.0,GPAO
05/03/2026,00:23:00,47.61851,-52.73556,148.0,1,SKT-4015,,1.0,1.0,GPAO
05/03/2026,00:23:08,47.61845,-52.73565,142.0,1,SKT-4015,,1.0,1.0,GPAO
05/03/2026,00:23:15,47.6184,-52.73571,139.0,1,SKT-4015,,1.0,1.0,GPAO
05/03/2026,00:23:22,47.61837,-52.73574,140.0,1,SKT-4015,,1.0,1.0,GPAO
05/03/2026,00:23:29,47.61837,-52.73576,145.0,1,SKT-4015,,1.0,1.0,GPAO
05/03/2026,00:23:37,47.6184,-52.7357,152.0,1,SKT-4015,,1.0,1.0,GPAO
05/03/2026,00:23:44,47.61839,-52.73567,154.0,1,SKT-4015,,1.0,1.0,GPAO
05/03/2026,00:23:51,47.61839,-52.7356,158.0,1,SKT-4015,,1.0,1.0,GPAO
05/03/2026,00:23:58,47.61841,-52.73555,164.0,1,SKT-4015,,1.0,1.0,GPAO
05/03/2026,00:24:06,47.61843,-52.73556,160.0,1,SKT-4015,,1.0,1.0,GPAO
05/03/2026,00:24:13,47.61845,-52.73559,158.0,1,SKT-4015,,1.0,1.0,GPAO
05/03/2026,00:24:20,47.61846,-52.73563,156.0,1,SKT-4015,,1.0,1.0,GPAO
05/03/2026,00:24:27,47.61849,-52.73565,152.0,1,SKT-4015,,1.0,1.0,GPAO
05/03/2026,00:24:35,47.61848,-52.73568,146.0,1,SKT-4015,,1.0,1.0,GPAO
05/03/2026,00:24:42,47.6185,-52.73568,145.0,1,SKT-4015,,1.0,1.0,GPAO
05/03/2026,00:24:49,47.61852,-52.73565,142.0,1,SKT-4015,,1.0,1.0,GPAO
05/03/2026,00:24:56,47.61851,-52.73561,135.0,1,SKT-4015,,1.0,1.0,GPAO
05/03/2026,00:25:04,47.61854,-52.73557,136.0,1,SKT-4015,,1.0,1.0,GPAO
05/03/2026,00:25:11,47.61853,-52.73556,134.0,1,SKT-4015,,1.0,1.0,GPAO
05/03/2026,00:25:18,47.6185,-52.73553,130.0,1,SKT-4015,,1.0,1.0,GPAO
05/03/2026,00:25:25,47.61846,-52.73547,124.0,1,SKT-4015,,1.0,1.0,GPAO
05/03/2026,00:25:33,47.61842,-52.73543,118.0,1,SKT-4015,,1.0,1.0,GPAO
05/03/2026,00:25:40,47.6184,-52.73542,119.0,1,SKT-4015,,1.0,1.0,GPAO
05/03/2026,00:25:47,47.61839,-52.73539,122.0,1,SKT-4015,,1.0,1.0,GPAO
05/03/2026,00:25:54,47.61837,-52.73534,123.0,1,SKT-4015,,1.0,1.0,GPAO
05/03/2026,00:26:02,47.61835,-52.73532,124.0,1,SKT-4015,,1.0,1.0,GPAO
05/03/2026,00:26:09,47.61834,-52.73531,121.0,1,SKT-4015,,1.0,1.0,GPAO
05/03/2026,00:26:16,47.61834,-52.73529,119.0,1,SKT-4015,,1.0,1.0,GPAO
05/03/2026,00:26:23,47.61832,-52.73525,113.0,1,SKT-4015,,1.0,1.0,GPAO
05/03/2026,00:26:30,47.61833,-52.73526,114.0,1,SKT-4015,,1.0,1.0,GPAO
05/03/2026,00:26:38,47.61836,-52.73532,118.0,1,SKT-4015,,1.0,1.0,GPAO
05/03/2026,00:26:45,47.6184,-52.73539,123.0,1,SKT-4015,,1.0,1.0,GPAO
05/03/2026,00:26:52,47.61842,-52.73545,123.0,1,SKT-4015,,1.0,1.0,GPAO
05/03/2026,00:26:59,47.61845,-52.73547,126.0,1,SKT-4015,,1.0,1.0,GPAO
05/03/2026,00:27:07,47.61845,-52.7355,126.0,1,SKT-4015,,1.0,1.0,GPAO
05/03/2026,00:27:14,47.61847,-52.73549,126.0,1,SKT-4015,,1.0,1.0,GPAO
05/03/2026,00:27:22,47.61848,-52.73553,126.0,1,SKT-4015,,1.0,1.0,GPAO
05/03/2026,00:27:29,47.61851,-52.7356,129.0,1,SKT-4015,,1.0,1.0,GPAO
05/03/2026,00:27:36,47.61858,-52.73565,136.0,1,SKT-4015,,1.0,1.0,GPAO
05/03/2026,00:27:44,47.61855,-52.73561,133.0,1,SKT-4015,,1.0,1.0,GPAO
05/03/2026,00:27:51,47.61853,-52.7356,128.0,1,SKT-4015,,1.0,1.0,GPAO
05/03/2026,00:27:58,47.61858,-52.73558,130.0,1,SKT-4015,,1.0,1.0,GPAO
05/03/2026,00:28:05,47.61858,-52.73551,124.0,1,SKT-4015,,1.0,1.0,GPAO
05/03/2026,00:28:13,47.61865,-52.73547,127.0,1,SKT-4015,,1.0,1.0,GPAO
05/03/2026,00:28:20,47.61864,-52.73545,128.0,1,SKT-4015,,1.0,1.0,GPAO
05/03/2026,00:28:27,47.61862,-52.73544,130.0,1,SKT-4015,,1.0,1.0,GPAO
05/03/2026,00:28:34,47.61859,-52.73545,135.0,1,SKT-4015,,1.0,1.0,GPAO
05/03/2026,00:28:42,47.61858,-52.73548,140.0,1,SKT-4015,,1.0,1.0,GPAO
05/03/2026,00:28:49,47.61857,-52.7355,147.0,1,SKT-4015,,1.0,1.0,GPAO
05/03/2026,00:28:56,47.61857,-52.73552,149.0,1,SKT-4015,,1.0,1.0,GPAO
05/03/2026,00:29:03,47.61858,-52.73551,147.0,1,SKT-4015,,1.0,1.0,GPAO
05/03/2026,00:29:11,47.61857,-52.73545,122.0,1,SKT-4015,,1.0,1.0,GPAO
05/03/2026,00:29:18,47.61856,-52.7354,111.0,1,SKT-4015,,1.0,1.0,GPAO
05/03/2026,00:29:25,47.61853,-52.73541,101.0,1,SKT-4015,,1.0,1.0,GPAO
05/03/2026,00:29:32,47.61849,-52.73541,89.0,1,SKT-4015,,1.0,1.0,GPAO
05/03/2026,00:29:40,47.61849,-52.73539,86.0,1,SKT-4015,,1.0,1.0,GPAO
05/03/2026,00:29:47,47.61847,-52.73535,72.0,1,SKT-4015,,1.0,1.0,GPAO
05/03/2026,00:29:54,47.61848,-52.73523,57.0,1,SKT-4015,,1.0,1.0,GPAO
05/03/2026,00:30:01,47.61845,-52.73536,59.0,1,SKT-4015,,1.0,1.0,GPAO
05/03/2026,00:30:09,47.61844,-52.73549,77.0,1,SKT-4015,,1.0,1.0,GPAO
05/03/2026,00:30:16,47.61841,-52.73553,84.0,1,SKT-4015,,1.0,1.0,GPAO
05/03/2026,00:30:23,47.6184,-52.73556,90.0,1,SKT-4015,,1.0,1.0,GPAO
05/03/2026,00:30:30,47.6184,-52.73558,97.0,1,SKT-4015,,1.0,1.0,GPAO
05/03/2026,00:30:38,47.61839,-52.73562,105.0,1,SKT-4015,,1.0,1.0,GPAO
05/03/2026,00:30:45,47.61839,-52.73568,109.0,1,SKT-4015,,1.0,1.0,GPAO
05/03/2026,00:30:52,47.61847,-52.73569,118.0,1,SKT-4015,,1.0,1.0,GPAO
05/03/2026,00:30:59,47.61851,-52.73563,125.0,1,SKT-4015,,1.0,1.0,GPAO
05/03/2026,00:31:07,47.61853,-52.73556,124.0,1,SKT-4015,,1.0,1.0,GPAO
05/03/2026,00:31:14,47.61853,-52.73548,117.0,1,SKT-4015,,1.0,1.0,GPAO
05/03/2026,00:31:21,47.6185,-52.73542,114.0,1,SKT-4015,,1.0,1.0,GPAO
05/03/2026,00:31:28,47.6185,-52.73538,112.0,1,SKT-4015,,1.0,1.0,GPAO
05/03/2026,00:31:36,47.61848,-52.73532,113.0,1,SKT-4015,,1.0,1.0,GPAO
05/03/2026,00:31:43,47.61847,-52.73532,116.0,1,SKT-4015,,1.0,1.0,GPAO
05/03/2026,00:31:50,47.61846,-52.73532,115.0,1,SKT-4015,,1.0,1.0,GPAO
05/03/2026,00:31:57,47.61845,-52.7353,101.0,1,SKT-4015,,1.0,1.0,GPAO
05/03/2026,00:32:05,47.6184,-52.73535,81.0,1,SKT-4015,,1.0,1.0,GPAO
05/03/2026,00:32:12,47.6184,-52.73549,70.0,1,SKT-4015,,1.0,1.0,GPAO
05/03/2026,00:32:19,47.61839,-52.7356,65.0,1,SKT-4015,,1.0,1.0,GPAO
05/03/2026,00:32:27,47.61839,-52.73567,67.0,1,SKT-4015,,1.0,1.0,GPAO
05/03/2026,00:32:34,47.61843,-52.73569,75.0,1,SKT-4015,,1.0,1.0,GPAO
05/03/2026,00:32:42,47.6185,-52.73569,83.0,1,SKT-4015,,1.0,1.0,GPAO
05/03/2026,00:32:49,47.6185,-52.73571,86.0,1,SKT-4015,,1.0,1.0,GPAO
05/03/2026,00:32:56,47.61847,-52.73571,77.0,1,SKT-4015,,1.0,1.0,GPAO
05/03/2026,00:33:03,47.61842,-52.73573,68.0,1,SKT-4015,,1.0,1.0,GPAO
05/03/2026,00:33:11,47.6184,-52.73566,67.0,1,SKT-4015,,1.0,1.0,GPAO
05/03/2026,00:33:18,47.61838,-52.73555,61.0,1,SKT-4015,,1.0,1.0,GPAO
05/03/2026,00:33:27,47.61836,-52.73545,50.0,1,SKT-4015,,1.0,1.0,GPAO
05/03/2026,00:33:34,47.61837,-52.73539,49.0,1,SKT-4015,,1.0,1.0,GPAO
05/03/2026,00:33:41,47.6184,-52.73537,55.0,1,SKT-4015,,1.0,1.0,GPAO
05/03/2026,00:33:48,47.6184,-52.73534,60.0,1,SKT-4015,,1.0,1.0,GPAO
05/03/2026,00:33:56,47.6184,-52.73531,61.0,1,SKT-4015,,1.0,1.0,GPAO
05/03/2026,00:34:03,47.61841,-52.73528,72.0,1,SKT-4015,,1.0,1.0,GPAO
05/03/2026,00:34:10,47.61838,-52.73523,85.0,1,SKT-4015,,1.0,1.0,GPAO
05/03/2026,00:34:17,47.61837,-52.73519,99.0,1,SKT-4015,,1.0,1.0,GPAO
05/03/2026,00:34:25,47.61838,-52.73518,107.0,1,SKT-4015,,1.0,1.0,GPAO
05/03/2026,00:34:32,47.61837,-52.73518,111.0,1,SKT-4015,,1.0,1.0,GPAO
05/03/2026,00:34:39,47.61835,-52.73521,108.0,1,SKT-4015,,1.0,1.0,GPAO
05/03/2026,00:34:46,47.61836,-52.73528,108.0,1,SKT-4015,,1.0,1.0,GPAO
05/03/2026,00:34:54,47.61839,-52.73532,113.0,1,SKT-4015,,1.0,1.0,GPAO
05/03/2026,00:35:01,47.61843,-52.73537,117.0,1,SKT-4015,,1.0,1.0,GPAO
05/03/2026,00:35:08,47.61846,-52.73544,127.0,1,SKT-4015,,1.0,1.0,GPAO
05/03/2026,00:35:15,47.61846,-52.73544,137.0,1,SKT-4015,,1.0,1.0,GPAO
05/03/2026,00:35:23,47.61849,-52.73544,146.0,1,SKT-4015,,1.0,1.0,GPAO
05/03/2026,00:35:30,47.61853,-52.73547,149.0,1,SKT-4015,,1.0,1.0,GPAO
05/03/2026,00:35:37,47.61859,-52.73548,147.0,1,SKT-4015,,1.0,1.0,GPAO
05/03/2026,00:35:44,47.6186,-52.73542,130.0,1,SKT-4015,,1.0,1.0,GPAO
05/03/2026,00:35:51,47.61861,-52.73542,123.0,1,SKT-4015,,1.0,1.0,GPAO
05/03/2026,00:35:59,47.61863,-52.7355,126.0,1,SKT-4015,,1.0,1.0,GPAO
05/03/2026,00:36:06,47.61871,-52.7356,139.0,1,SKT-4015,,1.0,1.0,GPAO
05/03/2026,00:36:13,47.61869,-52.7356,123.0,1,SKT-4015,,1.0,1.0,GPAO
05/03/2026,00:36:20,47.61863,-52.73555,105.0,1,SKT-4015,,1.0,1.0,GPAO
05/03/2026,00:36:28,47.61853,-52.73556,86.0,1,SKT-4015,,1.0,1.0,GPAO
05/03/2026,00:36:35,47.6186,-52.73551,77.0,1,SKT-4015,,1.0,1.0,GPAO
05/03/2026,00:36:42,47.61851,-52.73555,90.0,1,SKT-4015,,1.0,1.0,GPAO
05/03/2026,00:36:49,47.61843,-52.73552,99.0,1,SKT-4015,,1.0,1.0,GPAO
05/03/2026,00:36:57,47.61839,-52.73549,97.0,1,SKT-4015,,1.0,1.0,GPAO
05/03/2026,00:37:04,47.61842,-52.7355,103.0,1,SKT-4015,,1.0,1.0,GPAO
05/03/2026,00:37:11,47.61842,-52.73545,97.0,1,SKT-4015,,1.0,1.0,GPAO
05/03/2026,00:37:18,47.61842,-52.7354,93.0,1,SKT-4015,,1.0,1.0,GPAO
05/03/2026,00:37:26,47.6184,-52.73538,84.0,1,SKT-4015,,1.0,1.0,GPAO
05/03/2026,00:37:33,47.61837,-52.73535,71.0,1,SKT-4015,,1.0,1.0,GPAO
05/03/2026,00:37:40,47.61834,-52.7353,57.0,1,SKT-4015,,1.0,1.0,GPAO
05/03/2026,00:37:47,47.61836,-52.73536,58.0,1,SKT-4015,,1.0,1.0,GPAO
05/03/2026,00:37:55,47.61842,-52.73539,64.0,1,SKT-4015,,1.0,1.0,GPAO
05/03/2026,00:38:02,47.61845,-52.7354,71.0,1,SKT-4015,,1.0,1.0,GPAO
05/03/2026,00:38:09,47.61846,-52.73535,70.0,1,SKT-4015,,1.0,1.0,GPAO
05/03/2026,00:38:16,47.61843,-52.73515,61.0,1,SKT-4015,,1.0,1.0,GPAO
05/03/2026,00:38:24,47.61842,-52.73524,65.0,1,SKT-4015,,1.0,1.0,GPAO
05/03/2026,00:38:31,47.61841,-52.73536,69.0,1,SKT-4015,,1.0,1.0,GPAO
05/03/2026,00:38:38,47.61837,-52.73549,68.0,1,SKT-4015,,1.0,1.0,GPAO
05/03/2026,00:38:46,47.61835,-52.73566,73.0,1,SKT-4015,,1.0,1.0,GPAO
05/03/2026,00:38:53,47.61834,-52.73576,98.0,1,SKT-4015,,1.0,1.0,GPAO
05/03/2026,00:39:00,47.61833,-52.73576,101.0,1,SKT-4015,,1.0,1.0,GPAO
05/03/2026,00:39:07,47.61832,-52.73575,76.0,1,SKT-4015,,1.0,1.0,GPAO
05/03/2026,00:39:15,47.61831,-52.73569,45.0,1,SKT-4015,,1.0,1.0,GPAO
05/03/2026,00:39:22,47.61827,-52.73571,34.0,1,SKT-4015,,1.0,1.0,GPAO
05/03/2026,00:39:29,47.61821,-52.7357,37.0,1,SKT-4015,,1.0,1.0,GPAO
05/03/2026,00:39:36,47.61815,-52.73563,61.0,1,SKT-4015,,1.0,1.0,GPAO
05/03/2026,00:39:44,47.61813,-52.73553,85.0,1,SKT-4015,,1.0,1.0,GPAO
05/03/2026,00:39:51,47.61812,-52.73552,104.0,1,SKT-4015,,1.0,1.0,GPAO
05/03/2026,00:39:58,47.61813,-52.7355,110.0,1,SKT-4015,,1.0,1.0,GPAO
05/03/2026,00:40:05,47.61808,-52.7356,125.0,1,SKT-4015,,1.0,1.0,GPAO
05/03/2026,00:40:13,47.61808,-52.73559,140.0,1,SKT-4015,,1.0,1.0,GPAO
05/03/2026,00:40:20,47.61809,-52.7356,145.0,1,SKT-4015,,1.0,1.0,GPAO
05/03/2026,00:40:27,47.61808,-52.73562,144.0,1,SKT-4015,,1.0,1.0,GPAO
05/03/2026,00:40:34,47.6181,-52.73552,141.0,1,SKT-4015,,1.0,1.0,GPAO
05/03/2026,00:40:42,47.61814,-52.73554,120.0,1,SKT-4015,,1.0,1.0,GPAO
05/03/2026,00:40:49,47.61818,-52.73551,114.0,1,SKT-4015,,1.0,1.0,GPAO
05/03/2026,00:40:56,47.61824,-52.73551,112.0,1,SKT-4015,,1.0,1.0,GPAO
05/03/2026,00:41:03,47.6183,-52.73559,114.0,1,SKT-4015,,1.0,1.0,GPAO
05/03/2026,00:41:10,47.61839,-52.73556,103.0,1,SKT-4015,,1.0,1.0,GPAO
05/03/2026,00:41:18,47.61844,-52.73557,93.0,1,SKT-4015,,1.0,1.0,GPAO
05/03/2026,00:41:25,47.61848,-52.73555,94.0,1,SKT-4015,,1.0,1.0,GPAO
05/03/2026,00:41:32,47.61849,-52.73556,100.0,1,SKT-4015,,1.0,1.0,GPAO
05/03/2026,00:41:39,47.61852,-52.73555,115.0,1,SKT-4015,,1.0,1.0,GPAO
05/03/2026,00:41:47,47.61857,-52.73551,126.0,1,SKT-4015,,1.0,1.0,GPAO
05/03/2026,00:41:54,47.61852,-52.73545,122.0,1,SKT-4015,,1.0,1.0,GPAO
05/03/2026,00:42:01,47.61842,-52.73537,123.0,1,SKT-4015,,1.0,1.0,GPAO
05/03/2026,00:42:08,47.6184,-52.73541,146.0,1,SKT-4015,,1.0,1.0,GPAO
05/03/2026,00:42:16,47.61848,-52.73556,156.0,1,SKT-4015,,1.0,1.0,GPAO
05/03/2026,00:42:23,47.61854,-52.73558,163.0,1,SKT-4015,,1.0,1.0,GPAO
05/03/2026,00:42:30,47.6186,-52.73557,168.0,1,SKT-4015,,1.0,1.0,GPAO
05/03/2026,00:42:37,47.6186,-52.73557,149.0,1,SKT-4015,,1.0,1.0,GPAO
05/03/2026,00:42:45,47.61861,-52.73552,123.0,1,SKT-4015,,1.0,1.0,GPAO
05/03/2026,00:42:52,47.61862,-52.73545,105.0,1,SKT-4015,,1.0,1.0,GPAO
05/03/2026,00:42:59,47.61866,-52.73537,101.0,1,SKT-4015,,1.0,1.0,GPAO
05/03/2026,00:43:06,47.61865,-52.73532,85.0,1,SKT-4015,,1.0,1.0,GPAO
05/03/2026,00:43:14,47.61864,-52.73529,63.0,1,SKT-4015,,1.0,1.0,GPAO
05/03/2026,00:43:21,47.6187,-52.73526,55.0,1,SKT-4015,,1.0,1.0,GPAO
05/03/2026,00:43:28,47.61876,-52.73528,66.0,1,SKT-4015,,1.0,1.0,GPAO
05/03/2026,00:43:35,47.61881,-52.73536,86.0,1,SKT-4015,,1.0,1.0,GPAO
05/03/2026,00:43:43,47.61888,-52.73552,115.0,1,SKT-4015,,1.0,1.0,GPAO
05/03/2026,00:43:50,47.61887,-52.73558,123.0,1,SKT-4015,,1.0,1.0,GPAO
05/03/2026,00:43:57,47.61877,-52.73558,118.0,1,SKT-4015,,1.0,1.0,GPAO
05/03/2026,00:44:04,47.61866,-52.73554,108.0,1,SKT-4015,,1.0,1.0,GPAO
05/03/2026,00:44:12,47.61856,-52.73548,103.0,1,SKT-4015,,1.0,1.0,GPAO
05/03/2026,00:44:19,47.61856,-52.7354,118.0,1,SKT-4015,,1.0,1.0,GPAO
05/03/2026,00:44:26,47.61866,-52.73531,131.0,1,SKT-4015,,1.0,1.0,GPAO
05/03/2026,00:44:33,47.61871,-52.73524,145.0,1,SKT-4015,,1.0,1.0,GPAO
05/03/2026,00:44:41,47.61864,-52.73535,135.0,1,SKT-4015,,1.0,1.0,GPAO
05/03/2026,00:44:48,47.61861,-52.73544,133.0,1,SKT-4015,,1.0,1.0,GPAO
05/03/2026,00:44:55,47.61861,-52.73548,130.0,1,SKT-4015,,1.0,1.0,GPAO
05/03/2026,00:45:02,47.61861,-52.73552,135.0,1,SKT-4015,,1.0,1.0,GPAO
05/03/2026,00:45:10,47.61861,-52.73559,152.0,1,SKT-4015,,1.0,1.0,GPAO
05/03/2026,00:45:17,47.6186,-52.73565,164.0,1,SKT-4015,,1.0,1.0,GPAO
05/03/2026,00:45:25,47.6186,-52.73564,165.0,1,SKT-4015,,1.0,1.0,GPAO
05/03/2026,00:45:32,47.61858,-52.73564,155.0,1,SKT-4015,,1.0,1.0,GPAO
05/03/2026,00:45:39,47.61855,-52.73566,147.0,1,SKT-4015,,1.0,1.0,GPAO
05/03/2026,00:45:46,47.61856,-52.73566,145.0,1,SKT-4015,,1.0,1.0,GPAO
05/03/2026,00:45:53,47.61857,-52.73564,143.0,1,SKT-4015,,1.0,1.0,GPAO
05/03/2026,00:46:01,47.61858,-52.73569,143.0,1,SKT-4015,,1.0,1.0,GPAO
05/03/2026,00:46:08,47.61864,-52.73571,152.0,1,SKT-4015,,1.0,1.0,GPAO
05/03/2026,00:46:15,47.61867,-52.73569,159.0,1,SKT-4015,,1.0,1.0,GPAO
05/03/2026,00:46:22,47.61869,-52.7357,159.0,1,SKT-4015,,1.0,1.0,GPAO
05/03/2026,00:46:30,47.61872,-52.7357,159.0,1,SKT-4015,,1.0,1.0,GPAO
05/03/2026,00:46:37,47.61869,-52.73572,161.0,1,SKT-4015,,1.0,1.0,GPAO
05/03/2026,00:46:44,47.61871,-52.73575,163.0,1,SKT-4015,,1.0,1.0,GPAO
05/03/2026,00:46:51,47.61879,-52.73578,170.0,1,SKT-4015,,1.0,1.0,GPAO
05/03/2026,00:46:59,47.61889,-52.73582,173.0,1,SKT-4015,,1.0,1.0,GPAO
05/03/2026,00:47:06,47.61892,-52.73585,171.0,1,SKT-4015,,1.0,1.0,GPAO
05/03/2026,00:47:14,47.61896,-52.73581,157.0,1,SKT-4015,,1.0,1.0,GPAO
05/03/2026,00:47:21,47.61894,-52.73575,141.0,1,SKT-4015,,1.0,1.0,GPAO
05/03/2026,00:47:29,47.61891,-52.73568,133.0,1,SKT-4015,,1.0,1.0,GPAO
05/03/2026,00:47:37,47.61892,-52.73563,134.0,1,SKT-4015,,1.0,1.0,GPAO
05/03/2026,00:47:44,47.6189,-52.73566,142.0,1,SKT-4015,,1.0,1.0,GPAO
05/03/2026,00:47:51,47.61881,-52.73574,146.0,1,SKT-4015,,1.0,1.0,GPAO
05/03/2026,00:47:58,47.61876,-52.73579,155.0,1,SKT-4015,,1.0,1.0,GPAO
05/03/2026,00:48:06,47.61877,-52.73576,166.0,1,SKT-4015,,1.0,1.0,GPAO
05/03/2026,00:48:13,47.61878,-52.73573,169.0,1,SKT-4015,,1.0,1.0,GPAO
05/03/2026,00:48:20,47.61873,-52.73573,165.0,1,SKT-4015,,1.0,1.0,GPAO
05/03/2026,00:48:27,47.61866,-52.73571,169.0,1,SKT-4015,,1.0,1.0,GPAO
05/03/2026,00:48:35,47.61862,-52.73572,176.0,1,SKT-4015,,1.0,1.0,GPAO
05/03/2026,00:48:43,47.61864,-52.73571,182.0,1,SKT-4015,,1.0,1.0,GPAO
05/03/2026,00:48:50,47.6187,-52.73566,188.0,1,SKT-4015,,1.0,1.0,GPAO
05/03/2026,00:48:57,47.61873,-52.73565,191.0,1,SKT-4015,,1.0,1.0,GPAO
05/03/2026,00:49:04,47.61874,-52.73562,195.0,1,SKT-4015,,1.0,1.0,GPAO
05/03/2026,00:49:12,47.61868,-52.73561,193.0,1,SKT-4015,,1.0,1.0,GPAO
05/03/2026,00:49:19,47.61867,-52.7356,195.0,1,SKT-4015,,1.0,1.0,GPAO
05/03/2026,00:49:27,47.61863,-52.7356,175.0,1,SKT-4015,,1.0,1.0,GPAO
05/03/2026,00:49:34,47.61861,-52.73564,158.0,1,SKT-4015,,1.0,1.0,GPAO
05/03/2026,00:49:41,47.61863,-52.73577,162.0,1,SKT-4015,,1.0,1.0,GPAO
05/03/2026,00:49:49,47.61864,-52.73588,161.0,1,SKT-4015,,1.0,1.0,GPAO
05/03/2026,00:49:56,47.61867,-52.73589,160.0,1,SKT-4015,,1.0,1.0,GPAO
05/03/2026,00:50:03,47.61863,-52.73584,144.0,1,SKT-4015,,1.0,1.0,GPAO
05/03/2026,00:50:10,47.61861,-52.73581,130.0,1,SKT-4015,,1.0,1.0,GPAO
05/03/2026,00:50:18,47.61864,-52.73582,127.0,1,SKT-4015,,1.0,1.0,GPAO
05/03/2026,00:50:25,47.61868,-52.73586,138.0,1,SKT-4015,,1.0,1.0,GPAO
05/03/2026,00:50:32,47.61868,-52.73582,141.0,1,SKT-4015,,1.0,1.0,GPAO
05/03/2026,00:50:39,47.61872,-52.73577,136.0,1,SKT-4015,,1.0,1.0,GPAO
05/03/2026,00:50:47,47.61866,-52.73568,117.0,1,SKT-4015,,1.0,1.0,GPAO
05/03/2026,00:50:54,47.61861,-52.73576,121.0,1,SKT-4015,,1.0,1.0,GPAO
05/03/2026,00:51:01,47.61855,-52.73576,122.0,1,SKT-4015,,1.0,1.0,GPAO
05/03/2026,00:51:08,47.61847,-52.73572,115.0,1,SKT-4015,,1.0,1.0,GPAO
05/03/2026,00:51:16,47.61842,-52.73566,108.0,1,SKT-4015,,1.0,1.0,GPAO
05/03/2026,00:51:23,47.6184,-52.73565,105.0,1,SKT-4015,,1.0,1.0,GPAO
05/03/2026,00:51:30,47.61841,-52.73562,104.0,1,SKT-4015,,1.0,1.0,GPAO
05/03/2026,00:51:37,47.61842,-52.73558,102.0,1,SKT-4015,,1.0,1.0,GPAO
05/03/2026,00:51:45,47.61843,-52.73556,100.0,1,SKT-4015,,1.0,1.0,GPAO
05/03/2026,00:51:52,47.61844,-52.73545,96.0,1,SKT-4015,,1.0,1.0,GPAO
05/03/2026,00:51:59,47.61842,-52.73537,90.0,1,SKT-4015,,1.0,1.0,GPAO
05/03/2026,00:52:06,47.61845,-52.73531,103.0,1,SKT-4015,,1.0,1.0,GPAO
05/03/2026,00:52:14,47.61848,-52.7354,123.0,1,SKT-4015,,1.0,1.0,GPAO
05/03/2026,00:52:21,47.61846,-52.73542,131.0,1,SKT-4015,,1.0,1.0,GPAO
05/03/2026,00:52:28,47.61842,-52.73542,131.0,1,SKT-4015,,1.0,1.0,GPAO
05/03/2026,00:52:35,47.61842,-52.73544,132.0,1,SKT-4015,,1.0,1.0,GPAO
05/03/2026,00:52:43,47.61843,-52.7355,133.0,1,SKT-4015,,1.0,1.0,GPAO
05/03/2026,00:52:50,47.61845,-52.73555,128.0,1,SKT-4015,,1.0,1.0,GPAO
05/03/2026,00:52:57,47.61845,-52.73554,117.0,1,SKT-4015,,1.0,1.0,GPAO
05/03/2026,00:53:04,47.61851,-52.73549,112.0,1,SKT-4015,,1.0,1.0,GPAO
05/03/2026,00:53:12,47.61853,-52.73544,119.0,1,SKT-4015,,1.0,1.0,GPAO
05/03/2026,00:53:19,47.6185,-52.73542,114.0,1,SKT-4015,,1.0,1.0,GPAO
05/03/2026,00:53:26,47.61845,-52.73541,104.0,1,SKT-4015,,1.0,1.0,GPAO
05/03/2026,00:53:33,47.61847,-52.73541,106.0,1,SKT-4015,,1.0,1.0,GPAO
05/03/2026,00:53:41,47.6185,-52.73539,116.0,1,SKT-4015,,1.0,1.0,GPAO
05/03/2026,00:53:48,47.61855,-52.73534,118.0,1,SKT-4015,,1.0,1.0,GPAO
05/03/2026,00:53:55,47.61858,-52.7353,117.0,1,SKT-4015,,1.0,1.0,GPAO
05/03/2026,00:54:02,47.61855,-52.73528,101.0,1,SKT-4015,,1.0,1.0,GPAO
05/03/2026,00:54:09,47.61853,-52.73529,94.0,1,SKT-4015,,1.0,1.0,GPAO
05/03/2026,00:54:17,47.61853,-52.73531,109.0,1,SKT-4015,,1.0,1.0,GPAO
05/03/2026,00:54:24,47.61856,-52.73536,122.0,1,SKT-4015,,1.0,1.0,GPAO
05/03/2026,00:54:31,47.61854,-52.73548,121.0,1,SKT-4015,,1.0,1.0,GPAO
05/03/2026,00:54:38,47.61858,-52.73572,119.0,1,SKT-4015,,1.0,1.0,GPAO
05/03/2026,00:54:46,47.6186,-52.73591,117.0,1,SKT-4015,,1.0,1.0,GPAO
05/03/2026,00:54:53,47.61863,-52.73591,129.0,1,SKT-4015,,1.0,1.0,GPAO
05/03/2026,00:55:00,47.61868,-52.73585,136.0,1,SKT-4015,,1.0,1.0,GPAO
05/03/2026,00:55:07,47.61871,-52.73589,133.0,1,SKT-4015,,1.0,1.0,GPAO
05/03/2026,00:55:15,47.61874,-52.73594,124.0,1,SKT-4015,,1.0,1.0,GPAO
05/03/2026,00:55:22,47.61877,-52.73597,119.0,1,SKT-4015,,1.0,1.0,GPAO
05/03/2026,00:55:29,47.61884,-52.73595,122.0,1,SKT-4015,,1.0,1.0,GPAO
05/03/2026,00:55:36,47.6189,-52.73582,134.0,1,SKT-4015,,1.0,1.0,GPAO
05/03/2026,00:55:44,47.61894,-52.73561,157.0,1,SKT-4015,,1.0,1.0,GPAO
05/03/2026,00:55:51,47.61899,-52.73544,178.0,1,SKT-4015,,1.0,1.0,GPAO
05/03/2026,00:55:58,47.61898,-52.73536,186.0,1,SKT-4015,,1.0,1.0,GPAO
05/03/2026,00:56:05,47.61889,-52.73527,177.0,1,SKT-4015,,1.0,1.0,GPAO
05/03/2026,00:56:13,47.61878,-52.73528,148.0,1,SKT-4015,,1.0,1.0,GPAO
05/03/2026,00:56:20,47.61874,-52.73531,124.0,1,SKT-4015,,1.0,1.0,GPAO
05/03/2026,00:56:27,47.61876,-52.73538,123.0,1,SKT-4015,,1.0,1.0,GPAO
05/03/2026,00:56:34,47.61875,-52.73543,134.0,1,SKT-4015,,1.0,1.0,GPAO
05/03/2026,00:56:42,47.61872,-52.73543,146.0,1,SKT-4015,,1.0,1.0,GPAO
05/03/2026,00:56:49,47.61867,-52.7354,157.0,1,SKT-4015,,1.0,1.0,GPAO
05/03/2026,00:56:56,47.61864,-52.73543,152.0,1,SKT-4015,,1.0,1.0,GPAO
05/03/2026,00:57:03,47.61862,-52.73544,151.0,1,SKT-4015,,1.0,1.0,GPAO
05/03/2026,00:57:11,47.61861,-52.73545,147.0,1,SKT-4015,,1.0,1.0,GPAO
05/03/2026,00:57:18,47.6186,-52.73547,140.0,1,SKT-4015,,1.0,1.0,GPAO
05/03/2026,00:57:25,47.61864,-52.7355,144.0,1,SKT-4015,,1.0,1.0,GPAO
05/03/2026,00:57:32,47.61865,-52.73551,142.0,1,SKT-4015,,1.0,1.0,GPAO
05/03/2026,00:57:40,47.61866,-52.73552,145.0,1,SKT-4015,,1.0,1.0,GPAO
05/03/2026,00:57:47,47.61866,-52.7355,147.0,1,SKT-4015,,1.0,1.0,GPAO
05/03/2026,00:57:54,47.61867,-52.73545,149.0,1,SKT-4015,,1.0,1.0,GPAO
05/03/2026,00:58:01,47.61866,-52.73536,141.0,1,SKT-4015,,1.0,1.0,GPAO
05/03/2026,00:58:09,47.61866,-52.73527,124.0,1,SKT-4015,,1.0,1.0,GPAO
05/03/2026,00:58:16,47.61866,-52.73527,106.0,1,SKT-4015,,1.0,1.0,GPAO
05/03/2026,00:58:23,47.61868,-52.73528,98.0,1,SKT-4015,,1.0,1.0,GPAO
05/03/2026,00:58:30,47.61871,-52.73522,102.0,1,SKT-4015,,1.0,1.0,GPAO
05/03/2026,00:58:38,47.61878,-52.73507,120.0,1,SKT-4015,,1.0,1.0,GPAO
05/03/2026,00:58:45,47.61885,-52.73502,131.0,1,SKT-4015,,1.0,1.0,GPAO
05/03/2026,00:58:52,47.61882,-52.73509,140.0,1,SKT-4015,,1.0,1.0,GPAO
05/03/2026,00:58:59,47.61874,-52.73522,141.0,1,SKT-4015,,1.0,1.0,GPAO
05/03/2026,00:59:07,47.61868,-52.73526,149.0,1,SKT-4015,,1.0,1.0,GPAO
05/03/2026,00:59:14,47.61871,-52.73522,164.0,1,SKT-4015,,1.0,1.0,GPAO
05/03/2026,00:59:21,47.61874,-52.73523,180.0,1,SKT-4015,,1.0,1.0,GPAO
05/03/2026,00:59:28,47.61879,-52.73523,199.0,1,SKT-4015,,1.0,1.0,GPAO
05/03/2026,00:59:36,47.61879,-52.7352,214.0,1,SKT-4015,,1.0,1.0,GPAO
05/03/2026,00:59:43,47.61874,-52.73516,215.0,1,SKT-4015,,1.0,1.0,GPAO
05/03/2026,00:59:50,47.61866,-52.73511,207.0,1,SKT-4015,,1.0,1.0,GPAO
05/03/2026,00:59:57,47.61861,-52.73514,189.0,1,SKT-4015,,1.0,1.0,GPAO
05/03/2026,01:00:12,47.61868,-52.7353,164.0,1,SKT-4015,,1.0,1.0,GPAO
05/03/2026,01:00:19,47.61869,-52.73536,156.0,1,SKT-4015,,1.0,1.0,GPAO
05/03/2026,01:00:26,47.61867,-52.73535,154.0,1,SKT-4015,,1.0,1.0,GPAO
05/03/2026,01:00:33,47.61864,-52.73534,148.0,1,SKT-4015,,1.0,1.0,GPAO
05/03/2026,01:00:41,47.61861,-52.73532,133.0,1,SKT-4015,,1.0,1.0,GPAO
05/03/2026,01:00:48,47.61862,-52.73531,127.0,1,SKT-4015,,1.0,1.0,GPAO
05/03/2026,01:00:55,47.61866,-52.73529,129.0,1,SKT-4015,,1.0,1.0,GPAO
05/03/2026,01:01:02,47.61866,-52.73532,122.0,1,SKT-4015,,1.0,1.0,GPAO
05/03/2026,01:01:10,47.61865,-52.73534,112.0,1,SKT-4015,,1.0,1.0,GPAO
05/03/2026,01:01:17,47.61858,-52.73534,98.0,1,SKT-4015,,1.0,1.0,GPAO
05/03/2026,01:01:24,47.61858,-52.73532,97.0,1,SKT-4015,,1.0,1.0,GPAO
05/03/2026,01:01:31,47.61858,-52.73531,98.0,1,SKT-4015,,1.0,1.0,GPAO
05/03/2026,01:01:39,47.61855,-52.73528,92.0,1,SKT-4015,,1.0,1.0,GPAO
05/03/2026,01:01:46,47.61853,-52.73532,82.0,1,SKT-4015,,1.0,1.0,GPAO
05/03/2026,01:01:53,47.61852,-52.73536,78.0,1,SKT-4015,,1.0,1.0,GPAO
05/03/2026,01:02:00,47.6185,-52.73539,79.0,1,SKT-4015,,1.0,1.0,GPAO
05/03/2026,01:02:08,47.61847,-52.73537,72.0,1,SKT-4015,,1.0,1.0,GPAO
05/03/2026,01:02:15,47.61842,-52.73536,61.0,1,SKT-4015,,1.0,1.0,GPAO
05/03/2026,01:02:22,47.61841,-52.73536,58.0,1,SKT-4015,,1.0,1.0,GPAO
05/03/2026,01:02:29,47.61846,-52.73543,64.0,1,SKT-4015,,1.0,1.0,GPAO
05/03/2026,01:02:37,47.61852,-52.73553,75.0,1,SKT-4015,,1.0,1.0,GPAO
05/03/2026,01:02:44,47.61856,-52.73557,77.0,1,SKT-4015,,1.0,1.0,GPAO
05/03/2026,01:02:51,47.61854,-52.73557,58.0,1,SKT-4015,,1.0,1.0,GPAO
05/03/2026,01:02:58,47.61854,-52.73556,53.0,1,SKT-4015,,1.0,1.0,GPAO
05/03/2026,01:03:06,47.61855,-52.73552,64.0,1,SKT-4015,,1.0,1.0,GPAO
05/03/2026,01:03:13,47.6185,-52.73544,74.0,1,SKT-4015,,1.0,1.0,GPAO
05/03/2026,01:03:20,47.61847,-52.73541,84.0,1,SKT-4015,,1.0,1.0,GPAO
05/03/2026,01:03:27,47.61843,-52.73547,88.0,1,SKT-4015,,1.0,1.0,GPAO
05/03/2026,01:03:35,47.61841,-52.73555,100.0,1,SKT-4015,,1.0,1.0,GPAO
05/03/2026,01:03:42,47.6184,-52.73558,97.0,1,SKT-4015,,1.0,1.0,GPAO
05/03/2026,01:03:49,47.6184,-52.7356,97.0,1,SKT-4015,,1.0,1.0,GPAO
05/03/2026,01:03:56,47.6184,-52.73558,90.0,1,SKT-4015,,1.0,1.0,GPAO
05/03/2026,01:04:04,47.6184,-52.73552,87.0,1,SKT-4015,,1.0,1.0,GPAO
05/03/2026,01:04:11,47.6184,-52.73546,83.0,1,SKT-4015,,1.0,1.0,GPAO
05/03/2026,01:04:18,47.61843,-52.73542,86.0,1,SKT-4015,,1.0,1.0,GPAO
05/03/2026,01:04:25,47.61845,-52.73541,93.0,1,SKT-4015,,1.0,1.0,GPAO
05/03/2026,01:04:33,47.61848,-52.73542,84.0,1,SKT-4015,,1.0,1.0,GPAO
05/03/2026,01:04:40,47.61854,-52.73549,75.0,1,SKT-4015,,1.0,1.0,GPAO
05/03/2026,01:04:47,47.61861,-52.73554,69.0,1,SKT-4015,,1.0,1.0,GPAO
05/03/2026,01:04:54,47.61862,-52.73558,61.0,1,SKT-4015,,1.0,1.0,GPAO
05/03/2026,01:05:02,47.61858,-52.7356,44.0,1,SKT-4015,,1.0,1.0,GPAO
05/03/2026,01:05:09,47.61856,-52.73553,48.0,1,SKT-4015,,1.0,1.0,GPAO
05/03/2026,01:05:16,47.61855,-52.73546,59.0,1,SKT-4015,,1.0,1.0,GPAO
05/03/2026,01:05:23,47.61854,-52.73541,70.0,1,SKT-4015,,1.0,1.0,GPAO
05/03/2026,01:05:31,47.61857,-52.73536,99.0,1,SKT-4015,,1.0,1.0,GPAO
05/03/2026,01:05:38,47.6186,-52.73532,125.0,1,SKT-4015,,1.0,1.0,GPAO
05/03/2026,01:05:45,47.61855,-52.73531,133.0,1,SKT-4015,,1.0,1.0,GPAO
05/03/2026,01:05:52,47.61852,-52.73528,132.0,1,SKT-4015,,1.0,1.0,GPAO
05/03/2026,01:06:00,47.61851,-52.73523,134.0,1,SKT-4015,,1.0,1.0,GPAO
05/03/2026,01:06:07,47.61848,-52.7352,138.0,1,SKT-4015,,1.0,1.0,GPAO
05/03/2026,01:06:14,47.61847,-52.73516,140.0,1,SKT-4015,,1.0,1.0,GPAO
05/03/2026,01:06:21,47.61843,-52.73513,134.0,1,SKT-4015,,1.0,1.0,GPAO
05/03/2026,01:06:29,47.61835,-52.73515,111.0,1,SKT-4015,,1.0,1.0,GPAO
05/03/2026,01:06:36,47.61825,-52.73513,90.0,1,SKT-4015,,1.0,1.0,GPAO
05/03/2026,01:06:43,47.61829,-52.7352,92.0,1,SKT-4015,,1.0,1.0,GPAO
05/03/2026,01:06:50,47.61824,-52.73518,63.0,1,SKT-4015,,1.0,1.0,GPAO
05/03/2026,01:06:58,47.61837,-52.73516,51.0,1,SKT-4015,,1.0,1.0,GPAO
05/03/2026,01:07:05,47.61843,-52.73518,39.0,1,SKT-4015,,1.0,1.0,GPAO
05/03/2026,01:07:12,47.61843,-52.73526,26.0,1,SKT-4015,,1.0,1.0,GPAO
05/03/2026,01:07:20,47.61845,-52.73531,17.0,1,SKT-4015,,1.0,1.0,GPAO
05/03/2026,01:07:27,47.61846,-52.73535,8.0,1,SKT-4015,,1.0,1.0,GPAO
05/03/2026,01:07:34,47.61847,-52.73539,9.0,1,SKT-4015,,1.0,1.0,GPAO
05/03/2026,01:07:42,47.61847,-52.73542,26.0,1,SKT-4015,,1.0,1.0,GPAO
05/03/2026,01:07:49,47.61845,-52.73544,35.0,1,SKT-4015,,1.0,1.0,GPAO
05/03/2026,01:07:56,47.61843,-52.73545,44.0,1,SKT-4015,,1.0,1.0,GPAO
05/03/2026,01:08:03,47.61841,-52.73547,51.0,1,SKT-4015,,1.0,1.0,GPAO
05/03/2026,01:08:11,47.61839,-52.73546,65.0,1,SKT-4015,,1.0,1.0,GPAO
05/03/2026,01:08:18,47.61837,-52.7355,59.0,1,SKT-4015,,1.0,1.0,GPAO
05/03/2026,01:08:25,47.61834,-52.7355,65.0,1,SKT-4015,,1.0,1.0,GPAO
05/03/2026,01:08:32,47.61834,-52.73552,82.0,1,SKT-4015,,1.0,1.0,GPAO
05/03/2026,01:08:40,47.61837,-52.7355,97.0,1,SKT-4015,,1.0,1.0,GPAO
05/03/2026,01:08:47,47.61843,-52.73547,103.0,1,SKT-4015,,1.0,1.0,GPAO
05/03/2026,01:08:54,47.61844,-52.73546,103.0,1,SKT-4015,,1.0,1.0,GPAO
05/03/2026,01:09:01,47.61847,-52.73553,98.0,1,SKT-4015,,1.0,1.0,GPAO
05/03/2026,01:09:09,47.61848,-52.73559,89.0,1,SKT-4015,,1.0,1.0,GPAO
05/03/2026,01:09:16,47.61854,-52.73565,97.0,1,SKT-4015,,1.0,1.0,GPAO
05/03/2026,01:09:23,47.61858,-52.73566,102.0,1,SKT-4015,,1.0,1.0,GPAO
05/03/2026,01:09:30,47.6186,-52.73561,110.0,1,SKT-4015,,1.0,1.0,GPAO
05/03/2026,01:09:38,47.6186,-52.7356,114.0,1,SKT-4015,,1.0,1.0,GPAO
05/03/2026,01:09:45,47.61856,-52.73565,114.0,1,SKT-4015,,1.0,1.0,GPAO
05/03/2026,01:09:52,47.61848,-52.73559,109.0,1,SKT-4015,,1.0,1.0,GPAO
05/03/2026,01:09:59,47.61846,-52.73551,105.0,1,SKT-4015,,1.0,1.0,GPAO
05/03/2026,01:10:07,47.61844,-52.7354,93.0,1,SKT-4015,,1.0,1.0,GPAO
05/03/2026,01:10:14,47.6184,-52.73544,85.0,1,SKT-4015,,1.0,1.0,GPAO
05/03/2026,01:10:21,47.61836,-52.73547,78.0,1,SKT-4015,,1.0,1.0,GPAO
05/03/2026,01:10:28,47.61835,-52.73545,80.0,1,SKT-4015,,1.0,1.0,GPAO
05/03/2026,01:10:36,47.61834,-52.73539,75.0,1,SKT-4015,,1.0,1.0,GPAO
05/03/2026,01:10:43,47.61832,-52.73538,85.0,1,SKT-4015,,1.0,1.0,GPAO
05/03/2026,01:10:50,47.61831,-52.73541,90.0,1,SKT-4015,,1.0,1.0,GPAO
05/03/2026,01:10:57,47.61834,-52.73544,88.0,1,SKT-4015,,1.0,1.0,GPAO
05/03/2026,01:11:05,47.61844,-52.7354,102.0,1,SKT-4015,,1.0,1.0,GPAO
05/03/2026,01:11:12,47.61851,-52.73538,111.0,1,SKT-4015,,1.0,1.0,GPAO
05/03/2026,01:11:19,47.61852,-52.7354,119.0,1,SKT-4015,,1.0,1.0,GPAO
05/03/2026,01:11:26,47.61849,-52.7354,124.0,1,SKT-4015,,1.0,1.0,GPAO
05/03/2026,01:11:34,47.61851,-52.73539,127.0,1,SKT-4015,,1.0,1.0,GPAO
05/03/2026,01:11:41,47.6186,-52.73543,134.0,1,SKT-4015,,1.0,1.0,GPAO
05/03/2026,01:11:48,47.61857,-52.73542,123.0,1,SKT-4015,,1.0,1.0,GPAO
05/03/2026,01:11:55,47.6185,-52.73544,108.0,1,SKT-4015,,1.0,1.0,GPAO
05/03/2026,01:12:03,47.61848,-52.73539,98.0,1,SKT-4015,,1.0,1.0,GPAO
05/03/2026,01:12:10,47.61846,-52.7354,84.0,1,SKT-4015,,1.0,1.0,GPAO
05/03/2026,01:12:17,47.61848,-52.73539,84.0,1,SKT-4015,,1.0,1.0,GPAO
05/03/2026,01:12:24,47.6185,-52.73544,78.0,1,SKT-4015,,1.0,1.0,GPAO
05/03/2026,01:12:32,47.61849,-52.73551,68.0,1,SKT-4015,,1.0,1.0,GPAO
05/03/2026,01:12:40,47.61844,-52.73557,72.0,1,SKT-4015,,1.0,1.0,GPAO
05/03/2026,01:12:47,47.61845,-52.73562,81.0,1,SKT-4015,,1.0,1.0,GPAO
05/03/2026,01:12:54,47.61848,-52.73572,93.0,1,SKT-4015,,1.0,1.0,GPAO
05/03/2026,01:13:01,47.61849,-52.73578,99.0,1,SKT-4015,,1.0,1.0,GPAO
05/03/2026,01:13:09,47.61847,-52.73578,96.0,1,SKT-4015,,1.0,1.0,GPAO
05/03/2026,01:13:16,47.61844,-52.73577,81.0,1,SKT-4015,,1.0,1.0,GPAO
05/03/2026,01:13:23,47.61842,-52.73575,75.0,1,SKT-4015,,1.0,1.0,GPAO
05/03/2026,01:13:30,47.61844,-52.73573,82.0,1,SKT-4015,,1.0,1.0,GPAO
05/03/2026,01:13:38,47.61848,-52.73569,96.0,1,SKT-4015,,1.0,1.0,GPAO
05/03/2026,01:13:45,47.61846,-52.73568,99.0,1,SKT-4015,,1.0,1.0,GPAO
05/03/2026,01:13:52,47.61843,-52.73561,80.0,1,SKT-4015,,1.0,1.0,GPAO
05/03/2026,01:13:59,47.61837,-52.73558,55.0,1,SKT-4015,,1.0,1.0,GPAO
05/03/2026,01:14:07,47.61827,-52.73564,44.0,1,SKT-4015,,1.0,1.0,GPAO
05/03/2026,01:14:14,47.61821,-52.73571,48.0,1,SKT-4015,,1.0,1.0,GPAO
05/03/2026,01:14:21,47.61827,-52.73569,50.0,1,SKT-4015,,1.0,1.0,GPAO
05/03/2026,01:14:28,47.61829,-52.73571,48.0,1,SKT-4015,,1.0,1.0,GPAO
05/03/2026,01:14:36,47.61832,-52.73561,64.0,1,SKT-4015,,1.0,1.0,GPAO
05/03/2026,01:14:43,47.61833,-52.73555,80.0,1,SKT-4015,,1.0,1.0,GPAO
05/03/2026,01:14:50,47.61832,-52.73554,91.0,1,SKT-4015,,1.0,1.0,GPAO
05/03/2026,01:14:58,47.61834,-52.73553,101.0,1,SKT-4015,,1.0,1.0,GPAO
05/03/2026,01:15:05,47.61835,-52.73555,101.0,1,SKT-4015,,1.0,1.0,GPAO
05/03/2026,01:15:12,47.61834,-52.73557,84.0,1,SKT-4015,,1.0,1.0,GPAO
05/03/2026,01:15:19,47.61832,-52.73557,80.0,1,SKT-4015,,1.0,1.0,GPAO
05/03/2026,01:15:26,47.61832,-52.73555,85.0,1,SKT-4015,,1.0,1.0,GPAO
05/03/2026,01:15:34,47.61832,-52.73553,88.0,1,SKT-4015,,1.0,1.0,GPAO
05/03/2026,01:15:41,47.61838,-52.73551,93.0,1,SKT-4015,,1.0,1.0,GPAO
05/03/2026,01:15:48,47.61845,-52.73549,97.0,1,SKT-4015,,1.0,1.0,GPAO
05/03/2026,01:15:55,47.61845,-52.73547,105.0,1,SKT-4015,,1.0,1.0,GPAO
05/03/2026,01:16:03,47.61849,-52.73543,125.0,1,SKT-4015,,1.0,1.0,GPAO
05/03/2026,01:16:10,47.61854,-52.73543,136.0,1,SKT-4015,,1.0,1.0,GPAO
05/03/2026,01:16:17,47.61861,-52.73536,166.0,1,SKT-4015,,1.0,1.0,GPAO
05/03/2026,01:16:24,47.61864,-52.73529,179.0,1,SKT-4015,,1.0,1.0,GPAO
05/03/2026,01:16:32,47.61864,-52.73528,177.0,1,SKT-4015,,1.0,1.0,GPAO
05/03/2026,01:16:39,47.61863,-52.73527,183.0,1,SKT-4015,,1.0,1.0,GPAO
05/03/2026,01:16:46,47.61858,-52.73527,175.0,1,SKT-4015,,1.0,1.0,GPAO
05/03/2026,01:16:53,47.61858,-52.73533,159.0,1,SKT-4015,,1.0,1.0,GPAO
05/03/2026,01:17:01,47.61856,-52.7354,138.0,1,SKT-4015,,1.0,1.0,GPAO
05/03/2026,01:17:08,47.61853,-52.73541,115.0,1,SKT-4015,,1.0,1.0,GPAO
05/03/2026,01:17:15,47.61847,-52.73549,74.0,1,SKT-4015,,1.0,1.0,GPAO
05/03/2026,01:17:22,47.61844,-52.73552,63.0,1,SKT-4015,,1.0,1.0,GPAO
05/03/2026,01:17:30,47.61849,-52.73549,85.0,1,SKT-4015,,1.0,1.0,GPAO
05/03/2026,01:17:37,47.61856,-52.73552,87.0,1,SKT-4015,,1.0,1.0,GPAO
05/03/2026,01:17:44,47.61861,-52.73554,91.0,1,SKT-4015,,1.0,1.0,GPAO
05/03/2026,01:17:51,47.61858,-52.73551,103.0,1,SKT-4015,,1.0,1.0,GPAO
05/03/2026,01:17:59,47.61854,-52.7355,113.0,1,SKT-4015,,1.0,1.0,GPAO
05/03/2026,01:18:06,47.61847,-52.73554,100.0,1,SKT-4015,,1.0,1.0,GPAO
05/03/2026,01:18:13,47.61844,-52.73557,84.0,1,SKT-4015,,1.0,1.0,GPAO
05/03/2026,01:18:20,47.61843,-52.73554,93.0,1,SKT-4015,,1.0,1.0,GPAO
05/03/2026,01:18:28,47.61845,-52.7355,103.0,1,SKT-4015,,1.0,1.0,GPAO
05/03/2026,01:18:35,47.61848,-52.7356,91.0,1,SKT-4015,,1.0,1.0,GPAO
05/03/2026,01:18:42,47.61849,-52.73566,79.0,1,SKT-4015,,1.0,1.0,GPAO
05/03/2026,01:18:49,47.61849,-52.73569,63.0,1,SKT-4015,,1.0,1.0,GPAO
05/03/2026,01:18:57,47.61851,-52.73565,43.0,1,SKT-4015,,1.0,1.0,GPAO
05/03/2026,01:19:04,47.61849,-52.73561,24.0,1,SKT-4015,,1.0,1.0,GPAO
05/03/2026,01:19:11,47.61842,-52.73565,-16.0,1,SKT-4015,,1.0,1.0,GPAO
05/03/2026,01:19:18,47.61838,-52.7356,-5.0,1,SKT-4015,,1.0,1.0,GPAO
05/03/2026,01:19:26,47.61835,-52.73554,13.0,1,SKT-4015,,1.0,1.0,GPAO
05/03/2026,01:19:33,47.61833,-52.73556,9.0,1,SKT-4015,,1.0,1.0,GPAO
05/03/2026,01:19:40,47.61835,-52.73562,-19.0,1,SKT-4015,,1.0,1.0,GPAO
05/03/2026,01:19:47,47.61834,-52.73561,-40.0,1,SKT-4015,,1.0,1.0,GPAO
05/03/2026,01:19:55,47.61831,-52.73557,-22.0,1,SKT-4015,,1.0,1.0,GPAO
05/03/2026,01:20:02,47.61828,-52.73552,4.0,1,SKT-4015,,1.0,1.0,GPAO
05/03/2026,01:20:09,47.6183,-52.73547,22.0,1,SKT-4015,,1.0,1.0,GPAO
05/03/2026,01:20:16,47.61833,-52.73545,36.0,1,SKT-4015,,1.0,1.0,GPAO
05/03/2026,01:20:24,47.61838,-52.73554,45.0,1,SKT-4015,,1.0,1.0,GPAO
05/03/2026,01:20:31,47.61839,-52.73557,40.0,1,SKT-4015,,1.0,1.0,GPAO
05/03/2026,01:20:38,47.61836,-52.73553,23.0,1,SKT-4015,,1.0,1.0,GPAO
05/03/2026,01:20:45,47.61834,-52.73546,17.0,1,SKT-4015,,1.0,1.0,GPAO
05/03/2026,01:20:52,47.61832,-52.73548,-3.0,1,SKT-4015,,1.0,1.0,GPAO
05/03/2026,01:21:00,47.61833,-52.73553,-15.0,1,SKT-4015,,1.0,1.0,GPAO
05/03/2026,01:21:07,47.61833,-52.7356,-10.0,1,SKT-4015,,1.0,1.0,GPAO
05/03/2026,01:21:14,47.61835,-52.73562,33.0,1,SKT-4015,,1.0,1.0,GPAO
05/03/2026,01:21:21,47.61834,-52.73568,76.0,1,SKT-4015,,1.0,1.0,GPAO
05/03/2026,01:21:29,47.61833,-52.73578,111.0,1,SKT-4015,,1.0,1.0,GPAO
05/03/2026,01:21:37,47.61835,-52.73581,119.0,1,SKT-4015,,1.0,1.0,GPAO
05/03/2026,01:21:44,47.61841,-52.7358,114.0,1,SKT-4015,,1.0,1.0,GPAO
05/03/2026,01:21:51,47.61846,-52.73578,97.0,1,SKT-4015,,1.0,1.0,GPAO
05/03/2026,01:21:59,47.61849,-52.73573,75.0,1,SKT-4015,,1.0,1.0,GPAO
05/03/2026,01:22:06,47.61853,-52.73564,59.0,1,SKT-4015,,1.0,1.0,GPAO
05/03/2026,01:22:13,47.61852,-52.73559,53.0,1,SKT-4015,,1.0,1.0,GPAO
05/03/2026,01:22:20,47.61848,-52.73561,30.0,1,SKT-4015,,1.0,1.0,GPAO
05/03/2026,01:22:28,47.61846,-52.73567,30.0,1,SKT-4015,,1.0,1.0,GPAO
05/03/2026,01:22:35,47.61848,-52.73566,58.0,1,SKT-4015,,1.0,1.0,GPAO
05/03/2026,01:22:42,47.61849,-52.7356,70.0,1,SKT-4015,,1.0,1.0,GPAO
05/03/2026,01:22:49,47.61849,-52.73568,69.0,1,SKT-4015,,1.0,1.0,GPAO
05/03/2026,01:22:56,47.61851,-52.73571,72.0,1,SKT-4015,,1.0,1.0,GPAO
05/03/2026,01:23:04,47.61855,-52.7358,70.0,1,SKT-4015,,1.0,1.0,GPAO
05/03/2026,01:23:11,47.61855,-52.73587,65.0,1,SKT-4015,,1.0,1.0,GPAO
05/03/2026,01:23:18,47.61852,-52.73598,61.0,1,SKT-4015,,1.0,1.0,GPAO
05/03/2026,01:23:25,47.61846,-52.73605,65.0,1,SKT-4015,,1.0,1.0,GPAO
05/03/2026,01:23:33,47.61844,-52.73603,72.0,1,SKT-4015,,1.0,1.0,GPAO
05/03/2026,01:23:40,47.61837,-52.73609,90.0,1,SKT-4015,,1.0,1.0,GPAO
05/03/2026,01:23:47,47.61837,-52.73615,97.0,1,SKT-4015,,1.0,1.0,GPAO
05/03/2026,01:23:54,47.61839,-52.73613,84.0,1,SKT-4015,,1.0,1.0,GPAO
05/03/2026,01:24:02,47.61838,-52.73608,94.0,1,SKT-4015,,1.0,1.0,GPAO
05/03/2026,01:24:09,47.61837,-52.73605,86.0,1,SKT-4015,,1.0,1.0,GPAO
05/03/2026,01:24:16,47.61837,-52.73602,82.0,1,SKT-4015,,1.0,1.0,GPAO
05/03/2026,01:24:23,47.61837,-52.73593,85.0,1,SKT-4015,,1.0,1.0,GPAO
05/03/2026,01:24:31,47.61842,-52.73574,118.0,1,SKT-4015,,1.0,1.0,GPAO
05/03/2026,01:24:38,47.61839,-52.73559,133.0,1,SKT-4015,,1.0,1.0,GPAO
05/03/2026,01:24:45,47.61837,-52.73547,128.0,1,SKT-4015,,1.0,1.0,GPAO
05/03/2026,01:24:53,47.61833,-52.73553,85.0,1,SKT-4015,,1.0,1.0,GPAO
05/03/2026,01:25:00,47.6183,-52.73552,66.0,1,SKT-4015,,1.0,1.0,GPAO
05/03/2026,01:25:07,47.61829,-52.73551,53.0,1,SKT-4015,,1.0,1.0,GPAO
05/03/2026,01:25:14,47.61827,-52.73559,52.0,1,SKT-4015,,1.0,1.0,GPAO
05/03/2026,01:25:22,47.61824,-52.73565,62.0,1,SKT-4015,,1.0,1.0,GPAO
05/03/2026,01:25:29,47.61825,-52.73566,73.0,1,SKT-4015,,1.0,1.0,GPAO
05/03/2026,01:25:36,47.61826,-52.73572,69.0,1,SKT-4015,,1.0,1.0,GPAO
05/03/2026,01:25:43,47.6183,-52.73574,59.0,1,SKT-4015,,1.0,1.0,GPAO
05/03/2026,01:25:51,47.61835,-52.73586,16.0,1,SKT-4015,,1.0,1.0,GPAO
05/03/2026,01:25:58,47.61836,-52.73596,-7.0,1,SKT-4015,,1.0,1.0,GPAO
05/03/2026,01:26:05,47.61835,-52.73605,-8.0,1,SKT-4015,,1.0,1.0,GPAO
05/03/2026,01:26:12,47.61836,-52.73605,2.0,1,SKT-4015,,1.0,1.0,GPAO
05/03/2026,01:26:20,47.61834,-52.73597,2.0,1,SKT-4015,,1.0,1.0,GPAO
05/03/2026,01:26:27,47.61832,-52.73598,5.0,1,SKT-4015,,1.0,1.0,GPAO
05/03/2026,01:26:34,47.61831,-52.73599,7.0,1,SKT-4015,,1.0,1.0,GPAO
05/03/2026,01:26:41,47.61837,-52.7359,39.0,1,SKT-4015,,1.0,1.0,GPAO
05/03/2026,01:26:49,47.6184,-52.73586,51.0,1,SKT-4015,,1.0,1.0,GPAO
05/03/2026,01:26:56,47.61848,-52.73588,47.0,1,SKT-4015,,1.0,1.0,GPAO
05/03/2026,01:27:03,47.61851,-52.73584,50.0,1,SKT-4015,,1.0,1.0,GPAO
05/03/2026,01:27:10,47.61853,-52.73581,54.0,1,SKT-4015,,1.0,1.0,GPAO
05/03/2026,01:27:18,47.61855,-52.73573,64.0,1,SKT-4015,,1.0,1.0,GPAO
05/03/2026,01:27:25,47.61856,-52.73566,76.0,1,SKT-4015,,1.0,1.0,GPAO
05/03/2026,01:27:32,47.61852,-52.73561,86.0,1,SKT-4015,,1.0,1.0,GPAO
05/03/2026,01:27:39,47.61848,-52.73557,91.0,1,SKT-4015,,1.0,1.0,GPAO
05/03/2026,01:27:47,47.61848,-52.73552,82.0,1,SKT-4015,,1.0,1.0,GPAO
05/03/2026,01:27:54,47.61846,-52.7355,74.0,1,SKT-4015,,1.0,1.0,GPAO
05/03/2026,01:28:01,47.61847,-52.73556,51.0,1,SKT-4015,,1.0,1.0,GPAO
05/03/2026,01:28:08,47.61845,-52.73562,49.0,1,SKT-4015,,1.0,1.0,GPAO
05/03/2026,01:28:16,47.61846,-52.73566,48.0,1,SKT-4015,,1.0,1.0,GPAO
05/03/2026,01:28:23,47.61844,-52.73564,70.0,1,SKT-4015,,1.0,1.0,GPAO
05/03/2026,01:28:30,47.61837,-52.7357,76.0,1,SKT-4015,,1.0,1.0,GPAO
05/03/2026,01:28:37,47.61836,-52.73571,88.0,1,SKT-4015,,1.0,1.0,GPAO
05/03/2026,01:28:45,47.61836,-52.73567,99.0,1,SKT-4015,,1.0,1.0,GPAO
05/03/2026,01:28:52,47.61836,-52.73562,106.0,1,SKT-4015,,1.0,1.0,GPAO
05/03/2026,01:28:59,47.61837,-52.73561,114.0,1,SKT-4015,,1.0,1.0,GPAO
05/03/2026,01:29:06,47.61842,-52.73561,119.0,1,SKT-4015,,1.0,1.0,GPAO
05/03/2026,01:29:14,47.61863,-52.73554,125.0,1,SKT-4015,,1.0,1.0,GPAO
05/03/2026,01:29:21,47.61871,-52.73561,122.0,1,SKT-4015,,1.0,1.0,GPAO
05/03/2026,01:29:28,47.61873,-52.7357,120.0,1,SKT-4015,,1.0,1.0,GPAO
05/03/2026,01:29:35,47.61872,-52.73571,113.0,1,SKT-4015,,1.0,1.0,GPAO
05/03/2026,01:29:43,47.61866,-52.73563,102.0,1,SKT-4015,,1.0,1.0,GPAO
05/03/2026,01:29:50,47.61863,-52.73559,105.0,1,SKT-4015,,1.0,1.0,GPAO
05/03/2026,01:29:57,47.61862,-52.7356,109.0,1,SKT-4015,,1.0,1.0,GPAO
05/03/2026,01:30:04,47.61861,-52.73565,104.0,1,SKT-4015,,1.0,1.0,GPAO
05/03/2026,01:30:12,47.61863,-52.73568,105.0,1,SKT-4015,,1.0,1.0,GPAO
05/03/2026,01:30:19,47.61862,-52.73567,111.0,1,SKT-4015,,1.0,1.0,GPAO
05/03/2026,01:30:26,47.61862,-52.73558,121.0,1,SKT-4015,,1.0,1.0,GPAO
05/03/2026,01:30:33,47.61856,-52.7355,120.0,1,SKT-4015,,1.0,1.0,GPAO
05/03/2026,01:30:41,47.61852,-52.73549,112.0,1,SKT-4015,,1.0,1.0,GPAO
05/03/2026,01:30:48,47.61848,-52.73553,102.0,1,SKT-4015,,1.0,1.0,GPAO
05/03/2026,01:30:55,47.61845,-52.73555,106.0,1,SKT-4015,,1.0,1.0,GPAO
05/03/2026,01:31:02,47.61845,-52.73558,92.0,1,SKT-4015,,1.0,1.0,GPAO
05/03/2026,01:31:09,47.61843,-52.73557,83.0,1,SKT-4015,,1.0,1.0,GPAO
05/03/2026,01:31:17,47.6184,-52.73556,81.0,1,SKT-4015,,1.0,1.0,GPAO
05/03/2026,01:31:24,47.6184,-52.73555,90.0,1,SKT-4015,,1.0,1.0,GPAO
05/03/2026,01:31:31,47.6184,-52.73554,80.0,1,SKT-4015,,1.0,1.0,GPAO
05/03/2026,01:31:38,47.61838,-52.73562,64.0,1,SKT-4015,,1.0,1.0,GPAO
05/03/2026,01:31:47,47.61839,-52.73562,50.0,1,SKT-4015,,1.0,1.0,GPAO
05/03/2026,01:31:54,47.61842,-52.7356,41.0,1,SKT-4015,,1.0,1.0,GPAO
05/03/2026,01:32:01,47.61843,-52.73561,24.0,1,SKT-4015,,1.0,1.0,GPAO
05/03/2026,01:32:08,47.61842,-52.73565,19.0,1,SKT-4015,,1.0,1.0,GPAO
05/03/2026,01:32:16,47.61842,-52.73576,23.0,1,SKT-4015,,1.0,1.0,GPAO
05/03/2026,01:32:23,47.61836,-52.73579,20.0,1,SKT-4015,,1.0,1.0,GPAO
05/03/2026,01:32:30,47.61832,-52.73577,18.0,1,SKT-4015,,1.0,1.0,GPAO
05/03/2026,01:32:37,47.61833,-52.73571,23.0,1,SKT-4015,,1.0,1.0,GPAO
05/03/2026,01:32:44,47.61837,-52.73568,28.0,1,SKT-4015,,1.0,1.0,GPAO
05/03/2026,01:32:52,47.6184,-52.73571,29.0,1,SKT-4015,,1.0,1.0,GPAO
05/03/2026,01:32:59,47.61837,-52.73579,20.0,1,SKT-4015,,1.0,1.0,GPAO
05/03/2026,01:33:06,47.61833,-52.73585,8.0,1,SKT-4015,,1.0,1.0,GPAO
05/03/2026,01:33:14,47.61838,-52.73591,-1.0,1,SKT-4015,,1.0,1.0,GPAO
05/03/2026,01:33:21,47.61847,-52.73594,-2.0,1,SKT-4015,,1.0,1.0,GPAO
05/03/2026,01:33:28,47.6185,-52.73597,1.0,1,SKT-4015,,1.0,1.0,GPAO
05/03/2026,01:33:35,47.6185,-52.73592,4.0,1,SKT-4015,,1.0,1.0,GPAO
05/03/2026,01:33:43,47.61852,-52.73584,13.0,1,SKT-4015,,1.0,1.0,GPAO
05/03/2026,01:33:50,47.61853,-52.73575,35.0,1,SKT-4015,,1.0,1.0,GPAO
05/03/2026,01:33:57,47.61852,-52.73568,74.0,1,SKT-4015,,1.0,1.0,GPAO
05/03/2026,01:34:04,47.61854,-52.73565,98.0,1,SKT-4015,,1.0,1.0,GPAO
05/03/2026,01:34:12,47.61859,-52.73559,107.0,1,SKT-4015,,1.0,1.0,GPAO
05/03/2026,01:34:19,47.61857,-52.73554,97.0,1,SKT-4015,,1.0,1.0,GPAO
05/03/2026,01:34:26,47.61856,-52.73555,78.0,1,SKT-4015,,1.0,1.0,GPAO
05/03/2026,01:34:33,47.61858,-52.73557,60.0,1,SKT-4015,,1.0,1.0,GPAO
05/03/2026,01:34:41,47.61858,-52.73563,41.0,1,SKT-4015,,1.0,1.0,GPAO
05/03/2026,01:34:48,47.61858,-52.73564,28.0,1,SKT-4015,,1.0,1.0,GPAO
05/03/2026,01:34:55,47.61854,-52.73564,21.0,1,SKT-4015,,1.0,1.0,GPAO
05/03/2026,01:35:02,47.61853,-52.73562,21.0,1,SKT-4015,,1.0,1.0,GPAO
05/03/2026,01:35:09,47.61854,-52.73558,22.0,1,SKT-4015,,1.0,1.0,GPAO
05/03/2026,01:35:17,47.61853,-52.73555,26.0,1,SKT-4015,,1.0,1.0,GPAO
05/03/2026,01:35:25,47.61852,-52.73546,23.0,1,SKT-4015,,1.0,1.0,GPAO
05/03/2026,01:35:32,47.61852,-52.73545,17.0,1,SKT-4015,,1.0,1.0,GPAO
05/03/2026,01:35:39,47.61846,-52.73547,-1.0,1,SKT-4015,,1.0,1.0,GPAO
05/03/2026,01:35:47,47.61842,-52.73542,-28.0,1,SKT-4015,,1.0,1.0,GPAO
05/03/2026,01:35:54,47.61842,-52.73538,-35.0,1,SKT-4015,,1.0,1.0,GPAO
05/03/2026,01:36:01,47.61838,-52.7353,-30.0,1,SKT-4015,,1.0,1.0,GPAO
05/03/2026,01:36:08,47.61832,-52.73526,-23.0,1,SKT-4015,,1.0,1.0,GPAO
05/03/2026,01:36:16,47.61834,-52.73523,-17.0,1,SKT-4015,,1.0,1.0,GPAO
05/03/2026,01:36:24,47.61848,-52.73519,15.0,1,SKT-4015,,1.0,1.0,GPAO
05/03/2026,01:36:31,47.61859,-52.73525,53.0,1,SKT-4015,,1.0,1.0,GPAO
05/03/2026,01:36:38,47.61866,-52.73527,80.0,1,SKT-4015,,1.0,1.0,GPAO
05/03/2026,01:36:45,47.61856,-52.7354,75.0,1,SKT-4015,,1.0,1.0,GPAO
05/03/2026,01:36:53,47.61841,-52.7356,65.0,1,SKT-4015,,1.0,1.0,GPAO
05/03/2026,01:37:00,47.61835,-52.73573,62.0,1,SKT-4015,,1.0,1.0,GPAO
05/03/2026,01:37:07,47.61835,-52.73576,62.0,1,SKT-4015,,1.0,1.0,GPAO
05/03/2026,01:37:14,47.61844,-52.73581,66.0,1,SKT-4015,,1.0,1.0,GPAO
05/03/2026,01:37:22,47.6186,-52.73572,88.0,1,SKT-4015,,1.0,1.0,GPAO
05/03/2026,01:37:29,47.61875,-52.73556,106.0,1,SKT-4015,,1.0,1.0,GPAO
05/03/2026,01:37:36,47.61886,-52.73544,117.0,1,SKT-4015,,1.0,1.0,GPAO
05/03/2026,01:37:43,47.61889,-52.73543,116.0,1,SKT-4015,,1.0,1.0,GPAO
05/03/2026,01:37:51,47.61877,-52.73542,85.0,1,SKT-4015,,1.0,1.0,GPAO
05/03/2026,01:37:58,47.61873,-52.73543,81.0,1,SKT-4015,,1.0,1.0,GPAO
05/03/2026,01:38:05,47.61884,-52.73546,98.0,1,SKT-4015,,1.0,1.0,GPAO
05/03/2026,01:38:12,47.61896,-52.73547,121.0,1,SKT-4015,,1.0,1.0,GPAO
05/03/2026,01:38:19,47.61884,-52.73544,115.0,1,SKT-4015,,1.0,1.0,GPAO
05/03/2026,01:38:27,47.61885,-52.73544,131.0,1,SKT-4015,,1.0,1.0,GPAO
05/03/2026,01:38:34,47.61881,-52.73545,137.0,1,SKT-4015,,1.0,1.0,GPAO
05/03/2026,01:38:41,47.61875,-52.73548,117.0,1,SKT-4015,,1.0,1.0,GPAO
05/03/2026,01:38:48,47.61864,-52.73553,115.0,1,SKT-4015,,1.0,1.0,GPAO
05/03/2026,01:38:56,47.61849,-52.73563,105.0,1,SKT-4015,,1.0,1.0,GPAO
05/03/2026,01:39:03,47.6185,-52.73565,92.0,1,SKT-4015,,1.0,1.0,GPAO
05/03/2026,01:39:10,47.61854,-52.73563,93.0,1,SKT-4015,,1.0,1.0,GPAO
05/03/2026,01:39:17,47.61852,-52.73565,93.0,1,SKT-4015,,1.0,1.0,GPAO
05/03/2026,01:39:25,47.61848,-52.73558,102.0,1,SKT-4015,,1.0,1.0,GPAO
05/03/2026,01:39:32,47.61844,-52.73545,112.0,1,SKT-4015,,1.0,1.0,GPAO
05/03/2026,01:39:39,47.61843,-52.73536,120.0,1,SKT-4015,,1.0,1.0,GPAO
05/03/2026,01:39:46,47.61844,-52.73534,122.0,1,SKT-4015,,1.0,1.0,GPAO
05/03/2026,01:39:54,47.61848,-52.73533,112.0,1,SKT-4015,,1.0,1.0,GPAO
05/03/2026,01:40:01,47.6185,-52.73535,104.0,1,SKT-4015,,1.0,1.0,GPAO
05/03/2026,01:40:08,47.61849,-52.73532,84.0,1,SKT-4015,,1.0,1.0,GPAO
05/03/2026,01:40:15,47.61845,-52.73524,52.0,1,SKT-4015,,1.0,1.0,GPAO
05/03/2026,01:40:23,47.61842,-52.73519,23.0,1,SKT-4015,,1.0,1.0,GPAO
05/03/2026,01:40:30,47.61841,-52.7352,20.0,1,SKT-4015,,1.0,1.0,GPAO
05/03/2026,01:40:37,47.61842,-52.73533,45.0,1,SKT-4015,,1.0,1.0,GPAO
05/03/2026,01:40:44,47.61841,-52.73542,61.0,1,SKT-4015,,1.0,1.0,GPAO
05/03/2026,01:40:52,47.61836,-52.73551,68.0,1,SKT-4015,,1.0,1.0,GPAO
05/03/2026,01:40:59,47.61829,-52.73559,93.0,1,SKT-4015,,1.0,1.0,GPAO
05/03/2026,01:41:06,47.61826,-52.73559,119.0,1,SKT-4015,,1.0,1.0,GPAO
05/03/2026,01:41:13,47.61832,-52.73538,124.0,1,SKT-4015,,1.0,1.0,GPAO
05/03/2026,01:41:21,47.61833,-52.73534,131.0,1,SKT-4015,,1.0,1.0,GPAO
05/03/2026,01:41:28,47.61833,-52.73538,130.0,1,SKT-4015,,1.0,1.0,GPAO
05/03/2026,01:41:35,47.61835,-52.73543,132.0,1,SKT-4015,,1.0,1.0,GPAO
05/03/2026,01:41:42,47.61844,-52.73557,130.0,1,SKT-4015,,1.0,1.0,GPAO
05/03/2026,01:41:50,47.61846,-52.73561,131.0,1,SKT-4015,,1.0,1.0,GPAO
05/03/2026,01:41:57,47.61849,-52.73566,137.0,1,SKT-4015,,1.0,1.0,GPAO
05/03/2026,01:42:04,47.61854,-52.73564,140.0,1,SKT-4015,,1.0,1.0,GPAO
05/03/2026,01:42:11,47.6186,-52.7356,134.0,1,SKT-4015,,1.0,1.0,GPAO
05/03/2026,01:42:19,47.61863,-52.73555,121.0,1,SKT-4015,,1.0,1.0,GPAO
05/03/2026,01:42:26,47.61868,-52.73551,114.0,1,SKT-4015,,1.0,1.0,GPAO
05/03/2026,01:42:33,47.61872,-52.7355,111.0,1,SKT-4015,,1.0,1.0,GPAO
05/03/2026,01:42:40,47.61878,-52.73555,110.0,1,SKT-4015,,1.0,1.0,GPAO
05/03/2026,01:42:48,47.61887,-52.7357,106.0,1,SKT-4015,,1.0,1.0,GPAO
05/03/2026,01:42:55,47.61895,-52.73583,97.0,1,SKT-4015,,1.0,1.0,GPAO
05/03/2026,01:43:02,47.61898,-52.73591,91.0,1,SKT-4015,,1.0,1.0,GPAO
05/03/2026,01:43:09,47.61908,-52.73588,105.0,1,SKT-4015,,1.0,1.0,GPAO
05/03/2026,01:43:17,47.61873,-52.73589,84.0,1,SKT-4015,,1.0,1.0,GPAO
05/03/2026,01:43:24,47.61853,-52.73581,83.0,1,SKT-4015,,1.0,1.0,GPAO
05/03/2026,01:43:31,47.61845,-52.73573,90.0,1,SKT-4015,,1.0,1.0,GPAO
05/03/2026,01:43:38,47.61839,-52.73566,100.0,1,SKT-4015,,1.0,1.0,GPAO
05/03/2026,01:43:46,47.61844,-52.73561,112.0,1,SKT-4015,,1.0,1.0,GPAO
05/03/2026,01:43:53,47.61842,-52.73557,116.0,1,SKT-4015,,1.0,1.0,GPAO
05/03/2026,01:44:00,47.61843,-52.73559,113.0,1,SKT-4015,,1.0,1.0,GPAO
05/03/2026,01:44:07,47.61848,-52.73563,104.0,1,SKT-4015,,1.0,1.0,GPAO
05/03/2026,01:44:14,47.61866,-52.73575,86.0,1,SKT-4015,,1.0,1.0,GPAO
05/03/2026,01:44:22,47.6189,-52.73584,74.0,1,SKT-4015,,1.0,1.0,GPAO
05/03/2026,01:44:29,47.6189,-52.73588,56.0,1,SKT-4015,,1.0,1.0,GPAO
05/03/2026,01:44:36,47.61889,-52.73587,39.0,1,SKT-4015,,1.0,1.0,GPAO
05/03/2026,01:44:43,47.61901,-52.73584,43.0,1,SKT-4015,,1.0,1.0,GPAO
05/03/2026,01:44:51,47.61888,-52.73588,17.0,1,SKT-4015,,1.0,1.0,GPAO
05/03/2026,01:44:58,47.61879,-52.73596,-11.0,1,SKT-4015,,1.0,1.0,GPAO
05/03/2026,01:45:05,47.61876,-52.73602,-18.0,1,SKT-4015,,1.0,1.0,GPAO
05/03/2026,01:45:12,47.61874,-52.73606,-27.0,1,SKT-4015,,1.0,1.0,GPAO
05/03/2026,01:45:20,47.6188,-52.73613,-48.0,1,SKT-4015,,1.0,1.0,GPAO
05/03/2026,01:45:27,47.61878,-52.736,0.0,1,SKT-4015,,1.0,1.0,GPAO
05/03/2026,01:45:34,47.61871,-52.73585,48.0,1,SKT-4015,,1.0,1.0,GPAO
05/03/2026,01:45:41,47.61864,-52.73577,70.0,1,SKT-4015,,1.0,1.0,GPAO
05/03/2026,01:45:49,47.61864,-52.73566,96.0,1,SKT-4015,,1.0,1.0,GPAO
05/03/2026,01:45:56,47.61862,-52.73563,105.0,1,SKT-4015,,1.0,1.0,GPAO
05/03/2026,01:46:03,47.61864,-52.7356,82.0,1,SKT-4015,,1.0,1.0,GPAO
05/03/2026,01:46:10,47.61863,-52.73563,51.0,1,SKT-4015,,1.0,1.0,GPAO
05/03/2026,01:46:18,47.61859,-52.73571,24.0,1,SKT-4015,,1.0,1.0,GPAO
05/03/2026,01:46:25,47.61849,-52.73582,9.0,1,SKT-4015,,1.0,1.0,GPAO
05/03/2026,01:46:32,47.61842,-52.7359,9.0,1,SKT-4015,,1.0,1.0,GPAO
05/03/2026,01:46:39,47.61838,-52.73597,10.0,1,SKT-4015,,1.0,1.0,GPAO
05/03/2026,01:46:47,47.61835,-52.73596,0.0,1,SKT-4015,,1.0,1.0,GPAO
05/03/2026,01:46:54,47.61836,-52.73595,-6.0,1,SKT-4015,,1.0,1.0,GPAO
05/03/2026,01:47:01,47.61836,-52.73597,-17.0,1,SKT-4015,,1.0,1.0,GPAO
05/03/2026,01:47:08,47.61835,-52.73597,-18.0,1,SKT-4015,,1.0,1.0,GPAO
05/03/2026,01:47:16,47.61833,-52.73597,-13.0,1,SKT-4015,,1.0,1.0,GPAO
05/03/2026,01:47:23,47.6183,-52.73594,-4.0,1,SKT-4015,,1.0,1.0,GPAO
05/03/2026,01:47:30,47.61824,-52.73587,19.0,1,SKT-4015,,1.0,1.0,GPAO
05/03/2026,01:47:37,47.61822,-52.73591,32.0,1,SKT-4015,,1.0,1.0,GPAO
05/03/2026,01:47:45,47.61823,-52.73588,45.0,1,SKT-4015,,1.0,1.0,GPAO
05/03/2026,01:47:52,47.61836,-52.73569,75.0,1,SKT-4015,,1.0,1.0,GPAO
05/03/2026,01:47:59,47.61844,-52.73573,70.0,1,SKT-4015,,1.0,1.0,GPAO
05/03/2026,01:48:06,47.61863,-52.73566,90.0,1,SKT-4015,,1.0,1.0,GPAO
05/03/2026,01:48:14,47.61874,-52.73559,97.0,1,SKT-4015,,1.0,1.0,GPAO
05/03/2026,01:48:21,47.61873,-52.73561,86.0,1,SKT-4015,,1.0,1.0,GPAO
05/03/2026,01:48:28,47.61873,-52.73564,83.0,1,SKT-4015,,1.0,1.0,GPAO
05/03/2026,01:48:35,47.61876,-52.73567,79.0,1,SKT-4015,,1.0,1.0,GPAO
05/03/2026,01:48:42,47.61876,-52.73571,85.0,1,SKT-4015,,1.0,1.0,GPAO
05/03/2026,01:48:50,47.61873,-52.73581,78.0,1,SKT-4015,,1.0,1.0,GPAO
05/03/2026,01:48:57,47.61867,-52.73575,89.0,1,SKT-4015,,1.0,1.0,GPAO
05/03/2026,01:49:04,47.61861,-52.73565,100.0,1,SKT-4015,,1.0,1.0,GPAO
05/03/2026,01:49:11,47.61854,-52.73557,107.0,1,SKT-4015,,1.0,1.0,GPAO
05/03/2026,01:49:19,47.61848,-52.73557,120.0,1,SKT-4015,,1.0,1.0,GPAO
05/03/2026,01:49:27,47.61846,-52.73588,83.0,1,SKT-4015,,1.0,1.0,GPAO
05/03/2026,01:49:34,47.61847,-52.73589,63.0,1,SKT-4015,,1.0,1.0,GPAO
05/03/2026,01:49:41,47.61849,-52.73579,63.0,1,SKT-4015,,1.0,1.0,GPAO
05/03/2026,01:49:49,47.61851,-52.73573,57.0,1,SKT-4015,,1.0,1.0,GPAO
05/03/2026,01:49:57,47.61853,-52.73574,29.0,1,SKT-4015,,1.0,1.0,GPAO
05/03/2026,01:50:04,47.61855,-52.73574,13.0,1,SKT-4015,,1.0,1.0,GPAO
05/03/2026,01:50:11,47.61861,-52.73571,4.0,1,SKT-4015,,1.0,1.0,GPAO
05/03/2026,01:50:18,47.61864,-52.73561,12.0,1,SKT-4015,,1.0,1.0,GPAO
05/03/2026,01:50:26,47.61865,-52.73556,11.0,1,SKT-4015,,1.0,1.0,GPAO
05/03/2026,01:50:33,47.61865,-52.7355,13.0,1,SKT-4015,,1.0,1.0,GPAO
05/03/2026,01:50:40,47.61868,-52.73553,3.0,1,SKT-4015,,1.0,1.0,GPAO
05/03/2026,01:50:47,47.61871,-52.73544,17.0,1,SKT-4015,,1.0,1.0,GPAO
05/03/2026,01:50:54,47.61876,-52.73536,38.0,1,SKT-4015,,1.0,1.0,GPAO
05/03/2026,01:51:02,47.61885,-52.73545,33.0,1,SKT-4015,,1.0,1.0,GPAO
05/03/2026,01:51:09,47.61887,-52.7355,25.0,1,SKT-4015,,1.0,1.0,GPAO
05/03/2026,01:51:16,47.6189,-52.73559,25.0,1,SKT-4015,,1.0,1.0,GPAO
05/03/2026,01:51:24,47.6189,-52.73561,52.0,1,SKT-4015,,1.0,1.0,GPAO
05/03/2026,01:51:31,47.61884,-52.7356,83.0,1,SKT-4015,,1.0,1.0,GPAO
05/03/2026,01:51:38,47.61871,-52.73557,115.0,1,SKT-4015,,1.0,1.0,GPAO
05/03/2026,01:51:45,47.61858,-52.73558,116.0,1,SKT-4015,,1.0,1.0,GPAO
05/03/2026,01:51:52,47.61848,-52.7357,107.0,1,SKT-4015,,1.0,1.0,GPAO
05/03/2026,01:52:00,47.61847,-52.73591,86.0,1,SKT-4015,,1.0,1.0,GPAO
05/03/2026,01:52:07,47.6185,-52.73605,70.0,1,SKT-4015,,1.0,1.0,GPAO
05/03/2026,01:52:14,47.61852,-52.73608,66.0,1,SKT-4015,,1.0,1.0,GPAO
05/03/2026,01:52:22,47.61848,-52.73617,43.0,1,SKT-4015,,1.0,1.0,GPAO
05/03/2026,01:52:29,47.61845,-52.73622,26.0,1,SKT-4015,,1.0,1.0,GPAO
05/03/2026,01:52:36,47.61845,-52.73622,20.0,1,SKT-4015,,1.0,1.0,GPAO
05/03/2026,01:52:43,47.61847,-52.73623,23.0,1,SKT-4015,,1.0,1.0,GPAO
05/03/2026,01:52:51,47.61847,-52.73613,37.0,1,SKT-4015,,1.0,1.0,GPAO
05/03/2026,01:52:58,47.61847,-52.73602,52.0,1,SKT-4015,,1.0,1.0,GPAO
05/03/2026,01:53:05,47.61848,-52.73596,62.0,1,SKT-4015,,1.0,1.0,GPAO
05/03/2026,01:53:12,47.61847,-52.73595,68.0,1,SKT-4015,,1.0,1.0,GPAO
05/03/2026,01:53:20,47.61845,-52.73591,61.0,1,SKT-4015,,1.0,1.0,GPAO
05/03/2026,01:53:27,47.61845,-52.73587,69.0,1,SKT-4015,,1.0,1.0,GPAO
05/03/2026,01:53:34,47.61849,-52.73586,69.0,1,SKT-4015,,1.0,1.0,GPAO
05/03/2026,01:53:41,47.61855,-52.73589,64.0,1,SKT-4015,,1.0,1.0,GPAO
05/03/2026,01:53:49,47.61862,-52.73574,86.0,1,SKT-4015,,1.0,1.0,GPAO
05/03/2026,01:53:56,47.61866,-52.73552,116.0,1,SKT-4015,,1.0,1.0,GPAO
05/03/2026,01:54:03,47.61866,-52.73537,132.0,1,SKT-4015,,1.0,1.0,GPAO
05/03/2026,01:54:10,47.61866,-52.73531,131.0,1,SKT-4015,,1.0,1.0,GPAO
05/03/2026,01:54:18,47.61869,-52.73536,133.0,1,SKT-4015,,1.0,1.0,GPAO
05/03/2026,01:54:25,47.61872,-52.73541,138.0,1,SKT-4015,,1.0,1.0,GPAO
05/03/2026,01:54:32,47.61868,-52.73545,143.0,1,SKT-4015,,1.0,1.0,GPAO
05/03/2026,01:54:39,47.61865,-52.73545,144.0,1,SKT-4015,,1.0,1.0,GPAO
05/03/2026,01:54:46,47.61864,-52.73542,149.0,1,SKT-4015,,1.0,1.0,GPAO
05/03/2026,01:54:54,47.61866,-52.73539,155.0,1,SKT-4015,,1.0,1.0,GPAO
05/03/2026,01:55:01,47.61871,-52.73542,157.0,1,SKT-4015,,1.0,1.0,GPAO
05/03/2026,01:55:08,47.61868,-52.73549,158.0,1,SKT-4015,,1.0,1.0,GPAO
05/03/2026,01:55:15,47.61868,-52.73557,143.0,1,SKT-4015,,1.0,1.0,GPAO
05/03/2026,01:55:23,47.61882,-52.73569,130.0,1,SKT-4015,,1.0,1.0,GPAO
05/03/2026,01:55:30,47.61889,-52.73577,133.0,1,SKT-4015,,1.0,1.0,GPAO
05/03/2026,01:55:37,47.61892,-52.73586,128.0,1,SKT-4015,,1.0,1.0,GPAO
05/03/2026,01:55:44,47.61893,-52.73595,103.0,1,SKT-4015,,1.0,1.0,GPAO
05/03/2026,01:55:52,47.61899,-52.73602,98.0,1,SKT-4015,,1.0,1.0,GPAO
05/03/2026,01:55:59,47.61906,-52.73607,85.0,1,SKT-4015,,1.0,1.0,GPAO
05/03/2026,01:56:06,47.61907,-52.73611,66.0,1,SKT-4015,,1.0,1.0,GPAO
05/03/2026,01:56:13,47.61906,-52.73615,53.0,1,SKT-4015,,1.0,1.0,GPAO
05/03/2026,01:56:21,47.61902,-52.7361,55.0,1,SKT-4015,,1.0,1.0,GPAO
05/03/2026,01:56:28,47.619,-52.73607,70.0,1,SKT-4015,,1.0,1.0,GPAO
05/03/2026,01:56:35,47.61893,-52.7361,65.0,1,SKT-4015,,1.0,1.0,GPAO
05/03/2026,01:56:42,47.61883,-52.73619,39.0,1,SKT-4015,,1.0,1.0,GPAO
05/03/2026,01:56:50,47.61876,-52.73626,13.0,1,SKT-4015,,1.0,1.0,GPAO
05/03/2026,01:56:57,47.61871,-52.73623,13.0,1,SKT-4015,,1.0,1.0,GPAO
05/03/2026,01:57:04,47.61866,-52.73615,27.0,1,SKT-4015,,1.0,1.0,GPAO
05/03/2026,01:57:11,47.61866,-52.7361,42.0,1,SKT-4015,,1.0,1.0,GPAO
05/03/2026,01:57:19,47.61869,-52.736,64.0,1,SKT-4015,,1.0,1.0,GPAO
05/03/2026,01:57:26,47.61876,-52.73591,80.0,1,SKT-4015,,1.0,1.0,GPAO
05/03/2026,01:57:33,47.61882,-52.73581,96.0,1,SKT-4015,,1.0,1.0,GPAO
05/03/2026,01:57:40,47.61882,-52.73571,108.0,1,SKT-4015,,1.0,1.0,GPAO
05/03/2026,01:57:48,47.61881,-52.73564,107.0,1,SKT-4015,,1.0,1.0,GPAO
05/03/2026,01:57:55,47.61881,-52.73563,103.0,1,SKT-4015,,1.0,1.0,GPAO
05/03/2026,01:58:02,47.61881,-52.73561,104.0,1,SKT-4015,,1.0,1.0,GPAO
05/03/2026,01:58:09,47.61879,-52.73551,118.0,1,SKT-4015,,1.0,1.0,GPAO
05/03/2026,01:58:17,47.61872,-52.73556,104.0,1,SKT-4015,,1.0,1.0,GPAO
05/03/2026,01:58:24,47.61864,-52.73555,99.0,1,SKT-4015,,1.0,1.0,GPAO
05/03/2026,01:58:31,47.61859,-52.7355,99.0,1,SKT-4015,,1.0,1.0,GPAO
05/03/2026,01:58:38,47.61857,-52.73541,103.0,1,SKT-4015,,1.0,1.0,GPAO
05/03/2026,01:58:46,47.61858,-52.73526,101.0,1,SKT-4015,,1.0,1.0,GPAO
05/03/2026,01:58:53,47.61855,-52.73513,98.0,1,SKT-4015,,1.0,1.0,GPAO
05/03/2026,01:59:00,47.61852,-52.73527,86.0,1,SKT-4015,,1.0,1.0,GPAO
05/03/2026,01:59:07,47.61855,-52.7354,89.0,1,SKT-4015,,1.0,1.0,GPAO
05/03/2026,01:59:15,47.61867,-52.73548,98.0,1,SKT-4015,,1.0,1.0,GPAO
05/03/2026,01:59:22,47.61875,-52.73547,101.0,1,SKT-4015,,1.0,1.0,GPAO
05/03/2026,01:59:29,47.61871,-52.73544,98.0,1,SKT-4015,,1.0,1.0,GPAO
05/03/2026,01:59:36,47.61873,-52.73536,103.0,1,SKT-4015,,1.0,1.0,GPAO
05/03/2026,01:59:44,47.61877,-52.73525,110.0,1,SKT-4015,,1.0,1.0,GPAO
05/03/2026,01:59:51,47.6188,-52.73534,119.0,1,SKT-4015,,1.0,1.0,GPAO
05/03/2026,01:59:58,47.61883,-52.7354,121.0,1,SKT-4015,,1.0,1.0,GPAO
05/03/2026,02:00:13,47.61893,-52.73558,105.0,1,SKT-4015,,1.0,1.0,GPAO
05/03/2026,02:00:20,47.61893,-52.73552,109.0,1,SKT-4015,,1.0,1.0,GPAO
05/03/2026,02:00:27,47.61893,-52.73544,109.0,1,SKT-4015,,1.0,1.0,GPAO
05/03/2026,02:00:34,47.61893,-52.73542,108.0,1,SKT-4015,,1.0,1.0,GPAO
05/03/2026,02:00:42,47.61893,-52.73549,105.0,1,SKT-4015,,1.0,1.0,GPAO
05/03/2026,02:00:49,47.61888,-52.73552,93.0,1,SKT-4015,,1.0,1.0,GPAO
05/03/2026,02:00:56,47.61885,-52.73551,104.0,1,SKT-4015,,1.0,1.0,GPAO
05/03/2026,02:01:03,47.6188,-52.73549,115.0,1,SKT-4015,,1.0,1.0,GPAO
05/03/2026,02:01:10,47.61881,-52.73554,117.0,1,SKT-4015,,1.0,1.0,GPAO
05/03/2026,02:01:18,47.61882,-52.73558,92.0,1,SKT-4015,,1.0,1.0,GPAO
05/03/2026,02:01:25,47.61882,-52.73553,68.0,1,SKT-4015,,1.0,1.0,GPAO
05/03/2026,02:01:32,47.61878,-52.7355,58.0,1,SKT-4015,,1.0,1.0,GPAO
05/03/2026,02:01:39,47.61871,-52.73557,38.0,1,SKT-4015,,1.0,1.0,GPAO
05/03/2026,02:01:47,47.6186,-52.73559,33.0,1,SKT-4015,,1.0,1.0,GPAO
05/03/2026,02:01:54,47.6185,-52.7356,28.0,1,SKT-4015,,1.0,1.0,GPAO
05/03/2026,02:02:01,47.61842,-52.73562,30.0,1,SKT-4015,,1.0,1.0,GPAO
05/03/2026,02:02:08,47.61837,-52.73561,31.0,1,SKT-4015,,1.0,1.0,GPAO
05/03/2026,02:02:16,47.61838,-52.73553,34.0,1,SKT-4015,,1.0,1.0,GPAO
05/03/2026,02:02:23,47.61839,-52.73551,34.0,1,SKT-4015,,1.0,1.0,GPAO
05/03/2026,02:02:30,47.61841,-52.73555,23.0,1,SKT-4015,,1.0,1.0,GPAO
05/03/2026,02:02:37,47.61842,-52.73558,-9.0,1,SKT-4015,,1.0,1.0,GPAO
05/03/2026,02:02:45,47.61842,-52.7356,-43.0,1,SKT-4015,,1.0,1.0,GPAO
05/03/2026,02:02:52,47.6184,-52.73557,-34.0,1,SKT-4015,,1.0,1.0,GPAO
05/03/2026,02:02:59,47.61835,-52.73551,-25.0,1,SKT-4015,,1.0,1.0,GPAO
05/03/2026,02:03:06,47.61826,-52.73547,-34.0,1,SKT-4015,,1.0,1.0,GPAO
05/03/2026,02:03:14,47.61822,-52.73547,-61.0,1,SKT-4015,,1.0,1.0,GPAO
05/03/2026,02:03:21,47.6183,-52.73546,-55.0,1,SKT-4015,,1.0,1.0,GPAO
05/03/2026,02:03:28,47.6184,-52.73551,-23.0,1,SKT-4015,,1.0,1.0,GPAO
05/03/2026,02:03:35,47.61847,-52.73557,-3.0,1,SKT-4015,,1.0,1.0,GPAO
05/03/2026,02:03:43,47.61852,-52.73564,11.0,1,SKT-4015,,1.0,1.0,GPAO
05/03/2026,02:03:50,47.6185,-52.73568,22.0,1,SKT-4015,,1.0,1.0,GPAO
05/03/2026,02:03:57,47.61857,-52.73576,38.0,1,SKT-4015,,1.0,1.0,GPAO
05/03/2026,02:04:04,47.61861,-52.73572,51.0,1,SKT-4015,,1.0,1.0,GPAO
05/03/2026,02:04:12,47.61859,-52.73563,64.0,1,SKT-4015,,1.0,1.0,GPAO
05/03/2026,02:04:19,47.61855,-52.73557,77.0,1,SKT-4015,,1.0,1.0,GPAO
05/03/2026,02:04:26,47.61853,-52.73546,92.0,1,SKT-4015,,1.0,1.0,GPAO
05/03/2026,02:04:33,47.61852,-52.73535,100.0,1,SKT-4015,,1.0,1.0,GPAO
05/03/2026,02:04:41,47.61847,-52.73531,108.0,1,SKT-4015,,1.0,1.0,GPAO
05/03/2026,02:04:48,47.61844,-52.73529,120.0,1,SKT-4015,,1.0,1.0,GPAO
05/03/2026,02:04:55,47.61844,-52.73524,118.0,1,SKT-4015,,1.0,1.0,GPAO
05/03/2026,02:05:02,47.61842,-52.7352,123.0,1,SKT-4015,,1.0,1.0,GPAO
05/03/2026,02:05:10,47.61837,-52.7352,128.0,1,SKT-4015,,1.0,1.0,GPAO
05/03/2026,02:05:17,47.61831,-52.73526,131.0,1,SKT-4015,,1.0,1.0,GPAO
05/03/2026,02:05:24,47.61829,-52.73535,126.0,1,SKT-4015,,1.0,1.0,GPAO
05/03/2026,02:05:31,47.6183,-52.73545,104.0,1,SKT-4015,,1.0,1.0,GPAO
05/03/2026,02:05:39,47.6183,-52.7355,95.0,1,SKT-4015,,1.0,1.0,GPAO
05/03/2026,02:05:46,47.61827,-52.73547,111.0,1,SKT-4015,,1.0,1.0,GPAO
05/03/2026,02:05:53,47.61826,-52.73538,132.0,1,SKT-4015,,1.0,1.0,GPAO
05/03/2026,02:06:00,47.61828,-52.73518,149.0,1,SKT-4015,,1.0,1.0,GPAO
05/03/2026,02:06:07,47.61828,-52.73514,164.0,1,SKT-4015,,1.0,1.0,GPAO
05/03/2026,02:06:15,47.61834,-52.7352,155.0,1,SKT-4015,,1.0,1.0,GPAO
05/03/2026,02:06:22,47.61841,-52.73525,133.0,1,SKT-4015,,1.0,1.0,GPAO
05/03/2026,02:06:29,47.61846,-52.73531,121.0,1,SKT-4015,,1.0,1.0,GPAO
05/03/2026,02:06:36,47.61847,-52.73535,111.0,1,SKT-4015,,1.0,1.0,GPAO
05/03/2026,02:06:44,47.61851,-52.73548,81.0,1,SKT-4015,,1.0,1.0,GPAO
05/03/2026,02:06:51,47.61849,-52.73555,55.0,1,SKT-4015,,1.0,1.0,GPAO
05/03/2026,02:06:58,47.61848,-52.73555,33.0,1,SKT-4015,,1.0,1.0,GPAO
05/03/2026,02:07:05,47.61848,-52.73553,24.0,1,SKT-4015,,1.0,1.0,GPAO
05/03/2026,02:07:13,47.61839,-52.73552,17.0,1,SKT-4015,,1.0,1.0,GPAO
05/03/2026,02:07:20,47.61831,-52.73543,-9.0,1,SKT-4015,,1.0,1.0,GPAO
05/03/2026,02:07:27,47.61829,-52.7353,-37.0,1,SKT-4015,,1.0,1.0,GPAO
05/03/2026,02:07:34,47.61832,-52.73527,-43.0,1,SKT-4015,,1.0,1.0,GPAO
05/03/2026,02:07:42,47.61828,-52.73529,-48.0,1,SKT-4015,,1.0,1.0,GPAO
05/03/2026,02:07:49,47.61826,-52.73532,-45.0,1,SKT-4015,,1.0,1.0,GPAO
05/03/2026,02:07:56,47.61828,-52.73534,-40.0,1,SKT-4015,,1.0,1.0,GPAO
05/03/2026,02:08:03,47.61832,-52.73531,-40.0,1,SKT-4015,,1.0,1.0,GPAO
05/03/2026,02:08:11,47.61842,-52.73531,-46.0,1,SKT-4015,,1.0,1.0,GPAO
05/03/2026,02:08:18,47.61848,-52.73529,-52.0,1,SKT-4015,,1.0,1.0,GPAO
05/03/2026,02:08:25,47.61855,-52.73528,-51.0,1,SKT-4015,,1.0,1.0,GPAO
05/03/2026,02:08:32,47.61861,-52.73538,-55.0,1,SKT-4015,,1.0,1.0,GPAO
05/03/2026,02:08:40,47.61861,-52.73558,-65.0,1,SKT-4015,,1.0,1.0,GPAO
05/03/2026,02:08:47,47.61858,-52.73578,-61.0,1,SKT-4015,,1.0,1.0,GPAO
05/03/2026,02:08:54,47.61856,-52.73586,-53.0,1,SKT-4015,,1.0,1.0,GPAO
05/03/2026,02:09:01,47.61853,-52.73586,-50.0,1,SKT-4015,,1.0,1.0,GPAO
05/03/2026,02:09:09,47.61848,-52.73566,-20.0,1,SKT-4015,,1.0,1.0,GPAO
05/03/2026,02:09:16,47.61845,-52.73547,-1.0,1,SKT-4015,,1.0,1.0,GPAO
05/03/2026,02:09:23,47.61847,-52.73545,5.0,1,SKT-4015,,1.0,1.0,GPAO
05/03/2026,02:09:30,47.61854,-52.73547,-12.0,1,SKT-4015,,1.0,1.0,GPAO
05/03/2026,02:09:38,47.6186,-52.73554,-45.0,1,SKT-4015,,1.0,1.0,GPAO
05/03/2026,02:09:45,47.61861,-52.73555,-73.0,1,SKT-4015,,1.0,1.0,GPAO
05/03/2026,02:09:52,47.6186,-52.73547,-104.0,1,SKT-4015,,1.0,1.0,GPAO
05/03/2026,02:09:59,47.61858,-52.73542,-133.0,1,SKT-4015,,1.0,1.0,GPAO
05/03/2026,02:10:07,47.61858,-52.73537,-114.0,1,SKT-4015,,1.0,1.0,GPAO
05/03/2026,02:10:14,47.61856,-52.73532,-84.0,1,SKT-4015,,1.0,1.0,GPAO
05/03/2026,02:10:21,47.61859,-52.73528,-80.0,1,SKT-4015,,1.0,1.0,GPAO
05/03/2026,02:10:28,47.6186,-52.73519,-73.0,1,SKT-4015,,1.0,1.0,GPAO
05/03/2026,02:10:36,47.6186,-52.73521,-66.0,1,SKT-4015,,1.0,1.0,GPAO
05/03/2026,02:10:43,47.61859,-52.73526,-63.0,1,SKT-4015,,1.0,1.0,GPAO
05/03/2026,02:10:50,47.61852,-52.7353,-56.0,1,SKT-4015,,1.0,1.0,GPAO
05/03/2026,02:10:57,47.61845,-52.73532,-48.0,1,SKT-4015,,1.0,1.0,GPAO
05/03/2026,02:11:05,47.61846,-52.73523,-41.0,1,SKT-4015,,1.0,1.0,GPAO
05/03/2026,02:11:12,47.61851,-52.73511,-26.0,1,SKT-4015,,1.0,1.0,GPAO
05/03/2026,02:11:19,47.61855,-52.7352,-12.0,1,SKT-4015,,1.0,1.0,GPAO
05/03/2026,02:11:26,47.61858,-52.73513,-16.0,1,SKT-4015,,1.0,1.0,GPAO
05/03/2026,02:11:34,47.6186,-52.73495,-21.0,1,SKT-4015,,1.0,1.0,GPAO
05/03/2026,02:11:41,47.61857,-52.73486,-12.0,1,SKT-4015,,1.0,1.0,GPAO
05/03/2026,02:11:48,47.61853,-52.73483,2.0,1,SKT-4015,,1.0,1.0,GPAO
05/03/2026,02:11:55,47.61855,-52.7348,5.0,1,SKT-4015,,1.0,1.0,GPAO
05/03/2026,02:12:03,47.61857,-52.73462,14.0,1,SKT-4015,,1.0,1.0,GPAO
05/03/2026,02:12:10,47.61857,-52.7344,28.0,1,SKT-4015,,1.0,1.0,GPAO
05/03/2026,02:12:17,47.61854,-52.7343,27.0,1,SKT-4015,,1.0,1.0,GPAO
05/03/2026,02:12:24,47.61854,-52.73429,23.0,1,SKT-4015,,1.0,1.0,GPAO
05/03/2026,02:12:31,47.61843,-52.73421,17.0,1,SKT-4015,,1.0,1.0,GPAO
05/03/2026,02:12:39,47.61829,-52.73421,46.0,1,SKT-4015,,1.0,1.0,GPAO
05/03/2026,02:12:46,47.61821,-52.73437,83.0,1,SKT-4015,,1.0,1.0,GPAO
05/03/2026,02:12:53,47.61818,-52.73454,77.0,1,SKT-4015,,1.0,1.0,GPAO
05/03/2026,02:13:00,47.61819,-52.73463,55.0,1,SKT-4015,,1.0,1.0,GPAO
05/03/2026,02:13:08,47.61819,-52.73462,41.0,1,SKT-4015,,1.0,1.0,GPAO
05/03/2026,02:13:15,47.61815,-52.73463,43.0,1,SKT-4015,,1.0,1.0,GPAO
05/03/2026,02:13:22,47.61807,-52.73453,55.0,1,SKT-4015,,1.0,1.0,GPAO
05/03/2026,02:13:29,47.61804,-52.73463,53.0,1,SKT-4015,,1.0,1.0,GPAO
05/03/2026,02:13:37,47.61797,-52.73442,55.0,1,SKT-4015,,1.0,1.0,GPAO
05/03/2026,02:57:12,47.6207,-52.73586,153.0,1,SKT-4015,,1.0,0.0,GPAO
05/03/2026,02:57:20,47.62064,-52.73586,153.0,1,SKT-4015,,1.0,0.0,GPAO
05/03/2026,02:57:32,47.62057,-52.73585,158.0,1,SKT-4015,,1.0,0.0,GPAO
05/03/2026,02:57:40,47.62054,-52.73584,159.0,1,SKT-4015,,1.0,0.0,GPAO
05/03/2026,02:57:50,47.62051,-52.73584,161.0,1,SKT-4015,,1.0,0.0,GPAO
05/03/2026,02:57:58,47.62049,-52.73587,161.0,1,SKT-4015,,1.0,0.0,GPAO
05/03/2026,02:58:07,47.62047,-52.73587,157.0,1,SKT-4015,,1.0,0.0,GPAO
05/03/2026,02:58:15,47.62045,-52.73587,149.0,1,SKT-4015,,1.0,0.0,GPAO
05/03/2026,02:58:23,47.62043,-52.73586,151.0,1,SKT-4015,,1.0,0.0,GPAO
05/03/2026,02:58:31,47.62041,-52.73585,151.0,1,SKT-4015,,1.0,0.0,GPAO
05/03/2026,02:58:40,47.62041,-52.73584,151.0,1,SKT-4015,,1.0,0.0,GPAO
05/03/2026,02:58:48,47.6204,-52.73585,151.0,1,SKT-4015,,1.0,0.0,GPAO
05/03/2026,02:58:56,47.62038,-52.73586,151.0,1,SKT-4015,,1.0,1.0,GPAO
05/03/2026,02:59:09,47.62038,-52.73587,150.0,1,SKT-4015,,1.0,1.0,GPAO
05/03/2026,02:59:23,47.62038,-52.73589,151.0,1,SKT-4015,,1.0,1.0,GPAO
05/03/2026,02:59:39,47.62038,-52.73595,162.0,1,SKT-4015,,1.0,1.0,GPAO
05/03/2026,02:59:46,47.62038,-52.73594,161.0,1,SKT-4015,,1.0,1.0,GPAO
05/03/2026,02:59:53,47.62037,-52.73594,152.0,1,SKT-4015,,1.0,1.0,GPAO
05/03/2026,03:00:08,47.62036,-52.73594,150.0,1,SKT-4015,,1.0,1.0,GPAO
05/03/2026,03:00:15,47.62035,-52.73595,148.0,1,SKT-4015,,1.0,1.0,GPAO
05/03/2026,03:00:22,47.62035,-52.73595,147.0,1,SKT-4015,,1.0,1.0,GPAO
05/03/2026,03:00:30,47.62035,-52.73594,147.0,1,SKT-4015,,1.0,1.0,GPAO
05/03/2026,03:00:37,47.62035,-52.73594,147.0,1,SKT-4015,,1.0,1.0,GPAO
05/03/2026,03:00:44,47.62035,-52.73594,148.0,1,SKT-4015,,1.0,1.0,GPAO
05/03/2026,03:00:51,47.62035,-52.73595,146.0,1,SKT-4015,,1.0,1.0,GPAO
05/03/2026,03:00:59,47.62035,-52.73595,146.0,1,SKT-4015,,1.0,1.0,GPAO
05/03/2026,03:01:06,47.62035,-52.73595,147.0,1,SKT-4015,,1.0,1.0,GPAO
05/03/2026,03:01:13,47.62035,-52.73595,147.0,1,SKT-4015,,1.0,1.0,GPAO
05/03/2026,03:01:20,47.62035,-52.73595,147.0,1,SKT-4015,,1.0,1.0,GPAO
05/03/2026,03:01:28,47.62035,-52.73594,147.0,1,SKT-4015,,1.0,1.0,GPAO
05/03/2026,03:01:35,47.62034,-52.73594,147.0,1,SKT-4015,,1.0,1.0,GPAO
05/03/2026,03:01:42,47.62034,-52.73594,148.0,1,SKT-4015,,1.0,1.0,GPAO
05/03/2026,03:01:49,47.62033,-52.73594,145.0,1,SKT-4015,,1.0,1.0,GPAO
05/03/2026,03:01:57,47.62032,-52.73596,144.0,1,SKT-4015,,1.0,1.0,GPAO
05/03/2026,03:02:04,47.62033,-52.73594,146.0,1,SKT-4015,,1.0,1.0,GPAO
05/03/2026,03:02:11,47.62035,-52.73592,146.0,1,SKT-4015,,1.0,1.0,GPAO
05/03/2026,03:02:19,47.62037,-52.7359,145.0,1,SKT-4015,,1.0,1.0,GPAO
05/03/2026,03:02:26,47.62038,-52.73589,145.0,1,SKT-4015,,1.0,1.0,GPAO
05/03/2026,03:02:33,47.6204,-52.73587,148.0,1,SKT-4015,,1.0,1.0,GPAO
05/03/2026,03:02:40,47.6204,-52.73587,148.0,1,SKT-4015,,1.0,1.0,GPAO
05/03/2026,03:02:48,47.62041,-52.73587,148.0,1,SKT-4015,,1.0,1.0,GPAO
05/03/2026,03:02:55,47.62041,-52.73586,149.0,1,SKT-4015,,1.0,1.0,GPAO
05/03/2026,03:03:02,47.62041,-52.73586,149.0,1,SKT-4015,,1.0,1.0,GPAO
05/03/2026,03:03:10,47.62041,-52.73586,149.0,1,SKT-4015,,1.0,1.0,GPAO
05/03/2026,03:03:17,47.6204,-52.73586,148.0,1,SKT-4015,,1.0,1.0,GPAO
05/03/2026,03:03:24,47.6204,-52.73586,148.0,1,SKT-4015,,1.0,1.0,GPAO
05/03/2026,03:03:31,47.62041,-52.73586,149.0,1,SKT-4015,,1.0,1.0,GPAO
05/03/2026,03:03:39,47.62041,-52.73585,150.0,1,SKT-4015,,1.0,1.0,GPAO
05/03/2026,03:03:47,47.62041,-52.73585,152.0,1,SKT-4015,,1.0,1.0,GPAO
05/03/2026,03:03:54,47.62041,-52.73586,153.0,1,SKT-4015,,1.0,1.0,GPAO
05/03/2026,03:04:01,47.6204,-52.73586,153.0,1,SKT-4015,,1.0,1.0,GPAO
05/03/2026,03:04:08,47.6204,-52.73587,153.0,1,SKT-4015,,1.0,1.0,GPAO
05/03/2026,03:04:16,47.62039,-52.73586,153.0,1,SKT-4015,,1.0,1.0,GPAO
05/03/2026,03:04:23,47.62039,-52.73586,153.0,1,SKT-4015,,1.0,1.0,GPAO
05/03/2026,03:04:30,47.62039,-52.73586,153.0,1,SKT-4015,,1.0,1.0,GPAO
05/03/2026,03:04:38,47.62038,-52.73586,152.0,1,SKT-4015,,1.0,1.0,GPAO
05/03/2026,03:04:45,47.62038,-52.73587,151.0,1,SKT-4015,,1.0,1.0,GPAO
05/03/2026,03:04:52,47.62037,-52.73587,150.0,1,SKT-4015,,1.0,1.0,GPAO
05/03/2026,03:04:59,47.62038,-52.73587,150.0,1,SKT-4015,,1.0,1.0,GPAO
05/03/2026,03:05:07,47.62038,-52.73587,149.0,1,SKT-4015,,1.0,1.0,GPAO
05/03/2026,03:05:14,47.62038,-52.73589,149.0,1,SKT-4015,,1.0,1.0,GPAO
05/03/2026,03:05:21,47.62038,-52.73591,149.0,1,SKT-4015,,1.0,1.0,GPAO
05/03/2026,03:05:29,47.62038,-52.73591,149.0,1,SKT-4015,,1.0,1.0,GPAO
05/03/2026,03:05:36,47.62038,-52.73591,150.0,1,SKT-4015,,1.0,1.0,GPAO
05/03/2026,03:05:43,47.62038,-52.73591,150.0,1,SKT-4015,,1.0,1.0,GPAO
05/03/2026,03:05:51,47.62038,-52.73591,150.0,1,SKT-4015,,1.0,1.0,GPAO
05/03/2026,03:05:58,47.62038,-52.73591,149.0,1,SKT-4015,,1.0,1.0,GPAO
05/03/2026,03:06:05,47.62037,-52.73592,146.0,1,SKT-4015,,1.0,1.0,GPAO
05/03/2026,03:06:12,47.62037,-52.73592,146.0,1,SKT-4015,,1.0,1.0,GPAO
05/03/2026,03:06:20,47.62037,-52.73591,147.0,1,SKT-4015,,1.0,1.0,GPAO
05/03/2026,03:06:27,47.62038,-52.7359,148.0,1,SKT-4015,,1.0,1.0,GPAO
05/03/2026,03:06:34,47.6204,-52.73587,151.0,1,SKT-4015,,1.0,1.0,GPAO
05/03/2026,03:06:41,47.62042,-52.73583,156.0,1,SKT-4015,,1.0,1.0,GPAO
05/03/2026,03:06:49,47.62044,-52.73582,158.0,1,SKT-4015,,1.0,1.0,GPAO
05/03/2026,03:06:56,47.62044,-52.73582,158.0,1,SKT-4015,,1.0,1.0,GPAO
05/03/2026,03:07:03,47.62044,-52.73582,158.0,1,SKT-4015,,1.0,1.0,GPAO
05/03/2026,03:07:10,47.62044,-52.73583,156.0,1,SKT-4015,,1.0,1.0,GPAO
05/03/2026,03:07:17,47.62043,-52.73584,156.0,1,SKT-4015,,1.0,1.0,GPAO
05/03/2026,03:07:25,47.62043,-52.73584,157.0,1,SKT-4015,,1.0,1.0,GPAO
05/03/2026,03:07:32,47.62043,-52.73585,157.0,1,SKT-4015,,1.0,1.0,GPAO
05/03/2026,03:07:39,47.62042,-52.73584,158.0,1,SKT-4015,,1.0,1.0,GPAO
05/03/2026,03:07:47,47.62042,-52.73584,158.0,1,SKT-4015,,1.0,1.0,GPAO
05/03/2026,03:07:55,47.62042,-52.73582,158.0,1,SKT-4015,,1.0,1.0,GPAO
05/03/2026,03:08:02,47.62041,-52.73581,157.0,1,SKT-4015,,1.0,1.0,GPAO
05/03/2026,03:08:09,47.62042,-52.7358,157.0,1,SKT-4015,,1.0,1.0,GPAO
05/03/2026,03:08:17,47.62041,-52.73579,157.0,1,SKT-4015,,1.0,1.0,GPAO
05/03/2026,03:08:24,47.6204,-52.7358,156.0,1,SKT-4015,,1.0,1.0,GPAO
05/03/2026,03:08:31,47.6204,-52.73581,157.0,1,SKT-4015,,1.0,1.0,GPAO
05/03/2026,03:08:38,47.62039,-52.73581,157.0,1,SKT-4015,,1.0,1.0,GPAO
05/03/2026,03:08:46,47.62039,-52.73582,157.0,1,SKT-4015,,1.0,1.0,GPAO
05/03/2026,03:08:53,47.62039,-52.73582,157.0,1,SKT-4015,,1.0,1.0,GPAO
05/03/2026,03:09:00,47.6204,-52.73583,156.0,1,SKT-4015,,1.0,1.0,GPAO
05/03/2026,03:09:07,47.62039,-52.73584,153.0,1,SKT-4015,,1.0,1.0,GPAO
05/03/2026,03:09:15,47.62039,-52.73585,150.0,1,SKT-4015,,1.0,1.0,GPAO
05/03/2026,03:09:22,47.62039,-52.73586,148.0,1,SKT-4015,,1.0,1.0,GPAO
05/03/2026,03:09:29,47.62039,-52.73586,147.0,1,SKT-4015,,1.0,1.0,GPAO
05/03/2026,03:09:36,47.62039,-52.73587,146.0,1,SKT-4015,,1.0,1.0,GPAO
05/03/2026,03:09:44,47.62038,-52.73589,145.0,1,SKT-4015,,1.0,1.0,GPAO
05/03/2026,03:09:51,47.62038,-52.7359,144.0,1,SKT-4015,,1.0,1.0,GPAO
05/03/2026,03:09:58,47.62038,-52.7359,145.0,1,SKT-4015,,1.0,1.0,GPAO
05/03/2026,03:10:05,47.62038,-52.73591,145.0,1,SKT-4015,,1.0,1.0,GPAO
05/03/2026,03:10:13,47.62038,-52.73592,145.0,1,SKT-4015,,1.0,1.0,GPAO
05/03/2026,03:10:20,47.62038,-52.73592,145.0,1,SKT-4015,,1.0,1.0,GPAO
05/03/2026,03:10:28,47.62037,-52.73592,146.0,1,SKT-4015,,1.0,1.0,GPAO
05/03/2026,03:10:35,47.62037,-52.73592,146.0,1,SKT-4015,,1.0,1.0,GPAO
05/03/2026,03:10:43,47.62037,-52.73592,145.0,1,SKT-4015,,1.0,1.0,GPAO
05/03/2026,03:10:50,47.62038,-52.73591,145.0,1,SKT-4015,,1.0,1.0,GPAO
05/03/2026,03:10:57,47.62038,-52.73591,146.0,1,SKT-4015,,1.0,1.0,GPAO
05/03/2026,03:11:04,47.62038,-52.73591,145.0,1,SKT-4015,,1.0,1.0,GPAO
05/03/2026,03:11:12,47.62038,-52.73591,144.0,1,SKT-4015,,1.0,1.0,GPAO
05/03/2026,03:11:19,47.62038,-52.7359,144.0,1,SKT-4015,,1.0,1.0,GPAO
05/03/2026,03:11:26,47.62038,-52.7359,144.0,1,SKT-4015,,1.0,1.0,GPAO
05/03/2026,03:11:33,47.62038,-52.7359,144.0,1,SKT-4015,,1.0,1.0,GPAO
05/03/2026,03:11:41,47.62038,-52.7359,145.0,1,SKT-4015,,1.0,1.0,GPAO
05/03/2026,03:11:48,47.62038,-52.7359,147.0,1,SKT-4015,,1.0,1.0,GPAO
05/03/2026,03:11:55,47.62038,-52.7359,148.0,1,SKT-4015,,1.0,1.0,GPAO
05/03/2026,03:12:02,47.62039,-52.7359,149.0,1,SKT-4015,,1.0,1.0,GPAO
05/03/2026,03:12:10,47.6204,-52.7359,150.0,1,SKT-4015,,1.0,1.0,GPAO
05/03/2026,03:12:17,47.6204,-52.73589,150.0,1,SKT-4015,,1.0,1.0,GPAO
05/03/2026,03:12:24,47.6204,-52.73588,150.0,1,SKT-4015,,1.0,1.0,GPAO
05/03/2026,03:12:32,47.62039,-52.73587,149.0,1,SKT-4015,,1.0,1.0,GPAO
05/03/2026,03:12:40,47.62039,-52.73587,149.0,1,SKT-4015,,1.0,1.0,GPAO
05/03/2026,03:12:47,47.62039,-52.73587,149.0,1,SKT-4015,,1.0,1.0,GPAO
05/03/2026,03:12:54,47.62038,-52.73587,147.0,1,SKT-4015,,1.0,1.0,GPAO
05/03/2026,03:13:02,47.62038,-52.73587,147.0,1,SKT-4015,,1.0,1.0,GPAO
05/03/2026,03:13:09,47.62039,-52.73589,148.0,1,SKT-4015,,1.0,1.0,GPAO
05/03/2026,03:13:16,47.62039,-52.73589,149.0,1,SKT-4015,,1.0,1.0,GPAO
05/03/2026,03:13:24,47.6204,-52.73589,150.0,1,SKT-4015,,1.0,1.0,GPAO
05/03/2026,03:13:31,47.6204,-52.73589,150.0,1,SKT-4015,,1.0,1.0,GPAO
05/03/2026,03:13:38,47.62039,-52.7359,150.0,1,SKT-4015,,1.0,1.0,GPAO
05/03/2026,03:13:45,47.62039,-52.73589,151.0,1,SKT-4015,,1.0,1.0,GPAO
05/03/2026,03:13:53,47.62039,-52.73589,151.0,1,SKT-4015,,1.0,1.0,GPAO
05/03/2026,03:14:00,47.62039,-52.73589,151.0,1,SKT-4015,,1.0,1.0,GPAO
05/03/2026,03:14:07,47.62039,-52.7359,151.0,1,SKT-4015,,1.0,1.0,GPAO
05/03/2026,03:14:15,47.62039,-52.7359,151.0,1,SKT-4015,,1.0,1.0,GPAO
05/03/2026,03:14:22,47.62039,-52.7359,151.0,1,SKT-4015,,1.0,1.0,GPAO
05/03/2026,03:14:29,47.62039,-52.7359,151.0,1,SKT-4015,,1.0,1.0,GPAO
05/03/2026,03:14:36,47.62039,-52.7359,153.0,1,SKT-4015,,1.0,1.0,GPAO
05/03/2026,03:14:44,47.62039,-52.7359,153.0,1,SKT-4015,,1.0,1.0,GPAO
05/03/2026,03:14:51,47.62039,-52.7359,153.0,1,SKT-4015,,1.0,1.0,GPAO
05/03/2026,03:14:58,47.62039,-52.7359,151.0,1,SKT-4015,,1.0,1.0,GPAO
05/03/2026,03:15:05,47.62039,-52.7359,149.0,1,SKT-4015,,1.0,1.0,GPAO
05/03/2026,03:15:13,47.62039,-52.7359,146.0,1,SKT-4015,,1.0,1.0,GPAO
05/03/2026,03:15:20,47.62039,-52.7359,146.0,1,SKT-4015,,1.0,1.0,GPAO
05/03/2026,03:15:27,47.6204,-52.7359,147.0,1,SKT-4015,,1.0,1.0,GPAO
05/03/2026,03:15:35,47.62039,-52.73591,146.0,1,SKT-4015,,1.0,1.0,GPAO
05/03/2026,03:15:42,47.62039,-52.73592,146.0,1,SKT-4015,,1.0,1.0,GPAO
05/03/2026,03:15:49,47.62038,-52.73592,146.0,1,SKT-4015,,1.0,1.0,GPAO
05/03/2026,03:15:56,47.62039,-52.73592,146.0,1,SKT-4015,,1.0,1.0,GPAO
05/03/2026,03:16:04,47.6204,-52.73592,146.0,1,SKT-4015,,1.0,1.0,GPAO
05/03/2026,03:16:11,47.62043,-52.7359,146.0,1,SKT-4015,,1.0,1.0,GPAO
05/03/2026,03:16:18,47.62043,-52.73589,144.0,1,SKT-4015,,1.0,1.0,GPAO
05/03/2026,03:16:25,47.62043,-52.73589,143.0,1,SKT-4015,,1.0,1.0,GPAO
05/03/2026,03:16:33,47.62043,-52.7359,146.0,1,SKT-4015,,1.0,1.0,GPAO
05/03/2026,03:16:40,47.62043,-52.73591,148.0,1,SKT-4015,,1.0,1.0,GPAO
05/03/2026,03:16:47,47.62042,-52.73592,151.0,1,SKT-4015,,1.0,1.0,GPAO
05/03/2026,03:16:54,47.62038,-52.73592,152.0,1,SKT-4015,,1.0,1.0,GPAO
05/03/2026,03:17:02,47.62037,-52.73592,152.0,1,SKT-4015,,1.0,1.0,GPAO
05/03/2026,03:17:09,47.62038,-52.7359,154.0,1,SKT-4015,,1.0,1.0,GPAO
05/03/2026,03:17:16,47.62038,-52.7359,153.0,1,SKT-4015,,1.0,1.0,GPAO
05/03/2026,03:17:23,47.62037,-52.73592,149.0,1,SKT-4015,,1.0,1.0,GPAO
05/03/2026,03:17:31,47.62038,-52.73591,150.0,1,SKT-4015,,1.0,1.0,GPAO
05/03/2026,03:17:38,47.62038,-52.73591,151.0,1,SKT-4015,,1.0,1.0,GPAO
05/03/2026,03:17:45,47.62039,-52.73591,151.0,1,SKT-4015,,1.0,1.0,GPAO
05/03/2026,03:17:52,47.62039,-52.73591,151.0,1,SKT-4015,,1.0,1.0,GPAO
05/03/2026,03:18:00,47.62039,-52.73592,150.0,1,SKT-4015,,1.0,1.0,GPAO
05/03/2026,03:18:07,47.62038,-52.73592,148.0,1,SKT-4015,,1.0,1.0,GPAO
05/03/2026,03:18:14,47.62039,-52.73592,146.0,1,SKT-4015,,1.0,1.0,GPAO
05/03/2026,03:18:22,47.6204,-52.73592,146.0,1,SKT-4015,,1.0,1.0,GPAO
05/03/2026,03:18:29,47.6204,-52.73591,146.0,1,SKT-4015,,1.0,1.0,GPAO
05/03/2026,03:18:36,47.62041,-52.7359,147.0,1,SKT-4015,,1.0,1.0,GPAO
05/03/2026,03:18:43,47.62041,-52.73591,148.0,1,SKT-4015,,1.0,1.0,GPAO
05/03/2026,03:18:51,47.62041,-52.73591,149.0,1,SKT-4015,,1.0,1.0,GPAO
05/03/2026,03:18:58,47.62041,-52.73591,150.0,1,SKT-4015,,1.0,1.0,GPAO
05/03/2026,03:19:05,47.62041,-52.73591,150.0,1,SKT-4015,,1.0,1.0,GPAO
05/03/2026,03:19:12,47.62045,-52.7359,150.0,1,SKT-4015,,1.0,1.0,GPAO
05/03/2026,03:19:20,47.62043,-52.73593,146.0,1,SKT-4015,,1.0,1.0,GPAO
05/03/2026,03:19:27,47.62043,-52.73593,145.0,1,SKT-4015,,1.0,1.0,GPAO
05/03/2026,03:19:34,47.62043,-52.73592,145.0,1,SKT-4015,,1.0,1.0,GPAO
05/03/2026,03:19:41,47.62044,-52.7359,145.0,1,SKT-4015,,1.0,1.0,GPAO
05/03/2026,03:19:49,47.62045,-52.73588,145.0,1,SKT-4015,,1.0,1.0,GPAO
05/03/2026,03:19:56,47.62045,-52.73587,146.0,1,SKT-4015,,1.0,1.0,GPAO
05/03/2026,03:20:03,47.62044,-52.73587,146.0,1,SKT-4015,,1.0,1.0,GPAO
05/03/2026,03:20:10,47.6204,-52.73587,145.0,1,SKT-4015,,1.0,1.0,GPAO
05/03/2026,03:20:18,47.62038,-52.73587,145.0,1,SKT-4015,,1.0,1.0,GPAO
05/03/2026,03:20:25,47.62037,-52.73587,145.0,1,SKT-4015,,1.0,1.0,GPAO
05/03/2026,03:20:32,47.62038,-52.73587,146.0,1,SKT-4015,,1.0,1.0,GPAO
05/03/2026,03:20:39,47.6204,-52.73588,148.0,1,SKT-4015,,1.0,1.0,GPAO
05/03/2026,03:20:47,47.62041,-52.73589,149.0,1,SKT-4015,,1.0,1.0,GPAO
05/03/2026,03:20:54,47.62041,-52.7359,148.0,1,SKT-4015,,1.0,1.0,GPAO
05/03/2026,03:21:01,47.62041,-52.7359,148.0,1,SKT-4015,,1.0,1.0,GPAO
05/03/2026,03:21:08,47.6204,-52.73591,147.0,1,SKT-4015,,1.0,1.0,GPAO
05/03/2026,03:21:16,47.6204,-52.73592,147.0,1,SKT-4015,,1.0,1.0,GPAO
05/03/2026,03:21:23,47.62039,-52.73593,146.0,1,SKT-4015,,1.0,1.0,GPAO
05/03/2026,03:21:30,47.62036,-52.73595,141.0,1,SKT-4015,,1.0,1.0,GPAO
05/03/2026,03:21:37,47.62034,-52.73597,140.0,1,SKT-4015,,1.0,1.0,GPAO
05/03/2026,03:21:45,47.62035,-52.73597,143.0,1,SKT-4015,,1.0,1.0,GPAO
05/03/2026,03:21:52,47.62036,-52.73596,143.0,1,SKT-4015,,1.0,1.0,GPAO
05/03/2026,03:21:59,47.62036,-52.73595,142.0,1,SKT-4015,,1.0,1.0,GPAO
05/03/2026,03:22:07,47.62036,-52.73595,141.0,1,SKT-4015,,1.0,1.0,GPAO
05/03/2026,03:22:14,47.62036,-52.73595,140.0,1,SKT-4015,,1.0,1.0,GPAO
05/03/2026,03:22:21,47.62035,-52.73595,139.0,1,SKT-4015,,1.0,1.0,GPAO
05/03/2026,03:22:28,47.62037,-52.73594,139.0,1,SKT-4015,,1.0,1.0,GPAO
05/03/2026,03:22:36,47.6204,-52.73591,143.0,1,SKT-4015,,1.0,1.0,GPAO
05/03/2026,03:22:43,47.62041,-52.7359,143.0,1,SKT-4015,,1.0,1.0,GPAO
05/03/2026,03:22:50,47.62042,-52.73589,143.0,1,SKT-4015,,1.0,1.0,GPAO
05/03/2026,03:22:57,47.62045,-52.73589,143.0,1,SKT-4015,,1.0,1.0,GPAO
05/03/2026,03:23:05,47.62046,-52.73588,143.0,1,SKT-4015,,1.0,1.0,GPAO
05/03/2026,03:23:12,47.62047,-52.73588,144.0,1,SKT-4015,,1.0,1.0,GPAO
05/03/2026,03:23:19,47.62046,-52.73589,143.0,1,SKT-4015,,1.0,1.0,GPAO
05/03/2026,03:23:26,47.62044,-52.73589,140.0,1,SKT-4015,,1.0,1.0,GPAO
05/03/2026,03:23:34,47.62041,-52.7359,140.0,1,SKT-4015,,1.0,1.0,GPAO
05/03/2026,03:23:41,47.62038,-52.73591,144.0,1,SKT-4015,,1.0,1.0,GPAO
05/03/2026,03:23:48,47.62034,-52.73592,143.0,1,SKT-4015,,1.0,1.0,GPAO
05/03/2026,03:23:56,47.62032,-52.73591,144.0,1,SKT-4015,,1.0,1.0,GPAO
05/03/2026,03:24:03,47.62031,-52.73589,143.0,1,SKT-4015,,1.0,1.0,GPAO
05/03/2026,03:24:10,47.62031,-52.73587,140.0,1,SKT-4015,,1.0,1.0,GPAO
05/03/2026,03:24:17,47.62031,-52.73587,139.0,1,SKT-4015,,1.0,1.0,GPAO
05/03/2026,03:24:25,47.62031,-52.73587,140.0,1,SKT-4015,,1.0,1.0,GPAO
05/03/2026,03:24:33,47.62032,-52.73588,141.0,1,SKT-4015,,1.0,1.0,GPAO
05/03/2026,03:24:40,47.62032,-52.73589,141.0,1,SKT-4015,,1.0,1.0,GPAO
05/03/2026,03:24:48,47.62032,-52.7359,141.0,1,SKT-4015,,1.0,1.0,GPAO
05/03/2026,03:24:55,47.62033,-52.73592,143.0,1,SKT-4015,,1.0,1.0,GPAO
05/03/2026,03:25:02,47.62034,-52.73592,144.0,1,SKT-4015,,1.0,1.0,GPAO
05/03/2026,03:25:10,47.62036,-52.73592,145.0,1,SKT-4015,,1.0,1.0,GPAO
05/03/2026,03:25:17,47.62037,-52.73592,146.0,1,SKT-4015,,1.0,1.0,GPAO
05/03/2026,03:25:24,47.62037,-52.73592,147.0,1,SKT-4015,,1.0,1.0,GPAO
05/03/2026,03:25:31,47.62037,-52.73592,148.0,1,SKT-4015,,1.0,1.0,GPAO
05/03/2026,03:25:39,47.62038,-52.73592,151.0,1,SKT-4015,,1.0,1.0,GPAO
05/03/2026,03:25:46,47.62039,-52.73592,151.0,1,SKT-4015,,1.0,1.0,GPAO
05/03/2026,03:25:53,47.6204,-52.73592,151.0,1,SKT-4015,,1.0,1.0,GPAO
05/03/2026,03:26:00,47.62042,-52.73591,152.0,1,SKT-4015,,1.0,1.0,GPAO
05/03/2026,03:26:08,47.62046,-52.73589,153.0,1,SKT-4015,,1.0,1.0,GPAO
05/03/2026,03:26:16,47.62046,-52.73588,153.0,1,SKT-4015,,1.0,1.0,GPAO
05/03/2026,03:26:23,47.62045,-52.73587,152.0,1,SKT-4015,,1.0,1.0,GPAO
05/03/2026,03:26:31,47.62041,-52.73587,150.0,1,SKT-4015,,1.0,1.0,GPAO
05/03/2026,03:26:38,47.62037,-52.73589,148.0,1,SKT-4015,,1.0,1.0,GPAO
05/03/2026,03:26:45,47.62033,-52.7359,147.0,1,SKT-4015,,1.0,1.0,GPAO
05/03/2026,03:26:53,47.62032,-52.73591,148.0,1,SKT-4015,,1.0,1.0,GPAO
05/03/2026,03:27:00,47.62031,-52.73592,149.0,1,SKT-4015,,1.0,1.0,GPAO
05/03/2026,03:27:07,47.6203,-52.73592,150.0,1,SKT-4015,,1.0,1.0,GPAO
05/03/2026,03:27:14,47.6203,-52.73592,150.0,1,SKT-4015,,1.0,1.0,GPAO
05/03/2026,03:27:22,47.6203,-52.73592,148.0,1,SKT-4015,,1.0,1.0,GPAO
05/03/2026,03:27:29,47.62027,-52.73592,141.0,1,SKT-4015,,1.0,1.0,GPAO
05/03/2026,03:27:37,47.62029,-52.73587,144.0,1,SKT-4015,,1.0,1.0,GPAO
05/03/2026,03:27:44,47.62028,-52.73583,142.0,1,SKT-4015,,1.0,1.0,GPAO
05/03/2026,03:27:52,47.62026,-52.73582,137.0,1,SKT-4015,,1.0,1.0,GPAO
05/03/2026,03:27:59,47.62027,-52.73585,134.0,1,SKT-4015,,1.0,1.0,GPAO
05/03/2026,03:28:06,47.62029,-52.73586,135.0,1,SKT-4015,,1.0,1.0,GPAO
05/03/2026,03:28:13,47.62032,-52.73586,138.0,1,SKT-4015,,1.0,1.0,GPAO
05/03/2026,03:28:21,47.62033,-52.73587,142.0,1,SKT-4015,,1.0,1.0,GPAO
05/03/2026,03:28:28,47.62034,-52.73587,143.0,1,SKT-4015,,1.0,1.0,GPAO
05/03/2026,03:28:35,47.62033,-52.73587,145.0,1,SKT-4015,,1.0,1.0,GPAO
05/03/2026,03:28:42,47.62033,-52.73587,145.0,1,SKT-4015,,1.0,1.0,GPAO
05/03/2026,03:28:50,47.62033,-52.73587,146.0,1,SKT-4015,,1.0,1.0,GPAO
05/03/2026,03:28:57,47.62033,-52.73588,147.0,1,SKT-4015,,1.0,1.0,GPAO
05/03/2026,03:29:04,47.62034,-52.7359,148.0,1,SKT-4015,,1.0,1.0,GPAO
05/03/2026,03:29:11,47.62034,-52.73594,148.0,1,SKT-4015,,1.0,1.0,GPAO
05/03/2026,03:29:19,47.62034,-52.73595,150.0,1,SKT-4015,,1.0,1.0,GPAO
05/03/2026,03:29:26,47.62035,-52.73593,151.0,1,SKT-4015,,1.0,1.0,GPAO
05/03/2026,03:29:34,47.62037,-52.73592,150.0,1,SKT-4015,,1.0,1.0,GPAO
05/03/2026,03:29:42,47.62037,-52.7359,151.0,1,SKT-4015,,1.0,1.0,GPAO
05/03/2026,03:29:49,47.62037,-52.7359,152.0,1,SKT-4015,,1.0,1.0,GPAO
05/03/2026,03:29:57,47.62037,-52.73589,152.0,1,SKT-4015,,1.0,1.0,GPAO
05/03/2026,03:30:04,47.62038,-52.73589,152.0,1,SKT-4015,,1.0,1.0,GPAO
05/03/2026,03:30:11,47.62038,-52.73589,153.0,1,SKT-4015,,1.0,1.0,GPAO
05/03/2026,03:30:18,47.62039,-52.73589,153.0,1,SKT-4015,,1.0,1.0,GPAO
05/03/2026,03:30:26,47.6204,-52.73589,152.0,1,SKT-4015,,1.0,1.0,GPAO
05/03/2026,03:30:33,47.6204,-52.7359,153.0,1,SKT-4015,,1.0,1.0,GPAO
05/03/2026,03:30:40,47.6204,-52.7359,153.0,1,SKT-4015,,1.0,1.0,GPAO
05/03/2026,03:30:47,47.6204,-52.7359,153.0,1,SKT-4015,,1.0,1.0,GPAO
05/03/2026,03:30:55,47.62039,-52.7359,153.0,1,SKT-4015,,1.0,1.0,GPAO
05/03/2026,03:31:02,47.62038,-52.7359,154.0,1,SKT-4015,,1.0,1.0,GPAO
05/03/2026,03:31:09,47.62038,-52.7359,155.0,1,SKT-4015,,1.0,1.0,GPAO
05/03/2026,03:31:16,47.62038,-52.7359,154.0,1,SKT-4015,,1.0,1.0,GPAO
05/03/2026,03:31:24,47.62038,-52.7359,153.0,1,SKT-4015,,1.0,1.0,GPAO
05/03/2026,03:31:31,47.62038,-52.73589,152.0,1,SKT-4015,,1.0,1.0,GPAO
05/03/2026,03:31:38,47.62038,-52.7359,153.0,1,SKT-4015,,1.0,1.0,GPAO
05/03/2026,03:31:45,47.62039,-52.73589,153.0,1,SKT-4015,,1.0,1.0,GPAO
05/03/2026,03:31:53,47.62039,-52.73589,153.0,1,SKT-4015,,1.0,1.0,GPAO
05/03/2026,03:32:00,47.62039,-52.73588,154.0,1,SKT-4015,,1.0,1.0,GPAO
05/03/2026,03:32:07,47.62038,-52.73588,154.0,1,SKT-4015,,1.0,1.0,GPAO
05/03/2026,03:32:14,47.62038,-52.73588,154.0,1,SKT-4015,,1.0,1.0,GPAO
05/03/2026,03:32:23,47.62038,-52.73589,154.0,1,SKT-4015,,1.0,1.0,GPAO
05/03/2026,03:32:30,47.62038,-52.73589,153.0,1,SKT-4015,,1.0,1.0,GPAO
05/03/2026,03:32:37,47.62037,-52.7359,151.0,1,SKT-4015,,1.0,1.0,GPAO
05/03/2026,03:32:44,47.62037,-52.7359,149.0,1,SKT-4015,,1.0,1.0,GPAO
05/03/2026,03:32:51,47.62037,-52.73591,148.0,1,SKT-4015,,1.0,1.0,GPAO
05/03/2026,03:32:59,47.62037,-52.73591,148.0,1,SKT-4015,,1.0,1.0,GPAO
05/03/2026,03:33:06,47.62037,-52.73591,148.0,1,SKT-4015,,1.0,1.0,GPAO
05/03/2026,03:33:13,47.62037,-52.73591,148.0,1,SKT-4015,,1.0,1.0,GPAO
05/03/2026,03:33:21,47.62037,-52.7359,148.0,1,SKT-4015,,1.0,1.0,GPAO
05/03/2026,03:33:28,47.62038,-52.73589,148.0,1,SKT-4015,,1.0,1.0,GPAO
05/03/2026,03:33:35,47.62038,-52.73588,148.0,1,SKT-4015,,1.0,1.0,GPAO
05/03/2026,03:33:42,47.6204,-52.73589,150.0,1,SKT-4015,,1.0,1.0,GPAO
05/03/2026,03:33:50,47.6204,-52.73589,150.0,1,SKT-4015,,1.0,1.0,GPAO
05/03/2026,03:33:57,47.6204,-52.7359,152.0,1,SKT-4015,,1.0,1.0,GPAO
05/03/2026,03:34:04,47.62043,-52.73591,151.0,1,SKT-4015,,1.0,1.0,GPAO
05/03/2026,03:34:11,47.62048,-52.73591,146.0,1,SKT-4015,,1.0,1.0,GPAO
05/03/2026,03:34:19,47.62046,-52.73592,144.0,1,SKT-4015,,1.0,1.0,GPAO
05/03/2026,03:34:26,47.62046,-52.73592,144.0,1,SKT-4015,,1.0,1.0,GPAO
05/03/2026,03:34:33,47.62045,-52.73592,146.0,1,SKT-4015,,1.0,1.0,GPAO
05/03/2026,03:34:40,47.62044,-52.73592,149.0,1,SKT-4015,,1.0,1.0,GPAO
05/03/2026,03:34:48,47.62045,-52.73591,153.0,1,SKT-4015,,1.0,1.0,GPAO
05/03/2026,03:34:55,47.62045,-52.7359,157.0,1,SKT-4015,,1.0,1.0,GPAO
05/03/2026,03:35:02,47.62045,-52.7359,159.0,1,SKT-4015,,1.0,1.0,GPAO
05/03/2026,03:35:09,47.62045,-52.73589,159.0,1,SKT-4015,,1.0,1.0,GPAO
05/03/2026,03:35:17,47.62045,-52.73585,155.0,1,SKT-4015,,1.0,1.0,GPAO
05/03/2026,03:35:24,47.62046,-52.73583,153.0,1,SKT-4015,,1.0,1.0,GPAO
05/03/2026,03:35:31,47.62047,-52.73582,152.0,1,SKT-4015,,1.0,1.0,GPAO
05/03/2026,03:35:38,47.62047,-52.73582,151.0,1,SKT-4015,,1.0,1.0,GPAO
05/03/2026,03:35:46,47.62047,-52.73581,152.0,1,SKT-4015,,1.0,1.0,GPAO
05/03/2026,03:35:53,47.62046,-52.73581,153.0,1,SKT-4015,,1.0,1.0,GPAO
05/03/2026,03:36:00,47.62045,-52.73581,152.0,1,SKT-4015,,1.0,1.0,GPAO
05/03/2026,03:36:07,47.62043,-52.73581,152.0,1,SKT-4015,,1.0,1.0,GPAO
05/03/2026,03:36:15,47.62042,-52.73582,152.0,1,SKT-4015,,1.0,1.0,GPAO
05/03/2026,03:36:22,47.62042,-52.73583,153.0,1,SKT-4015,,1.0,1.0,GPAO
05/03/2026,03:36:29,47.62041,-52.73584,153.0,1,SKT-4015,,1.0,1.0,GPAO
05/03/2026,03:36:36,47.62041,-52.73586,154.0,1,SKT-4015,,1.0,1.0,GPAO
05/03/2026,03:36:44,47.6204,-52.73587,154.0,1,SKT-4015,,1.0,1.0,GPAO
05/03/2026,03:36:51,47.6204,-52.73588,154.0,1,SKT-4015,,1.0,1.0,GPAO
05/03/2026,03:36:58,47.6204,-52.73589,155.0,1,SKT-4015,,1.0,1.0,GPAO
05/03/2026,03:37:05,47.62039,-52.73589,155.0,1,SKT-4015,,1.0,1.0,GPAO
05/03/2026,03:37:13,47.62038,-52.73589,156.0,1,SKT-4015,,1.0,1.0,GPAO
05/03/2026,03:37:20,47.62038,-52.73589,158.0,1,SKT-4015,,1.0,1.0,GPAO
05/03/2026,03:37:27,47.62037,-52.73589,158.0,1,SKT-4015,,1.0,1.0,GPAO
05/03/2026,03:37:34,47.62038,-52.73589,159.0,1,SKT-4015,,1.0,1.0,GPAO
05/03/2026,03:37:42,47.62038,-52.73589,161.0,1,SKT-4015,,1.0,1.0,GPAO
05/03/2026,03:37:49,47.6204,-52.73589,162.0,1,SKT-4015,,1.0,1.0,GPAO
05/03/2026,03:37:56,47.6204,-52.73589,164.0,1,SKT-4015,,1.0,1.0,GPAO
05/03/2026,03:38:03,47.62041,-52.7359,165.0,1,SKT-4015,,1.0,1.0,GPAO
05/03/2026,03:38:11,47.62043,-52.7359,166.0,1,SKT-4015,,1.0,1.0,GPAO
05/03/2026,03:38:18,47.62043,-52.73591,164.0,1,SKT-4015,,1.0,1.0,GPAO
05/03/2026,03:38:25,47.62043,-52.73591,163.0,1,SKT-4015,,1.0,1.0,GPAO
05/03/2026,03:38:32,47.62043,-52.73591,162.0,1,SKT-4015,,1.0,1.0,GPAO
05/03/2026,03:38:40,47.62044,-52.7359,163.0,1,SKT-4015,,1.0,1.0,GPAO
05/03/2026,03:38:47,47.62044,-52.73589,164.0,1,SKT-4015,,1.0,1.0,GPAO
05/03/2026,03:38:54,47.62044,-52.73588,164.0,1,SKT-4015,,1.0,1.0,GPAO
05/03/2026,03:39:01,47.62044,-52.73588,163.0,1,SKT-4015,,1.0,1.0,GPAO
05/03/2026,03:39:09,47.62043,-52.73588,163.0,1,SKT-4015,,1.0,1.0,GPAO
05/03/2026,03:39:16,47.62043,-52.73589,163.0,1,SKT-4015,,1.0,1.0,GPAO
05/03/2026,03:39:23,47.62043,-52.73589,163.0,1,SKT-4015,,1.0,1.0,GPAO
05/03/2026,03:39:30,47.62043,-52.73589,162.0,1,SKT-4015,,1.0,1.0,GPAO
05/03/2026,03:39:38,47.62042,-52.7359,159.0,1,SKT-4015,,1.0,1.0,GPAO
05/03/2026,03:39:45,47.62042,-52.7359,157.0,1,SKT-4015,,1.0,1.0,GPAO
05/03/2026,03:39:52,47.62041,-52.7359,155.0,1,SKT-4015,,1.0,1.0,GPAO
05/03/2026,03:40:00,47.62041,-52.7359,153.0,1,SKT-4015,,1.0,1.0,GPAO
05/03/2026,03:40:08,47.62041,-52.7359,152.0,1,SKT-4015,,1.0,1.0,GPAO
05/03/2026,03:40:15,47.62041,-52.7359,151.0,1,SKT-4015,,1.0,1.0,GPAO
05/03/2026,03:40:22,47.62042,-52.73591,150.0,1,SKT-4015,,1.0,1.0,GPAO
05/03/2026,03:40:30,47.62043,-52.73592,150.0,1,SKT-4015,,1.0,1.0,GPAO
05/03/2026,03:40:37,47.62043,-52.73592,150.0,1,SKT-4015,,1.0,1.0,GPAO
05/03/2026,03:40:44,47.62044,-52.73593,150.0,1,SKT-4015,,1.0,1.0,GPAO
05/03/2026,03:40:51,47.62043,-52.73593,151.0,1,SKT-4015,,1.0,1.0,GPAO
05/03/2026,03:40:59,47.62043,-52.73593,151.0,1,SKT-4015,,1.0,1.0,GPAO
05/03/2026,03:41:06,47.62043,-52.73593,153.0,1,SKT-4015,,1.0,1.0,GPAO
05/03/2026,03:41:13,47.62043,-52.73592,154.0,1,SKT-4015,,1.0,1.0,GPAO
05/03/2026,03:41:20,47.62043,-52.73592,155.0,1,SKT-4015,,1.0,1.0,GPAO
05/03/2026,03:41:28,47.62043,-52.7359,156.0,1,SKT-4015,,1.0,1.0,GPAO
05/03/2026,03:41:35,47.62043,-52.7359,156.0,1,SKT-4015,,1.0,1.0,GPAO
05/03/2026,03:41:42,47.62042,-52.73589,155.0,1,SKT-4015,,1.0,1.0,GPAO
05/03/2026,03:41:49,47.62041,-52.73588,154.0,1,SKT-4015,,1.0,1.0,GPAO
05/03/2026,03:41:57,47.62041,-52.73588,154.0,1,SKT-4015,,1.0,1.0,GPAO
05/03/2026,03:42:04,47.62041,-52.73588,154.0,1,SKT-4015,,1.0,1.0,GPAO
05/03/2026,03:42:11,47.62041,-52.73588,154.0,1,SKT-4015,,1.0,1.0,GPAO
05/03/2026,03:42:18,47.6204,-52.73587,154.0,1,SKT-4015,,1.0,1.0,GPAO
05/03/2026,03:42:26,47.6204,-52.73587,154.0,1,SKT-4015,,1.0,1.0,GPAO
05/03/2026,03:42:33,47.6204,-52.73587,154.0,1,SKT-4015,,1.0,1.0,GPAO
05/03/2026,03:42:40,47.62039,-52.73587,153.0,1,SKT-4015,,1.0,1.0,GPAO
05/03/2026,03:42:47,47.62038,-52.73587,152.0,1,SKT-4015,,1.0,1.0,GPAO
05/03/2026,03:42:55,47.62038,-52.73587,151.0,1,SKT-4015,,1.0,1.0,GPAO
05/03/2026,03:43:02,47.62037,-52.73587,151.0,1,SKT-4015,,1.0,1.0,GPAO
05/03/2026,03:43:09,47.62037,-52.73587,152.0,1,SKT-4015,,1.0,1.0,GPAO
05/03/2026,03:43:17,47.62037,-52.73587,152.0,1,SKT-4015,,1.0,1.0,GPAO
05/03/2026,03:43:24,47.62037,-52.73587,153.0,1,SKT-4015,,1.0,1.0,GPAO
05/03/2026,03:43:31,47.62037,-52.73588,153.0,1,SKT-4015,,1.0,1.0,GPAO
05/03/2026,03:43:39,47.62037,-52.73588,154.0,1,SKT-4015,,1.0,1.0,GPAO
05/03/2026,03:43:46,47.62037,-52.73589,154.0,1,SKT-4015,,1.0,1.0,GPAO
05/03/2026,03:43:53,47.62037,-52.73589,154.0,1,SKT-4015,,1.0,1.0,GPAO
05/03/2026,03:44:00,47.62037,-52.73589,155.0,1,SKT-4015,,1.0,1.0,GPAO
05/03/2026,03:44:08,47.62036,-52.73588,155.0,1,SKT-4015,,1.0,1.0,GPAO
05/03/2026,03:44:15,47.62036,-52.73588,155.0,1,SKT-4015,,1.0,1.0,GPAO
05/03/2026,03:44:22,47.62035,-52.73587,155.0,1,SKT-4015,,1.0,1.0,GPAO
05/03/2026,03:44:29,47.62035,-52.73587,154.0,1,SKT-4015,,1.0,1.0,GPAO
05/03/2026,03:44:37,47.62034,-52.73587,153.0,1,SKT-4015,,1.0,1.0,GPAO
05/03/2026,03:44:44,47.62034,-52.73586,153.0,1,SKT-4015,,1.0,1.0,GPAO
05/03/2026,03:44:51,47.62034,-52.73586,153.0,1,SKT-4015,,1.0,1.0,GPAO
05/03/2026,03:44:58,47.62034,-52.73586,153.0,1,SKT-4015,,1.0,1.0,GPAO
05/03/2026,03:45:06,47.62035,-52.73587,156.0,1,SKT-4015,,1.0,1.0,GPAO
05/03/2026,03:45:13,47.62037,-52.73587,158.0,1,SKT-4015,,1.0,1.0,GPAO
05/03/2026,03:45:20,47.62038,-52.73587,160.0,1,SKT-4015,,1.0,1.0,GPAO
05/03/2026,03:45:28,47.62038,-52.73587,161.0,1,SKT-4015,,1.0,1.0,GPAO
05/03/2026,03:45:35,47.62038,-52.73588,161.0,1,SKT-4015,,1.0,1.0,GPAO
05/03/2026,03:45:42,47.62039,-52.73589,161.0,1,SKT-4015,,1.0,1.0,GPAO
05/03/2026,03:45:49,47.6204,-52.73589,161.0,1,SKT-4015,,1.0,1.0,GPAO
05/03/2026,03:45:57,47.6204,-52.7359,157.0,1,SKT-4015,,1.0,1.0,GPAO
05/03/2026,03:46:04,47.62039,-52.7359,154.0,1,SKT-4015,,1.0,1.0,GPAO
05/03/2026,03:46:11,47.62039,-52.7359,155.0,1,SKT-4015,,1.0,1.0,GPAO
05/03/2026,03:46:18,47.62038,-52.73591,155.0,1,SKT-4015,,1.0,1.0,GPAO
05/03/2026,03:46:25,47.62038,-52.73591,155.0,1,SKT-4015,,1.0,1.0,GPAO
05/03/2026,03:46:33,47.62036,-52.73591,155.0,1,SKT-4015,,1.0,1.0,GPAO
05/03/2026,03:46:40,47.62034,-52.73592,153.0,1,SKT-4015,,1.0,1.0,GPAO
05/03/2026,03:46:47,47.62031,-52.73593,151.0,1,SKT-4015,,1.0,1.0,GPAO
05/03/2026,03:46:54,47.62031,-52.73593,151.0,1,SKT-4015,,1.0,1.0,GPAO
05/03/2026,03:47:02,47.62032,-52.73592,152.0,1,SKT-4015,,1.0,1.0,GPAO
05/03/2026,03:47:09,47.62033,-52.73591,153.0,1,SKT-4015,,1.0,1.0,GPAO
05/03/2026,03:47:16,47.62035,-52.7359,155.0,1,SKT-4015,,1.0,1.0,GPAO
05/03/2026,03:47:23,47.62036,-52.7359,155.0,1,SKT-4015,,1.0,1.0,GPAO
05/03/2026,03:47:31,47.62038,-52.73592,156.0,1,SKT-4015,,1.0,1.0,GPAO
05/03/2026,03:47:38,47.62037,-52.73594,154.0,1,SKT-4015,,1.0,1.0,GPAO
05/03/2026,03:47:45,47.62037,-52.73594,154.0,1,SKT-4015,,1.0,1.0,GPAO
05/03/2026,03:47:52,47.62038,-52.73594,156.0,1,SKT-4015,,1.0,1.0,GPAO
05/03/2026,03:48:00,47.6204,-52.73594,156.0,1,SKT-4015,,1.0,1.0,GPAO
05/03/2026,03:48:07,47.62041,-52.73594,155.0,1,SKT-4015,,1.0,1.0,GPAO
05/03/2026,03:48:14,47.62042,-52.73595,154.0,1,SKT-4015,,1.0,1.0,GPAO
05/03/2026,03:48:21,47.62043,-52.73596,154.0,1,SKT-4015,,1.0,1.0,GPAO
05/03/2026,03:48:29,47.62043,-52.73597,154.0,1,SKT-4015,,1.0,1.0,GPAO
05/03/2026,03:48:36,47.62043,-52.73598,152.0,1,SKT-4015,,1.0,1.0,GPAO
05/03/2026,03:48:43,47.62042,-52.73598,150.0,1,SKT-4015,,1.0,1.0,GPAO
05/03/2026,03:48:50,47.62041,-52.73598,149.0,1,SKT-4015,,1.0,1.0,GPAO
05/03/2026,03:48:58,47.6204,-52.73597,148.0,1,SKT-4015,,1.0,1.0,GPAO
05/03/2026,03:49:05,47.6204,-52.73597,148.0,1,SKT-4015,,1.0,1.0,GPAO
05/03/2026,03:49:12,47.62039,-52.73596,147.0,1,SKT-4015,,1.0,1.0,GPAO
05/03/2026,03:49:20,47.62038,-52.73595,146.0,1,SKT-4015,,1.0,1.0,GPAO
05/03/2026,03:49:27,47.62038,-52.73594,147.0,1,SKT-4015,,1.0,1.0,GPAO
05/03/2026,03:49:34,47.62038,-52.73593,148.0,1,SKT-4015,,1.0,1.0,GPAO
05/03/2026,03:49:41,47.62038,-52.73592,149.0,1,SKT-4015,,1.0,1.0,GPAO
05/03/2026,03:49:49,47.62038,-52.7359,151.0,1,SKT-4015,,1.0,1.0,GPAO
05/03/2026,03:49:56,47.62037,-52.73588,151.0,1,SKT-4015,,1.0,1.0,GPAO
05/03/2026,03:50:03,47.62037,-52.73588,152.0,1,SKT-4015,,1.0,1.0,GPAO
05/03/2026,03:50:10,47.62037,-52.73588,152.0,1,SKT-4015,,1.0,1.0,GPAO
05/03/2026,03:50:18,47.62036,-52.73588,153.0,1,SKT-4015,,1.0,1.0,GPAO
05/03/2026,03:50:25,47.62035,-52.73588,155.0,1,SKT-4015,,1.0,1.0,GPAO
05/03/2026,03:50:32,47.62035,-52.73587,157.0,1,SKT-4015,,1.0,1.0,GPAO
05/03/2026,03:50:39,47.62035,-52.73586,159.0,1,SKT-4015,,1.0,1.0,GPAO
05/03/2026,03:50:47,47.62033,-52.73584,160.0,1,SKT-4015,,1.0,1.0,GPAO
05/03/2026,03:50:54,47.62033,-52.73583,162.0,1,SKT-4015,,1.0,1.0,GPAO
05/03/2026,03:51:01,47.62033,-52.73582,164.0,1,SKT-4015,,1.0,1.0,GPAO
05/03/2026,03:51:08,47.62034,-52.73581,166.0,1,SKT-4015,,1.0,1.0,GPAO
05/03/2026,03:51:16,47.62036,-52.73579,170.0,1,SKT-4015,,1.0,1.0,GPAO
05/03/2026,03:51:23,47.62036,-52.73578,171.0,1,SKT-4015,,1.0,1.0,GPAO
05/03/2026,03:51:30,47.62037,-52.73578,172.0,1,SKT-4015,,1.0,1.0,GPAO
05/03/2026,03:51:37,47.62037,-52.73578,173.0,1,SKT-4015,,1.0,1.0,GPAO
05/03/2026,03:51:45,47.62038,-52.73579,174.0,1,SKT-4015,,1.0,1.0,GPAO
05/03/2026,03:51:53,47.62039,-52.7358,174.0,1,SKT-4015,,1.0,1.0,GPAO
05/03/2026,03:52:00,47.6204,-52.7358,174.0,1,SKT-4015,,1.0,1.0,GPAO
05/03/2026,03:52:07,47.6204,-52.73581,173.0,1,SKT-4015,,1.0,1.0,GPAO
05/03/2026,03:52:14,47.6204,-52.73581,172.0,1,SKT-4015,,1.0,1.0,GPAO
05/03/2026,03:52:22,47.62041,-52.73583,169.0,1,SKT-4015,,1.0,1.0,GPAO
05/03/2026,03:52:30,47.62041,-52.73584,168.0,1,SKT-4015,,1.0,1.0,GPAO
05/03/2026,03:52:37,47.62041,-52.73584,169.0,1,SKT-4015,,1.0,1.0,GPAO
05/03/2026,03:52:44,47.62042,-52.73583,170.0,1,SKT-4015,,1.0,1.0,GPAO
05/03/2026,03:52:51,47.62042,-52.73583,171.0,1,SKT-4015,,1.0,1.0,GPAO
05/03/2026,03:52:59,47.62043,-52.73583,173.0,1,SKT-4015,,1.0,1.0,GPAO
05/03/2026,03:53:06,47.62043,-52.73583,174.0,1,SKT-4015,,1.0,1.0,GPAO
05/03/2026,03:53:13,47.62042,-52.73584,172.0,1,SKT-4015,,1.0,1.0,GPAO
05/03/2026,03:53:20,47.62041,-52.73585,169.0,1,SKT-4015,,1.0,1.0,GPAO
05/03/2026,03:53:28,47.6204,-52.73586,168.0,1,SKT-4015,,1.0,1.0,GPAO
05/03/2026,03:53:35,47.6204,-52.73586,168.0,1,SKT-4015,,1.0,1.0,GPAO
05/03/2026,03:53:42,47.62039,-52.73586,168.0,1,SKT-4015,,1.0,1.0,GPAO
05/03/2026,03:53:50,47.62039,-52.73586,168.0,1,SKT-4015,,1.0,1.0,GPAO
05/03/2026,03:53:58,47.62039,-52.73586,169.0,1,SKT-4015,,1.0,1.0,GPAO
05/03/2026,03:54:05,47.62038,-52.73586,169.0,1,SKT-4015,,1.0,1.0,GPAO
05/03/2026,03:54:12,47.62037,-52.73586,169.0,1,SKT-4015,,1.0,1.0,GPAO
05/03/2026,03:54:19,47.62035,-52.73586,168.0,1,SKT-4015,,1.0,1.0,GPAO
05/03/2026,03:54:27,47.62034,-52.73585,168.0,1,SKT-4015,,1.0,1.0,GPAO
05/03/2026,03:54:34,47.62033,-52.73584,168.0,1,SKT-4015,,1.0,1.0,GPAO
05/03/2026,03:54:41,47.62033,-52.73585,167.0,1,SKT-4015,,1.0,1.0,GPAO
05/03/2026,03:54:49,47.62033,-52.73585,167.0,1,SKT-4015,,1.0,1.0,GPAO
05/03/2026,03:54:56,47.62032,-52.73585,167.0,1,SKT-4015,,1.0,1.0,GPAO
05/03/2026,03:55:03,47.62032,-52.73584,167.0,1,SKT-4015,,1.0,1.0,GPAO
05/03/2026,03:55:10,47.62032,-52.73583,168.0,1,SKT-4015,,1.0,1.0,GPAO
05/03/2026,03:55:18,47.62032,-52.73582,167.0,1,SKT-4015,,1.0,1.0,GPAO
05/03/2026,03:55:25,47.62032,-52.73582,167.0,1,SKT-4015,,1.0,1.0,GPAO
05/03/2026,03:55:32,47.62031,-52.73583,167.0,1,SKT-4015,,1.0,1.0,GPAO
05/03/2026,03:55:39,47.62031,-52.73584,167.0,1,SKT-4015,,1.0,1.0,GPAO
05/03/2026,03:55:47,47.62032,-52.73582,167.0,1,SKT-4015,,1.0,1.0,GPAO
05/03/2026,03:55:54,47.62034,-52.73581,166.0,1,SKT-4015,,1.0,1.0,GPAO
05/03/2026,03:56:02,47.62035,-52.7358,166.0,1,SKT-4015,,1.0,1.0,GPAO
05/03/2026,03:56:09,47.62035,-52.73579,166.0,1,SKT-4015,,1.0,1.0,GPAO
05/03/2026,03:56:16,47.62035,-52.73579,167.0,1,SKT-4015,,1.0,1.0,GPAO
05/03/2026,03:56:24,47.62035,-52.73579,166.0,1,SKT-4015,,1.0,1.0,GPAO
05/03/2026,03:56:31,47.62035,-52.73579,166.0,1,SKT-4015,,1.0,1.0,GPAO
05/03/2026,03:56:38,47.62034,-52.73579,165.0,1,SKT-4015,,1.0,1.0,GPAO
05/03/2026,03:56:45,47.62035,-52.73579,163.0,1,SKT-4015,,1.0,1.0,GPAO
05/03/2026,03:56:53,47.62036,-52.73579,162.0,1,SKT-4015,,1.0,1.0,GPAO
05/03/2026,03:57:00,47.62037,-52.73579,162.0,1,SKT-4015,,1.0,1.0,GPAO
05/03/2026,03:57:07,47.62038,-52.73579,162.0,1,SKT-4015,,1.0,1.0,GPAO
05/03/2026,03:57:14,47.62038,-52.7358,162.0,1,SKT-4015,,1.0,1.0,GPAO
05/03/2026,03:57:21,47.62038,-52.73581,161.0,1,SKT-4015,,1.0,1.0,GPAO
05/03/2026,03:57:29,47.62038,-52.73582,161.0,1,SKT-4015,,1.0,1.0,GPAO
05/03/2026,03:57:36,47.62038,-52.73582,160.0,1,SKT-4015,,1.0,1.0,GPAO
05/03/2026,03:57:43,47.62038,-52.73583,160.0,1,SKT-4015,,1.0,1.0,GPAO
05/03/2026,03:57:50,47.62038,-52.73583,160.0,1,SKT-4015,,1.0,1.0,GPAO
05/03/2026,03:57:58,47.62039,-52.73583,160.0,1,SKT-4015,,1.0,1.0,GPAO
05/03/2026,03:58:05,47.62039,-52.73583,161.0,1,SKT-4015,,1.0,1.0,GPAO
05/03/2026,03:58:12,47.62039,-52.73583,161.0,1,SKT-4015,,1.0,1.0,GPAO
05/03/2026,03:58:19,47.62039,-52.73582,162.0,1,SKT-4015,,1.0,1.0,GPAO
05/03/2026,03:58:27,47.62039,-52.73581,163.0,1,SKT-4015,,1.0,1.0,GPAO
05/03/2026,03:58:34,47.62038,-52.73581,164.0,1,SKT-4015,,1.0,1.0,GPAO
05/03/2026,03:58:41,47.62038,-52.73581,164.0,1,SKT-4015,,1.0,1.0,GPAO
05/03/2026,03:58:48,47.62037,-52.73581,165.0,1,SKT-4015,,1.0,1.0,GPAO
05/03/2026,03:58:56,47.62037,-52.73581,167.0,1,SKT-4015,,1.0,1.0,GPAO
05/03/2026,03:59:03,47.62036,-52.73582,169.0,1,SKT-4015,,1.0,1.0,GPAO
05/03/2026,03:59:10,47.62035,-52.73584,170.0,1,SKT-4015,,1.0,1.0,GPAO
05/03/2026,03:59:17,47.62035,-52.73584,170.0,1,SKT-4015,,1.0,1.0,GPAO
05/03/2026,03:59:25,47.62035,-52.73584,170.0,1,SKT-4015,,1.0,1.0,GPAO
05/03/2026,03:59:32,47.62035,-52.73584,169.0,1,SKT-4015,,1.0,1.0,GPAO
05/03/2026,03:59:39,47.62035,-52.73583,168.0,1,SKT-4015,,1.0,1.0,GPAO
05/03/2026,03:59:46,47.62035,-52.73583,168.0,1,SKT-4015,,1.0,1.0,GPAO
05/03/2026,03:59:54,47.62034,-52.73583,169.0,1,SKT-4015,,1.0,1.0,GPAO
05/03/2026,04:00:01,47.62033,-52.73583,170.0,1,SKT-4015,,1.0,1.0,GPAO
05/03/2026,04:00:08,47.62033,-52.73583,171.0,1,SKT-4015,,1.0,1.0,GPAO
05/03/2026,04:00:15,47.62033,-52.73583,171.0,1,SKT-4015,,1.0,1.0,GPAO
05/03/2026,04:00:23,47.62034,-52.73583,171.0,1,SKT-4015,,1.0,1.0,GPAO
05/03/2026,04:00:37,47.62035,-52.73585,169.0,1,SKT-4015,,1.0,1.0,GPAO
05/03/2026,04:00:44,47.62035,-52.73585,167.0,1,SKT-4015,,1.0,1.0,GPAO
05/03/2026,04:00:52,47.62035,-52.73586,165.0,1,SKT-4015,,1.0,1.0,GPAO
05/03/2026,04:00:59,47.62035,-52.73586,165.0,1,SKT-4015,,1.0,1.0,GPAO
05/03/2026,04:01:07,47.62035,-52.73585,165.0,1,SKT-4015,,1.0,1.0,GPAO
05/03/2026,04:01:14,47.62035,-52.73585,166.0,1,SKT-4015,,1.0,1.0,GPAO
05/03/2026,04:01:21,47.62035,-52.73584,166.0,1,SKT-4015,,1.0,1.0,GPAO
05/03/2026,04:01:29,47.62035,-52.73584,166.0,1,SKT-4015,,1.0,1.0,GPAO
05/03/2026,04:01:36,47.62036,-52.73584,166.0,1,SKT-4015,,1.0,1.0,GPAO
05/03/2026,04:01:43,47.62037,-52.73583,166.0,1,SKT-4015,,1.0,1.0,GPAO
05/03/2026,04:01:50,47.62037,-52.73582,167.0,1,SKT-4015,,1.0,1.0,GPAO
05/03/2026,04:01:58,47.62038,-52.73581,167.0,1,SKT-4015,,1.0,1.0,GPAO
05/03/2026,04:02:05,47.62038,-52.7358,167.0,1,SKT-4015,,1.0,1.0,GPAO
05/03/2026,04:02:12,47.62038,-52.73579,167.0,1,SKT-4015,,1.0,1.0,GPAO
05/03/2026,04:02:19,47.62038,-52.73579,167.0,1,SKT-4015,,1.0,1.0,GPAO
05/03/2026,04:02:26,47.62039,-52.73578,168.0,1,SKT-4015,,1.0,1.0,GPAO
05/03/2026,04:02:34,47.6204,-52.73576,168.0,1,SKT-4015,,1.0,1.0,GPAO
05/03/2026,04:02:41,47.62041,-52.73575,169.0,1,SKT-4015,,1.0,1.0,GPAO
05/03/2026,04:02:48,47.62041,-52.73574,169.0,1,SKT-4015,,1.0,1.0,GPAO
05/03/2026,04:02:55,47.62041,-52.73574,169.0,1,SKT-4015,,1.0,1.0,GPAO
05/03/2026,04:03:03,47.62041,-52.73574,169.0,1,SKT-4015,,1.0,1.0,GPAO
05/03/2026,04:03:10,47.62041,-52.73574,169.0,1,SKT-4015,,1.0,1.0,GPAO
05/03/2026,04:03:17,47.62041,-52.73575,170.0,1,SKT-4015,,1.0,1.0,GPAO
05/03/2026,04:03:24,47.6204,-52.73575,170.0,1,SKT-4015,,1.0,1.0,GPAO
05/03/2026,04:03:32,47.6204,-52.73575,171.0,1,SKT-4015,,1.0,1.0,GPAO
05/03/2026,04:03:39,47.62039,-52.73575,171.0,1,SKT-4015,,1.0,1.0,GPAO
05/03/2026,04:03:46,47.62038,-52.73576,171.0,1,SKT-4015,,1.0,1.0,GPAO
05/03/2026,04:03:53,47.62037,-52.73576,171.0,1,SKT-4015,,1.0,1.0,GPAO
05/03/2026,04:04:01,47.62036,-52.73577,170.0,1,SKT-4015,,1.0,1.0,GPAO
05/03/2026,04:04:08,47.62035,-52.73577,168.0,1,SKT-4015,,1.0,1.0,GPAO
05/03/2026,04:04:15,47.62034,-52.73578,166.0,1,SKT-4015,,1.0,1.0,GPAO
05/03/2026,04:04:22,47.62034,-52.73579,165.0,1,SKT-4015,,1.0,1.0,GPAO
05/03/2026,04:04:30,47.62033,-52.73579,165.0,1,SKT-4015,,1.0,1.0,GPAO
05/03/2026,04:04:37,47.62033,-52.7358,164.0,1,SKT-4015,,1.0,1.0,GPAO
05/03/2026,04:04:44,47.62033,-52.73581,164.0,1,SKT-4015,,1.0,1.0,GPAO
05/03/2026,04:04:51,47.62033,-52.7358,165.0,1,SKT-4015,,1.0,1.0,GPAO
05/03/2026,04:04:59,47.62032,-52.7358,166.0,1,SKT-4015,,1.0,1.0,GPAO
05/03/2026,04:05:06,47.62031,-52.73579,167.0,1,SKT-4015,,1.0,1.0,GPAO
05/03/2026,04:05:13,47.62031,-52.7358,166.0,1,SKT-4015,,1.0,1.0,GPAO
05/03/2026,04:05:20,47.6203,-52.73581,165.0,1,SKT-4015,,1.0,1.0,GPAO
05/03/2026,04:05:28,47.62029,-52.73583,162.0,1,SKT-4015,,1.0,1.0,GPAO
05/03/2026,04:05:35,47.62029,-52.73583,161.0,1,SKT-4015,,1.0,1.0,GPAO
05/03/2026,04:05:42,47.62029,-52.73584,161.0,1,SKT-4015,,1.0,1.0,GPAO
05/03/2026,04:05:49,47.62029,-52.73585,160.0,1,SKT-4015,,1.0,1.0,GPAO
05/03/2026,04:05:57,47.62029,-52.73586,160.0,1,SKT-4015,,1.0,1.0,GPAO
05/03/2026,04:06:04,47.6203,-52.73587,159.0,1,SKT-4015,,1.0,1.0,GPAO
05/03/2026,04:06:11,47.6203,-52.73589,158.0,1,SKT-4015,,1.0,1.0,GPAO
05/03/2026,04:06:18,47.6203,-52.7359,157.0,1,SKT-4015,,1.0,1.0,GPAO
05/03/2026,04:06:26,47.62029,-52.7359,156.0,1,SKT-4015,,1.0,1.0,GPAO
05/03/2026,04:06:33,47.6203,-52.73589,156.0,1,SKT-4015,,1.0,1.0,GPAO
05/03/2026,04:06:40,47.6203,-52.73587,157.0,1,SKT-4015,,1.0,1.0,GPAO
05/03/2026,04:06:47,47.6203,-52.73587,157.0,1,SKT-4015,,1.0,1.0,GPAO
05/03/2026,04:06:55,47.6203,-52.73587,158.0,1,SKT-4015,,1.0,1.0,GPAO
05/03/2026,04:07:02,47.6203,-52.73586,159.0,1,SKT-4015,,1.0,1.0,GPAO
05/03/2026,04:07:09,47.6203,-52.73586,160.0,1,SKT-4015,,1.0,1.0,GPAO
05/03/2026,04:07:16,47.6203,-52.73585,161.0,1,SKT-4015,,1.0,1.0,GPAO
05/03/2026,04:07:24,47.6203,-52.73584,162.0,1,SKT-4015,,1.0,1.0,GPAO
05/03/2026,04:07:31,47.6203,-52.73584,163.0,1,SKT-4015,,1.0,1.0,GPAO
05/03/2026,04:07:39,47.6203,-52.73582,164.0,1,SKT-4015,,1.0,1.0,GPAO
05/03/2026,04:07:46,47.6203,-52.73581,166.0,1,SKT-4015,,1.0,1.0,GPAO
05/03/2026,04:07:53,47.6203,-52.7358,166.0,1,SKT-4015,,1.0,1.0,GPAO
05/03/2026,04:08:00,47.62031,-52.7358,166.0,1,SKT-4015,,1.0,1.0,GPAO
05/03/2026,04:08:08,47.62032,-52.73579,167.0,1,SKT-4015,,1.0,1.0,GPAO
05/03/2026,04:08:15,47.62033,-52.73578,168.0,1,SKT-4015,,1.0,1.0,GPAO
05/03/2026,04:08:22,47.62033,-52.73577,168.0,1,SKT-4015,,1.0,1.0,GPAO
05/03/2026,04:08:29,47.62034,-52.73576,169.0,1,SKT-4015,,1.0,1.0,GPAO
05/03/2026,04:08:37,47.62034,-52.73576,170.0,1,SKT-4015,,1.0,1.0,GPAO
05/03/2026,04:08:44,47.62034,-52.73576,170.0,1,SKT-4015,,1.0,1.0,GPAO
05/03/2026,04:08:51,47.62035,-52.73576,170.0,1,SKT-4015,,1.0,1.0,GPAO
05/03/2026,04:08:58,47.62035,-52.73577,169.0,1,SKT-4015,,1.0,1.0,GPAO
05/03/2026,04:09:05,47.62035,-52.73577,168.0,1,SKT-4015,,1.0,1.0,GPAO
05/03/2026,04:09:13,47.62035,-52.73577,168.0,1,SKT-4015,,1.0,1.0,GPAO
05/03/2026,04:09:20,47.62035,-52.73578,167.0,1,SKT-4015,,1.0,1.0,GPAO
05/03/2026,04:09:27,47.62035,-52.73578,168.0,1,SKT-4015,,1.0,1.0,GPAO
05/03/2026,04:09:34,47.62035,-52.73578,168.0,1,SKT-4015,,1.0,1.0,GPAO
05/03/2026,04:09:42,47.62034,-52.73579,169.0,1,SKT-4015,,1.0,1.0,GPAO
05/03/2026,04:09:49,47.62033,-52.73578,170.0,1,SKT-4015,,1.0,1.0,GPAO
05/03/2026,04:09:56,47.62033,-52.73578,170.0,1,SKT-4015,,1.0,1.0,GPAO
05/03/2026,04:10:03,47.62032,-52.73577,170.0,1,SKT-4015,,1.0,1.0,GPAO
05/03/2026,04:10:11,47.62031,-52.73577,169.0,1,SKT-4015,,1.0,1.0,GPAO
05/03/2026,04:10:18,47.62031,-52.73578,167.0,1,SKT-4015,,1.0,1.0,GPAO
05/03/2026,04:10:25,47.62031,-52.73578,166.0,1,SKT-4015,,1.0,1.0,GPAO
05/03/2026,04:10:32,47.62031,-52.73579,165.0,1,SKT-4015,,1.0,1.0,GPAO
05/03/2026,04:10:40,47.62032,-52.7358,165.0,1,SKT-4015,,1.0,1.0,GPAO
05/03/2026,04:10:47,47.62032,-52.7358,164.0,1,SKT-4015,,1.0,1.0,GPAO
05/03/2026,04:10:54,47.62032,-52.73581,164.0,1,SKT-4015,,1.0,1.0,GPAO
05/03/2026,04:11:01,47.62032,-52.73581,164.0,1,SKT-4015,,1.0,1.0,GPAO
05/03/2026,04:11:09,47.62032,-52.73581,164.0,1,SKT-4015,,1.0,1.0,GPAO
05/03/2026,04:11:16,47.62032,-52.73581,165.0,1,SKT-4015,,1.0,1.0,GPAO
05/03/2026,04:11:23,47.62031,-52.73581,165.0,1,SKT-4015,,1.0,1.0,GPAO
05/03/2026,04:11:30,47.6203,-52.73581,164.0,1,SKT-4015,,1.0,1.0,GPAO
05/03/2026,04:11:38,47.6203,-52.73582,163.0,1,SKT-4015,,1.0,1.0,GPAO
05/03/2026,04:11:45,47.62029,-52.73584,162.0,1,SKT-4015,,1.0,1.0,GPAO
05/03/2026,04:11:52,47.62029,-52.73585,162.0,1,SKT-4015,,1.0,1.0,GPAO
05/03/2026,04:11:59,47.62029,-52.73586,162.0,1,SKT-4015,,1.0,1.0,GPAO
05/03/2026,04:12:07,47.6203,-52.73588,161.0,1,SKT-4015,,1.0,1.0,GPAO
05/03/2026,04:12:14,47.62031,-52.73588,161.0,1,SKT-4015,,1.0,1.0,GPAO
05/03/2026,04:12:21,47.62032,-52.73589,161.0,1,SKT-4015,,1.0,1.0,GPAO
05/03/2026,04:12:28,47.62032,-52.73589,161.0,1,SKT-4015,,1.0,1.0,GPAO
05/03/2026,04:12:36,47.62032,-52.73588,161.0,1,SKT-4015,,1.0,1.0,GPAO
05/03/2026,04:12:43,47.62033,-52.73589,160.0,1,SKT-4015,,1.0,1.0,GPAO
05/03/2026,04:12:50,47.62033,-52.73589,160.0,1,SKT-4015,,1.0,1.0,GPAO
05/03/2026,04:12:57,47.62033,-52.73589,160.0,1,SKT-4015,,1.0,1.0,GPAO
05/03/2026,04:13:05,47.62033,-52.73588,160.0,1,SKT-4015,,1.0,1.0,GPAO
05/03/2026,04:13:12,47.62032,-52.73588,161.0,1,SKT-4015,,1.0,1.0,GPAO
05/03/2026,04:13:19,47.62032,-52.73587,162.0,1,SKT-4015,,1.0,1.0,GPAO
05/03/2026,04:13:26,47.62032,-52.73586,163.0,1,SKT-4015,,1.0,1.0,GPAO
05/03/2026,04:13:34,47.62032,-52.73587,164.0,1,SKT-4015,,1.0,1.0,GPAO
05/03/2026,04:13:41,47.62032,-52.73588,164.0,1,SKT-4015,,1.0,1.0,GPAO
05/03/2026,04:13:48,47.62032,-52.73589,164.0,1,SKT-4015,,1.0,1.0,GPAO
05/03/2026,04:13:55,47.62032,-52.7359,163.0,1,SKT-4015,,1.0,1.0,GPAO
05/03/2026,04:14:03,47.62032,-52.7359,163.0,1,SKT-4015,,1.0,1.0,GPAO
05/03/2026,04:14:10,47.62032,-52.7359,162.0,1,SKT-4015,,1.0,1.0,GPAO
05/03/2026,04:14:17,47.62032,-52.7359,162.0,1,SKT-4015,,1.0,1.0,GPAO
05/03/2026,04:14:26,47.62032,-52.73589,163.0,1,SKT-4015,,1.0,1.0,GPAO
05/03/2026,04:14:33,47.62032,-52.73589,163.0,1,SKT-4015,,1.0,1.0,GPAO
05/03/2026,04:14:40,47.62031,-52.73589,164.0,1,SKT-4015,,1.0,1.0,GPAO
05/03/2026,04:14:47,47.62032,-52.73589,164.0,1,SKT-4015,,1.0,1.0,GPAO
05/03/2026,04:14:55,47.62032,-52.73589,165.0,1,SKT-4015,,1.0,1.0,GPAO
05/03/2026,04:15:02,47.62032,-52.73589,165.0,1,SKT-4015,,1.0,1.0,GPAO
05/03/2026,04:15:09,47.62032,-52.73589,166.0,1,SKT-4015,,1.0,1.0,GPAO
05/03/2026,04:15:16,47.62032,-52.73589,166.0,1,SKT-4015,,1.0,1.0,GPAO
05/03/2026,04:15:24,47.62033,-52.73588,165.0,1,SKT-4015,,1.0,1.0,GPAO
05/03/2026,04:15:31,47.62033,-52.73587,165.0,1,SKT-4015,,1.0,1.0,GPAO
05/03/2026,04:15:38,47.62034,-52.73587,164.0,1,SKT-4015,,1.0,1.0,GPAO
05/03/2026,04:15:45,47.62035,-52.73587,163.0,1,SKT-4015,,1.0,1.0,GPAO
05/03/2026,04:15:53,47.62035,-52.73587,163.0,1,SKT-4015,,1.0,1.0,GPAO
05/03/2026,04:16:00,47.62036,-52.73588,162.0,1,SKT-4015,,1.0,1.0,GPAO
05/03/2026,04:16:07,47.62037,-52.73589,161.0,1,SKT-4015,,1.0,1.0,GPAO
05/03/2026,04:16:14,47.62036,-52.73589,161.0,1,SKT-4015,,1.0,1.0,GPAO
05/03/2026,04:16:22,47.62035,-52.73588,160.0,1,SKT-4015,,1.0,1.0,GPAO
05/03/2026,04:16:29,47.62035,-52.73588,157.0,1,SKT-4015,,1.0,1.0,GPAO
05/03/2026,04:16:36,47.62035,-52.73588,157.0,1,SKT-4015,,1.0,1.0,GPAO
05/03/2026,04:16:43,47.62035,-52.73587,155.0,1,SKT-4015,,1.0,1.0,GPAO
05/03/2026,04:16:51,47.62035,-52.73587,151.0,1,SKT-4015,,1.0,1.0,GPAO
05/03/2026,04:16:58,47.62035,-52.73587,148.0,1,SKT-4015,,1.0,1.0,GPAO
05/03/2026,04:17:05,47.62035,-52.73588,148.0,1,SKT-4015,,1.0,1.0,GPAO
05/03/2026,04:17:13,47.62035,-52.73589,147.0,1,SKT-4015,,1.0,1.0,GPAO
05/03/2026,04:17:21,47.62035,-52.73589,146.0,1,SKT-4015,,1.0,1.0,GPAO
05/03/2026,04:17:28,47.62037,-52.73591,146.0,1,SKT-4015,,1.0,1.0,GPAO
05/03/2026,04:17:36,47.62041,-52.73595,146.0,1,SKT-4015,,1.0,1.0,GPAO
05/03/2026,04:17:43,47.62043,-52.73597,147.0,1,SKT-4015,,1.0,1.0,GPAO
05/03/2026,04:17:50,47.62045,-52.73599,147.0,1,SKT-4015,,1.0,1.0,GPAO
05/03/2026,04:17:57,47.62045,-52.73599,146.0,1,SKT-4015,,1.0,1.0,GPAO
05/03/2026,04:18:05,47.62045,-52.736,146.0,1,SKT-4015,,1.0,1.0,GPAO
05/03/2026,04:18:12,47.62045,-52.73599,147.0,1,SKT-4015,,1.0,1.0,GPAO
05/03/2026,04:18:19,47.62045,-52.73599,148.0,1,SKT-4015,,1.0,1.0,GPAO
05/03/2026,04:18:26,47.62045,-52.73598,149.0,1,SKT-4015,,1.0,1.0,GPAO
05/03/2026,04:18:34,47.62043,-52.73598,150.0,1,SKT-4015,,1.0,1.0,GPAO
05/03/2026,04:18:41,47.62043,-52.73597,150.0,1,SKT-4015,,1.0,1.0,GPAO
05/03/2026,04:18:48,47.62042,-52.73595,151.0,1,SKT-4015,,1.0,1.0,GPAO
05/03/2026,04:18:55,47.62041,-52.73594,151.0,1,SKT-4015,,1.0,1.0,GPAO
05/03/2026,04:19:03,47.62041,-52.73593,150.0,1,SKT-4015,,1.0,1.0,GPAO
05/03/2026,04:19:10,47.62041,-52.73592,149.0,1,SKT-4015,,1.0,1.0,GPAO
05/03/2026,04:19:17,47.6204,-52.73592,149.0,1,SKT-4015,,1.0,1.0,GPAO
05/03/2026,04:19:24,47.6204,-52.73591,149.0,1,SKT-4015,,1.0,1.0,GPAO
05/03/2026,04:19:32,47.62039,-52.73591,149.0,1,SKT-4015,,1.0,1.0,GPAO
05/03/2026,04:19:39,47.62039,-52.73591,150.0,1,SKT-4015,,1.0,1.0,GPAO
05/03/2026,04:19:46,47.62039,-52.7359,150.0,1,SKT-4015,,1.0,1.0,GPAO
05/03/2026,04:19:53,47.6204,-52.73589,151.0,1,SKT-4015,,1.0,1.0,GPAO
05/03/2026,04:20:01,47.62039,-52.73589,152.0,1,SKT-4015,,1.0,1.0,GPAO
05/03/2026,04:20:08,47.62038,-52.73589,154.0,1,SKT-4015,,1.0,1.0,GPAO
05/03/2026,04:20:15,47.62037,-52.73589,156.0,1,SKT-4015,,1.0,1.0,GPAO
05/03/2026,04:20:22,47.62037,-52.7359,156.0,1,SKT-4015,,1.0,1.0,GPAO
05/03/2026,04:20:30,47.62036,-52.7359,156.0,1,SKT-4015,,1.0,1.0,GPAO
05/03/2026,04:20:37,47.62037,-52.7359,155.0,1,SKT-4015,,1.0,1.0,GPAO
05/03/2026,04:20:44,47.62037,-52.73591,153.0,1,SKT-4015,,1.0,1.0,GPAO
05/03/2026,04:20:51,47.62037,-52.73592,152.0,1,SKT-4015,,1.0,1.0,GPAO
05/03/2026,04:20:59,47.62038,-52.73592,151.0,1,SKT-4015,,1.0,1.0,GPAO
05/03/2026,04:21:06,47.62038,-52.73592,151.0,1,SKT-4015,,1.0,1.0,GPAO
05/03/2026,04:21:13,47.62038,-52.73591,151.0,1,SKT-4015,,1.0,1.0,GPAO
05/03/2026,04:21:20,47.62039,-52.7359,151.0,1,SKT-4015,,1.0,1.0,GPAO
05/03/2026,04:21:28,47.62038,-52.7359,151.0,1,SKT-4015,,1.0,1.0,GPAO
05/03/2026,04:21:37,47.62038,-52.73589,152.0,1,SKT-4015,,1.0,1.0,GPAO
05/03/2026,04:21:44,47.62038,-52.73589,153.0,1,SKT-4015,,1.0,1.0,GPAO
05/03/2026,04:21:51,47.62038,-52.73588,154.0,1,SKT-4015,,1.0,1.0,GPAO
05/03/2026,04:21:59,47.62038,-52.73589,153.0,1,SKT-4015,,1.0,1.0,GPAO
05/03/2026,04:22:06,47.62038,-52.73589,152.0,1,SKT-4015,,1.0,1.0,GPAO
05/03/2026,04:22:13,47.62037,-52.73589,151.0,1,SKT-4015,,1.0,1.0,GPAO
05/03/2026,04:22:20,47.62037,-52.73589,151.0,1,SKT-4015,,1.0,1.0,GPAO
05/03/2026,04:22:28,47.62034,-52.73592,152.0,1,SKT-4015,,1.0,1.0,GPAO
05/03/2026,04:22:35,47.62032,-52.73593,153.0,1,SKT-4015,,1.0,1.0,GPAO
05/03/2026,04:22:42,47.6203,-52.73596,153.0,1,SKT-4015,,1.0,1.0,GPAO
05/03/2026,04:22:49,47.6203,-52.73597,153.0,1,SKT-4015,,1.0,1.0,GPAO
05/03/2026,04:22:57,47.6203,-52.73598,153.0,1,SKT-4015,,1.0,1.0,GPAO
05/03/2026,04:23:04,47.6203,-52.73597,154.0,1,SKT-4015,,1.0,1.0,GPAO
05/03/2026,04:23:11,47.62031,-52.73597,154.0,1,SKT-4015,,1.0,1.0,GPAO
05/03/2026,04:23:18,47.62032,-52.73597,154.0,1,SKT-4015,,1.0,1.0,GPAO
05/03/2026,04:23:26,47.62032,-52.73596,154.0,1,SKT-4015,,1.0,1.0,GPAO
05/03/2026,04:23:33,47.62032,-52.73596,153.0,1,SKT-4015,,1.0,1.0,GPAO
05/03/2026,04:23:40,47.62033,-52.73597,152.0,1,SKT-4015,,1.0,1.0,GPAO
05/03/2026,04:23:47,47.62034,-52.73597,151.0,1,SKT-4015,,1.0,1.0,GPAO
05/03/2026,04:23:55,47.62034,-52.73597,152.0,1,SKT-4015,,1.0,1.0,GPAO
05/03/2026,04:24:02,47.62034,-52.73597,152.0,1,SKT-4015,,1.0,1.0,GPAO
05/03/2026,04:24:09,47.62035,-52.73597,152.0,1,SKT-4015,,1.0,1.0,GPAO
05/03/2026,04:24:16,47.62035,-52.73597,152.0,1,SKT-4015,,1.0,1.0,GPAO
05/03/2026,04:24:24,47.62035,-52.73596,152.0,1,SKT-4015,,1.0,1.0,GPAO
05/03/2026,04:24:31,47.62035,-52.73595,152.0,1,SKT-4015,,1.0,1.0,GPAO
05/03/2026,04:24:38,47.62036,-52.73594,152.0,1,SKT-4015,,1.0,1.0,GPAO
05/03/2026,04:24:45,47.62037,-52.73593,151.0,1,SKT-4015,,1.0,1.0,GPAO
05/03/2026,04:24:53,47.62039,-52.73592,149.0,1,SKT-4015,,1.0,1.0,GPAO
05/03/2026,04:25:00,47.62041,-52.73591,147.0,1,SKT-4015,,1.0,1.0,GPAO
05/03/2026,04:25:07,47.62042,-52.73591,146.0,1,SKT-4015,,1.0,1.0,GPAO
05/03/2026,04:25:14,47.62043,-52.7359,146.0,1,SKT-4015,,1.0,1.0,GPAO
05/03/2026,04:25:22,47.62045,-52.7359,145.0,1,SKT-4015,,1.0,1.0,GPAO
05/03/2026,04:25:29,47.62045,-52.7359,145.0,1,SKT-4015,,1.0,1.0,GPAO
05/03/2026,04:25:36,47.62044,-52.7359,145.0,1,SKT-4015,,1.0,1.0,GPAO
05/03/2026,04:25:43,47.62044,-52.73589,145.0,1,SKT-4015,,1.0,1.0,GPAO
05/03/2026,04:25:51,47.62043,-52.73588,146.0,1,SKT-4015,,1.0,1.0,GPAO
05/03/2026,04:25:58,47.62043,-52.73588,145.0,1,SKT-4015,,1.0,1.0,GPAO
05/03/2026,04:26:05,47.62042,-52.73588,145.0,1,SKT-4015,,1.0,1.0,GPAO
05/03/2026,04:26:12,47.62042,-52.73588,145.0,1,SKT-4015,,1.0,1.0,GPAO
05/03/2026,04:26:19,47.62043,-52.73588,145.0,1,SKT-4015,,1.0,1.0,GPAO
05/03/2026,04:26:27,47.62043,-52.73588,145.0,1,SKT-4015,,1.0,1.0,GPAO
05/03/2026,04:26:34,47.62043,-52.73589,144.0,1,SKT-4015,,1.0,1.0,GPAO
05/03/2026,04:26:41,47.62043,-52.7359,144.0,1,SKT-4015,,1.0,1.0,GPAO
05/03/2026,04:26:48,47.62043,-52.7359,145.0,1,SKT-4015,,1.0,1.0,GPAO
05/03/2026,04:26:56,47.62042,-52.73591,145.0,1,SKT-4015,,1.0,1.0,GPAO
05/03/2026,04:27:03,47.62042,-52.73592,146.0,1,SKT-4015,,1.0,1.0,GPAO
05/03/2026,04:27:10,47.62041,-52.73592,146.0,1,SKT-4015,,1.0,1.0,GPAO
05/03/2026,04:27:17,47.62041,-52.73592,147.0,1,SKT-4015,,1.0,1.0,GPAO
05/03/2026,04:27:25,47.6204,-52.73593,148.0,1,SKT-4015,,1.0,1.0,GPAO
05/03/2026,04:27:32,47.6204,-52.73593,149.0,1,SKT-4015,,1.0,1.0,GPAO
05/03/2026,04:27:39,47.6204,-52.73593,149.0,1,SKT-4015,,1.0,1.0,GPAO
05/03/2026,04:27:46,47.6204,-52.73593,150.0,1,SKT-4015,,1.0,1.0,GPAO
05/03/2026,04:27:54,47.6204,-52.73592,151.0,1,SKT-4015,,1.0,1.0,GPAO
05/03/2026,04:28:01,47.6204,-52.73593,151.0,1,SKT-4015,,1.0,1.0,GPAO
05/03/2026,04:28:08,47.62041,-52.73594,151.0,1,SKT-4015,,1.0,1.0,GPAO
05/03/2026,04:28:16,47.62041,-52.73595,151.0,1,SKT-4015,,1.0,1.0,GPAO
05/03/2026,04:28:24,47.62041,-52.73594,151.0,1,SKT-4015,,1.0,1.0,GPAO
05/03/2026,04:28:31,47.62041,-52.73594,151.0,1,SKT-4015,,1.0,1.0,GPAO
05/03/2026,04:28:38,47.62041,-52.73594,151.0,1,SKT-4015,,1.0,1.0,GPAO
05/03/2026,04:28:45,47.62041,-52.73594,151.0,1,SKT-4015,,1.0,1.0,GPAO
05/03/2026,04:28:53,47.62041,-52.73594,151.0,1,SKT-4015,,1.0,1.0,GPAO
05/03/2026,04:29:00,47.6204,-52.73594,152.0,1,SKT-4015,,1.0,1.0,GPAO
05/03/2026,04:29:07,47.62039,-52.73594,152.0,1,SKT-4015,,1.0,1.0,GPAO
05/03/2026,04:29:14,47.62038,-52.73594,151.0,1,SKT-4015,,1.0,1.0,GPAO
05/03/2026,04:29:22,47.62036,-52.73596,149.0,1,SKT-4015,,1.0,1.0,GPAO
05/03/2026,04:29:29,47.62035,-52.73596,148.0,1,SKT-4015,,1.0,1.0,GPAO
05/03/2026,04:29:36,47.62035,-52.73596,148.0,1,SKT-4015,,1.0,1.0,GPAO
05/03/2026,04:29:43,47.62034,-52.73596,148.0,1,SKT-4015,,1.0,1.0,GPAO
05/03/2026,04:29:51,47.62034,-52.73595,148.0,1,SKT-4015,,1.0,1.0,GPAO
05/03/2026,04:29:58,47.62034,-52.73595,148.0,1,SKT-4015,,1.0,1.0,GPAO
05/03/2026,04:30:05,47.62035,-52.73594,149.0,1,SKT-4015,,1.0,1.0,GPAO
05/03/2026,04:30:12,47.62035,-52.73593,149.0,1,SKT-4015,,1.0,1.0,GPAO
05/03/2026,04:30:20,47.62036,-52.73592,150.0,1,SKT-4015,,1.0,1.0,GPAO
05/03/2026,04:30:27,47.62037,-52.73591,152.0,1,SKT-4015,,1.0,1.0,GPAO
05/03/2026,04:30:34,47.62035,-52.73592,161.0,1,SKT-4015,,1.0,1.0,GPAO
05/03/2026,04:30:41,47.62027,-52.73589,197.0,1,SKT-4015,,1.0,1.0,GPAO
05/03/2026,04:30:49,47.62021,-52.73563,191.0,1,SKT-4015,,1.0,1.0,GPAO
05/03/2026,04:30:56,47.62024,-52.73561,183.0,1,SKT-4015,,1.0,1.0,GPAO
05/03/2026,04:31:03,47.62023,-52.73557,179.0,1,SKT-4015,,1.0,1.0,GPAO
05/03/2026,04:31:10,47.62021,-52.73553,176.0,1,SKT-4015,,1.0,1.0,GPAO
05/03/2026,04:31:18,47.62018,-52.73552,175.0,1,SKT-4015,,1.0,1.0,GPAO
05/03/2026,04:31:25,47.62014,-52.73553,178.0,1,SKT-4015,,1.0,1.0,GPAO
05/03/2026,04:31:32,47.62012,-52.73557,183.0,1,SKT-4015,,1.0,1.0,GPAO
05/03/2026,04:31:39,47.62012,-52.73562,186.0,1,SKT-4015,,1.0,1.0,GPAO
05/03/2026,04:31:47,47.62009,-52.73563,188.0,1,SKT-4015,,1.0,1.0,GPAO
05/03/2026,04:31:54,47.62002,-52.73568,195.0,1,SKT-4015,,1.0,1.0,GPAO
05/03/2026,04:32:01,47.61985,-52.73584,223.0,1,SKT-4015,,1.0,1.0,GPAO
05/03/2026,04:32:08,47.61981,-52.73575,221.0,1,SKT-4015,,1.0,1.0,GPAO
05/03/2026,04:32:16,47.61985,-52.73567,213.0,1,SKT-4015,,1.0,1.0,GPAO
05/03/2026,04:32:23,47.61983,-52.73566,221.0,1,SKT-4015,,1.0,1.0,GPAO
05/03/2026,04:32:30,47.6198,-52.73576,234.0,1,SKT-4015,,1.0,1.0,GPAO
05/03/2026,04:32:37,47.6198,-52.73592,250.0,1,SKT-4015,,1.0,1.0,GPAO
05/03/2026,04:32:45,47.61981,-52.73603,258.0,1,SKT-4015,,1.0,1.0,GPAO
05/03/2026,04:32:52,47.61981,-52.73602,254.0,1,SKT-4015,,1.0,1.0,GPAO
05/03/2026,04:32:59,47.61975,-52.73604,256.0,1,SKT-4015,,1.0,1.0,GPAO
05/03/2026,04:33:06,47.61966,-52.73589,252.0,1,SKT-4015,,1.0,1.0,GPAO
05/03/2026,04:33:14,47.61958,-52.73573,246.0,1,SKT-4015,,1.0,1.0,GPAO
05/03/2026,04:33:21,47.6196,-52.73565,240.0,1,SKT-4015,,1.0,1.0,GPAO
05/03/2026,04:33:28,47.61963,-52.73562,239.0,1,SKT-4015,,1.0,1.0,GPAO
05/03/2026,04:33:35,47.61967,-52.73562,236.0,1,SKT-4015,,1.0,1.0,GPAO
05/03/2026,04:33:43,47.61976,-52.73565,230.0,1,SKT-4015,,1.0,1.0,GPAO
05/03/2026,04:33:50,47.61979,-52.73573,224.0,1,SKT-4015,,1.0,1.0,GPAO
05/03/2026,04:33:57,47.61982,-52.73578,217.0,1,SKT-4015,,1.0,1.0,GPAO
05/03/2026,04:34:04,47.61986,-52.73582,213.0,1,SKT-4015,,1.0,1.0,GPAO
05/03/2026,04:34:12,47.61989,-52.73581,208.0,1,SKT-4015,,1.0,1.0,GPAO
05/03/2026,04:34:19,47.61988,-52.73586,208.0,1,SKT-4015,,1.0,1.0,GPAO
05/03/2026,04:34:26,47.61984,-52.73603,233.0,1,SKT-4015,,1.0,1.0,GPAO
05/03/2026,04:34:33,47.61985,-52.73612,255.0,1,SKT-4015,,1.0,1.0,GPAO
05/03/2026,04:34:41,47.6199,-52.73605,256.0,1,SKT-4015,,1.0,1.0,GPAO
05/03/2026,04:34:48,47.62,-52.73582,229.0,1,SKT-4015,,1.0,1.0,GPAO
05/03/2026,04:34:55,47.62013,-52.73576,222.0,1,SKT-4015,,1.0,1.0,GPAO
05/03/2026,04:35:02,47.62031,-52.73587,219.0,1,SKT-4015,,1.0,1.0,GPAO
05/03/2026,04:35:10,47.62038,-52.73581,198.0,1,SKT-4015,,1.0,1.0,GPAO
05/03/2026,04:35:17,47.62036,-52.73578,188.0,1,SKT-4015,,1.0,1.0,GPAO
05/03/2026,04:35:24,47.6203,-52.73579,181.0,1,SKT-4015,,1.0,1.0,GPAO
05/03/2026,04:35:31,47.62019,-52.73584,174.0,1,SKT-4015,,1.0,1.0,GPAO
05/03/2026,04:35:39,47.62001,-52.73595,164.0,1,SKT-4015,,1.0,1.0,GPAO
05/03/2026,04:35:47,47.61994,-52.73592,140.0,1,SKT-4015,,1.0,1.0,GPAO
05/03/2026,04:35:54,47.61982,-52.73603,119.0,1,SKT-4015,,1.0,1.0,GPAO
05/03/2026,04:36:01,47.61966,-52.73623,132.0,1,SKT-4015,,1.0,1.0,GPAO
05/03/2026,04:36:08,47.61959,-52.73637,168.0,1,SKT-4015,,1.0,1.0,GPAO
05/03/2026,04:36:16,47.61966,-52.73655,213.0,1,SKT-4015,,1.0,1.0,GPAO
05/03/2026,04:36:23,47.61983,-52.73667,223.0,1,SKT-4015,,1.0,1.0,GPAO
05/03/2026,04:36:30,47.61997,-52.73647,204.0,1,SKT-4015,,1.0,1.0,GPAO
05/03/2026,04:36:37,47.6201,-52.7362,186.0,1,SKT-4015,,1.0,1.0,GPAO
05/03/2026,04:36:45,47.62019,-52.73602,173.0,1,SKT-4015,,1.0,1.0,GPAO
05/03/2026,04:36:52,47.62022,-52.7359,165.0,1,SKT-4015,,1.0,1.0,GPAO
05/03/2026,04:36:59,47.62023,-52.73577,165.0,1,SKT-4015,,1.0,1.0,GPAO
05/03/2026,04:37:06,47.62024,-52.7357,175.0,1,SKT-4015,,1.0,1.0,GPAO
05/03/2026,04:37:14,47.62025,-52.73569,186.0,1,SKT-4015,,1.0,1.0,GPAO
05/03/2026,04:37:21,47.62022,-52.73574,195.0,1,SKT-4015,,1.0,1.0,GPAO
05/03/2026,04:37:28,47.62014,-52.73582,198.0,1,SKT-4015,,1.0,1.0,GPAO
05/03/2026,04:37:35,47.62006,-52.73589,202.0,1,SKT-4015,,1.0,1.0,GPAO
05/03/2026,04:37:43,47.62004,-52.73589,213.0,1,SKT-4015,,1.0,1.0,GPAO
05/03/2026,04:37:50,47.62006,-52.73578,207.0,1,SKT-4015,,1.0,1.0,GPAO
05/03/2026,04:37:57,47.62009,-52.73566,201.0,1,SKT-4015,,1.0,1.0,GPAO
05/03/2026,04:38:04,47.62012,-52.73557,196.0,1,SKT-4015,,1.0,1.0,GPAO
05/03/2026,04:38:12,47.62015,-52.73552,189.0,1,SKT-4015,,1.0,1.0,GPAO
05/03/2026,04:38:19,47.62026,-52.73559,178.0,1,SKT-4015,,1.0,1.0,GPAO
05/03/2026,04:38:26,47.62035,-52.73565,171.0,1,SKT-4015,,1.0,1.0,GPAO
05/03/2026,04:38:33,47.62037,-52.73568,176.0,1,SKT-4015,,1.0,1.0,GPAO
05/03/2026,04:38:40,47.62038,-52.73569,187.0,1,SKT-4015,,1.0,1.0,GPAO
05/03/2026,04:38:48,47.62043,-52.7357,191.0,1,SKT-4015,,1.0,1.0,GPAO
05/03/2026,04:38:55,47.6204,-52.7357,192.0,1,SKT-4015,,1.0,1.0,GPAO
05/03/2026,04:39:02,47.62037,-52.7357,195.0,1,SKT-4015,,1.0,1.0,GPAO
05/03/2026,04:39:09,47.62032,-52.73569,202.0,1,SKT-4015,,1.0,1.0,GPAO
05/03/2026,04:39:17,47.62029,-52.73573,205.0,1,SKT-4015,,1.0,1.0,GPAO
05/03/2026,04:39:24,47.62029,-52.73579,206.0,1,SKT-4015,,1.0,1.0,GPAO
05/03/2026,04:39:31,47.6203,-52.73588,209.0,1,SKT-4015,,1.0,1.0,GPAO
05/03/2026,04:39:38,47.62033,-52.73598,209.0,1,SKT-4015,,1.0,1.0,GPAO
05/03/2026,04:39:46,47.62037,-52.736,202.0,1,SKT-4015,,1.0,1.0,GPAO
05/03/2026,04:39:53,47.62039,-52.73602,196.0,1,SKT-4015,,1.0,1.0,GPAO
05/03/2026,04:40:00,47.62038,-52.73602,195.0,1,SKT-4015,,1.0,1.0,GPAO
05/03/2026,04:40:07,47.62036,-52.73598,190.0,1,SKT-4015,,1.0,1.0,GPAO
05/03/2026,04:40:15,47.62037,-52.73587,178.0,1,SKT-4015,,1.0,1.0,GPAO
05/03/2026,04:40:22,47.62038,-52.73579,167.0,1,SKT-4015,,1.0,1.0,GPAO
05/03/2026,04:40:29,47.62039,-52.73576,161.0,1,SKT-4015,,1.0,1.0,GPAO
05/03/2026,04:40:36,47.62041,-52.73574,162.0,1,SKT-4015,,1.0,1.0,GPAO
05/03/2026,04:40:44,47.62047,-52.73579,171.0,1,SKT-4015,,1.0,1.0,GPAO
05/03/2026,04:40:51,47.62049,-52.73582,173.0,1,SKT-4015,,1.0,1.0,GPAO
05/03/2026,04:40:58,47.62047,-52.73584,180.0,1,SKT-4015,,1.0,1.0,GPAO
05/03/2026,04:41:05,47.62045,-52.73584,183.0,1,SKT-4015,,1.0,1.0,GPAO
05/03/2026,04:41:13,47.62041,-52.73585,180.0,1,SKT-4015,,1.0,1.0,GPAO
05/03/2026,04:41:20,47.62043,-52.73581,175.0,1,SKT-4015,,1.0,1.0,GPAO
05/03/2026,04:41:27,47.62046,-52.73578,168.0,1,SKT-4015,,1.0,1.0,GPAO
05/03/2026,04:41:34,47.62048,-52.73577,166.0,1,SKT-4015,,1.0,1.0,GPAO
05/03/2026,04:41:42,47.62051,-52.73574,167.0,1,SKT-4015,,1.0,1.0,GPAO
05/03/2026,04:41:49,47.62052,-52.73572,169.0,1,SKT-4015,,1.0,1.0,GPAO
05/03/2026,04:41:56,47.62053,-52.7357,167.0,1,SKT-4015,,1.0,1.0,GPAO
05/03/2026,04:42:03,47.62054,-52.73567,163.0,1,SKT-4015,,1.0,1.0,GPAO
05/03/2026,04:42:11,47.62054,-52.73567,164.0,1,SKT-4015,,1.0,1.0,GPAO
05/03/2026,04:42:18,47.62054,-52.73566,170.0,1,SKT-4015,,1.0,1.0,GPAO
05/03/2026,04:42:25,47.62056,-52.73566,170.0,1,SKT-4015,,1.0,1.0,GPAO
05/03/2026,04:42:32,47.62057,-52.73569,169.0,1,SKT-4015,,1.0,1.0,GPAO
05/03/2026,04:42:40,47.62061,-52.73569,164.0,1,SKT-4015,,1.0,1.0,GPAO
05/03/2026,04:42:47,47.6206,-52.73568,162.0,1,SKT-4015,,1.0,1.0,GPAO
05/03/2026,04:42:54,47.62053,-52.73576,176.0,1,SKT-4015,,1.0,1.0,GPAO
05/03/2026,04:43:01,47.62043,-52.73581,183.0,1,SKT-4015,,1.0,1.0,GPAO
05/03/2026,04:43:09,47.62037,-52.73579,182.0,1,SKT-4015,,1.0,1.0,GPAO
05/03/2026,04:43:16,47.62033,-52.73579,185.0,1,SKT-4015,,1.0,1.0,GPAO
05/03/2026,04:43:23,47.62027,-52.73582,191.0,1,SKT-4015,,1.0,1.0,GPAO
05/03/2026,04:43:30,47.62023,-52.73586,206.0,1,SKT-4015,,1.0,1.0,GPAO
05/03/2026,04:43:38,47.62021,-52.73583,213.0,1,SKT-4015,,1.0,1.0,GPAO
05/03/2026,04:43:45,47.62021,-52.73581,216.0,1,SKT-4015,,1.0,1.0,GPAO
05/03/2026,04:43:52,47.6202,-52.7358,214.0,1,SKT-4015,,1.0,1.0,GPAO
05/03/2026,04:43:59,47.62016,-52.7358,214.0,1,SKT-4015,,1.0,1.0,GPAO
05/03/2026,04:44:07,47.62013,-52.73582,213.0,1,SKT-4015,,1.0,1.0,GPAO
05/03/2026,04:44:14,47.62024,-52.7358,198.0,1,SKT-4015,,1.0,1.0,GPAO
05/03/2026,04:44:21,47.62031,-52.73573,184.0,1,SKT-4015,,1.0,1.0,GPAO
05/03/2026,04:44:28,47.62035,-52.73571,177.0,1,SKT-4015,,1.0,1.0,GPAO
05/03/2026,04:44:36,47.62043,-52.73564,168.0,1,SKT-4015,,1.0,1.0,GPAO
05/03/2026,04:44:43,47.62049,-52.73568,166.0,1,SKT-4015,,1.0,1.0,GPAO
05/03/2026,04:44:50,47.62051,-52.73574,168.0,1,SKT-4015,,1.0,1.0,GPAO
05/03/2026,04:44:57,47.62051,-52.73578,168.0,1,SKT-4015,,1.0,1.0,GPAO
05/03/2026,04:45:05,47.6205,-52.7358,166.0,1,SKT-4015,,1.0,1.0,GPAO
05/03/2026,04:45:12,47.6205,-52.73578,159.0,1,SKT-4015,,1.0,1.0,GPAO
05/03/2026,04:45:19,47.62051,-52.73574,150.0,1,SKT-4015,,1.0,1.0,GPAO
05/03/2026,04:45:26,47.62048,-52.73573,152.0,1,SKT-4015,,1.0,1.0,GPAO
05/03/2026,04:45:34,47.62046,-52.7357,166.0,1,SKT-4015,,1.0,1.0,GPAO
05/03/2026,04:45:41,47.62043,-52.73572,168.0,1,SKT-4015,,1.0,1.0,GPAO
05/03/2026,04:45:48,47.62046,-52.73577,166.0,1,SKT-4015,,1.0,1.0,GPAO
05/03/2026,04:45:55,47.62049,-52.73581,170.0,1,SKT-4015,,1.0,1.0,GPAO
05/03/2026,04:46:03,47.6205,-52.73581,176.0,1,SKT-4015,,1.0,1.0,GPAO
05/03/2026,04:46:10,47.62054,-52.73573,182.0,1,SKT-4015,,1.0,1.0,GPAO
05/03/2026,04:46:17,47.62056,-52.73567,184.0,1,SKT-4015,,1.0,1.0,GPAO
05/03/2026,04:46:24,47.62053,-52.73564,183.0,1,SKT-4015,,1.0,1.0,GPAO
05/03/2026,04:46:32,47.6205,-52.73563,183.0,1,SKT-4015,,1.0,1.0,GPAO
05/03/2026,04:46:39,47.62045,-52.73564,185.0,1,SKT-4015,,1.0,1.0,GPAO
05/03/2026,04:46:46,47.62036,-52.73569,187.0,1,SKT-4015,,1.0,1.0,GPAO
05/03/2026,04:46:53,47.62029,-52.73573,192.0,1,SKT-4015,,1.0,1.0,GPAO
05/03/2026,04:47:01,47.62022,-52.73575,197.0,1,SKT-4015,,1.0,1.0,GPAO
05/03/2026,04:47:08,47.6202,-52.73573,199.0,1,SKT-4015,,1.0,1.0,GPAO
05/03/2026,04:47:15,47.62019,-52.73571,205.0,1,SKT-4015,,1.0,1.0,GPAO
05/03/2026,04:47:22,47.62018,-52.73568,214.0,1,SKT-4015,,1.0,1.0,GPAO
05/03/2026,04:47:30,47.62016,-52.73564,224.0,1,SKT-4015,,1.0,1.0,GPAO
05/03/2026,04:47:37,47.62015,-52.73561,228.0,1,SKT-4015,,1.0,1.0,GPAO
05/03/2026,04:47:44,47.62012,-52.7356,221.0,1,SKT-4015,,1.0,1.0,GPAO
05/03/2026,04:47:51,47.6201,-52.73558,213.0,1,SKT-4015,,1.0,1.0,GPAO
05/03/2026,04:47:59,47.62009,-52.73556,209.0,1,SKT-4015,,1.0,1.0,GPAO
05/03/2026,04:48:06,47.62011,-52.7356,200.0,1,SKT-4015,,1.0,1.0,GPAO
05/03/2026,04:48:13,47.62017,-52.73566,196.0,1,SKT-4015,,1.0,1.0,GPAO
05/03/2026,04:48:20,47.62019,-52.73568,193.0,1,SKT-4015,,1.0,1.0,GPAO
05/03/2026,04:48:27,47.62016,-52.73568,192.0,1,SKT-4015,,1.0,1.0,GPAO
05/03/2026,04:48:35,47.62009,-52.73572,197.0,1,SKT-4015,,1.0,1.0,GPAO
05/03/2026,04:48:42,47.62006,-52.73576,198.0,1,SKT-4015,,1.0,1.0,GPAO
05/03/2026,04:48:49,47.62001,-52.73577,197.0,1,SKT-4015,,1.0,1.0,GPAO
05/03/2026,04:48:57,47.61984,-52.73586,194.0,1,SKT-4015,,1.0,1.0,GPAO
05/03/2026,04:49:04,47.61962,-52.73594,176.0,1,SKT-4015,,1.0,1.0,GPAO
05/03/2026,04:49:11,47.61965,-52.73587,171.0,1,SKT-4015,,1.0,1.0,GPAO
05/03/2026,04:49:18,47.6198,-52.73586,177.0,1,SKT-4015,,1.0,1.0,GPAO
05/03/2026,04:49:26,47.61991,-52.73594,188.0,1,SKT-4015,,1.0,1.0,GPAO
05/03/2026,04:49:33,47.61998,-52.73597,212.0,1,SKT-4015,,1.0,1.0,GPAO
05/03/2026,04:49:40,47.62006,-52.73596,215.0,1,SKT-4015,,1.0,1.0,GPAO
05/03/2026,04:49:47,47.6201,-52.73597,220.0,1,SKT-4015,,1.0,1.0,GPAO
05/03/2026,04:49:55,47.62012,-52.73595,219.0,1,SKT-4015,,1.0,1.0,GPAO
05/03/2026,04:50:02,47.62012,-52.73594,214.0,1,SKT-4015,,1.0,1.0,GPAO
05/03/2026,04:50:09,47.62013,-52.73597,212.0,1,SKT-4015,,1.0,1.0,GPAO
05/03/2026,04:50:16,47.62011,-52.73603,216.0,1,SKT-4015,,1.0,1.0,GPAO
05/03/2026,04:50:23,47.62007,-52.73609,222.0,1,SKT-4015,,1.0,1.0,GPAO
05/03/2026,04:50:31,47.62001,-52.73613,226.0,1,SKT-4015,,1.0,1.0,GPAO
05/03/2026,04:50:38,47.61997,-52.73615,226.0,1,SKT-4015,,1.0,1.0,GPAO
05/03/2026,04:50:45,47.61996,-52.73613,220.0,1,SKT-4015,,1.0,1.0,GPAO
05/03/2026,04:50:52,47.62005,-52.73605,205.0,1,SKT-4015,,1.0,1.0,GPAO
05/03/2026,04:51:00,47.62013,-52.7358,194.0,1,SKT-4015,,1.0,1.0,GPAO
05/03/2026,04:51:07,47.62012,-52.73574,194.0,1,SKT-4015,,1.0,1.0,GPAO
05/03/2026,04:51:14,47.62025,-52.73571,183.0,1,SKT-4015,,1.0,1.0,GPAO
05/03/2026,04:51:21,47.62024,-52.73578,179.0,1,SKT-4015,,1.0,1.0,GPAO
05/03/2026,04:51:29,47.62024,-52.73577,177.0,1,SKT-4015,,1.0,1.0,GPAO
05/03/2026,04:51:36,47.62017,-52.73584,176.0,1,SKT-4015,,1.0,1.0,GPAO
05/03/2026,04:51:43,47.62013,-52.73592,180.0,1,SKT-4015,,1.0,1.0,GPAO
05/03/2026,04:51:50,47.62019,-52.73592,181.0,1,SKT-4015,,1.0,1.0,GPAO
05/03/2026,04:51:58,47.62025,-52.7359,182.0,1,SKT-4015,,1.0,1.0,GPAO
05/03/2026,04:52:05,47.62032,-52.73582,174.0,1,SKT-4015,,1.0,1.0,GPAO
05/03/2026,04:52:12,47.62036,-52.73573,164.0,1,SKT-4015,,1.0,1.0,GPAO
05/03/2026,04:52:19,47.62038,-52.73569,161.0,1,SKT-4015,,1.0,1.0,GPAO
05/03/2026,04:52:27,47.62032,-52.73567,175.0,1,SKT-4015,,1.0,1.0,GPAO
05/03/2026,04:52:34,47.62034,-52.73565,179.0,1,SKT-4015,,1.0,1.0,GPAO
05/03/2026,04:52:41,47.62039,-52.73568,176.0,1,SKT-4015,,1.0,1.0,GPAO
05/03/2026,04:52:48,47.62041,-52.73568,172.0,1,SKT-4015,,1.0,1.0,GPAO
05/03/2026,04:52:56,47.62045,-52.7357,165.0,1,SKT-4015,,1.0,1.0,GPAO
05/03/2026,04:53:03,47.62046,-52.7357,160.0,1,SKT-4015,,1.0,1.0,GPAO
05/03/2026,04:53:10,47.62044,-52.73569,160.0,1,SKT-4015,,1.0,1.0,GPAO
05/03/2026,04:53:17,47.62042,-52.73569,162.0,1,SKT-4015,,1.0,1.0,GPAO
05/03/2026,04:53:25,47.6204,-52.73568,162.0,1,SKT-4015,,1.0,1.0,GPAO
05/03/2026,04:53:32,47.62038,-52.73571,163.0,1,SKT-4015,,1.0,1.0,GPAO
05/03/2026,04:53:39,47.62033,-52.73578,170.0,1,SKT-4015,,1.0,1.0,GPAO
05/03/2026,04:53:46,47.62026,-52.73595,188.0,1,SKT-4015,,1.0,1.0,GPAO
05/03/2026,04:53:54,47.6202,-52.7361,207.0,1,SKT-4015,,1.0,1.0,GPAO
05/03/2026,04:54:01,47.62022,-52.73599,198.0,1,SKT-4015,,1.0,1.0,GPAO
05/03/2026,04:54:08,47.62024,-52.7359,192.0,1,SKT-4015,,1.0,1.0,GPAO
05/03/2026,04:54:15,47.62025,-52.73577,181.0,1,SKT-4015,,1.0,1.0,GPAO
05/03/2026,04:54:23,47.62024,-52.73567,173.0,1,SKT-4015,,1.0,1.0,GPAO
05/03/2026,04:54:30,47.62023,-52.7356,170.0,1,SKT-4015,,1.0,1.0,GPAO
05/03/2026,04:54:37,47.62022,-52.73556,171.0,1,SKT-4015,,1.0,1.0,GPAO
05/03/2026,04:54:44,47.62017,-52.7356,177.0,1,SKT-4015,,1.0,1.0,GPAO
05/03/2026,04:54:51,47.62013,-52.73565,181.0,1,SKT-4015,,1.0,1.0,GPAO
05/03/2026,04:54:59,47.62016,-52.73571,192.0,1,SKT-4015,,1.0,1.0,GPAO
05/03/2026,04:55:06,47.62017,-52.73575,197.0,1,SKT-4015,,1.0,1.0,GPAO
05/03/2026,04:55:13,47.62017,-52.73577,201.0,1,SKT-4015,,1.0,1.0,GPAO
05/03/2026,04:55:20,47.62014,-52.73578,208.0,1,SKT-4015,,1.0,1.0,GPAO
05/03/2026,04:55:28,47.62009,-52.73577,215.0,1,SKT-4015,,1.0,1.0,GPAO
05/03/2026,04:55:35,47.62009,-52.73576,222.0,1,SKT-4015,,1.0,1.0,GPAO
05/03/2026,04:55:42,47.62009,-52.73575,228.0,1,SKT-4015,,1.0,1.0,GPAO
05/03/2026,04:55:51,47.62012,-52.73581,238.0,1,SKT-4015,,1.0,1.0,GPAO
05/03/2026,04:55:58,47.62012,-52.7359,246.0,1,SKT-4015,,1.0,1.0,GPAO
05/03/2026,04:56:05,47.62011,-52.736,250.0,1,SKT-4015,,1.0,1.0,GPAO
05/03/2026,04:56:12,47.62011,-52.73601,246.0,1,SKT-4015,,1.0,1.0,GPAO
05/03/2026,04:56:20,47.62007,-52.73595,239.0,1,SKT-4015,,1.0,1.0,GPAO
05/03/2026,04:56:27,47.62004,-52.73582,221.0,1,SKT-4015,,1.0,1.0,GPAO
05/03/2026,04:56:34,47.62007,-52.73569,211.0,1,SKT-4015,,1.0,1.0,GPAO
05/03/2026,04:56:41,47.62006,-52.73565,212.0,1,SKT-4015,,1.0,1.0,GPAO
05/03/2026,04:56:48,47.62003,-52.73567,214.0,1,SKT-4015,,1.0,1.0,GPAO
05/03/2026,04:56:56,47.62004,-52.73567,214.0,1,SKT-4015,,1.0,1.0,GPAO
05/03/2026,04:57:03,47.62006,-52.73567,213.0,1,SKT-4015,,1.0,1.0,GPAO
05/03/2026,04:57:10,47.62008,-52.73566,210.0,1,SKT-4015,,1.0,1.0,GPAO
05/03/2026,04:57:17,47.62013,-52.73568,202.0,1,SKT-4015,,1.0,1.0,GPAO
05/03/2026,04:57:25,47.62014,-52.73572,199.0,1,SKT-4015,,1.0,1.0,GPAO
05/03/2026,04:57:32,47.62017,-52.73577,197.0,1,SKT-4015,,1.0,1.0,GPAO
05/03/2026,04:57:39,47.62014,-52.73584,193.0,1,SKT-4015,,1.0,1.0,GPAO
05/03/2026,04:57:46,47.62006,-52.7359,186.0,1,SKT-4015,,1.0,1.0,GPAO
05/03/2026,04:57:54,47.61998,-52.73591,179.0,1,SKT-4015,,1.0,1.0,GPAO
05/03/2026,04:58:01,47.61994,-52.73584,175.0,1,SKT-4015,,1.0,1.0,GPAO
05/03/2026,04:58:08,47.61995,-52.73576,173.0,1,SKT-4015,,1.0,1.0,GPAO
05/03/2026,04:58:15,47.61999,-52.73569,171.0,1,SKT-4015,,1.0,1.0,GPAO
05/03/2026,04:58:23,47.62005,-52.73562,172.0,1,SKT-4015,,1.0,1.0,GPAO
05/03/2026,04:58:30,47.62006,-52.73557,175.0,1,SKT-4015,,1.0,1.0,GPAO
05/03/2026,04:58:37,47.62003,-52.73555,181.0,1,SKT-4015,,1.0,1.0,GPAO
05/03/2026,04:58:44,47.61998,-52.73555,187.0,1,SKT-4015,,1.0,1.0,GPAO
05/03/2026,04:58:52,47.6199,-52.73551,190.0,1,SKT-4015,,1.0,1.0,GPAO
05/03/2026,04:58:59,47.61984,-52.73549,197.0,1,SKT-4015,,1.0,1.0,GPAO
05/03/2026,04:59:06,47.61976,-52.73553,207.0,1,SKT-4015,,1.0,1.0,GPAO
05/03/2026,04:59:13,47.61976,-52.73553,214.0,1,SKT-4015,,1.0,1.0,GPAO
05/03/2026,04:59:21,47.61983,-52.73548,206.0,1,SKT-4015,,1.0,1.0,GPAO
05/03/2026,04:59:28,47.6199,-52.73547,198.0,1,SKT-4015,,1.0,1.0,GPAO
05/03/2026,04:59:35,47.62001,-52.73551,191.0,1,SKT-4015,,1.0,1.0,GPAO
05/03/2026,04:59:42,47.62018,-52.73559,186.0,1,SKT-4015,,1.0,1.0,GPAO
05/03/2026,04:59:50,47.62024,-52.73563,184.0,1,SKT-4015,,1.0,1.0,GPAO
05/03/2026,04:59:57,47.62022,-52.73565,186.0,1,SKT-4015,,1.0,1.0,GPAO
05/03/2026,05:00:04,47.62019,-52.73571,188.0,1,SKT-4015,,1.0,1.0,GPAO
05/03/2026,05:00:11,47.62019,-52.73575,188.0,1,SKT-4015,,1.0,1.0,GPAO
05/03/2026,05:00:19,47.62026,-52.73573,179.0,1,SKT-4015,,1.0,1.0,GPAO
05/03/2026,05:00:26,47.62029,-52.73573,173.0,1,SKT-4015,,1.0,1.0,GPAO
05/03/2026,05:00:40,47.62018,-52.73585,178.0,1,SKT-4015,,1.0,1.0,GPAO
05/03/2026,05:00:48,47.62022,-52.73581,172.0,1,SKT-4015,,1.0,1.0,GPAO
05/03/2026,05:00:55,47.62022,-52.73577,168.0,1,SKT-4015,,1.0,1.0,GPAO
05/03/2026,05:01:02,47.62008,-52.73589,171.0,1,SKT-4015,,1.0,1.0,GPAO
05/03/2026,05:01:09,47.62006,-52.73593,174.0,1,SKT-4015,,1.0,1.0,GPAO
05/03/2026,05:01:17,47.62002,-52.73604,191.0,1,SKT-4015,,1.0,1.0,GPAO
05/03/2026,05:01:24,47.62008,-52.7361,190.0,1,SKT-4015,,1.0,1.0,GPAO
05/03/2026,05:01:31,47.62019,-52.73601,175.0,1,SKT-4015,,1.0,1.0,GPAO
05/03/2026,05:01:38,47.62029,-52.73588,163.0,1,SKT-4015,,1.0,1.0,GPAO
05/03/2026,05:01:46,47.62037,-52.73581,155.0,1,SKT-4015,,1.0,1.0,GPAO
05/03/2026,05:01:53,47.62039,-52.73577,152.0,1,SKT-4015,,1.0,1.0,GPAO
05/03/2026,05:02:00,47.6204,-52.73575,152.0,1,SKT-4015,,1.0,1.0,GPAO
05/03/2026,05:02:07,47.6204,-52.73573,157.0,1,SKT-4015,,1.0,1.0,GPAO
05/03/2026,05:02:15,47.62033,-52.73581,177.0,1,SKT-4015,,1.0,1.0,GPAO
05/03/2026,05:02:22,47.62023,-52.73586,191.0,1,SKT-4015,,1.0,1.0,GPAO
05/03/2026,05:02:29,47.62016,-52.73592,192.0,1,SKT-4015,,1.0,1.0,GPAO
05/03/2026,05:02:36,47.62014,-52.73595,190.0,1,SKT-4015,,1.0,1.0,GPAO
05/03/2026,05:02:44,47.62009,-52.73599,191.0,1,SKT-4015,,1.0,1.0,GPAO
05/03/2026,05:02:51,47.62009,-52.73595,190.0,1,SKT-4015,,1.0,1.0,GPAO
05/03/2026,05:02:58,47.62014,-52.73585,179.0,1,SKT-4015,,1.0,1.0,GPAO
05/03/2026,05:03:05,47.62019,-52.73578,170.0,1,SKT-4015,,1.0,1.0,GPAO
05/03/2026,05:03:13,47.62017,-52.73576,173.0,1,SKT-4015,,1.0,1.0,GPAO
05/03/2026,05:03:20,47.62017,-52.73576,176.0,1,SKT-4015,,1.0,1.0,GPAO
05/03/2026,05:03:27,47.62012,-52.73577,181.0,1,SKT-4015,,1.0,1.0,GPAO
05/03/2026,05:03:34,47.62015,-52.73574,174.0,1,SKT-4015,,1.0,1.0,GPAO
05/03/2026,05:03:42,47.6202,-52.73572,168.0,1,SKT-4015,,1.0,1.0,GPAO
05/03/2026,05:03:49,47.62025,-52.73572,161.0,1,SKT-4015,,1.0,1.0,GPAO
05/03/2026,05:03:56,47.6202,-52.73574,156.0,1,SKT-4015,,1.0,1.0,GPAO
05/03/2026,05:04:03,47.62016,-52.73576,161.0,1,SKT-4015,,1.0,1.0,GPAO
05/03/2026,05:04:11,47.62017,-52.73583,164.0,1,SKT-4015,,1.0,1.0,GPAO
05/03/2026,05:04:18,47.62017,-52.73584,170.0,1,SKT-4015,,1.0,1.0,GPAO
05/03/2026,05:04:25,47.62018,-52.73585,176.0,1,SKT-4015,,1.0,1.0,GPAO
05/03/2026,05:04:32,47.62019,-52.73587,181.0,1,SKT-4015,,1.0,1.0,GPAO
05/03/2026,05:04:40,47.62023,-52.73588,180.0,1,SKT-4015,,1.0,1.0,GPAO
05/03/2026,05:04:47,47.62028,-52.73589,175.0,1,SKT-4015,,1.0,1.0,GPAO
05/03/2026,05:04:54,47.6203,-52.73589,174.0,1,SKT-4015,,1.0,1.0,GPAO
05/03/2026,05:05:01,47.62027,-52.73591,179.0,1,SKT-4015,,1.0,1.0,GPAO
05/03/2026,05:05:09,47.62022,-52.73594,187.0,1,SKT-4015,,1.0,1.0,GPAO
05/03/2026,05:05:16,47.62004,-52.73617,214.0,1,SKT-4015,,1.0,1.0,GPAO
05/03/2026,05:05:23,47.62003,-52.73625,219.0,1,SKT-4015,,1.0,1.0,GPAO
05/03/2026,05:05:30,47.62015,-52.73616,212.0,1,SKT-4015,,1.0,1.0,GPAO
05/03/2026,05:05:38,47.62023,-52.7361,210.0,1,SKT-4015,,1.0,1.0,GPAO
05/03/2026,05:05:45,47.62021,-52.73625,232.0,1,SKT-4015,,1.0,1.0,GPAO
05/03/2026,05:05:52,47.62021,-52.73635,248.0,1,SKT-4015,,1.0,1.0,GPAO
05/03/2026,05:05:59,47.62025,-52.73636,249.0,1,SKT-4015,,1.0,1.0,GPAO
05/03/2026,05:06:07,47.62032,-52.73627,225.0,1,SKT-4015,,1.0,1.0,GPAO
05/03/2026,05:06:14,47.62034,-52.73623,218.0,1,SKT-4015,,1.0,1.0,GPAO
05/03/2026,05:06:21,47.6204,-52.73618,221.0,1,SKT-4015,,1.0,1.0,GPAO
05/03/2026,05:06:28,47.62035,-52.73615,213.0,1,SKT-4015,,1.0,1.0,GPAO
05/03/2026,05:06:36,47.62032,-52.73609,209.0,1,SKT-4015,,1.0,1.0,GPAO
05/03/2026,05:06:43,47.62025,-52.73607,207.0,1,SKT-4015,,1.0,1.0,GPAO
05/03/2026,05:06:50,47.62012,-52.73607,208.0,1,SKT-4015,,1.0,1.0,GPAO
05/03/2026,05:06:57,47.62001,-52.73605,213.0,1,SKT-4015,,1.0,1.0,GPAO
05/03/2026,05:07:05,47.61993,-52.73604,216.0,1,SKT-4015,,1.0,1.0,GPAO
05/03/2026,05:07:12,47.61989,-52.73607,217.0,1,SKT-4015,,1.0,1.0,GPAO
05/03/2026,05:07:19,47.6199,-52.7361,214.0,1,SKT-4015,,1.0,1.0,GPAO
05/03/2026,05:07:26,47.6199,-52.73616,225.0,1,SKT-4015,,1.0,1.0,GPAO
05/03/2026,05:07:34,47.61998,-52.73606,229.0,1,SKT-4015,,1.0,1.0,GPAO
05/03/2026,05:07:41,47.62002,-52.73598,231.0,1,SKT-4015,,1.0,1.0,GPAO
05/03/2026,05:07:48,47.62005,-52.73593,230.0,1,SKT-4015,,1.0,1.0,GPAO
05/03/2026,05:07:55,47.62007,-52.73594,225.0,1,SKT-4015,,1.0,1.0,GPAO
05/03/2026,05:08:03,47.62008,-52.73596,217.0,1,SKT-4015,,1.0,1.0,GPAO
05/03/2026,05:08:10,47.62008,-52.73598,212.0,1,SKT-4015,,1.0,1.0,GPAO
05/03/2026,05:08:17,47.62007,-52.73598,210.0,1,SKT-4015,,1.0,1.0,GPAO
05/03/2026,05:08:24,47.62009,-52.73597,212.0,1,SKT-4015,,1.0,1.0,GPAO
05/03/2026,05:08:32,47.62021,-52.73589,215.0,1,SKT-4015,,1.0,1.0,GPAO
05/03/2026,05:08:40,47.6203,-52.73585,213.0,1,SKT-4015,,1.0,1.0,GPAO
05/03/2026,05:08:47,47.6203,-52.73584,215.0,1,SKT-4015,,1.0,1.0,GPAO
05/03/2026,05:08:54,47.62027,-52.73587,217.0,1,SKT-4015,,1.0,1.0,GPAO
05/03/2026,05:09:01,47.62025,-52.73585,217.0,1,SKT-4015,,1.0,1.0,GPAO
05/03/2026,05:09:09,47.62027,-52.73579,210.0,1,SKT-4015,,1.0,1.0,GPAO
05/03/2026,05:09:16,47.62026,-52.73571,200.0,1,SKT-4015,,1.0,1.0,GPAO
05/03/2026,05:09:23,47.62026,-52.73565,191.0,1,SKT-4015,,1.0,1.0,GPAO
05/03/2026,05:09:30,47.62029,-52.73562,185.0,1,SKT-4015,,1.0,1.0,GPAO
05/03/2026,05:09:38,47.62031,-52.73565,182.0,1,SKT-4015,,1.0,1.0,GPAO
05/03/2026,05:09:45,47.62025,-52.7357,183.0,1,SKT-4015,,1.0,1.0,GPAO
05/03/2026,05:09:52,47.62016,-52.73575,187.0,1,SKT-4015,,1.0,1.0,GPAO
05/03/2026,05:09:59,47.62016,-52.73577,185.0,1,SKT-4015,,1.0,1.0,GPAO
05/03/2026,05:10:07,47.62021,-52.73576,184.0,1,SKT-4015,,1.0,1.0,GPAO
05/03/2026,05:10:14,47.62026,-52.73575,181.0,1,SKT-4015,,1.0,1.0,GPAO
05/03/2026,05:10:21,47.62028,-52.73574,179.0,1,SKT-4015,,1.0,1.0,GPAO
05/03/2026,05:10:28,47.62031,-52.73573,176.0,1,SKT-4015,,1.0,1.0,GPAO
05/03/2026,05:10:36,47.62035,-52.73572,166.0,1,SKT-4015,,1.0,1.0,GPAO
05/03/2026,05:10:43,47.62029,-52.73575,162.0,1,SKT-4015,,1.0,1.0,GPAO
05/03/2026,05:10:50,47.62025,-52.73577,160.0,1,SKT-4015,,1.0,1.0,GPAO
05/03/2026,05:10:57,47.62027,-52.73577,156.0,1,SKT-4015,,1.0,1.0,GPAO
05/03/2026,05:11:05,47.62026,-52.73579,157.0,1,SKT-4015,,1.0,1.0,GPAO
05/03/2026,05:11:12,47.62022,-52.73584,167.0,1,SKT-4015,,1.0,1.0,GPAO
05/03/2026,05:11:19,47.62019,-52.73587,176.0,1,SKT-4015,,1.0,1.0,GPAO
05/03/2026,05:11:26,47.62017,-52.73588,184.0,1,SKT-4015,,1.0,1.0,GPAO
05/03/2026,05:11:34,47.6202,-52.73584,179.0,1,SKT-4015,,1.0,1.0,GPAO
05/03/2026,05:11:41,47.62028,-52.73576,165.0,1,SKT-4015,,1.0,1.0,GPAO
05/03/2026,05:11:48,47.62033,-52.73573,157.0,1,SKT-4015,,1.0,1.0,GPAO
05/03/2026,05:11:55,47.62034,-52.73573,154.0,1,SKT-4015,,1.0,1.0,GPAO
05/03/2026,05:12:03,47.62036,-52.73571,154.0,1,SKT-4015,,1.0,1.0,GPAO
05/03/2026,05:12:10,47.62036,-52.73571,155.0,1,SKT-4015,,1.0,1.0,GPAO
05/03/2026,05:12:17,47.62037,-52.73571,152.0,1,SKT-4015,,1.0,1.0,GPAO
05/03/2026,05:12:25,47.62016,-52.73589,152.0,1,SKT-4015,,1.0,1.0,GPAO
05/03/2026,05:12:32,47.62014,-52.73589,149.0,1,SKT-4015,,1.0,1.0,GPAO
05/03/2026,05:12:40,47.6202,-52.73586,147.0,1,SKT-4015,,1.0,1.0,GPAO
05/03/2026,05:12:48,47.62022,-52.73582,148.0,1,SKT-4015,,1.0,1.0,GPAO
05/03/2026,05:12:55,47.62018,-52.73581,147.0,1,SKT-4015,,1.0,1.0,GPAO
05/03/2026,05:13:02,47.62019,-52.73575,146.0,1,SKT-4015,,1.0,1.0,GPAO
05/03/2026,05:13:09,47.62019,-52.73571,146.0,1,SKT-4015,,1.0,1.0,GPAO
05/03/2026,05:13:17,47.62012,-52.73567,148.0,1,SKT-4015,,1.0,1.0,GPAO
05/03/2026,05:13:24,47.62004,-52.73565,152.0,1,SKT-4015,,1.0,1.0,GPAO
05/03/2026,05:13:31,47.61999,-52.73565,159.0,1,SKT-4015,,1.0,1.0,GPAO
05/03/2026,05:13:38,47.61993,-52.73568,174.0,1,SKT-4015,,1.0,1.0,GPAO
05/03/2026,05:13:46,47.61986,-52.73575,189.0,1,SKT-4015,,1.0,1.0,GPAO
05/03/2026,05:13:53,47.61981,-52.7358,192.0,1,SKT-4015,,1.0,1.0,GPAO
05/03/2026,05:14:00,47.61982,-52.73584,196.0,1,SKT-4015,,1.0,1.0,GPAO
05/03/2026,05:14:07,47.61982,-52.73584,192.0,1,SKT-4015,,1.0,1.0,GPAO
05/03/2026,05:14:15,47.61984,-52.73575,186.0,1,SKT-4015,,1.0,1.0,GPAO
05/03/2026,05:14:22,47.61987,-52.73571,183.0,1,SKT-4015,,1.0,1.0,GPAO
05/03/2026,05:14:29,47.61987,-52.73571,186.0,1,SKT-4015,,1.0,1.0,GPAO
05/03/2026,05:14:36,47.61988,-52.73573,189.0,1,SKT-4015,,1.0,1.0,GPAO
05/03/2026,05:14:44,47.61987,-52.73575,196.0,1,SKT-4015,,1.0,1.0,GPAO
05/03/2026,05:14:51,47.61994,-52.73577,194.0,1,SKT-4015,,1.0,1.0,GPAO
05/03/2026,05:14:58,47.62003,-52.73578,192.0,1,SKT-4015,,1.0,1.0,GPAO
05/03/2026,05:15:05,47.62014,-52.73577,198.0,1,SKT-4015,,1.0,1.0,GPAO
05/03/2026,05:15:13,47.62015,-52.73579,201.0,1,SKT-4015,,1.0,1.0,GPAO
05/03/2026,05:15:20,47.62014,-52.73584,205.0,1,SKT-4015,,1.0,1.0,GPAO
05/03/2026,05:15:27,47.62016,-52.73584,205.0,1,SKT-4015,,1.0,1.0,GPAO
05/03/2026,05:15:34,47.62021,-52.7358,198.0,1,SKT-4015,,1.0,1.0,GPAO
05/03/2026,05:15:42,47.6202,-52.73581,199.0,1,SKT-4015,,1.0,1.0,GPAO
05/03/2026,05:15:49,47.62017,-52.73584,200.0,1,SKT-4015,,1.0,1.0,GPAO
05/03/2026,05:15:56,47.62015,-52.73587,204.0,1,SKT-4015,,1.0,1.0,GPAO
05/03/2026,05:16:03,47.62011,-52.7359,211.0,1,SKT-4015,,1.0,1.0,GPAO
05/03/2026,05:16:10,47.6201,-52.73589,212.0,1,SKT-4015,,1.0,1.0,GPAO
05/03/2026,05:16:18,47.62012,-52.73582,205.0,1,SKT-4015,,1.0,1.0,GPAO
05/03/2026,05:16:25,47.62014,-52.73576,200.0,1,SKT-4015,,1.0,1.0,GPAO
05/03/2026,05:16:32,47.62017,-52.73574,203.0,1,SKT-4015,,1.0,1.0,GPAO
05/03/2026,05:16:40,47.6202,-52.7357,203.0,1,SKT-4015,,1.0,1.0,GPAO
05/03/2026,05:16:47,47.62022,-52.73568,198.0,1,SKT-4015,,1.0,1.0,GPAO
05/03/2026,05:16:54,47.62025,-52.73566,196.0,1,SKT-4015,,1.0,1.0,GPAO
05/03/2026,05:17:01,47.62026,-52.73566,200.0,1,SKT-4015,,1.0,1.0,GPAO
05/03/2026,05:17:08,47.62026,-52.73567,202.0,1,SKT-4015,,1.0,1.0,GPAO
05/03/2026,05:17:16,47.62028,-52.73567,198.0,1,SKT-4015,,1.0,1.0,GPAO
05/03/2026,05:17:23,47.6203,-52.73566,195.0,1,SKT-4015,,1.0,1.0,GPAO
05/03/2026,05:17:30,47.62032,-52.73564,191.0,1,SKT-4015,,1.0,1.0,GPAO
05/03/2026,05:17:37,47.62031,-52.7356,187.0,1,SKT-4015,,1.0,1.0,GPAO
05/03/2026,05:17:45,47.62031,-52.73557,185.0,1,SKT-4015,,1.0,1.0,GPAO
05/03/2026,05:17:52,47.62033,-52.73556,184.0,1,SKT-4015,,1.0,1.0,GPAO
05/03/2026,05:17:59,47.62036,-52.73558,184.0,1,SKT-4015,,1.0,1.0,GPAO
05/03/2026,05:18:06,47.6204,-52.7356,186.0,1,SKT-4015,,1.0,1.0,GPAO
05/03/2026,05:18:14,47.62045,-52.73563,191.0,1,SKT-4015,,1.0,1.0,GPAO
05/03/2026,05:18:21,47.62047,-52.73565,188.0,1,SKT-4015,,1.0,1.0,GPAO
05/03/2026,05:18:28,47.62049,-52.73566,183.0,1,SKT-4015,,1.0,1.0,GPAO
05/03/2026,05:18:35,47.62049,-52.73569,180.0,1,SKT-4015,,1.0,1.0,GPAO
05/03/2026,05:18:43,47.62049,-52.73575,181.0,1,SKT-4015,,1.0,1.0,GPAO
05/03/2026,05:18:50,47.62047,-52.73584,191.0,1,SKT-4015,,1.0,1.0,GPAO
05/03/2026,05:18:57,47.6204,-52.73595,201.0,1,SKT-4015,,1.0,1.0,GPAO
05/03/2026,05:19:04,47.62029,-52.73602,203.0,1,SKT-4015,,1.0,1.0,GPAO
05/03/2026,05:19:12,47.62022,-52.73601,202.0,1,SKT-4015,,1.0,1.0,GPAO
05/03/2026,05:19:19,47.62015,-52.73591,185.0,1,SKT-4015,,1.0,1.0,GPAO
05/03/2026,05:19:26,47.62007,-52.73587,173.0,1,SKT-4015,,1.0,1.0,GPAO
05/03/2026,05:19:33,47.61999,-52.73587,163.0,1,SKT-4015,,1.0,1.0,GPAO
05/03/2026,05:19:41,47.61993,-52.73582,152.0,1,SKT-4015,,1.0,1.0,GPAO
05/03/2026,05:19:48,47.61996,-52.73573,146.0,1,SKT-4015,,1.0,1.0,GPAO
05/03/2026,05:19:55,47.62009,-52.73564,154.0,1,SKT-4015,,1.0,1.0,GPAO
05/03/2026,05:20:02,47.6202,-52.73557,157.0,1,SKT-4015,,1.0,1.0,GPAO
05/03/2026,05:20:10,47.62021,-52.73557,163.0,1,SKT-4015,,1.0,1.0,GPAO
05/03/2026,05:20:17,47.62019,-52.7356,171.0,1,SKT-4015,,1.0,1.0,GPAO
05/03/2026,05:20:24,47.62016,-52.73563,174.0,1,SKT-4015,,1.0,1.0,GPAO
05/03/2026,05:20:31,47.62014,-52.73566,176.0,1,SKT-4015,,1.0,1.0,GPAO
05/03/2026,05:20:39,47.62014,-52.73565,172.0,1,SKT-4015,,1.0,1.0,GPAO
05/03/2026,05:20:46,47.62013,-52.73565,168.0,1,SKT-4015,,1.0,1.0,GPAO
05/03/2026,05:20:53,47.6201,-52.73561,171.0,1,SKT-4015,,1.0,1.0,GPAO
05/03/2026,05:21:00,47.6201,-52.73555,186.0,1,SKT-4015,,1.0,1.0,GPAO
05/03/2026,05:21:08,47.62011,-52.73552,185.0,1,SKT-4015,,1.0,1.0,GPAO
05/03/2026,05:21:15,47.62013,-52.73551,181.0,1,SKT-4015,,1.0,1.0,GPAO
05/03/2026,05:21:22,47.62019,-52.73549,177.0,1,SKT-4015,,1.0,1.0,GPAO
05/03/2026,05:21:29,47.62025,-52.73547,169.0,1,SKT-4015,,1.0,1.0,GPAO
05/03/2026,05:21:37,47.62027,-52.73554,155.0,1,SKT-4015,,1.0,1.0,GPAO
05/03/2026,05:21:44,47.62015,-52.73571,148.0,1,SKT-4015,,1.0,1.0,GPAO
05/03/2026,05:21:51,47.62011,-52.73576,141.0,1,SKT-4015,,1.0,1.0,GPAO
05/03/2026,05:21:58,47.62013,-52.73579,131.0,1,SKT-4015,,1.0,1.0,GPAO
05/03/2026,05:22:06,47.62015,-52.73577,127.0,1,SKT-4015,,1.0,1.0,GPAO
05/03/2026,05:22:13,47.62016,-52.73575,136.0,1,SKT-4015,,1.0,1.0,GPAO
05/03/2026,05:22:20,47.62012,-52.73577,154.0,1,SKT-4015,,1.0,1.0,GPAO
05/03/2026,05:22:27,47.62008,-52.73578,169.0,1,SKT-4015,,1.0,1.0,GPAO
05/03/2026,05:22:35,47.62006,-52.7358,180.0,1,SKT-4015,,1.0,1.0,GPAO
05/03/2026,05:22:42,47.62006,-52.73582,183.0,1,SKT-4015,,1.0,1.0,GPAO
05/03/2026,05:22:49,47.62006,-52.73585,185.0,1,SKT-4015,,1.0,1.0,GPAO
05/03/2026,05:22:56,47.62009,-52.73592,184.0,1,SKT-4015,,1.0,1.0,GPAO
05/03/2026,05:23:04,47.62008,-52.73602,184.0,1,SKT-4015,,1.0,1.0,GPAO
05/03/2026,05:23:11,47.62005,-52.73613,186.0,1,SKT-4015,,1.0,1.0,GPAO
05/03/2026,05:23:18,47.62003,-52.7362,190.0,1,SKT-4015,,1.0,1.0,GPAO
05/03/2026,05:23:25,47.62003,-52.73623,193.0,1,SKT-4015,,1.0,1.0,GPAO
05/03/2026,05:23:33,47.61998,-52.73622,185.0,1,SKT-4015,,1.0,1.0,GPAO
05/03/2026,05:23:40,47.61992,-52.73619,177.0,1,SKT-4015,,1.0,1.0,GPAO
05/03/2026,05:23:47,47.61978,-52.73622,165.0,1,SKT-4015,,1.0,1.0,GPAO
05/03/2026,05:23:54,47.61972,-52.73623,156.0,1,SKT-4015,,1.0,1.0,GPAO
05/03/2026,05:24:02,47.61971,-52.73621,149.0,1,SKT-4015,,1.0,1.0,GPAO
05/03/2026,05:24:09,47.61971,-52.73618,152.0,1,SKT-4015,,1.0,1.0,GPAO
05/03/2026,05:24:16,47.61975,-52.73608,150.0,1,SKT-4015,,1.0,1.0,GPAO
05/03/2026,05:24:23,47.61983,-52.73594,168.0,1,SKT-4015,,1.0,1.0,GPAO
05/03/2026,05:24:31,47.61993,-52.7358,209.0,1,SKT-4015,,1.0,1.0,GPAO
05/03/2026,05:24:38,47.61998,-52.73576,230.0,1,SKT-4015,,1.0,1.0,GPAO
05/03/2026,05:24:45,47.62005,-52.73581,252.0,1,SKT-4015,,1.0,1.0,GPAO
05/03/2026,05:24:52,47.62007,-52.7358,249.0,1,SKT-4015,,1.0,1.0,GPAO
05/03/2026,05:25:00,47.6201,-52.73575,239.0,1,SKT-4015,,1.0,1.0,GPAO
05/03/2026,05:25:07,47.62014,-52.73569,225.0,1,SKT-4015,,1.0,1.0,GPAO
05/03/2026,05:25:14,47.62013,-52.73567,221.0,1,SKT-4015,,1.0,1.0,GPAO
05/03/2026,05:25:21,47.62011,-52.73568,210.0,1,SKT-4015,,1.0,1.0,GPAO
05/03/2026,05:25:28,47.6201,-52.73571,200.0,1,SKT-4015,,1.0,1.0,GPAO
05/03/2026,05:25:36,47.62009,-52.73576,188.0,1,SKT-4015,,1.0,1.0,GPAO
05/03/2026,05:25:43,47.62009,-52.7358,176.0,1,SKT-4015,,1.0,1.0,GPAO
05/03/2026,05:25:50,47.62012,-52.73582,178.0,1,SKT-4015,,1.0,1.0,GPAO
05/03/2026,05:25:58,47.62012,-52.73589,179.0,1,SKT-4015,,1.0,1.0,GPAO
05/03/2026,05:26:05,47.62011,-52.73598,189.0,1,SKT-4015,,1.0,1.0,GPAO
05/03/2026,05:26:12,47.62011,-52.736,191.0,1,SKT-4015,,1.0,1.0,GPAO
05/03/2026,05:26:19,47.62012,-52.736,195.0,1,SKT-4015,,1.0,1.0,GPAO
05/03/2026,05:26:26,47.62008,-52.73599,198.0,1,SKT-4015,,1.0,1.0,GPAO
05/03/2026,05:26:35,47.61995,-52.73604,204.0,1,SKT-4015,,1.0,1.0,GPAO
05/03/2026,05:26:42,47.6199,-52.73599,208.0,1,SKT-4015,,1.0,1.0,GPAO
05/03/2026,05:26:49,47.61987,-52.73593,212.0,1,SKT-4015,,1.0,1.0,GPAO
05/03/2026,05:26:56,47.61987,-52.73586,213.0,1,SKT-4015,,1.0,1.0,GPAO
05/03/2026,05:27:04,47.61988,-52.73579,217.0,1,SKT-4015,,1.0,1.0,GPAO
05/03/2026,05:27:11,47.61989,-52.73581,224.0,1,SKT-4015,,1.0,1.0,GPAO
05/03/2026,05:27:18,47.6199,-52.73587,237.0,1,SKT-4015,,1.0,1.0,GPAO
05/03/2026,05:27:25,47.61988,-52.73605,248.0,1,SKT-4015,,1.0,1.0,GPAO
05/03/2026,05:27:32,47.61989,-52.73611,239.0,1,SKT-4015,,1.0,1.0,GPAO
05/03/2026,05:27:40,47.61993,-52.73613,221.0,1,SKT-4015,,1.0,1.0,GPAO
05/03/2026,05:27:47,47.61997,-52.73612,208.0,1,SKT-4015,,1.0,1.0,GPAO
05/03/2026,05:27:54,47.62005,-52.73608,195.0,1,SKT-4015,,1.0,1.0,GPAO
05/03/2026,05:28:01,47.62007,-52.7361,195.0,1,SKT-4015,,1.0,1.0,GPAO
05/03/2026,05:28:09,47.62006,-52.73609,194.0,1,SKT-4015,,1.0,1.0,GPAO
05/03/2026,05:28:16,47.62009,-52.73606,200.0,1,SKT-4015,,1.0,1.0,GPAO
05/03/2026,05:28:23,47.62017,-52.73602,202.0,1,SKT-4015,,1.0,1.0,GPAO
05/03/2026,05:28:30,47.62019,-52.73606,199.0,1,SKT-4015,,1.0,1.0,GPAO
05/03/2026,05:28:38,47.62017,-52.73607,191.0,1,SKT-4015,,1.0,1.0,GPAO
05/03/2026,05:28:45,47.62017,-52.73603,178.0,1,SKT-4015,,1.0,1.0,GPAO
05/03/2026,05:28:52,47.62009,-52.73611,177.0,1,SKT-4015,,1.0,1.0,GPAO
05/03/2026,05:28:59,47.62006,-52.73616,170.0,1,SKT-4015,,1.0,1.0,GPAO
05/03/2026,05:29:07,47.6202,-52.73607,167.0,1,SKT-4015,,1.0,1.0,GPAO
05/03/2026,05:29:14,47.6203,-52.73594,165.0,1,SKT-4015,,1.0,1.0,GPAO
05/03/2026,05:29:21,47.62032,-52.73586,168.0,1,SKT-4015,,1.0,1.0,GPAO
05/03/2026,05:29:28,47.62027,-52.73587,178.0,1,SKT-4015,,1.0,1.0,GPAO
05/03/2026,05:29:36,47.62023,-52.73588,189.0,1,SKT-4015,,1.0,1.0,GPAO
05/03/2026,05:29:43,47.6202,-52.7359,198.0,1,SKT-4015,,1.0,1.0,GPAO
05/03/2026,05:29:50,47.62014,-52.73588,195.0,1,SKT-4015,,1.0,1.0,GPAO
05/03/2026,05:29:57,47.62009,-52.73592,176.0,1,SKT-4015,,1.0,1.0,GPAO
05/03/2026,05:30:05,47.62004,-52.73596,158.0,1,SKT-4015,,1.0,1.0,GPAO
05/03/2026,05:30:12,47.62,-52.73599,154.0,1,SKT-4015,,1.0,1.0,GPAO
05/03/2026,05:30:19,47.61998,-52.73599,161.0,1,SKT-4015,,1.0,1.0,GPAO
05/03/2026,05:30:26,47.61996,-52.73598,172.0,1,SKT-4015,,1.0,1.0,GPAO
05/03/2026,05:30:34,47.61997,-52.73598,181.0,1,SKT-4015,,1.0,1.0,GPAO
05/03/2026,05:30:41,47.61998,-52.736,181.0,1,SKT-4015,,1.0,1.0,GPAO
05/03/2026,05:30:48,47.62,-52.73602,178.0,1,SKT-4015,,1.0,1.0,GPAO
05/03/2026,05:30:56,47.62,-52.73602,169.0,1,SKT-4015,,1.0,1.0,GPAO
05/03/2026,05:31:03,47.62,-52.73608,169.0,1,SKT-4015,,1.0,1.0,GPAO
05/03/2026,05:31:11,47.61995,-52.73618,163.0,1,SKT-4015,,1.0,1.0,GPAO
05/03/2026,05:31:18,47.61991,-52.73625,157.0,1,SKT-4015,,1.0,1.0,GPAO
05/03/2026,05:31:25,47.61989,-52.73629,152.0,1,SKT-4015,,1.0,1.0,GPAO
05/03/2026,05:31:32,47.61987,-52.73631,149.0,1,SKT-4015,,1.0,1.0,GPAO
05/03/2026,05:31:40,47.61981,-52.73642,156.0,1,SKT-4015,,1.0,1.0,GPAO
05/03/2026,05:31:47,47.61977,-52.73654,164.0,1,SKT-4015,,1.0,1.0,GPAO
05/03/2026,05:31:54,47.61979,-52.73659,182.0,1,SKT-4015,,1.0,1.0,GPAO
05/03/2026,05:32:01,47.61987,-52.73652,195.0,1,SKT-4015,,1.0,1.0,GPAO
05/03/2026,05:32:09,47.61992,-52.73639,186.0,1,SKT-4015,,1.0,1.0,GPAO
05/03/2026,05:32:16,47.61993,-52.73631,178.0,1,SKT-4015,,1.0,1.0,GPAO
05/03/2026,05:32:23,47.61994,-52.73631,183.0,1,SKT-4015,,1.0,1.0,GPAO
05/03/2026,05:32:30,47.62,-52.73627,188.0,1,SKT-4015,,1.0,1.0,GPAO
05/03/2026,05:32:38,47.6202,-52.73611,206.0,1,SKT-4015,,1.0,1.0,GPAO
05/03/2026,05:32:45,47.62024,-52.73606,204.0,1,SKT-4015,,1.0,1.0,GPAO
05/03/2026,05:32:52,47.62023,-52.73602,197.0,1,SKT-4015,,1.0,1.0,GPAO
05/03/2026,05:32:59,47.62021,-52.73597,192.0,1,SKT-4015,,1.0,1.0,GPAO
05/03/2026,05:33:07,47.62019,-52.73595,190.0,1,SKT-4015,,1.0,1.0,GPAO
05/03/2026,05:33:14,47.62018,-52.73595,194.0,1,SKT-4015,,1.0,1.0,GPAO
05/03/2026,05:33:21,47.62017,-52.73597,197.0,1,SKT-4015,,1.0,1.0,GPAO
05/03/2026,05:33:28,47.62014,-52.73601,199.0,1,SKT-4015,,1.0,1.0,GPAO
05/03/2026,05:33:36,47.62013,-52.73599,194.0,1,SKT-4015,,1.0,1.0,GPAO
05/03/2026,05:33:43,47.62015,-52.73592,192.0,1,SKT-4015,,1.0,1.0,GPAO
05/03/2026,05:33:50,47.62017,-52.73585,192.0,1,SKT-4015,,1.0,1.0,GPAO
05/03/2026,05:33:57,47.6202,-52.73581,189.0,1,SKT-4015,,1.0,1.0,GPAO
05/03/2026,05:34:05,47.62025,-52.73586,176.0,1,SKT-4015,,1.0,1.0,GPAO
05/03/2026,05:34:12,47.62029,-52.73592,174.0,1,SKT-4015,,1.0,1.0,GPAO
05/03/2026,05:34:19,47.62032,-52.73594,181.0,1,SKT-4015,,1.0,1.0,GPAO
05/03/2026,05:34:26,47.62032,-52.73597,190.0,1,SKT-4015,,1.0,1.0,GPAO
05/03/2026,05:34:34,47.62026,-52.73605,198.0,1,SKT-4015,,1.0,1.0,GPAO
05/03/2026,05:34:41,47.62017,-52.73614,207.0,1,SKT-4015,,1.0,1.0,GPAO
05/03/2026,05:34:48,47.6201,-52.73616,212.0,1,SKT-4015,,1.0,1.0,GPAO
05/03/2026,05:34:55,47.62006,-52.73611,214.0,1,SKT-4015,,1.0,1.0,GPAO
05/03/2026,05:35:03,47.62004,-52.73597,217.0,1,SKT-4015,,1.0,1.0,GPAO
05/03/2026,05:35:10,47.62005,-52.73582,223.0,1,SKT-4015,,1.0,1.0,GPAO
05/03/2026,05:35:17,47.62011,-52.73568,228.0,1,SKT-4015,,1.0,1.0,GPAO
05/03/2026,05:35:24,47.62012,-52.73562,235.0,1,SKT-4015,,1.0,1.0,GPAO
05/03/2026,05:35:32,47.62014,-52.73557,243.0,1,SKT-4015,,1.0,1.0,GPAO
05/03/2026,05:35:39,47.62017,-52.7355,248.0,1,SKT-4015,,1.0,1.0,GPAO
05/03/2026,05:35:46,47.6202,-52.73553,240.0,1,SKT-4015,,1.0,1.0,GPAO
05/03/2026,05:35:53,47.62023,-52.73566,225.0,1,SKT-4015,,1.0,1.0,GPAO
05/03/2026,05:36:01,47.62024,-52.73577,216.0,1,SKT-4015,,1.0,1.0,GPAO
05/03/2026,05:36:08,47.62026,-52.7358,201.0,1,SKT-4015,,1.0,1.0,GPAO
05/03/2026,05:36:15,47.62029,-52.73582,193.0,1,SKT-4015,,1.0,1.0,GPAO
05/03/2026,05:36:22,47.62032,-52.73582,191.0,1,SKT-4015,,1.0,1.0,GPAO
05/03/2026,05:36:30,47.62038,-52.73581,193.0,1,SKT-4015,,1.0,1.0,GPAO
05/03/2026,05:36:37,47.6204,-52.73579,193.0,1,SKT-4015,,1.0,1.0,GPAO
05/03/2026,05:36:44,47.6204,-52.73579,191.0,1,SKT-4015,,1.0,1.0,GPAO
05/03/2026,05:36:51,47.62039,-52.73577,187.0,1,SKT-4015,,1.0,1.0,GPAO
05/03/2026,05:36:58,47.62038,-52.73577,183.0,1,SKT-4015,,1.0,1.0,GPAO
05/03/2026,05:37:07,47.62034,-52.73581,174.0,1,SKT-4015,,1.0,1.0,GPAO
05/03/2026,05:37:14,47.62033,-52.7358,169.0,1,SKT-4015,,1.0,1.0,GPAO
05/03/2026,05:37:21,47.62031,-52.7358,172.0,1,SKT-4015,,1.0,1.0,GPAO
05/03/2026,05:37:28,47.62024,-52.7358,181.0,1,SKT-4015,,1.0,1.0,GPAO
05/03/2026,05:37:36,47.62019,-52.73579,182.0,1,SKT-4015,,1.0,1.0,GPAO
05/03/2026,05:37:43,47.62018,-52.73579,183.0,1,SKT-4015,,1.0,1.0,GPAO
05/03/2026,05:37:50,47.62015,-52.73581,187.0,1,SKT-4015,,1.0,1.0,GPAO
05/03/2026,05:37:57,47.62012,-52.73587,196.0,1,SKT-4015,,1.0,1.0,GPAO
05/03/2026,05:38:04,47.6201,-52.73594,198.0,1,SKT-4015,,1.0,1.0,GPAO
05/03/2026,05:38:12,47.6201,-52.73597,199.0,1,SKT-4015,,1.0,1.0,GPAO
05/03/2026,05:38:19,47.62011,-52.73595,204.0,1,SKT-4015,,1.0,1.0,GPAO
05/03/2026,05:38:26,47.62013,-52.7359,206.0,1,SKT-4015,,1.0,1.0,GPAO
05/03/2026,05:38:33,47.62013,-52.73589,210.0,1,SKT-4015,,1.0,1.0,GPAO
05/03/2026,05:38:41,47.62019,-52.73584,230.0,1,SKT-4015,,1.0,1.0,GPAO
05/03/2026,05:38:48,47.62019,-52.73581,243.0,1,SKT-4015,,1.0,1.0,GPAO
05/03/2026,05:38:55,47.62017,-52.73579,250.0,1,SKT-4015,,1.0,1.0,GPAO
05/03/2026,05:39:03,47.62015,-52.73575,235.0,1,SKT-4015,,1.0,1.0,GPAO
05/03/2026,05:39:10,47.62012,-52.73574,224.0,1,SKT-4015,,1.0,1.0,GPAO
05/03/2026,05:39:17,47.62009,-52.7357,205.0,1,SKT-4015,,1.0,1.0,GPAO
05/03/2026,05:39:24,47.62006,-52.73564,189.0,1,SKT-4015,,1.0,1.0,GPAO
05/03/2026,05:39:31,47.62003,-52.73569,179.0,1,SKT-4015,,1.0,1.0,GPAO
05/03/2026,05:39:39,47.62001,-52.73584,164.0,1,SKT-4015,,1.0,1.0,GPAO
05/03/2026,05:39:46,47.62001,-52.73579,161.0,1,SKT-4015,,1.0,1.0,GPAO
05/03/2026,05:39:53,47.62002,-52.73574,164.0,1,SKT-4015,,1.0,1.0,GPAO
05/03/2026,05:40:00,47.62004,-52.73572,162.0,1,SKT-4015,,1.0,1.0,GPAO
05/03/2026,05:40:08,47.62005,-52.73569,158.0,1,SKT-4015,,1.0,1.0,GPAO
05/03/2026,05:40:15,47.62003,-52.73571,158.0,1,SKT-4015,,1.0,1.0,GPAO
05/03/2026,05:40:22,47.61999,-52.73576,168.0,1,SKT-4015,,1.0,1.0,GPAO
05/03/2026,05:40:29,47.61998,-52.73581,177.0,1,SKT-4015,,1.0,1.0,GPAO
05/03/2026,05:40:37,47.61996,-52.73585,182.0,1,SKT-4015,,1.0,1.0,GPAO
05/03/2026,05:40:44,47.61995,-52.73591,182.0,1,SKT-4015,,1.0,1.0,GPAO
05/03/2026,05:40:51,47.62,-52.73589,184.0,1,SKT-4015,,1.0,1.0,GPAO
05/03/2026,05:40:58,47.62003,-52.73586,182.0,1,SKT-4015,,1.0,1.0,GPAO
05/03/2026,05:41:06,47.62006,-52.73582,180.0,1,SKT-4015,,1.0,1.0,GPAO
05/03/2026,05:41:13,47.62006,-52.73581,177.0,1,SKT-4015,,1.0,1.0,GPAO
05/03/2026,05:41:20,47.62009,-52.7358,174.0,1,SKT-4015,,1.0,1.0,GPAO
05/03/2026,05:41:27,47.62012,-52.73578,172.0,1,SKT-4015,,1.0,1.0,GPAO
05/03/2026,05:41:35,47.62017,-52.7357,178.0,1,SKT-4015,,1.0,1.0,GPAO
05/03/2026,05:41:42,47.62018,-52.73561,183.0,1,SKT-4015,,1.0,1.0,GPAO
05/03/2026,05:41:49,47.62019,-52.73563,191.0,1,SKT-4015,,1.0,1.0,GPAO
05/03/2026,05:41:56,47.62017,-52.73572,202.0,1,SKT-4015,,1.0,1.0,GPAO
05/03/2026,05:42:04,47.62014,-52.73579,212.0,1,SKT-4015,,1.0,1.0,GPAO
05/03/2026,05:42:11,47.62013,-52.7358,213.0,1,SKT-4015,,1.0,1.0,GPAO
05/03/2026,05:42:18,47.62012,-52.73574,207.0,1,SKT-4015,,1.0,1.0,GPAO
05/03/2026,05:42:25,47.62013,-52.73573,195.0,1,SKT-4015,,1.0,1.0,GPAO
05/03/2026,05:42:33,47.62014,-52.73573,176.0,1,SKT-4015,,1.0,1.0,GPAO
05/03/2026,05:42:40,47.62015,-52.73568,167.0,1,SKT-4015,,1.0,1.0,GPAO
05/03/2026,05:42:47,47.62023,-52.73558,164.0,1,SKT-4015,,1.0,1.0,GPAO
05/03/2026,05:42:54,47.62027,-52.73552,170.0,1,SKT-4015,,1.0,1.0,GPAO
05/03/2026,05:43:02,47.62027,-52.73549,173.0,1,SKT-4015,,1.0,1.0,GPAO
05/03/2026,05:43:09,47.62029,-52.73543,177.0,1,SKT-4015,,1.0,1.0,GPAO
05/03/2026,05:43:16,47.62029,-52.73539,181.0,1,SKT-4015,,1.0,1.0,GPAO
05/03/2026,05:43:23,47.62029,-52.73539,184.0,1,SKT-4015,,1.0,1.0,GPAO
05/03/2026,05:43:31,47.62035,-52.7355,172.0,1,SKT-4015,,1.0,1.0,GPAO
05/03/2026,05:43:38,47.62036,-52.73551,170.0,1,SKT-4015,,1.0,1.0,GPAO
05/03/2026,05:43:45,47.62032,-52.73553,172.0,1,SKT-4015,,1.0,1.0,GPAO
05/03/2026,05:43:52,47.62032,-52.73552,169.0,1,SKT-4015,,1.0,1.0,GPAO
05/03/2026,05:44:00,47.6203,-52.73554,173.0,1,SKT-4015,,1.0,1.0,GPAO
05/03/2026,05:44:07,47.6203,-52.73557,178.0,1,SKT-4015,,1.0,1.0,GPAO
05/03/2026,05:44:14,47.62029,-52.73558,174.0,1,SKT-4015,,1.0,1.0,GPAO
05/03/2026,05:44:22,47.62031,-52.73559,167.0,1,SKT-4015,,1.0,1.0,GPAO
05/03/2026,05:44:29,47.62032,-52.7356,163.0,1,SKT-4015,,1.0,1.0,GPAO
05/03/2026,05:44:37,47.62033,-52.73561,159.0,1,SKT-4015,,1.0,1.0,GPAO
05/03/2026,05:44:44,47.62033,-52.7356,154.0,1,SKT-4015,,1.0,1.0,GPAO
05/03/2026,05:44:51,47.62034,-52.7356,151.0,1,SKT-4015,,1.0,1.0,GPAO
05/03/2026,05:44:58,47.62033,-52.7356,152.0,1,SKT-4015,,1.0,1.0,GPAO
05/03/2026,05:45:06,47.62029,-52.73561,158.0,1,SKT-4015,,1.0,1.0,GPAO
05/03/2026,05:45:13,47.62025,-52.73561,165.0,1,SKT-4015,,1.0,1.0,GPAO
05/03/2026,05:45:20,47.62024,-52.7356,171.0,1,SKT-4015,,1.0,1.0,GPAO
05/03/2026,05:45:27,47.62022,-52.7356,178.0,1,SKT-4015,,1.0,1.0,GPAO
05/03/2026,05:45:35,47.6202,-52.73565,182.0,1,SKT-4015,,1.0,1.0,GPAO
05/03/2026,05:45:42,47.62017,-52.73566,188.0,1,SKT-4015,,1.0,1.0,GPAO
05/03/2026,05:45:49,47.62016,-52.73565,188.0,1,SKT-4015,,1.0,1.0,GPAO
05/03/2026,05:45:56,47.62018,-52.73562,184.0,1,SKT-4015,,1.0,1.0,GPAO
05/03/2026,05:46:04,47.62021,-52.73561,176.0,1,SKT-4015,,1.0,1.0,GPAO
05/03/2026,05:46:11,47.62024,-52.7357,165.0,1,SKT-4015,,1.0,1.0,GPAO
05/03/2026,05:46:18,47.62026,-52.73576,159.0,1,SKT-4015,,1.0,1.0,GPAO
05/03/2026,05:46:25,47.62024,-52.73588,165.0,1,SKT-4015,,1.0,1.0,GPAO
05/03/2026,05:46:33,47.62018,-52.736,180.0,1,SKT-4015,,1.0,1.0,GPAO
05/03/2026,05:46:40,47.62017,-52.73606,180.0,1,SKT-4015,,1.0,1.0,GPAO
05/03/2026,05:46:47,47.62016,-52.7361,183.0,1,SKT-4015,,1.0,1.0,GPAO
05/03/2026,05:46:54,47.6202,-52.73605,194.0,1,SKT-4015,,1.0,1.0,GPAO
05/03/2026,05:47:01,47.62028,-52.73598,202.0,1,SKT-4015,,1.0,1.0,GPAO
05/03/2026,05:47:09,47.62032,-52.73597,202.0,1,SKT-4015,,1.0,1.0,GPAO
05/03/2026,05:47:16,47.62034,-52.73595,189.0,1,SKT-4015,,1.0,1.0,GPAO
05/03/2026,05:47:23,47.62032,-52.73591,178.0,1,SKT-4015,,1.0,1.0,GPAO
05/03/2026,05:47:30,47.62033,-52.7359,172.0,1,SKT-4015,,1.0,1.0,GPAO
05/03/2026,05:47:38,47.62038,-52.73585,163.0,1,SKT-4015,,1.0,1.0,GPAO
05/03/2026,05:47:45,47.6204,-52.73581,161.0,1,SKT-4015,,1.0,1.0,GPAO
05/03/2026,05:47:52,47.62041,-52.73579,161.0,1,SKT-4015,,1.0,1.0,GPAO
05/03/2026,05:47:59,47.62041,-52.73577,163.0,1,SKT-4015,,1.0,1.0,GPAO
05/03/2026,05:48:07,47.62038,-52.73575,175.0,1,SKT-4015,,1.0,1.0,GPAO
05/03/2026,05:48:14,47.62033,-52.73566,187.0,1,SKT-4015,,1.0,1.0,GPAO
05/03/2026,05:48:21,47.62032,-52.73551,205.0,1,SKT-4015,,1.0,1.0,GPAO
05/03/2026,05:48:28,47.62031,-52.73549,209.0,1,SKT-4015,,1.0,1.0,GPAO
05/03/2026,05:48:36,47.62031,-52.73558,202.0,1,SKT-4015,,1.0,1.0,GPAO
05/03/2026,05:48:43,47.62031,-52.73563,202.0,1,SKT-4015,,1.0,1.0,GPAO
05/03/2026,05:48:50,47.62036,-52.73569,197.0,1,SKT-4015,,1.0,1.0,GPAO
05/03/2026,05:48:58,47.62037,-52.73567,198.0,1,SKT-4015,,1.0,1.0,GPAO
05/03/2026,05:49:05,47.62041,-52.73575,205.0,1,SKT-4015,,1.0,1.0,GPAO
05/03/2026,05:49:13,47.62042,-52.7358,210.0,1,SKT-4015,,1.0,1.0,GPAO
05/03/2026,05:49:20,47.62045,-52.73581,216.0,1,SKT-4015,,1.0,1.0,GPAO
05/03/2026,05:49:27,47.62047,-52.73578,215.0,1,SKT-4015,,1.0,1.0,GPAO
05/03/2026,05:49:35,47.62049,-52.73574,209.0,1,SKT-4015,,1.0,1.0,GPAO
05/03/2026,05:49:44,47.62049,-52.7357,197.0,1,SKT-4015,,1.0,1.0,GPAO
05/03/2026,05:49:51,47.62048,-52.73568,186.0,1,SKT-4015,,1.0,1.0,GPAO
05/03/2026,05:49:59,47.62048,-52.73564,182.0,1,SKT-4015,,1.0,1.0,GPAO
05/03/2026,05:50:06,47.62046,-52.73563,186.0,1,SKT-4015,,1.0,1.0,GPAO
05/03/2026,05:50:14,47.62045,-52.73567,208.0,1,SKT-4015,,1.0,1.0,GPAO
05/03/2026,05:50:21,47.62041,-52.73571,225.0,1,SKT-4015,,1.0,1.0,GPAO
05/03/2026,05:50:29,47.62041,-52.73573,220.0,1,SKT-4015,,1.0,1.0,GPAO
05/03/2026,05:50:37,47.62043,-52.73572,211.0,1,SKT-4015,,1.0,1.0,GPAO
05/03/2026,05:50:44,47.62044,-52.73573,204.0,1,SKT-4015,,1.0,1.0,GPAO
05/03/2026,05:50:51,47.62046,-52.73576,203.0,1,SKT-4015,,1.0,1.0,GPAO
05/03/2026,05:50:59,47.62048,-52.73575,206.0,1,SKT-4015,,1.0,1.0,GPAO
05/03/2026,05:51:07,47.62049,-52.73575,201.0,1,SKT-4015,,1.0,1.0,GPAO
05/03/2026,05:51:14,47.6205,-52.73576,200.0,1,SKT-4015,,1.0,1.0,GPAO
05/03/2026,05:51:21,47.62051,-52.73576,196.0,1,SKT-4015,,1.0,1.0,GPAO
05/03/2026,05:51:28,47.62052,-52.73576,195.0,1,SKT-4015,,1.0,1.0,GPAO
05/03/2026,05:51:36,47.62054,-52.73576,189.0,1,SKT-4015,,1.0,1.0,GPAO
05/03/2026,05:51:43,47.62056,-52.73576,190.0,1,SKT-4015,,1.0,1.0,GPAO
05/03/2026,05:51:50,47.62061,-52.73575,192.0,1,SKT-4015,,1.0,1.0,GPAO
05/03/2026,05:51:57,47.62064,-52.73574,200.0,1,SKT-4015,,1.0,1.0,GPAO
05/03/2026,05:52:05,47.62062,-52.73573,209.0,1,SKT-4015,,1.0,1.0,GPAO
05/03/2026,05:52:12,47.62062,-52.73573,212.0,1,SKT-4015,,1.0,1.0,GPAO
05/03/2026,05:52:19,47.62062,-52.73573,214.0,1,SKT-4015,,1.0,1.0,GPAO
05/03/2026,05:52:27,47.62061,-52.73575,213.0,1,SKT-4015,,1.0,1.0,GPAO
05/03/2026,05:52:35,47.62057,-52.73577,202.0,1,SKT-4015,,1.0,1.0,GPAO
05/03/2026,05:52:42,47.62053,-52.73578,205.0,1,SKT-4015,,1.0,1.0,GPAO
05/03/2026,05:52:49,47.62045,-52.73578,218.0,1,SKT-4015,,1.0,1.0,GPAO
05/03/2026,05:52:56,47.62033,-52.73576,224.0,1,SKT-4015,,1.0,1.0,GPAO
05/03/2026,05:53:04,47.62025,-52.73577,219.0,1,SKT-4015,,1.0,1.0,GPAO
05/03/2026,05:53:11,47.62022,-52.73572,219.0,1,SKT-4015,,1.0,1.0,GPAO
05/03/2026,05:53:18,47.62018,-52.73571,216.0,1,SKT-4015,,1.0,1.0,GPAO
05/03/2026,05:53:27,47.62014,-52.73566,210.0,1,SKT-4015,,1.0,0.0,GPAO
05/03/2026,05:53:34,47.62012,-52.73563,206.0,1,SKT-4015,,1.0,1.0,GPAO
05/03/2026,05:53:42,47.62008,-52.73558,204.0,1,SKT-4015,,1.0,1.0,GPAO
05/03/2026,05:53:49,47.62005,-52.73562,199.0,1,SKT-4015,,1.0,1.0,GPAO
05/03/2026,05:53:56,47.62004,-52.73576,187.0,1,SKT-4015,,1.0,1.0,GPAO
05/03/2026,05:54:04,47.62,-52.73591,183.0,1,SKT-4015,,1.0,1.0,GPAO
05/03/2026,05:54:12,47.61994,-52.7361,183.0,1,SKT-4015,,1.0,1.0,GPAO
05/03/2026,05:54:19,47.61992,-52.73622,180.0,1,SKT-4015,,1.0,1.0,GPAO
05/03/2026,05:54:26,47.61993,-52.7362,177.0,1,SKT-4015,,1.0,1.0,GPAO
05/03/2026,05:54:33,47.61995,-52.73607,179.0,1,SKT-4015,,1.0,1.0,GPAO
05/03/2026,05:54:41,47.61997,-52.736,178.0,1,SKT-4015,,1.0,1.0,GPAO
05/03/2026,05:54:48,47.62001,-52.73594,171.0,1,SKT-4015,,1.0,1.0,GPAO
05/03/2026,05:54:55,47.62001,-52.73592,164.0,1,SKT-4015,,1.0,1.0,GPAO
05/03/2026,05:55:02,47.62003,-52.73597,158.0,1,SKT-4015,,1.0,1.0,GPAO
05/03/2026,05:55:10,47.62004,-52.73598,159.0,1,SKT-4015,,1.0,1.0,GPAO
05/03/2026,05:55:17,47.62006,-52.73611,159.0,1,SKT-4015,,1.0,1.0,GPAO
05/03/2026,05:55:24,47.62008,-52.73626,150.0,1,SKT-4015,,1.0,1.0,GPAO
05/03/2026,05:55:31,47.62008,-52.73626,145.0,1,SKT-4015,,1.0,1.0,GPAO
05/03/2026,05:55:39,47.62012,-52.73615,150.0,1,SKT-4015,,1.0,1.0,GPAO
05/03/2026,05:55:49,47.62017,-52.73611,160.0,1,SKT-4015,,1.0,1.0,GPAO
05/03/2026,05:55:57,47.6202,-52.73607,168.0,1,SKT-4015,,1.0,1.0,GPAO
05/03/2026,05:56:05,47.62023,-52.73596,165.0,1,SKT-4015,,1.0,1.0,GPAO
05/03/2026,05:56:12,47.62025,-52.7359,166.0,1,SKT-4015,,1.0,1.0,GPAO
05/03/2026,05:56:19,47.62029,-52.73585,172.0,1,SKT-4015,,1.0,1.0,GPAO
05/03/2026,05:56:27,47.62032,-52.73582,174.0,1,SKT-4015,,1.0,1.0,GPAO
05/03/2026,05:56:34,47.62033,-52.73579,176.0,1,SKT-4015,,1.0,1.0,GPAO
05/03/2026,05:56:41,47.62033,-52.73577,174.0,1,SKT-4015,,1.0,1.0,GPAO
05/03/2026,05:56:48,47.62032,-52.73576,170.0,1,SKT-4015,,1.0,1.0,GPAO
05/03/2026,05:56:56,47.62031,-52.73575,166.0,1,SKT-4015,,1.0,1.0,GPAO
05/03/2026,05:57:03,47.62037,-52.73569,166.0,1,SKT-4015,,1.0,1.0,GPAO
05/03/2026,05:57:10,47.62038,-52.73567,172.0,1,SKT-4015,,1.0,1.0,GPAO
05/03/2026,05:57:17,47.62037,-52.73565,176.0,1,SKT-4015,,1.0,1.0,GPAO
05/03/2026,05:57:25,47.62032,-52.73563,190.0,1,SKT-4015,,1.0,1.0,GPAO
05/03/2026,05:57:33,47.62028,-52.73563,196.0,1,SKT-4015,,1.0,1.0,GPAO
05/03/2026,05:57:40,47.62028,-52.73563,196.0,1,SKT-4015,,1.0,1.0,GPAO
05/03/2026,05:57:47,47.62032,-52.73563,192.0,1,SKT-4015,,1.0,1.0,GPAO
05/03/2026,05:57:55,47.62036,-52.7356,187.0,1,SKT-4015,,1.0,1.0,GPAO
05/03/2026,05:58:02,47.62037,-52.73558,183.0,1,SKT-4015,,1.0,1.0,GPAO
05/03/2026,05:58:09,47.62038,-52.73554,183.0,1,SKT-4015,,1.0,1.0,GPAO
05/03/2026,05:58:16,47.6204,-52.73555,195.0,1,SKT-4015,,1.0,1.0,GPAO
05/03/2026,05:58:24,47.62041,-52.73558,204.0,1,SKT-4015,,1.0,1.0,GPAO
05/03/2026,05:58:31,47.62039,-52.73559,206.0,1,SKT-4015,,1.0,1.0,GPAO
05/03/2026,05:58:38,47.62037,-52.73558,208.0,1,SKT-4015,,1.0,1.0,GPAO
05/03/2026,05:58:45,47.62035,-52.73555,214.0,1,SKT-4015,,1.0,1.0,GPAO
05/03/2026,05:58:53,47.62034,-52.73551,224.0,1,SKT-4015,,1.0,1.0,GPAO
05/03/2026,05:59:00,47.62033,-52.73552,249.0,1,SKT-4015,,1.0,1.0,GPAO
05/03/2026,05:59:07,47.62034,-52.73554,262.0,1,SKT-4015,,1.0,1.0,GPAO
05/03/2026,05:59:14,47.62036,-52.73557,260.0,1,SKT-4015,,1.0,1.0,GPAO
05/03/2026,05:59:21,47.6204,-52.7356,254.0,1,SKT-4015,,1.0,1.0,GPAO
05/03/2026,05:59:29,47.62045,-52.73566,236.0,1,SKT-4015,,1.0,1.0,GPAO
05/03/2026,05:59:36,47.62048,-52.73567,227.0,1,SKT-4015,,1.0,1.0,GPAO
05/03/2026,05:59:43,47.6205,-52.73569,221.0,1,SKT-4015,,1.0,1.0,GPAO
05/03/2026,05:59:50,47.62053,-52.73571,216.0,1,SKT-4015,,1.0,1.0,GPAO
05/03/2026,05:59:58,47.6206,-52.73567,212.0,1,SKT-4015,,1.0,1.0,GPAO
05/03/2026,06:00:05,47.62061,-52.73563,207.0,1,SKT-4015,,1.0,1.0,GPAO
05/03/2026,06:00:12,47.62063,-52.73555,195.0,1,SKT-4015,,1.0,1.0,GPAO
05/03/2026,06:00:19,47.62065,-52.73547,187.0,1,SKT-4015,,1.0,1.0,GPAO
05/03/2026,06:00:27,47.62061,-52.73545,195.0,1,SKT-4015,,1.0,1.0,GPAO
05/03/2026,06:00:41,47.62053,-52.73552,214.0,1,SKT-4015,,1.0,1.0,GPAO
05/03/2026,06:00:48,47.62052,-52.73551,214.0,1,SKT-4015,,1.0,1.0,GPAO
05/03/2026,06:00:56,47.6205,-52.73549,220.0,1,SKT-4015,,1.0,1.0,GPAO
05/03/2026,06:01:03,47.62049,-52.73547,226.0,1,SKT-4015,,1.0,1.0,GPAO
05/03/2026,06:01:10,47.62048,-52.73545,230.0,1,SKT-4015,,1.0,1.0,GPAO
05/03/2026,06:01:17,47.62049,-52.73551,227.0,1,SKT-4015,,1.0,1.0,GPAO
05/03/2026,06:01:25,47.62052,-52.73549,224.0,1,SKT-4015,,1.0,1.0,GPAO
05/03/2026,06:01:32,47.62055,-52.73548,221.0,1,SKT-4015,,1.0,1.0,GPAO
05/03/2026,06:01:39,47.62056,-52.73547,221.0,1,SKT-4015,,1.0,1.0,GPAO
05/03/2026,06:01:46,47.62058,-52.73555,212.0,1,SKT-4015,,1.0,1.0,GPAO
05/03/2026,06:01:54,47.62056,-52.73559,201.0,1,SKT-4015,,1.0,1.0,GPAO
05/03/2026,06:02:01,47.62053,-52.73561,192.0,1,SKT-4015,,1.0,1.0,GPAO
05/03/2026,06:02:08,47.62048,-52.73562,187.0,1,SKT-4015,,1.0,1.0,GPAO
05/03/2026,06:02:15,47.62045,-52.73562,180.0,1,SKT-4015,,1.0,1.0,GPAO
05/03/2026,06:02:23,47.62046,-52.7356,176.0,1,SKT-4015,,1.0,1.0,GPAO
05/03/2026,06:02:30,47.62049,-52.73559,178.0,1,SKT-4015,,1.0,1.0,GPAO
05/03/2026,06:02:37,47.62049,-52.73555,190.0,1,SKT-4015,,1.0,1.0,GPAO
05/03/2026,06:02:44,47.62051,-52.73551,190.0,1,SKT-4015,,1.0,1.0,GPAO
05/03/2026,06:02:52,47.62054,-52.73549,182.0,1,SKT-4015,,1.0,1.0,GPAO
05/03/2026,06:02:59,47.62057,-52.73549,181.0,1,SKT-4015,,1.0,1.0,GPAO
05/03/2026,06:03:06,47.6206,-52.73547,182.0,1,SKT-4015,,1.0,1.0,GPAO
05/03/2026,06:03:13,47.62059,-52.73547,185.0,1,SKT-4015,,1.0,1.0,GPAO
05/03/2026,06:03:20,47.62056,-52.7355,186.0,1,SKT-4015,,1.0,1.0,GPAO
05/03/2026,06:03:28,47.62051,-52.73552,197.0,1,SKT-4015,,1.0,1.0,GPAO
05/03/2026,06:03:35,47.62046,-52.73547,224.0,1,SKT-4015,,1.0,1.0,GPAO
05/03/2026,06:03:42,47.62043,-52.73545,217.0,1,SKT-4015,,1.0,1.0,GPAO
05/03/2026,06:03:49,47.62041,-52.73544,201.0,1,SKT-4015,,1.0,1.0,GPAO
05/03/2026,06:03:57,47.62039,-52.7355,172.0,1,SKT-4015,,1.0,1.0,GPAO
05/03/2026,06:04:04,47.62035,-52.73558,162.0,1,SKT-4015,,1.0,1.0,GPAO
05/03/2026,06:04:11,47.62031,-52.73568,162.0,1,SKT-4015,,1.0,1.0,GPAO
05/03/2026,06:04:18,47.62029,-52.73573,156.0,1,SKT-4015,,1.0,1.0,GPAO
05/03/2026,06:04:26,47.62025,-52.73576,151.0,1,SKT-4015,,1.0,1.0,GPAO
05/03/2026,06:04:33,47.62023,-52.73572,147.0,1,SKT-4015,,1.0,1.0,GPAO
05/03/2026,06:04:40,47.62017,-52.73566,154.0,1,SKT-4015,,1.0,1.0,GPAO
05/03/2026,06:04:47,47.62012,-52.73559,161.0,1,SKT-4015,,1.0,1.0,GPAO
05/03/2026,06:04:55,47.62009,-52.73554,168.0,1,SKT-4015,,1.0,1.0,GPAO
05/03/2026,06:05:02,47.62009,-52.73558,177.0,1,SKT-4015,,1.0,1.0,GPAO
05/03/2026,06:05:09,47.62016,-52.7357,188.0,1,SKT-4015,,1.0,1.0,GPAO
05/03/2026,06:05:16,47.62021,-52.73566,187.0,1,SKT-4015,,1.0,1.0,GPAO
05/03/2026,06:05:24,47.62029,-52.73557,183.0,1,SKT-4015,,1.0,1.0,GPAO
05/03/2026,06:05:31,47.62031,-52.73553,183.0,1,SKT-4015,,1.0,1.0,GPAO
05/03/2026,06:05:38,47.62032,-52.73552,185.0,1,SKT-4015,,1.0,1.0,GPAO
05/03/2026,06:05:45,47.62033,-52.73551,184.0,1,SKT-4015,,1.0,1.0,GPAO
05/03/2026,06:05:53,47.62036,-52.73549,181.0,1,SKT-4015,,1.0,1.0,GPAO
05/03/2026,06:06:00,47.62038,-52.73548,176.0,1,SKT-4015,,1.0,1.0,GPAO
05/03/2026,06:06:07,47.62038,-52.73547,176.0,1,SKT-4015,,1.0,1.0,GPAO
05/03/2026,06:06:14,47.62038,-52.73546,181.0,1,SKT-4015,,1.0,1.0,GPAO
05/03/2026,06:06:22,47.62037,-52.73546,185.0,1,SKT-4015,,1.0,1.0,GPAO
05/03/2026,06:06:29,47.62037,-52.73549,181.0,1,SKT-4015,,1.0,1.0,GPAO
05/03/2026,06:06:36,47.62038,-52.73553,171.0,1,SKT-4015,,1.0,1.0,GPAO
05/03/2026,06:06:43,47.6204,-52.73557,161.0,1,SKT-4015,,1.0,1.0,GPAO
05/03/2026,06:06:51,47.62041,-52.73558,155.0,1,SKT-4015,,1.0,1.0,GPAO
05/03/2026,06:06:58,47.62042,-52.73557,154.0,1,SKT-4015,,1.0,1.0,GPAO
05/03/2026,06:07:05,47.62042,-52.73557,154.0,1,SKT-4015,,1.0,1.0,GPAO
05/03/2026,06:07:12,47.62041,-52.7356,156.0,1,SKT-4015,,1.0,1.0,GPAO
05/03/2026,06:07:20,47.62035,-52.73558,170.0,1,SKT-4015,,1.0,1.0,GPAO
05/03/2026,06:07:27,47.62032,-52.73557,176.0,1,SKT-4015,,1.0,1.0,GPAO
05/03/2026,06:07:34,47.62031,-52.7356,178.0,1,SKT-4015,,1.0,1.0,GPAO
05/03/2026,06:07:41,47.62033,-52.73563,171.0,1,SKT-4015,,1.0,1.0,GPAO
05/03/2026,06:07:49,47.62036,-52.73568,167.0,1,SKT-4015,,1.0,1.0,GPAO
05/03/2026,06:07:56,47.62038,-52.73568,164.0,1,SKT-4015,,1.0,1.0,GPAO
05/03/2026,06:08:03,47.62039,-52.73568,158.0,1,SKT-4015,,1.0,1.0,GPAO
05/03/2026,06:08:10,47.62037,-52.73567,161.0,1,SKT-4015,,1.0,1.0,GPAO
05/03/2026,06:08:18,47.62036,-52.73568,170.0,1,SKT-4015,,1.0,1.0,GPAO
05/03/2026,06:08:25,47.62035,-52.73569,171.0,1,SKT-4015,,1.0,1.0,GPAO
05/03/2026,06:08:32,47.62034,-52.7357,170.0,1,SKT-4015,,1.0,1.0,GPAO
05/03/2026,06:08:39,47.62034,-52.73569,164.0,1,SKT-4015,,1.0,1.0,GPAO
05/03/2026,06:08:47,47.62035,-52.73568,155.0,1,SKT-4015,,1.0,1.0,GPAO
05/03/2026,06:08:54,47.62037,-52.73568,151.0,1,SKT-4015,,1.0,1.0,GPAO
05/03/2026,06:09:01,47.62035,-52.73569,158.0,1,SKT-4015,,1.0,1.0,GPAO
05/03/2026,06:09:08,47.62037,-52.73571,165.0,1,SKT-4015,,1.0,1.0,GPAO
05/03/2026,06:09:16,47.62038,-52.73573,170.0,1,SKT-4015,,1.0,1.0,GPAO
05/03/2026,06:09:23,47.6204,-52.73572,169.0,1,SKT-4015,,1.0,1.0,GPAO
05/03/2026,06:09:30,47.62042,-52.7357,170.0,1,SKT-4015,,1.0,1.0,GPAO
05/03/2026,06:09:37,47.62043,-52.73568,174.0,1,SKT-4015,,1.0,1.0,GPAO
05/03/2026,06:09:44,47.62042,-52.73565,175.0,1,SKT-4015,,1.0,1.0,GPAO
05/03/2026,06:09:52,47.62038,-52.7356,170.0,1,SKT-4015,,1.0,1.0,GPAO
05/03/2026,06:09:59,47.62041,-52.7356,162.0,1,SKT-4015,,1.0,1.0,GPAO
05/03/2026,06:10:06,47.62043,-52.73559,152.0,1,SKT-4015,,1.0,1.0,GPAO
05/03/2026,06:10:13,47.62045,-52.73558,140.0,1,SKT-4015,,1.0,1.0,GPAO
05/03/2026,06:10:21,47.62045,-52.7356,131.0,1,SKT-4015,,1.0,1.0,GPAO
05/03/2026,06:10:28,47.62044,-52.73561,134.0,1,SKT-4015,,1.0,1.0,GPAO
05/03/2026,06:10:35,47.62045,-52.73562,139.0,1,SKT-4015,,1.0,1.0,GPAO
05/03/2026,06:10:42,47.62046,-52.73564,139.0,1,SKT-4015,,1.0,1.0,GPAO
05/03/2026,06:10:50,47.62042,-52.73571,147.0,1,SKT-4015,,1.0,1.0,GPAO
05/03/2026,06:10:57,47.62038,-52.73578,154.0,1,SKT-4015,,1.0,1.0,GPAO
05/03/2026,06:11:04,47.62038,-52.73579,151.0,1,SKT-4015,,1.0,1.0,GPAO
05/03/2026,06:11:11,47.62038,-52.73579,151.0,1,SKT-4015,,1.0,1.0,GPAO
05/03/2026,06:11:19,47.62038,-52.73576,149.0,1,SKT-4015,,1.0,1.0,GPAO
05/03/2026,06:11:26,47.62038,-52.73575,143.0,1,SKT-4015,,1.0,1.0,GPAO
05/03/2026,06:11:33,47.62041,-52.73574,134.0,1,SKT-4015,,1.0,1.0,GPAO
05/03/2026,06:11:41,47.62045,-52.73572,127.0,1,SKT-4015,,1.0,1.0,GPAO
05/03/2026,06:11:48,47.62047,-52.73569,121.0,1,SKT-4015,,1.0,1.0,GPAO
05/03/2026,06:11:55,47.62049,-52.73567,108.0,1,SKT-4015,,1.0,1.0,GPAO
05/03/2026,06:12:02,47.62049,-52.73566,106.0,1,SKT-4015,,1.0,1.0,GPAO
05/03/2026,06:12:10,47.62048,-52.73565,101.0,1,SKT-4015,,1.0,1.0,GPAO
05/03/2026,06:12:17,47.62046,-52.73564,100.0,1,SKT-4015,,1.0,1.0,GPAO
05/03/2026,06:12:24,47.62042,-52.7356,109.0,1,SKT-4015,,1.0,1.0,GPAO
05/03/2026,06:12:31,47.62037,-52.73558,117.0,1,SKT-4015,,1.0,1.0,GPAO
05/03/2026,06:12:39,47.62037,-52.73561,117.0,1,SKT-4015,,1.0,1.0,GPAO
05/03/2026,06:12:46,47.62036,-52.73563,116.0,1,SKT-4015,,1.0,1.0,GPAO
05/03/2026,06:12:53,47.62037,-52.73563,116.0,1,SKT-4015,,1.0,1.0,GPAO
05/03/2026,06:13:00,47.62038,-52.73558,106.0,1,SKT-4015,,1.0,1.0,GPAO
05/03/2026,06:13:07,47.62038,-52.73553,106.0,1,SKT-4015,,1.0,1.0,GPAO
05/03/2026,06:13:15,47.62038,-52.73545,120.0,1,SKT-4015,,1.0,1.0,GPAO
05/03/2026,06:13:22,47.62036,-52.73547,128.0,1,SKT-4015,,1.0,1.0,GPAO
05/03/2026,06:13:29,47.62037,-52.73549,137.0,1,SKT-4015,,1.0,1.0,GPAO
05/03/2026,06:13:36,47.62038,-52.73554,145.0,1,SKT-4015,,1.0,1.0,GPAO
05/03/2026,06:13:44,47.62038,-52.73562,155.0,1,SKT-4015,,1.0,1.0,GPAO
05/03/2026,06:13:51,47.62038,-52.73567,153.0,1,SKT-4015,,1.0,1.0,GPAO
05/03/2026,06:13:58,47.62041,-52.73571,144.0,1,SKT-4015,,1.0,1.0,GPAO
05/03/2026,06:14:05,47.62043,-52.73575,135.0,1,SKT-4015,,1.0,1.0,GPAO
05/03/2026,06:14:13,47.62042,-52.73575,130.0,1,SKT-4015,,1.0,1.0,GPAO
05/03/2026,06:14:20,47.62041,-52.73575,126.0,1,SKT-4015,,1.0,1.0,GPAO
05/03/2026,06:14:27,47.62042,-52.73573,121.0,1,SKT-4015,,1.0,1.0,GPAO
05/03/2026,06:14:34,47.62043,-52.73571,115.0,1,SKT-4015,,1.0,1.0,GPAO
05/03/2026,06:14:42,47.62042,-52.73572,111.0,1,SKT-4015,,1.0,1.0,GPAO
05/03/2026,06:14:49,47.6204,-52.73573,113.0,1,SKT-4015,,1.0,1.0,GPAO
05/03/2026,06:14:56,47.6204,-52.73574,112.0,1,SKT-4015,,1.0,1.0,GPAO
05/03/2026,06:15:04,47.62043,-52.73575,107.0,1,SKT-4015,,1.0,1.0,GPAO
05/03/2026,06:15:11,47.62046,-52.73575,104.0,1,SKT-4015,,1.0,1.0,GPAO
05/03/2026,06:15:18,47.62048,-52.73574,104.0,1,SKT-4015,,1.0,1.0,GPAO
05/03/2026,06:15:25,47.6205,-52.73572,104.0,1,SKT-4015,,1.0,1.0,GPAO
05/03/2026,06:15:33,47.62051,-52.73571,108.0,1,SKT-4015,,1.0,1.0,GPAO
05/03/2026,06:15:40,47.62051,-52.7357,116.0,1,SKT-4015,,1.0,1.0,GPAO
05/03/2026,06:15:47,47.6205,-52.73571,126.0,1,SKT-4015,,1.0,1.0,GPAO
05/03/2026,06:15:54,47.62049,-52.73574,134.0,1,SKT-4015,,1.0,1.0,GPAO
05/03/2026,06:16:01,47.62048,-52.73576,140.0,1,SKT-4015,,1.0,1.0,GPAO
05/03/2026,06:16:09,47.62044,-52.73577,149.0,1,SKT-4015,,1.0,1.0,GPAO
05/03/2026,06:16:16,47.62042,-52.73576,154.0,1,SKT-4015,,1.0,1.0,GPAO
05/03/2026,06:16:23,47.6204,-52.73575,154.0,1,SKT-4015,,1.0,1.0,GPAO
05/03/2026,06:16:30,47.62039,-52.73573,151.0,1,SKT-4015,,1.0,1.0,GPAO
05/03/2026,06:16:38,47.62038,-52.73573,151.0,1,SKT-4015,,1.0,1.0,GPAO
05/03/2026,06:16:45,47.62037,-52.73571,156.0,1,SKT-4015,,1.0,1.0,GPAO
05/03/2026,06:16:52,47.62038,-52.73567,160.0,1,SKT-4015,,1.0,1.0,GPAO
05/03/2026,06:16:59,47.62038,-52.73568,157.0,1,SKT-4015,,1.0,1.0,GPAO
05/03/2026,06:17:07,47.62038,-52.7357,148.0,1,SKT-4015,,1.0,1.0,GPAO
05/03/2026,06:17:14,47.62039,-52.73573,142.0,1,SKT-4015,,1.0,1.0,GPAO
05/03/2026,06:17:21,47.6204,-52.73574,137.0,1,SKT-4015,,1.0,1.0,GPAO
05/03/2026,06:17:28,47.62039,-52.73574,134.0,1,SKT-4015,,1.0,1.0,GPAO
05/03/2026,06:17:36,47.62038,-52.73572,133.0,1,SKT-4015,,1.0,1.0,GPAO
05/03/2026,06:17:43,47.62038,-52.73569,133.0,1,SKT-4015,,1.0,1.0,GPAO
05/03/2026,06:17:50,47.62038,-52.73568,136.0,1,SKT-4015,,1.0,1.0,GPAO
05/03/2026,06:17:57,47.62038,-52.73568,145.0,1,SKT-4015,,1.0,1.0,GPAO
05/03/2026,06:18:05,47.62037,-52.73564,153.0,1,SKT-4015,,1.0,1.0,GPAO
05/03/2026,06:18:12,47.62035,-52.73561,157.0,1,SKT-4015,,1.0,1.0,GPAO
05/03/2026,06:18:20,47.62034,-52.7356,162.0,1,SKT-4015,,1.0,1.0,GPAO
05/03/2026,06:18:27,47.62034,-52.73561,162.0,1,SKT-4015,,1.0,1.0,GPAO
05/03/2026,06:18:35,47.62035,-52.73563,161.0,1,SKT-4015,,1.0,1.0,GPAO
05/03/2026,06:18:42,47.62037,-52.73564,157.0,1,SKT-4015,,1.0,1.0,GPAO
05/03/2026,06:18:49,47.62038,-52.73565,151.0,1,SKT-4015,,1.0,1.0,GPAO
05/03/2026,06:18:56,47.62038,-52.73565,148.0,1,SKT-4015,,1.0,1.0,GPAO
05/03/2026,06:19:04,47.62038,-52.73566,143.0,1,SKT-4015,,1.0,1.0,GPAO
05/03/2026,06:19:11,47.62038,-52.73567,138.0,1,SKT-4015,,1.0,1.0,GPAO
05/03/2026,06:19:18,47.62039,-52.73567,139.0,1,SKT-4015,,1.0,1.0,GPAO
05/03/2026,06:19:25,47.6204,-52.73566,146.0,1,SKT-4015,,1.0,1.0,GPAO
05/03/2026,06:19:33,47.62042,-52.73564,155.0,1,SKT-4015,,1.0,1.0,GPAO
05/03/2026,06:19:40,47.62043,-52.73562,161.0,1,SKT-4015,,1.0,1.0,GPAO
05/03/2026,06:19:47,47.62042,-52.73561,163.0,1,SKT-4015,,1.0,1.0,GPAO
05/03/2026,06:19:54,47.62041,-52.7356,163.0,1,SKT-4015,,1.0,1.0,GPAO
05/03/2026,06:20:02,47.62041,-52.7356,162.0,1,SKT-4015,,1.0,1.0,GPAO
05/03/2026,06:20:09,47.6204,-52.7356,161.0,1,SKT-4015,,1.0,1.0,GPAO
05/03/2026,06:20:16,47.6204,-52.73562,158.0,1,SKT-4015,,1.0,1.0,GPAO
05/03/2026,06:20:23,47.6204,-52.73564,159.0,1,SKT-4015,,1.0,1.0,GPAO
05/03/2026,06:20:31,47.6204,-52.73566,162.0,1,SKT-4015,,1.0,1.0,GPAO
05/03/2026,06:20:38,47.6204,-52.73568,162.0,1,SKT-4015,,1.0,1.0,GPAO
05/03/2026,06:20:45,47.6204,-52.73569,157.0,1,SKT-4015,,1.0,1.0,GPAO
05/03/2026,06:20:52,47.6204,-52.7357,152.0,1,SKT-4015,,1.0,1.0,GPAO
05/03/2026,06:21:00,47.62041,-52.7357,145.0,1,SKT-4015,,1.0,1.0,GPAO
05/03/2026,06:21:07,47.6204,-52.73569,143.0,1,SKT-4015,,1.0,1.0,GPAO
05/03/2026,06:21:14,47.6204,-52.73568,140.0,1,SKT-4015,,1.0,1.0,GPAO
05/03/2026,06:21:21,47.6204,-52.73566,129.0,1,SKT-4015,,1.0,1.0,GPAO
05/03/2026,06:21:29,47.6204,-52.73566,125.0,1,SKT-4015,,1.0,1.0,GPAO
05/03/2026,06:21:36,47.62039,-52.73565,122.0,1,SKT-4015,,1.0,1.0,GPAO
05/03/2026,06:21:43,47.62038,-52.73565,120.0,1,SKT-4015,,1.0,1.0,GPAO
05/03/2026,06:21:50,47.62038,-52.73565,118.0,1,SKT-4015,,1.0,1.0,GPAO
05/03/2026,06:21:58,47.62038,-52.73565,120.0,1,SKT-4015,,1.0,1.0,GPAO
05/03/2026,06:22:05,47.62038,-52.73564,127.0,1,SKT-4015,,1.0,1.0,GPAO
05/03/2026,06:22:12,47.6204,-52.73563,136.0,1,SKT-4015,,1.0,1.0,GPAO
05/03/2026,06:22:19,47.62041,-52.73565,143.0,1,SKT-4015,,1.0,1.0,GPAO
05/03/2026,06:22:26,47.62042,-52.73567,143.0,1,SKT-4015,,1.0,1.0,GPAO
05/03/2026,06:22:34,47.62043,-52.7357,139.0,1,SKT-4015,,1.0,1.0,GPAO
05/03/2026,06:22:41,47.62043,-52.73572,140.0,1,SKT-4015,,1.0,1.0,GPAO
05/03/2026,06:22:48,47.62043,-52.73572,143.0,1,SKT-4015,,1.0,1.0,GPAO
05/03/2026,06:22:55,47.62042,-52.73571,149.0,1,SKT-4015,,1.0,1.0,GPAO
05/03/2026,06:23:03,47.62042,-52.7357,155.0,1,SKT-4015,,1.0,1.0,GPAO
05/03/2026,06:23:10,47.62043,-52.73569,159.0,1,SKT-4015,,1.0,1.0,GPAO
05/03/2026,06:23:17,47.62043,-52.73567,159.0,1,SKT-4015,,1.0,1.0,GPAO
05/03/2026,06:23:25,47.62045,-52.73564,151.0,1,SKT-4015,,1.0,1.0,GPAO
05/03/2026,06:23:32,47.62048,-52.73563,135.0,1,SKT-4015,,1.0,1.0,GPAO
05/03/2026,06:23:39,47.62053,-52.73562,116.0,1,SKT-4015,,1.0,1.0,GPAO
05/03/2026,06:23:46,47.62055,-52.73564,116.0,1,SKT-4015,,1.0,1.0,GPAO
05/03/2026,06:23:54,47.62055,-52.73565,118.0,1,SKT-4015,,1.0,1.0,GPAO
05/03/2026,06:24:01,47.62055,-52.73564,118.0,1,SKT-4015,,1.0,1.0,GPAO
05/03/2026,06:24:08,47.62052,-52.73564,125.0,1,SKT-4015,,1.0,1.0,GPAO
05/03/2026,06:24:15,47.62047,-52.73567,133.0,1,SKT-4015,,1.0,1.0,GPAO
05/03/2026,06:24:23,47.62045,-52.73567,136.0,1,SKT-4015,,1.0,1.0,GPAO
05/03/2026,06:24:30,47.62046,-52.73566,144.0,1,SKT-4015,,1.0,1.0,GPAO
05/03/2026,06:24:37,47.62049,-52.73566,142.0,1,SKT-4015,,1.0,1.0,GPAO
05/03/2026,06:24:44,47.62051,-52.73563,135.0,1,SKT-4015,,1.0,1.0,GPAO
05/03/2026,06:24:51,47.62052,-52.7356,132.0,1,SKT-4015,,1.0,1.0,GPAO
05/03/2026,06:24:59,47.62053,-52.7356,130.0,1,SKT-4015,,1.0,1.0,GPAO
05/03/2026,06:25:06,47.62051,-52.73561,133.0,1,SKT-4015,,1.0,1.0,GPAO
05/03/2026,06:25:13,47.62049,-52.73561,142.0,1,SKT-4015,,1.0,1.0,GPAO
05/03/2026,06:25:20,47.62048,-52.73562,151.0,1,SKT-4015,,1.0,1.0,GPAO
05/03/2026,06:25:28,47.62047,-52.73562,160.0,1,SKT-4015,,1.0,1.0,GPAO
05/03/2026,06:25:35,47.62046,-52.7356,169.0,1,SKT-4015,,1.0,1.0,GPAO
05/03/2026,06:25:42,47.62045,-52.73561,173.0,1,SKT-4015,,1.0,1.0,GPAO
05/03/2026,06:25:50,47.62045,-52.73561,173.0,1,SKT-4015,,1.0,1.0,GPAO
05/03/2026,06:25:57,47.62046,-52.7356,169.0,1,SKT-4015,,1.0,1.0,GPAO
05/03/2026,06:26:04,47.62047,-52.7356,164.0,1,SKT-4015,,1.0,1.0,GPAO
05/03/2026,06:26:11,47.6205,-52.73558,162.0,1,SKT-4015,,1.0,1.0,GPAO
05/03/2026,06:26:19,47.62054,-52.73553,174.0,1,SKT-4015,,1.0,1.0,GPAO
05/03/2026,06:26:26,47.62056,-52.73551,175.0,1,SKT-4015,,1.0,1.0,GPAO
05/03/2026,06:26:33,47.62056,-52.73551,173.0,1,SKT-4015,,1.0,1.0,GPAO
05/03/2026,06:26:40,47.62054,-52.73552,170.0,1,SKT-4015,,1.0,1.0,GPAO
05/03/2026,06:26:48,47.62053,-52.73553,163.0,1,SKT-4015,,1.0,1.0,GPAO
05/03/2026,06:26:55,47.62051,-52.73557,159.0,1,SKT-4015,,1.0,1.0,GPAO
05/03/2026,06:27:02,47.62049,-52.7356,154.0,1,SKT-4015,,1.0,1.0,GPAO
05/03/2026,06:27:09,47.62048,-52.73564,152.0,1,SKT-4015,,1.0,1.0,GPAO
05/03/2026,06:27:17,47.62047,-52.73568,144.0,1,SKT-4015,,1.0,1.0,GPAO
05/03/2026,06:27:25,47.62047,-52.73569,140.0,1,SKT-4015,,1.0,1.0,GPAO
05/03/2026,06:27:32,47.62045,-52.73567,148.0,1,SKT-4015,,1.0,1.0,GPAO
05/03/2026,06:27:39,47.62044,-52.73561,143.0,1,SKT-4015,,1.0,1.0,GPAO
05/03/2026,06:27:47,47.62044,-52.73553,121.0,1,SKT-4015,,1.0,1.0,GPAO
05/03/2026,06:27:54,47.62044,-52.7355,109.0,1,SKT-4015,,1.0,1.0,GPAO
05/03/2026,06:28:01,47.62045,-52.73549,104.0,1,SKT-4015,,1.0,1.0,GPAO
05/03/2026,06:28:08,47.62045,-52.73549,103.0,1,SKT-4015,,1.0,1.0,GPAO
05/03/2026,06:28:15,47.62045,-52.7355,103.0,1,SKT-4015,,1.0,1.0,GPAO
05/03/2026,06:28:23,47.62046,-52.73551,104.0,1,SKT-4015,,1.0,1.0,GPAO
05/03/2026,06:28:30,47.62046,-52.73552,104.0,1,SKT-4015,,1.0,1.0,GPAO
05/03/2026,06:28:37,47.62046,-52.73553,107.0,1,SKT-4015,,1.0,1.0,GPAO
05/03/2026,06:28:44,47.62045,-52.73553,114.0,1,SKT-4015,,1.0,1.0,GPAO
05/03/2026,06:28:52,47.62043,-52.73555,121.0,1,SKT-4015,,1.0,1.0,GPAO
05/03/2026,06:28:59,47.62042,-52.73558,129.0,1,SKT-4015,,1.0,1.0,GPAO
05/03/2026,06:29:06,47.62042,-52.7356,130.0,1,SKT-4015,,1.0,1.0,GPAO
05/03/2026,06:29:13,47.62042,-52.7356,131.0,1,SKT-4015,,1.0,1.0,GPAO
05/03/2026,06:29:21,47.62043,-52.73559,131.0,1,SKT-4015,,1.0,1.0,GPAO
05/03/2026,06:29:28,47.62042,-52.73558,132.0,1,SKT-4015,,1.0,1.0,GPAO
05/03/2026,06:29:35,47.62042,-52.73556,132.0,1,SKT-4015,,1.0,1.0,GPAO
05/03/2026,06:29:42,47.62041,-52.73555,134.0,1,SKT-4015,,1.0,1.0,GPAO
05/03/2026,06:29:50,47.6204,-52.73554,135.0,1,SKT-4015,,1.0,1.0,GPAO
05/03/2026,06:29:57,47.62039,-52.73555,134.0,1,SKT-4015,,1.0,1.0,GPAO
05/03/2026,06:30:04,47.62038,-52.73557,131.0,1,SKT-4015,,1.0,1.0,GPAO
05/03/2026,06:30:11,47.62039,-52.7356,129.0,1,SKT-4015,,1.0,1.0,GPAO
05/03/2026,06:30:19,47.62042,-52.73561,136.0,1,SKT-4015,,1.0,1.0,GPAO
05/03/2026,06:30:26,47.62044,-52.73565,146.0,1,SKT-4015,,1.0,1.0,GPAO
05/03/2026,06:30:33,47.62044,-52.73566,150.0,1,SKT-4015,,1.0,1.0,GPAO
05/03/2026,06:30:40,47.62045,-52.73565,148.0,1,SKT-4015,,1.0,1.0,GPAO
05/03/2026,06:30:48,47.62046,-52.73566,143.0,1,SKT-4015,,1.0,1.0,GPAO
05/03/2026,06:30:55,47.62046,-52.73566,142.0,1,SKT-4015,,1.0,1.0,GPAO
05/03/2026,06:31:02,47.62046,-52.73567,145.0,1,SKT-4015,,1.0,1.0,GPAO
05/03/2026,06:31:09,47.62045,-52.73565,145.0,1,SKT-4015,,1.0,1.0,GPAO
05/03/2026,06:31:17,47.62045,-52.73563,144.0,1,SKT-4015,,1.0,1.0,GPAO
05/03/2026,06:31:24,47.62045,-52.73562,142.0,1,SKT-4015,,1.0,1.0,GPAO
05/03/2026,06:31:31,47.62045,-52.73562,138.0,1,SKT-4015,,1.0,1.0,GPAO
05/03/2026,06:31:38,47.62045,-52.73561,137.0,1,SKT-4015,,1.0,1.0,GPAO
05/03/2026,06:31:46,47.62046,-52.7356,138.0,1,SKT-4015,,1.0,1.0,GPAO
05/03/2026,06:31:53,47.62047,-52.7356,137.0,1,SKT-4015,,1.0,1.0,GPAO
05/03/2026,06:32:00,47.62048,-52.7356,134.0,1,SKT-4015,,1.0,1.0,GPAO
05/03/2026,06:32:07,47.62049,-52.73561,131.0,1,SKT-4015,,1.0,1.0,GPAO
05/03/2026,06:32:15,47.62049,-52.73562,137.0,1,SKT-4015,,1.0,1.0,GPAO
05/03/2026,06:32:22,47.62049,-52.73563,140.0,1,SKT-4015,,1.0,1.0,GPAO
05/03/2026,06:32:29,47.62048,-52.73565,144.0,1,SKT-4015,,1.0,1.0,GPAO
05/03/2026,06:32:36,47.62046,-52.73567,147.0,1,SKT-4015,,1.0,1.0,GPAO
05/03/2026,06:32:43,47.62046,-52.73567,145.0,1,SKT-4015,,1.0,1.0,GPAO
05/03/2026,06:32:51,47.62047,-52.73567,144.0,1,SKT-4015,,1.0,1.0,GPAO
05/03/2026,06:32:58,47.62047,-52.73565,143.0,1,SKT-4015,,1.0,1.0,GPAO
05/03/2026,06:33:05,47.62046,-52.73563,143.0,1,SKT-4015,,1.0,1.0,GPAO
05/03/2026,06:33:13,47.62046,-52.73564,147.0,1,SKT-4015,,1.0,1.0,GPAO
05/03/2026,06:33:20,47.62047,-52.73565,151.0,1,SKT-4015,,1.0,1.0,GPAO
05/03/2026,06:33:27,47.62048,-52.73566,154.0,1,SKT-4015,,1.0,1.0,GPAO
05/03/2026,06:33:34,47.62049,-52.73565,154.0,1,SKT-4015,,1.0,1.0,GPAO
05/03/2026,06:33:42,47.62049,-52.73561,147.0,1,SKT-4015,,1.0,1.0,GPAO
05/03/2026,06:33:49,47.62047,-52.7356,144.0,1,SKT-4015,,1.0,1.0,GPAO
05/03/2026,06:33:56,47.62045,-52.73559,144.0,1,SKT-4015,,1.0,1.0,GPAO
05/03/2026,06:34:03,47.62041,-52.73559,144.0,1,SKT-4015,,1.0,1.0,GPAO
05/03/2026,06:34:11,47.62039,-52.73561,144.0,1,SKT-4015,,1.0,1.0,GPAO
05/03/2026,06:34:18,47.62038,-52.73563,145.0,1,SKT-4015,,1.0,1.0,GPAO
05/03/2026,06:34:25,47.62041,-52.73569,146.0,1,SKT-4015,,1.0,1.0,GPAO
05/03/2026,06:34:32,47.62041,-52.73572,143.0,1,SKT-4015,,1.0,1.0,GPAO
05/03/2026,06:34:40,47.62041,-52.73573,146.0,1,SKT-4015,,1.0,1.0,GPAO
05/03/2026,06:34:47,47.62041,-52.73573,149.0,1,SKT-4015,,1.0,1.0,GPAO
05/03/2026,06:34:54,47.6204,-52.73571,151.0,1,SKT-4015,,1.0,1.0,GPAO
05/03/2026,06:35:01,47.6204,-52.73569,154.0,1,SKT-4015,,1.0,1.0,GPAO
05/03/2026,06:35:09,47.6204,-52.73566,162.0,1,SKT-4015,,1.0,1.0,GPAO
05/03/2026,06:35:16,47.62041,-52.73563,164.0,1,SKT-4015,,1.0,1.0,GPAO
05/03/2026,06:35:23,47.62041,-52.73561,167.0,1,SKT-4015,,1.0,1.0,GPAO
05/03/2026,06:35:30,47.62041,-52.7356,169.0,1,SKT-4015,,1.0,1.0,GPAO
05/03/2026,06:35:37,47.6204,-52.73559,173.0,1,SKT-4015,,1.0,1.0,GPAO
05/03/2026,06:35:45,47.6204,-52.73556,170.0,1,SKT-4015,,1.0,1.0,GPAO
05/03/2026,06:35:52,47.6204,-52.73555,167.0,1,SKT-4015,,1.0,1.0,GPAO
05/03/2026,06:35:59,47.62039,-52.73558,164.0,1,SKT-4015,,1.0,1.0,GPAO
05/03/2026,06:36:06,47.6204,-52.73561,161.0,1,SKT-4015,,1.0,1.0,GPAO
05/03/2026,06:36:14,47.62042,-52.73562,151.0,1,SKT-4015,,1.0,1.0,GPAO
05/03/2026,06:36:21,47.62043,-52.73561,138.0,1,SKT-4015,,1.0,1.0,GPAO
05/03/2026,06:36:28,47.62043,-52.73562,135.0,1,SKT-4015,,1.0,1.0,GPAO
05/03/2026,06:36:35,47.62041,-52.73559,132.0,1,SKT-4015,,1.0,1.0,GPAO
05/03/2026,06:36:43,47.62037,-52.73548,120.0,1,SKT-4015,,1.0,1.0,GPAO
05/03/2026,06:36:50,47.62035,-52.73544,116.0,1,SKT-4015,,1.0,1.0,GPAO
05/03/2026,06:36:57,47.62034,-52.73543,116.0,1,SKT-4015,,1.0,1.0,GPAO
05/03/2026,06:37:04,47.62034,-52.73543,119.0,1,SKT-4015,,1.0,1.0,GPAO
05/03/2026,06:37:12,47.62033,-52.73543,121.0,1,SKT-4015,,1.0,1.0,GPAO
05/03/2026,06:37:19,47.62033,-52.73544,121.0,1,SKT-4015,,1.0,1.0,GPAO
05/03/2026,06:37:26,47.62033,-52.73545,120.0,1,SKT-4015,,1.0,1.0,GPAO
05/03/2026,06:37:33,47.62034,-52.73546,121.0,1,SKT-4015,,1.0,1.0,GPAO
05/03/2026,06:37:41,47.62036,-52.73546,123.0,1,SKT-4015,,1.0,1.0,GPAO
05/03/2026,06:37:48,47.62037,-52.73545,126.0,1,SKT-4015,,1.0,1.0,GPAO
05/03/2026,06:37:55,47.62037,-52.73545,127.0,1,SKT-4015,,1.0,1.0,GPAO
05/03/2026,06:38:02,47.62036,-52.73544,129.0,1,SKT-4015,,1.0,1.0,GPAO
05/03/2026,06:38:10,47.62037,-52.73542,132.0,1,SKT-4015,,1.0,1.0,GPAO
05/03/2026,06:38:17,47.62039,-52.73543,134.0,1,SKT-4015,,1.0,1.0,GPAO
05/03/2026,06:38:24,47.62041,-52.73545,137.0,1,SKT-4015,,1.0,1.0,GPAO
05/03/2026,06:38:31,47.62045,-52.73548,142.0,1,SKT-4015,,1.0,1.0,GPAO
05/03/2026,06:38:39,47.62048,-52.73553,144.0,1,SKT-4015,,1.0,1.0,GPAO
05/03/2026,06:38:46,47.62049,-52.73557,144.0,1,SKT-4015,,1.0,1.0,GPAO
05/03/2026,06:38:53,47.6205,-52.73558,144.0,1,SKT-4015,,1.0,1.0,GPAO
05/03/2026,06:39:01,47.62051,-52.73558,142.0,1,SKT-4015,,1.0,1.0,GPAO
05/03/2026,06:39:08,47.62052,-52.73559,141.0,1,SKT-4015,,1.0,1.0,GPAO
05/03/2026,06:39:16,47.62053,-52.7356,139.0,1,SKT-4015,,1.0,1.0,GPAO
05/03/2026,06:39:23,47.62055,-52.73559,136.0,1,SKT-4015,,1.0,1.0,GPAO
05/03/2026,06:39:30,47.62058,-52.73557,134.0,1,SKT-4015,,1.0,1.0,GPAO
05/03/2026,06:39:37,47.62062,-52.73555,135.0,1,SKT-4015,,1.0,1.0,GPAO
05/03/2026,06:39:45,47.62063,-52.73554,139.0,1,SKT-4015,,1.0,1.0,GPAO
05/03/2026,06:39:52,47.62064,-52.73553,142.0,1,SKT-4015,,1.0,1.0,GPAO
05/03/2026,06:39:59,47.62062,-52.73555,147.0,1,SKT-4015,,1.0,1.0,GPAO
05/03/2026,06:40:06,47.62058,-52.73557,152.0,1,SKT-4015,,1.0,1.0,GPAO
05/03/2026,06:40:14,47.62053,-52.7356,155.0,1,SKT-4015,,1.0,1.0,GPAO
05/03/2026,06:40:21,47.62049,-52.73562,154.0,1,SKT-4015,,1.0,1.0,GPAO
05/03/2026,06:40:28,47.62046,-52.73563,151.0,1,SKT-4015,,1.0,1.0,GPAO
05/03/2026,06:40:35,47.62046,-52.73565,146.0,1,SKT-4015,,1.0,1.0,GPAO
05/03/2026,06:40:43,47.62047,-52.73566,148.0,1,SKT-4015,,1.0,1.0,GPAO
05/03/2026,06:40:50,47.62048,-52.73564,152.0,1,SKT-4015,,1.0,1.0,GPAO
05/03/2026,06:40:57,47.62049,-52.73563,153.0,1,SKT-4015,,1.0,1.0,GPAO
05/03/2026,06:41:04,47.62051,-52.73562,152.0,1,SKT-4015,,1.0,1.0,GPAO
05/03/2026,06:41:12,47.62052,-52.73561,153.0,1,SKT-4015,,1.0,1.0,GPAO
05/03/2026,06:41:19,47.62055,-52.73561,157.0,1,SKT-4015,,1.0,1.0,GPAO
05/03/2026,06:41:26,47.62057,-52.73559,162.0,1,SKT-4015,,1.0,1.0,GPAO
05/03/2026,06:41:33,47.62058,-52.73556,165.0,1,SKT-4015,,1.0,1.0,GPAO
05/03/2026,06:41:41,47.62059,-52.73554,168.0,1,SKT-4015,,1.0,1.0,GPAO
05/03/2026,06:41:48,47.62059,-52.73553,169.0,1,SKT-4015,,1.0,1.0,GPAO
05/03/2026,06:41:55,47.62062,-52.73555,173.0,1,SKT-4015,,1.0,1.0,GPAO
05/03/2026,06:42:02,47.62066,-52.73553,178.0,1,SKT-4015,,1.0,1.0,GPAO
05/03/2026,06:42:09,47.62064,-52.73551,174.0,1,SKT-4015,,1.0,1.0,GPAO
05/03/2026,06:42:17,47.6206,-52.7355,162.0,1,SKT-4015,,1.0,1.0,GPAO
05/03/2026,06:42:24,47.62055,-52.73553,149.0,1,SKT-4015,,1.0,1.0,GPAO
05/03/2026,06:42:31,47.6205,-52.73555,133.0,1,SKT-4015,,1.0,1.0,GPAO
05/03/2026,06:42:38,47.62048,-52.73556,125.0,1,SKT-4015,,1.0,1.0,GPAO
05/03/2026,06:42:46,47.62049,-52.73555,120.0,1,SKT-4015,,1.0,1.0,GPAO
05/03/2026,06:42:53,47.62049,-52.73555,120.0,1,SKT-4015,,1.0,1.0,GPAO
05/03/2026,06:43:00,47.62048,-52.73554,124.0,1,SKT-4015,,1.0,1.0,GPAO
05/03/2026,06:43:07,47.62048,-52.73552,128.0,1,SKT-4015,,1.0,1.0,GPAO
05/03/2026,06:43:15,47.62049,-52.73553,129.0,1,SKT-4015,,1.0,1.0,GPAO
05/03/2026,06:43:22,47.6205,-52.73554,128.0,1,SKT-4015,,1.0,1.0,GPAO
05/03/2026,06:43:29,47.6205,-52.73553,128.0,1,SKT-4015,,1.0,1.0,GPAO
05/03/2026,06:43:36,47.62049,-52.73551,126.0,1,SKT-4015,,1.0,1.0,GPAO
05/03/2026,06:43:44,47.62047,-52.73548,126.0,1,SKT-4015,,1.0,1.0,GPAO
05/03/2026,06:43:51,47.62045,-52.73546,124.0,1,SKT-4015,,1.0,1.0,GPAO
05/03/2026,06:43:58,47.62043,-52.73545,123.0,1,SKT-4015,,1.0,1.0,GPAO
05/03/2026,06:44:05,47.6204,-52.73544,126.0,1,SKT-4015,,1.0,1.0,GPAO
05/03/2026,06:44:13,47.62038,-52.73541,127.0,1,SKT-4015,,1.0,1.0,GPAO
05/03/2026,06:44:20,47.62036,-52.73535,122.0,1,SKT-4015,,1.0,1.0,GPAO
05/03/2026,06:44:27,47.62034,-52.73532,118.0,1,SKT-4015,,1.0,1.0,GPAO
05/03/2026,06:44:34,47.62033,-52.73532,117.0,1,SKT-4015,,1.0,1.0,GPAO
05/03/2026,06:44:42,47.6203,-52.7353,114.0,1,SKT-4015,,1.0,1.0,GPAO
05/03/2026,06:44:49,47.62029,-52.73531,116.0,1,SKT-4015,,1.0,1.0,GPAO
05/03/2026,06:44:56,47.62027,-52.73532,120.0,1,SKT-4015,,1.0,1.0,GPAO
05/03/2026,06:45:03,47.62026,-52.73535,124.0,1,SKT-4015,,1.0,1.0,GPAO
05/03/2026,06:45:11,47.62029,-52.73542,131.0,1,SKT-4015,,1.0,1.0,GPAO
05/03/2026,06:45:18,47.62032,-52.73547,137.0,1,SKT-4015,,1.0,1.0,GPAO
05/03/2026,06:45:25,47.62034,-52.7355,137.0,1,SKT-4015,,1.0,1.0,GPAO
05/03/2026,06:45:32,47.62036,-52.73549,135.0,1,SKT-4015,,1.0,1.0,GPAO
05/03/2026,06:45:40,47.62037,-52.7355,133.0,1,SKT-4015,,1.0,1.0,GPAO
05/03/2026,06:45:47,47.62038,-52.7355,131.0,1,SKT-4015,,1.0,1.0,GPAO
05/03/2026,06:45:54,47.62039,-52.73551,133.0,1,SKT-4015,,1.0,1.0,GPAO
05/03/2026,06:46:01,47.6204,-52.73551,134.0,1,SKT-4015,,1.0,1.0,GPAO
05/03/2026,06:46:09,47.62041,-52.73552,135.0,1,SKT-4015,,1.0,1.0,GPAO
05/03/2026,06:46:17,47.62043,-52.73555,136.0,1,SKT-4015,,1.0,1.0,GPAO
05/03/2026,06:46:24,47.62043,-52.73557,136.0,1,SKT-4015,,1.0,1.0,GPAO
05/03/2026,06:46:31,47.62042,-52.73557,135.0,1,SKT-4015,,1.0,1.0,GPAO
05/03/2026,06:46:38,47.62041,-52.73559,139.0,1,SKT-4015,,1.0,1.0,GPAO
05/03/2026,06:46:46,47.62041,-52.7356,141.0,1,SKT-4015,,1.0,1.0,GPAO
05/03/2026,06:46:53,47.62041,-52.7356,141.0,1,SKT-4015,,1.0,1.0,GPAO
05/03/2026,06:47:00,47.62041,-52.73557,137.0,1,SKT-4015,,1.0,1.0,GPAO
05/03/2026,06:47:07,47.6204,-52.73554,133.0,1,SKT-4015,,1.0,1.0,GPAO
05/03/2026,06:47:15,47.62039,-52.73551,129.0,1,SKT-4015,,1.0,1.0,GPAO
05/03/2026,06:47:22,47.62041,-52.73549,124.0,1,SKT-4015,,1.0,1.0,GPAO
05/03/2026,06:47:29,47.62042,-52.73548,119.0,1,SKT-4015,,1.0,1.0,GPAO
05/03/2026,06:47:36,47.62042,-52.73548,120.0,1,SKT-4015,,1.0,1.0,GPAO
05/03/2026,06:47:44,47.62043,-52.73548,120.0,1,SKT-4015,,1.0,1.0,GPAO
05/03/2026,06:47:51,47.62045,-52.73549,121.0,1,SKT-4015,,1.0,1.0,GPAO
05/03/2026,06:47:58,47.62046,-52.73551,124.0,1,SKT-4015,,1.0,1.0,GPAO
05/03/2026,06:48:05,47.62046,-52.7355,130.0,1,SKT-4015,,1.0,1.0,GPAO
05/03/2026,06:48:13,47.62046,-52.73551,138.0,1,SKT-4015,,1.0,1.0,GPAO
05/03/2026,06:48:20,47.62046,-52.73551,144.0,1,SKT-4015,,1.0,1.0,GPAO
05/03/2026,06:48:27,47.62045,-52.73553,149.0,1,SKT-4015,,1.0,1.0,GPAO
05/03/2026,06:48:34,47.62045,-52.73553,155.0,1,SKT-4015,,1.0,1.0,GPAO
05/03/2026,06:48:42,47.62043,-52.73555,158.0,1,SKT-4015,,1.0,1.0,GPAO
05/03/2026,06:48:49,47.62042,-52.73558,164.0,1,SKT-4015,,1.0,1.0,GPAO
05/03/2026,06:48:56,47.62041,-52.7356,168.0,1,SKT-4015,,1.0,1.0,GPAO
05/03/2026,06:49:03,47.6204,-52.7356,170.0,1,SKT-4015,,1.0,1.0,GPAO
05/03/2026,06:49:11,47.62038,-52.73559,172.0,1,SKT-4015,,1.0,1.0,GPAO
05/03/2026,06:49:18,47.62037,-52.73558,172.0,1,SKT-4015,,1.0,1.0,GPAO
05/03/2026,06:49:25,47.62036,-52.7356,175.0,1,SKT-4015,,1.0,1.0,GPAO
05/03/2026,06:49:32,47.62036,-52.73561,177.0,1,SKT-4015,,1.0,1.0,GPAO
05/03/2026,06:49:40,47.62036,-52.73564,178.0,1,SKT-4015,,1.0,1.0,GPAO
05/03/2026,06:49:47,47.62038,-52.73563,177.0,1,SKT-4015,,1.0,1.0,GPAO
05/03/2026,06:49:54,47.62041,-52.73559,174.0,1,SKT-4015,,1.0,1.0,GPAO
05/03/2026,06:50:01,47.62043,-52.73555,168.0,1,SKT-4015,,1.0,1.0,GPAO
05/03/2026,06:50:09,47.62045,-52.73553,162.0,1,SKT-4015,,1.0,1.0,GPAO
05/03/2026,06:50:16,47.62044,-52.73551,158.0,1,SKT-4015,,1.0,1.0,GPAO
05/03/2026,06:50:23,47.62044,-52.73549,153.0,1,SKT-4015,,1.0,1.0,GPAO
05/03/2026,06:50:30,47.62045,-52.73547,146.0,1,SKT-4015,,1.0,1.0,GPAO
05/03/2026,06:50:38,47.62045,-52.73546,144.0,1,SKT-4015,,1.0,1.0,GPAO
05/03/2026,06:50:45,47.62044,-52.73547,145.0,1,SKT-4015,,1.0,1.0,GPAO
05/03/2026,06:50:52,47.62044,-52.73547,144.0,1,SKT-4015,,1.0,1.0,GPAO
05/03/2026,06:50:59,47.62045,-52.73548,144.0,1,SKT-4015,,1.0,1.0,GPAO
05/03/2026,06:51:07,47.62049,-52.7355,144.0,1,SKT-4015,,1.0,1.0,GPAO
05/03/2026,06:51:14,47.62051,-52.7355,137.0,1,SKT-4015,,1.0,1.0,GPAO
05/03/2026,06:51:21,47.62051,-52.73549,132.0,1,SKT-4015,,1.0,1.0,GPAO
05/03/2026,06:51:28,47.62051,-52.73551,134.0,1,SKT-4015,,1.0,1.0,GPAO
05/03/2026,06:51:35,47.62051,-52.7355,132.0,1,SKT-4015,,1.0,1.0,GPAO
05/03/2026,06:51:43,47.62051,-52.73546,132.0,1,SKT-4015,,1.0,1.0,GPAO
05/03/2026,06:51:50,47.62049,-52.73543,132.0,1,SKT-4015,,1.0,1.0,GPAO
05/03/2026,06:51:57,47.62048,-52.73542,133.0,1,SKT-4015,,1.0,1.0,GPAO
05/03/2026,06:52:04,47.62048,-52.73542,138.0,1,SKT-4015,,1.0,1.0,GPAO
05/03/2026,06:52:12,47.62048,-52.73542,145.0,1,SKT-4015,,1.0,1.0,GPAO
05/03/2026,06:52:19,47.62046,-52.73542,149.0,1,SKT-4015,,1.0,1.0,GPAO
05/03/2026,06:52:26,47.62044,-52.73542,148.0,1,SKT-4015,,1.0,1.0,GPAO
05/03/2026,06:52:33,47.62044,-52.73542,146.0,1,SKT-4015,,1.0,1.0,GPAO
05/03/2026,06:52:41,47.62043,-52.73544,140.0,1,SKT-4015,,1.0,1.0,GPAO
05/03/2026,06:52:48,47.62041,-52.73544,131.0,1,SKT-4015,,1.0,1.0,GPAO
05/03/2026,06:52:56,47.6204,-52.73546,119.0,1,SKT-4015,,1.0,1.0,GPAO
05/03/2026,06:53:03,47.62038,-52.73547,111.0,1,SKT-4015,,1.0,1.0,GPAO
05/03/2026,06:53:11,47.62036,-52.73548,103.0,1,SKT-4015,,1.0,1.0,GPAO
05/03/2026,06:53:18,47.62035,-52.7355,103.0,1,SKT-4015,,1.0,1.0,GPAO
05/03/2026,06:53:25,47.62034,-52.73551,103.0,1,SKT-4015,,1.0,1.0,GPAO
05/03/2026,06:53:32,47.62035,-52.7355,109.0,1,SKT-4015,,1.0,1.0,GPAO
05/03/2026,06:53:40,47.62037,-52.7355,122.0,1,SKT-4015,,1.0,1.0,GPAO
05/03/2026,06:53:47,47.62037,-52.73552,134.0,1,SKT-4015,,1.0,1.0,GPAO
05/03/2026,06:53:54,47.62037,-52.73553,140.0,1,SKT-4015,,1.0,1.0,GPAO
05/03/2026,06:54:01,47.62037,-52.73553,144.0,1,SKT-4015,,1.0,1.0,GPAO
05/03/2026,06:54:09,47.62037,-52.73551,146.0,1,SKT-4015,,1.0,1.0,GPAO
05/03/2026,06:54:16,47.62038,-52.7355,147.0,1,SKT-4015,,1.0,1.0,GPAO
05/03/2026,06:54:23,47.62041,-52.73548,144.0,1,SKT-4015,,1.0,1.0,GPAO
05/03/2026,06:54:30,47.62044,-52.73545,136.0,1,SKT-4015,,1.0,1.0,GPAO
05/03/2026,06:54:38,47.62046,-52.73546,133.0,1,SKT-4015,,1.0,1.0,GPAO
05/03/2026,06:54:45,47.62046,-52.73547,135.0,1,SKT-4015,,1.0,1.0,GPAO
05/03/2026,06:54:53,47.62045,-52.73548,141.0,1,SKT-4015,,1.0,1.0,GPAO
05/03/2026,06:55:00,47.62043,-52.73549,146.0,1,SKT-4015,,1.0,1.0,GPAO
05/03/2026,06:55:07,47.62042,-52.73548,147.0,1,SKT-4015,,1.0,1.0,GPAO
05/03/2026,06:55:14,47.62042,-52.73546,144.0,1,SKT-4015,,1.0,1.0,GPAO
05/03/2026,06:55:22,47.62041,-52.73546,139.0,1,SKT-4015,,1.0,1.0,GPAO
05/03/2026,06:55:29,47.6204,-52.73547,136.0,1,SKT-4015,,1.0,1.0,GPAO
05/03/2026,06:55:36,47.62039,-52.73547,133.0,1,SKT-4015,,1.0,1.0,GPAO
05/03/2026,06:55:43,47.62038,-52.73549,132.0,1,SKT-4015,,1.0,1.0,GPAO
05/03/2026,06:55:51,47.62036,-52.7355,137.0,1,SKT-4015,,1.0,1.0,GPAO
05/03/2026,06:55:58,47.62034,-52.73552,141.0,1,SKT-4015,,1.0,1.0,GPAO
05/03/2026,06:56:05,47.62035,-52.73553,145.0,1,SKT-4015,,1.0,1.0,GPAO
05/03/2026,06:56:12,47.62034,-52.73553,150.0,1,SKT-4015,,1.0,1.0,GPAO
05/03/2026,06:56:20,47.62035,-52.73553,153.0,1,SKT-4015,,1.0,1.0,GPAO
05/03/2026,06:56:27,47.62035,-52.73552,152.0,1,SKT-4015,,1.0,1.0,GPAO
05/03/2026,06:56:34,47.62035,-52.73549,146.0,1,SKT-4015,,1.0,1.0,GPAO
05/03/2026,06:56:41,47.62033,-52.73548,142.0,1,SKT-4015,,1.0,1.0,GPAO
05/03/2026,06:56:49,47.62031,-52.73549,142.0,1,SKT-4015,,1.0,1.0,GPAO
05/03/2026,06:56:56,47.6203,-52.73552,143.0,1,SKT-4015,,1.0,1.0,GPAO
05/03/2026,06:57:03,47.6203,-52.73553,145.0,1,SKT-4015,,1.0,1.0,GPAO
05/03/2026,06:57:10,47.62033,-52.73554,148.0,1,SKT-4015,,1.0,1.0,GPAO
05/03/2026,06:57:18,47.62037,-52.73555,149.0,1,SKT-4015,,1.0,1.0,GPAO
05/03/2026,06:57:25,47.6204,-52.73556,144.0,1,SKT-4015,,1.0,1.0,GPAO
05/03/2026,06:57:32,47.62041,-52.73555,140.0,1,SKT-4015,,1.0,1.0,GPAO
05/03/2026,06:57:39,47.62042,-52.73553,136.0,1,SKT-4015,,1.0,1.0,GPAO
05/03/2026,06:57:47,47.62042,-52.73552,135.0,1,SKT-4015,,1.0,1.0,GPAO
05/03/2026,06:57:54,47.62042,-52.73551,134.0,1,SKT-4015,,1.0,1.0,GPAO
05/03/2026,06:58:01,47.6204,-52.7355,134.0,1,SKT-4015,,1.0,1.0,GPAO
05/03/2026,06:58:08,47.62038,-52.7355,136.0,1,SKT-4015,,1.0,1.0,GPAO
05/03/2026,06:58:15,47.62038,-52.7355,138.0,1,SKT-4015,,1.0,1.0,GPAO
05/03/2026,06:58:23,47.62038,-52.73549,140.0,1,SKT-4015,,1.0,1.0,GPAO
05/03/2026,06:58:30,47.6204,-52.73546,140.0,1,SKT-4015,,1.0,1.0,GPAO
05/03/2026,06:58:37,47.62042,-52.73542,138.0,1,SKT-4015,,1.0,1.0,GPAO
05/03/2026,06:58:44,47.62045,-52.7354,134.0,1,SKT-4015,,1.0,1.0,GPAO
05/03/2026,06:58:52,47.62046,-52.73537,127.0,1,SKT-4015,,1.0,1.0,GPAO
05/03/2026,06:58:59,47.62046,-52.73534,115.0,1,SKT-4015,,1.0,1.0,GPAO
05/03/2026,06:59:06,47.62049,-52.73537,103.0,1,SKT-4015,,1.0,1.0,GPAO
05/03/2026,06:59:13,47.6205,-52.73543,101.0,1,SKT-4015,,1.0,1.0,GPAO
05/03/2026,06:59:21,47.62048,-52.73549,102.0,1,SKT-4015,,1.0,1.0,GPAO
05/03/2026,06:59:28,47.62047,-52.73552,103.0,1,SKT-4015,,1.0,1.0,GPAO
05/03/2026,06:59:35,47.62047,-52.73555,104.0,1,SKT-4015,,1.0,1.0,GPAO
05/03/2026,06:59:42,47.62047,-52.73556,106.0,1,SKT-4015,,1.0,1.0,GPAO
05/03/2026,06:59:50,47.62047,-52.73556,107.0,1,SKT-4015,,1.0,1.0,GPAO
05/03/2026,06:59:57,47.62046,-52.73553,106.0,1,SKT-4015,,1.0,1.0,GPAO
05/03/2026,07:00:04,47.62043,-52.73549,106.0,1,SKT-4015,,1.0,1.0,GPAO
05/03/2026,07:00:11,47.62041,-52.73549,109.0,1,SKT-4015,,1.0,1.0,GPAO
05/03/2026,07:00:19,47.62042,-52.73549,112.0,1,SKT-4015,,1.0,1.0,GPAO
05/03/2026,07:00:26,47.62043,-52.73549,118.0,1,SKT-4015,,1.0,1.0,GPAO
05/03/2026,07:00:40,47.62049,-52.73561,128.0,1,SKT-4015,,1.0,1.0,GPAO
05/03/2026,07:00:48,47.62052,-52.73565,133.0,1,SKT-4015,,1.0,1.0,GPAO
05/03/2026,07:00:55,47.62053,-52.73565,133.0,1,SKT-4015,,1.0,1.0,GPAO
05/03/2026,07:01:02,47.62051,-52.73564,130.0,1,SKT-4015,,1.0,1.0,GPAO
05/03/2026,07:01:09,47.62049,-52.73563,127.0,1,SKT-4015,,1.0,1.0,GPAO
05/03/2026,07:01:17,47.62048,-52.73561,126.0,1,SKT-4015,,1.0,1.0,GPAO
05/03/2026,07:01:24,47.62047,-52.7356,125.0,1,SKT-4015,,1.0,1.0,GPAO
05/03/2026,07:01:31,47.62046,-52.73561,127.0,1,SKT-4015,,1.0,1.0,GPAO
05/03/2026,07:01:38,47.62046,-52.73564,128.0,1,SKT-4015,,1.0,1.0,GPAO
05/03/2026,07:01:46,47.62046,-52.73566,129.0,1,SKT-4015,,1.0,1.0,GPAO
05/03/2026,07:01:53,47.62046,-52.73566,130.0,1,SKT-4015,,1.0,1.0,GPAO
05/03/2026,07:02:00,47.62046,-52.73565,132.0,1,SKT-4015,,1.0,1.0,GPAO
05/03/2026,07:02:07,47.62046,-52.73566,134.0,1,SKT-4015,,1.0,1.0,GPAO
05/03/2026,07:02:15,47.62048,-52.73568,137.0,1,SKT-4015,,1.0,1.0,GPAO
05/03/2026,07:02:22,47.62049,-52.73571,140.0,1,SKT-4015,,1.0,1.0,GPAO
05/03/2026,07:02:29,47.62051,-52.73573,139.0,1,SKT-4015,,1.0,1.0,GPAO
05/03/2026,07:02:36,47.62051,-52.73574,137.0,1,SKT-4015,,1.0,1.0,GPAO
05/03/2026,07:02:43,47.62052,-52.73575,136.0,1,SKT-4015,,1.0,1.0,GPAO
05/03/2026,07:02:51,47.62053,-52.73576,133.0,1,SKT-4015,,1.0,1.0,GPAO
05/03/2026,07:02:58,47.62052,-52.73576,135.0,1,SKT-4015,,1.0,1.0,GPAO
05/03/2026,07:03:05,47.6205,-52.73574,138.0,1,SKT-4015,,1.0,1.0,GPAO
05/03/2026,07:03:12,47.62049,-52.73574,139.0,1,SKT-4015,,1.0,1.0,GPAO
05/03/2026,07:03:20,47.62048,-52.73572,139.0,1,SKT-4015,,1.0,1.0,GPAO
05/03/2026,07:03:27,47.62046,-52.7357,139.0,1,SKT-4015,,1.0,1.0,GPAO
05/03/2026,07:03:34,47.62043,-52.73569,146.0,1,SKT-4015,,1.0,1.0,GPAO
05/03/2026,07:03:41,47.62042,-52.73569,151.0,1,SKT-4015,,1.0,1.0,GPAO
05/03/2026,07:03:49,47.62043,-52.73572,152.0,1,SKT-4015,,1.0,1.0,GPAO
05/03/2026,07:03:56,47.62045,-52.73573,152.0,1,SKT-4015,,1.0,1.0,GPAO
05/03/2026,07:04:03,47.62045,-52.73573,152.0,1,SKT-4015,,1.0,1.0,GPAO
05/03/2026,07:04:10,47.62043,-52.73573,155.0,1,SKT-4015,,1.0,1.0,GPAO
05/03/2026,07:04:18,47.62043,-52.73572,156.0,1,SKT-4015,,1.0,1.0,GPAO
05/03/2026,07:04:25,47.62045,-52.73573,153.0,1,SKT-4015,,1.0,1.0,GPAO
05/03/2026,07:04:32,47.62047,-52.73574,150.0,1,SKT-4015,,1.0,1.0,GPAO
05/03/2026,07:04:39,47.62048,-52.73575,146.0,1,SKT-4015,,1.0,1.0,GPAO
05/03/2026,07:04:47,47.62049,-52.73575,140.0,1,SKT-4015,,1.0,1.0,GPAO
05/03/2026,07:04:54,47.62049,-52.73575,135.0,1,SKT-4015,,1.0,1.0,GPAO
05/03/2026,07:05:01,47.62049,-52.73575,134.0,1,SKT-4015,,1.0,1.0,GPAO
05/03/2026,07:05:08,47.62048,-52.73574,135.0,1,SKT-4015,,1.0,1.0,GPAO
05/03/2026,07:05:16,47.62048,-52.73574,134.0,1,SKT-4015,,1.0,1.0,GPAO
05/03/2026,07:05:23,47.62048,-52.73573,134.0,1,SKT-4015,,1.0,1.0,GPAO
05/03/2026,07:05:30,47.62048,-52.73573,135.0,1,SKT-4015,,1.0,1.0,GPAO
05/03/2026,07:05:37,47.6205,-52.73575,134.0,1,SKT-4015,,1.0,1.0,GPAO
05/03/2026,07:05:45,47.62054,-52.73576,129.0,1,SKT-4015,,1.0,1.0,GPAO
05/03/2026,07:05:52,47.62054,-52.73575,132.0,1,SKT-4015,,1.0,1.0,GPAO
05/03/2026,07:05:59,47.62052,-52.73573,138.0,1,SKT-4015,,1.0,1.0,GPAO
05/03/2026,07:06:06,47.62051,-52.73571,139.0,1,SKT-4015,,1.0,1.0,GPAO
05/03/2026,07:06:14,47.6205,-52.7357,138.0,1,SKT-4015,,1.0,1.0,GPAO
05/03/2026,07:06:22,47.62048,-52.7357,139.0,1,SKT-4015,,1.0,1.0,GPAO
05/03/2026,07:06:29,47.62046,-52.73571,141.0,1,SKT-4015,,1.0,1.0,GPAO
05/03/2026,07:06:36,47.62045,-52.7357,144.0,1,SKT-4015,,1.0,1.0,GPAO
05/03/2026,07:06:44,47.62045,-52.73568,152.0,1,SKT-4015,,1.0,1.0,GPAO
05/03/2026,07:06:51,47.62043,-52.73565,153.0,1,SKT-4015,,1.0,1.0,GPAO
05/03/2026,07:06:58,47.62043,-52.73564,151.0,1,SKT-4015,,1.0,1.0,GPAO
05/03/2026,07:07:05,47.62042,-52.73566,150.0,1,SKT-4015,,1.0,1.0,GPAO
05/03/2026,07:07:13,47.62042,-52.73568,146.0,1,SKT-4015,,1.0,1.0,GPAO
05/03/2026,07:07:20,47.62043,-52.73569,142.0,1,SKT-4015,,1.0,1.0,GPAO
05/03/2026,07:07:27,47.62043,-52.73572,143.0,1,SKT-4015,,1.0,1.0,GPAO
05/03/2026,07:07:34,47.62043,-52.73574,149.0,1,SKT-4015,,1.0,1.0,GPAO
05/03/2026,07:07:42,47.62041,-52.73576,155.0,1,SKT-4015,,1.0,1.0,GPAO
05/03/2026,07:07:49,47.62038,-52.73578,159.0,1,SKT-4015,,1.0,1.0,GPAO
05/03/2026,07:07:56,47.62035,-52.73581,163.0,1,SKT-4015,,1.0,1.0,GPAO
05/03/2026,07:08:03,47.62033,-52.73582,163.0,1,SKT-4015,,1.0,1.0,GPAO
05/03/2026,07:08:10,47.62031,-52.73581,163.0,1,SKT-4015,,1.0,1.0,GPAO
05/03/2026,07:08:18,47.62027,-52.73582,164.0,1,SKT-4015,,1.0,1.0,GPAO
05/03/2026,07:08:25,47.62025,-52.73582,164.0,1,SKT-4015,,1.0,1.0,GPAO
05/03/2026,07:08:32,47.62025,-52.73582,164.0,1,SKT-4015,,1.0,1.0,GPAO
05/03/2026,07:08:39,47.6203,-52.73581,161.0,1,SKT-4015,,1.0,1.0,GPAO
05/03/2026,07:08:47,47.62035,-52.73579,157.0,1,SKT-4015,,1.0,1.0,GPAO
05/03/2026,07:08:54,47.6204,-52.73577,153.0,1,SKT-4015,,1.0,1.0,GPAO
05/03/2026,07:09:01,47.62043,-52.73576,148.0,1,SKT-4015,,1.0,1.0,GPAO
05/03/2026,07:09:08,47.62044,-52.73576,144.0,1,SKT-4015,,1.0,1.0,GPAO
05/03/2026,07:09:16,47.62044,-52.73577,140.0,1,SKT-4015,,1.0,1.0,GPAO
05/03/2026,07:09:23,47.62044,-52.73573,136.0,1,SKT-4015,,1.0,1.0,GPAO
05/03/2026,07:09:30,47.62044,-52.73569,131.0,1,SKT-4015,,1.0,1.0,GPAO
05/03/2026,07:09:37,47.62045,-52.73569,127.0,1,SKT-4015,,1.0,1.0,GPAO
05/03/2026,07:09:45,47.62045,-52.73568,124.0,1,SKT-4015,,1.0,1.0,GPAO
05/03/2026,07:09:52,47.62044,-52.73565,124.0,1,SKT-4015,,1.0,1.0,GPAO
05/03/2026,07:09:59,47.62041,-52.73562,126.0,1,SKT-4015,,1.0,1.0,GPAO
05/03/2026,07:10:06,47.62037,-52.73559,130.0,1,SKT-4015,,1.0,1.0,GPAO
05/03/2026,07:10:14,47.62036,-52.73559,132.0,1,SKT-4015,,1.0,1.0,GPAO
05/03/2026,07:10:21,47.62041,-52.73563,131.0,1,SKT-4015,,1.0,1.0,GPAO
05/03/2026,07:10:28,47.62044,-52.73565,127.0,1,SKT-4015,,1.0,1.0,GPAO
05/03/2026,07:10:35,47.62047,-52.73563,124.0,1,SKT-4015,,1.0,1.0,GPAO
05/03/2026,07:10:43,47.62047,-52.73558,124.0,1,SKT-4015,,1.0,1.0,GPAO
05/03/2026,07:10:50,47.62047,-52.73557,127.0,1,SKT-4015,,1.0,1.0,GPAO
05/03/2026,07:10:57,47.62047,-52.73558,131.0,1,SKT-4015,,1.0,1.0,GPAO
05/03/2026,07:11:04,47.62047,-52.73559,134.0,1,SKT-4015,,1.0,1.0,GPAO
05/03/2026,07:11:12,47.62046,-52.7356,136.0,1,SKT-4015,,1.0,1.0,GPAO
05/03/2026,07:11:19,47.62046,-52.73561,136.0,1,SKT-4015,,1.0,1.0,GPAO
05/03/2026,07:11:26,47.62046,-52.73563,140.0,1,SKT-4015,,1.0,1.0,GPAO
05/03/2026,07:11:33,47.62046,-52.73565,144.0,1,SKT-4015,,1.0,1.0,GPAO
05/03/2026,07:11:41,47.62044,-52.73565,140.0,1,SKT-4015,,1.0,1.0,GPAO
05/03/2026,07:11:48,47.62043,-52.73565,138.0,1,SKT-4015,,1.0,1.0,GPAO
05/03/2026,07:11:55,47.62043,-52.73564,137.0,1,SKT-4015,,1.0,1.0,GPAO
05/03/2026,07:12:02,47.62043,-52.73563,137.0,1,SKT-4015,,1.0,1.0,GPAO
05/03/2026,07:12:10,47.62043,-52.73561,134.0,1,SKT-4015,,1.0,1.0,GPAO
05/03/2026,07:12:17,47.62042,-52.73558,133.0,1,SKT-4015,,1.0,1.0,GPAO
05/03/2026,07:12:24,47.62042,-52.73558,135.0,1,SKT-4015,,1.0,1.0,GPAO
05/03/2026,07:12:31,47.62041,-52.7356,137.0,1,SKT-4015,,1.0,1.0,GPAO
05/03/2026,07:12:39,47.62044,-52.73565,136.0,1,SKT-4015,,1.0,1.0,GPAO
05/03/2026,07:12:46,47.62044,-52.73567,136.0,1,SKT-4015,,1.0,1.0,GPAO
05/03/2026,07:12:53,47.62045,-52.73566,138.0,1,SKT-4015,,1.0,1.0,GPAO
05/03/2026,07:13:00,47.62045,-52.73564,138.0,1,SKT-4015,,1.0,1.0,GPAO
05/03/2026,07:13:08,47.62045,-52.73558,136.0,1,SKT-4015,,1.0,1.0,GPAO
05/03/2026,07:13:15,47.62044,-52.73556,138.0,1,SKT-4015,,1.0,1.0,GPAO
05/03/2026,07:13:22,47.62042,-52.73558,139.0,1,SKT-4015,,1.0,1.0,GPAO
05/03/2026,07:13:29,47.62041,-52.73559,141.0,1,SKT-4015,,1.0,1.0,GPAO
05/03/2026,07:13:36,47.6204,-52.7356,143.0,1,SKT-4015,,1.0,1.0,GPAO
05/03/2026,07:13:44,47.6204,-52.73558,142.0,1,SKT-4015,,1.0,1.0,GPAO
05/03/2026,07:13:51,47.62039,-52.73556,141.0,1,SKT-4015,,1.0,1.0,GPAO
05/03/2026,07:13:58,47.62037,-52.73557,139.0,1,SKT-4015,,1.0,1.0,GPAO
05/03/2026,07:14:05,47.62038,-52.73559,134.0,1,SKT-4015,,1.0,1.0,GPAO
05/03/2026,07:14:13,47.62039,-52.73562,131.0,1,SKT-4015,,1.0,1.0,GPAO
05/03/2026,07:14:20,47.62041,-52.73564,130.0,1,SKT-4015,,1.0,1.0,GPAO
05/03/2026,07:14:27,47.62043,-52.73565,131.0,1,SKT-4015,,1.0,1.0,GPAO
05/03/2026,07:14:34,47.62045,-52.73567,138.0,1,SKT-4015,,1.0,1.0,GPAO
05/03/2026,07:14:42,47.62045,-52.7357,143.0,1,SKT-4015,,1.0,1.0,GPAO
05/03/2026,07:14:49,47.62043,-52.73573,148.0,1,SKT-4015,,1.0,1.0,GPAO
05/03/2026,07:14:56,47.62042,-52.73573,150.0,1,SKT-4015,,1.0,1.0,GPAO
05/03/2026,07:15:03,47.62041,-52.73571,154.0,1,SKT-4015,,1.0,1.0,GPAO
05/03/2026,07:15:11,47.62039,-52.7357,156.0,1,SKT-4015,,1.0,1.0,GPAO
05/03/2026,07:15:18,47.62038,-52.73569,155.0,1,SKT-4015,,1.0,1.0,GPAO
05/03/2026,07:15:25,47.62038,-52.73569,152.0,1,SKT-4015,,1.0,1.0,GPAO
05/03/2026,07:15:32,47.62038,-52.73569,150.0,1,SKT-4015,,1.0,1.0,GPAO
05/03/2026,07:15:40,47.62038,-52.73568,151.0,1,SKT-4015,,1.0,1.0,GPAO
05/03/2026,07:15:47,47.62037,-52.73568,154.0,1,SKT-4015,,1.0,1.0,GPAO
05/03/2026,07:15:54,47.62037,-52.73568,159.0,1,SKT-4015,,1.0,1.0,GPAO
05/03/2026,07:16:01,47.62035,-52.73568,163.0,1,SKT-4015,,1.0,1.0,GPAO
05/03/2026,07:16:09,47.62034,-52.73569,168.0,1,SKT-4015,,1.0,1.0,GPAO
05/03/2026,07:16:16,47.62035,-52.73569,169.0,1,SKT-4015,,1.0,1.0,GPAO
05/03/2026,07:16:23,47.62034,-52.73571,169.0,1,SKT-4015,,1.0,1.0,GPAO
05/03/2026,07:16:30,47.62034,-52.73571,169.0,1,SKT-4015,,1.0,1.0,GPAO
05/03/2026,07:16:38,47.62034,-52.73571,167.0,1,SKT-4015,,1.0,1.0,GPAO
05/03/2026,07:16:45,47.62035,-52.73573,163.0,1,SKT-4015,,1.0,1.0,GPAO
05/03/2026,07:16:52,47.62035,-52.73574,161.0,1,SKT-4015,,1.0,1.0,GPAO
05/03/2026,07:16:59,47.62037,-52.73575,160.0,1,SKT-4015,,1.0,1.0,GPAO
05/03/2026,07:17:07,47.62038,-52.73574,160.0,1,SKT-4015,,1.0,1.0,GPAO
05/03/2026,07:17:14,47.6204,-52.73574,161.0,1,SKT-4015,,1.0,1.0,GPAO
05/03/2026,07:17:21,47.62041,-52.73573,164.0,1,SKT-4015,,1.0,1.0,GPAO
05/03/2026,07:17:28,47.6204,-52.73572,165.0,1,SKT-4015,,1.0,1.0,GPAO
05/03/2026,07:17:36,47.6204,-52.73567,162.0,1,SKT-4015,,1.0,1.0,GPAO
05/03/2026,07:17:43,47.62041,-52.73564,158.0,1,SKT-4015,,1.0,1.0,GPAO
05/03/2026,07:17:50,47.62043,-52.73561,149.0,1,SKT-4015,,1.0,1.0,GPAO
05/03/2026,07:17:57,47.62046,-52.73563,140.0,1,SKT-4015,,1.0,1.0,GPAO
05/03/2026,07:18:05,47.62048,-52.73569,135.0,1,SKT-4015,,1.0,1.0,GPAO
05/03/2026,07:18:12,47.62049,-52.7357,134.0,1,SKT-4015,,1.0,1.0,GPAO
05/03/2026,07:18:19,47.62051,-52.73568,134.0,1,SKT-4015,,1.0,1.0,GPAO
05/03/2026,07:18:26,47.62053,-52.73566,130.0,1,SKT-4015,,1.0,1.0,GPAO
05/03/2026,07:18:34,47.62054,-52.73566,126.0,1,SKT-4015,,1.0,1.0,GPAO
05/03/2026,07:18:41,47.62052,-52.73568,128.0,1,SKT-4015,,1.0,1.0,GPAO
05/03/2026,07:18:48,47.62052,-52.7357,128.0,1,SKT-4015,,1.0,1.0,GPAO
05/03/2026,07:18:55,47.62051,-52.73574,131.0,1,SKT-4015,,1.0,1.0,GPAO
05/03/2026,07:19:03,47.62051,-52.73577,134.0,1,SKT-4015,,1.0,1.0,GPAO
05/03/2026,07:19:10,47.62051,-52.73578,133.0,1,SKT-4015,,1.0,1.0,GPAO
05/03/2026,07:19:17,47.62051,-52.73576,130.0,1,SKT-4015,,1.0,1.0,GPAO
05/03/2026,07:19:24,47.62049,-52.73574,133.0,1,SKT-4015,,1.0,1.0,GPAO
05/03/2026,07:19:32,47.62046,-52.73572,137.0,1,SKT-4015,,1.0,1.0,GPAO
05/03/2026,07:19:39,47.62045,-52.7357,140.0,1,SKT-4015,,1.0,1.0,GPAO
05/03/2026,07:19:46,47.62045,-52.73569,141.0,1,SKT-4015,,1.0,1.0,GPAO
05/03/2026,07:19:53,47.62045,-52.73569,142.0,1,SKT-4015,,1.0,1.0,GPAO
05/03/2026,07:20:01,47.62046,-52.73569,143.0,1,SKT-4015,,1.0,1.0,GPAO
05/03/2026,07:20:08,47.62046,-52.73568,142.0,1,SKT-4015,,1.0,1.0,GPAO
05/03/2026,07:20:15,47.62046,-52.73569,141.0,1,SKT-4015,,1.0,1.0,GPAO
05/03/2026,07:20:22,47.62047,-52.73569,139.0,1,SKT-4015,,1.0,1.0,GPAO
05/03/2026,07:20:30,47.62048,-52.73571,140.0,1,SKT-4015,,1.0,1.0,GPAO
05/03/2026,07:20:37,47.62048,-52.73572,142.0,1,SKT-4015,,1.0,1.0,GPAO
05/03/2026,07:20:44,47.62049,-52.73573,146.0,1,SKT-4015,,1.0,1.0,GPAO
05/03/2026,07:20:51,47.62049,-52.73576,154.0,1,SKT-4015,,1.0,1.0,GPAO
05/03/2026,07:20:59,47.62049,-52.73579,157.0,1,SKT-4015,,1.0,1.0,GPAO
05/03/2026,07:21:06,47.62049,-52.73581,156.0,1,SKT-4015,,1.0,1.0,GPAO
05/03/2026,07:21:13,47.6205,-52.73584,154.0,1,SKT-4015,,1.0,1.0,GPAO
05/03/2026,07:21:20,47.62051,-52.73584,153.0,1,SKT-4015,,1.0,1.0,GPAO
05/03/2026,07:21:27,47.62053,-52.73582,149.0,1,SKT-4015,,1.0,1.0,GPAO
05/03/2026,07:21:35,47.62053,-52.73583,150.0,1,SKT-4015,,1.0,1.0,GPAO
05/03/2026,07:21:42,47.62051,-52.73581,152.0,1,SKT-4015,,1.0,1.0,GPAO
05/03/2026,07:21:49,47.62049,-52.73579,149.0,1,SKT-4015,,1.0,1.0,GPAO
05/03/2026,07:21:56,47.62048,-52.73578,151.0,1,SKT-4015,,1.0,1.0,GPAO
05/03/2026,07:22:04,47.62048,-52.73576,153.0,1,SKT-4015,,1.0,1.0,GPAO
05/03/2026,07:22:11,47.62049,-52.73576,156.0,1,SKT-4015,,1.0,1.0,GPAO
05/03/2026,07:22:18,47.62049,-52.73576,160.0,1,SKT-4015,,1.0,1.0,GPAO
05/03/2026,07:22:25,47.62049,-52.73577,165.0,1,SKT-4015,,1.0,1.0,GPAO
05/03/2026,07:22:33,47.62049,-52.73577,170.0,1,SKT-4015,,1.0,1.0,GPAO
05/03/2026,07:22:40,47.62048,-52.73577,172.0,1,SKT-4015,,1.0,1.0,GPAO
05/03/2026,07:22:47,47.62047,-52.73576,171.0,1,SKT-4015,,1.0,1.0,GPAO
05/03/2026,07:22:54,47.62046,-52.73574,168.0,1,SKT-4015,,1.0,1.0,GPAO
05/03/2026,07:23:02,47.62045,-52.73573,168.0,1,SKT-4015,,1.0,1.0,GPAO
05/03/2026,07:23:09,47.62045,-52.73574,168.0,1,SKT-4015,,1.0,1.0,GPAO
05/03/2026,07:23:16,47.62045,-52.73574,167.0,1,SKT-4015,,1.0,1.0,GPAO
05/03/2026,07:23:23,47.62045,-52.73574,166.0,1,SKT-4015,,1.0,1.0,GPAO
05/03/2026,07:23:31,47.62045,-52.7357,165.0,1,SKT-4015,,1.0,1.0,GPAO
05/03/2026,07:23:38,47.62042,-52.73565,169.0,1,SKT-4015,,1.0,1.0,GPAO
05/03/2026,07:23:45,47.62041,-52.73564,169.0,1,SKT-4015,,1.0,1.0,GPAO
05/03/2026,07:23:52,47.62041,-52.73567,168.0,1,SKT-4015,,1.0,1.0,GPAO
05/03/2026,07:24:00,47.6204,-52.7357,166.0,1,SKT-4015,,1.0,1.0,GPAO
05/03/2026,07:24:07,47.6204,-52.73571,165.0,1,SKT-4015,,1.0,1.0,GPAO
05/03/2026,07:24:14,47.62041,-52.7357,164.0,1,SKT-4015,,1.0,1.0,GPAO
05/03/2026,07:24:21,47.62042,-52.7357,160.0,1,SKT-4015,,1.0,1.0,GPAO
05/03/2026,07:24:29,47.62044,-52.7357,154.0,1,SKT-4015,,1.0,1.0,GPAO
05/03/2026,07:24:36,47.62045,-52.7357,150.0,1,SKT-4015,,1.0,1.0,GPAO
05/03/2026,07:24:43,47.62045,-52.73573,151.0,1,SKT-4015,,1.0,1.0,GPAO
05/03/2026,07:24:50,47.62046,-52.73574,150.0,1,SKT-4015,,1.0,1.0,GPAO
05/03/2026,07:24:58,47.62046,-52.73575,148.0,1,SKT-4015,,1.0,1.0,GPAO
05/03/2026,07:25:05,47.62048,-52.73574,149.0,1,SKT-4015,,1.0,1.0,GPAO
05/03/2026,07:25:12,47.62048,-52.73573,154.0,1,SKT-4015,,1.0,1.0,GPAO
05/03/2026,07:25:19,47.62045,-52.73573,159.0,1,SKT-4015,,1.0,1.0,GPAO
05/03/2026,07:25:27,47.62043,-52.73574,164.0,1,SKT-4015,,1.0,1.0,GPAO
05/03/2026,07:25:34,47.62043,-52.73574,166.0,1,SKT-4015,,1.0,1.0,GPAO
05/03/2026,07:25:41,47.62043,-52.73573,166.0,1,SKT-4015,,1.0,1.0,GPAO
05/03/2026,07:25:48,47.62044,-52.73573,164.0,1,SKT-4015,,1.0,1.0,GPAO
05/03/2026,07:25:55,47.62045,-52.73572,162.0,1,SKT-4015,,1.0,1.0,GPAO
05/03/2026,07:26:03,47.62046,-52.73569,157.0,1,SKT-4015,,1.0,1.0,GPAO
05/03/2026,07:26:10,47.62046,-52.73568,155.0,1,SKT-4015,,1.0,1.0,GPAO
05/03/2026,07:26:17,47.62046,-52.73567,156.0,1,SKT-4015,,1.0,1.0,GPAO
05/03/2026,07:26:24,47.62046,-52.73569,155.0,1,SKT-4015,,1.0,1.0,GPAO
05/03/2026,07:26:32,47.62044,-52.73571,153.0,1,SKT-4015,,1.0,1.0,GPAO
05/03/2026,07:26:39,47.62043,-52.73573,150.0,1,SKT-4015,,1.0,1.0,GPAO
05/03/2026,07:26:46,47.62043,-52.73573,148.0,1,SKT-4015,,1.0,1.0,GPAO
05/03/2026,07:26:53,47.62044,-52.73572,146.0,1,SKT-4015,,1.0,1.0,GPAO
05/03/2026,07:27:01,47.62045,-52.73571,148.0,1,SKT-4015,,1.0,1.0,GPAO
05/03/2026,07:27:08,47.62045,-52.73569,149.0,1,SKT-4015,,1.0,1.0,GPAO
05/03/2026,07:27:16,47.62045,-52.73566,148.0,1,SKT-4015,,1.0,1.0,GPAO
05/03/2026,07:27:23,47.62045,-52.73563,151.0,1,SKT-4015,,1.0,1.0,GPAO
05/03/2026,07:27:30,47.62045,-52.73561,155.0,1,SKT-4015,,1.0,1.0,GPAO
05/03/2026,07:27:38,47.62043,-52.73564,166.0,1,SKT-4015,,1.0,1.0,GPAO
05/03/2026,07:27:45,47.62043,-52.73566,168.0,1,SKT-4015,,1.0,1.0,GPAO
05/03/2026,07:27:52,47.62043,-52.73566,168.0,1,SKT-4015,,1.0,1.0,GPAO
05/03/2026,07:27:59,47.62043,-52.73566,165.0,1,SKT-4015,,1.0,1.0,GPAO
05/03/2026,07:28:07,47.62042,-52.73565,163.0,1,SKT-4015,,1.0,1.0,GPAO
05/03/2026,07:28:14,47.62041,-52.73564,164.0,1,SKT-4015,,1.0,1.0,GPAO
05/03/2026,07:28:21,47.6204,-52.73564,160.0,1,SKT-4015,,1.0,1.0,GPAO
05/03/2026,07:28:28,47.62037,-52.73563,157.0,1,SKT-4015,,1.0,1.0,GPAO
05/03/2026,07:28:36,47.62035,-52.73563,157.0,1,SKT-4015,,1.0,1.0,GPAO
05/03/2026,07:28:43,47.62032,-52.73563,161.0,1,SKT-4015,,1.0,1.0,GPAO
05/03/2026,07:28:50,47.62032,-52.73564,164.0,1,SKT-4015,,1.0,1.0,GPAO
05/03/2026,07:28:57,47.62032,-52.73565,165.0,1,SKT-4015,,1.0,1.0,GPAO
05/03/2026,07:29:05,47.62031,-52.73566,166.0,1,SKT-4015,,1.0,1.0,GPAO
05/03/2026,07:29:12,47.6203,-52.73566,167.0,1,SKT-4015,,1.0,1.0,GPAO
05/03/2026,07:29:19,47.6203,-52.73566,168.0,1,SKT-4015,,1.0,1.0,GPAO
05/03/2026,07:29:26,47.62032,-52.73568,166.0,1,SKT-4015,,1.0,1.0,GPAO
05/03/2026,07:29:34,47.62035,-52.7357,161.0,1,SKT-4015,,1.0,1.0,GPAO
05/03/2026,07:29:41,47.62038,-52.73572,155.0,1,SKT-4015,,1.0,1.0,GPAO
05/03/2026,07:29:48,47.62038,-52.73573,154.0,1,SKT-4015,,1.0,1.0,GPAO
05/03/2026,07:29:55,47.62038,-52.73573,155.0,1,SKT-4015,,1.0,1.0,GPAO
05/03/2026,07:30:02,47.62035,-52.73573,166.0,1,SKT-4015,,1.0,1.0,GPAO
05/03/2026,07:30:10,47.62033,-52.73569,165.0,1,SKT-4015,,1.0,1.0,GPAO
05/03/2026,07:30:17,47.62035,-52.73567,158.0,1,SKT-4015,,1.0,1.0,GPAO
05/03/2026,07:30:24,47.62038,-52.73568,154.0,1,SKT-4015,,1.0,1.0,GPAO
05/03/2026,07:30:31,47.62041,-52.73569,148.0,1,SKT-4015,,1.0,1.0,GPAO
05/03/2026,07:30:39,47.62044,-52.73571,142.0,1,SKT-4015,,1.0,1.0,GPAO
05/03/2026,07:30:46,47.62046,-52.73571,139.0,1,SKT-4015,,1.0,1.0,GPAO
05/03/2026,07:30:53,47.62047,-52.73571,142.0,1,SKT-4015,,1.0,1.0,GPAO
05/03/2026,07:31:00,47.62048,-52.73571,144.0,1,SKT-4015,,1.0,1.0,GPAO
05/03/2026,07:31:08,47.62048,-52.73571,149.0,1,SKT-4015,,1.0,1.0,GPAO
05/03/2026,07:31:15,47.62048,-52.73568,151.0,1,SKT-4015,,1.0,1.0,GPAO
05/03/2026,07:31:22,47.62047,-52.73566,150.0,1,SKT-4015,,1.0,1.0,GPAO
05/03/2026,07:31:29,47.62046,-52.73564,150.0,1,SKT-4015,,1.0,1.0,GPAO
05/03/2026,07:31:37,47.62043,-52.73563,148.0,1,SKT-4015,,1.0,1.0,GPAO
05/03/2026,07:31:44,47.6204,-52.73563,147.0,1,SKT-4015,,1.0,1.0,GPAO
05/03/2026,07:31:51,47.62038,-52.73562,145.0,1,SKT-4015,,1.0,1.0,GPAO
05/03/2026,07:31:58,47.62038,-52.73561,145.0,1,SKT-4015,,1.0,1.0,GPAO
05/03/2026,07:32:06,47.6204,-52.73561,148.0,1,SKT-4015,,1.0,1.0,GPAO
05/03/2026,07:32:13,47.62042,-52.7356,150.0,1,SKT-4015,,1.0,1.0,GPAO
05/03/2026,07:32:20,47.62044,-52.73559,151.0,1,SKT-4015,,1.0,1.0,GPAO
05/03/2026,07:32:27,47.62046,-52.73559,154.0,1,SKT-4015,,1.0,1.0,GPAO
05/03/2026,07:32:35,47.62046,-52.7356,159.0,1,SKT-4015,,1.0,1.0,GPAO
05/03/2026,07:32:42,47.62046,-52.73559,159.0,1,SKT-4015,,1.0,1.0,GPAO
05/03/2026,07:32:49,47.62046,-52.73558,158.0,1,SKT-4015,,1.0,1.0,GPAO
05/03/2026,07:32:56,47.62046,-52.73557,156.0,1,SKT-4015,,1.0,1.0,GPAO
05/03/2026,07:33:04,47.62046,-52.73557,155.0,1,SKT-4015,,1.0,1.0,GPAO
05/03/2026,07:33:11,47.62046,-52.73557,153.0,1,SKT-4015,,1.0,1.0,GPAO
05/03/2026,07:33:18,47.62047,-52.73559,152.0,1,SKT-4015,,1.0,1.0,GPAO
05/03/2026,07:33:25,47.62047,-52.73559,149.0,1,SKT-4015,,1.0,1.0,GPAO
05/03/2026,07:33:33,47.62046,-52.73558,148.0,1,SKT-4015,,1.0,1.0,GPAO
05/03/2026,07:33:40,47.62045,-52.73558,148.0,1,SKT-4015,,1.0,1.0,GPAO
05/03/2026,07:33:47,47.62043,-52.73559,151.0,1,SKT-4015,,1.0,1.0,GPAO
05/03/2026,07:33:54,47.62041,-52.7356,150.0,1,SKT-4015,,1.0,1.0,GPAO
05/03/2026,07:34:01,47.62039,-52.73559,151.0,1,SKT-4015,,1.0,1.0,GPAO
05/03/2026,07:34:09,47.62038,-52.73558,150.0,1,SKT-4015,,1.0,1.0,GPAO
05/03/2026,07:34:16,47.62038,-52.73553,144.0,1,SKT-4015,,1.0,1.0,GPAO
05/03/2026,07:34:23,47.62038,-52.7355,140.0,1,SKT-4015,,1.0,1.0,GPAO
05/03/2026,07:34:30,47.62038,-52.7355,139.0,1,SKT-4015,,1.0,1.0,GPAO
05/03/2026,07:34:38,47.62037,-52.7355,141.0,1,SKT-4015,,1.0,1.0,GPAO
05/03/2026,07:34:45,47.62038,-52.73551,141.0,1,SKT-4015,,1.0,1.0,GPAO
05/03/2026,07:34:52,47.62038,-52.73551,140.0,1,SKT-4015,,1.0,1.0,GPAO
05/03/2026,07:34:59,47.62038,-52.7355,142.0,1,SKT-4015,,1.0,1.0,GPAO
05/03/2026,07:35:07,47.62041,-52.73553,142.0,1,SKT-4015,,1.0,1.0,GPAO
05/03/2026,07:35:14,47.62043,-52.73555,140.0,1,SKT-4015,,1.0,1.0,GPAO
05/03/2026,07:35:21,47.62042,-52.73557,138.0,1,SKT-4015,,1.0,1.0,GPAO
05/03/2026,07:35:28,47.6204,-52.7356,139.0,1,SKT-4015,,1.0,1.0,GPAO
05/03/2026,07:35:36,47.62038,-52.73561,144.0,1,SKT-4015,,1.0,1.0,GPAO
05/03/2026,07:35:43,47.62037,-52.73563,147.0,1,SKT-4015,,1.0,1.0,GPAO
05/03/2026,07:35:50,47.62036,-52.73565,150.0,1,SKT-4015,,1.0,1.0,GPAO
05/03/2026,07:35:57,47.62035,-52.73566,151.0,1,SKT-4015,,1.0,1.0,GPAO
05/03/2026,07:36:05,47.62038,-52.73568,151.0,1,SKT-4015,,1.0,1.0,GPAO
05/03/2026,07:36:12,47.62043,-52.73573,150.0,1,SKT-4015,,1.0,1.0,GPAO
05/03/2026,07:36:19,47.62046,-52.73574,151.0,1,SKT-4015,,1.0,1.0,GPAO
05/03/2026,07:36:26,47.62047,-52.73574,150.0,1,SKT-4015,,1.0,1.0,GPAO
05/03/2026,07:36:34,47.62048,-52.73571,146.0,1,SKT-4015,,1.0,1.0,GPAO
05/03/2026,07:36:41,47.6205,-52.73571,143.0,1,SKT-4015,,1.0,1.0,GPAO
05/03/2026,07:36:48,47.62052,-52.73569,141.0,1,SKT-4015,,1.0,1.0,GPAO
05/03/2026,07:36:55,47.62054,-52.73566,138.0,1,SKT-4015,,1.0,1.0,GPAO
05/03/2026,07:37:03,47.62054,-52.73566,140.0,1,SKT-4015,,1.0,1.0,GPAO
05/03/2026,07:37:10,47.62053,-52.73566,144.0,1,SKT-4015,,1.0,1.0,GPAO
05/03/2026,07:37:17,47.62051,-52.73566,148.0,1,SKT-4015,,1.0,1.0,GPAO
05/03/2026,07:37:24,47.62047,-52.73565,149.0,1,SKT-4015,,1.0,1.0,GPAO
05/03/2026,07:37:32,47.62044,-52.73561,146.0,1,SKT-4015,,1.0,1.0,GPAO
05/03/2026,07:37:39,47.62042,-52.73559,142.0,1,SKT-4015,,1.0,1.0,GPAO
05/03/2026,07:37:46,47.62043,-52.73558,137.0,1,SKT-4015,,1.0,1.0,GPAO
05/03/2026,07:37:53,47.62043,-52.73557,137.0,1,SKT-4015,,1.0,1.0,GPAO
05/03/2026,07:38:01,47.62046,-52.73558,139.0,1,SKT-4015,,1.0,1.0,GPAO
05/03/2026,07:38:08,47.62047,-52.7356,140.0,1,SKT-4015,,1.0,1.0,GPAO
05/03/2026,07:38:15,47.62047,-52.7356,143.0,1,SKT-4015,,1.0,1.0,GPAO
05/03/2026,07:38:22,47.62048,-52.73563,142.0,1,SKT-4015,,1.0,1.0,GPAO
05/03/2026,07:38:30,47.6205,-52.73568,139.0,1,SKT-4015,,1.0,1.0,GPAO
05/03/2026,07:38:37,47.62051,-52.73571,141.0,1,SKT-4015,,1.0,1.0,GPAO
05/03/2026,07:38:44,47.6205,-52.7357,143.0,1,SKT-4015,,1.0,1.0,GPAO
05/03/2026,07:38:51,47.62048,-52.73566,149.0,1,SKT-4015,,1.0,1.0,GPAO
05/03/2026,07:38:59,47.62046,-52.73562,155.0,1,SKT-4015,,1.0,1.0,GPAO
05/03/2026,07:39:06,47.62044,-52.73558,159.0,1,SKT-4015,,1.0,1.0,GPAO
05/03/2026,07:39:13,47.62044,-52.73556,161.0,1,SKT-4015,,1.0,1.0,GPAO
05/03/2026,07:39:20,47.62042,-52.73555,162.0,1,SKT-4015,,1.0,1.0,GPAO
05/03/2026,07:39:28,47.6204,-52.73556,161.0,1,SKT-4015,,1.0,1.0,GPAO
05/03/2026,07:39:35,47.6204,-52.73561,157.0,1,SKT-4015,,1.0,1.0,GPAO
05/03/2026,07:39:42,47.62042,-52.73564,156.0,1,SKT-4015,,1.0,1.0,GPAO
05/03/2026,07:39:49,47.62043,-52.73567,157.0,1,SKT-4015,,1.0,1.0,GPAO
05/03/2026,07:39:56,47.62044,-52.73568,157.0,1,SKT-4015,,1.0,1.0,GPAO
05/03/2026,07:40:04,47.62045,-52.73571,155.0,1,SKT-4015,,1.0,1.0,GPAO
05/03/2026,07:40:11,47.62044,-52.7357,156.0,1,SKT-4015,,1.0,1.0,GPAO
05/03/2026,07:40:18,47.62044,-52.7357,158.0,1,SKT-4015,,1.0,1.0,GPAO
05/03/2026,07:40:25,47.62045,-52.73568,156.0,1,SKT-4015,,1.0,1.0,GPAO
05/03/2026,07:40:33,47.62047,-52.73567,156.0,1,SKT-4015,,1.0,1.0,GPAO
05/03/2026,07:40:40,47.62049,-52.73566,154.0,1,SKT-4015,,1.0,1.0,GPAO
05/03/2026,07:40:47,47.62049,-52.73564,154.0,1,SKT-4015,,1.0,1.0,GPAO
05/03/2026,07:40:54,47.6205,-52.73563,155.0,1,SKT-4015,,1.0,1.0,GPAO
05/03/2026,07:41:02,47.62051,-52.73564,157.0,1,SKT-4015,,1.0,1.0,GPAO
05/03/2026,07:41:09,47.6205,-52.73564,159.0,1,SKT-4015,,1.0,1.0,GPAO
05/03/2026,07:41:16,47.62049,-52.73563,161.0,1,SKT-4015,,1.0,1.0,GPAO
05/03/2026,07:41:23,47.6205,-52.73563,160.0,1,SKT-4015,,1.0,1.0,GPAO
05/03/2026,07:41:31,47.62052,-52.73565,158.0,1,SKT-4015,,1.0,1.0,GPAO
05/03/2026,07:41:38,47.62053,-52.73563,157.0,1,SKT-4015,,1.0,1.0,GPAO
05/03/2026,07:41:45,47.62052,-52.7356,155.0,1,SKT-4015,,1.0,1.0,GPAO
05/03/2026,07:41:52,47.6205,-52.73557,155.0,1,SKT-4015,,1.0,1.0,GPAO
05/03/2026,07:42:00,47.62046,-52.73555,156.0,1,SKT-4015,,1.0,1.0,GPAO
05/03/2026,07:42:07,47.62045,-52.73556,157.0,1,SKT-4015,,1.0,1.0,GPAO
05/03/2026,07:42:14,47.62045,-52.73557,158.0,1,SKT-4015,,1.0,1.0,GPAO
05/03/2026,07:42:21,47.62044,-52.73558,159.0,1,SKT-4015,,1.0,1.0,GPAO
05/03/2026,07:42:29,47.62044,-52.73559,156.0,1,SKT-4015,,1.0,1.0,GPAO
05/03/2026,07:42:36,47.62045,-52.73564,154.0,1,SKT-4015,,1.0,1.0,GPAO
05/03/2026,07:42:43,47.62045,-52.73566,153.0,1,SKT-4015,,1.0,1.0,GPAO
05/03/2026,07:42:50,47.62044,-52.73567,153.0,1,SKT-4015,,1.0,1.0,GPAO
05/03/2026,07:42:58,47.62044,-52.7357,155.0,1,SKT-4015,,1.0,1.0,GPAO
05/03/2026,07:43:05,47.62044,-52.73573,157.0,1,SKT-4015,,1.0,1.0,GPAO
05/03/2026,07:43:12,47.62044,-52.73573,157.0,1,SKT-4015,,1.0,1.0,GPAO
05/03/2026,07:43:19,47.62045,-52.73571,146.0,1,SKT-4015,,1.0,1.0,GPAO
05/03/2026,07:43:27,47.62045,-52.73568,134.0,1,SKT-4015,,1.0,1.0,GPAO
05/03/2026,07:43:34,47.62044,-52.73568,132.0,1,SKT-4015,,1.0,1.0,GPAO
05/03/2026,07:43:41,47.62043,-52.73569,135.0,1,SKT-4015,,1.0,1.0,GPAO
05/03/2026,07:43:48,47.62042,-52.7357,142.0,1,SKT-4015,,1.0,1.0,GPAO
05/03/2026,07:43:56,47.62042,-52.73569,144.0,1,SKT-4015,,1.0,1.0,GPAO
05/03/2026,07:44:03,47.62042,-52.73569,145.0,1,SKT-4015,,1.0,1.0,GPAO
05/03/2026,07:44:10,47.62044,-52.73569,145.0,1,SKT-4015,,1.0,1.0,GPAO
05/03/2026,07:44:17,47.62046,-52.73569,146.0,1,SKT-4015,,1.0,1.0,GPAO
05/03/2026,07:44:25,47.62049,-52.73569,146.0,1,SKT-4015,,1.0,1.0,GPAO
05/03/2026,07:44:32,47.6205,-52.7357,149.0,1,SKT-4015,,1.0,1.0,GPAO
05/03/2026,07:44:39,47.6205,-52.73569,150.0,1,SKT-4015,,1.0,1.0,GPAO
05/03/2026,07:44:46,47.62048,-52.73566,152.0,1,SKT-4015,,1.0,1.0,GPAO
05/03/2026,07:44:53,47.62045,-52.73559,151.0,1,SKT-4015,,1.0,1.0,GPAO
05/03/2026,07:45:01,47.62042,-52.73555,149.0,1,SKT-4015,,1.0,1.0,GPAO
05/03/2026,07:45:08,47.62042,-52.73553,149.0,1,SKT-4015,,1.0,1.0,GPAO
05/03/2026,07:45:15,47.62043,-52.73555,148.0,1,SKT-4015,,1.0,1.0,GPAO
05/03/2026,07:45:22,47.62044,-52.73557,146.0,1,SKT-4015,,1.0,1.0,GPAO
05/03/2026,07:45:30,47.62046,-52.7356,143.0,1,SKT-4015,,1.0,1.0,GPAO
05/03/2026,07:45:37,47.62044,-52.7356,143.0,1,SKT-4015,,1.0,1.0,GPAO
05/03/2026,07:45:44,47.62041,-52.73559,147.0,1,SKT-4015,,1.0,1.0,GPAO
05/03/2026,07:45:51,47.6204,-52.73559,147.0,1,SKT-4015,,1.0,1.0,GPAO
05/03/2026,07:45:59,47.62039,-52.7356,147.0,1,SKT-4015,,1.0,1.0,GPAO
05/03/2026,07:46:06,47.62038,-52.73561,152.0,1,SKT-4015,,1.0,1.0,GPAO
05/03/2026,07:46:13,47.62038,-52.73563,155.0,1,SKT-4015,,1.0,1.0,GPAO
05/03/2026,07:46:20,47.62038,-52.73565,160.0,1,SKT-4015,,1.0,1.0,GPAO
05/03/2026,07:46:28,47.62038,-52.73562,162.0,1,SKT-4015,,1.0,1.0,GPAO
05/03/2026,07:46:35,47.62039,-52.73561,160.0,1,SKT-4015,,1.0,1.0,GPAO
05/03/2026,07:46:42,47.6204,-52.73562,161.0,1,SKT-4015,,1.0,1.0,GPAO
05/03/2026,07:46:49,47.6204,-52.73564,161.0,1,SKT-4015,,1.0,1.0,GPAO
05/03/2026,07:46:57,47.62041,-52.73567,162.0,1,SKT-4015,,1.0,1.0,GPAO
05/03/2026,07:47:04,47.62041,-52.73571,163.0,1,SKT-4015,,1.0,1.0,GPAO
05/03/2026,07:47:11,47.62042,-52.73573,163.0,1,SKT-4015,,1.0,1.0,GPAO
05/03/2026,07:47:18,47.62041,-52.73572,162.0,1,SKT-4015,,1.0,1.0,GPAO
05/03/2026,07:47:26,47.62041,-52.73572,161.0,1,SKT-4015,,1.0,1.0,GPAO
05/03/2026,07:47:33,47.62043,-52.73572,166.0,1,SKT-4015,,1.0,1.0,GPAO
05/03/2026,07:47:40,47.62045,-52.73571,171.0,1,SKT-4015,,1.0,1.0,GPAO
05/03/2026,07:47:47,47.62043,-52.7357,175.0,1,SKT-4015,,1.0,1.0,GPAO
05/03/2026,07:47:55,47.62042,-52.73569,177.0,1,SKT-4015,,1.0,1.0,GPAO
05/03/2026,07:48:02,47.62041,-52.73569,180.0,1,SKT-4015,,1.0,1.0,GPAO
05/03/2026,07:48:09,47.62041,-52.73569,179.0,1,SKT-4015,,1.0,1.0,GPAO
05/03/2026,07:48:16,47.6204,-52.73572,177.0,1,SKT-4015,,1.0,1.0,GPAO
05/03/2026,07:48:24,47.62041,-52.73574,173.0,1,SKT-4015,,1.0,1.0,GPAO
05/03/2026,07:48:31,47.6204,-52.73576,172.0,1,SKT-4015,,1.0,1.0,GPAO
05/03/2026,07:48:38,47.62038,-52.73577,174.0,1,SKT-4015,,1.0,1.0,GPAO
05/03/2026,07:48:45,47.62038,-52.73577,175.0,1,SKT-4015,,1.0,1.0,GPAO
05/03/2026,07:48:53,47.62041,-52.73574,173.0,1,SKT-4015,,1.0,1.0,GPAO
05/03/2026,07:49:00,47.62043,-52.73572,170.0,1,SKT-4015,,1.0,1.0,GPAO
05/03/2026,07:49:07,47.62044,-52.73569,170.0,1,SKT-4015,,1.0,1.0,GPAO
05/03/2026,07:49:14,47.62045,-52.73566,170.0,1,SKT-4015,,1.0,1.0,GPAO
05/03/2026,07:49:21,47.62048,-52.73563,167.0,1,SKT-4015,,1.0,1.0,GPAO
05/03/2026,07:49:29,47.62053,-52.7356,161.0,1,SKT-4015,,1.0,1.0,GPAO
05/03/2026,07:49:36,47.62055,-52.73558,155.0,1,SKT-4015,,1.0,1.0,GPAO
05/03/2026,07:49:43,47.62056,-52.73558,150.0,1,SKT-4015,,1.0,1.0,GPAO
05/03/2026,07:49:50,47.62056,-52.73558,148.0,1,SKT-4015,,1.0,1.0,GPAO
05/03/2026,07:49:58,47.62056,-52.7356,149.0,1,SKT-4015,,1.0,1.0,GPAO
05/03/2026,07:50:05,47.62055,-52.7356,150.0,1,SKT-4015,,1.0,1.0,GPAO
05/03/2026,07:50:12,47.62054,-52.7356,151.0,1,SKT-4015,,1.0,1.0,GPAO
05/03/2026,07:50:19,47.62053,-52.73561,153.0,1,SKT-4015,,1.0,1.0,GPAO
05/03/2026,07:50:27,47.62053,-52.73561,152.0,1,SKT-4015,,1.0,1.0,GPAO
05/03/2026,07:50:34,47.62053,-52.73561,150.0,1,SKT-4015,,1.0,1.0,GPAO
05/03/2026,07:50:41,47.62053,-52.73561,152.0,1,SKT-4015,,1.0,1.0,GPAO
05/03/2026,07:50:48,47.62056,-52.73563,153.0,1,SKT-4015,,1.0,1.0,GPAO
05/03/2026,07:50:56,47.62059,-52.73564,154.0,1,SKT-4015,,1.0,1.0,GPAO
05/03/2026,07:51:03,47.6206,-52.73568,162.0,1,SKT-4015,,1.0,1.0,GPAO
05/03/2026,07:51:10,47.62063,-52.73571,173.0,1,SKT-4015,,1.0,1.0,GPAO
05/03/2026,07:51:17,47.62064,-52.73572,176.0,1,SKT-4015,,1.0,1.0,GPAO
05/03/2026,07:51:25,47.62066,-52.73573,175.0,1,SKT-4015,,1.0,1.0,GPAO
05/03/2026,07:51:32,47.62061,-52.73574,176.0,1,SKT-4015,,1.0,1.0,GPAO
05/03/2026,07:51:39,47.62058,-52.73574,172.0,1,SKT-4015,,1.0,1.0,GPAO
05/03/2026,07:51:46,47.62053,-52.73572,165.0,1,SKT-4015,,1.0,1.0,GPAO
05/03/2026,07:51:54,47.62048,-52.7357,159.0,1,SKT-4015,,1.0,1.0,GPAO
05/03/2026,07:52:01,47.62048,-52.7357,157.0,1,SKT-4015,,1.0,1.0,GPAO
05/03/2026,07:52:08,47.62049,-52.7357,154.0,1,SKT-4015,,1.0,1.0,GPAO
05/03/2026,07:52:15,47.6205,-52.73571,152.0,1,SKT-4015,,1.0,1.0,GPAO
05/03/2026,07:52:23,47.6205,-52.73572,151.0,1,SKT-4015,,1.0,1.0,GPAO
05/03/2026,07:52:30,47.62048,-52.73573,153.0,1,SKT-4015,,1.0,1.0,GPAO
05/03/2026,07:52:37,47.62045,-52.73576,161.0,1,SKT-4015,,1.0,1.0,GPAO
05/03/2026,07:52:44,47.6204,-52.7358,169.0,1,SKT-4015,,1.0,1.0,GPAO
05/03/2026,07:52:52,47.62039,-52.73581,171.0,1,SKT-4015,,1.0,1.0,GPAO
05/03/2026,07:52:59,47.62039,-52.7358,168.0,1,SKT-4015,,1.0,1.0,GPAO
05/03/2026,07:53:06,47.62037,-52.73579,164.0,1,SKT-4015,,1.0,1.0,GPAO
05/03/2026,07:53:13,47.62037,-52.73579,163.0,1,SKT-4015,,1.0,1.0,GPAO
05/03/2026,07:53:21,47.62038,-52.73578,162.0,1,SKT-4015,,1.0,1.0,GPAO
05/03/2026,07:53:28,47.62039,-52.73578,162.0,1,SKT-4015,,1.0,1.0,GPAO
05/03/2026,07:53:35,47.6204,-52.73576,161.0,1,SKT-4015,,1.0,1.0,GPAO
05/03/2026,07:53:42,47.62041,-52.73575,160.0,1,SKT-4015,,1.0,1.0,GPAO
05/03/2026,07:53:50,47.62043,-52.73575,158.0,1,SKT-4015,,1.0,1.0,GPAO
05/03/2026,07:53:57,47.62043,-52.73574,155.0,1,SKT-4015,,1.0,1.0,GPAO
05/03/2026,07:54:04,47.62043,-52.73574,153.0,1,SKT-4015,,1.0,1.0,GPAO
05/03/2026,07:54:11,47.62039,-52.73572,152.0,1,SKT-4015,,1.0,1.0,GPAO
05/03/2026,07:54:19,47.62037,-52.73571,151.0,1,SKT-4015,,1.0,1.0,GPAO
05/03/2026,07:54:26,47.62039,-52.73568,151.0,1,SKT-4015,,1.0,1.0,GPAO
05/03/2026,07:54:33,47.62041,-52.73567,152.0,1,SKT-4015,,1.0,1.0,GPAO
05/03/2026,07:54:40,47.62042,-52.73566,152.0,1,SKT-4015,,1.0,1.0,GPAO
05/03/2026,07:54:47,47.62043,-52.73567,155.0,1,SKT-4015,,1.0,1.0,GPAO
05/03/2026,07:54:55,47.62043,-52.73568,159.0,1,SKT-4015,,1.0,1.0,GPAO
05/03/2026,07:55:02,47.62043,-52.73569,162.0,1,SKT-4015,,1.0,1.0,GPAO
05/03/2026,07:55:10,47.62042,-52.73569,163.0,1,SKT-4015,,1.0,1.0,GPAO
05/03/2026,07:55:17,47.62041,-52.73569,162.0,1,SKT-4015,,1.0,1.0,GPAO
05/03/2026,07:55:25,47.62043,-52.73569,160.0,1,SKT-4015,,1.0,1.0,GPAO
05/03/2026,07:55:32,47.62048,-52.7357,158.0,1,SKT-4015,,1.0,1.0,GPAO
05/03/2026,07:55:39,47.6205,-52.73571,157.0,1,SKT-4015,,1.0,1.0,GPAO
05/03/2026,07:55:46,47.6205,-52.73571,155.0,1,SKT-4015,,1.0,1.0,GPAO
05/03/2026,07:55:54,47.6205,-52.73569,151.0,1,SKT-4015,,1.0,1.0,GPAO
05/03/2026,07:56:01,47.6205,-52.73569,147.0,1,SKT-4015,,1.0,1.0,GPAO
05/03/2026,07:56:08,47.62051,-52.73569,145.0,1,SKT-4015,,1.0,1.0,GPAO
05/03/2026,07:56:15,47.62049,-52.73569,144.0,1,SKT-4015,,1.0,1.0,GPAO
05/03/2026,07:56:22,47.62046,-52.73569,145.0,1,SKT-4015,,1.0,1.0,GPAO
05/03/2026,07:56:30,47.62041,-52.73569,145.0,1,SKT-4015,,1.0,1.0,GPAO
05/03/2026,07:56:37,47.62042,-52.7357,147.0,1,SKT-4015,,1.0,1.0,GPAO
05/03/2026,07:56:44,47.62043,-52.73571,148.0,1,SKT-4015,,1.0,1.0,GPAO
05/03/2026,07:56:51,47.62044,-52.73571,146.0,1,SKT-4015,,1.0,1.0,GPAO
05/03/2026,07:56:59,47.62046,-52.73571,146.0,1,SKT-4015,,1.0,1.0,GPAO
05/03/2026,07:57:06,47.62049,-52.73571,147.0,1,SKT-4015,,1.0,1.0,GPAO
05/03/2026,07:57:13,47.6205,-52.73571,148.0,1,SKT-4015,,1.0,1.0,GPAO
05/03/2026,07:57:20,47.62051,-52.73572,146.0,1,SKT-4015,,1.0,1.0,GPAO
05/03/2026,07:57:28,47.6205,-52.73573,144.0,1,SKT-4015,,1.0,1.0,GPAO
05/03/2026,07:57:35,47.62049,-52.73573,144.0,1,SKT-4015,,1.0,1.0,GPAO
05/03/2026,07:57:42,47.62049,-52.73572,145.0,1,SKT-4015,,1.0,1.0,GPAO
05/03/2026,07:57:49,47.62048,-52.73571,147.0,1,SKT-4015,,1.0,1.0,GPAO
05/03/2026,07:57:57,47.62049,-52.73569,145.0,1,SKT-4015,,1.0,1.0,GPAO
05/03/2026,07:58:04,47.6205,-52.73566,145.0,1,SKT-4015,,1.0,1.0,GPAO
05/03/2026,07:58:11,47.62051,-52.73564,145.0,1,SKT-4015,,1.0,1.0,GPAO
05/03/2026,07:58:18,47.62052,-52.73564,149.0,1,SKT-4015,,1.0,1.0,GPAO
05/03/2026,07:58:26,47.62053,-52.73566,152.0,1,SKT-4015,,1.0,1.0,GPAO
05/03/2026,07:58:33,47.62054,-52.73567,153.0,1,SKT-4015,,1.0,1.0,GPAO
05/03/2026,07:58:40,47.62054,-52.73568,152.0,1,SKT-4015,,1.0,1.0,GPAO
05/03/2026,07:58:47,47.62054,-52.73568,153.0,1,SKT-4015,,1.0,1.0,GPAO
05/03/2026,07:58:55,47.62054,-52.73567,153.0,1,SKT-4015,,1.0,1.0,GPAO
05/03/2026,07:59:02,47.62051,-52.73566,151.0,1,SKT-4015,,1.0,1.0,GPAO
05/03/2026,07:59:09,47.6205,-52.73566,149.0,1,SKT-4015,,1.0,1.0,GPAO
05/03/2026,07:59:16,47.6205,-52.73566,148.0,1,SKT-4015,,1.0,1.0,GPAO
05/03/2026,07:59:24,47.62049,-52.73566,146.0,1,SKT-4015,,1.0,1.0,GPAO
05/03/2026,07:59:31,47.62052,-52.73569,147.0,1,SKT-4015,,1.0,1.0,GPAO
05/03/2026,07:59:38,47.62055,-52.73571,147.0,1,SKT-4015,,1.0,1.0,GPAO
05/03/2026,07:59:45,47.62054,-52.73569,142.0,1,SKT-4015,,1.0,1.0,GPAO
05/03/2026,07:59:53,47.62051,-52.7357,141.0,1,SKT-4015,,1.0,1.0,GPAO
05/03/2026,08:00:00,47.62048,-52.73569,140.0,1,SKT-4015,,1.0,1.0,GPAO
05/03/2026,08:00:07,47.62047,-52.7357,139.0,1,SKT-4015,,1.0,1.0,GPAO
05/03/2026,08:00:22,47.62046,-52.73572,144.0,1,SKT-4015,,1.0,1.0,GPAO
05/03/2026,08:00:29,47.62047,-52.73571,146.0,1,SKT-4015,,1.0,1.0,GPAO
05/03/2026,08:00:36,47.62048,-52.73571,146.0,1,SKT-4015,,1.0,1.0,GPAO
05/03/2026,08:00:43,47.62048,-52.73571,145.0,1,SKT-4015,,1.0,1.0,GPAO
05/03/2026,08:00:50,47.62049,-52.7357,142.0,1,SKT-4015,,1.0,1.0,GPAO
05/03/2026,08:00:58,47.62047,-52.73569,144.0,1,SKT-4015,,1.0,1.0,GPAO
05/03/2026,08:01:05,47.62044,-52.73567,150.0,1,SKT-4015,,1.0,1.0,GPAO
05/03/2026,08:01:12,47.62041,-52.73567,151.0,1,SKT-4015,,1.0,1.0,GPAO
05/03/2026,08:01:19,47.62035,-52.73563,152.0,1,SKT-4015,,1.0,1.0,GPAO
05/03/2026,08:01:27,47.62033,-52.73562,153.0,1,SKT-4015,,1.0,1.0,GPAO
05/03/2026,08:01:34,47.62034,-52.73564,154.0,1,SKT-4015,,1.0,1.0,GPAO
05/03/2026,08:01:42,47.62035,-52.73566,154.0,1,SKT-4015,,1.0,1.0,GPAO
05/03/2026,08:01:49,47.62036,-52.73567,152.0,1,SKT-4015,,1.0,1.0,GPAO
05/03/2026,08:01:56,47.62038,-52.73566,150.0,1,SKT-4015,,1.0,1.0,GPAO
05/03/2026,08:02:04,47.62038,-52.73564,148.0,1,SKT-4015,,1.0,1.0,GPAO
05/03/2026,08:02:11,47.6204,-52.73563,150.0,1,SKT-4015,,1.0,1.0,GPAO
05/03/2026,08:02:18,47.6204,-52.73561,150.0,1,SKT-4015,,1.0,1.0,GPAO
05/03/2026,08:02:25,47.62033,-52.73556,148.0,1,SKT-4015,,1.0,1.0,GPAO
05/03/2026,08:02:33,47.62022,-52.73548,147.0,1,SKT-4015,,1.0,1.0,GPAO
05/03/2026,08:02:40,47.62019,-52.73547,143.0,1,SKT-4015,,1.0,1.0,GPAO
05/03/2026,08:02:47,47.62016,-52.73548,138.0,1,SKT-4015,,1.0,1.0,GPAO
05/03/2026,08:02:54,47.62017,-52.73549,138.0,1,SKT-4015,,1.0,1.0,GPAO
05/03/2026,08:03:02,47.62022,-52.7355,141.0,1,SKT-4015,,1.0,1.0,GPAO
05/03/2026,08:03:09,47.62026,-52.73552,145.0,1,SKT-4015,,1.0,1.0,GPAO
05/03/2026,08:03:16,47.6203,-52.73554,150.0,1,SKT-4015,,1.0,1.0,GPAO
05/03/2026,08:03:23,47.62033,-52.73557,154.0,1,SKT-4015,,1.0,1.0,GPAO
05/03/2026,08:03:31,47.62036,-52.7356,156.0,1,SKT-4015,,1.0,1.0,GPAO
05/03/2026,08:03:38,47.6204,-52.73561,155.0,1,SKT-4015,,1.0,1.0,GPAO
05/03/2026,08:03:45,47.62043,-52.73565,153.0,1,SKT-4015,,1.0,1.0,GPAO
05/03/2026,08:03:52,47.62045,-52.73567,151.0,1,SKT-4015,,1.0,1.0,GPAO
05/03/2026,08:04:00,47.62046,-52.73568,150.0,1,SKT-4015,,1.0,1.0,GPAO
05/03/2026,08:04:07,47.62046,-52.73569,147.0,1,SKT-4015,,1.0,1.0,GPAO
05/03/2026,08:04:14,47.62047,-52.73567,145.0,1,SKT-4015,,1.0,1.0,GPAO
05/03/2026,08:04:21,47.62046,-52.73565,145.0,1,SKT-4015,,1.0,1.0,GPAO
05/03/2026,08:04:29,47.62047,-52.73565,144.0,1,SKT-4015,,1.0,1.0,GPAO
05/03/2026,08:04:36,47.62048,-52.73563,143.0,1,SKT-4015,,1.0,1.0,GPAO
05/03/2026,08:04:43,47.62047,-52.73561,143.0,1,SKT-4015,,1.0,1.0,GPAO
05/03/2026,08:04:50,47.62045,-52.73558,144.0,1,SKT-4015,,1.0,1.0,GPAO
05/03/2026,08:04:58,47.62045,-52.73559,143.0,1,SKT-4015,,1.0,1.0,GPAO
05/03/2026,08:05:05,47.62046,-52.73561,143.0,1,SKT-4015,,1.0,1.0,GPAO
05/03/2026,08:05:12,47.62046,-52.73563,144.0,1,SKT-4015,,1.0,1.0,GPAO
05/03/2026,08:05:20,47.62045,-52.73562,145.0,1,SKT-4015,,1.0,1.0,GPAO
05/03/2026,08:05:27,47.62044,-52.73562,144.0,1,SKT-4015,,1.0,1.0,GPAO
05/03/2026,08:05:34,47.62042,-52.73559,143.0,1,SKT-4015,,1.0,1.0,GPAO
05/03/2026,08:05:41,47.62041,-52.73558,145.0,1,SKT-4015,,1.0,1.0,GPAO
05/03/2026,08:05:49,47.62041,-52.73558,145.0,1,SKT-4015,,1.0,1.0,GPAO
05/03/2026,08:05:56,47.6204,-52.7356,143.0,1,SKT-4015,,1.0,1.0,GPAO
05/03/2026,08:06:03,47.62039,-52.73558,140.0,1,SKT-4015,,1.0,1.0,GPAO
05/03/2026,08:06:10,47.62039,-52.73557,138.0,1,SKT-4015,,1.0,1.0,GPAO
05/03/2026,08:06:18,47.62038,-52.73557,139.0,1,SKT-4015,,1.0,1.0,GPAO
05/03/2026,08:06:25,47.62037,-52.73558,143.0,1,SKT-4015,,1.0,1.0,GPAO
05/03/2026,08:06:32,47.62038,-52.7356,145.0,1,SKT-4015,,1.0,1.0,GPAO
05/03/2026,08:06:39,47.62038,-52.73559,144.0,1,SKT-4015,,1.0,1.0,GPAO
05/03/2026,08:06:47,47.62037,-52.73558,146.0,1,SKT-4015,,1.0,1.0,GPAO
05/03/2026,08:06:54,47.62037,-52.73558,149.0,1,SKT-4015,,1.0,1.0,GPAO
05/03/2026,08:07:01,47.62036,-52.7356,153.0,1,SKT-4015,,1.0,1.0,GPAO
05/03/2026,08:07:08,47.62036,-52.73562,158.0,1,SKT-4015,,1.0,1.0,GPAO
05/03/2026,08:07:15,47.62034,-52.73567,167.0,1,SKT-4015,,1.0,1.0,GPAO
05/03/2026,08:07:23,47.62033,-52.7357,171.0,1,SKT-4015,,1.0,1.0,GPAO
05/03/2026,08:07:30,47.62032,-52.73573,174.0,1,SKT-4015,,1.0,1.0,GPAO
05/03/2026,08:07:37,47.62033,-52.73573,173.0,1,SKT-4015,,1.0,1.0,GPAO
05/03/2026,08:07:44,47.62035,-52.73571,166.0,1,SKT-4015,,1.0,1.0,GPAO
05/03/2026,08:07:52,47.62041,-52.7357,159.0,1,SKT-4015,,1.0,1.0,GPAO
05/03/2026,08:07:59,47.62042,-52.73568,153.0,1,SKT-4015,,1.0,1.0,GPAO
05/03/2026,08:08:06,47.62042,-52.73566,152.0,1,SKT-4015,,1.0,1.0,GPAO
05/03/2026,08:08:13,47.62041,-52.73566,153.0,1,SKT-4015,,1.0,1.0,GPAO
05/03/2026,08:08:21,47.62039,-52.73567,157.0,1,SKT-4015,,1.0,1.0,GPAO
05/03/2026,08:08:28,47.62038,-52.73565,157.0,1,SKT-4015,,1.0,1.0,GPAO
05/03/2026,08:08:35,47.62037,-52.73563,154.0,1,SKT-4015,,1.0,1.0,GPAO
05/03/2026,08:08:43,47.62036,-52.73561,152.0,1,SKT-4015,,1.0,1.0,GPAO
05/03/2026,08:08:50,47.62035,-52.73561,150.0,1,SKT-4015,,1.0,1.0,GPAO
05/03/2026,08:08:57,47.62034,-52.73563,154.0,1,SKT-4015,,1.0,1.0,GPAO
05/03/2026,08:09:04,47.62036,-52.73563,150.0,1,SKT-4015,,1.0,1.0,GPAO
05/03/2026,08:09:12,47.62037,-52.73563,147.0,1,SKT-4015,,1.0,1.0,GPAO
05/03/2026,08:09:19,47.62039,-52.73562,143.0,1,SKT-4015,,1.0,1.0,GPAO
05/03/2026,08:09:26,47.62041,-52.73558,136.0,1,SKT-4015,,1.0,1.0,GPAO
05/03/2026,08:09:33,47.62044,-52.73555,131.0,1,SKT-4015,,1.0,1.0,GPAO
05/03/2026,08:09:41,47.62044,-52.73558,134.0,1,SKT-4015,,1.0,1.0,GPAO
05/03/2026,08:09:48,47.62043,-52.73563,142.0,1,SKT-4015,,1.0,1.0,GPAO
05/03/2026,08:09:55,47.62044,-52.73566,146.0,1,SKT-4015,,1.0,1.0,GPAO
05/03/2026,08:10:02,47.62043,-52.73569,148.0,1,SKT-4015,,1.0,1.0,GPAO
05/03/2026,08:10:10,47.62044,-52.7357,149.0,1,SKT-4015,,1.0,1.0,GPAO
05/03/2026,08:10:17,47.62044,-52.7357,150.0,1,SKT-4015,,1.0,1.0,GPAO
05/03/2026,08:10:24,47.62044,-52.73571,152.0,1,SKT-4015,,1.0,1.0,GPAO
05/03/2026,08:10:31,47.62043,-52.73571,153.0,1,SKT-4015,,1.0,1.0,GPAO
05/03/2026,08:10:39,47.62043,-52.73574,158.0,1,SKT-4015,,1.0,1.0,GPAO
05/03/2026,08:10:46,47.62042,-52.73574,160.0,1,SKT-4015,,1.0,1.0,GPAO
05/03/2026,08:10:53,47.62042,-52.73572,162.0,1,SKT-4015,,1.0,1.0,GPAO
05/03/2026,08:11:00,47.6204,-52.7357,165.0,1,SKT-4015,,1.0,1.0,GPAO
05/03/2026,08:11:07,47.6204,-52.73569,167.0,1,SKT-4015,,1.0,1.0,GPAO
05/03/2026,08:11:15,47.62038,-52.73569,166.0,1,SKT-4015,,1.0,1.0,GPAO
05/03/2026,08:11:22,47.62039,-52.73568,164.0,1,SKT-4015,,1.0,1.0,GPAO
05/03/2026,08:11:29,47.6204,-52.73567,161.0,1,SKT-4015,,1.0,1.0,GPAO
05/03/2026,08:11:36,47.62041,-52.73568,158.0,1,SKT-4015,,1.0,1.0,GPAO
05/03/2026,08:11:44,47.62041,-52.7357,159.0,1,SKT-4015,,1.0,1.0,GPAO
05/03/2026,08:11:51,47.62042,-52.73571,160.0,1,SKT-4015,,1.0,1.0,GPAO
05/03/2026,08:11:58,47.62041,-52.7357,162.0,1,SKT-4015,,1.0,1.0,GPAO
05/03/2026,08:12:06,47.6204,-52.73566,162.0,1,SKT-4015,,1.0,1.0,GPAO
05/03/2026,08:12:13,47.62038,-52.73562,161.0,1,SKT-4015,,1.0,1.0,GPAO
05/03/2026,08:12:20,47.62037,-52.73559,159.0,1,SKT-4015,,1.0,1.0,GPAO
05/03/2026,08:12:27,47.62035,-52.73558,159.0,1,SKT-4015,,1.0,1.0,GPAO
05/03/2026,08:12:35,47.62033,-52.73558,158.0,1,SKT-4015,,1.0,1.0,GPAO
05/03/2026,08:12:42,47.62031,-52.73556,158.0,1,SKT-4015,,1.0,1.0,GPAO
05/03/2026,08:12:49,47.62032,-52.73555,158.0,1,SKT-4015,,1.0,1.0,GPAO
05/03/2026,08:12:56,47.62033,-52.73558,159.0,1,SKT-4015,,1.0,1.0,GPAO
05/03/2026,08:13:04,47.62033,-52.73558,161.0,1,SKT-4015,,1.0,1.0,GPAO
05/03/2026,08:13:11,47.62033,-52.73557,162.0,1,SKT-4015,,1.0,1.0,GPAO
05/03/2026,08:13:18,47.62033,-52.73558,161.0,1,SKT-4015,,1.0,1.0,GPAO
05/03/2026,08:13:25,47.62035,-52.7356,159.0,1,SKT-4015,,1.0,1.0,GPAO
05/03/2026,08:13:33,47.62037,-52.73564,154.0,1,SKT-4015,,1.0,1.0,GPAO
05/03/2026,08:13:40,47.62036,-52.73564,151.0,1,SKT-4015,,1.0,1.0,GPAO
05/03/2026,08:13:47,47.62035,-52.73565,151.0,1,SKT-4015,,1.0,1.0,GPAO
05/03/2026,08:13:54,47.62037,-52.73565,149.0,1,SKT-4015,,1.0,1.0,GPAO
05/03/2026,08:14:02,47.62038,-52.73565,149.0,1,SKT-4015,,1.0,1.0,GPAO
05/03/2026,08:14:09,47.62038,-52.73565,149.0,1,SKT-4015,,1.0,1.0,GPAO
05/03/2026,08:14:16,47.62039,-52.73564,150.0,1,SKT-4015,,1.0,1.0,GPAO
05/03/2026,08:14:23,47.6204,-52.73565,152.0,1,SKT-4015,,1.0,1.0,GPAO
05/03/2026,08:14:30,47.62042,-52.73566,154.0,1,SKT-4015,,1.0,1.0,GPAO
05/03/2026,08:14:38,47.62042,-52.73568,155.0,1,SKT-4015,,1.0,1.0,GPAO
05/03/2026,08:14:45,47.62042,-52.73569,156.0,1,SKT-4015,,1.0,1.0,GPAO
05/03/2026,08:14:52,47.62042,-52.73569,158.0,1,SKT-4015,,1.0,1.0,GPAO
05/03/2026,08:14:59,47.62043,-52.73568,161.0,1,SKT-4015,,1.0,1.0,GPAO
05/03/2026,08:15:07,47.62042,-52.73568,163.0,1,SKT-4015,,1.0,1.0,GPAO
05/03/2026,08:15:14,47.62043,-52.7357,164.0,1,SKT-4015,,1.0,1.0,GPAO
05/03/2026,08:15:22,47.62043,-52.7357,163.0,1,SKT-4015,,1.0,1.0,GPAO
05/03/2026,08:15:29,47.62042,-52.73569,163.0,1,SKT-4015,,1.0,1.0,GPAO
05/03/2026,08:15:37,47.6204,-52.73568,162.0,1,SKT-4015,,1.0,1.0,GPAO
05/03/2026,08:15:44,47.62041,-52.73568,158.0,1,SKT-4015,,1.0,1.0,GPAO
05/03/2026,08:15:51,47.62042,-52.73567,152.0,1,SKT-4015,,1.0,1.0,GPAO
05/03/2026,08:15:58,47.62042,-52.73566,148.0,1,SKT-4015,,1.0,1.0,GPAO
05/03/2026,08:16:06,47.62042,-52.73566,145.0,1,SKT-4015,,1.0,1.0,GPAO
05/03/2026,08:16:13,47.62042,-52.73567,146.0,1,SKT-4015,,1.0,1.0,GPAO
05/03/2026,08:16:20,47.62042,-52.73568,145.0,1,SKT-4015,,1.0,1.0,GPAO
05/03/2026,08:16:27,47.62043,-52.73569,144.0,1,SKT-4015,,1.0,1.0,GPAO
05/03/2026,08:16:35,47.62043,-52.73571,142.0,1,SKT-4015,,1.0,1.0,GPAO
05/03/2026,08:16:42,47.62043,-52.73572,142.0,1,SKT-4015,,1.0,1.0,GPAO
05/03/2026,08:16:49,47.62043,-52.73573,142.0,1,SKT-4015,,1.0,1.0,GPAO
05/03/2026,08:16:56,47.62043,-52.73571,145.0,1,SKT-4015,,1.0,1.0,GPAO
05/03/2026,08:17:04,47.62043,-52.7357,149.0,1,SKT-4015,,1.0,1.0,GPAO
05/03/2026,08:17:11,47.62044,-52.7357,153.0,1,SKT-4015,,1.0,1.0,GPAO
05/03/2026,08:17:18,47.62045,-52.73569,158.0,1,SKT-4015,,1.0,1.0,GPAO
05/03/2026,08:17:25,47.62046,-52.7357,159.0,1,SKT-4015,,1.0,1.0,GPAO
05/03/2026,08:17:33,47.62045,-52.73569,156.0,1,SKT-4015,,1.0,1.0,GPAO
05/03/2026,08:17:40,47.62045,-52.73571,158.0,1,SKT-4015,,1.0,1.0,GPAO
05/03/2026,08:17:47,47.62045,-52.73572,161.0,1,SKT-4015,,1.0,1.0,GPAO
05/03/2026,08:17:54,47.62044,-52.73574,165.0,1,SKT-4015,,1.0,1.0,GPAO
05/03/2026,08:18:02,47.62044,-52.73576,168.0,1,SKT-4015,,1.0,1.0,GPAO
05/03/2026,08:18:09,47.62044,-52.73577,169.0,1,SKT-4015,,1.0,1.0,GPAO
05/03/2026,08:18:16,47.62043,-52.73579,168.0,1,SKT-4015,,1.0,1.0,GPAO
05/03/2026,08:18:23,47.6204,-52.7358,169.0,1,SKT-4015,,1.0,1.0,GPAO
05/03/2026,08:18:31,47.6204,-52.73581,171.0,1,SKT-4015,,1.0,1.0,GPAO
05/03/2026,08:18:38,47.6204,-52.73582,171.0,1,SKT-4015,,1.0,1.0,GPAO
05/03/2026,08:18:45,47.6204,-52.73581,169.0,1,SKT-4015,,1.0,1.0,GPAO
05/03/2026,08:18:52,47.62041,-52.7358,168.0,1,SKT-4015,,1.0,1.0,GPAO
05/03/2026,08:19:00,47.62043,-52.73578,165.0,1,SKT-4015,,1.0,1.0,GPAO
05/03/2026,08:19:07,47.62044,-52.73576,163.0,1,SKT-4015,,1.0,1.0,GPAO
05/03/2026,08:19:14,47.62044,-52.73574,161.0,1,SKT-4015,,1.0,1.0,GPAO
05/03/2026,08:19:21,47.62043,-52.73574,158.0,1,SKT-4015,,1.0,1.0,GPAO
05/03/2026,08:19:29,47.62043,-52.73573,154.0,1,SKT-4015,,1.0,1.0,GPAO
05/03/2026,08:19:36,47.62043,-52.73574,151.0,1,SKT-4015,,1.0,1.0,GPAO
05/03/2026,08:19:43,47.62043,-52.73573,147.0,1,SKT-4015,,1.0,1.0,GPAO
05/03/2026,08:19:50,47.62043,-52.73571,142.0,1,SKT-4015,,1.0,1.0,GPAO
05/03/2026,08:19:58,47.62045,-52.73572,138.0,1,SKT-4015,,1.0,1.0,GPAO
05/03/2026,08:20:05,47.62046,-52.73573,137.0,1,SKT-4015,,1.0,1.0,GPAO
05/03/2026,08:20:12,47.62049,-52.73574,142.0,1,SKT-4015,,1.0,1.0,GPAO
05/03/2026,08:20:19,47.62051,-52.73575,147.0,1,SKT-4015,,1.0,1.0,GPAO
05/03/2026,08:20:27,47.6205,-52.73573,150.0,1,SKT-4015,,1.0,1.0,GPAO
05/03/2026,08:20:34,47.62048,-52.73571,153.0,1,SKT-4015,,1.0,1.0,GPAO
05/03/2026,08:20:41,47.62046,-52.73567,154.0,1,SKT-4015,,1.0,1.0,GPAO
05/03/2026,08:20:48,47.62045,-52.73562,154.0,1,SKT-4015,,1.0,1.0,GPAO
05/03/2026,08:20:56,47.62043,-52.73559,153.0,1,SKT-4015,,1.0,1.0,GPAO
05/03/2026,08:21:03,47.62042,-52.73557,153.0,1,SKT-4015,,1.0,1.0,GPAO
05/03/2026,08:21:10,47.62043,-52.73558,152.0,1,SKT-4015,,1.0,1.0,GPAO
05/03/2026,08:21:17,47.62046,-52.7356,152.0,1,SKT-4015,,1.0,1.0,GPAO
05/03/2026,08:21:25,47.62047,-52.7356,150.0,1,SKT-4015,,1.0,1.0,GPAO
05/03/2026,08:21:32,47.62047,-52.7356,147.0,1,SKT-4015,,1.0,1.0,GPAO
05/03/2026,08:21:39,47.62045,-52.73558,144.0,1,SKT-4015,,1.0,1.0,GPAO
05/03/2026,08:21:46,47.62042,-52.73556,143.0,1,SKT-4015,,1.0,1.0,GPAO
05/03/2026,08:21:53,47.62041,-52.73556,144.0,1,SKT-4015,,1.0,1.0,GPAO
05/03/2026,08:22:01,47.62042,-52.73557,146.0,1,SKT-4015,,1.0,1.0,GPAO
05/03/2026,08:22:08,47.62043,-52.73558,146.0,1,SKT-4015,,1.0,1.0,GPAO
05/03/2026,08:22:15,47.62045,-52.73559,145.0,1,SKT-4015,,1.0,1.0,GPAO
05/03/2026,08:22:23,47.62045,-52.7356,143.0,1,SKT-4015,,1.0,1.0,GPAO
05/03/2026,08:22:30,47.62047,-52.73561,141.0,1,SKT-4015,,1.0,1.0,GPAO
05/03/2026,08:22:37,47.62049,-52.73564,140.0,1,SKT-4015,,1.0,1.0,GPAO
05/03/2026,08:22:45,47.62049,-52.73565,139.0,1,SKT-4015,,1.0,1.0,GPAO
05/03/2026,08:22:52,47.62047,-52.73563,139.0,1,SKT-4015,,1.0,1.0,GPAO
05/03/2026,08:22:59,47.62044,-52.73559,140.0,1,SKT-4015,,1.0,1.0,GPAO
05/03/2026,08:23:06,47.6204,-52.73557,141.0,1,SKT-4015,,1.0,1.0,GPAO
05/03/2026,08:23:14,47.62038,-52.73557,142.0,1,SKT-4015,,1.0,1.0,GPAO
05/03/2026,08:23:21,47.62038,-52.73559,143.0,1,SKT-4015,,1.0,1.0,GPAO
05/03/2026,08:23:28,47.62039,-52.73562,143.0,1,SKT-4015,,1.0,1.0,GPAO
05/03/2026,08:23:35,47.6204,-52.73565,144.0,1,SKT-4015,,1.0,1.0,GPAO
05/03/2026,08:23:43,47.62041,-52.73566,146.0,1,SKT-4015,,1.0,1.0,GPAO
05/03/2026,08:23:50,47.62042,-52.73566,148.0,1,SKT-4015,,1.0,1.0,GPAO
05/03/2026,08:23:57,47.62044,-52.73567,152.0,1,SKT-4015,,1.0,1.0,GPAO
05/03/2026,08:24:05,47.62045,-52.73567,154.0,1,SKT-4015,,1.0,1.0,GPAO
05/03/2026,08:24:12,47.62044,-52.73568,154.0,1,SKT-4015,,1.0,1.0,GPAO
05/03/2026,08:24:19,47.62045,-52.73569,153.0,1,SKT-4015,,1.0,1.0,GPAO
05/03/2026,08:24:26,47.62045,-52.7357,151.0,1,SKT-4015,,1.0,1.0,GPAO
05/03/2026,08:24:34,47.62045,-52.73571,148.0,1,SKT-4015,,1.0,1.0,GPAO
05/03/2026,08:24:41,47.62045,-52.73571,145.0,1,SKT-4015,,1.0,1.0,GPAO
05/03/2026,08:24:48,47.62044,-52.73571,144.0,1,SKT-4015,,1.0,1.0,GPAO
05/03/2026,08:24:55,47.62043,-52.73572,145.0,1,SKT-4015,,1.0,1.0,GPAO
05/03/2026,08:25:03,47.62043,-52.73571,147.0,1,SKT-4015,,1.0,1.0,GPAO
05/03/2026,08:25:10,47.62041,-52.73571,149.0,1,SKT-4015,,1.0,1.0,GPAO
05/03/2026,08:25:17,47.6204,-52.73571,151.0,1,SKT-4015,,1.0,1.0,GPAO
05/03/2026,08:25:24,47.6204,-52.73571,153.0,1,SKT-4015,,1.0,1.0,GPAO
05/03/2026,08:25:31,47.62041,-52.73571,154.0,1,SKT-4015,,1.0,1.0,GPAO
05/03/2026,08:25:39,47.62041,-52.73571,154.0,1,SKT-4015,,1.0,1.0,GPAO
05/03/2026,08:25:46,47.6204,-52.7357,155.0,1,SKT-4015,,1.0,1.0,GPAO
05/03/2026,08:25:53,47.62038,-52.73569,158.0,1,SKT-4015,,1.0,1.0,GPAO
05/03/2026,08:26:00,47.62035,-52.73568,159.0,1,SKT-4015,,1.0,1.0,GPAO
05/03/2026,08:26:08,47.62033,-52.73566,155.0,1,SKT-4015,,1.0,1.0,GPAO
05/03/2026,08:26:15,47.62032,-52.73562,150.0,1,SKT-4015,,1.0,1.0,GPAO
05/03/2026,08:26:22,47.62032,-52.73561,149.0,1,SKT-4015,,1.0,1.0,GPAO
05/03/2026,08:26:29,47.62032,-52.73563,156.0,1,SKT-4015,,1.0,1.0,GPAO
05/03/2026,08:26:37,47.62032,-52.73566,162.0,1,SKT-4015,,1.0,1.0,GPAO
05/03/2026,08:26:44,47.62032,-52.73568,163.0,1,SKT-4015,,1.0,1.0,GPAO
05/03/2026,08:26:51,47.62032,-52.73569,167.0,1,SKT-4015,,1.0,1.0,GPAO
05/03/2026,08:26:58,47.62032,-52.7357,173.0,1,SKT-4015,,1.0,1.0,GPAO
05/03/2026,08:27:06,47.62032,-52.73569,173.0,1,SKT-4015,,1.0,1.0,GPAO
05/03/2026,08:27:13,47.62034,-52.73573,173.0,1,SKT-4015,,1.0,1.0,GPAO
05/03/2026,08:27:20,47.62038,-52.73581,174.0,1,SKT-4015,,1.0,1.0,GPAO
05/03/2026,08:27:27,47.62041,-52.73586,175.0,1,SKT-4015,,1.0,1.0,GPAO
05/03/2026,08:27:35,47.62046,-52.73585,162.0,1,SKT-4015,,1.0,1.0,GPAO
05/03/2026,08:27:42,47.62049,-52.73585,156.0,1,SKT-4015,,1.0,1.0,GPAO
05/03/2026,08:27:49,47.62052,-52.7358,149.0,1,SKT-4015,,1.0,1.0,GPAO
05/03/2026,08:27:56,47.62052,-52.73576,148.0,1,SKT-4015,,1.0,1.0,GPAO
05/03/2026,08:28:04,47.62051,-52.73573,151.0,1,SKT-4015,,1.0,1.0,GPAO
05/03/2026,08:28:11,47.62049,-52.73573,155.0,1,SKT-4015,,1.0,1.0,GPAO
05/03/2026,08:28:18,47.62047,-52.73572,158.0,1,SKT-4015,,1.0,1.0,GPAO
05/03/2026,08:28:25,47.62044,-52.73572,162.0,1,SKT-4015,,1.0,1.0,GPAO
05/03/2026,08:28:33,47.62041,-52.73573,161.0,1,SKT-4015,,1.0,1.0,GPAO
05/03/2026,08:28:40,47.6204,-52.73572,155.0,1,SKT-4015,,1.0,1.0,GPAO
05/03/2026,08:28:47,47.62039,-52.73568,147.0,1,SKT-4015,,1.0,1.0,GPAO
05/03/2026,08:28:54,47.6204,-52.73565,142.0,1,SKT-4015,,1.0,1.0,GPAO
05/03/2026,08:29:02,47.6204,-52.73563,140.0,1,SKT-4015,,1.0,1.0,GPAO
05/03/2026,08:29:09,47.6204,-52.73563,140.0,1,SKT-4015,,1.0,1.0,GPAO
05/03/2026,08:29:16,47.62039,-52.73563,140.0,1,SKT-4015,,1.0,1.0,GPAO
05/03/2026,08:29:23,47.62038,-52.73563,138.0,1,SKT-4015,,1.0,1.0,GPAO
05/03/2026,08:29:31,47.62038,-52.73562,136.0,1,SKT-4015,,1.0,1.0,GPAO
05/03/2026,08:29:38,47.62037,-52.73559,135.0,1,SKT-4015,,1.0,1.0,GPAO
05/03/2026,08:29:45,47.62035,-52.73555,136.0,1,SKT-4015,,1.0,1.0,GPAO
05/03/2026,08:29:52,47.62032,-52.7355,139.0,1,SKT-4015,,1.0,1.0,GPAO
05/03/2026,08:30:00,47.6203,-52.73547,141.0,1,SKT-4015,,1.0,1.0,GPAO
05/03/2026,08:30:07,47.62028,-52.7355,143.0,1,SKT-4015,,1.0,1.0,GPAO
05/03/2026,08:30:14,47.62025,-52.73557,146.0,1,SKT-4015,,1.0,1.0,GPAO
05/03/2026,08:30:21,47.62023,-52.73563,150.0,1,SKT-4015,,1.0,1.0,GPAO
05/03/2026,08:30:29,47.62024,-52.73567,154.0,1,SKT-4015,,1.0,1.0,GPAO
05/03/2026,08:30:36,47.62025,-52.73568,155.0,1,SKT-4015,,1.0,1.0,GPAO
05/03/2026,08:30:43,47.62027,-52.73567,154.0,1,SKT-4015,,1.0,1.0,GPAO
05/03/2026,08:30:51,47.62027,-52.73565,153.0,1,SKT-4015,,1.0,1.0,GPAO
05/03/2026,08:30:58,47.62028,-52.73564,153.0,1,SKT-4015,,1.0,1.0,GPAO
05/03/2026,08:31:05,47.62026,-52.73565,153.0,1,SKT-4015,,1.0,1.0,GPAO
05/03/2026,08:31:12,47.62027,-52.73566,150.0,1,SKT-4015,,1.0,1.0,GPAO
05/03/2026,08:31:20,47.6203,-52.73566,145.0,1,SKT-4015,,1.0,1.0,GPAO
05/03/2026,08:31:27,47.62032,-52.73565,140.0,1,SKT-4015,,1.0,1.0,GPAO
05/03/2026,08:31:34,47.62033,-52.73564,136.0,1,SKT-4015,,1.0,1.0,GPAO
05/03/2026,08:31:41,47.62033,-52.73563,137.0,1,SKT-4015,,1.0,1.0,GPAO
05/03/2026,08:31:48,47.62033,-52.73562,139.0,1,SKT-4015,,1.0,1.0,GPAO
05/03/2026,08:31:56,47.62033,-52.73561,142.0,1,SKT-4015,,1.0,1.0,GPAO
05/03/2026,08:32:03,47.62035,-52.7356,145.0,1,SKT-4015,,1.0,1.0,GPAO
05/03/2026,08:32:10,47.62035,-52.73561,149.0,1,SKT-4015,,1.0,1.0,GPAO
05/03/2026,08:32:17,47.62036,-52.73562,151.0,1,SKT-4015,,1.0,1.0,GPAO
05/03/2026,08:32:25,47.62036,-52.73562,148.0,1,SKT-4015,,1.0,1.0,GPAO
05/03/2026,08:32:32,47.62038,-52.73562,144.0,1,SKT-4015,,1.0,1.0,GPAO
05/03/2026,08:32:39,47.6204,-52.73561,139.0,1,SKT-4015,,1.0,1.0,GPAO
05/03/2026,08:32:46,47.6204,-52.73561,136.0,1,SKT-4015,,1.0,1.0,GPAO
05/03/2026,08:32:54,47.62041,-52.73561,134.0,1,SKT-4015,,1.0,1.0,GPAO
05/03/2026,08:33:01,47.62042,-52.73562,135.0,1,SKT-4015,,1.0,1.0,GPAO
05/03/2026,08:33:08,47.62042,-52.73563,135.0,1,SKT-4015,,1.0,1.0,GPAO
05/03/2026,08:33:15,47.62043,-52.73563,137.0,1,SKT-4015,,1.0,1.0,GPAO
05/03/2026,08:33:23,47.62043,-52.73563,140.0,1,SKT-4015,,1.0,1.0,GPAO
05/03/2026,08:33:30,47.62042,-52.73563,146.0,1,SKT-4015,,1.0,1.0,GPAO
05/03/2026,08:33:37,47.62041,-52.73563,150.0,1,SKT-4015,,1.0,1.0,GPAO
05/03/2026,08:33:44,47.6204,-52.73566,153.0,1,SKT-4015,,1.0,1.0,GPAO
05/03/2026,08:33:52,47.6204,-52.73568,156.0,1,SKT-4015,,1.0,1.0,GPAO
05/03/2026,08:33:59,47.6204,-52.7357,157.0,1,SKT-4015,,1.0,1.0,GPAO
05/03/2026,08:34:06,47.6204,-52.7357,159.0,1,SKT-4015,,1.0,1.0,GPAO
05/03/2026,08:34:13,47.62039,-52.73568,160.0,1,SKT-4015,,1.0,1.0,GPAO
05/03/2026,08:34:21,47.62037,-52.73565,159.0,1,SKT-4015,,1.0,1.0,GPAO
05/03/2026,08:34:28,47.62037,-52.73565,158.0,1,SKT-4015,,1.0,1.0,GPAO
05/03/2026,08:34:35,47.62036,-52.73565,157.0,1,SKT-4015,,1.0,1.0,GPAO
05/03/2026,08:34:42,47.62036,-52.73563,156.0,1,SKT-4015,,1.0,1.0,GPAO
05/03/2026,08:34:50,47.62037,-52.73563,153.0,1,SKT-4015,,1.0,1.0,GPAO
05/03/2026,08:34:57,47.62038,-52.73564,150.0,1,SKT-4015,,1.0,1.0,GPAO
05/03/2026,08:35:04,47.62038,-52.73564,148.0,1,SKT-4015,,1.0,1.0,GPAO
05/03/2026,08:35:11,47.62038,-52.73565,147.0,1,SKT-4015,,1.0,1.0,GPAO
05/03/2026,08:35:19,47.62038,-52.73564,147.0,1,SKT-4015,,1.0,1.0,GPAO
05/03/2026,08:35:26,47.62039,-52.73565,146.0,1,SKT-4015,,1.0,1.0,GPAO
05/03/2026,08:35:33,47.6204,-52.73566,145.0,1,SKT-4015,,1.0,1.0,GPAO
05/03/2026,08:35:40,47.6204,-52.73566,142.0,1,SKT-4015,,1.0,1.0,GPAO
05/03/2026,08:35:48,47.6204,-52.73567,136.0,1,SKT-4015,,1.0,1.0,GPAO
05/03/2026,08:35:55,47.6204,-52.73569,134.0,1,SKT-4015,,1.0,1.0,GPAO
05/03/2026,08:36:03,47.62041,-52.73571,132.0,1,SKT-4015,,1.0,1.0,GPAO
05/03/2026,08:36:10,47.62041,-52.7357,129.0,1,SKT-4015,,1.0,1.0,GPAO
05/03/2026,08:36:17,47.6204,-52.73568,126.0,1,SKT-4015,,1.0,1.0,GPAO
05/03/2026,08:36:25,47.62041,-52.73569,128.0,1,SKT-4015,,1.0,1.0,GPAO
05/03/2026,08:36:32,47.62042,-52.73566,133.0,1,SKT-4015,,1.0,1.0,GPAO
05/03/2026,08:36:39,47.62043,-52.73562,132.0,1,SKT-4015,,1.0,1.0,GPAO
05/03/2026,08:36:46,47.62043,-52.73562,133.0,1,SKT-4015,,1.0,1.0,GPAO
05/03/2026,08:36:54,47.62043,-52.73563,135.0,1,SKT-4015,,1.0,1.0,GPAO
05/03/2026,08:37:02,47.62042,-52.73564,140.0,1,SKT-4015,,1.0,1.0,GPAO
05/03/2026,08:37:09,47.62043,-52.73565,146.0,1,SKT-4015,,1.0,1.0,GPAO
05/03/2026,08:37:16,47.62043,-52.73565,149.0,1,SKT-4015,,1.0,1.0,GPAO
05/03/2026,08:37:23,47.62043,-52.73565,151.0,1,SKT-4015,,1.0,1.0,GPAO
05/03/2026,08:37:31,47.62041,-52.73566,149.0,1,SKT-4015,,1.0,1.0,GPAO
05/03/2026,08:37:38,47.62041,-52.73567,148.0,1,SKT-4015,,1.0,1.0,GPAO
05/03/2026,08:37:45,47.62041,-52.73569,146.0,1,SKT-4015,,1.0,1.0,GPAO
05/03/2026,08:37:52,47.62041,-52.73572,145.0,1,SKT-4015,,1.0,1.0,GPAO
05/03/2026,08:38:00,47.62041,-52.73574,145.0,1,SKT-4015,,1.0,1.0,GPAO
05/03/2026,08:38:07,47.6204,-52.73574,143.0,1,SKT-4015,,1.0,1.0,GPAO
05/03/2026,08:38:14,47.6204,-52.73571,140.0,1,SKT-4015,,1.0,1.0,GPAO
05/03/2026,08:38:21,47.6204,-52.73566,138.0,1,SKT-4015,,1.0,1.0,GPAO
05/03/2026,08:38:29,47.62042,-52.73564,136.0,1,SKT-4015,,1.0,1.0,GPAO
05/03/2026,08:38:36,47.62038,-52.73565,134.0,1,SKT-4015,,1.0,1.0,GPAO
05/03/2026,08:38:43,47.62038,-52.73565,136.0,1,SKT-4015,,1.0,1.0,GPAO
05/03/2026,08:38:50,47.62039,-52.73565,135.0,1,SKT-4015,,1.0,1.0,GPAO
05/03/2026,08:38:58,47.6204,-52.73566,132.0,1,SKT-4015,,1.0,1.0,GPAO
05/03/2026,08:39:05,47.62042,-52.73566,127.0,1,SKT-4015,,1.0,1.0,GPAO
05/03/2026,08:39:12,47.62042,-52.73566,127.0,1,SKT-4015,,1.0,1.0,GPAO
05/03/2026,08:39:19,47.62041,-52.73566,132.0,1,SKT-4015,,1.0,1.0,GPAO
05/03/2026,08:39:26,47.62042,-52.73566,133.0,1,SKT-4015,,1.0,1.0,GPAO
05/03/2026,08:39:34,47.62043,-52.73566,132.0,1,SKT-4015,,1.0,1.0,GPAO
05/03/2026,08:39:41,47.62043,-52.73567,131.0,1,SKT-4015,,1.0,1.0,GPAO
05/03/2026,08:39:49,47.62042,-52.73567,132.0,1,SKT-4015,,1.0,1.0,GPAO
05/03/2026,08:39:56,47.62041,-52.73568,134.0,1,SKT-4015,,1.0,1.0,GPAO
05/03/2026,08:40:04,47.6204,-52.73568,134.0,1,SKT-4015,,1.0,1.0,GPAO
05/03/2026,08:40:11,47.62039,-52.73569,133.0,1,SKT-4015,,1.0,1.0,GPAO
05/03/2026,08:40:18,47.62039,-52.73569,132.0,1,SKT-4015,,1.0,1.0,GPAO
05/03/2026,08:40:25,47.62041,-52.7357,130.0,1,SKT-4015,,1.0,1.0,GPAO
05/03/2026,08:40:32,47.62043,-52.7357,133.0,1,SKT-4015,,1.0,1.0,GPAO
05/03/2026,08:40:40,47.62043,-52.73569,137.0,1,SKT-4015,,1.0,1.0,GPAO
05/03/2026,08:40:47,47.62043,-52.73569,140.0,1,SKT-4015,,1.0,1.0,GPAO
05/03/2026,08:40:54,47.62044,-52.73568,141.0,1,SKT-4015,,1.0,1.0,GPAO
05/03/2026,08:41:01,47.62044,-52.73568,140.0,1,SKT-4015,,1.0,1.0,GPAO
05/03/2026,08:41:09,47.62042,-52.73567,137.0,1,SKT-4015,,1.0,1.0,GPAO
05/03/2026,08:41:16,47.62041,-52.73568,136.0,1,SKT-4015,,1.0,1.0,GPAO
05/03/2026,08:41:23,47.62039,-52.73568,136.0,1,SKT-4015,,1.0,1.0,GPAO
05/03/2026,08:41:30,47.62037,-52.7357,137.0,1,SKT-4015,,1.0,1.0,GPAO
05/03/2026,08:41:38,47.62037,-52.73571,137.0,1,SKT-4015,,1.0,1.0,GPAO
05/03/2026,08:41:45,47.62037,-52.73571,137.0,1,SKT-4015,,1.0,1.0,GPAO
05/03/2026,08:41:52,47.62038,-52.73572,142.0,1,SKT-4015,,1.0,1.0,GPAO
05/03/2026,08:41:59,47.6204,-52.73571,144.0,1,SKT-4015,,1.0,1.0,GPAO
05/03/2026,08:42:07,47.62042,-52.73569,144.0,1,SKT-4015,,1.0,1.0,GPAO
05/03/2026,08:42:14,47.62042,-52.73569,140.0,1,SKT-4015,,1.0,1.0,GPAO
05/03/2026,08:42:21,47.62042,-52.7357,137.0,1,SKT-4015,,1.0,1.0,GPAO
05/03/2026,08:42:28,47.6204,-52.7357,134.0,1,SKT-4015,,1.0,1.0,GPAO
05/03/2026,08:42:36,47.62038,-52.73569,133.0,1,SKT-4015,,1.0,1.0,GPAO
05/03/2026,08:42:43,47.62037,-52.73568,133.0,1,SKT-4015,,1.0,1.0,GPAO
05/03/2026,08:42:50,47.62036,-52.73566,136.0,1,SKT-4015,,1.0,1.0,GPAO
05/03/2026,08:42:57,47.62035,-52.73563,140.0,1,SKT-4015,,1.0,1.0,GPAO
05/03/2026,08:43:05,47.62033,-52.7356,147.0,1,SKT-4015,,1.0,1.0,GPAO
05/03/2026,08:43:12,47.62033,-52.73558,152.0,1,SKT-4015,,1.0,1.0,GPAO
05/03/2026,08:43:19,47.62033,-52.73558,156.0,1,SKT-4015,,1.0,1.0,GPAO
05/03/2026,08:43:26,47.62034,-52.73558,158.0,1,SKT-4015,,1.0,1.0,GPAO
05/03/2026,08:43:34,47.62036,-52.73559,159.0,1,SKT-4015,,1.0,1.0,GPAO
05/03/2026,08:43:41,47.62037,-52.7356,160.0,1,SKT-4015,,1.0,1.0,GPAO
05/03/2026,08:43:48,47.62035,-52.73563,163.0,1,SKT-4015,,1.0,1.0,GPAO
05/03/2026,08:43:55,47.62031,-52.73565,165.0,1,SKT-4015,,1.0,1.0,GPAO
05/03/2026,08:44:03,47.62027,-52.73564,165.0,1,SKT-4015,,1.0,1.0,GPAO
05/03/2026,08:44:10,47.62026,-52.73563,165.0,1,SKT-4015,,1.0,1.0,GPAO
05/03/2026,08:44:17,47.62027,-52.73563,166.0,1,SKT-4015,,1.0,1.0,GPAO
05/03/2026,08:44:24,47.6203,-52.73563,166.0,1,SKT-4015,,1.0,1.0,GPAO
05/03/2026,08:44:31,47.62035,-52.73565,165.0,1,SKT-4015,,1.0,1.0,GPAO
05/03/2026,08:44:39,47.62041,-52.73567,162.0,1,SKT-4015,,1.0,1.0,GPAO
05/03/2026,08:44:46,47.62043,-52.73568,159.0,1,SKT-4015,,1.0,1.0,GPAO
05/03/2026,08:44:53,47.62043,-52.73567,154.0,1,SKT-4015,,1.0,1.0,GPAO
05/03/2026,08:45:00,47.62041,-52.73566,151.0,1,SKT-4015,,1.0,1.0,GPAO
05/03/2026,08:45:08,47.62039,-52.73563,151.0,1,SKT-4015,,1.0,1.0,GPAO
05/03/2026,08:45:15,47.62038,-52.73561,155.0,1,SKT-4015,,1.0,1.0,GPAO
05/03/2026,08:45:22,47.62037,-52.7356,157.0,1,SKT-4015,,1.0,1.0,GPAO
05/03/2026,08:45:29,47.62035,-52.7356,159.0,1,SKT-4015,,1.0,1.0,GPAO
05/03/2026,08:45:37,47.62034,-52.73558,163.0,1,SKT-4015,,1.0,1.0,GPAO
05/03/2026,08:45:44,47.62035,-52.73557,162.0,1,SKT-4015,,1.0,1.0,GPAO
05/03/2026,08:45:51,47.62035,-52.73557,157.0,1,SKT-4015,,1.0,1.0,GPAO
05/03/2026,08:45:58,47.62036,-52.73554,150.0,1,SKT-4015,,1.0,1.0,GPAO
05/03/2026,08:46:06,47.62038,-52.73554,146.0,1,SKT-4015,,1.0,1.0,GPAO
05/03/2026,08:46:13,47.6204,-52.73558,151.0,1,SKT-4015,,1.0,1.0,GPAO
05/03/2026,08:46:20,47.62041,-52.73562,157.0,1,SKT-4015,,1.0,1.0,GPAO
05/03/2026,08:46:27,47.62041,-52.73565,162.0,1,SKT-4015,,1.0,1.0,GPAO
05/03/2026,08:46:35,47.62041,-52.73567,162.0,1,SKT-4015,,1.0,1.0,GPAO
05/03/2026,08:46:42,47.62041,-52.73568,159.0,1,SKT-4015,,1.0,1.0,GPAO
05/03/2026,08:46:49,47.6204,-52.73569,156.0,1,SKT-4015,,1.0,1.0,GPAO
05/03/2026,08:46:56,47.62039,-52.73568,153.0,1,SKT-4015,,1.0,1.0,GPAO
05/03/2026,08:47:04,47.62038,-52.73568,149.0,1,SKT-4015,,1.0,1.0,GPAO
05/03/2026,08:47:11,47.62037,-52.73566,146.0,1,SKT-4015,,1.0,1.0,GPAO
05/03/2026,08:47:18,47.62036,-52.73565,148.0,1,SKT-4015,,1.0,1.0,GPAO
05/03/2026,08:47:25,47.62037,-52.73563,148.0,1,SKT-4015,,1.0,1.0,GPAO
05/03/2026,08:47:33,47.62038,-52.73563,152.0,1,SKT-4015,,1.0,1.0,GPAO
05/03/2026,08:47:40,47.62038,-52.73561,157.0,1,SKT-4015,,1.0,1.0,GPAO
05/03/2026,08:47:47,47.62038,-52.73561,161.0,1,SKT-4015,,1.0,1.0,GPAO
05/03/2026,08:47:54,47.62037,-52.73561,163.0,1,SKT-4015,,1.0,1.0,GPAO
05/03/2026,08:48:02,47.62035,-52.73562,164.0,1,SKT-4015,,1.0,1.0,GPAO
05/03/2026,08:48:09,47.62033,-52.73564,165.0,1,SKT-4015,,1.0,1.0,GPAO
05/03/2026,08:48:16,47.62031,-52.73565,165.0,1,SKT-4015,,1.0,1.0,GPAO
05/03/2026,08:48:23,47.62029,-52.73565,165.0,1,SKT-4015,,1.0,1.0,GPAO
05/03/2026,08:48:30,47.62029,-52.73564,164.0,1,SKT-4015,,1.0,1.0,GPAO
05/03/2026,08:48:38,47.62031,-52.73565,161.0,1,SKT-4015,,1.0,1.0,GPAO
05/03/2026,08:48:45,47.62033,-52.73568,163.0,1,SKT-4015,,1.0,1.0,GPAO
05/03/2026,08:48:52,47.62033,-52.73569,163.0,1,SKT-4015,,1.0,1.0,GPAO
05/03/2026,08:48:59,47.62033,-52.73572,164.0,1,SKT-4015,,1.0,1.0,GPAO
05/03/2026,08:49:07,47.62034,-52.73574,164.0,1,SKT-4015,,1.0,1.0,GPAO
05/03/2026,08:49:14,47.62035,-52.73576,163.0,1,SKT-4015,,1.0,1.0,GPAO
05/03/2026,08:49:21,47.62036,-52.73575,161.0,1,SKT-4015,,1.0,1.0,GPAO
05/03/2026,08:49:28,47.62037,-52.73573,158.0,1,SKT-4015,,1.0,1.0,GPAO
05/03/2026,08:49:36,47.62039,-52.7357,153.0,1,SKT-4015,,1.0,1.0,GPAO
05/03/2026,08:49:43,47.62041,-52.73567,144.0,1,SKT-4015,,1.0,1.0,GPAO
05/03/2026,08:49:50,47.62044,-52.73566,140.0,1,SKT-4015,,1.0,1.0,GPAO
05/03/2026,08:49:57,47.62046,-52.73566,139.0,1,SKT-4015,,1.0,1.0,GPAO
05/03/2026,08:50:05,47.62045,-52.73566,144.0,1,SKT-4015,,1.0,1.0,GPAO
05/03/2026,08:50:12,47.62043,-52.73567,147.0,1,SKT-4015,,1.0,1.0,GPAO
05/03/2026,08:50:19,47.62042,-52.73567,148.0,1,SKT-4015,,1.0,1.0,GPAO
05/03/2026,08:50:27,47.62041,-52.73567,144.0,1,SKT-4015,,1.0,1.0,GPAO
05/03/2026,08:50:34,47.62042,-52.73567,141.0,1,SKT-4015,,1.0,1.0,GPAO
05/03/2026,08:50:42,47.62043,-52.73568,141.0,1,SKT-4015,,1.0,1.0,GPAO
05/03/2026,08:50:49,47.62044,-52.73567,140.0,1,SKT-4015,,1.0,1.0,GPAO
05/03/2026,08:50:56,47.62044,-52.73565,139.0,1,SKT-4015,,1.0,1.0,GPAO
05/03/2026,08:51:03,47.62045,-52.73563,137.0,1,SKT-4015,,1.0,1.0,GPAO
05/03/2026,08:51:11,47.62045,-52.73564,143.0,1,SKT-4015,,1.0,1.0,GPAO
05/03/2026,08:51:18,47.62046,-52.73564,149.0,1,SKT-4015,,1.0,1.0,GPAO
05/03/2026,08:51:25,47.62045,-52.73564,152.0,1,SKT-4015,,1.0,1.0,GPAO
05/03/2026,08:51:32,47.62044,-52.73564,156.0,1,SKT-4015,,1.0,1.0,GPAO
05/03/2026,08:51:40,47.62043,-52.73565,152.0,1,SKT-4015,,1.0,1.0,GPAO
05/03/2026,08:51:47,47.62042,-52.73564,147.0,1,SKT-4015,,1.0,1.0,GPAO
05/03/2026,08:51:54,47.62042,-52.73564,145.0,1,SKT-4015,,1.0,1.0,GPAO
05/03/2026,08:52:01,47.62042,-52.73565,147.0,1,SKT-4015,,1.0,1.0,GPAO
05/03/2026,08:52:09,47.62042,-52.73566,149.0,1,SKT-4015,,1.0,1.0,GPAO
05/03/2026,08:52:16,47.62042,-52.73567,149.0,1,SKT-4015,,1.0,1.0,GPAO
05/03/2026,08:52:23,47.62042,-52.73568,151.0,1,SKT-4015,,1.0,1.0,GPAO
05/03/2026,08:52:30,47.62041,-52.73569,154.0,1,SKT-4015,,1.0,1.0,GPAO
05/03/2026,08:52:38,47.62041,-52.73569,155.0,1,SKT-4015,,1.0,1.0,GPAO
05/03/2026,08:52:45,47.62041,-52.73568,153.0,1,SKT-4015,,1.0,1.0,GPAO
05/03/2026,08:52:52,47.62038,-52.73562,151.0,1,SKT-4015,,1.0,1.0,GPAO
05/03/2026,08:52:59,47.62038,-52.73557,150.0,1,SKT-4015,,1.0,1.0,GPAO
05/03/2026,08:53:07,47.62039,-52.73559,162.0,1,SKT-4015,,1.0,1.0,GPAO
05/03/2026,08:53:14,47.62038,-52.73558,159.0,1,SKT-4015,,1.0,1.0,GPAO
05/03/2026,08:53:21,47.62039,-52.73559,158.0,1,SKT-4015,,1.0,1.0,GPAO
05/03/2026,08:53:28,47.62041,-52.7356,157.0,1,SKT-4015,,1.0,1.0,GPAO
05/03/2026,08:53:36,47.62042,-52.73561,155.0,1,SKT-4015,,1.0,1.0,GPAO
05/03/2026,08:53:43,47.62043,-52.73561,153.0,1,SKT-4015,,1.0,1.0,GPAO
05/03/2026,08:53:50,47.62044,-52.73562,150.0,1,SKT-4015,,1.0,1.0,GPAO
05/03/2026,08:53:57,47.62045,-52.73563,144.0,1,SKT-4015,,1.0,1.0,GPAO
05/03/2026,08:54:05,47.62046,-52.73564,135.0,1,SKT-4015,,1.0,1.0,GPAO
05/03/2026,08:54:12,47.62046,-52.73564,130.0,1,SKT-4015,,1.0,1.0,GPAO
05/03/2026,08:54:19,47.62045,-52.73563,130.0,1,SKT-4015,,1.0,1.0,GPAO
05/03/2026,08:54:26,47.62044,-52.73563,130.0,1,SKT-4015,,1.0,1.0,GPAO
05/03/2026,08:54:34,47.62043,-52.73563,132.0,1,SKT-4015,,1.0,1.0,GPAO
05/03/2026,08:54:41,47.62041,-52.73562,130.0,1,SKT-4015,,1.0,1.0,GPAO
05/03/2026,08:54:48,47.6204,-52.73558,128.0,1,SKT-4015,,1.0,1.0,GPAO
05/03/2026,08:54:55,47.62038,-52.73555,128.0,1,SKT-4015,,1.0,1.0,GPAO
05/03/2026,08:55:02,47.62037,-52.7355,126.0,1,SKT-4015,,1.0,1.0,GPAO
05/03/2026,08:55:10,47.62037,-52.73552,126.0,1,SKT-4015,,1.0,1.0,GPAO
05/03/2026,08:55:17,47.62038,-52.73558,128.0,1,SKT-4015,,1.0,1.0,GPAO
05/03/2026,08:55:24,47.62038,-52.73565,129.0,1,SKT-4015,,1.0,1.0,GPAO
05/03/2026,08:55:31,47.62039,-52.73569,132.0,1,SKT-4015,,1.0,1.0,GPAO
05/03/2026,08:55:39,47.62041,-52.73571,136.0,1,SKT-4015,,1.0,1.0,GPAO
05/03/2026,08:55:46,47.62041,-52.73575,147.0,1,SKT-4015,,1.0,1.0,GPAO
05/03/2026,08:55:53,47.6204,-52.73574,151.0,1,SKT-4015,,1.0,1.0,GPAO
05/03/2026,08:56:00,47.6204,-52.73574,157.0,1,SKT-4015,,1.0,1.0,GPAO
05/03/2026,08:56:08,47.62043,-52.73572,159.0,1,SKT-4015,,1.0,1.0,GPAO
05/03/2026,08:56:15,47.62044,-52.73573,157.0,1,SKT-4015,,1.0,1.0,GPAO
05/03/2026,08:56:22,47.62044,-52.73571,154.0,1,SKT-4015,,1.0,1.0,GPAO
05/03/2026,08:56:29,47.62043,-52.7357,153.0,1,SKT-4015,,1.0,1.0,GPAO
05/03/2026,08:56:37,47.62043,-52.73567,154.0,1,SKT-4015,,1.0,1.0,GPAO
05/03/2026,08:56:44,47.62043,-52.73566,155.0,1,SKT-4015,,1.0,1.0,GPAO
05/03/2026,08:56:51,47.62042,-52.73564,158.0,1,SKT-4015,,1.0,1.0,GPAO
05/03/2026,08:56:58,47.62042,-52.73563,162.0,1,SKT-4015,,1.0,1.0,GPAO
05/03/2026,08:57:06,47.62044,-52.73563,162.0,1,SKT-4015,,1.0,1.0,GPAO
05/03/2026,08:57:13,47.62046,-52.73564,164.0,1,SKT-4015,,1.0,1.0,GPAO
05/03/2026,08:57:20,47.62045,-52.73566,163.0,1,SKT-4015,,1.0,1.0,GPAO
05/03/2026,08:57:27,47.62045,-52.73568,160.0,1,SKT-4015,,1.0,1.0,GPAO
05/03/2026,08:57:35,47.62045,-52.73569,154.0,1,SKT-4015,,1.0,1.0,GPAO
05/03/2026,08:57:42,47.62046,-52.73569,150.0,1,SKT-4015,,1.0,1.0,GPAO
05/03/2026,08:57:49,47.62054,-52.73575,149.0,1,SKT-4015,,1.0,1.0,GPAO
05/03/2026,08:57:56,47.6206,-52.73577,143.0,1,SKT-4015,,1.0,1.0,GPAO
05/03/2026,08:58:04,47.62062,-52.73574,135.0,1,SKT-4015,,1.0,1.0,GPAO
05/03/2026,08:58:11,47.62062,-52.73571,134.0,1,SKT-4015,,1.0,1.0,GPAO
05/03/2026,08:58:18,47.62059,-52.73569,139.0,1,SKT-4015,,1.0,1.0,GPAO
05/03/2026,08:58:25,47.62062,-52.73572,134.0,1,SKT-4015,,1.0,1.0,GPAO
05/03/2026,08:58:33,47.62064,-52.73573,122.0,1,SKT-4015,,1.0,1.0,GPAO
05/03/2026,08:58:40,47.62059,-52.73567,113.0,1,SKT-4015,,1.0,1.0,GPAO
05/03/2026,08:58:47,47.62056,-52.73564,113.0,1,SKT-4015,,1.0,1.0,GPAO
05/03/2026,08:58:54,47.62053,-52.7356,117.0,1,SKT-4015,,1.0,1.0,GPAO
05/03/2026,08:59:02,47.62048,-52.73556,123.0,1,SKT-4015,,1.0,1.0,GPAO
05/03/2026,08:59:09,47.62046,-52.73555,127.0,1,SKT-4015,,1.0,1.0,GPAO
05/03/2026,08:59:16,47.62045,-52.73558,132.0,1,SKT-4015,,1.0,1.0,GPAO
05/03/2026,08:59:23,47.62044,-52.7356,138.0,1,SKT-4015,,1.0,1.0,GPAO
05/03/2026,08:59:31,47.62043,-52.73562,142.0,1,SKT-4015,,1.0,1.0,GPAO
05/03/2026,08:59:38,47.62041,-52.73561,143.0,1,SKT-4015,,1.0,1.0,GPAO
05/03/2026,08:59:45,47.62041,-52.7356,150.0,1,SKT-4015,,1.0,1.0,GPAO
05/03/2026,08:59:52,47.62042,-52.73559,155.0,1,SKT-4015,,1.0,1.0,GPAO
05/03/2026,09:00:00,47.62043,-52.73555,153.0,1,SKT-4015,,1.0,1.0,GPAO
05/03/2026,09:00:07,47.62041,-52.73555,156.0,1,SKT-4015,,1.0,1.0,GPAO
05/03/2026,09:00:14,47.6204,-52.73557,156.0,1,SKT-4015,,1.0,1.0,GPAO
05/03/2026,09:00:21,47.6204,-52.73561,152.0,1,SKT-4015,,1.0,1.0,GPAO
05/03/2026,09:00:36,47.62041,-52.73563,151.0,1,SKT-4015,,1.0,1.0,GPAO
05/03/2026,09:00:43,47.62042,-52.73565,149.0,1,SKT-4015,,1.0,1.0,GPAO
05/03/2026,09:00:50,47.62043,-52.73567,145.0,1,SKT-4015,,1.0,1.0,GPAO
05/03/2026,09:00:58,47.62044,-52.73566,145.0,1,SKT-4015,,1.0,1.0,GPAO
05/03/2026,09:01:05,47.62045,-52.73565,144.0,1,SKT-4015,,1.0,1.0,GPAO
05/03/2026,09:01:12,47.62045,-52.73562,142.0,1,SKT-4015,,1.0,1.0,GPAO
05/03/2026,09:01:19,47.62044,-52.73562,138.0,1,SKT-4015,,1.0,1.0,GPAO
05/03/2026,09:01:27,47.62045,-52.73562,135.0,1,SKT-4015,,1.0,1.0,GPAO
05/03/2026,09:01:34,47.62046,-52.73565,135.0,1,SKT-4015,,1.0,1.0,GPAO
05/03/2026,09:01:41,47.62048,-52.73567,137.0,1,SKT-4015,,1.0,1.0,GPAO
05/03/2026,09:01:48,47.62049,-52.73569,138.0,1,SKT-4015,,1.0,1.0,GPAO
05/03/2026,09:01:56,47.62049,-52.73569,138.0,1,SKT-4015,,1.0,1.0,GPAO
05/03/2026,09:02:03,47.62048,-52.73569,137.0,1,SKT-4015,,1.0,1.0,GPAO
05/03/2026,09:02:10,47.62048,-52.73568,139.0,1,SKT-4015,,1.0,1.0,GPAO
05/03/2026,09:02:17,47.62048,-52.73566,140.0,1,SKT-4015,,1.0,1.0,GPAO
05/03/2026,09:02:25,47.62045,-52.73565,140.0,1,SKT-4015,,1.0,1.0,GPAO
05/03/2026,09:02:32,47.62043,-52.73564,142.0,1,SKT-4015,,1.0,1.0,GPAO
05/03/2026,09:02:39,47.62041,-52.73565,142.0,1,SKT-4015,,1.0,1.0,GPAO
05/03/2026,09:02:46,47.6204,-52.73566,143.0,1,SKT-4015,,1.0,1.0,GPAO
05/03/2026,09:02:54,47.62037,-52.73568,146.0,1,SKT-4015,,1.0,1.0,GPAO
05/03/2026,09:03:01,47.62035,-52.73569,148.0,1,SKT-4015,,1.0,1.0,GPAO
05/03/2026,09:03:08,47.62032,-52.73571,147.0,1,SKT-4015,,1.0,1.0,GPAO
05/03/2026,09:03:15,47.62034,-52.7357,144.0,1,SKT-4015,,1.0,1.0,GPAO
05/03/2026,09:03:23,47.62037,-52.73566,142.0,1,SKT-4015,,1.0,1.0,GPAO
05/03/2026,09:03:30,47.62041,-52.73563,146.0,1,SKT-4015,,1.0,1.0,GPAO
05/03/2026,09:03:37,47.62044,-52.73563,145.0,1,SKT-4015,,1.0,1.0,GPAO
05/03/2026,09:03:44,47.62045,-52.73563,142.0,1,SKT-4015,,1.0,1.0,GPAO
05/03/2026,09:03:52,47.62043,-52.73563,141.0,1,SKT-4015,,1.0,1.0,GPAO
05/03/2026,09:03:59,47.62046,-52.73562,135.0,1,SKT-4015,,1.0,1.0,GPAO
05/03/2026,09:04:06,47.62048,-52.73563,129.0,1,SKT-4015,,1.0,1.0,GPAO
05/03/2026,09:04:13,47.62048,-52.73563,129.0,1,SKT-4015,,1.0,1.0,GPAO
05/03/2026,09:04:20,47.62047,-52.73564,129.0,1,SKT-4015,,1.0,1.0,GPAO
05/03/2026,09:04:28,47.62047,-52.73565,132.0,1,SKT-4015,,1.0,1.0,GPAO
05/03/2026,09:04:35,47.62047,-52.73568,134.0,1,SKT-4015,,1.0,1.0,GPAO
05/03/2026,09:04:42,47.62048,-52.73569,133.0,1,SKT-4015,,1.0,1.0,GPAO
05/03/2026,09:04:49,47.62048,-52.73571,132.0,1,SKT-4015,,1.0,1.0,GPAO
05/03/2026,09:04:57,47.62048,-52.73571,131.0,1,SKT-4015,,1.0,1.0,GPAO
05/03/2026,09:05:04,47.62048,-52.73571,132.0,1,SKT-4015,,1.0,1.0,GPAO
05/03/2026,09:05:11,47.62047,-52.73569,131.0,1,SKT-4015,,1.0,1.0,GPAO
05/03/2026,09:05:18,47.62045,-52.73567,130.0,1,SKT-4015,,1.0,1.0,GPAO
05/03/2026,09:05:26,47.62044,-52.73567,129.0,1,SKT-4015,,1.0,1.0,GPAO
05/03/2026,09:05:33,47.62043,-52.73569,128.0,1,SKT-4015,,1.0,1.0,GPAO
05/03/2026,09:05:40,47.62042,-52.73569,128.0,1,SKT-4015,,1.0,1.0,GPAO
05/03/2026,09:05:47,47.62043,-52.73568,130.0,1,SKT-4015,,1.0,1.0,GPAO
05/03/2026,09:05:55,47.62043,-52.73566,134.0,1,SKT-4015,,1.0,1.0,GPAO
05/03/2026,09:06:02,47.62044,-52.73565,136.0,1,SKT-4015,,1.0,1.0,GPAO
05/03/2026,09:06:09,47.62046,-52.73563,138.0,1,SKT-4015,,1.0,1.0,GPAO
05/03/2026,09:06:16,47.62047,-52.73562,141.0,1,SKT-4015,,1.0,1.0,GPAO
05/03/2026,09:06:24,47.62047,-52.73561,140.0,1,SKT-4015,,1.0,1.0,GPAO
05/03/2026,09:06:31,47.62045,-52.73562,137.0,1,SKT-4015,,1.0,1.0,GPAO
05/03/2026,09:06:38,47.62044,-52.73563,134.0,1,SKT-4015,,1.0,1.0,GPAO
05/03/2026,09:06:45,47.62043,-52.73565,134.0,1,SKT-4015,,1.0,1.0,GPAO
05/03/2026,09:06:53,47.62042,-52.73566,132.0,1,SKT-4015,,1.0,1.0,GPAO
05/03/2026,09:07:00,47.62042,-52.73567,131.0,1,SKT-4015,,1.0,1.0,GPAO
05/03/2026,09:07:07,47.62042,-52.73567,131.0,1,SKT-4015,,1.0,1.0,GPAO
05/03/2026,09:07:14,47.62042,-52.73566,133.0,1,SKT-4015,,1.0,1.0,GPAO
05/03/2026,09:07:22,47.62043,-52.73566,133.0,1,SKT-4015,,1.0,1.0,GPAO
05/03/2026,09:07:29,47.62043,-52.73566,134.0,1,SKT-4015,,1.0,1.0,GPAO
05/03/2026,09:07:36,47.62041,-52.73566,132.0,1,SKT-4015,,1.0,1.0,GPAO
05/03/2026,09:07:43,47.6204,-52.73566,131.0,1,SKT-4015,,1.0,1.0,GPAO
05/03/2026,09:07:51,47.62039,-52.73565,130.0,1,SKT-4015,,1.0,1.0,GPAO
05/03/2026,09:07:58,47.6204,-52.73564,134.0,1,SKT-4015,,1.0,1.0,GPAO
05/03/2026,09:08:05,47.6204,-52.73564,138.0,1,SKT-4015,,1.0,1.0,GPAO
05/03/2026,09:08:12,47.62041,-52.73563,143.0,1,SKT-4015,,1.0,1.0,GPAO
05/03/2026,09:08:20,47.62043,-52.73562,146.0,1,SKT-4015,,1.0,1.0,GPAO
05/03/2026,09:08:27,47.62043,-52.73563,143.0,1,SKT-4015,,1.0,1.0,GPAO
05/03/2026,09:08:34,47.62042,-52.73566,140.0,1,SKT-4015,,1.0,1.0,GPAO
05/03/2026,09:08:41,47.62042,-52.73568,140.0,1,SKT-4015,,1.0,1.0,GPAO
05/03/2026,09:08:48,47.62041,-52.7357,139.0,1,SKT-4015,,1.0,1.0,GPAO
05/03/2026,09:08:56,47.62041,-52.73571,140.0,1,SKT-4015,,1.0,1.0,GPAO
05/03/2026,09:09:03,47.62041,-52.7357,142.0,1,SKT-4015,,1.0,1.0,GPAO
05/03/2026,09:09:10,47.62041,-52.73568,143.0,1,SKT-4015,,1.0,1.0,GPAO
05/03/2026,09:09:17,47.62041,-52.73566,142.0,1,SKT-4015,,1.0,1.0,GPAO
05/03/2026,09:09:25,47.62042,-52.73563,141.0,1,SKT-4015,,1.0,1.0,GPAO
05/03/2026,09:09:32,47.62043,-52.73561,139.0,1,SKT-4015,,1.0,1.0,GPAO
05/03/2026,09:09:39,47.62043,-52.73561,135.0,1,SKT-4015,,1.0,1.0,GPAO
05/03/2026,09:09:46,47.62042,-52.73561,132.0,1,SKT-4015,,1.0,1.0,GPAO
05/03/2026,09:09:54,47.62041,-52.7356,131.0,1,SKT-4015,,1.0,1.0,GPAO
05/03/2026,09:10:01,47.62042,-52.73558,133.0,1,SKT-4015,,1.0,1.0,GPAO
05/03/2026,09:10:08,47.62042,-52.73557,133.0,1,SKT-4015,,1.0,1.0,GPAO
05/03/2026,09:10:15,47.62042,-52.73557,135.0,1,SKT-4015,,1.0,1.0,GPAO
05/03/2026,09:10:23,47.62041,-52.73558,135.0,1,SKT-4015,,1.0,1.0,GPAO
05/03/2026,09:10:31,47.62038,-52.73559,136.0,1,SKT-4015,,1.0,1.0,GPAO
05/03/2026,09:10:38,47.62036,-52.7356,137.0,1,SKT-4015,,1.0,1.0,GPAO
05/03/2026,09:10:45,47.62037,-52.73561,134.0,1,SKT-4015,,1.0,1.0,GPAO
05/03/2026,09:10:52,47.62037,-52.73563,133.0,1,SKT-4015,,1.0,1.0,GPAO
05/03/2026,09:11:00,47.62038,-52.73562,141.0,1,SKT-4015,,1.0,1.0,GPAO
05/03/2026,09:11:07,47.62039,-52.73562,146.0,1,SKT-4015,,1.0,1.0,GPAO
05/03/2026,09:11:14,47.6204,-52.73561,149.0,1,SKT-4015,,1.0,1.0,GPAO
05/03/2026,09:11:21,47.6204,-52.7356,146.0,1,SKT-4015,,1.0,1.0,GPAO
05/03/2026,09:11:29,47.6204,-52.73557,137.0,1,SKT-4015,,1.0,1.0,GPAO
05/03/2026,09:11:36,47.6204,-52.73557,131.0,1,SKT-4015,,1.0,1.0,GPAO
05/03/2026,09:11:43,47.6204,-52.73556,131.0,1,SKT-4015,,1.0,1.0,GPAO
05/03/2026,09:11:50,47.6204,-52.73558,133.0,1,SKT-4015,,1.0,1.0,GPAO
05/03/2026,09:11:58,47.6204,-52.73559,139.0,1,SKT-4015,,1.0,1.0,GPAO
05/03/2026,09:12:05,47.62042,-52.7356,144.0,1,SKT-4015,,1.0,1.0,GPAO
05/03/2026,09:12:12,47.62044,-52.7356,147.0,1,SKT-4015,,1.0,1.0,GPAO
05/03/2026,09:12:19,47.62045,-52.7356,151.0,1,SKT-4015,,1.0,1.0,GPAO
05/03/2026,09:12:27,47.62046,-52.73559,155.0,1,SKT-4015,,1.0,1.0,GPAO
05/03/2026,09:12:34,47.62048,-52.73559,156.0,1,SKT-4015,,1.0,1.0,GPAO
05/03/2026,09:12:41,47.62047,-52.7356,153.0,1,SKT-4015,,1.0,1.0,GPAO
05/03/2026,09:12:48,47.62046,-52.73562,148.0,1,SKT-4015,,1.0,1.0,GPAO
05/03/2026,09:12:56,47.62045,-52.73564,144.0,1,SKT-4015,,1.0,1.0,GPAO
05/03/2026,09:13:03,47.62044,-52.73565,144.0,1,SKT-4015,,1.0,1.0,GPAO
05/03/2026,09:13:10,47.62042,-52.73565,145.0,1,SKT-4015,,1.0,1.0,GPAO
05/03/2026,09:13:17,47.62042,-52.73565,146.0,1,SKT-4015,,1.0,1.0,GPAO
05/03/2026,09:13:25,47.62042,-52.73564,148.0,1,SKT-4015,,1.0,1.0,GPAO
05/03/2026,09:13:32,47.62042,-52.73563,148.0,1,SKT-4015,,1.0,1.0,GPAO
05/03/2026,09:13:39,47.62042,-52.73561,147.0,1,SKT-4015,,1.0,1.0,GPAO
05/03/2026,09:13:46,47.62042,-52.7356,145.0,1,SKT-4015,,1.0,1.0,GPAO
05/03/2026,09:13:54,47.62043,-52.73559,144.0,1,SKT-4015,,1.0,1.0,GPAO
05/03/2026,09:14:01,47.62044,-52.73559,142.0,1,SKT-4015,,1.0,1.0,GPAO
05/03/2026,09:14:08,47.62045,-52.7356,139.0,1,SKT-4015,,1.0,1.0,GPAO
05/03/2026,09:14:15,47.62046,-52.7356,138.0,1,SKT-4015,,1.0,1.0,GPAO
05/03/2026,09:14:22,47.62047,-52.7356,141.0,1,SKT-4015,,1.0,1.0,GPAO
05/03/2026,09:14:30,47.62047,-52.73558,149.0,1,SKT-4015,,1.0,1.0,GPAO
05/03/2026,09:14:37,47.62048,-52.73558,154.0,1,SKT-4015,,1.0,1.0,GPAO
05/03/2026,09:14:44,47.62048,-52.73558,157.0,1,SKT-4015,,1.0,1.0,GPAO
05/03/2026,09:14:51,47.62046,-52.73559,157.0,1,SKT-4015,,1.0,1.0,GPAO
05/03/2026,09:14:59,47.62046,-52.7356,157.0,1,SKT-4015,,1.0,1.0,GPAO
05/03/2026,09:15:06,47.62045,-52.73561,159.0,1,SKT-4015,,1.0,1.0,GPAO
05/03/2026,09:15:13,47.62045,-52.73561,163.0,1,SKT-4015,,1.0,1.0,GPAO
05/03/2026,09:15:20,47.62044,-52.73562,168.0,1,SKT-4015,,1.0,1.0,GPAO
05/03/2026,09:15:28,47.62044,-52.73563,171.0,1,SKT-4015,,1.0,1.0,GPAO
05/03/2026,09:15:35,47.62044,-52.73563,170.0,1,SKT-4015,,1.0,1.0,GPAO
05/03/2026,09:15:42,47.62045,-52.73564,167.0,1,SKT-4015,,1.0,1.0,GPAO
05/03/2026,09:15:49,47.62046,-52.73562,169.0,1,SKT-4015,,1.0,1.0,GPAO
05/03/2026,09:15:57,47.62048,-52.7356,170.0,1,SKT-4015,,1.0,1.0,GPAO
05/03/2026,09:16:04,47.62047,-52.73559,170.0,1,SKT-4015,,1.0,1.0,GPAO
05/03/2026,09:16:11,47.62046,-52.7356,170.0,1,SKT-4015,,1.0,1.0,GPAO
05/03/2026,09:16:18,47.62045,-52.73562,171.0,1,SKT-4015,,1.0,1.0,GPAO
05/03/2026,09:16:26,47.62042,-52.73565,162.0,1,SKT-4015,,1.0,1.0,GPAO
05/03/2026,09:16:33,47.6204,-52.73565,160.0,1,SKT-4015,,1.0,1.0,GPAO
05/03/2026,09:16:40,47.62041,-52.73563,157.0,1,SKT-4015,,1.0,1.0,GPAO
05/03/2026,09:16:47,47.62042,-52.73562,152.0,1,SKT-4015,,1.0,1.0,GPAO
05/03/2026,09:16:55,47.62042,-52.73561,150.0,1,SKT-4015,,1.0,1.0,GPAO
05/03/2026,09:17:02,47.62042,-52.7356,149.0,1,SKT-4015,,1.0,1.0,GPAO
05/03/2026,09:17:09,47.62042,-52.73561,153.0,1,SKT-4015,,1.0,1.0,GPAO
05/03/2026,09:17:16,47.62042,-52.73562,161.0,1,SKT-4015,,1.0,1.0,GPAO
05/03/2026,09:17:24,47.62041,-52.73562,165.0,1,SKT-4015,,1.0,1.0,GPAO
05/03/2026,09:17:31,47.62041,-52.7356,166.0,1,SKT-4015,,1.0,1.0,GPAO
05/03/2026,09:17:38,47.62042,-52.73559,165.0,1,SKT-4015,,1.0,1.0,GPAO
05/03/2026,09:17:46,47.62043,-52.73558,157.0,1,SKT-4015,,1.0,1.0,GPAO
05/03/2026,09:17:53,47.62044,-52.73558,149.0,1,SKT-4015,,1.0,1.0,GPAO
05/03/2026,09:18:00,47.62045,-52.73557,146.0,1,SKT-4015,,1.0,1.0,GPAO
05/03/2026,09:18:07,47.62046,-52.73555,152.0,1,SKT-4015,,1.0,1.0,GPAO
05/03/2026,09:18:14,47.62046,-52.73555,158.0,1,SKT-4015,,1.0,1.0,GPAO
05/03/2026,09:18:22,47.62045,-52.73557,156.0,1,SKT-4015,,1.0,1.0,GPAO
05/03/2026,09:18:29,47.62044,-52.73559,151.0,1,SKT-4015,,1.0,1.0,GPAO
05/03/2026,09:18:36,47.62044,-52.7356,148.0,1,SKT-4015,,1.0,1.0,GPAO
05/03/2026,09:18:43,47.62045,-52.7356,145.0,1,SKT-4015,,1.0,1.0,GPAO
05/03/2026,09:18:51,47.62043,-52.7356,144.0,1,SKT-4015,,1.0,1.0,GPAO
05/03/2026,09:18:58,47.62041,-52.73558,143.0,1,SKT-4015,,1.0,1.0,GPAO
05/03/2026,09:19:05,47.6204,-52.73554,141.0,1,SKT-4015,,1.0,1.0,GPAO
05/03/2026,09:19:12,47.62038,-52.73552,140.0,1,SKT-4015,,1.0,1.0,GPAO
05/03/2026,09:19:20,47.62036,-52.73553,138.0,1,SKT-4015,,1.0,1.0,GPAO
05/03/2026,09:19:27,47.62036,-52.73554,140.0,1,SKT-4015,,1.0,1.0,GPAO
05/03/2026,09:19:34,47.62037,-52.73555,144.0,1,SKT-4015,,1.0,1.0,GPAO
05/03/2026,09:19:41,47.62038,-52.73556,149.0,1,SKT-4015,,1.0,1.0,GPAO
05/03/2026,09:19:49,47.62041,-52.73558,153.0,1,SKT-4015,,1.0,1.0,GPAO
05/03/2026,09:19:56,47.62041,-52.73557,158.0,1,SKT-4015,,1.0,1.0,GPAO
05/03/2026,09:20:03,47.6204,-52.73557,159.0,1,SKT-4015,,1.0,1.0,GPAO
05/03/2026,09:20:10,47.62039,-52.73558,162.0,1,SKT-4015,,1.0,1.0,GPAO
05/03/2026,09:20:18,47.62038,-52.7356,164.0,1,SKT-4015,,1.0,1.0,GPAO
05/03/2026,09:20:25,47.62038,-52.7356,163.0,1,SKT-4015,,1.0,1.0,GPAO
05/03/2026,09:20:32,47.62037,-52.73559,162.0,1,SKT-4015,,1.0,1.0,GPAO
05/03/2026,09:20:39,47.62037,-52.73555,164.0,1,SKT-4015,,1.0,1.0,GPAO
05/03/2026,09:20:47,47.62038,-52.73552,169.0,1,SKT-4015,,1.0,1.0,GPAO
05/03/2026,09:20:54,47.6204,-52.73551,171.0,1,SKT-4015,,1.0,1.0,GPAO
05/03/2026,09:21:01,47.6204,-52.73552,167.0,1,SKT-4015,,1.0,1.0,GPAO
05/03/2026,09:21:08,47.6204,-52.73555,163.0,1,SKT-4015,,1.0,1.0,GPAO
05/03/2026,09:21:16,47.62039,-52.73557,163.0,1,SKT-4015,,1.0,1.0,GPAO
05/03/2026,09:21:23,47.62039,-52.73558,163.0,1,SKT-4015,,1.0,1.0,GPAO
05/03/2026,09:21:30,47.62038,-52.73559,164.0,1,SKT-4015,,1.0,1.0,GPAO
05/03/2026,09:21:37,47.62038,-52.7356,166.0,1,SKT-4015,,1.0,1.0,GPAO
05/03/2026,09:21:45,47.62038,-52.7356,168.0,1,SKT-4015,,1.0,1.0,GPAO
05/03/2026,09:21:52,47.62038,-52.73559,171.0,1,SKT-4015,,1.0,1.0,GPAO
05/03/2026,09:21:59,47.62038,-52.73558,171.0,1,SKT-4015,,1.0,1.0,GPAO
05/03/2026,09:22:06,47.62038,-52.73557,171.0,1,SKT-4015,,1.0,1.0,GPAO
05/03/2026,09:22:14,47.62038,-52.73558,169.0,1,SKT-4015,,1.0,1.0,GPAO
05/03/2026,09:22:21,47.6204,-52.73562,165.0,1,SKT-4015,,1.0,1.0,GPAO
05/03/2026,09:22:28,47.62041,-52.73563,162.0,1,SKT-4015,,1.0,1.0,GPAO
05/03/2026,09:22:35,47.62041,-52.73565,159.0,1,SKT-4015,,1.0,1.0,GPAO
05/03/2026,09:22:43,47.62038,-52.73566,169.0,1,SKT-4015,,1.0,1.0,GPAO
05/03/2026,09:22:50,47.62035,-52.73566,170.0,1,SKT-4015,,1.0,1.0,GPAO
05/03/2026,09:22:57,47.62034,-52.73567,167.0,1,SKT-4015,,1.0,1.0,GPAO
05/03/2026,09:23:04,47.62033,-52.73567,164.0,1,SKT-4015,,1.0,1.0,GPAO
05/03/2026,09:23:11,47.62032,-52.73567,160.0,1,SKT-4015,,1.0,1.0,GPAO
05/03/2026,09:23:19,47.62032,-52.73566,156.0,1,SKT-4015,,1.0,1.0,GPAO
05/03/2026,09:23:26,47.62032,-52.73565,154.0,1,SKT-4015,,1.0,1.0,GPAO
05/03/2026,09:23:33,47.62032,-52.73564,152.0,1,SKT-4015,,1.0,1.0,GPAO
05/03/2026,09:23:40,47.62033,-52.73564,152.0,1,SKT-4015,,1.0,1.0,GPAO
05/03/2026,09:23:48,47.62034,-52.73565,150.0,1,SKT-4015,,1.0,1.0,GPAO
05/03/2026,09:23:55,47.62035,-52.73565,151.0,1,SKT-4015,,1.0,1.0,GPAO
05/03/2026,09:24:02,47.62036,-52.73565,154.0,1,SKT-4015,,1.0,1.0,GPAO
05/03/2026,09:24:09,47.62037,-52.73563,152.0,1,SKT-4015,,1.0,1.0,GPAO
05/03/2026,09:24:17,47.62038,-52.73562,150.0,1,SKT-4015,,1.0,1.0,GPAO
05/03/2026,09:24:24,47.6204,-52.73561,153.0,1,SKT-4015,,1.0,1.0,GPAO
05/03/2026,09:24:31,47.62041,-52.73562,155.0,1,SKT-4015,,1.0,1.0,GPAO
05/03/2026,09:24:38,47.62042,-52.73561,156.0,1,SKT-4015,,1.0,1.0,GPAO
05/03/2026,09:24:46,47.62044,-52.73561,154.0,1,SKT-4015,,1.0,1.0,GPAO
05/03/2026,09:24:53,47.62043,-52.7356,154.0,1,SKT-4015,,1.0,1.0,GPAO
05/03/2026,09:25:00,47.62043,-52.7356,156.0,1,SKT-4015,,1.0,1.0,GPAO
05/03/2026,09:25:07,47.62042,-52.73559,156.0,1,SKT-4015,,1.0,1.0,GPAO
05/03/2026,09:25:15,47.62041,-52.73557,155.0,1,SKT-4015,,1.0,1.0,GPAO
05/03/2026,09:25:22,47.6204,-52.73556,149.0,1,SKT-4015,,1.0,1.0,GPAO
05/03/2026,09:25:29,47.62039,-52.73557,144.0,1,SKT-4015,,1.0,1.0,GPAO
05/03/2026,09:25:36,47.62037,-52.73557,143.0,1,SKT-4015,,1.0,1.0,GPAO
05/03/2026,09:25:44,47.62035,-52.73555,140.0,1,SKT-4015,,1.0,1.0,GPAO
05/03/2026,09:25:51,47.62035,-52.73552,141.0,1,SKT-4015,,1.0,1.0,GPAO
05/03/2026,09:25:58,47.62035,-52.73549,146.0,1,SKT-4015,,1.0,1.0,GPAO
05/03/2026,09:26:05,47.62035,-52.73548,152.0,1,SKT-4015,,1.0,1.0,GPAO
05/03/2026,09:26:13,47.62035,-52.73548,155.0,1,SKT-4015,,1.0,1.0,GPAO
05/03/2026,09:26:20,47.62035,-52.73552,153.0,1,SKT-4015,,1.0,1.0,GPAO
05/03/2026,09:26:27,47.62037,-52.73558,148.0,1,SKT-4015,,1.0,1.0,GPAO
05/03/2026,09:26:34,47.62038,-52.73565,147.0,1,SKT-4015,,1.0,1.0,GPAO
05/03/2026,09:26:42,47.62041,-52.73568,150.0,1,SKT-4015,,1.0,1.0,GPAO
05/03/2026,09:26:49,47.62041,-52.73569,148.0,1,SKT-4015,,1.0,1.0,GPAO
05/03/2026,09:26:56,47.62041,-52.73571,146.0,1,SKT-4015,,1.0,1.0,GPAO
05/03/2026,09:27:03,47.62041,-52.73571,143.0,1,SKT-4015,,1.0,1.0,GPAO
05/03/2026,09:27:11,47.62041,-52.73571,141.0,1,SKT-4015,,1.0,1.0,GPAO
05/03/2026,09:27:18,47.6204,-52.73571,140.0,1,SKT-4015,,1.0,1.0,GPAO
05/03/2026,09:27:25,47.62039,-52.7357,139.0,1,SKT-4015,,1.0,1.0,GPAO
05/03/2026,09:27:32,47.62039,-52.73569,138.0,1,SKT-4015,,1.0,1.0,GPAO
05/03/2026,09:27:40,47.62038,-52.73568,138.0,1,SKT-4015,,1.0,1.0,GPAO
05/03/2026,09:27:47,47.62038,-52.73568,139.0,1,SKT-4015,,1.0,1.0,GPAO
05/03/2026,09:27:54,47.62039,-52.73567,140.0,1,SKT-4015,,1.0,1.0,GPAO
05/03/2026,09:28:01,47.62039,-52.73567,144.0,1,SKT-4015,,1.0,1.0,GPAO
05/03/2026,09:28:09,47.62038,-52.73567,148.0,1,SKT-4015,,1.0,1.0,GPAO
05/03/2026,09:28:16,47.62038,-52.73567,150.0,1,SKT-4015,,1.0,1.0,GPAO
05/03/2026,09:28:23,47.62038,-52.73567,150.0,1,SKT-4015,,1.0,1.0,GPAO
05/03/2026,09:28:30,47.62038,-52.73566,146.0,1,SKT-4015,,1.0,1.0,GPAO
05/03/2026,09:28:38,47.62037,-52.73566,141.0,1,SKT-4015,,1.0,1.0,GPAO
05/03/2026,09:28:45,47.62037,-52.73566,140.0,1,SKT-4015,,1.0,1.0,GPAO
05/03/2026,09:28:52,47.62038,-52.73565,141.0,1,SKT-4015,,1.0,1.0,GPAO
05/03/2026,09:28:59,47.62039,-52.73565,144.0,1,SKT-4015,,1.0,1.0,GPAO
05/03/2026,09:29:07,47.62038,-52.73566,143.0,1,SKT-4015,,1.0,1.0,GPAO
05/03/2026,09:29:14,47.62037,-52.73566,147.0,1,SKT-4015,,1.0,1.0,GPAO
05/03/2026,09:29:21,47.62036,-52.73565,151.0,1,SKT-4015,,1.0,1.0,GPAO
05/03/2026,09:29:28,47.62034,-52.73565,163.0,1,SKT-4015,,1.0,1.0,GPAO
05/03/2026,09:29:35,47.62035,-52.73564,165.0,1,SKT-4015,,1.0,1.0,GPAO
05/03/2026,09:29:43,47.62037,-52.73564,160.0,1,SKT-4015,,1.0,1.0,GPAO
05/03/2026,09:29:50,47.62038,-52.73565,152.0,1,SKT-4015,,1.0,1.0,GPAO
05/03/2026,09:29:57,47.62039,-52.73565,141.0,1,SKT-4015,,1.0,1.0,GPAO
05/03/2026,09:30:04,47.62039,-52.73566,138.0,1,SKT-4015,,1.0,1.0,GPAO
05/03/2026,09:30:12,47.62039,-52.73567,137.0,1,SKT-4015,,1.0,1.0,GPAO
05/03/2026,09:30:19,47.62039,-52.73569,136.0,1,SKT-4015,,1.0,1.0,GPAO
05/03/2026,09:30:26,47.62038,-52.73571,139.0,1,SKT-4015,,1.0,1.0,GPAO
05/03/2026,09:30:33,47.62038,-52.73571,141.0,1,SKT-4015,,1.0,1.0,GPAO
05/03/2026,09:30:41,47.62036,-52.73568,143.0,1,SKT-4015,,1.0,1.0,GPAO
05/03/2026,09:30:48,47.62034,-52.73565,143.0,1,SKT-4015,,1.0,1.0,GPAO
05/03/2026,09:30:55,47.62033,-52.73562,145.0,1,SKT-4015,,1.0,1.0,GPAO
05/03/2026,09:31:03,47.62032,-52.73561,149.0,1,SKT-4015,,1.0,1.0,GPAO
05/03/2026,09:31:11,47.62032,-52.73563,152.0,1,SKT-4015,,1.0,1.0,GPAO
05/03/2026,09:31:18,47.62032,-52.73565,155.0,1,SKT-4015,,1.0,1.0,GPAO
05/03/2026,09:31:25,47.62031,-52.73568,158.0,1,SKT-4015,,1.0,1.0,GPAO
05/03/2026,09:31:33,47.62031,-52.7357,158.0,1,SKT-4015,,1.0,1.0,GPAO
05/03/2026,09:31:40,47.62032,-52.73571,160.0,1,SKT-4015,,1.0,1.0,GPAO
05/03/2026,09:31:47,47.62032,-52.7357,161.0,1,SKT-4015,,1.0,1.0,GPAO
05/03/2026,09:31:54,47.62032,-52.73568,162.0,1,SKT-4015,,1.0,1.0,GPAO
05/03/2026,09:32:02,47.62032,-52.73566,158.0,1,SKT-4015,,1.0,1.0,GPAO
05/03/2026,09:32:09,47.62033,-52.73564,155.0,1,SKT-4015,,1.0,1.0,GPAO
05/03/2026,09:32:16,47.62032,-52.73562,152.0,1,SKT-4015,,1.0,1.0,GPAO
05/03/2026,09:32:23,47.62031,-52.73561,152.0,1,SKT-4015,,1.0,1.0,GPAO
05/03/2026,09:32:31,47.62029,-52.73563,155.0,1,SKT-4015,,1.0,1.0,GPAO
05/03/2026,09:32:38,47.62028,-52.73564,158.0,1,SKT-4015,,1.0,1.0,GPAO
05/03/2026,09:32:45,47.62028,-52.73565,160.0,1,SKT-4015,,1.0,1.0,GPAO
05/03/2026,09:32:52,47.62029,-52.73565,162.0,1,SKT-4015,,1.0,1.0,GPAO
05/03/2026,09:33:00,47.6203,-52.73561,165.0,1,SKT-4015,,1.0,1.0,GPAO
05/03/2026,09:33:07,47.6203,-52.7356,169.0,1,SKT-4015,,1.0,1.0,GPAO
05/03/2026,09:33:14,47.6203,-52.73561,169.0,1,SKT-4015,,1.0,1.0,GPAO
05/03/2026,09:33:21,47.62032,-52.73563,167.0,1,SKT-4015,,1.0,1.0,GPAO
05/03/2026,09:33:29,47.62032,-52.73563,164.0,1,SKT-4015,,1.0,1.0,GPAO
05/03/2026,09:33:36,47.62033,-52.73564,161.0,1,SKT-4015,,1.0,1.0,GPAO
05/03/2026,09:33:43,47.62033,-52.73565,159.0,1,SKT-4015,,1.0,1.0,GPAO
05/03/2026,09:33:50,47.62032,-52.73563,157.0,1,SKT-4015,,1.0,1.0,GPAO
05/03/2026,09:33:58,47.6203,-52.73563,155.0,1,SKT-4015,,1.0,1.0,GPAO
05/03/2026,09:34:05,47.6203,-52.73561,154.0,1,SKT-4015,,1.0,1.0,GPAO
05/03/2026,09:34:12,47.62031,-52.73562,159.0,1,SKT-4015,,1.0,1.0,GPAO
05/03/2026,09:34:19,47.62034,-52.73564,162.0,1,SKT-4015,,1.0,1.0,GPAO
05/03/2026,09:34:27,47.62037,-52.73568,161.0,1,SKT-4015,,1.0,1.0,GPAO
05/03/2026,09:34:34,47.62038,-52.73569,156.0,1,SKT-4015,,1.0,1.0,GPAO
05/03/2026,09:34:41,47.62037,-52.73567,149.0,1,SKT-4015,,1.0,1.0,GPAO
05/03/2026,09:34:48,47.62037,-52.73566,147.0,1,SKT-4015,,1.0,1.0,GPAO
05/03/2026,09:34:56,47.6204,-52.73567,148.0,1,SKT-4015,,1.0,1.0,GPAO
05/03/2026,09:35:03,47.62041,-52.73567,152.0,1,SKT-4015,,1.0,1.0,GPAO
05/03/2026,09:35:10,47.62043,-52.73568,153.0,1,SKT-4015,,1.0,1.0,GPAO
05/03/2026,09:35:17,47.62043,-52.7357,156.0,1,SKT-4015,,1.0,1.0,GPAO
05/03/2026,09:35:25,47.62043,-52.7357,159.0,1,SKT-4015,,1.0,1.0,GPAO
05/03/2026,09:35:32,47.62042,-52.73569,157.0,1,SKT-4015,,1.0,1.0,GPAO
05/03/2026,09:35:39,47.62041,-52.73565,157.0,1,SKT-4015,,1.0,1.0,GPAO
05/03/2026,09:35:46,47.6204,-52.73562,159.0,1,SKT-4015,,1.0,1.0,GPAO
05/03/2026,09:35:54,47.62039,-52.7356,161.0,1,SKT-4015,,1.0,1.0,GPAO
05/03/2026,09:36:01,47.6204,-52.73557,161.0,1,SKT-4015,,1.0,1.0,GPAO
05/03/2026,09:36:08,47.62039,-52.73556,159.0,1,SKT-4015,,1.0,1.0,GPAO
05/03/2026,09:36:15,47.62039,-52.73557,157.0,1,SKT-4015,,1.0,1.0,GPAO
05/03/2026,09:36:23,47.6204,-52.73558,156.0,1,SKT-4015,,1.0,1.0,GPAO
05/03/2026,09:36:30,47.62041,-52.7356,157.0,1,SKT-4015,,1.0,1.0,GPAO
05/03/2026,09:36:37,47.62041,-52.73561,159.0,1,SKT-4015,,1.0,1.0,GPAO
05/03/2026,09:36:44,47.62041,-52.73562,161.0,1,SKT-4015,,1.0,1.0,GPAO
05/03/2026,09:36:51,47.62041,-52.73563,161.0,1,SKT-4015,,1.0,1.0,GPAO
05/03/2026,09:36:59,47.62043,-52.73564,159.0,1,SKT-4015,,1.0,1.0,GPAO
05/03/2026,09:37:06,47.62045,-52.73563,154.0,1,SKT-4015,,1.0,1.0,GPAO
05/03/2026,09:37:13,47.62047,-52.73561,148.0,1,SKT-4015,,1.0,1.0,GPAO
05/03/2026,09:37:20,47.62048,-52.73559,144.0,1,SKT-4015,,1.0,1.0,GPAO
05/03/2026,09:37:28,47.62048,-52.73557,142.0,1,SKT-4015,,1.0,1.0,GPAO
05/03/2026,09:37:35,47.62046,-52.73557,145.0,1,SKT-4015,,1.0,1.0,GPAO
05/03/2026,09:37:42,47.62044,-52.73558,147.0,1,SKT-4015,,1.0,1.0,GPAO
05/03/2026,09:37:49,47.62042,-52.73559,150.0,1,SKT-4015,,1.0,1.0,GPAO
05/03/2026,09:37:58,47.62039,-52.73559,153.0,1,SKT-4015,,1.0,1.0,GPAO
05/03/2026,09:38:05,47.62037,-52.73558,153.0,1,SKT-4015,,1.0,1.0,GPAO
05/03/2026,09:38:13,47.62037,-52.73557,151.0,1,SKT-4015,,1.0,1.0,GPAO
05/03/2026,09:38:21,47.62038,-52.73557,149.0,1,SKT-4015,,1.0,1.0,GPAO
05/03/2026,09:38:28,47.62039,-52.73558,146.0,1,SKT-4015,,1.0,1.0,GPAO
05/03/2026,09:38:35,47.62038,-52.73559,148.0,1,SKT-4015,,1.0,1.0,GPAO
05/03/2026,09:38:42,47.62035,-52.7356,159.0,1,SKT-4015,,1.0,1.0,GPAO
05/03/2026,09:38:49,47.6203,-52.73562,181.0,1,SKT-4015,,1.0,1.0,GPAO
05/03/2026,09:38:57,47.6203,-52.73563,186.0,1,SKT-4015,,1.0,1.0,GPAO
05/03/2026,09:39:04,47.6203,-52.73563,185.0,1,SKT-4015,,1.0,1.0,GPAO
05/03/2026,09:39:11,47.6203,-52.73563,180.0,1,SKT-4015,,1.0,1.0,GPAO
05/03/2026,09:39:18,47.6203,-52.73563,174.0,1,SKT-4015,,1.0,1.0,GPAO
05/03/2026,09:39:26,47.6203,-52.73563,169.0,1,SKT-4015,,1.0,1.0,GPAO
05/03/2026,09:39:33,47.6203,-52.73562,165.0,1,SKT-4015,,1.0,1.0,GPAO
05/03/2026,09:39:40,47.62031,-52.73561,160.0,1,SKT-4015,,1.0,1.0,GPAO
05/03/2026,09:39:47,47.62032,-52.73562,157.0,1,SKT-4015,,1.0,1.0,GPAO
05/03/2026,09:39:55,47.62032,-52.73562,152.0,1,SKT-4015,,1.0,1.0,GPAO
05/03/2026,09:40:02,47.62033,-52.73562,153.0,1,SKT-4015,,1.0,1.0,GPAO
05/03/2026,09:40:09,47.62034,-52.73561,153.0,1,SKT-4015,,1.0,1.0,GPAO
05/03/2026,09:40:16,47.62036,-52.73561,154.0,1,SKT-4015,,1.0,1.0,GPAO
05/03/2026,09:40:24,47.62039,-52.73562,151.0,1,SKT-4015,,1.0,1.0,GPAO
05/03/2026,09:40:31,47.6204,-52.73561,149.0,1,SKT-4015,,1.0,1.0,GPAO
05/03/2026,09:40:38,47.62039,-52.73562,149.0,1,SKT-4015,,1.0,1.0,GPAO
05/03/2026,09:40:45,47.62038,-52.73563,151.0,1,SKT-4015,,1.0,1.0,GPAO
05/03/2026,09:40:53,47.62037,-52.73562,151.0,1,SKT-4015,,1.0,1.0,GPAO
05/03/2026,09:41:00,47.62038,-52.73562,150.0,1,SKT-4015,,1.0,1.0,GPAO
05/03/2026,09:41:07,47.62039,-52.73564,150.0,1,SKT-4015,,1.0,1.0,GPAO
05/03/2026,09:41:14,47.6204,-52.73566,149.0,1,SKT-4015,,1.0,1.0,GPAO
05/03/2026,09:41:22,47.62038,-52.73565,148.0,1,SKT-4015,,1.0,1.0,GPAO
05/03/2026,09:41:29,47.62037,-52.73563,149.0,1,SKT-4015,,1.0,1.0,GPAO
05/03/2026,09:41:36,47.62037,-52.73562,149.0,1,SKT-4015,,1.0,1.0,GPAO
05/03/2026,09:41:43,47.62037,-52.73561,146.0,1,SKT-4015,,1.0,1.0,GPAO
05/03/2026,09:41:51,47.62039,-52.7356,139.0,1,SKT-4015,,1.0,1.0,GPAO
05/03/2026,09:41:58,47.6204,-52.7356,140.0,1,SKT-4015,,1.0,1.0,GPAO
05/03/2026,09:42:05,47.62041,-52.73561,144.0,1,SKT-4015,,1.0,1.0,GPAO
05/03/2026,09:42:12,47.62041,-52.73562,147.0,1,SKT-4015,,1.0,1.0,GPAO
05/03/2026,09:42:20,47.6204,-52.73564,147.0,1,SKT-4015,,1.0,1.0,GPAO
05/03/2026,09:42:27,47.6204,-52.73567,143.0,1,SKT-4015,,1.0,1.0,GPAO
05/03/2026,09:42:34,47.62037,-52.73569,145.0,1,SKT-4015,,1.0,1.0,GPAO
05/03/2026,09:42:41,47.62035,-52.73569,148.0,1,SKT-4015,,1.0,1.0,GPAO
05/03/2026,09:42:49,47.62034,-52.73569,150.0,1,SKT-4015,,1.0,1.0,GPAO
05/03/2026,09:42:56,47.62035,-52.73567,154.0,1,SKT-4015,,1.0,1.0,GPAO
05/03/2026,09:43:03,47.62037,-52.73565,159.0,1,SKT-4015,,1.0,1.0,GPAO
05/03/2026,09:43:10,47.62037,-52.73563,162.0,1,SKT-4015,,1.0,1.0,GPAO
05/03/2026,09:43:18,47.62038,-52.73561,162.0,1,SKT-4015,,1.0,1.0,GPAO
05/03/2026,09:43:25,47.62038,-52.7356,160.0,1,SKT-4015,,1.0,1.0,GPAO
05/03/2026,09:43:32,47.6204,-52.7356,155.0,1,SKT-4015,,1.0,1.0,GPAO
05/03/2026,09:43:39,47.62042,-52.73563,148.0,1,SKT-4015,,1.0,1.0,GPAO
05/03/2026,09:43:47,47.62045,-52.73566,138.0,1,SKT-4015,,1.0,1.0,GPAO
05/03/2026,09:43:54,47.62044,-52.73567,138.0,1,SKT-4015,,1.0,1.0,GPAO
05/03/2026,09:44:01,47.62041,-52.73565,141.0,1,SKT-4015,,1.0,1.0,GPAO
05/03/2026,09:44:08,47.62039,-52.73563,139.0,1,SKT-4015,,1.0,1.0,GPAO
05/03/2026,09:44:15,47.62038,-52.73561,138.0,1,SKT-4015,,1.0,1.0,GPAO
05/03/2026,09:44:23,47.62036,-52.73562,133.0,1,SKT-4015,,1.0,1.0,GPAO
05/03/2026,09:44:30,47.62036,-52.73563,126.0,1,SKT-4015,,1.0,1.0,GPAO
05/03/2026,09:44:37,47.62036,-52.73563,121.0,1,SKT-4015,,1.0,1.0,GPAO
05/03/2026,09:44:44,47.62037,-52.73563,126.0,1,SKT-4015,,1.0,1.0,GPAO
05/03/2026,09:44:52,47.62038,-52.73564,134.0,1,SKT-4015,,1.0,1.0,GPAO
05/03/2026,09:44:59,47.6204,-52.73566,139.0,1,SKT-4015,,1.0,1.0,GPAO
05/03/2026,09:45:06,47.62041,-52.73568,145.0,1,SKT-4015,,1.0,1.0,GPAO
05/03/2026,09:45:13,47.62041,-52.7357,148.0,1,SKT-4015,,1.0,1.0,GPAO
05/03/2026,09:45:21,47.6204,-52.73569,148.0,1,SKT-4015,,1.0,1.0,GPAO
05/03/2026,09:45:28,47.6204,-52.73567,147.0,1,SKT-4015,,1.0,1.0,GPAO
05/03/2026,09:45:35,47.6204,-52.73564,145.0,1,SKT-4015,,1.0,1.0,GPAO
05/03/2026,09:45:42,47.62039,-52.73563,145.0,1,SKT-4015,,1.0,1.0,GPAO
05/03/2026,09:45:50,47.62039,-52.73563,145.0,1,SKT-4015,,1.0,1.0,GPAO
05/03/2026,09:45:57,47.6204,-52.73563,145.0,1,SKT-4015,,1.0,1.0,GPAO
05/03/2026,09:46:04,47.62041,-52.73563,145.0,1,SKT-4015,,1.0,1.0,GPAO
05/03/2026,09:46:11,47.62041,-52.73563,145.0,1,SKT-4015,,1.0,1.0,GPAO
05/03/2026,09:46:20,47.6204,-52.73565,146.0,1,SKT-4015,,1.0,1.0,GPAO
05/03/2026,09:46:27,47.62039,-52.73567,148.0,1,SKT-4015,,1.0,1.0,GPAO
05/03/2026,09:46:34,47.62038,-52.73568,147.0,1,SKT-4015,,1.0,1.0,GPAO
05/03/2026,09:46:41,47.62038,-52.73569,143.0,1,SKT-4015,,1.0,1.0,GPAO
05/03/2026,09:46:48,47.62038,-52.73569,142.0,1,SKT-4015,,1.0,1.0,GPAO
05/03/2026,09:46:56,47.62037,-52.73569,140.0,1,SKT-4015,,1.0,1.0,GPAO
05/03/2026,09:47:03,47.62038,-52.73567,143.0,1,SKT-4015,,1.0,1.0,GPAO
05/03/2026,09:47:10,47.62037,-52.73568,145.0,1,SKT-4015,,1.0,1.0,GPAO
05/03/2026,09:47:17,47.62037,-52.73569,147.0,1,SKT-4015,,1.0,1.0,GPAO
05/03/2026,09:47:25,47.62037,-52.73569,148.0,1,SKT-4015,,1.0,1.0,GPAO
05/03/2026,09:47:32,47.62038,-52.73568,149.0,1,SKT-4015,,1.0,1.0,GPAO
05/03/2026,09:47:39,47.6204,-52.73567,149.0,1,SKT-4015,,1.0,1.0,GPAO
05/03/2026,09:47:46,47.6204,-52.73566,148.0,1,SKT-4015,,1.0,1.0,GPAO
05/03/2026,09:47:54,47.62042,-52.73564,149.0,1,SKT-4015,,1.0,1.0,GPAO
05/03/2026,09:48:01,47.62043,-52.73562,148.0,1,SKT-4015,,1.0,1.0,GPAO
05/03/2026,09:48:08,47.62043,-52.73561,149.0,1,SKT-4015,,1.0,1.0,GPAO
05/03/2026,09:48:15,47.62042,-52.7356,149.0,1,SKT-4015,,1.0,1.0,GPAO
05/03/2026,09:48:23,47.62044,-52.7356,146.0,1,SKT-4015,,1.0,1.0,GPAO
05/03/2026,09:48:30,47.62044,-52.7356,145.0,1,SKT-4015,,1.0,1.0,GPAO
05/03/2026,09:48:37,47.62042,-52.73558,145.0,1,SKT-4015,,1.0,1.0,GPAO
05/03/2026,09:48:44,47.6204,-52.73557,145.0,1,SKT-4015,,1.0,1.0,GPAO
05/03/2026,09:48:52,47.62043,-52.73556,138.0,1,SKT-4015,,1.0,1.0,GPAO
05/03/2026,09:48:59,47.62045,-52.73555,133.0,1,SKT-4015,,1.0,1.0,GPAO
05/03/2026,09:49:06,47.62046,-52.73555,130.0,1,SKT-4015,,1.0,1.0,GPAO
05/03/2026,09:49:13,47.62045,-52.73556,130.0,1,SKT-4015,,1.0,1.0,GPAO
05/03/2026,09:49:21,47.62043,-52.73557,132.0,1,SKT-4015,,1.0,1.0,GPAO
05/03/2026,09:49:28,47.62043,-52.7356,133.0,1,SKT-4015,,1.0,1.0,GPAO
05/03/2026,09:49:35,47.62043,-52.73562,133.0,1,SKT-4015,,1.0,1.0,GPAO
05/03/2026,09:49:42,47.62043,-52.73566,136.0,1,SKT-4015,,1.0,1.0,GPAO
05/03/2026,09:49:50,47.62043,-52.73569,140.0,1,SKT-4015,,1.0,1.0,GPAO
05/03/2026,09:49:57,47.62042,-52.73572,143.0,1,SKT-4015,,1.0,1.0,GPAO
05/03/2026,09:50:04,47.62042,-52.73573,145.0,1,SKT-4015,,1.0,1.0,GPAO
05/03/2026,09:50:11,47.62043,-52.73573,145.0,1,SKT-4015,,1.0,1.0,GPAO
05/03/2026,09:50:19,47.62044,-52.73572,143.0,1,SKT-4015,,1.0,1.0,GPAO
05/03/2026,09:50:26,47.62046,-52.73571,141.0,1,SKT-4015,,1.0,1.0,GPAO
05/03/2026,09:50:33,47.62046,-52.73569,138.0,1,SKT-4015,,1.0,1.0,GPAO
05/03/2026,09:50:40,47.62047,-52.73567,137.0,1,SKT-4015,,1.0,1.0,GPAO
05/03/2026,09:50:48,47.62048,-52.73565,138.0,1,SKT-4015,,1.0,1.0,GPAO
05/03/2026,09:50:55,47.62049,-52.73562,140.0,1,SKT-4015,,1.0,1.0,GPAO
05/03/2026,09:51:02,47.62048,-52.73559,144.0,1,SKT-4015,,1.0,1.0,GPAO
05/03/2026,09:51:09,47.62046,-52.73559,147.0,1,SKT-4015,,1.0,1.0,GPAO
05/03/2026,09:51:17,47.62044,-52.73561,150.0,1,SKT-4015,,1.0,1.0,GPAO
05/03/2026,09:51:24,47.62043,-52.73563,152.0,1,SKT-4015,,1.0,1.0,GPAO
05/03/2026,09:51:31,47.62042,-52.73563,152.0,1,SKT-4015,,1.0,1.0,GPAO
05/03/2026,09:51:38,47.62041,-52.73563,151.0,1,SKT-4015,,1.0,1.0,GPAO
05/03/2026,09:51:45,47.6204,-52.73564,150.0,1,SKT-4015,,1.0,1.0,GPAO
05/03/2026,09:51:54,47.62039,-52.73566,151.0,1,SKT-4015,,1.0,1.0,GPAO
05/03/2026,09:52:01,47.62039,-52.73569,152.0,1,SKT-4015,,1.0,1.0,GPAO
05/03/2026,09:52:09,47.62039,-52.7357,153.0,1,SKT-4015,,1.0,1.0,GPAO
05/03/2026,09:52:16,47.62038,-52.73569,154.0,1,SKT-4015,,1.0,1.0,GPAO
05/03/2026,09:52:24,47.62037,-52.73567,153.0,1,SKT-4015,,1.0,1.0,GPAO
05/03/2026,09:52:31,47.62036,-52.73566,152.0,1,SKT-4015,,1.0,1.0,GPAO
05/03/2026,09:52:38,47.62034,-52.73565,151.0,1,SKT-4015,,1.0,1.0,GPAO
05/03/2026,09:52:45,47.62033,-52.73565,152.0,1,SKT-4015,,1.0,1.0,GPAO
05/03/2026,09:52:53,47.62031,-52.73566,155.0,1,SKT-4015,,1.0,1.0,GPAO
05/03/2026,09:53:00,47.6203,-52.73567,157.0,1,SKT-4015,,1.0,1.0,GPAO
05/03/2026,09:53:07,47.6203,-52.73567,157.0,1,SKT-4015,,1.0,1.0,GPAO
05/03/2026,09:53:14,47.6203,-52.73567,158.0,1,SKT-4015,,1.0,1.0,GPAO
05/03/2026,09:53:22,47.6203,-52.73566,159.0,1,SKT-4015,,1.0,1.0,GPAO
05/03/2026,09:53:29,47.6203,-52.73567,160.0,1,SKT-4015,,1.0,1.0,GPAO
05/03/2026,09:53:36,47.6203,-52.73566,157.0,1,SKT-4015,,1.0,1.0,GPAO
05/03/2026,09:53:43,47.62031,-52.73566,154.0,1,SKT-4015,,1.0,1.0,GPAO
05/03/2026,09:53:51,47.6203,-52.73566,155.0,1,SKT-4015,,1.0,1.0,GPAO
05/03/2026,09:53:58,47.62031,-52.73565,156.0,1,SKT-4015,,1.0,1.0,GPAO
05/03/2026,09:54:05,47.62031,-52.73565,157.0,1,SKT-4015,,1.0,1.0,GPAO
05/03/2026,09:54:12,47.6203,-52.73565,160.0,1,SKT-4015,,1.0,1.0,GPAO
05/03/2026,09:54:20,47.62031,-52.73566,163.0,1,SKT-4015,,1.0,1.0,GPAO
05/03/2026,09:54:27,47.62033,-52.73563,160.0,1,SKT-4015,,1.0,1.0,GPAO
05/03/2026,09:54:34,47.62034,-52.73562,156.0,1,SKT-4015,,1.0,1.0,GPAO
05/03/2026,09:54:41,47.62034,-52.73562,152.0,1,SKT-4015,,1.0,1.0,GPAO
05/03/2026,09:54:48,47.62033,-52.73563,150.0,1,SKT-4015,,1.0,1.0,GPAO
05/03/2026,09:54:56,47.62034,-52.73565,150.0,1,SKT-4015,,1.0,1.0,GPAO
05/03/2026,09:55:03,47.62035,-52.73566,152.0,1,SKT-4015,,1.0,1.0,GPAO
05/03/2026,09:55:10,47.62036,-52.73567,154.0,1,SKT-4015,,1.0,1.0,GPAO
05/03/2026,09:55:18,47.62038,-52.73567,157.0,1,SKT-4015,,1.0,1.0,GPAO
05/03/2026,09:55:25,47.62038,-52.73568,157.0,1,SKT-4015,,1.0,1.0,GPAO
05/03/2026,09:55:32,47.62038,-52.73569,156.0,1,SKT-4015,,1.0,1.0,GPAO
05/03/2026,09:55:39,47.62038,-52.73569,158.0,1,SKT-4015,,1.0,1.0,GPAO
05/03/2026,09:55:46,47.6204,-52.73568,158.0,1,SKT-4015,,1.0,1.0,GPAO
05/03/2026,09:55:54,47.62041,-52.73565,157.0,1,SKT-4015,,1.0,1.0,GPAO
05/03/2026,09:56:01,47.62041,-52.73562,157.0,1,SKT-4015,,1.0,1.0,GPAO
05/03/2026,09:56:08,47.6204,-52.73562,157.0,1,SKT-4015,,1.0,1.0,GPAO
05/03/2026,09:56:15,47.6204,-52.73562,158.0,1,SKT-4015,,1.0,1.0,GPAO
05/03/2026,09:56:23,47.62041,-52.73561,156.0,1,SKT-4015,,1.0,1.0,GPAO
05/03/2026,09:56:30,47.62043,-52.73558,154.0,1,SKT-4015,,1.0,1.0,GPAO
05/03/2026,09:56:37,47.62043,-52.73559,153.0,1,SKT-4015,,1.0,1.0,GPAO
05/03/2026,09:56:44,47.62041,-52.73564,157.0,1,SKT-4015,,1.0,1.0,GPAO
05/03/2026,09:56:52,47.62038,-52.73573,162.0,1,SKT-4015,,1.0,1.0,GPAO
05/03/2026,09:56:59,47.62037,-52.73576,158.0,1,SKT-4015,,1.0,1.0,GPAO
05/03/2026,09:57:06,47.62038,-52.73577,153.0,1,SKT-4015,,1.0,1.0,GPAO
05/03/2026,09:57:13,47.62038,-52.73577,150.0,1,SKT-4015,,1.0,1.0,GPAO
05/03/2026,09:57:21,47.62037,-52.73576,146.0,1,SKT-4015,,1.0,1.0,GPAO
05/03/2026,09:57:28,47.62036,-52.73576,143.0,1,SKT-4015,,1.0,1.0,GPAO
05/03/2026,09:57:35,47.62035,-52.73576,142.0,1,SKT-4015,,1.0,1.0,GPAO
05/03/2026,09:57:42,47.62035,-52.73576,141.0,1,SKT-4015,,1.0,1.0,GPAO
05/03/2026,09:57:50,47.62035,-52.73576,141.0,1,SKT-4015,,1.0,1.0,GPAO
05/03/2026,09:57:57,47.62033,-52.73577,141.0,1,SKT-4015,,1.0,1.0,GPAO
05/03/2026,09:58:04,47.62033,-52.7358,144.0,1,SKT-4015,,1.0,1.0,GPAO
05/03/2026,09:58:11,47.62033,-52.7358,146.0,1,SKT-4015,,1.0,1.0,GPAO
05/03/2026,09:58:19,47.62034,-52.73576,149.0,1,SKT-4015,,1.0,1.0,GPAO
05/03/2026,09:58:26,47.62037,-52.73571,152.0,1,SKT-4015,,1.0,1.0,GPAO
05/03/2026,09:58:33,47.62038,-52.7357,156.0,1,SKT-4015,,1.0,1.0,GPAO
05/03/2026,09:58:40,47.62039,-52.73569,158.0,1,SKT-4015,,1.0,1.0,GPAO
05/03/2026,09:58:48,47.62041,-52.73568,154.0,1,SKT-4015,,1.0,1.0,GPAO
05/03/2026,09:58:55,47.62042,-52.73566,151.0,1,SKT-4015,,1.0,1.0,GPAO
05/03/2026,09:59:02,47.62041,-52.73566,151.0,1,SKT-4015,,1.0,1.0,GPAO
05/03/2026,09:59:09,47.62041,-52.73567,153.0,1,SKT-4015,,1.0,1.0,GPAO
05/03/2026,09:59:17,47.6204,-52.73569,158.0,1,SKT-4015,,1.0,1.0,GPAO
05/03/2026,09:59:25,47.62039,-52.7357,162.0,1,SKT-4015,,1.0,1.0,GPAO
05/03/2026,09:59:32,47.62038,-52.73573,169.0,1,SKT-4015,,1.0,1.0,GPAO
05/03/2026,09:59:39,47.62038,-52.73574,171.0,1,SKT-4015,,1.0,1.0,GPAO
05/03/2026,09:59:46,47.6204,-52.73572,165.0,1,SKT-4015,,1.0,1.0,GPAO
05/03/2026,09:59:54,47.62041,-52.73571,162.0,1,SKT-4015,,1.0,1.0,GPAO
05/03/2026,10:00:01,47.62041,-52.73572,161.0,1,SKT-4015,,1.0,1.0,GPAO
05/03/2026,10:00:08,47.62041,-52.73572,162.0,1,SKT-4015,,1.0,1.0,GPAO
05/03/2026,10:00:15,47.6204,-52.73572,162.0,1,SKT-4015,,1.0,1.0,GPAO
05/03/2026,10:00:23,47.6204,-52.73571,157.0,1,SKT-4015,,1.0,1.0,GPAO
05/03/2026,10:00:37,47.62037,-52.73571,150.0,1.0,SKT-4015,,1.0,1.0,GPAO
05/03/2026,10:00:44,47.62034,-52.73572,151.0,1.0,SKT-4015,,1.0,1.0,GPAO
05/03/2026,10:00:52,47.62032,-52.73573,154.0,1.0,SKT-4015,,1.0,1.0,GPAO
05/03/2026,10:00:59,47.6203,-52.73572,158.0,1.0,SKT-4015,,1.0,1.0,GPAO
05/03/2026,10:01:06,47.62029,-52.73571,159.0,1.0,SKT-4015,,1.0,1.0,GPAO
05/03/2026,10:01:13,47.62031,-52.73569,157.0,1.0,SKT-4015,,1.0,1.0,GPAO
05/03/2026,10:01:21,47.62033,-52.73568,155.0,1.0,SKT-4015,,1.0,1.0,GPAO
05/03/2026,10:01:28,47.62035,-52.73568,154.0,1.0,SKT-4015,,1.0,1.0,GPAO
05/03/2026,10:01:35,47.62036,-52.73566,154.0,1.0,SKT-4015,,1.0,1.0,GPAO
05/03/2026,10:01:42,47.62036,-52.73566,155.0,1.0,SKT-4015,,1.0,1.0,GPAO
05/03/2026,10:01:49,47.62035,-52.73567,156.0,1.0,SKT-4015,,1.0,1.0,GPAO
05/03/2026,10:01:57,47.62033,-52.73567,158.0,1.0,SKT-4015,,1.0,1.0,GPAO
05/03/2026,10:02:04,47.62031,-52.73566,161.0,1.0,SKT-4015,,1.0,1.0,GPAO
05/03/2026,10:02:11,47.6203,-52.73564,164.0,1.0,SKT-4015,,1.0,1.0,GPAO
05/03/2026,10:02:18,47.62028,-52.73563,166.0,1.0,SKT-4015,,1.0,1.0,GPAO
05/03/2026,10:02:26,47.62025,-52.73562,167.0,1.0,SKT-4015,,1.0,1.0,GPAO
05/03/2026,10:02:33,47.62024,-52.73561,166.0,1.0,SKT-4015,,1.0,1.0,GPAO
05/03/2026,10:02:40,47.62023,-52.73561,163.0,1.0,SKT-4015,,1.0,1.0,GPAO
05/03/2026,10:02:47,47.62022,-52.7356,158.0,1.0,SKT-4015,,1.0,1.0,GPAO
05/03/2026,10:02:55,47.62023,-52.73561,154.0,1.0,SKT-4015,,1.0,1.0,GPAO
05/03/2026,10:03:02,47.62027,-52.73564,155.0,1.0,SKT-4015,,1.0,1.0,GPAO
05/03/2026,10:03:09,47.62032,-52.73569,158.0,1.0,SKT-4015,,1.0,1.0,GPAO
05/03/2026,10:03:16,47.62038,-52.73573,161.0,1.0,SKT-4015,,1.0,1.0,GPAO
05/03/2026,10:03:24,47.62041,-52.73576,162.0,1.0,SKT-4015,,1.0,1.0,GPAO
05/03/2026,10:03:31,47.62043,-52.73576,163.0,1.0,SKT-4015,,1.0,1.0,GPAO
05/03/2026,10:03:38,47.62042,-52.73577,166.0,1.0,SKT-4015,,1.0,1.0,GPAO
05/03/2026,10:03:45,47.6204,-52.73576,170.0,1.0,SKT-4015,,1.0,1.0,GPAO
05/03/2026,10:03:53,47.62036,-52.73573,174.0,1.0,SKT-4015,,1.0,1.0,GPAO
05/03/2026,10:04:00,47.62035,-52.73569,175.0,1.0,SKT-4015,,1.0,1.0,GPAO
05/03/2026,10:04:07,47.62035,-52.73571,177.0,1.0,SKT-4015,,1.0,1.0,GPAO
05/03/2026,10:04:14,47.62035,-52.73574,184.0,1.0,SKT-4015,,1.0,1.0,GPAO
05/03/2026,10:04:22,47.62035,-52.73577,190.0,1.0,SKT-4015,,1.0,1.0,GPAO
05/03/2026,10:04:29,47.62043,-52.73585,196.0,1.0,SKT-4015,,1.0,1.0,GPAO
05/03/2026,10:04:36,47.62046,-52.73588,194.0,1.0,SKT-4015,,1.0,1.0,GPAO
05/03/2026,10:04:43,47.6204,-52.73576,181.0,1.0,SKT-4015,,1.0,1.0,GPAO
05/03/2026,10:04:51,47.62039,-52.73574,177.0,1.0,SKT-4015,,1.0,1.0,GPAO
05/03/2026,10:04:58,47.62039,-52.73574,178.0,1.0,SKT-4015,,1.0,1.0,GPAO
05/03/2026,10:05:05,47.62039,-52.73573,177.0,1.0,SKT-4015,,1.0,1.0,GPAO
05/03/2026,10:05:12,47.62037,-52.7357,173.0,1.0,SKT-4015,,1.0,1.0,GPAO
05/03/2026,10:05:20,47.62034,-52.73568,170.0,1.0,SKT-4015,,1.0,1.0,GPAO
05/03/2026,10:05:27,47.62035,-52.73567,166.0,1.0,SKT-4015,,1.0,1.0,GPAO
05/03/2026,10:05:34,47.62037,-52.73566,164.0,1.0,SKT-4015,,1.0,1.0,GPAO
05/03/2026,10:05:41,47.62037,-52.73566,163.0,1.0,SKT-4015,,1.0,1.0,GPAO
05/03/2026,10:05:49,47.62038,-52.73567,163.0,1.0,SKT-4015,,1.0,1.0,GPAO
05/03/2026,10:05:57,47.62038,-52.73567,163.0,1.0,SKT-4015,,1.0,1.0,GPAO
05/03/2026,10:06:04,47.62039,-52.73568,161.0,1.0,SKT-4015,,1.0,1.0,GPAO
05/03/2026,10:06:11,47.6204,-52.73568,158.0,1.0,SKT-4015,,1.0,1.0,GPAO
05/03/2026,10:06:18,47.6204,-52.73568,156.0,1.0,SKT-4015,,1.0,1.0,GPAO
05/03/2026,10:06:26,47.6204,-52.73566,155.0,1.0,SKT-4015,,1.0,1.0,GPAO
05/03/2026,10:06:33,47.6204,-52.73563,152.0,1.0,SKT-4015,,1.0,1.0,GPAO
05/03/2026,10:06:40,47.6204,-52.7356,148.0,1.0,SKT-4015,,1.0,1.0,GPAO
05/03/2026,10:06:47,47.62039,-52.73559,144.0,1.0,SKT-4015,,1.0,1.0,GPAO
05/03/2026,10:06:55,47.62038,-52.73563,145.0,1.0,SKT-4015,,1.0,1.0,GPAO
05/03/2026,10:07:02,47.62038,-52.73569,150.0,1.0,SKT-4015,,1.0,1.0,GPAO
05/03/2026,10:07:09,47.62038,-52.73573,154.0,1.0,SKT-4015,,1.0,1.0,GPAO
05/03/2026,10:07:16,47.62038,-52.73574,155.0,1.0,SKT-4015,,1.0,1.0,GPAO
05/03/2026,10:07:24,47.62038,-52.73571,154.0,1.0,SKT-4015,,1.0,1.0,GPAO
05/03/2026,10:07:31,47.62037,-52.73568,155.0,1.0,SKT-4015,,1.0,1.0,GPAO
05/03/2026,10:07:38,47.62035,-52.73567,156.0,1.0,SKT-4015,,1.0,1.0,GPAO
05/03/2026,10:07:45,47.62032,-52.73567,157.0,1.0,SKT-4015,,1.0,1.0,GPAO
05/03/2026,10:07:53,47.62032,-52.73567,155.0,1.0,SKT-4015,,1.0,1.0,GPAO
05/03/2026,10:08:00,47.62032,-52.73566,154.0,1.0,SKT-4015,,1.0,1.0,GPAO
05/03/2026,10:08:07,47.62033,-52.73566,151.0,1.0,SKT-4015,,1.0,1.0,GPAO
05/03/2026,10:08:14,47.62034,-52.73565,146.0,1.0,SKT-4015,,1.0,1.0,GPAO
05/03/2026,10:08:22,47.62036,-52.73565,141.0,1.0,SKT-4015,,1.0,1.0,GPAO
05/03/2026,10:08:29,47.62038,-52.73564,137.0,1.0,SKT-4015,,1.0,1.0,GPAO
05/03/2026,10:08:36,47.6204,-52.73562,134.0,1.0,SKT-4015,,1.0,1.0,GPAO
05/03/2026,10:08:43,47.62042,-52.7356,131.0,1.0,SKT-4015,,1.0,1.0,GPAO
05/03/2026,10:08:51,47.62044,-52.73557,129.0,1.0,SKT-4015,,1.0,1.0,GPAO
05/03/2026,10:08:58,47.62045,-52.73555,128.0,1.0,SKT-4015,,1.0,1.0,GPAO
05/03/2026,10:09:05,47.62044,-52.73554,128.0,1.0,SKT-4015,,1.0,1.0,GPAO
05/03/2026,10:09:12,47.62043,-52.73557,130.0,1.0,SKT-4015,,1.0,1.0,GPAO
05/03/2026,10:09:20,47.62043,-52.7356,133.0,1.0,SKT-4015,,1.0,1.0,GPAO
05/03/2026,10:09:27,47.62042,-52.73564,137.0,1.0,SKT-4015,,1.0,1.0,GPAO
05/03/2026,10:09:34,47.62042,-52.73568,139.0,1.0,SKT-4015,,1.0,1.0,GPAO
05/03/2026,10:09:41,47.62042,-52.73569,136.0,1.0,SKT-4015,,1.0,1.0,GPAO
05/03/2026,10:09:48,47.62042,-52.73569,138.0,1.0,SKT-4015,,1.0,1.0,GPAO
05/03/2026,10:09:56,47.62043,-52.73571,142.0,1.0,SKT-4015,,1.0,1.0,GPAO
05/03/2026,10:10:03,47.62044,-52.73573,147.0,1.0,SKT-4015,,1.0,1.0,GPAO
05/03/2026,10:10:10,47.62044,-52.73574,151.0,1.0,SKT-4015,,1.0,1.0,GPAO
05/03/2026,10:10:17,47.62043,-52.73575,154.0,1.0,SKT-4015,,1.0,1.0,GPAO
05/03/2026,10:10:25,47.62041,-52.73573,153.0,1.0,SKT-4015,,1.0,1.0,GPAO
05/03/2026,10:10:32,47.62042,-52.73572,152.0,1.0,SKT-4015,,1.0,1.0,GPAO
05/03/2026,10:10:39,47.62043,-52.73571,152.0,1.0,SKT-4015,,1.0,1.0,GPAO
05/03/2026,10:10:46,47.62042,-52.73569,153.0,1.0,SKT-4015,,1.0,1.0,GPAO
05/03/2026,10:10:54,47.62043,-52.73565,157.0,1.0,SKT-4015,,1.0,1.0,GPAO
05/03/2026,10:11:01,47.62041,-52.7356,158.0,1.0,SKT-4015,,1.0,1.0,GPAO
05/03/2026,10:11:08,47.62041,-52.7356,162.0,1.0,SKT-4015,,1.0,1.0,GPAO
05/03/2026,10:11:15,47.62039,-52.73559,163.0,1.0,SKT-4015,,1.0,1.0,GPAO
05/03/2026,10:11:23,47.62036,-52.73555,163.0,1.0,SKT-4015,,1.0,1.0,GPAO
05/03/2026,10:11:30,47.62034,-52.73555,164.0,1.0,SKT-4015,,1.0,1.0,GPAO
05/03/2026,10:11:37,47.62033,-52.73558,167.0,1.0,SKT-4015,,1.0,1.0,GPAO
05/03/2026,10:11:44,47.62032,-52.7356,168.0,1.0,SKT-4015,,1.0,1.0,GPAO
05/03/2026,10:11:52,47.62028,-52.73563,169.0,1.0,SKT-4015,,1.0,1.0,GPAO
05/03/2026,10:11:59,47.62026,-52.73565,171.0,1.0,SKT-4015,,1.0,1.0,GPAO
05/03/2026,10:12:06,47.62025,-52.73565,173.0,1.0,SKT-4015,,1.0,1.0,GPAO
05/03/2026,10:12:13,47.62025,-52.73564,175.0,1.0,SKT-4015,,1.0,1.0,GPAO
05/03/2026,10:12:24,,,,,SKT-4015,,1.0,1.0,GPAO
05/03/2026,10:12:30,47.62026,-52.73559,179.0,1.0,SKT-4015,,1.0,1.0,GPAO
05/03/2026,10:12:38,47.62026,-52.73558,180.0,1.0,SKT-4015,,1.0,1.0,GPAO
05/03/2026,10:12:46,47.62027,-52.73558,180.0,1.0,SKT-4015,,1.0,1.0,GPAO
05/03/2026,10:12:53,47.62026,-52.73561,177.0,1.0,SKT-4015,,1.0,1.0,GPAO
05/03/2026,10:13:00,47.62025,-52.73564,176.0,1.0,SKT-4015,,1.0,1.0,GPAO
05/03/2026,10:13:07,47.62024,-52.73566,174.0,1.0,SKT-4015,,1.0,1.0,GPAO
05/03/2026,10:13:15,47.62027,-52.73563,168.0,1.0,SKT-4015,,1.0,1.0,GPAO
05/03/2026,10:13:23,47.62032,-52.7356,163.0,1.0,SKT-4015,,1.0,1.0,GPAO
05/03/2026,10:13:30,47.62036,-52.73558,160.0,1.0,SKT-4015,,1.0,1.0,GPAO
05/03/2026,10:13:37,47.62038,-52.73557,158.0,1.0,SKT-4015,,1.0,1.0,GPAO
05/03/2026,10:13:44,47.62038,-52.73555,157.0,1.0,SKT-4015,,1.0,1.0,GPAO
05/03/2026,10:13:52,47.62038,-52.73552,156.0,1.0,SKT-4015,,1.0,1.0,GPAO
05/03/2026,10:13:59,47.62037,-52.73552,155.0,1.0,SKT-4015,,1.0,1.0,GPAO
05/03/2026,10:14:06,47.62035,-52.73554,154.0,1.0,SKT-4015,,1.0,1.0,GPAO
05/03/2026,10:14:13,47.62035,-52.73558,152.0,1.0,SKT-4015,,1.0,1.0,GPAO
05/03/2026,10:14:21,47.62034,-52.73561,152.0,1.0,SKT-4015,,1.0,1.0,GPAO
05/03/2026,10:14:28,47.62034,-52.73563,150.0,1.0,SKT-4015,,1.0,1.0,GPAO
05/03/2026,10:14:35,47.62035,-52.73565,149.0,1.0,SKT-4015,,1.0,1.0,GPAO
05/03/2026,10:14:42,47.62036,-52.73567,147.0,1.0,SKT-4015,,1.0,1.0,GPAO
05/03/2026,10:14:49,47.62037,-52.73568,146.0,1.0,SKT-4015,,1.0,1.0,GPAO
05/03/2026,10:14:57,47.62038,-52.73569,145.0,1.0,SKT-4015,,1.0,1.0,GPAO
05/03/2026,10:15:04,47.62038,-52.73569,143.0,1.0,SKT-4015,,1.0,1.0,GPAO
05/03/2026,10:15:11,47.62039,-52.73569,142.0,1.0,SKT-4015,,1.0,1.0,GPAO
05/03/2026,10:15:18,47.62039,-52.73568,148.0,1.0,SKT-4015,,1.0,1.0,GPAO
05/03/2026,10:15:26,47.62037,-52.73565,158.0,1.0,SKT-4015,,1.0,1.0,GPAO
05/03/2026,10:15:33,47.62036,-52.73563,161.0,1.0,SKT-4015,,1.0,1.0,GPAO
05/03/2026,10:15:40,47.62036,-52.73561,162.0,1.0,SKT-4015,,1.0,1.0,GPAO
05/03/2026,10:15:47,47.62037,-52.73559,163.0,1.0,SKT-4015,,1.0,1.0,GPAO
05/03/2026,10:15:55,47.62038,-52.73558,161.0,1.0,SKT-4015,,1.0,1.0,GPAO
05/03/2026,10:16:02,47.62041,-52.73558,156.0,1.0,SKT-4015,,1.0,1.0,GPAO
05/03/2026,10:16:09,47.62043,-52.73559,152.0,1.0,SKT-4015,,1.0,1.0,GPAO
05/03/2026,10:16:16,47.62046,-52.73561,149.0,1.0,SKT-4015,,1.0,1.0,GPAO
05/03/2026,10:16:24,47.62048,-52.73564,145.0,1.0,SKT-4015,,1.0,1.0,GPAO
05/03/2026,10:16:31,47.62049,-52.73566,145.0,1.0,SKT-4015,,1.0,1.0,GPAO
05/03/2026,10:16:38,47.62048,-52.73567,145.0,1.0,SKT-4015,,1.0,1.0,GPAO
05/03/2026,10:16:45,47.62047,-52.73568,145.0,1.0,SKT-4015,,1.0,1.0,GPAO
05/03/2026,10:16:53,47.62046,-52.73569,144.0,1.0,SKT-4015,,1.0,1.0,GPAO
05/03/2026,10:17:00,47.62045,-52.7357,144.0,1.0,SKT-4015,,1.0,1.0,GPAO
05/03/2026,10:17:07,47.62044,-52.7357,146.0,1.0,SKT-4015,,1.0,1.0,GPAO
05/03/2026,10:17:14,47.62043,-52.73567,145.0,1.0,SKT-4015,,1.0,1.0,GPAO
05/03/2026,10:17:22,47.62043,-52.73565,142.0,1.0,SKT-4015,,1.0,1.0,GPAO
05/03/2026,10:17:29,47.62043,-52.73565,138.0,1.0,SKT-4015,,1.0,1.0,GPAO
05/03/2026,10:17:36,47.62038,-52.7356,134.0,1.0,SKT-4015,,1.0,1.0,GPAO
05/03/2026,10:17:43,47.62038,-52.73556,129.0,1.0,SKT-4015,,1.0,1.0,GPAO
05/03/2026,10:17:51,47.62039,-52.73554,126.0,1.0,SKT-4015,,1.0,1.0,GPAO
05/03/2026,10:17:58,47.62038,-52.73559,133.0,1.0,SKT-4015,,1.0,1.0,GPAO
05/03/2026,10:18:05,47.62037,-52.73566,145.0,1.0,SKT-4015,,1.0,1.0,GPAO
05/03/2026,10:18:12,47.62036,-52.73572,151.0,1.0,SKT-4015,,1.0,1.0,GPAO
05/03/2026,10:18:20,47.62036,-52.73576,156.0,1.0,SKT-4015,,1.0,1.0,GPAO
05/03/2026,10:18:27,47.62037,-52.73574,157.0,1.0,SKT-4015,,1.0,1.0,GPAO
05/03/2026,10:18:34,47.62037,-52.73573,158.0,1.0,SKT-4015,,1.0,1.0,GPAO
05/03/2026,10:18:41,47.62038,-52.73571,157.0,1.0,SKT-4015,,1.0,1.0,GPAO
05/03/2026,10:18:49,47.62038,-52.73569,156.0,1.0,SKT-4015,,1.0,1.0,GPAO
05/03/2026,10:18:56,47.62039,-52.73568,155.0,1.0,SKT-4015,,1.0,1.0,GPAO
05/03/2026,10:19:03,47.6204,-52.73565,153.0,1.0,SKT-4015,,1.0,1.0,GPAO
05/03/2026,10:19:10,47.62041,-52.73563,151.0,1.0,SKT-4015,,1.0,1.0,GPAO
05/03/2026,10:19:18,47.62044,-52.73561,147.0,1.0,SKT-4015,,1.0,1.0,GPAO
05/03/2026,10:19:25,47.62046,-52.73559,143.0,1.0,SKT-4015,,1.0,1.0,GPAO
05/03/2026,10:19:32,47.62048,-52.73558,141.0,1.0,SKT-4015,,1.0,1.0,GPAO
05/03/2026,10:19:39,47.62049,-52.73558,141.0,1.0,SKT-4015,,1.0,1.0,GPAO
05/03/2026,10:19:47,47.62051,-52.73558,140.0,1.0,SKT-4015,,1.0,1.0,GPAO
05/03/2026,10:19:54,47.62052,-52.73559,141.0,1.0,SKT-4015,,1.0,1.0,GPAO
05/03/2026,10:20:01,47.62051,-52.73559,140.0,1.0,SKT-4015,,1.0,1.0,GPAO
05/03/2026,10:20:08,47.62051,-52.7356,141.0,1.0,SKT-4015,,1.0,1.0,GPAO
05/03/2026,10:20:15,47.62049,-52.73561,143.0,1.0,SKT-4015,,1.0,1.0,GPAO
05/03/2026,10:20:23,47.62049,-52.73563,145.0,1.0,SKT-4015,,1.0,1.0,GPAO
05/03/2026,10:20:30,47.62047,-52.73564,146.0,1.0,SKT-4015,,1.0,1.0,GPAO
05/03/2026,10:20:37,47.62046,-52.73565,147.0,1.0,SKT-4015,,1.0,1.0,GPAO
05/03/2026,10:20:44,47.62046,-52.73565,148.0,1.0,SKT-4015,,1.0,1.0,GPAO
05/03/2026,10:20:52,47.62045,-52.73565,148.0,1.0,SKT-4015,,1.0,1.0,GPAO
05/03/2026,10:20:59,47.62045,-52.73563,149.0,1.0,SKT-4015,,1.0,1.0,GPAO
05/03/2026,10:21:06,47.62045,-52.73563,150.0,1.0,SKT-4015,,1.0,1.0,GPAO
05/03/2026,10:21:13,47.62043,-52.73565,153.0,1.0,SKT-4015,,1.0,1.0,GPAO
05/03/2026,10:21:21,47.62041,-52.73566,154.0,1.0,SKT-4015,,1.0,1.0,GPAO
05/03/2026,10:21:28,47.62039,-52.73568,154.0,1.0,SKT-4015,,1.0,1.0,GPAO
05/03/2026,10:21:35,47.62038,-52.7357,152.0,1.0,SKT-4015,,1.0,1.0,GPAO
05/03/2026,10:21:42,47.62038,-52.7357,148.0,1.0,SKT-4015,,1.0,1.0,GPAO
05/03/2026,10:21:50,47.62039,-52.73569,146.0,1.0,SKT-4015,,1.0,1.0,GPAO
05/03/2026,10:21:57,47.6204,-52.73569,147.0,1.0,SKT-4015,,1.0,1.0,GPAO
05/03/2026,10:22:04,47.62041,-52.73569,147.0,1.0,SKT-4015,,1.0,1.0,GPAO
05/03/2026,10:22:11,47.62041,-52.73568,150.0,1.0,SKT-4015,,1.0,1.0,GPAO
05/03/2026,10:22:19,47.6204,-52.73566,156.0,1.0,SKT-4015,,1.0,1.0,GPAO
05/03/2026,10:22:26,47.62038,-52.73566,160.0,1.0,SKT-4015,,1.0,1.0,GPAO
05/03/2026,10:22:33,47.62039,-52.73566,160.0,1.0,SKT-4015,,1.0,1.0,GPAO
05/03/2026,10:22:40,47.62044,-52.7357,154.0,1.0,SKT-4015,,1.0,1.0,GPAO
05/03/2026,10:22:48,47.62047,-52.7357,146.0,1.0,SKT-4015,,1.0,1.0,GPAO
05/03/2026,10:22:55,47.62046,-52.73571,144.0,1.0,SKT-4015,,1.0,1.0,GPAO
05/03/2026,10:23:02,47.62045,-52.73573,144.0,1.0,SKT-4015,,1.0,1.0,GPAO
05/03/2026,10:23:09,47.62041,-52.73576,144.0,1.0,SKT-4015,,1.0,1.0,GPAO
05/03/2026,10:23:17,47.62038,-52.73577,143.0,1.0,SKT-4015,,1.0,1.0,GPAO
05/03/2026,10:23:24,47.62039,-52.73574,143.0,1.0,SKT-4015,,1.0,1.0,GPAO
05/03/2026,10:23:31,47.62041,-52.73572,143.0,1.0,SKT-4015,,1.0,1.0,GPAO
05/03/2026,10:23:38,47.62043,-52.73569,143.0,1.0,SKT-4015,,1.0,1.0,GPAO
05/03/2026,10:23:46,47.62044,-52.73569,145.0,1.0,SKT-4015,,1.0,1.0,GPAO
05/03/2026,10:23:53,47.62044,-52.73571,149.0,1.0,SKT-4015,,1.0,1.0,GPAO
05/03/2026,10:24:00,47.62043,-52.73573,152.0,1.0,SKT-4015,,1.0,1.0,GPAO
05/03/2026,10:24:07,47.62043,-52.73575,151.0,1.0,SKT-4015,,1.0,1.0,GPAO
05/03/2026,10:24:14,47.62043,-52.73577,148.0,1.0,SKT-4015,,1.0,1.0,GPAO
05/03/2026,10:24:22,47.62043,-52.73576,142.0,1.0,SKT-4015,,1.0,1.0,GPAO
05/03/2026,10:24:29,47.62042,-52.73575,138.0,1.0,SKT-4015,,1.0,1.0,GPAO
05/03/2026,10:24:36,47.62042,-52.73572,133.0,1.0,SKT-4015,,1.0,1.0,GPAO
05/03/2026,10:24:43,47.62043,-52.73567,125.0,1.0,SKT-4015,,1.0,1.0,GPAO
05/03/2026,10:24:51,47.62043,-52.73563,119.0,1.0,SKT-4015,,1.0,1.0,GPAO
05/03/2026,10:24:58,47.62043,-52.73563,118.0,1.0,SKT-4015,,1.0,1.0,GPAO
05/03/2026,10:25:05,47.62043,-52.73564,121.0,1.0,SKT-4015,,1.0,1.0,GPAO
05/03/2026,10:25:12,47.62043,-52.73566,126.0,1.0,SKT-4015,,1.0,1.0,GPAO
05/03/2026,10:25:20,47.62045,-52.73567,133.0,1.0,SKT-4015,,1.0,1.0,GPAO
05/03/2026,10:37:02,47.62094,-52.73523,136.0,1.0,SKT-4015,,1.0,0.0,GPAO
05/03/2026,10:37:11,47.62094,-52.73523,136.0,1.0,SKT-4015,,1.0,0.0,GPAO
05/03/2026,10:37:19,47.62094,-52.73523,136.0,1.0,SKT-4015,,1.0,0.0,GPAO
05/03/2026,10:37:27,47.62094,-52.73523,137.0,1.0,SKT-4015,,1.0,0.0,GPAO
05/03/2026,10:37:35,47.62094,-52.73523,137.0,1.0,SKT-4015,,1.0,0.0,GPAO
05/03/2026,10:37:43,47.62094,-52.73523,138.0,1.0,SKT-4015,,1.0,0.0,GPAO
05/03/2026,10:37:51,47.62095,-52.73523,139.0,1.0,SKT-4015,,1.0,0.0,GPAO
05/03/2026,10:37:59,47.62095,-52.73523,140.0,1.0,SKT-4015,,1.0,0.0,GPAO
05/03/2026,10:38:07,47.62095,-52.73524,140.0,1.0,SKT-4015,,1.0,0.0,GPAO
05/03/2026,10:38:15,47.62095,-52.73524,140.0,1.0,SKT-4015,,1.0,0.0,GPAO
05/03/2026,10:38:23,47.62095,-52.73524,140.0,1.0,SKT-4015,,1.0,0.0,GPAO
05/03/2026,10:38:31,47.62094,-52.73524,140.0,1.0,SKT-4015,,1.0,0.0,GPAO
05/03/2026,10:38:40,47.62094,-52.73524,140.0,1.0,SKT-4015,,1.0,0.0,GPAO
05/03/2026,10:38:48,47.62095,-52.73524,140.0,1.0,SKT-4015,,1.0,0.0,GPAO
05/03/2026,10:38:56,47.62096,-52.73525,139.0,1.0,SKT-4015,,1.0,0.0,GPAO
05/03/2026,10:39:04,47.62096,-52.73524,139.0,1.0,SKT-4015,,1.0,0.0,GPAO
05/03/2026,10:39:12,47.62096,-52.73524,139.0,1.0,SKT-4015,,1.0,0.0,GPAO
05/03/2026,10:39:20,47.62095,-52.73524,139.0,1.0,SKT-4015,,1.0,0.0,GPAO
05/03/2026,10:39:28,47.62095,-52.73524,139.0,1.0,SKT-4015,,1.0,0.0,GPAO
05/03/2026,10:39:36,47.62094,-52.73524,139.0,1.0,SKT-4015,,1.0,0.0,GPAO
05/03/2026,10:39:44,47.62094,-52.73524,139.0,1.0,SKT-4015,,1.0,0.0,GPAO
05/03/2026,10:39:52,47.62095,-52.73524,138.0,1.0,SKT-4015,,1.0,1.0,GPAO
05/03/2026,10:39:59,47.62095,-52.73524,137.0,1.0,SKT-4015,,1.0,1.0,GPAO
05/03/2026,10:40:06,47.62094,-52.73524,138.0,1.0,SKT-4015,,1.0,1.0,GPAO
05/03/2026,10:40:13,47.62095,-52.73524,138.0,1.0,SKT-4015,,1.0,1.0,GPAO
05/03/2026,10:40:20,47.62095,-52.73523,137.0,1.0,SKT-4015,,1.0,1.0,GPAO
05/03/2026,10:40:35,47.62094,-52.73523,137.0,1.0,SKT-4015,,1.0,1.0,GPAO
05/03/2026,10:40:42,47.62095,-52.73524,136.0,1.0,SKT-4015,,1.0,1.0,GPAO
05/03/2026,10:40:49,47.62094,-52.73523,136.0,1.0,SKT-4015,,1.0,1.0,GPAO
05/03/2026,10:40:56,47.62094,-52.73523,136.0,1.0,SKT-4015,,1.0,1.0,GPAO
05/03/2026,10:41:03,47.62094,-52.73524,136.0,1.0,SKT-4015,,1.0,1.0,GPAO
05/03/2026,10:41:10,47.62094,-52.73524,136.0,1.0,SKT-4015,,1.0,1.0,GPAO
05/03/2026,10:41:18,47.62094,-52.73524,137.0,1.0,SKT-4015,,1.0,1.0,GPAO
05/03/2026,10:41:25,47.62094,-52.73524,137.0,1.0,SKT-4015,,1.0,1.0,GPAO
05/03/2026,10:41:32,47.62095,-52.73524,137.0,1.0,SKT-4015,,1.0,1.0,GPAO
05/03/2026,10:41:39,47.62095,-52.73524,137.0,1.0,SKT-4015,,1.0,1.0,GPAO
05/03/2026,10:41:46,47.62094,-52.73524,137.0,1.0,SKT-4015,,1.0,1.0,GPAO
05/03/2026,10:41:53,47.62094,-52.73524,136.0,1.0,SKT-4015,,1.0,1.0,GPAO
05/03/2026,10:42:01,47.62094,-52.73524,136.0,1.0,SKT-4015,,1.0,1.0,GPAO
05/03/2026,10:42:08,47.62094,-52.73524,137.0,1.0,SKT-4015,,1.0,1.0,GPAO
05/03/2026,10:42:15,47.62094,-52.73524,137.0,1.0,SKT-4015,,1.0,1.0,GPAO
05/03/2026,10:42:22,47.62094,-52.73524,136.0,1.0,SKT-4015,,1.0,1.0,GPAO
05/03/2026,10:42:29,47.62094,-52.73524,136.0,1.0,SKT-4015,,1.0,1.0,GPAO
05/03/2026,10:42:37,47.62094,-52.73524,136.0,1.0,SKT-4015,,1.0,1.0,GPAO
05/03/2026,10:42:44,47.62094,-52.73524,136.0,1.0,SKT-4015,,1.0,1.0,GPAO
05/03/2026,10:42:51,47.62094,-52.73524,136.0,1.0,SKT-4015,,1.0,1.0,GPAO
05/03/2026,10:42:59,47.62094,-52.73524,136.0,1.0,SKT-4015,,1.0,1.0,GPAO
05/03/2026,10:43:07,47.62094,-52.73524,136.0,1.0,SKT-4015,,1.0,1.0,GPAO
05/03/2026,10:43:15,47.62094,-52.73525,136.0,1.0,SKT-4015,,1.0,1.0,GPAO
05/03/2026,10:43:22,47.62094,-52.73524,135.0,1.0,SKT-4015,,1.0,1.0,GPAO
05/03/2026,10:43:30,47.62094,-52.73524,134.0,1.0,SKT-4015,,1.0,1.0,GPAO
05/03/2026,10:43:37,47.62094,-52.73525,134.0,1.0,SKT-4015,,1.0,1.0,GPAO
05/03/2026,10:43:44,47.62094,-52.73525,135.0,1.0,SKT-4015,,1.0,1.0,GPAO
05/03/2026,10:43:53,47.62093,-52.73525,135.0,1.0,SKT-4015,,1.0,1.0,GPAO
05/03/2026,10:44:00,47.62093,-52.73525,134.0,1.0,SKT-4015,,1.0,1.0,GPAO
05/03/2026,10:44:07,47.62093,-52.73525,134.0,1.0,SKT-4015,,1.0,1.0,GPAO
05/03/2026,10:44:14,47.62093,-52.73525,134.0,1.0,SKT-4015,,1.0,1.0,GPAO
05/03/2026,10:44:21,47.62093,-52.73524,134.0,1.0,SKT-4015,,1.0,1.0,GPAO
05/03/2026,10:44:29,47.62093,-52.73524,134.0,1.0,SKT-4015,,1.0,1.0,GPAO
05/03/2026,10:44:36,47.62093,-52.73525,134.0,1.0,SKT-4015,,1.0,1.0,GPAO
05/03/2026,10:44:43,47.62093,-52.73525,135.0,1.0,SKT-4015,,1.0,1.0,GPAO
05/03/2026,10:44:50,47.62093,-52.73526,135.0,1.0,SKT-4015,,1.0,1.0,GPAO
05/03/2026,10:44:57,47.62093,-52.73526,135.0,1.0,SKT-4015,,1.0,1.0,GPAO
05/03/2026,10:45:05,47.62093,-52.73526,136.0,1.0,SKT-4015,,1.0,1.0,GPAO
05/03/2026,10:45:12,47.62093,-52.73526,137.0,1.0,SKT-4015,,1.0,1.0,GPAO
05/03/2026,10:45:19,47.62094,-52.73526,137.0,1.0,SKT-4015,,1.0,1.0,GPAO
05/03/2026,10:45:27,47.62094,-52.73525,136.0,1.0,SKT-4015,,1.0,1.0,GPAO
05/03/2026,10:45:34,47.62094,-52.73525,136.0,1.0,SKT-4015,,1.0,1.0,GPAO
05/03/2026,10:45:41,47.62095,-52.73525,136.0,1.0,SKT-4015,,1.0,1.0,GPAO
05/03/2026,10:45:48,47.62095,-52.73525,136.0,1.0,SKT-4015,,1.0,1.0,GPAO
05/03/2026,10:45:55,47.62095,-52.73525,136.0,1.0,SKT-4015,,1.0,1.0,GPAO
05/03/2026,10:46:03,47.62095,-52.73525,136.0,1.0,SKT-4015,,1.0,1.0,GPAO
05/03/2026,10:46:10,47.62094,-52.73525,136.0,1.0,SKT-4015,,1.0,1.0,GPAO
05/03/2026,10:46:18,47.62094,-52.73525,135.0,1.0,SKT-4015,,1.0,1.0,GPAO
05/03/2026,10:46:25,47.62094,-52.73524,135.0,1.0,SKT-4015,,1.0,1.0,GPAO
05/03/2026,10:46:32,47.62094,-52.73524,134.0,1.0,SKT-4015,,1.0,1.0,GPAO
05/03/2026,10:46:40,47.62094,-52.73524,134.0,1.0,SKT-4015,,1.0,1.0,GPAO
05/03/2026,10:46:48,47.62094,-52.73525,134.0,1.0,SKT-4015,,1.0,0.0,GPAO
05/03/2026,10:46:55,47.62094,-52.73524,134.0,1.0,SKT-4015,,1.0,1.0,GPAO
05/03/2026,10:47:02,47.62094,-52.73525,134.0,1.0,SKT-4015,,1.0,1.0,GPAO
05/03/2026,10:47:09,47.62094,-52.73525,134.0,1.0,SKT-4015,,1.0,1.0,GPAO
05/03/2026,10:47:17,47.62094,-52.73525,134.0,1.0,SKT-4015,,1.0,1.0,GPAO
05/03/2026,10:47:24,47.62094,-52.73525,135.0,1.0,SKT-4015,,1.0,1.0,GPAO
05/03/2026,10:47:31,47.62094,-52.73524,135.0,1.0,SKT-4015,,1.0,1.0,GPAO
05/03/2026,10:47:38,47.62094,-52.73524,134.0,1.0,SKT-4015,,1.0,1.0,GPAO
05/03/2026,10:47:45,47.62094,-52.73524,134.0,1.0,SKT-4015,,1.0,1.0,GPAO
05/03/2026,10:47:53,47.62093,-52.73524,134.0,1.0,SKT-4015,,1.0,1.0,GPAO
05/03/2026,10:48:00,47.62093,-52.73524,134.0,1.0,SKT-4015,,1.0,1.0,GPAO
05/03/2026,10:48:07,47.62093,-52.73525,134.0,1.0,SKT-4015,,1.0,1.0,GPAO
05/03/2026,10:48:14,47.62094,-52.73525,133.0,1.0,SKT-4015,,1.0,1.0,GPAO
05/03/2026,10:48:23,47.62094,-52.73525,133.0,1.0,SKT-4015,,1.0,1.0,GPAO
05/03/2026,10:48:30,47.62094,-52.73525,134.0,1.0,SKT-4015,,1.0,1.0,GPAO
05/03/2026,10:48:38,47.62094,-52.73525,134.0,1.0,SKT-4015,,1.0,1.0,GPAO
05/03/2026,10:48:45,47.62094,-52.73525,135.0,1.0,SKT-4015,,1.0,1.0,GPAO
05/03/2026,10:48:52,47.62094,-52.73525,135.0,1.0,SKT-4015,,1.0,1.0,GPAO
05/03/2026,10:48:59,47.62094,-52.73524,135.0,1.0,SKT-4015,,1.0,1.0,GPAO
05/03/2026,10:49:07,47.62094,-52.73525,135.0,1.0,SKT-4015,,1.0,1.0,GPAO
05/03/2026,10:49:14,47.62095,-52.73525,134.0,1.0,SKT-4015,,1.0,1.0,GPAO
05/03/2026,10:49:21,47.62095,-52.73525,133.0,1.0,SKT-4015,,1.0,1.0,GPAO
05/03/2026,10:49:28,47.62095,-52.73525,133.0,1.0,SKT-4015,,1.0,1.0,GPAO
05/03/2026,10:49:35,47.62095,-52.73525,133.0,1.0,SKT-4015,,1.0,1.0,GPAO
05/03/2026,10:49:42,47.62095,-52.73525,133.0,1.0,SKT-4015,,1.0,1.0,GPAO
05/03/2026,10:49:50,47.62095,-52.73525,133.0,1.0,SKT-4015,,1.0,1.0,GPAO
05/03/2026,10:49:57,47.62094,-52.73525,133.0,1.0,SKT-4015,,1.0,1.0,GPAO
05/03/2026,10:50:05,47.62094,-52.73525,134.0,1.0,SKT-4015,,1.0,1.0,GPAO
05/03/2026,10:50:12,47.62094,-52.73525,134.0,1.0,SKT-4015,,1.0,1.0,GPAO
05/03/2026,10:50:19,47.62093,-52.73525,135.0,1.0,SKT-4015,,1.0,1.0,GPAO
05/03/2026,10:50:26,47.62094,-52.73525,135.0,1.0,SKT-4015,,1.0,1.0,GPAO
05/03/2026,10:50:34,47.62094,-52.73525,134.0,1.0,SKT-4015,,1.0,1.0,GPAO
05/03/2026,10:50:41,47.62094,-52.73526,134.0,1.0,SKT-4015,,1.0,1.0,GPAO
05/03/2026,10:50:48,47.62094,-52.73526,133.0,1.0,SKT-4015,,1.0,1.0,GPAO
05/03/2026,10:50:55,47.62094,-52.73526,133.0,1.0,SKT-4015,,1.0,1.0,GPAO
05/03/2026,10:51:02,47.62094,-52.73526,133.0,1.0,SKT-4015,,1.0,1.0,GPAO
05/03/2026,10:51:09,47.62094,-52.73526,134.0,1.0,SKT-4015,,1.0,1.0,GPAO
05/03/2026,10:51:17,47.62094,-52.73526,135.0,1.0,SKT-4015,,1.0,1.0,GPAO
05/03/2026,10:51:24,47.62094,-52.73526,136.0,1.0,SKT-4015,,1.0,1.0,GPAO
05/03/2026,10:51:31,47.62094,-52.73525,135.0,1.0,SKT-4015,,1.0,1.0,GPAO
05/03/2026,10:51:38,47.62094,-52.73525,135.0,1.0,SKT-4015,,1.0,1.0,GPAO
05/03/2026,10:51:45,47.62094,-52.73525,135.0,1.0,SKT-4015,,1.0,1.0,GPAO
05/03/2026,10:51:52,47.62095,-52.73525,135.0,1.0,SKT-4015,,1.0,1.0,GPAO
05/03/2026,10:52:00,47.62095,-52.73526,134.0,1.0,SKT-4015,,1.0,1.0,GPAO
05/03/2026,10:52:07,47.62095,-52.73526,134.0,1.0,SKT-4015,,1.0,1.0,GPAO
05/03/2026,11:58:28,47.61754,-52.736,144.0,1.0,SKT-4015,,1.0,0.0,GPAO
05/03/2026,11:58:36,47.61754,-52.736,144.0,1.0,SKT-4015,,1.0,0.0,GPAO
05/03/2026,11:58:45,47.61754,-52.73599,145.0,1.0,SKT-4015,,1.0,0.0,GPAO
05/03/2026,11:58:53,47.61755,-52.73599,145.0,1.0,SKT-4015,,1.0,0.0,GPAO
05/03/2026,11:59:02,47.61754,-52.73598,147.0,1.0,SKT-4015,,1.0,0.0,GPAO
05/03/2026,11:59:11,47.61754,-52.73598,147.0,1.0,SKT-4015,,1.0,0.0,GPAO
05/03/2026,11:59:19,47.61754,-52.73598,147.0,1.0,SKT-4015,,1.0,0.0,GPAO
05/03/2026,11:59:27,47.61754,-52.73598,147.0,1.0,SKT-4015,,1.0,0.0,GPAO
05/03/2026,11:59:35,47.61754,-52.73598,147.0,1.0,SKT-4015,,1.0,0.0,GPAO
05/03/2026,11:59:43,47.61754,-52.73598,148.0,1.0,SKT-4015,,1.0,0.0,GPAO
05/03/2026,11:59:51,47.61754,-52.73598,148.0,1.0,SKT-4015,,1.0,0.0,GPAO
05/03/2026,11:59:59,47.61754,-52.73598,148.0,1.0,SKT-4015,,1.0,0.0,GPAO
05/03/2026,12:00:07,47.61754,-52.73598,148.0,1.0,SKT-4015,,1.0,0.0,GPAO
05/03/2026,12:00:15,47.61754,-52.73598,147.0,1.0,SKT-4015,,1.0,0.0,GPAO
05/03/2026,12:00:23,47.61753,-52.73597,148.0,1.0,SKT-4015,,1.0,0.0,GPAO
05/03/2026,12:00:31,47.61754,-52.73598,148.0,1.0,SKT-4015,,1.0,0.0,GPAO
05/03/2026,12:00:40,47.61753,-52.73598,148.0,1.0,SKT-4015,,1.0,0.0,GPAO
05/03/2026,12:00:48,47.61753,-52.73598,148.0,1.0,SKT-4015,,1.0,0.0,GPAO
05/03/2026,12:00:56,47.61753,-52.73598,147.0,1.0,SKT-4015,,1.0,0.0,GPAO
05/03/2026,12:01:04,47.61753,-52.73598,147.0,1.0,SKT-4015,,1.0,0.0,GPAO
05/03/2026,12:01:12,47.61754,-52.73598,147.0,1.0,SKT-4015,,1.0,0.0,GPAO
05/03/2026,12:01:20,47.61754,-52.73598,147.0,1.0,SKT-4015,,1.0,0.0,GPAO
05/03/2026,12:01:29,47.61754,-52.73598,147.0,1.0,SKT-4015,,1.0,0.0,GPAO
05/03/2026,12:01:37,47.61754,-52.73598,146.0,1.0,SKT-4015,,1.0,0.0,GPAO
05/03/2026,12:01:46,47.61754,-52.73598,147.0,1.0,SKT-4015,,1.0,0.0,GPAO
05/03/2026,12:01:54,47.61754,-52.73598,146.0,1.0,SKT-4015,,1.0,0.0,GPAO
05/03/2026,10:56:26,,,,,SKT-4015,,1.0,0.0,GPAO
05/03/2026,12:02:12,47.61754,-52.73598,146.0,1.0,SKT-4015,,1.0,0.0,GPAO
05/03/2026,12:02:20,47.61754,-52.73598,145.0,1.0,SKT-4015,,1.0,0.0,GPAO
05/03/2026,12:02:28,47.61754,-52.73598,145.0,1.0,SKT-4015,,1.0,0.0,GPAO
05/03/2026,12:02:36,47.61754,-52.73598,145.0,1.0,SKT-4015,,1.0,1.0,GPAO
05/03/2026,12:02:44,47.61754,-52.73598,146.0,1.0,SKT-4015,,1.0,1.0,GPAO
05/03/2026,12:03:07,47.61754,-52.73598,145.0,1.0,SKT-4015,,1.0,1.0,GPAO
05/03/2026,12:03:14,47.61754,-52.73598,146.0,1.0,SKT-4015,,1.0,1.0,GPAO
05/03/2026,12:03:21,47.61754,-52.73598,145.0,1.0,SKT-4015,,1.0,1.0,GPAO
05/03/2026,12:03:33,,,,,SKT-4015,,1.0,0.0,GPAO
05/03/2026,12:03:39,47.61754,-52.73598,145.0,1.0,SKT-4015,,1.0,1.0,GPAO
05/03/2026,12:03:47,47.61754,-52.73598,145.0,1.0,SKT-4015,,1.0,1.0,GPAO
05/03/2026,12:03:54,47.61754,-52.73598,145.0,1.0,SKT-4015,,1.0,1.0,GPAO
05/03/2026,12:04:03,47.61755,-52.73598,145.0,1.0,SKT-4015,,1.0,0.0,GPAO
05/03/2026,12:04:12,47.61755,-52.73598,145.0,1.0,SKT-4015,,1.0,1.0,GPAO
05/03/2026,12:04:20,47.61755,-52.73598,145.0,1.0,SKT-4015,,1.0,1.0,GPAO
05/03/2026,12:04:27,47.61755,-52.73599,145.0,1.0,SKT-4015,,1.0,1.0,GPAO
05/03/2026,12:04:35,47.61755,-52.73599,146.0,1.0,SKT-4015,,1.0,1.0,GPAO
05/03/2026,12:04:42,47.61755,-52.73599,146.0,1.0,SKT-4015,,1.0,1.0,GPAO
05/03/2026,12:04:50,47.61755,-52.73599,146.0,1.0,SKT-4015,,1.0,1.0,GPAO
05/03/2026,12:04:57,47.61755,-52.73599,147.0,1.0,SKT-4015,,1.0,1.0,GPAO
05/03/2026,12:05:04,47.61755,-52.736,147.0,1.0,SKT-4015,,1.0,1.0,GPAO
05/03/2026,12:05:12,47.61755,-52.736,148.0,1.0,SKT-4015,,1.0,1.0,GPAO
05/03/2026,12:05:20,47.61755,-52.736,148.0,1.0,SKT-4015,,1.0,1.0,GPAO
05/03/2026,12:05:28,47.61754,-52.736,148.0,1.0,SKT-4015,,1.0,1.0,GPAO
05/03/2026,12:05:35,47.61754,-52.736,148.0,1.0,SKT-4015,,1.0,1.0,GPAO
05/03/2026,12:05:42,47.61754,-52.736,149.0,1.0,SKT-4015,,1.0,1.0,GPAO
05/03/2026,12:05:51,47.61754,-52.736,149.0,1.0,SKT-4015,,1.0,1.0,GPAO
05/03/2026,12:05:58,47.61754,-52.736,148.0,1.0,SKT-4015,,1.0,1.0,GPAO
05/03/2026,12:06:05,47.61754,-52.736,148.0,1.0,SKT-4015,,1.0,1.0,GPAO
05/03/2026,12:06:13,47.61754,-52.736,149.0,1.0,SKT-4015,,1.0,1.0,GPAO
05/03/2026,12:06:21,47.61754,-52.736,148.0,1.0,SKT-4015,,1.0,1.0,GPAO
05/03/2026,12:06:28,47.61754,-52.736,148.0,1.0,SKT-4015,,1.0,1.0,GPAO
05/03/2026,12:06:35,47.61754,-52.736,149.0,1.0,SKT-4015,,1.0,1.0,GPAO
05/03/2026,12:06:43,47.61754,-52.736,149.0,1.0,SKT-4015,,1.0,1.0,GPAO
05/03/2026,12:06:50,47.61753,-52.736,148.0,1.0,SKT-4015,,1.0,1.0,GPAO
05/03/2026,12:06:57,47.61753,-52.736,149.0,1.0,SKT-4015,,1.0,1.0,GPAO
05/03/2026,12:07:04,47.61753,-52.736,149.0,1.0,SKT-4015,,1.0,1.0,GPAO
05/03/2026,12:07:12,47.61753,-52.73601,149.0,1.0,SKT-4015,,1.0,1.0,GPAO
05/03/2026,12:07:19,47.61753,-52.736,149.0,1.0,SKT-4015,,1.0,1.0,GPAO
05/03/2026,12:07:26,47.61753,-52.736,149.0,1.0,SKT-4015,,1.0,1.0,GPAO
05/03/2026,12:07:34,47.61753,-52.736,149.0,1.0,SKT-4015,,1.0,1.0,GPAO
05/03/2026,12:07:41,47.61753,-52.736,149.0,1.0,SKT-4015,,1.0,1.0,GPAO
05/03/2026,12:07:48,47.61753,-52.736,149.0,1.0,SKT-4015,,1.0,1.0,GPAO
05/03/2026,12:07:55,47.61753,-52.736,149.0,1.0,SKT-4015,,1.0,1.0,GPAO
05/03/2026,12:08:03,47.61753,-52.736,149.0,1.0,SKT-4015,,1.0,1.0,GPAO
05/03/2026,12:08:10,47.61753,-52.736,149.0,1.0,SKT-4015,,1.0,1.0,GPAO
05/03/2026,12:08:18,47.61753,-52.73601,150.0,1.0,SKT-4015,,1.0,1.0,GPAO
05/03/2026,12:08:25,47.61753,-52.73601,150.0,1.0,SKT-4015,,1.0,1.0,GPAO
05/03/2026,12:08:37,,,,,SKT-4015,,1.0,1.0,GPAO
05/03/2026,12:08:43,47.61754,-52.73601,150.0,1.0,SKT-4015,,1.0,1.0,GPAO
05/03/2026,12:08:54,,,,,SKT-4015,,1.0,1.0,GPAO
05/03/2026,12:09:00,47.61754,-52.73601,148.0,1.0,SKT-4015,,1.0,1.0,GPAO
05/03/2026,12:09:07,47.61754,-52.73601,148.0,1.0,SKT-4015,,1.0,1.0,GPAO
05/03/2026,12:09:15,47.61754,-52.73601,148.0,1.0,SKT-4015,,1.0,1.0,GPAO
05/03/2026,12:09:22,47.61754,-52.73601,147.0,1.0,SKT-4015,,1.0,1.0,GPAO
05/03/2026,12:09:29,47.61754,-52.736,147.0,1.0,SKT-4015,,1.0,1.0,GPAO
05/03/2026,12:09:36,47.61754,-52.736,147.0,1.0,SKT-4015,,1.0,1.0,GPAO
05/03/2026,12:09:44,47.61754,-52.736,147.0,1.0,SKT-4015,,1.0,1.0,GPAO
05/03/2026,12:09:52,47.61754,-52.736,147.0,1.0,SKT-4015,,1.0,1.0,GPAO
05/03/2026,12:09:59,47.61754,-52.736,147.0,1.0,SKT-4015,,1.0,1.0,GPAO
05/03/2026,12:10:06,47.61754,-52.736,147.0,1.0,SKT-4015,,1.0,1.0,GPAO
05/03/2026,12:10:14,47.61754,-52.736,147.0,1.0,SKT-4015,,1.0,1.0,GPAO
05/03/2026,12:10:21,47.61754,-52.736,146.0,1.0,SKT-4015,,1.0,1.0,GPAO
05/03/2026,12:10:29,47.61754,-52.736,146.0,1.0,SKT-4015,,1.0,1.0,GPAO
05/03/2026,12:10:38,47.61754,-52.736,147.0,1.0,SKT-4015,,1.0,1.0,GPAO
05/03/2026,12:10:45,47.61754,-52.736,147.0,1.0,SKT-4015,,1.0,1.0,GPAO
05/03/2026,12:10:53,47.61754,-52.736,147.0,1.0,SKT-4015,,1.0,1.0,GPAO
05/03/2026,12:11:01,47.61754,-52.736,147.0,1.0,SKT-4015,,1.0,1.0,GPAO
05/03/2026,12:11:09,47.61754,-52.73601,148.0,1.0,SKT-4015,,1.0,1.0,GPAO
05/03/2026,12:11:16,47.61754,-52.73601,148.0,1.0,SKT-4015,,1.0,1.0,GPAO
05/03/2026,12:11:24,47.61754,-52.736,148.0,1.0,SKT-4015,,1.0,1.0,GPAO
05/03/2026,12:11:32,47.61754,-52.736,148.0,1.0,SKT-4015,,1.0,1.0,GPAO
05/03/2026,12:11:40,47.61754,-52.736,149.0,1.0,SKT-4015,,1.0,1.0,GPAO
05/03/2026,12:11:47,47.61754,-52.736,149.0,1.0,SKT-4015,,1.0,1.0,GPAO
05/03/2026,12:11:55,47.61754,-52.736,149.0,1.0,SKT-4015,,1.0,1.0,GPAO
05/03/2026,12:12:02,47.61754,-52.736,149.0,1.0,SKT-4015,,1.0,1.0,GPAO
05/03/2026,12:12:09,47.61754,-52.736,149.0,1.0,SKT-4015,,1.0,1.0,GPAO
05/03/2026,12:12:16,47.61754,-52.736,149.0,1.0,SKT-4015,,1.0,1.0,GPAO
05/03/2026,12:12:24,47.61754,-52.736,150.0,1.0,SKT-4015,,1.0,1.0,GPAO
05/03/2026,12:12:31,47.61754,-52.736,150.0,1.0,SKT-4015,,1.0,1.0,GPAO
05/03/2026,12:12:39,47.61754,-52.736,151.0,1.0,SKT-4015,,1.0,1.0,GPAO
05/03/2026,12:12:47,47.61754,-52.736,152.0,1.0,SKT-4015,,1.0,1.0,GPAO
05/03/2026,12:12:55,47.61754,-52.736,151.0,1.0,SKT-4015,,1.0,1.0,GPAO
05/03/2026,12:13:02,47.61754,-52.736,151.0,1.0,SKT-4015,,1.0,1.0,GPAO
05/03/2026,12:13:10,47.61754,-52.736,151.0,1.0,SKT-4015,,1.0,1.0,GPAO
05/03/2026,12:13:17,47.61754,-52.736,151.0,1.0,SKT-4015,,1.0,1.0,GPAO
05/03/2026,12:13:25,47.61754,-52.736,150.0,1.0,SKT-4015,,1.0,1.0,GPAO
05/03/2026,12:13:32,47.61754,-52.736,150.0,1.0,SKT-4015,,1.0,1.0,GPAO
05/03/2026,12:13:39,47.61754,-52.736,150.0,1.0,SKT-4015,,1.0,1.0,GPAO
05/03/2026,12:13:46,47.61754,-52.736,151.0,1.0,SKT-4015,,1.0,1.0,GPAO
05/03/2026,12:13:54,47.61753,-52.736,151.0,1.0,SKT-4015,,1.0,1.0,GPAO
05/03/2026,12:14:01,47.61753,-52.736,151.0,1.0,SKT-4015,,1.0,1.0,GPAO
05/03/2026,12:14:08,47.61754,-52.736,152.0,1.0,SKT-4015,,1.0,1.0,GPAO
05/03/2026,12:14:16,47.61754,-52.736,152.0,1.0,SKT-4015,,1.0,1.0,GPAO
05/03/2026,12:14:23,47.61754,-52.736,152.0,1.0,SKT-4015,,1.0,1.0,GPAO
05/03/2026,12:14:30,47.61754,-52.736,152.0,1.0,SKT-4015,,1.0,1.0,GPAO
05/03/2026,12:14:37,47.61754,-52.736,152.0,1.0,SKT-4015,,1.0,1.0,GPAO
05/03/2026,12:14:45,47.61755,-52.736,152.0,1.0,SKT-4015,,1.0,1.0,GPAO
05/03/2026,12:14:52,47.61755,-52.736,152.0,1.0,SKT-4015,,1.0,1.0,GPAO
05/03/2026,12:14:59,47.61755,-52.736,152.0,1.0,SKT-4015,,1.0,1.0,GPAO
05/03/2026,12:15:07,47.61755,-52.736,153.0,1.0,SKT-4015,,1.0,1.0,GPAO
05/03/2026,12:15:15,47.61755,-52.736,153.0,1.0,SKT-4015,,1.0,1.0,GPAO
05/03/2026,12:15:23,47.61755,-52.736,153.0,1.0,SKT-4015,,1.0,1.0,GPAO
05/03/2026,12:15:30,47.61755,-52.736,153.0,1.0,SKT-4015,,1.0,1.0,GPAO
05/03/2026,12:15:37,47.61755,-52.736,153.0,1.0,SKT-4015,,1.0,1.0,GPAO
05/03/2026,12:15:44,47.61755,-52.73599,153.0,1.0,SKT-4015,,1.0,1.0,GPAO
05/03/2026,12:15:52,47.61755,-52.736,153.0,1.0,SKT-4015,,1.0,1.0,GPAO
05/03/2026,12:15:59,47.61755,-52.736,153.0,1.0,SKT-4015,,1.0,1.0,GPAO
05/03/2026,12:16:06,47.61755,-52.736,154.0,1.0,SKT-4015,,1.0,1.0,GPAO
05/03/2026,12:16:14,47.61755,-52.736,154.0,1.0,SKT-4015,,1.0,1.0,GPAO
05/03/2026,12:16:22,47.61755,-52.736,154.0,1.0,SKT-4015,,1.0,1.0,GPAO
05/03/2026,12:16:30,47.61755,-52.736,154.0,1.0,SKT-4015,,1.0,1.0,GPAO
05/03/2026,12:16:39,,,,,SKT-4015,,1.0,1.0,GPAO
05/03/2026,12:16:46,47.61755,-52.736,153.0,1.0,SKT-4015,,1.0,1.0,GPAO
05/03/2026,12:16:54,47.61755,-52.736,153.0,1.0,SKT-4015,,1.0,1.0,GPAO
05/03/2026,12:17:01,47.61755,-52.736,153.0,1.0,SKT-4015,,1.0,1.0,GPAO
05/03/2026,12:17:09,47.61755,-52.736,153.0,1.0,SKT-4015,,1.0,1.0,GPAO
05/03/2026,12:17:16,47.61755,-52.736,154.0,1.0,SKT-4015,,1.0,1.0,GPAO
05/03/2026,12:17:23,47.61755,-52.736,154.0,1.0,SKT-4015,,1.0,1.0,GPAO
05/03/2026,12:17:31,47.61755,-52.736,155.0,1.0,SKT-4015,,1.0,1.0,GPAO
05/03/2026,12:17:39,47.61755,-52.736,155.0,1.0,SKT-4015,,1.0,1.0,GPAO
05/03/2026,12:17:46,47.61755,-52.736,154.0,1.0,SKT-4015,,1.0,1.0,GPAO
05/03/2026,12:17:53,47.61755,-52.736,154.0,1.0,SKT-4015,,1.0,1.0,GPAO
05/03/2026,12:18:01,47.61755,-52.736,154.0,1.0,SKT-4015,,1.0,1.0,GPAO
05/03/2026,12:18:09,47.61755,-52.736,154.0,1.0,SKT-4015,,1.0,1.0,GPAO
05/03/2026,12:18:19,47.61755,-52.736,154.0,1.0,SKT-4015,,1.0,1.0,GPAO
05/03/2026,12:18:27,47.61755,-52.736,154.0,1.0,SKT-4015,,1.0,1.0,GPAO
05/03/2026,12:18:34,47.61755,-52.736,154.0,1.0,SKT-4015,,1.0,1.0,GPAO
05/03/2026,12:18:41,47.61755,-52.736,154.0,1.0,SKT-4015,,1.0,1.0,GPAO
05/03/2026,12:18:48,47.61755,-52.736,153.0,1.0,SKT-4015,,1.0,1.0,GPAO
05/03/2026,12:18:56,47.61755,-52.736,153.0,1.0,SKT-4015,,1.0,1.0,GPAO
05/03/2026,12:19:04,47.61755,-52.73599,153.0,1.0,SKT-4015,,1.0,1.0,GPAO
05/03/2026,12:19:11,47.61755,-52.73599,152.0,1.0,SKT-4015,,1.0,1.0,GPAO
05/03/2026,12:19:18,47.61755,-52.73599,153.0,1.0,SKT-4015,,1.0,1.0,GPAO
05/03/2026,12:19:26,47.61755,-52.73599,152.0,1.0,SKT-4015,,1.0,1.0,GPAO
05/03/2026,12:19:35,47.61755,-52.73599,153.0,1.0,SKT-4015,,1.0,1.0,GPAO
05/03/2026,12:19:43,47.61755,-52.73599,153.0,1.0,SKT-4015,,1.0,1.0,GPAO
05/03/2026,12:19:50,47.61755,-52.73599,153.0,1.0,SKT-4015,,1.0,1.0,GPAO
05/03/2026,12:19:57,47.61755,-52.73599,152.0,1.0,SKT-4015,,1.0,1.0,GPAO
05/03/2026,12:20:04,47.61755,-52.73599,152.0,1.0,SKT-4015,,1.0,1.0,GPAO
05/03/2026,12:20:13,47.61755,-52.73599,152.0,1.0,SKT-4015,,1.0,1.0,GPAO
05/03/2026,12:20:21,47.61754,-52.73599,152.0,1.0,SKT-4015,,1.0,1.0,GPAO
05/03/2026,12:20:29,47.61754,-52.73599,152.0,1.0,SKT-4015,,1.0,1.0,GPAO
05/03/2026,12:20:36,47.61754,-52.73599,152.0,1.0,SKT-4015,,1.0,1.0,GPAO
05/03/2026,12:20:43,47.61754,-52.73599,152.0,1.0,SKT-4015,,1.0,1.0,GPAO
05/03/2026,12:20:51,47.61754,-52.736,151.0,1.0,SKT-4015,,1.0,1.0,GPAO
05/03/2026,12:20:59,47.61754,-52.73599,151.0,1.0,SKT-4015,,1.0,1.0,GPAO
05/03/2026,12:21:06,47.61754,-52.73599,151.0,1.0,SKT-4015,,1.0,1.0,GPAO
05/03/2026,12:21:13,47.61754,-52.73599,152.0,1.0,SKT-4015,,1.0,1.0,GPAO
05/03/2026,12:21:21,47.61754,-52.73598,152.0,1.0,SKT-4015,,1.0,1.0,GPAO
05/03/2026,12:21:28,47.61754,-52.73598,153.0,1.0,SKT-4015,,1.0,1.0,GPAO
05/03/2026,12:21:37,47.61754,-52.73598,153.0,1.0,SKT-4015,,1.0,0.0,GPAO
05/03/2026,12:21:46,47.61754,-52.73598,154.0,1.0,SKT-4015,,1.0,1.0,GPAO
05/03/2026,12:21:54,47.61754,-52.73598,154.0,1.0,SKT-4015,,1.0,1.0,GPAO
05/03/2026,12:22:01,47.61755,-52.73599,154.0,1.0,SKT-4015,,1.0,1.0,GPAO
05/03/2026,12:22:08,47.61754,-52.73599,153.0,1.0,SKT-4015,,1.0,1.0,GPAO
05/03/2026,12:22:15,47.61754,-52.73599,153.0,1.0,SKT-4015,,1.0,1.0,GPAO
05/03/2026,12:22:23,47.61754,-52.73598,152.0,1.0,SKT-4015,,1.0,1.0,GPAO
05/03/2026,12:22:30,47.61754,-52.73598,152.0,1.0,SKT-4015,,1.0,1.0,GPAO
05/03/2026,12:22:37,47.61755,-52.73599,152.0,1.0,SKT-4015,,1.0,1.0,GPAO
05/03/2026,12:22:44,47.61758,-52.73606,152.0,1.0,SKT-4015,,1.0,1.0,GPAO
05/03/2026,12:22:52,47.61764,-52.73625,152.0,1.0,SKT-4015,,1.0,1.0,GPAO
05/03/2026,12:22:59,47.61771,-52.73646,153.0,1.0,SKT-4015,,1.0,1.0,GPAO
05/03/2026,12:23:07,47.61786,-52.73669,152.0,1.0,SKT-4015,,1.0,1.0,GPAO
05/03/2026,12:23:15,47.61814,-52.73681,152.0,1.0,SKT-4015,,1.0,1.0,GPAO
05/03/2026,12:23:23,47.61845,-52.73684,152.0,1.0,SKT-4015,,1.0,1.0,GPAO
05/03/2026,12:23:30,47.61874,-52.73687,152.0,1.0,SKT-4015,,1.0,1.0,GPAO
05/03/2026,12:23:37,47.61906,-52.7369,152.0,1.0,SKT-4015,,1.0,1.0,GPAO
05/03/2026,12:23:44,47.61939,-52.73693,152.0,1.0,SKT-4015,,1.0,1.0,GPAO
05/03/2026,12:23:52,47.61979,-52.73697,152.0,1.0,SKT-4015,,1.0,1.0,GPAO
05/03/2026,12:23:59,47.62014,-52.73701,152.0,1.0,SKT-4015,,1.0,1.0,GPAO
05/03/2026,12:24:07,47.62055,-52.73704,152.0,1.0,SKT-4015,,1.0,1.0,GPAO
05/03/2026,12:24:16,47.62103,-52.73709,152.0,1.0,SKT-4015,,1.0,1.0,GPAO
05/03/2026,12:24:23,47.6214,-52.73713,152.0,1.0,SKT-4015,,1.0,1.0,GPAO
05/03/2026,12:24:31,47.62183,-52.73717,152.0,1.0,SKT-4015,,1.0,1.0,GPAO
05/03/2026,12:24:38,47.6222,-52.73721,152.0,1.0,SKT-4015,,1.0,1.0,GPAO
05/03/2026,12:24:45,47.62254,-52.73725,153.0,1.0,SKT-4015,,1.0,1.0,GPAO
05/03/2026,12:24:53,47.62275,-52.73728,153.0,1.0,SKT-4015,,1.0,1.0,GPAO
05/03/2026,12:25:00,47.62292,-52.7373,153.0,1.0,SKT-4015,,1.0,1.0,GPAO
05/03/2026,12:25:07,47.62322,-52.73745,153.0,1.0,SKT-4015,,1.0,1.0,GPAO
05/03/2026,12:25:14,47.62349,-52.73782,154.0,1.0,SKT-4015,,1.0,1.0,GPAO
05/03/2026,12:25:22,47.6238,-52.73828,154.0,1.0,SKT-4015,,1.0,1.0,GPAO
05/03/2026,12:25:29,47.62407,-52.7387,155.0,1.0,SKT-4015,,1.0,1.0,GPAO
05/03/2026,12:25:36,47.62436,-52.73911,156.0,1.0,SKT-4015,,1.0,1.0,GPAO
05/03/2026,12:25:44,47.62476,-52.73938,157.0,1.0,SKT-4015,,1.0,1.0,GPAO
05/03/2026,12:25:52,47.6251,-52.73952,157.0,1.0,SKT-4015,,1.0,1.0,GPAO
05/03/2026,12:26:00,47.62518,-52.73991,157.0,1.0,SKT-4015,,1.0,1.0,GPAO
05/03/2026,12:26:07,47.62513,-52.74103,157.0,1.0,SKT-4015,,1.0,1.0,GPAO
05/03/2026,12:26:14,47.625,-52.74385,157.0,1.0,SKT-4015,,1.0,1.0,GPAO
05/03/2026,12:26:21,47.62477,-52.74842,159.0,1.0,SKT-4015,,1.0,1.0,GPAO
05/03/2026,12:26:29,47.62444,-52.75512,193.0,0.0,SKT-4015,,1.0,1.0,GPAO
05/03/2026,12:26:36,47.62422,-52.76158,267.0,0.0,SKT-4015,,1.0,1.0,GPAO
05/03/2026,12:26:43,47.62399,-52.76818,377.0,0.0,SKT-4015,,1.0,1.0,GPAO
05/03/2026,12:26:50,47.62377,-52.77465,504.0,0.0,SKT-4015,,1.0,1.0,GPAO
05/03/2026,12:26:59,47.62339,-52.78294,639.0,0.0,SKT-4015,,1.0,1.0,GPAO
05/03/2026,12:27:06,47.62305,-52.78951,727.0,0.0,SKT-4015,,1.0,1.0,GPAO
05/03/2026,12:27:13,47.62268,-52.79617,820.0,0.0,SKT-4015,,1.0,1.0,GPAO
05/03/2026,12:27:21,47.62225,-52.80373,941.0,0.0,SKT-4015,,1.0,1.0,GPAO
05/03/2026,12:27:28,47.62204,-52.81018,1051.0,0.0,SKT-4015,,1.0,1.0,GPAO
05/03/2026,12:27:36,47.62294,-52.81746,1153.0,0.0,SKT-4015,,1.0,1.0,GPAO
05/03/2026,12:27:43,47.62511,-52.82354,1223.0,0.0,SKT-4015,,1.0,1.0,GPAO
05/03/2026,12:27:50,47.62857,-52.82896,1286.0,0.0,SKT-4015,,1.0,1.0,GPAO
05/03/2026,12:27:58,47.63356,-52.83427,1377.0,0.0,SKT-4015,,1.0,1.0,GPAO
05/03/2026,12:28:06,47.63884,-52.83941,1476.0,0.0,SKT-4015,,1.0,1.0,GPAO
05/03/2026,12:28:13,47.64345,-52.84396,1582.0,0.0,SKT-4015,,1.0,1.0,GPAO
05/03/2026,12:28:21,47.64853,-52.84909,1725.0,0.0,SKT-4015,,1.0,1.0,GPAO
05/03/2026,12:28:29,47.65316,-52.85434,1874.0,0.0,SKT-4015,,1.0,1.0,GPAO
05/03/2026,12:28:36,47.65705,-52.85887,1994.0,0.0,SKT-4015,,1.0,1.0,GPAO
05/03/2026,12:28:43,47.66078,-52.86335,2115.0,0.0,SKT-4015,,1.0,1.0,GPAO
05/03/2026,12:28:51,47.66493,-52.86837,2241.0,0.0,SKT-4015,,1.0,1.0,GPAO
05/03/2026,12:28:59,47.66924,-52.87355,2310.0,0.0,SKT-4015,,1.0,1.0,GPAO
05/03/2026,12:29:07,47.67422,-52.87888,2346.0,0.0,SKT-4015,,1.0,1.0,GPAO
05/03/2026,12:29:14,47.67918,-52.88348,2399.0,0.0,SKT-4015,,1.0,1.0,GPAO
05/03/2026,12:29:24,,,,,SKT-4015,,1.0,1.0,GPAO
05/03/2026,12:29:34,,,,,SKT-4015,,1.0,1.0,GPAO
05/03/2026,12:29:41,47.69896,-52.90202,2745.0,0.0,SKT-4015,,1.0,1.0,GPAO
05/03/2026,12:29:48,47.70372,-52.90725,2845.0,0.0,SKT-4015,,1.0,1.0,GPAO
05/03/2026,12:29:56,47.70916,-52.91317,2962.0,0.0,SKT-4015,,1.0,1.0,GPAO
05/03/2026,12:30:03,47.7138,-52.91842,3057.0,0.0,SKT-4015,,1.0,1.0,GPAO
05/03/2026,12:30:10,47.71841,-52.92371,3146.0,0.0,SKT-4015,,1.0,1.0,GPAO
05/03/2026,12:30:17,47.72307,-52.92897,3231.0,0.0,SKT-4015,,1.0,1.0,GPAO
05/03/2026,12:30:25,47.72836,-52.93508,3324.0,0.0,SKT-4015,,1.0,1.0,GPAO
05/03/2026,12:30:32,47.73302,-52.94046,3403.0,0.0,SKT-4015,,1.0,1.0,GPAO
05/03/2026,12:30:39,47.73775,-52.94586,3481.0,0.0,SKT-4015,,1.0,1.0,GPAO
05/03/2026,12:30:47,47.74323,-52.95205,3570.0,0.0,SKT-4015,,1.0,1.0,GPAO
05/03/2026,12:30:54,47.74808,-52.95748,3650.0,0.0,SKT-4015,,1.0,1.0,GPAO
05/03/2026,12:31:01,47.75294,-52.96291,3737.0,0.0,SKT-4015,,1.0,1.0,GPAO
05/03/2026,12:31:08,47.75784,-52.96833,3823.0,0.0,SKT-4015,,1.0,1.0,GPAO
05/03/2026,12:31:16,47.76345,-52.97454,3917.0,0.0,SKT-4015,,1.0,1.0,GPAO
05/03/2026,12:31:23,47.76837,-52.98,4003.0,0.0,SKT-4015,,1.0,1.0,GPAO
05/03/2026,12:31:30,47.77328,-52.98548,4091.0,0.0,SKT-4015,,1.0,1.0,GPAO
05/03/2026,12:31:38,47.7789,-52.99178,4190.0,0.0,SKT-4015,,1.0,1.0,GPAO
05/03/2026,12:31:45,47.78383,-52.99731,4274.0,0.0,SKT-4015,,1.0,1.0,GPAO
05/03/2026,12:31:52,47.78878,-53.00285,4357.0,0.0,SKT-4015,,1.0,1.0,GPAO
05/03/2026,12:31:59,47.79371,-53.00842,4441.0,0.0,SKT-4015,,1.0,1.0,GPAO
05/03/2026,12:32:07,47.79935,-53.01479,4536.0,0.0,SKT-4015,,1.0,1.0,GPAO
05/03/2026,12:32:14,47.80431,-53.02044,4604.0,0.0,SKT-4015,,1.0,1.0,GPAO
05/03/2026,12:32:21,47.80935,-53.02629,4641.0,0.0,SKT-4015,,1.0,1.0,GPAO
05/03/2026,12:32:28,47.81457,-53.03246,4653.0,0.0,SKT-4015,,1.0,1.0,GPAO
05/03/2026,12:32:36,47.82082,-53.03992,4662.0,0.0,SKT-4015,,1.0,1.0,GPAO
05/03/2026,12:32:44,47.8274,-53.04773,4669.0,0.0,SKT-4015,,1.0,1.0,GPAO
05/03/2026,12:32:52,47.83434,-53.05584,4673.0,0.0,SKT-4015,,1.0,1.0,GPAO
05/03/2026,12:32:59,47.84065,-53.06317,4676.0,0.0,SKT-4015,,1.0,1.0,GPAO
05/03/2026,12:33:07,47.84812,-53.07181,4676.0,0.0,SKT-4015,,1.0,1.0,GPAO
05/03/2026,12:33:14,47.85487,-53.07961,4675.0,0.0,SKT-4015,,1.0,1.0,GPAO
05/03/2026,12:33:21,47.86179,-53.0876,4676.0,0.0,SKT-4015,,1.0,1.0,GPAO
05/03/2026,12:33:29,47.8699,-53.09691,4678.0,0.0,SKT-4015,,1.0,1.0,GPAO
05/03/2026,12:33:36,47.87712,-53.10519,4680.0,0.0,SKT-4015,,1.0,1.0,GPAO
05/03/2026,12:33:45,47.88651,-53.116,4680.0,0.0,SKT-4015,,1.0,1.0,GPAO
05/03/2026,12:33:52,47.89393,-53.12447,4680.0,0.0,SKT-4015,,1.0,1.0,GPAO
05/03/2026,12:33:59,47.90145,-53.13296,4681.0,0.0,SKT-4015,,1.0,1.0,GPAO
05/03/2026,12:34:07,47.91011,-53.14271,4680.0,0.0,SKT-4015,,1.0,1.0,GPAO
05/03/2026,12:34:17,,,,,SKT-4015,,1.0,1.0,GPAO
05/03/2026,12:34:24,47.9287,-53.16345,4677.0,0.0,SKT-4015,,1.0,1.0,GPAO
05/03/2026,12:34:32,47.93749,-53.17325,4674.0,0.0,SKT-4015,,1.0,1.0,GPAO
05/03/2026,12:34:39,47.94516,-53.18187,4671.0,0.0,SKT-4015,,1.0,1.0,GPAO
05/03/2026,12:34:46,47.95281,-53.19051,4669.0,0.0,SKT-4015,,1.0,1.0,GPAO
05/03/2026,12:34:54,47.96156,-53.2004,4665.0,0.0,SKT-4015,,1.0,1.0,GPAO
05/03/2026,12:35:01,47.96919,-53.20907,4664.0,0.0,SKT-4015,,1.0,1.0,GPAO
05/03/2026,12:35:08,47.97676,-53.21777,4663.0,0.0,SKT-4015,,1.0,1.0,GPAO
05/03/2026,12:35:16,47.98536,-53.22773,4662.0,0.0,SKT-4015,,1.0,1.0,GPAO
05/03/2026,12:35:24,47.99398,-53.23753,4660.0,0.0,SKT-4015,,1.0,1.0,GPAO
05/03/2026,12:35:31,48.00153,-53.24599,4659.0,0.0,SKT-4015,,1.0,1.0,GPAO
05/03/2026,12:35:38,48.00904,-53.25441,4658.0,0.0,SKT-4015,,1.0,1.0,GPAO
05/03/2026,12:35:45,48.01651,-53.26283,4656.0,0.0,SKT-4015,,1.0,1.0,GPAO
05/03/2026,12:35:53,48.02497,-53.27243,4657.0,0.0,SKT-4015,,1.0,1.0,GPAO
05/03/2026,12:36:00,48.03231,-53.28083,4657.0,0.0,SKT-4015,,1.0,1.0,GPAO
05/03/2026,12:36:07,48.0396,-53.28923,4657.0,0.0,SKT-4015,,1.0,1.0,GPAO
05/03/2026,12:36:14,48.04684,-53.29762,4657.0,0.0,SKT-4015,,1.0,1.0,GPAO
05/03/2026,12:36:22,48.05508,-53.30718,4656.0,0.0,SKT-4015,,1.0,1.0,GPAO
05/03/2026,12:36:29,48.06228,-53.31551,4656.0,0.0,SKT-4015,,1.0,1.0,GPAO
05/03/2026,12:36:36,48.06949,-53.3238,4655.0,0.0,SKT-4015,,1.0,1.0,GPAO
05/03/2026,12:36:43,48.0767,-53.33208,4654.0,0.0,SKT-4015,,1.0,1.0,GPAO
05/03/2026,12:36:51,48.08493,-53.34155,4652.0,0.0,SKT-4015,,1.0,1.0,GPAO
05/03/2026,12:37:00,48.09417,-53.35219,4650.0,0.0,SKT-4015,,1.0,1.0,GPAO
05/03/2026,12:37:07,48.10134,-53.36052,4649.0,0.0,SKT-4015,,1.0,1.0,GPAO
05/03/2026,12:37:14,48.1085,-53.36886,4648.0,0.0,SKT-4015,,1.0,1.0,GPAO
05/03/2026,12:37:22,48.11669,-53.37841,4648.0,0.0,SKT-4015,,1.0,1.0,GPAO
05/03/2026,12:37:30,48.12488,-53.38796,4648.0,0.0,SKT-4015,,1.0,1.0,GPAO
05/03/2026,12:37:38,48.13314,-53.39746,4648.0,0.0,SKT-4015,,1.0,1.0,GPAO
05/03/2026,12:37:45,48.1404,-53.40575,4647.0,0.0,SKT-4015,,1.0,1.0,GPAO
05/03/2026,12:37:53,48.14872,-53.41526,4644.0,0.0,SKT-4015,,1.0,1.0,GPAO
05/03/2026,12:38:01,48.15705,-53.42477,4644.0,0.0,SKT-4015,,1.0,1.0,GPAO
05/03/2026,12:38:08,48.16433,-53.43314,4643.0,0.0,SKT-4015,,1.0,1.0,GPAO
05/03/2026,12:38:15,48.17157,-53.44156,4640.0,0.0,SKT-4015,,1.0,1.0,GPAO
05/03/2026,12:38:23,48.17982,-53.45121,4638.0,0.0,SKT-4015,,1.0,1.0,GPAO
05/03/2026,12:38:31,48.18808,-53.4609,4637.0,0.0,SKT-4015,,1.0,1.0,GPAO
05/03/2026,12:38:39,48.19641,-53.47055,4637.0,0.0,SKT-4015,,1.0,1.0,GPAO
05/03/2026,12:38:47,48.2048,-53.48019,4636.0,0.0,SKT-4015,,1.0,1.0,GPAO
05/03/2026,12:38:54,48.21215,-53.48861,4636.0,0.0,SKT-4015,,1.0,1.0,GPAO
05/03/2026,12:39:02,48.22057,-53.49823,4637.0,0.0,SKT-4015,,1.0,1.0,GPAO
05/03/2026,12:39:09,48.22789,-53.50669,4640.0,0.0,SKT-4015,,1.0,1.0,GPAO
05/03/2026,12:39:16,48.23517,-53.51518,4640.0,0.0,SKT-4015,,1.0,1.0,GPAO
05/03/2026,12:39:23,48.24242,-53.5237,4640.0,0.0,SKT-4015,,1.0,1.0,GPAO
05/03/2026,12:39:31,48.25073,-53.53344,4637.0,0.0,SKT-4015,,1.0,1.0,GPAO
05/03/2026,12:39:38,48.25802,-53.54195,4636.0,0.0,SKT-4015,,1.0,1.0,GPAO
05/03/2026,12:39:47,48.26745,-53.55278,4635.0,0.0,SKT-4015,,1.0,1.0,GPAO
05/03/2026,12:39:55,48.27582,-53.56239,4633.0,0.0,SKT-4015,,1.0,1.0,GPAO
05/03/2026,12:40:03,48.28415,-53.57198,4630.0,0.0,SKT-4015,,1.0,1.0,GPAO
05/03/2026,12:40:11,48.29243,-53.58154,4629.0,0.0,SKT-4015,,1.0,1.0,GPAO
05/03/2026,12:40:19,48.30064,-53.59111,4627.0,0.0,SKT-4015,,1.0,1.0,GPAO
05/03/2026,12:40:27,48.30877,-53.6007,4626.0,0.0,SKT-4015,,1.0,0.0,GPAO
05/03/2026,12:40:35,48.31689,-53.61032,4623.0,0.0,SKT-4015,,1.0,1.0,GPAO
05/03/2026,12:40:43,48.32507,-53.6199,4622.0,0.0,SKT-4015,,1.0,1.0,GPAO
05/03/2026,12:40:51,48.33332,-53.62946,4622.0,0.0,SKT-4015,,1.0,0.0,GPAO
05/03/2026,12:40:59,48.34158,-53.63898,4623.0,0.0,SKT-4015,,1.0,1.0,GPAO
05/03/2026,12:41:07,48.34983,-53.64849,4625.0,0.0,SKT-4015,,1.0,1.0,GPAO
05/03/2026,12:41:16,48.35904,-53.65918,4625.0,0.0,SKT-4015,,1.0,1.0,GPAO
05/03/2026,12:41:24,48.36715,-53.66869,4624.0,0.0,SKT-4015,,1.0,0.0,GPAO
05/03/2026,12:41:32,48.37519,-53.67821,4622.0,0.0,SKT-4015,,1.0,0.0,GPAO
05/03/2026,12:41:40,48.38322,-53.68771,4619.0,0.0,SKT-4015,,1.0,0.0,GPAO
05/03/2026,12:41:50,,,,,SKT-4015,,1.0,0.0,GPAO
05/03/2026,12:41:58,48.40144,-53.70889,4615.0,0.0,SKT-4015,,1.0,0.0,GPAO
05/03/2026,12:42:06,48.40955,-53.71821,4623.0,0.0,SKT-4015,,1.0,0.0,GPAO
05/03/2026,12:42:15,48.41859,-53.72861,4636.0,0.0,SKT-4015,,1.0,0.0,GPAO
05/03/2026,12:42:23,48.42651,-53.73782,4651.0,0.0,SKT-4015,,1.0,0.0,GPAO
06/03/2026,16:47:53,47.62246,-52.73606,150.0,1.0,SKT-4015,,1.0,0.0,GPAO
06/03/2026,16:48:28,47.62246,-52.73607,151.0,1.0,SKT-4015,,1.0,0.0,GPAO
06/03/2026,16:48:37,47.62246,-52.73607,152.0,1.0,SKT-4015,,1.0,0.0,GPAO
06/03/2026,16:48:45,47.62246,-52.73607,152.0,1.0,SKT-4015,,1.0,0.0,GPAO
06/03/2026,16:48:53,47.62246,-52.73607,153.0,1.0,SKT-4015,,1.0,0.0,GPAO
06/03/2026,16:49:02,47.62246,-52.73607,153.0,1.0,SKT-4015,,1.0,0.0,GPAO
06/03/2026,16:49:10,47.62246,-52.73607,154.0,1.0,SKT-4015,,1.0,0.0,GPAO
06/03/2026,16:49:18,47.62246,-52.73607,155.0,1.0,SKT-4015,,1.0,0.0,GPAO
06/03/2026,16:49:26,47.62245,-52.73607,155.0,1.0,SKT-4015,,1.0,0.0,GPAO
06/03/2026,16:49:34,47.62245,-52.73607,156.0,1.0,SKT-4015,,1.0,0.0,GPAO
06/03/2026,16:49:42,47.62245,-52.73607,156.0,1.0,SKT-4015,,1.0,0.0,GPAO
06/03/2026,16:49:50,47.62245,-52.73607,155.0,1.0,SKT-4015,,1.0,0.0,GPAO
06/03/2026,16:49:58,47.62245,-52.73606,155.0,1.0,SKT-4015,,1.0,0.0,GPAO
06/03/2026,16:50:06,47.62245,-52.73606,155.0,1.0,SKT-4015,,1.0,0.0,GPAO
06/03/2026,16:50:14,47.62245,-52.73606,155.0,1.0,SKT-4015,,1.0,0.0,GPAO
06/03/2026,16:50:23,47.62245,-52.73606,155.0,1.0,SKT-4015,,1.0,0.0,GPAO
06/03/2026,16:50:31,47.62245,-52.73606,156.0,1.0,SKT-4015,,1.0,0.0,GPAO
06/03/2026,16:50:39,47.62245,-52.73606,156.0,1.0,SKT-4015,,1.0,0.0,GPAO
06/03/2026,16:50:47,47.62245,-52.73606,156.0,1.0,SKT-4015,,1.0,0.0,GPAO
06/03/2026,16:50:55,47.62245,-52.73606,156.0,1.0,SKT-4015,,1.0,0.0,GPAO
06/03/2026,16:51:03,47.62245,-52.73606,156.0,1.0,SKT-4015,,1.0,0.0,GPAO
06/03/2026,16:51:11,47.62245,-52.73606,156.0,1.0,SKT-4015,,1.0,0.0,GPAO
06/03/2026,16:51:19,47.62245,-52.73606,156.0,1.0,SKT-4015,,1.0,0.0,GPAO
06/03/2026,16:51:27,47.62246,-52.73606,155.0,1.0,SKT-4015,,1.0,0.0,GPAO
06/03/2026,16:51:35,47.62246,-52.73606,156.0,1.0,SKT-4015,,1.0,0.0,GPAO
06/03/2026,16:51:43,47.62246,-52.73606,156.0,1.0,SKT-4015,,1.0,0.0,GPAO
06/03/2026,16:51:51,47.62247,-52.73606,156.0,1.0,SKT-4015,,1.0,0.0,GPAO
06/03/2026,16:51:59,47.62247,-52.73606,155.0,1.0,SKT-4015,,1.0,0.0,GPAO
06/03/2026,16:52:07,47.62247,-52.73606,155.0,1.0,SKT-4015,,1.0,0.0,GPAO
06/03/2026,16:52:16,47.62247,-52.73606,155.0,1.0,SKT-4015,,1.0,0.0,GPAO
06/03/2026,16:52:24,47.62247,-52.73607,155.0,1.0,SKT-4015,,1.0,0.0,GPAO
06/03/2026,16:52:32,47.62247,-52.73607,155.0,1.0,SKT-4015,,1.0,0.0,GPAO
06/03/2026,16:52:40,47.62247,-52.73607,155.0,1.0,SKT-4015,,1.0,0.0,GPAO
06/03/2026,16:52:48,47.62247,-52.73607,155.0,1.0,SKT-4015,,1.0,0.0,GPAO
06/03/2026,16:52:56,47.62246,-52.73606,155.0,1.0,SKT-4015,,1.0,0.0,GPAO
06/03/2026,16:53:04,47.62246,-52.73606,155.0,1.0,SKT-4015,,1.0,0.0,GPAO
06/03/2026,16:53:12,47.62246,-52.73606,155.0,1.0,SKT-4015,,1.0,0.0,GPAO
06/03/2026,16:53:20,47.62246,-52.73606,155.0,1.0,SKT-4015,,1.0,0.0,GPAO
06/03/2026,16:53:28,47.62246,-52.73606,155.0,1.0,SKT-4015,,1.0,0.0,GPAO
06/03/2026,16:53:36,47.62246,-52.73606,156.0,1.0,SKT-4015,,1.0,0.0,GPAO
06/03/2026,16:53:44,47.62246,-52.73606,156.0,1.0,SKT-4015,,1.0,0.0,GPAO
06/03/2026,16:53:52,47.62246,-52.73606,156.0,1.0,SKT-4015,,1.0,0.0,GPAO
06/03/2026,16:54:00,47.62246,-52.73606,155.0,1.0,SKT-4015,,1.0,0.0,GPAO
06/03/2026,16:54:08,47.62246,-52.73607,155.0,1.0,SKT-4015,,1.0,0.0,GPAO
06/03/2026,16:54:17,47.62246,-52.73607,156.0,1.0,SKT-4015,,1.0,0.0,GPAO
06/03/2026,16:54:25,47.62246,-52.73607,156.0,1.0,SKT-4015,,1.0,0.0,GPAO
06/03/2026,16:54:33,47.62246,-52.73608,156.0,1.0,SKT-4015,,1.0,0.0,GPAO
06/03/2026,16:54:41,47.62246,-52.73608,156.0,1.0,SKT-4015,,1.0,0.0,GPAO
06/03/2026,16:54:49,47.62246,-52.73608,156.0,1.0,SKT-4015,,1.0,0.0,GPAO
06/03/2026,16:54:57,47.62246,-52.73608,155.0,1.0,SKT-4015,,1.0,0.0,GPAO
06/03/2026,16:55:05,47.62246,-52.73608,155.0,1.0,SKT-4015,,1.0,0.0,GPAO
06/03/2026,16:55:13,47.62247,-52.73608,154.0,1.0,SKT-4015,,1.0,0.0,GPAO
06/03/2026,16:55:21,47.62247,-52.73608,154.0,1.0,SKT-4015,,1.0,0.0,GPAO
06/03/2026,16:55:29,47.62247,-52.73608,154.0,1.0,SKT-4015,,1.0,0.0,GPAO
06/03/2026,16:55:37,47.62247,-52.73608,154.0,1.0,SKT-4015,,1.0,0.0,GPAO
06/03/2026,16:55:45,47.62247,-52.73608,155.0,1.0,SKT-4015,,1.0,0.0,GPAO
06/03/2026,16:55:53,47.62247,-52.73608,154.0,1.0,SKT-4015,,1.0,0.0,GPAO
06/03/2026,16:56:01,47.62247,-52.73608,154.0,1.0,SKT-4015,,1.0,0.0,GPAO
06/03/2026,16:56:09,47.62247,-52.73608,154.0,1.0,SKT-4015,,1.0,0.0,GPAO
06/03/2026,16:56:18,47.62247,-52.73608,154.0,1.0,SKT-4015,,1.0,0.0,GPAO
06/03/2026,16:56:26,47.62247,-52.73608,154.0,1.0,SKT-4015,,1.0,0.0,GPAO
06/03/2026,16:56:34,47.62247,-52.73608,154.0,1.0,SKT-4015,,1.0,0.0,GPAO
06/03/2026,16:56:42,47.62247,-52.73608,154.0,1.0,SKT-4015,,1.0,0.0,GPAO
06/03/2026,16:56:50,47.62247,-52.73608,154.0,1.0,SKT-4015,,1.0,0.0,GPAO
06/03/2026,16:56:58,47.62247,-52.73608,154.0,1.0,SKT-4015,,1.0,0.0,GPAO
06/03/2026,16:57:06,47.62247,-52.73608,153.0,1.0,SKT-4015,,1.0,0.0,GPAO
06/03/2026,16:57:14,47.62246,-52.73608,153.0,1.0,SKT-4015,,1.0,0.0,GPAO
06/03/2026,16:57:22,47.62246,-52.73608,153.0,1.0,SKT-4015,,1.0,0.0,GPAO
06/03/2026,16:57:30,47.62246,-52.73608,153.0,1.0,SKT-4015,,1.0,0.0,GPAO
06/03/2026,16:57:38,47.62246,-52.73608,153.0,1.0,SKT-4015,,1.0,0.0,GPAO
06/03/2026,16:57:46,47.62246,-52.73608,153.0,1.0,SKT-4015,,1.0,0.0,GPAO
06/03/2026,16:57:54,47.62246,-52.73608,153.0,1.0,SKT-4015,,1.0,0.0,GPAO
06/03/2026,16:58:03,47.62246,-52.73607,154.0,1.0,SKT-4015,,1.0,0.0,GPAO
06/03/2026,16:58:11,47.62246,-52.73607,154.0,1.0,SKT-4015,,1.0,0.0,GPAO
06/03/2026,16:58:19,47.62246,-52.73607,154.0,1.0,SKT-4015,,1.0,0.0,GPAO
06/03/2026,16:58:27,47.62246,-52.73606,154.0,1.0,SKT-4015,,1.0,0.0,GPAO
06/03/2026,16:58:35,47.62246,-52.73606,154.0,1.0,SKT-4015,,1.0,0.0,GPAO
06/03/2026,16:58:43,47.62246,-52.73606,154.0,1.0,SKT-4015,,1.0,0.0,GPAO
06/03/2026,16:58:51,47.62246,-52.73606,154.0,1.0,SKT-4015,,1.0,0.0,GPAO
06/03/2026,16:58:59,47.62246,-52.73606,154.0,1.0,SKT-4015,,1.0,0.0,GPAO
06/03/2026,16:59:07,47.62246,-52.73606,154.0,1.0,SKT-4015,,1.0,0.0,GPAO
06/03/2026,16:59:15,47.62246,-52.73607,155.0,1.0,SKT-4015,,1.0,0.0,GPAO
06/03/2026,16:59:23,47.62246,-52.73607,155.0,1.0,SKT-4015,,1.0,0.0,GPAO
06/03/2026,16:59:32,47.62246,-52.73607,155.0,1.0,SKT-4015,,1.0,0.0,GPAO
06/03/2026,16:59:40,47.62246,-52.73607,155.0,1.0,SKT-4015,,1.0,0.0,GPAO
06/03/2026,16:59:48,47.62246,-52.73607,155.0,1.0,SKT-4015,,1.0,0.0,GPAO
06/03/2026,16:59:56,47.62246,-52.73607,155.0,1.0,SKT-4015,,1.0,0.0,GPAO
06/03/2026,17:00:04,47.62246,-52.73607,156.0,1.0,SKT-4015,,1.0,0.0,GPAO
06/03/2026,17:00:12,47.62246,-52.73607,156.0,1.0,SKT-4015,,1.0,0.0,GPAO
06/03/2026,17:00:20,47.62246,-52.73607,156.0,1.0,SKT-4015,,1.0,0.0,GPAO
06/03/2026,17:00:28,47.62246,-52.73606,155.0,1.0,SKT-4015,,1.0,0.0,GPAO
06/03/2026,17:00:36,47.62246,-52.73606,155.0,1.0,SKT-4015,,1.0,0.0,GPAO
06/03/2026,17:00:44,47.62246,-52.73606,155.0,1.0,SKT-4015,,1.0,0.0,GPAO
06/03/2026,17:00:52,47.62246,-52.73606,155.0,1.0,SKT-4015,,1.0,0.0,GPAO
06/03/2026,17:01:00,47.62246,-52.73606,154.0,1.0,SKT-4015,,1.0,0.0,GPAO
06/03/2026,17:01:08,47.62246,-52.73606,155.0,1.0,SKT-4015,,1.0,0.0,GPAO
06/03/2026,17:01:16,47.62246,-52.73606,155.0,1.0,SKT-4015,,1.0,0.0,GPAO
06/03/2026,17:01:24,47.62246,-52.73606,155.0,1.0,SKT-4015,,1.0,0.0,GPAO
06/03/2026,17:01:33,47.62246,-52.73606,154.0,1.0,SKT-4015,,1.0,0.0,GPAO
06/03/2026,17:01:41,47.62246,-52.73606,154.0,1.0,SKT-4015,,1.0,0.0,GPAO
06/03/2026,17:01:49,47.62246,-52.73606,153.0,1.0,SKT-4015,,1.0,0.0,GPAO
06/03/2026,17:01:57,47.62246,-52.73606,153.0,1.0,SKT-4015,,1.0,0.0,GPAO
06/03/2026,17:02:04,47.62246,-52.73606,154.0,1.0,SKT-4015,,1.0,1.0,GPAO
06/03/2026,17:02:18,47.62246,-52.73606,153.0,1,SKT-4015,,1.0,1.0,GPAO
06/03/2026,17:02:26,47.62246,-52.73606,153.0,1,SKT-4015,,1.0,1.0,GPAO
06/03/2026,17:02:33,47.62246,-52.73606,152.0,1,SKT-4015,,1.0,1.0,GPAO
06/03/2026,17:02:40,47.62246,-52.73606,152.0,1,SKT-4015,,1.0,1.0,GPAO
06/03/2026,17:02:47,47.62246,-52.73606,152.0,1,SKT-4015,,1.0,1.0,GPAO
06/03/2026,17:02:54,47.62246,-52.73606,153.0,1,SKT-4015,,1.0,1.0,GPAO
06/03/2026,17:03:02,47.62246,-52.73606,153.0,1,SKT-4015,,1.0,1.0,GPAO
06/03/2026,17:03:09,47.62246,-52.73606,153.0,1,SKT-4015,,1.0,1.0,GPAO
06/03/2026,17:03:16,47.62246,-52.73606,153.0,1,SKT-4015,,1.0,1.0,GPAO
06/03/2026,17:03:23,47.62246,-52.73606,153.0,1,SKT-4015,,1.0,1.0,GPAO
06/03/2026,17:03:30,47.62246,-52.73606,153.0,1,SKT-4015,,1.0,1.0,GPAO
06/03/2026,17:03:38,47.62246,-52.73606,154.0,1,SKT-4015,,1.0,1.0,GPAO
06/03/2026,17:03:45,47.62246,-52.73606,154.0,1,SKT-4015,,1.0,1.0,GPAO
06/03/2026,17:03:52,47.62246,-52.73606,154.0,1,SKT-4015,,1.0,1.0,GPAO
06/03/2026,17:03:59,47.62246,-52.73606,155.0,1,SKT-4015,,1.0,1.0,GPAO
06/03/2026,17:04:06,47.62246,-52.73606,156.0,1,SKT-4015,,1.0,1.0,GPAO
06/03/2026,17:04:14,47.62246,-52.73606,156.0,1,SKT-4015,,1.0,1.0,GPAO
06/03/2026,17:04:21,47.62246,-52.73606,156.0,1,SKT-4015,,1.0,1.0,GPAO
06/03/2026,17:04:28,47.62246,-52.73605,156.0,1,SKT-4015,,1.0,1.0,GPAO
06/03/2026,17:04:35,47.62246,-52.73605,156.0,1,SKT-4015,,1.0,1.0,GPAO
06/03/2026,17:04:42,47.62246,-52.73605,155.0,1,SKT-4015,,1.0,1.0,GPAO
06/03/2026,17:04:50,47.62246,-52.73605,156.0,1,SKT-4015,,1.0,1.0,GPAO
06/03/2026,17:04:57,47.62246,-52.73606,156.0,1,SKT-4015,,1.0,1.0,GPAO
06/03/2026,17:05:04,47.62246,-52.73606,156.0,1,SKT-4015,,1.0,1.0,GPAO
06/03/2026,17:05:11,47.62246,-52.73606,156.0,1,SKT-4015,,1.0,1.0,GPAO
06/03/2026,17:05:20,47.62246,-52.73605,156.0,1,SKT-4015,,1.0,1.0,GPAO
06/03/2026,17:05:28,47.62246,-52.73605,156.0,1,SKT-4015,,1.0,1.0,GPAO
06/03/2026,17:05:36,47.62246,-52.73605,156.0,1,SKT-4015,,1.0,1.0,GPAO
06/03/2026,17:05:43,47.62246,-52.73605,156.0,1,SKT-4015,,1.0,1.0,GPAO
06/03/2026,17:05:50,47.62246,-52.73605,156.0,1,SKT-4015,,1.0,1.0,GPAO
06/03/2026,17:05:57,47.62246,-52.73605,156.0,1,SKT-4015,,1.0,1.0,GPAO
06/03/2026,17:06:04,47.62246,-52.73605,156.0,1,SKT-4015,,1.0,1.0,GPAO
06/03/2026,17:06:12,47.62246,-52.73605,155.0,1,SKT-4015,,1.0,1.0,GPAO
06/03/2026,17:06:19,47.62246,-52.73605,155.0,1,SKT-4015,,1.0,1.0,GPAO
06/03/2026,17:06:26,47.62246,-52.73605,156.0,1,SKT-4015,,1.0,1.0,GPAO
06/03/2026,17:06:33,47.62246,-52.73605,156.0,1,SKT-4015,,1.0,1.0,GPAO
06/03/2026,17:06:40,47.62246,-52.73605,156.0,1,SKT-4015,,1.0,1.0,GPAO
06/03/2026,17:06:49,47.62246,-52.73605,156.0,1,SKT-4015,,1.0,1.0,GPAO
06/03/2026,17:06:57,47.62246,-52.73605,156.0,1,SKT-4015,,1.0,1.0,GPAO
06/03/2026,17:07:06,47.62246,-52.73605,155.0,1,SKT-4015,,1.0,1.0,GPAO
06/03/2026,17:07:13,47.62246,-52.73605,155.0,1,SKT-4015,,1.0,1.0,GPAO
06/03/2026,17:07:20,47.62246,-52.73605,155.0,1,SKT-4015,,1.0,1.0,GPAO
06/03/2026,17:07:27,47.62246,-52.73605,154.0,1,SKT-4015,,1.0,1.0,GPAO
06/03/2026,17:07:34,47.62246,-52.73605,153.0,1,SKT-4015,,1.0,1.0,GPAO
06/03/2026,17:07:42,47.62246,-52.73605,153.0,1,SKT-4015,,1.0,1.0,GPAO
06/03/2026,17:07:49,47.62247,-52.73605,152.0,1,SKT-4015,,1.0,1.0,GPAO
06/03/2026,17:07:57,47.62246,-52.73606,152.0,1,SKT-4015,,1.0,1.0,GPAO
06/03/2026,17:08:05,47.62246,-52.73606,152.0,1,SKT-4015,,1.0,1.0,GPAO
06/03/2026,17:08:13,47.62247,-52.73606,152.0,1,SKT-4015,,1.0,1.0,GPAO
06/03/2026,17:08:21,47.62247,-52.73606,152.0,1,SKT-4015,,1.0,1.0,GPAO
06/03/2026,17:08:28,47.62247,-52.73606,152.0,1,SKT-4015,,1.0,1.0,GPAO
06/03/2026,17:08:35,47.62246,-52.73606,152.0,1,SKT-4015,,1.0,1.0,GPAO
06/03/2026,17:08:43,47.62246,-52.73606,153.0,1,SKT-4015,,1.0,1.0,GPAO
06/03/2026,17:08:50,47.62246,-52.73606,153.0,1,SKT-4015,,1.0,1.0,GPAO
06/03/2026,17:08:57,47.62246,-52.73606,154.0,1,SKT-4015,,1.0,1.0,GPAO
06/03/2026,17:09:04,47.62246,-52.73606,154.0,1,SKT-4015,,1.0,1.0,GPAO
06/03/2026,17:09:12,47.62245,-52.73606,155.0,1,SKT-4015,,1.0,1.0,GPAO
06/03/2026,17:09:20,47.62245,-52.73606,155.0,1,SKT-4015,,1.0,1.0,GPAO
06/03/2026,17:09:27,47.62246,-52.73606,156.0,1,SKT-4015,,1.0,1.0,GPAO
06/03/2026,17:09:34,47.62246,-52.73606,156.0,1,SKT-4015,,1.0,1.0,GPAO
06/03/2026,17:09:42,47.62246,-52.73605,156.0,1,SKT-4015,,1.0,1.0,GPAO
06/03/2026,17:09:49,47.62246,-52.73605,156.0,1,SKT-4015,,1.0,1.0,GPAO
06/03/2026,17:09:56,47.62246,-52.73605,155.0,1,SKT-4015,,1.0,1.0,GPAO
06/03/2026,17:10:04,47.62246,-52.73605,155.0,1,SKT-4015,,1.0,1.0,GPAO
06/03/2026,17:10:12,47.62246,-52.73605,154.0,1,SKT-4015,,1.0,1.0,GPAO
06/03/2026,17:10:20,47.62246,-52.73605,154.0,1,SKT-4015,,1.0,1.0,GPAO
06/03/2026,17:10:28,47.62246,-52.73605,153.0,1,SKT-4015,,1.0,1.0,GPAO
06/03/2026,17:10:35,47.62246,-52.73605,153.0,1,SKT-4015,,1.0,1.0,GPAO
06/03/2026,17:10:42,47.62246,-52.73605,153.0,1,SKT-4015,,1.0,1.0,GPAO
06/03/2026,17:10:50,47.62247,-52.73605,153.0,1,SKT-4015,,1.0,1.0,GPAO
06/03/2026,17:10:57,47.62247,-52.73605,152.0,1,SKT-4015,,1.0,1.0,GPAO
06/03/2026,17:11:04,47.62247,-52.73605,153.0,1,SKT-4015,,1.0,1.0,GPAO
06/03/2026,17:11:11,47.62247,-52.73605,152.0,1,SKT-4015,,1.0,1.0,GPAO
06/03/2026,17:11:18,47.62247,-52.73605,152.0,1,SKT-4015,,1.0,1.0,GPAO
06/03/2026,17:11:26,47.62247,-52.73605,153.0,1,SKT-4015,,1.0,1.0,GPAO
06/03/2026,17:11:33,47.62247,-52.73605,152.0,1,SKT-4015,,1.0,1.0,GPAO
06/03/2026,17:11:41,47.62247,-52.73604,152.0,1,SKT-4015,,1.0,1.0,GPAO
06/03/2026,17:11:48,47.62247,-52.73604,152.0,1,SKT-4015,,1.0,1.0,GPAO
06/03/2026,17:11:55,47.62247,-52.73604,152.0,1,SKT-4015,,1.0,1.0,GPAO
06/03/2026,17:12:03,47.62247,-52.73604,151.0,1,SKT-4015,,1.0,1.0,GPAO
06/03/2026,17:12:10,47.62247,-52.73604,151.0,1,SKT-4015,,1.0,1.0,GPAO
06/03/2026,17:12:17,47.62247,-52.73604,152.0,1,SKT-4015,,1.0,1.0,GPAO
06/03/2026,17:12:25,47.62247,-52.73604,152.0,1,SKT-4015,,1.0,1.0,GPAO
06/03/2026,17:12:32,47.62247,-52.73604,151.0,1,SKT-4015,,1.0,1.0,GPAO
06/03/2026,17:12:39,47.62247,-52.73604,152.0,1,SKT-4015,,1.0,1.0,GPAO
06/03/2026,17:12:47,47.62247,-52.73604,152.0,1,SKT-4015,,1.0,1.0,GPAO
06/03/2026,17:12:54,47.62247,-52.73604,152.0,1,SKT-4015,,1.0,1.0,GPAO
06/03/2026,17:13:01,47.62247,-52.73605,152.0,1,SKT-4015,,1.0,1.0,GPAO
06/03/2026,17:13:08,47.62246,-52.73605,153.0,1,SKT-4015,,1.0,1.0,GPAO
06/03/2026,17:13:16,47.62246,-52.73605,153.0,1,SKT-4015,,1.0,1.0,GPAO
06/03/2026,17:13:23,47.62246,-52.73605,153.0,1,SKT-4015,,1.0,1.0,GPAO
06/03/2026,17:13:31,47.62246,-52.73605,153.0,1,SKT-4015,,1.0,1.0,GPAO
06/03/2026,17:13:38,47.62246,-52.73605,154.0,1,SKT-4015,,1.0,1.0,GPAO
06/03/2026,17:13:45,47.62246,-52.73605,154.0,1,SKT-4015,,1.0,1.0,GPAO
06/03/2026,17:13:52,47.62246,-52.73605,154.0,1,SKT-4015,,1.0,1.0,GPAO
06/03/2026,17:13:59,47.62246,-52.73605,154.0,1,SKT-4015,,1.0,1.0,GPAO
06/03/2026,17:14:07,47.62246,-52.73605,155.0,1,SKT-4015,,1.0,1.0,GPAO
06/03/2026,17:14:14,47.62245,-52.73605,155.0,1,SKT-4015,,1.0,1.0,GPAO
06/03/2026,17:14:21,47.62245,-52.73605,155.0,1,SKT-4015,,1.0,1.0,GPAO
06/03/2026,17:14:29,47.62245,-52.73605,155.0,1,SKT-4015,,1.0,1.0,GPAO
06/03/2026,17:14:36,47.62245,-52.73605,156.0,1,SKT-4015,,1.0,1.0,GPAO
06/03/2026,17:14:43,47.62245,-52.73605,156.0,1,SKT-4015,,1.0,1.0,GPAO
06/03/2026,17:14:51,47.62245,-52.73605,156.0,1,SKT-4015,,1.0,1.0,GPAO
06/03/2026,17:14:58,47.62245,-52.73605,156.0,1,SKT-4015,,1.0,1.0,GPAO
06/03/2026,17:15:06,47.62245,-52.73605,155.0,1,SKT-4015,,1.0,1.0,GPAO
06/03/2026,17:15:13,47.62245,-52.73605,155.0,1,SKT-4015,,1.0,1.0,GPAO
06/03/2026,17:15:20,47.62246,-52.73605,155.0,1,SKT-4015,,1.0,1.0,GPAO
06/03/2026,17:15:27,47.62246,-52.73605,154.0,1,SKT-4015,,1.0,1.0,GPAO
06/03/2026,17:15:35,47.62246,-52.73605,154.0,1,SKT-4015,,1.0,1.0,GPAO
06/03/2026,17:15:42,47.62246,-52.73605,154.0,1,SKT-4015,,1.0,1.0,GPAO
06/03/2026,17:15:49,47.62246,-52.73605,154.0,1,SKT-4015,,1.0,1.0,GPAO
06/03/2026,17:15:57,47.62246,-52.73605,154.0,1,SKT-4015,,1.0,1.0,GPAO
06/03/2026,17:16:04,47.62246,-52.73605,153.0,1,SKT-4015,,1.0,1.0,GPAO
06/03/2026,17:16:11,47.62246,-52.73605,153.0,1,SKT-4015,,1.0,1.0,GPAO
06/03/2026,17:16:18,47.62246,-52.73605,153.0,1,SKT-4015,,1.0,1.0,GPAO
06/03/2026,17:16:26,47.62246,-52.73605,153.0,1,SKT-4015,,1.0,1.0,GPAO
06/03/2026,17:16:33,47.62246,-52.73605,152.0,1,SKT-4015,,1.0,1.0,GPAO
06/03/2026,17:16:40,47.62246,-52.73605,152.0,1,SKT-4015,,1.0,1.0,GPAO
06/03/2026,17:16:48,47.62246,-52.73605,152.0,1,SKT-4015,,1.0,1.0,GPAO
06/03/2026,17:16:56,47.62246,-52.73605,152.0,1,SKT-4015,,1.0,1.0,GPAO
06/03/2026,17:17:04,47.62246,-52.73605,152.0,1,SKT-4015,,1.0,1.0,GPAO
06/03/2026,17:17:11,47.62246,-52.73605,152.0,1,SKT-4015,,1.0,1.0,GPAO
06/03/2026,17:17:18,47.62246,-52.73605,152.0,1,SKT-4015,,1.0,1.0,GPAO
06/03/2026,17:17:25,47.62246,-52.73606,152.0,1,SKT-4015,,1.0,1.0,GPAO
06/03/2026,17:17:33,47.62246,-52.73606,153.0,1,SKT-4015,,1.0,1.0,GPAO
06/03/2026,17:17:40,47.62247,-52.73606,153.0,1,SKT-4015,,1.0,1.0,GPAO
06/03/2026,17:17:47,47.62247,-52.73606,153.0,1,SKT-4015,,1.0,1.0,GPAO
06/03/2026,17:17:54,47.62247,-52.73606,154.0,1,SKT-4015,,1.0,1.0,GPAO
06/03/2026,17:18:02,47.62247,-52.73605,154.0,1,SKT-4015,,1.0,1.0,GPAO
06/03/2026,17:18:09,47.62247,-52.73605,154.0,1,SKT-4015,,1.0,1.0,GPAO
06/03/2026,17:18:16,47.62247,-52.73605,154.0,1,SKT-4015,,1.0,1.0,GPAO
06/03/2026,17:18:24,47.62247,-52.73605,154.0,1,SKT-4015,,1.0,1.0,GPAO
06/03/2026,17:18:31,47.62247,-52.73605,154.0,1,SKT-4015,,1.0,1.0,GPAO
06/03/2026,17:18:38,47.62247,-52.73605,154.0,1,SKT-4015,,1.0,1.0,GPAO
06/03/2026,17:18:45,47.62247,-52.73605,154.0,1,SKT-4015,,1.0,1.0,GPAO
06/03/2026,17:18:53,47.62247,-52.73605,154.0,1,SKT-4015,,1.0,1.0,GPAO
06/03/2026,17:19:00,47.62247,-52.73605,154.0,1,SKT-4015,,1.0,1.0,GPAO
06/03/2026,17:19:07,47.62247,-52.73606,154.0,1,SKT-4015,,1.0,1.0,GPAO
06/03/2026,17:19:14,47.62247,-52.73606,153.0,1,SKT-4015,,1.0,1.0,GPAO
06/03/2026,17:19:21,47.62247,-52.73606,153.0,1,SKT-4015,,1.0,1.0,GPAO
06/03/2026,17:19:29,47.62247,-52.73606,153.0,1,SKT-4015,,1.0,1.0,GPAO
06/03/2026,17:19:36,47.62247,-52.73605,153.0,1,SKT-4015,,1.0,1.0,GPAO
06/03/2026,17:19:44,47.62248,-52.73605,153.0,1,SKT-4015,,1.0,1.0,GPAO
06/03/2026,17:19:51,47.62248,-52.73605,153.0,1,SKT-4015,,1.0,1.0,GPAO
06/03/2026,17:19:58,47.62248,-52.73605,153.0,1,SKT-4015,,1.0,1.0,GPAO
06/03/2026,17:20:05,47.62248,-52.73605,153.0,1,SKT-4015,,1.0,1.0,GPAO
06/03/2026,17:20:12,47.62248,-52.73605,154.0,1,SKT-4015,,1.0,1.0,GPAO
06/03/2026,17:20:20,47.62247,-52.73605,154.0,1,SKT-4015,,1.0,1.0,GPAO
06/03/2026,17:20:27,47.62247,-52.73605,153.0,1,SKT-4015,,1.0,1.0,GPAO
06/03/2026,17:20:34,47.62247,-52.73605,153.0,1,SKT-4015,,1.0,1.0,GPAO
06/03/2026,17:20:41,47.62247,-52.73605,153.0,1,SKT-4015,,1.0,1.0,GPAO
06/03/2026,17:20:48,47.62247,-52.73605,153.0,1,SKT-4015,,1.0,1.0,GPAO
06/03/2026,17:20:55,47.62247,-52.73605,153.0,1,SKT-4015,,1.0,1.0,GPAO
06/03/2026,17:21:03,47.62247,-52.73605,153.0,1,SKT-4015,,1.0,1.0,GPAO
06/03/2026,17:21:10,47.62247,-52.73605,154.0,1,SKT-4015,,1.0,1.0,GPAO
06/03/2026,17:21:17,47.62247,-52.73605,154.0,1,SKT-4015,,1.0,1.0,GPAO
06/03/2026,17:21:24,47.62247,-52.73605,154.0,1,SKT-4015,,1.0,1.0,GPAO
06/03/2026,17:21:31,47.62247,-52.73605,154.0,1,SKT-4015,,1.0,1.0,GPAO
06/03/2026,17:21:39,47.62247,-52.73605,153.0,1,SKT-4015,,1.0,1.0,GPAO
06/03/2026,17:21:46,47.62247,-52.73605,154.0,1,SKT-4015,,1.0,1.0,GPAO
06/03/2026,17:21:54,47.62247,-52.73605,154.0,1,SKT-4015,,1.0,1.0,GPAO
06/03/2026,17:22:01,47.62247,-52.73605,154.0,1,SKT-4015,,1.0,1.0,GPAO
06/03/2026,17:22:08,47.62247,-52.73605,154.0,1,SKT-4015,,1.0,1.0,GPAO
06/03/2026,17:22:15,47.62247,-52.73605,154.0,1,SKT-4015,,1.0,1.0,GPAO
06/03/2026,17:22:22,47.62247,-52.73605,154.0,1,SKT-4015,,1.0,1.0,GPAO
06/03/2026,17:22:30,47.62247,-52.73605,154.0,1,SKT-4015,,1.0,1.0,GPAO
06/03/2026,17:22:37,47.62247,-52.73605,154.0,1,SKT-4015,,1.0,1.0,GPAO
06/03/2026,17:22:44,47.62247,-52.73606,153.0,1,SKT-4015,,1.0,1.0,GPAO
06/03/2026,17:22:51,47.62248,-52.73606,154.0,1,SKT-4015,,1.0,1.0,GPAO
06/03/2026,17:22:58,47.62248,-52.73606,154.0,1,SKT-4015,,1.0,1.0,GPAO
06/03/2026,17:23:06,47.62248,-52.73606,154.0,1,SKT-4015,,1.0,1.0,GPAO
06/03/2026,17:23:13,47.62248,-52.73606,154.0,1,SKT-4015,,1.0,1.0,GPAO
06/03/2026,17:23:20,47.62248,-52.73606,154.0,1,SKT-4015,,1.0,1.0,GPAO
06/03/2026,17:23:27,47.62248,-52.73605,154.0,1,SKT-4015,,1.0,1.0,GPAO
06/03/2026,17:23:34,47.62248,-52.73605,154.0,1,SKT-4015,,1.0,1.0,GPAO
06/03/2026,17:23:41,47.62248,-52.73605,154.0,1,SKT-4015,,1.0,1.0,GPAO
06/03/2026,17:23:49,47.62248,-52.73605,154.0,1,SKT-4015,,1.0,1.0,GPAO
06/03/2026,17:23:57,47.62248,-52.73605,154.0,1,SKT-4015,,1.0,1.0,GPAO
06/03/2026,17:24:04,47.62248,-52.73605,154.0,1,SKT-4015,,1.0,1.0,GPAO
06/03/2026,17:24:11,47.62247,-52.73605,154.0,1,SKT-4015,,1.0,1.0,GPAO
06/03/2026,17:24:18,47.62247,-52.73606,154.0,1,SKT-4015,,1.0,1.0,GPAO
06/03/2026,17:24:25,47.62247,-52.73606,154.0,1,SKT-4015,,1.0,1.0,GPAO
06/03/2026,17:24:32,47.62247,-52.73606,154.0,1,SKT-4015,,1.0,1.0,GPAO
06/03/2026,17:24:40,47.62247,-52.73606,154.0,1,SKT-4015,,1.0,1.0,GPAO
06/03/2026,17:24:47,47.62247,-52.73606,154.0,1,SKT-4015,,1.0,1.0,GPAO
06/03/2026,17:24:54,47.62247,-52.73605,154.0,1,SKT-4015,,1.0,1.0,GPAO
06/03/2026,17:25:01,47.62247,-52.73605,154.0,1,SKT-4015,,1.0,1.0,GPAO
06/03/2026,17:25:09,47.62247,-52.73606,154.0,1,SKT-4015,,1.0,1.0,GPAO
06/03/2026,17:25:16,47.62247,-52.73606,154.0,1,SKT-4015,,1.0,1.0,GPAO
06/03/2026,17:25:23,47.62246,-52.73606,153.0,1,SKT-4015,,1.0,1.0,GPAO
06/03/2026,17:25:30,47.62246,-52.73606,153.0,1,SKT-4015,,1.0,1.0,GPAO
06/03/2026,17:25:37,47.62246,-52.73606,153.0,1,SKT-4015,,1.0,1.0,GPAO
06/03/2026,17:25:45,47.62246,-52.73606,153.0,1,SKT-4015,,1.0,1.0,GPAO
06/03/2026,17:25:53,47.62246,-52.73606,153.0,1,SKT-4015,,1.0,1.0,GPAO
06/03/2026,17:26:00,47.62246,-52.73606,153.0,1,SKT-4015,,1.0,1.0,GPAO
06/03/2026,17:26:07,47.62246,-52.73606,153.0,1,SKT-4015,,1.0,1.0,GPAO
06/03/2026,17:26:14,47.62246,-52.73606,153.0,1,SKT-4015,,1.0,1.0,GPAO
06/03/2026,17:26:21,47.62246,-52.73606,153.0,1,SKT-4015,,1.0,1.0,GPAO
06/03/2026,17:26:29,47.62246,-52.73606,153.0,1,SKT-4015,,1.0,1.0,GPAO
06/03/2026,17:26:36,47.62246,-52.73606,152.0,1,SKT-4015,,1.0,1.0,GPAO
06/03/2026,17:26:43,47.62246,-52.73606,152.0,1,SKT-4015,,1.0,1.0,GPAO
06/03/2026,17:26:50,47.62246,-52.73606,152.0,1,SKT-4015,,1.0,1.0,GPAO
06/03/2026,17:26:57,47.62246,-52.73606,153.0,1,SKT-4015,,1.0,1.0,GPAO
06/03/2026,17:27:04,47.62246,-52.73606,153.0,1,SKT-4015,,1.0,1.0,GPAO
06/03/2026,17:27:12,47.62246,-52.73606,153.0,1,SKT-4015,,1.0,1.0,GPAO
06/03/2026,17:27:19,47.62246,-52.73606,153.0,1,SKT-4015,,1.0,1.0,GPAO
06/03/2026,17:27:26,47.62246,-52.73606,153.0,1,SKT-4015,,1.0,1.0,GPAO
06/03/2026,17:27:33,47.62246,-52.73606,153.0,1,SKT-4015,,1.0,1.0,GPAO
06/03/2026,17:27:40,47.62246,-52.73606,153.0,1,SKT-4015,,1.0,1.0,GPAO
06/03/2026,17:27:47,47.62246,-52.73606,153.0,1,SKT-4015,,1.0,1.0,GPAO
06/03/2026,17:27:55,47.62246,-52.73606,154.0,1,SKT-4015,,1.0,1.0,GPAO
06/03/2026,17:28:02,47.62246,-52.73606,154.0,1,SKT-4015,,1.0,1.0,GPAO
06/03/2026,17:28:09,47.62246,-52.73606,154.0,1,SKT-4015,,1.0,1.0,GPAO
06/03/2026,17:28:16,47.62246,-52.73606,153.0,1,SKT-4015,,1.0,1.0,GPAO
06/03/2026,17:28:23,47.62246,-52.73606,153.0,1,SKT-4015,,1.0,1.0,GPAO
06/03/2026,17:28:31,47.62246,-52.73606,153.0,1,SKT-4015,,1.0,1.0,GPAO
06/03/2026,17:28:38,47.62247,-52.73606,153.0,1,SKT-4015,,1.0,1.0,GPAO
06/03/2026,17:28:45,47.62247,-52.73606,153.0,1,SKT-4015,,1.0,1.0,GPAO
06/03/2026,17:28:52,47.62247,-52.73606,153.0,1,SKT-4015,,1.0,1.0,GPAO
06/03/2026,17:28:59,47.62247,-52.73606,153.0,1,SKT-4015,,1.0,1.0,GPAO
06/03/2026,17:29:07,47.62247,-52.73606,153.0,1,SKT-4015,,1.0,1.0,GPAO
06/03/2026,17:29:14,47.62247,-52.73606,153.0,1,SKT-4015,,1.0,1.0,GPAO
06/03/2026,17:29:21,47.62247,-52.73606,153.0,1,SKT-4015,,1.0,1.0,GPAO
06/03/2026,17:29:28,47.62247,-52.73606,152.0,1,SKT-4015,,1.0,1.0,GPAO
06/03/2026,17:29:35,47.62247,-52.73606,152.0,1,SKT-4015,,1.0,1.0,GPAO
06/03/2026,17:29:42,47.62247,-52.73606,153.0,1,SKT-4015,,1.0,1.0,GPAO
06/03/2026,17:29:50,47.62247,-52.73606,153.0,1,SKT-4015,,1.0,1.0,GPAO
06/03/2026,17:29:57,47.62247,-52.73606,153.0,1,SKT-4015,,1.0,1.0,GPAO
06/03/2026,17:30:04,47.62247,-52.73606,153.0,1,SKT-4015,,1.0,1.0,GPAO
06/03/2026,17:30:11,47.62247,-52.73606,153.0,1,SKT-4015,,1.0,1.0,GPAO
06/03/2026,17:30:18,47.62247,-52.73606,152.0,1,SKT-4015,,1.0,1.0,GPAO
06/03/2026,17:30:25,47.62246,-52.73606,153.0,1,SKT-4015,,1.0,1.0,GPAO
06/03/2026,17:30:33,47.62246,-52.73606,153.0,1,SKT-4015,,1.0,1.0,GPAO
06/03/2026,17:30:41,47.62246,-52.73606,153.0,1,SKT-4015,,1.0,1.0,GPAO
06/03/2026,17:30:48,47.62246,-52.73606,153.0,1,SKT-4015,,1.0,1.0,GPAO
06/03/2026,17:30:55,47.62246,-52.73606,153.0,1,SKT-4015,,1.0,1.0,GPAO
06/03/2026,17:31:02,47.62246,-52.73606,153.0,1,SKT-4015,,1.0,1.0,GPAO
06/03/2026,17:31:09,47.62246,-52.73606,153.0,1,SKT-4015,,1.0,1.0,GPAO
06/03/2026,17:31:16,47.62246,-52.73606,153.0,1,SKT-4015,,1.0,1.0,GPAO
06/03/2026,17:31:24,47.62246,-52.73606,153.0,1,SKT-4015,,1.0,1.0,GPAO
06/03/2026,17:31:31,47.62246,-52.73606,153.0,1,SKT-4015,,1.0,1.0,GPAO
06/03/2026,17:31:38,47.62246,-52.73606,153.0,1,SKT-4015,,1.0,1.0,GPAO
06/03/2026,17:31:45,47.62246,-52.73606,154.0,1,SKT-4015,,1.0,1.0,GPAO
06/03/2026,17:31:52,47.62245,-52.73605,154.0,1,SKT-4015,,1.0,1.0,GPAO
06/03/2026,17:32:00,47.62245,-52.73605,154.0,1,SKT-4015,,1.0,1.0,GPAO
06/03/2026,17:32:07,47.62245,-52.73605,154.0,1,SKT-4015,,1.0,1.0,GPAO
06/03/2026,17:32:16,47.62245,-52.73606,155.0,1,SKT-4015,,1.0,1.0,GPAO
06/03/2026,17:32:24,47.62245,-52.73606,155.0,1,SKT-4015,,1.0,1.0,GPAO
06/03/2026,17:32:31,47.62245,-52.73606,155.0,1,SKT-4015,,1.0,1.0,GPAO
06/03/2026,17:32:38,47.62246,-52.73606,154.0,1,SKT-4015,,1.0,1.0,GPAO
06/03/2026,17:32:45,47.62246,-52.73606,154.0,1,SKT-4015,,1.0,1.0,GPAO
06/03/2026,17:32:53,47.62246,-52.73606,155.0,1,SKT-4015,,1.0,1.0,GPAO
06/03/2026,17:33:00,47.62246,-52.73606,155.0,1,SKT-4015,,1.0,1.0,GPAO
06/03/2026,17:33:07,47.62246,-52.73606,155.0,1,SKT-4015,,1.0,1.0,GPAO
06/03/2026,17:33:14,47.62246,-52.73606,155.0,1,SKT-4015,,1.0,1.0,GPAO
06/03/2026,17:33:21,47.62246,-52.73605,155.0,1,SKT-4015,,1.0,1.0,GPAO
06/03/2026,17:33:28,47.62246,-52.73605,155.0,1,SKT-4015,,1.0,1.0,GPAO
06/03/2026,17:33:36,47.62246,-52.73605,156.0,1,SKT-4015,,1.0,1.0,GPAO
06/03/2026,17:33:43,47.62246,-52.73605,156.0,1,SKT-4015,,1.0,1.0,GPAO
06/03/2026,17:33:50,47.62246,-52.73605,156.0,1,SKT-4015,,1.0,1.0,GPAO
06/03/2026,17:33:57,47.62246,-52.73605,156.0,1,SKT-4015,,1.0,1.0,GPAO
06/03/2026,17:34:04,47.62246,-52.73605,156.0,1,SKT-4015,,1.0,1.0,GPAO
06/03/2026,17:34:11,47.62246,-52.73605,156.0,1,SKT-4015,,1.0,1.0,GPAO
06/03/2026,17:34:18,47.62246,-52.73605,155.0,1,SKT-4015,,1.0,1.0,GPAO
06/03/2026,17:34:26,47.62247,-52.73605,155.0,1,SKT-4015,,1.0,1.0,GPAO
06/03/2026,17:34:33,47.62247,-52.73605,155.0,1,SKT-4015,,1.0,1.0,GPAO
06/03/2026,17:34:40,47.62247,-52.73605,154.0,1,SKT-4015,,1.0,1.0,GPAO
06/03/2026,17:34:47,47.62247,-52.73605,154.0,1,SKT-4015,,1.0,1.0,GPAO
06/03/2026,17:34:54,47.62247,-52.73605,154.0,1,SKT-4015,,1.0,1.0,GPAO
06/03/2026,17:35:01,47.62247,-52.73605,154.0,1,SKT-4015,,1.0,1.0,GPAO
06/03/2026,17:35:09,47.62247,-52.73605,154.0,1,SKT-4015,,1.0,1.0,GPAO
06/03/2026,17:35:16,47.62247,-52.73605,153.0,1,SKT-4015,,1.0,1.0,GPAO
06/03/2026,17:35:23,47.62247,-52.73605,153.0,1,SKT-4015,,1.0,1.0,GPAO
06/03/2026,17:35:30,47.62247,-52.73605,154.0,1,SKT-4015,,1.0,1.0,GPAO
06/03/2026,17:35:37,47.62246,-52.73605,154.0,1,SKT-4015,,1.0,1.0,GPAO
06/03/2026,17:35:44,47.62246,-52.73605,154.0,1,SKT-4015,,1.0,1.0,GPAO
06/03/2026,17:35:52,47.62246,-52.73605,154.0,1,SKT-4015,,1.0,1.0,GPAO
06/03/2026,17:35:59,47.62246,-52.73605,153.0,1,SKT-4015,,1.0,1.0,GPAO
06/03/2026,17:36:06,47.62246,-52.73605,153.0,1,SKT-4015,,1.0,1.0,GPAO
06/03/2026,17:36:13,47.62246,-52.73605,153.0,1,SKT-4015,,1.0,1.0,GPAO
06/03/2026,17:36:20,47.62246,-52.73606,153.0,1,SKT-4015,,1.0,1.0,GPAO
06/03/2026,17:36:27,47.62246,-52.73606,153.0,1,SKT-4015,,1.0,1.0,GPAO
06/03/2026,17:36:35,47.62246,-52.73606,153.0,1,SKT-4015,,1.0,1.0,GPAO
06/03/2026,17:36:42,47.62245,-52.73606,153.0,1,SKT-4015,,1.0,1.0,GPAO
06/03/2026,17:36:49,47.62246,-52.73606,153.0,1,SKT-4015,,1.0,1.0,GPAO
06/03/2026,17:36:56,47.62246,-52.73606,153.0,1,SKT-4015,,1.0,1.0,GPAO
06/03/2026,17:37:03,47.62246,-52.73606,152.0,1,SKT-4015,,1.0,1.0,GPAO
06/03/2026,17:37:10,47.62246,-52.73607,152.0,1,SKT-4015,,1.0,1.0,GPAO
06/03/2026,17:37:18,47.62246,-52.73607,152.0,1,SKT-4015,,1.0,1.0,GPAO
06/03/2026,17:37:25,47.62247,-52.73607,152.0,1,SKT-4015,,1.0,1.0,GPAO
06/03/2026,17:37:32,47.62247,-52.73607,152.0,1,SKT-4015,,1.0,1.0,GPAO
06/03/2026,17:37:39,47.62247,-52.73607,152.0,1,SKT-4015,,1.0,1.0,GPAO
06/03/2026,17:37:46,47.62248,-52.73607,152.0,1,SKT-4015,,1.0,1.0,GPAO
06/03/2026,17:37:54,47.62248,-52.73607,153.0,1,SKT-4015,,1.0,1.0,GPAO
06/03/2026,17:38:01,47.62249,-52.73607,153.0,1,SKT-4015,,1.0,1.0,GPAO
06/03/2026,17:38:08,47.62249,-52.73607,153.0,1,SKT-4015,,1.0,1.0,GPAO
06/03/2026,17:38:15,47.62249,-52.73607,153.0,1,SKT-4015,,1.0,1.0,GPAO
06/03/2026,17:38:22,47.6225,-52.73607,153.0,1,SKT-4015,,1.0,1.0,GPAO
06/03/2026,17:38:29,47.6225,-52.73607,152.0,1,SKT-4015,,1.0,1.0,GPAO
06/03/2026,17:38:37,47.6225,-52.73607,152.0,1,SKT-4015,,1.0,1.0,GPAO
06/03/2026,17:38:44,47.62251,-52.73607,152.0,1,SKT-4015,,1.0,1.0,GPAO
06/03/2026,17:38:51,47.62251,-52.73607,152.0,1,SKT-4015,,1.0,1.0,GPAO
06/03/2026,17:38:58,47.62251,-52.73607,152.0,1,SKT-4015,,1.0,1.0,GPAO
06/03/2026,17:39:05,47.62251,-52.73608,153.0,1,SKT-4015,,1.0,1.0,GPAO
06/03/2026,17:39:12,47.62251,-52.73608,153.0,1,SKT-4015,,1.0,1.0,GPAO
06/03/2026,17:39:20,47.62252,-52.73608,153.0,1,SKT-4015,,1.0,1.0,GPAO
06/03/2026,17:39:27,47.62253,-52.73608,153.0,1,SKT-4015,,1.0,1.0,GPAO
06/03/2026,17:39:34,47.62253,-52.73608,153.0,1,SKT-4015,,1.0,1.0,GPAO
06/03/2026,17:39:41,47.62254,-52.73609,154.0,1,SKT-4015,,1.0,1.0,GPAO
06/03/2026,17:39:48,47.62254,-52.73609,154.0,1,SKT-4015,,1.0,1.0,GPAO
06/03/2026,17:39:55,47.62254,-52.73609,154.0,1,SKT-4015,,1.0,1.0,GPAO
06/03/2026,17:40:03,47.62254,-52.73609,154.0,1,SKT-4015,,1.0,1.0,GPAO
06/03/2026,17:40:10,47.62253,-52.73609,154.0,1,SKT-4015,,1.0,1.0,GPAO
06/03/2026,17:40:17,47.62252,-52.73609,154.0,1,SKT-4015,,1.0,1.0,GPAO
06/03/2026,17:40:24,47.62252,-52.73609,154.0,1,SKT-4015,,1.0,1.0,GPAO
06/03/2026,17:40:31,47.62252,-52.73608,154.0,1,SKT-4015,,1.0,1.0,GPAO
06/03/2026,17:40:38,47.62252,-52.73608,154.0,1,SKT-4015,,1.0,1.0,GPAO
06/03/2026,17:40:46,47.62252,-52.73608,153.0,1,SKT-4015,,1.0,1.0,GPAO
06/03/2026,17:40:53,47.62252,-52.73608,153.0,1,SKT-4015,,1.0,1.0,GPAO
06/03/2026,17:41:00,47.62251,-52.73608,153.0,1,SKT-4015,,1.0,1.0,GPAO
06/03/2026,17:41:07,47.62251,-52.73608,152.0,1,SKT-4015,,1.0,1.0,GPAO
06/03/2026,17:41:14,47.62251,-52.73608,152.0,1,SKT-4015,,1.0,1.0,GPAO
06/03/2026,17:41:21,47.62251,-52.73608,151.0,1,SKT-4015,,1.0,1.0,GPAO
06/03/2026,17:41:29,47.6225,-52.73608,151.0,1,SKT-4015,,1.0,1.0,GPAO
06/03/2026,17:41:36,47.6225,-52.73608,151.0,1,SKT-4015,,1.0,1.0,GPAO
06/03/2026,17:41:43,47.62249,-52.73607,151.0,1,SKT-4015,,1.0,1.0,GPAO
06/03/2026,17:41:50,47.62249,-52.73607,151.0,1,SKT-4015,,1.0,1.0,GPAO
06/03/2026,17:41:57,47.62249,-52.73607,151.0,1,SKT-4015,,1.0,1.0,GPAO
06/03/2026,17:42:04,47.62249,-52.73607,151.0,1,SKT-4015,,1.0,1.0,GPAO
06/03/2026,17:42:12,47.62248,-52.73607,152.0,1,SKT-4015,,1.0,1.0,GPAO
06/03/2026,17:42:20,47.62248,-52.73606,152.0,1,SKT-4015,,1.0,1.0,GPAO
06/03/2026,17:42:27,47.62248,-52.73606,152.0,1,SKT-4015,,1.0,1.0,GPAO
06/03/2026,17:42:34,47.62248,-52.73606,153.0,1,SKT-4015,,1.0,1.0,GPAO
06/03/2026,17:42:41,47.62247,-52.73606,153.0,1,SKT-4015,,1.0,1.0,GPAO
06/03/2026,17:42:48,47.62247,-52.73605,154.0,1,SKT-4015,,1.0,1.0,GPAO
06/03/2026,17:42:55,47.62247,-52.73605,155.0,1,SKT-4015,,1.0,1.0,GPAO
06/03/2026,17:43:03,47.62247,-52.73604,155.0,1,SKT-4015,,1.0,1.0,GPAO
06/03/2026,17:43:10,47.62247,-52.73604,156.0,1,SKT-4015,,1.0,1.0,GPAO
06/03/2026,17:43:17,47.62248,-52.73603,156.0,1,SKT-4015,,1.0,1.0,GPAO
06/03/2026,17:43:24,47.62248,-52.73603,156.0,1,SKT-4015,,1.0,1.0,GPAO
06/03/2026,17:43:31,47.62248,-52.73603,156.0,1,SKT-4015,,1.0,1.0,GPAO
06/03/2026,17:43:38,47.62248,-52.73603,156.0,1,SKT-4015,,1.0,1.0,GPAO
06/03/2026,17:43:46,47.62248,-52.73604,155.0,1,SKT-4015,,1.0,1.0,GPAO
06/03/2026,17:43:53,47.62248,-52.73604,155.0,1,SKT-4015,,1.0,1.0,GPAO
06/03/2026,17:44:00,47.62247,-52.73605,155.0,1,SKT-4015,,1.0,1.0,GPAO
06/03/2026,17:44:07,47.62247,-52.73605,155.0,1,SKT-4015,,1.0,1.0,GPAO
06/03/2026,17:44:14,47.62247,-52.73605,154.0,1,SKT-4015,,1.0,1.0,GPAO
06/03/2026,17:44:21,47.62247,-52.73605,154.0,1,SKT-4015,,1.0,1.0,GPAO
06/03/2026,17:44:29,47.62247,-52.73606,153.0,1,SKT-4015,,1.0,1.0,GPAO
06/03/2026,17:44:36,47.62246,-52.73606,153.0,1,SKT-4015,,1.0,1.0,GPAO
06/03/2026,17:44:43,47.62246,-52.73606,152.0,1,SKT-4015,,1.0,1.0,GPAO
06/03/2026,17:44:50,47.62246,-52.73606,152.0,1,SKT-4015,,1.0,1.0,GPAO
06/03/2026,17:44:57,47.62246,-52.73606,152.0,1,SKT-4015,,1.0,1.0,GPAO
06/03/2026,17:45:04,47.62245,-52.73606,152.0,1,SKT-4015,,1.0,1.0,GPAO
06/03/2026,17:45:12,47.62245,-52.73606,152.0,1,SKT-4015,,1.0,1.0,GPAO
06/03/2026,17:45:19,47.62245,-52.73606,153.0,1,SKT-4015,,1.0,1.0,GPAO
06/03/2026,17:45:26,47.62245,-52.73606,153.0,1,SKT-4015,,1.0,1.0,GPAO
06/03/2026,17:45:33,47.62245,-52.73606,153.0,1,SKT-4015,,1.0,1.0,GPAO
06/03/2026,17:45:40,47.62245,-52.73606,153.0,1,SKT-4015,,1.0,1.0,GPAO
06/03/2026,17:45:49,47.62244,-52.73607,153.0,1,SKT-4015,,1.0,1.0,GPAO
06/03/2026,17:45:56,47.62244,-52.73607,153.0,1,SKT-4015,,1.0,1.0,GPAO
06/03/2026,17:46:03,47.62244,-52.73607,153.0,1,SKT-4015,,1.0,1.0,GPAO
06/03/2026,17:46:10,47.62244,-52.73607,153.0,1,SKT-4015,,1.0,1.0,GPAO
06/03/2026,17:46:17,47.62244,-52.73607,153.0,1,SKT-4015,,1.0,1.0,GPAO
06/03/2026,17:46:24,47.62244,-52.73607,153.0,1,SKT-4015,,1.0,1.0,GPAO
06/03/2026,17:46:32,47.62244,-52.73607,153.0,1,SKT-4015,,1.0,1.0,GPAO
06/03/2026,17:46:39,47.62244,-52.73607,152.0,1,SKT-4015,,1.0,1.0,GPAO
06/03/2026,17:46:46,47.62244,-52.73606,153.0,1,SKT-4015,,1.0,1.0,GPAO
06/03/2026,17:46:53,47.62245,-52.73606,152.0,1,SKT-4015,,1.0,1.0,GPAO
06/03/2026,17:47:00,47.62245,-52.73606,152.0,1,SKT-4015,,1.0,1.0,GPAO
06/03/2026,17:47:07,47.62245,-52.73606,152.0,1,SKT-4015,,1.0,1.0,GPAO
06/03/2026,17:47:15,47.62245,-52.73607,152.0,1,SKT-4015,,1.0,1.0,GPAO
06/03/2026,17:47:22,47.62246,-52.73607,152.0,1,SKT-4015,,1.0,1.0,GPAO
06/03/2026,17:47:29,47.62246,-52.73607,152.0,1,SKT-4015,,1.0,1.0,GPAO
06/03/2026,17:47:36,47.62246,-52.73607,152.0,1,SKT-4015,,1.0,1.0,GPAO
06/03/2026,17:47:43,47.62246,-52.73606,152.0,1,SKT-4015,,1.0,1.0,GPAO
06/03/2026,17:47:50,47.62246,-52.73606,153.0,1,SKT-4015,,1.0,1.0,GPAO
06/03/2026,17:47:58,47.62245,-52.73606,153.0,1,SKT-4015,,1.0,1.0,GPAO
06/03/2026,17:48:05,47.62245,-52.73606,153.0,1,SKT-4015,,1.0,1.0,GPAO
06/03/2026,17:48:12,47.62245,-52.73606,154.0,1,SKT-4015,,1.0,1.0,GPAO
06/03/2026,17:48:19,47.62245,-52.73606,154.0,1,SKT-4015,,1.0,1.0,GPAO
06/03/2026,17:48:26,47.62245,-52.73605,155.0,1,SKT-4015,,1.0,1.0,GPAO
06/03/2026,17:48:33,47.62245,-52.73605,155.0,1,SKT-4015,,1.0,1.0,GPAO
06/03/2026,17:48:41,47.62245,-52.73605,155.0,1,SKT-4015,,1.0,1.0,GPAO
06/03/2026,17:48:48,47.62245,-52.73605,155.0,1,SKT-4015,,1.0,1.0,GPAO
06/03/2026,17:48:55,47.62245,-52.73605,155.0,1,SKT-4015,,1.0,1.0,GPAO
06/03/2026,17:49:02,47.62245,-52.73605,155.0,1,SKT-4015,,1.0,1.0,GPAO
06/03/2026,17:49:10,47.62245,-52.73605,155.0,1,SKT-4015,,1.0,1.0,GPAO
06/03/2026,17:49:17,47.62245,-52.73605,155.0,1,SKT-4015,,1.0,1.0,GPAO
06/03/2026,17:49:24,47.62245,-52.73605,155.0,1,SKT-4015,,1.0,1.0,GPAO
06/03/2026,17:49:31,47.62245,-52.73605,155.0,1,SKT-4015,,1.0,1.0,GPAO
06/03/2026,17:49:38,47.62245,-52.73605,155.0,1,SKT-4015,,1.0,1.0,GPAO
06/03/2026,17:49:46,47.62245,-52.73605,155.0,1,SKT-4015,,1.0,1.0,GPAO
06/03/2026,17:49:53,47.62245,-52.73605,155.0,1,SKT-4015,,1.0,1.0,GPAO
06/03/2026,17:50:00,47.62245,-52.73605,155.0,1,SKT-4015,,1.0,1.0,GPAO
06/03/2026,17:50:07,47.62245,-52.73605,155.0,1,SKT-4015,,1.0,1.0,GPAO
06/03/2026,17:50:14,47.62245,-52.73605,155.0,1,SKT-4015,,1.0,1.0,GPAO
06/03/2026,17:50:21,47.62245,-52.73605,155.0,1,SKT-4015,,1.0,1.0,GPAO
06/03/2026,17:50:29,47.62245,-52.73605,155.0,1,SKT-4015,,1.0,1.0,GPAO
06/03/2026,17:50:36,47.62245,-52.73605,155.0,1,SKT-4015,,1.0,1.0,GPAO
06/03/2026,17:50:43,47.62245,-52.73605,155.0,1,SKT-4015,,1.0,1.0,GPAO
06/03/2026,17:50:50,47.62245,-52.73605,155.0,1,SKT-4015,,1.0,1.0,GPAO
06/03/2026,17:50:57,47.62245,-52.73605,155.0,1,SKT-4015,,1.0,1.0,GPAO
06/03/2026,17:51:04,47.62245,-52.73605,156.0,1,SKT-4015,,1.0,1.0,GPAO
06/03/2026,17:51:12,47.62245,-52.73605,156.0,1,SKT-4015,,1.0,1.0,GPAO
06/03/2026,17:51:19,47.62245,-52.73605,156.0,1,SKT-4015,,1.0,1.0,GPAO
06/03/2026,17:51:26,47.62245,-52.73605,156.0,1,SKT-4015,,1.0,1.0,GPAO
06/03/2026,17:51:33,47.62245,-52.73605,156.0,1,SKT-4015,,1.0,1.0,GPAO
06/03/2026,17:51:40,47.62245,-52.73605,156.0,1,SKT-4015,,1.0,1.0,GPAO
06/03/2026,17:51:48,47.62246,-52.73605,155.0,1,SKT-4015,,1.0,1.0,GPAO
06/03/2026,17:51:55,47.62246,-52.73605,156.0,1,SKT-4015,,1.0,1.0,GPAO
06/03/2026,17:52:02,47.62246,-52.73605,155.0,1,SKT-4015,,1.0,1.0,GPAO
06/03/2026,17:52:09,47.62246,-52.73605,155.0,1,SKT-4015,,1.0,1.0,GPAO
06/03/2026,17:52:16,47.62246,-52.73605,155.0,1,SKT-4015,,1.0,1.0,GPAO
06/03/2026,17:52:23,47.62246,-52.73606,155.0,1,SKT-4015,,1.0,1.0,GPAO
06/03/2026,17:52:31,47.62246,-52.73606,154.0,1,SKT-4015,,1.0,1.0,GPAO
06/03/2026,17:52:38,47.62246,-52.73606,154.0,1,SKT-4015,,1.0,1.0,GPAO
06/03/2026,17:52:45,47.62246,-52.73606,154.0,1,SKT-4015,,1.0,1.0,GPAO
06/03/2026,17:52:52,47.62246,-52.73606,154.0,1,SKT-4015,,1.0,1.0,GPAO
06/03/2026,17:52:59,47.62246,-52.73606,154.0,1,SKT-4015,,1.0,1.0,GPAO
06/03/2026,17:53:06,47.62246,-52.73606,155.0,1,SKT-4015,,1.0,1.0,GPAO
06/03/2026,17:53:14,47.62246,-52.73606,155.0,1,SKT-4015,,1.0,1.0,GPAO
06/03/2026,17:53:21,47.62246,-52.73606,155.0,1,SKT-4015,,1.0,1.0,GPAO
06/03/2026,17:53:28,47.62246,-52.73606,155.0,1,SKT-4015,,1.0,1.0,GPAO
06/03/2026,17:53:35,47.62246,-52.73606,155.0,1,SKT-4015,,1.0,1.0,GPAO
06/03/2026,17:53:42,47.62246,-52.73606,155.0,1,SKT-4015,,1.0,1.0,GPAO
06/03/2026,17:53:49,47.62246,-52.73606,155.0,1,SKT-4015,,1.0,1.0,GPAO
06/03/2026,17:53:57,47.62246,-52.73606,156.0,1,SKT-4015,,1.0,1.0,GPAO
06/03/2026,17:54:04,47.62246,-52.73606,156.0,1,SKT-4015,,1.0,1.0,GPAO
06/03/2026,17:54:11,47.62245,-52.73606,156.0,1,SKT-4015,,1.0,1.0,GPAO
06/03/2026,17:54:18,47.62245,-52.73606,156.0,1,SKT-4015,,1.0,1.0,GPAO
06/03/2026,17:54:25,47.62245,-52.73606,156.0,1,SKT-4015,,1.0,1.0,GPAO
06/03/2026,17:54:32,47.62245,-52.73606,156.0,1,SKT-4015,,1.0,1.0,GPAO
06/03/2026,17:54:40,47.62245,-52.73606,156.0,1,SKT-4015,,1.0,1.0,GPAO
06/03/2026,17:54:47,47.62245,-52.73606,156.0,1,SKT-4015,,1.0,1.0,GPAO
06/03/2026,17:54:54,47.62245,-52.73606,156.0,1,SKT-4015,,1.0,1.0,GPAO
06/03/2026,17:55:01,47.62244,-52.73606,156.0,1,SKT-4015,,1.0,1.0,GPAO
06/03/2026,17:55:08,47.62244,-52.73606,156.0,1,SKT-4015,,1.0,1.0,GPAO
06/03/2026,17:55:15,47.62244,-52.73606,155.0,1,SKT-4015,,1.0,1.0,GPAO
06/03/2026,17:55:23,47.62244,-52.73605,156.0,1,SKT-4015,,1.0,1.0,GPAO
06/03/2026,17:55:30,47.62244,-52.73605,156.0,1,SKT-4015,,1.0,1.0,GPAO
06/03/2026,17:55:37,47.62244,-52.73605,156.0,1,SKT-4015,,1.0,1.0,GPAO
06/03/2026,17:55:44,47.62244,-52.73605,156.0,1,SKT-4015,,1.0,1.0,GPAO
06/03/2026,17:55:51,47.62244,-52.73605,156.0,1,SKT-4015,,1.0,1.0,GPAO
06/03/2026,17:55:58,47.62244,-52.73605,156.0,1,SKT-4015,,1.0,1.0,GPAO
06/03/2026,17:56:06,47.62244,-52.73605,156.0,1,SKT-4015,,1.0,1.0,GPAO
06/03/2026,17:56:13,47.62244,-52.73605,157.0,1,SKT-4015,,1.0,1.0,GPAO
06/03/2026,17:56:20,47.62244,-52.73605,157.0,1,SKT-4015,,1.0,1.0,GPAO
06/03/2026,17:56:27,47.62244,-52.73605,157.0,1,SKT-4015,,1.0,1.0,GPAO
06/03/2026,17:56:34,47.62244,-52.73606,157.0,1,SKT-4015,,1.0,1.0,GPAO
06/03/2026,17:56:41,47.62244,-52.73606,157.0,1,SKT-4015,,1.0,1.0,GPAO
06/03/2026,17:56:49,47.62244,-52.73606,157.0,1,SKT-4015,,1.0,1.0,GPAO
06/03/2026,17:56:56,47.62244,-52.73606,157.0,1,SKT-4015,,1.0,1.0,GPAO
06/03/2026,17:57:03,47.62244,-52.73606,157.0,1,SKT-4015,,1.0,1.0,GPAO
06/03/2026,17:57:10,47.62244,-52.73606,157.0,1,SKT-4015,,1.0,1.0,GPAO
06/03/2026,17:57:17,47.62244,-52.73606,157.0,1,SKT-4015,,1.0,1.0,GPAO
06/03/2026,17:57:24,47.62244,-52.73606,157.0,1,SKT-4015,,1.0,1.0,GPAO
06/03/2026,17:57:32,47.62244,-52.73605,157.0,1,SKT-4015,,1.0,1.0,GPAO
06/03/2026,17:57:39,47.62244,-52.73605,157.0,1,SKT-4015,,1.0,1.0,GPAO
06/03/2026,17:57:46,47.62245,-52.73605,157.0,1,SKT-4015,,1.0,1.0,GPAO
06/03/2026,17:57:53,47.62245,-52.73605,157.0,1,SKT-4015,,1.0,1.0,GPAO
06/03/2026,17:58:00,47.62245,-52.73605,156.0,1,SKT-4015,,1.0,1.0,GPAO
06/03/2026,17:58:07,47.62245,-52.73605,156.0,1,SKT-4015,,1.0,1.0,GPAO
06/03/2026,17:58:15,47.62245,-52.73605,156.0,1,SKT-4015,,1.0,1.0,GPAO
06/03/2026,17:58:22,47.62244,-52.73605,156.0,1,SKT-4015,,1.0,1.0,GPAO
06/03/2026,17:58:29,47.62244,-52.73605,156.0,1,SKT-4015,,1.0,1.0,GPAO
06/03/2026,17:58:36,47.62244,-52.73605,156.0,1,SKT-4015,,1.0,1.0,GPAO
06/03/2026,17:58:43,47.62244,-52.73605,156.0,1,SKT-4015,,1.0,1.0,GPAO
06/03/2026,17:58:50,47.62244,-52.73605,156.0,1,SKT-4015,,1.0,1.0,GPAO
06/03/2026,17:58:58,47.62244,-52.73605,156.0,1,SKT-4015,,1.0,1.0,GPAO
06/03/2026,17:59:05,47.62244,-52.73605,156.0,1,SKT-4015,,1.0,1.0,GPAO
06/03/2026,17:59:12,47.62244,-52.73605,156.0,1,SKT-4015,,1.0,1.0,GPAO
06/03/2026,17:59:19,47.62244,-52.73605,156.0,1,SKT-4015,,1.0,1.0,GPAO
06/03/2026,17:59:26,47.62244,-52.73605,157.0,1,SKT-4015,,1.0,1.0,GPAO
06/03/2026,17:59:34,47.62244,-52.73605,157.0,1,SKT-4015,,1.0,1.0,GPAO
06/03/2026,17:59:41,47.62244,-52.73605,158.0,1,SKT-4015,,1.0,1.0,GPAO
06/03/2026,17:59:48,47.62244,-52.73605,158.0,1,SKT-4015,,1.0,1.0,GPAO
06/03/2026,17:59:55,47.62244,-52.73605,158.0,1,SKT-4015,,1.0,1.0,GPAO
06/03/2026,18:00:02,47.62244,-52.73605,158.0,1,SKT-4015,,1.0,1.0,GPAO
06/03/2026,18:00:09,47.62244,-52.73605,157.0,1,SKT-4015,,1.0,1.0,GPAO
06/03/2026,18:00:24,47.62243,-52.73605,157.0,1,SKT-4015,,1.0,1.0,GPAO
06/03/2026,18:00:31,47.62244,-52.73605,157.0,1,SKT-4015,,1.0,1.0,GPAO
06/03/2026,18:00:38,47.62244,-52.73605,157.0,1,SKT-4015,,1.0,1.0,GPAO
06/03/2026,18:00:45,47.62244,-52.73605,156.0,1,SKT-4015,,1.0,1.0,GPAO
06/03/2026,18:00:53,47.62244,-52.73605,156.0,1,SKT-4015,,1.0,1.0,GPAO
06/03/2026,18:01:00,47.62245,-52.73605,156.0,1,SKT-4015,,1.0,1.0,GPAO
06/03/2026,18:01:07,47.62245,-52.73605,156.0,1,SKT-4015,,1.0,1.0,GPAO
06/03/2026,18:01:14,47.62245,-52.73604,155.0,1,SKT-4015,,1.0,1.0,GPAO
06/03/2026,18:01:21,47.62245,-52.73604,155.0,1,SKT-4015,,1.0,1.0,GPAO
06/03/2026,18:01:28,47.62245,-52.73605,154.0,1,SKT-4015,,1.0,1.0,GPAO
06/03/2026,18:01:36,47.62245,-52.73605,154.0,1,SKT-4015,,1.0,1.0,GPAO
06/03/2026,18:01:43,47.62245,-52.73605,154.0,1,SKT-4015,,1.0,1.0,GPAO
06/03/2026,18:01:50,47.62245,-52.73605,155.0,1,SKT-4015,,1.0,1.0,GPAO
06/03/2026,18:01:57,47.62245,-52.73605,155.0,1,SKT-4015,,1.0,1.0,GPAO
06/03/2026,18:02:04,47.62245,-52.73605,155.0,1,SKT-4015,,1.0,1.0,GPAO
06/03/2026,18:02:11,47.62245,-52.73605,155.0,1,SKT-4015,,1.0,1.0,GPAO
06/03/2026,18:02:19,47.62245,-52.73605,155.0,1,SKT-4015,,1.0,1.0,GPAO
06/03/2026,18:02:26,47.62245,-52.73605,155.0,1,SKT-4015,,1.0,1.0,GPAO
06/03/2026,18:02:33,47.62245,-52.73605,155.0,1,SKT-4015,,1.0,1.0,GPAO
06/03/2026,18:02:40,47.62245,-52.73605,156.0,1,SKT-4015,,1.0,1.0,GPAO
06/03/2026,18:02:47,47.62245,-52.73605,155.0,1,SKT-4015,,1.0,1.0,GPAO
06/03/2026,18:02:54,47.62245,-52.73605,155.0,1,SKT-4015,,1.0,1.0,GPAO
06/03/2026,18:03:02,47.62245,-52.73605,155.0,1,SKT-4015,,1.0,1.0,GPAO
06/03/2026,18:03:09,47.62245,-52.73605,155.0,1,SKT-4015,,1.0,1.0,GPAO
06/03/2026,18:03:16,47.62245,-52.73605,155.0,1,SKT-4015,,1.0,1.0,GPAO
06/03/2026,18:03:23,47.62245,-52.73605,154.0,1,SKT-4015,,1.0,1.0,GPAO
06/03/2026,18:03:30,47.62245,-52.73605,154.0,1,SKT-4015,,1.0,1.0,GPAO
06/03/2026,18:03:37,47.62245,-52.73605,153.0,1,SKT-4015,,1.0,1.0,GPAO
06/03/2026,18:03:45,47.62245,-52.73605,153.0,1,SKT-4015,,1.0,1.0,GPAO
06/03/2026,18:03:52,47.62246,-52.73605,153.0,1,SKT-4015,,1.0,1.0,GPAO
06/03/2026,18:03:59,47.62246,-52.73605,153.0,1,SKT-4015,,1.0,1.0,GPAO
06/03/2026,18:04:06,47.62246,-52.73605,153.0,1,SKT-4015,,1.0,1.0,GPAO
06/03/2026,18:04:13,47.62246,-52.73605,153.0,1,SKT-4015,,1.0,1.0,GPAO
06/03/2026,18:04:20,47.62246,-52.73605,153.0,1,SKT-4015,,1.0,1.0,GPAO
06/03/2026,18:04:28,47.62246,-52.73605,153.0,1,SKT-4015,,1.0,1.0,GPAO
06/03/2026,18:04:35,47.62246,-52.73605,153.0,1,SKT-4015,,1.0,1.0,GPAO
06/03/2026,18:04:42,47.62246,-52.73605,152.0,1,SKT-4015,,1.0,1.0,GPAO
06/03/2026,18:04:49,47.62246,-52.73605,152.0,1,SKT-4015,,1.0,1.0,GPAO
06/03/2026,18:04:58,47.62246,-52.73605,152.0,1,SKT-4015,,1.0,1.0,GPAO
06/03/2026,18:05:05,47.62246,-52.73605,152.0,1,SKT-4015,,1.0,1.0,GPAO
06/03/2026,18:05:12,47.62246,-52.73604,153.0,1,SKT-4015,,1.0,1.0,GPAO
06/03/2026,18:05:19,47.62246,-52.73604,153.0,1,SKT-4015,,1.0,1.0,GPAO
06/03/2026,18:05:26,47.62246,-52.73604,154.0,1,SKT-4015,,1.0,1.0,GPAO
06/03/2026,18:05:34,47.62247,-52.73604,154.0,1,SKT-4015,,1.0,1.0,GPAO
06/03/2026,18:05:41,47.62247,-52.73604,155.0,1,SKT-4015,,1.0,1.0,GPAO
06/03/2026,18:05:48,47.62247,-52.73604,155.0,1,SKT-4015,,1.0,1.0,GPAO
06/03/2026,18:05:55,47.62247,-52.73604,155.0,1,SKT-4015,,1.0,1.0,GPAO
06/03/2026,18:06:02,47.62246,-52.73604,155.0,1,SKT-4015,,1.0,1.0,GPAO
06/03/2026,18:06:09,47.62246,-52.73604,154.0,1,SKT-4015,,1.0,1.0,GPAO
06/03/2026,18:06:17,47.62246,-52.73604,154.0,1,SKT-4015,,1.0,1.0,GPAO
06/03/2026,18:06:24,47.62246,-52.73604,154.0,1,SKT-4015,,1.0,1.0,GPAO
06/03/2026,18:06:31,47.62246,-52.73604,154.0,1,SKT-4015,,1.0,1.0,GPAO
06/03/2026,18:06:38,47.62246,-52.73604,154.0,1,SKT-4015,,1.0,1.0,GPAO
06/03/2026,18:06:45,47.62246,-52.73604,154.0,1,SKT-4015,,1.0,1.0,GPAO
06/03/2026,18:06:52,47.62246,-52.73604,155.0,1,SKT-4015,,1.0,1.0,GPAO
06/03/2026,18:07:00,47.62246,-52.73604,155.0,1,SKT-4015,,1.0,1.0,GPAO
06/03/2026,18:07:07,47.62246,-52.73604,156.0,1,SKT-4015,,1.0,1.0,GPAO
06/03/2026,18:07:14,47.62247,-52.73604,156.0,1,SKT-4015,,1.0,1.0,GPAO
06/03/2026,18:07:21,47.62247,-52.73604,157.0,1,SKT-4015,,1.0,1.0,GPAO
06/03/2026,18:07:28,47.62246,-52.73604,157.0,1,SKT-4015,,1.0,1.0,GPAO
06/03/2026,18:07:35,47.62246,-52.73604,157.0,1,SKT-4015,,1.0,1.0,GPAO
06/03/2026,18:07:43,47.62246,-52.73604,157.0,1,SKT-4015,,1.0,1.0,GPAO
06/03/2026,18:07:50,47.62246,-52.73604,157.0,1,SKT-4015,,1.0,1.0,GPAO
06/03/2026,18:07:57,47.62246,-52.73604,157.0,1,SKT-4015,,1.0,1.0,GPAO
06/03/2026,18:08:04,47.62245,-52.73604,158.0,1,SKT-4015,,1.0,1.0,GPAO
06/03/2026,18:08:11,47.62245,-52.73604,158.0,1,SKT-4015,,1.0,1.0,GPAO
06/03/2026,18:08:18,47.62245,-52.73604,158.0,1,SKT-4015,,1.0,1.0,GPAO
06/03/2026,18:08:26,47.62245,-52.73605,159.0,1,SKT-4015,,1.0,1.0,GPAO
06/03/2026,18:08:33,47.62245,-52.73605,159.0,1,SKT-4015,,1.0,1.0,GPAO
06/03/2026,18:08:40,47.62245,-52.73605,159.0,1,SKT-4015,,1.0,1.0,GPAO
06/03/2026,18:08:47,47.62245,-52.73605,159.0,1,SKT-4015,,1.0,1.0,GPAO
06/03/2026,18:08:54,47.62245,-52.73605,159.0,1,SKT-4015,,1.0,1.0,GPAO
06/03/2026,18:09:01,47.62245,-52.73605,158.0,1,SKT-4015,,1.0,1.0,GPAO
06/03/2026,18:09:08,47.62245,-52.73605,158.0,1,SKT-4015,,1.0,1.0,GPAO
06/03/2026,18:09:16,47.62245,-52.73605,158.0,1,SKT-4015,,1.0,1.0,GPAO
06/03/2026,18:09:23,47.62245,-52.73605,158.0,1,SKT-4015,,1.0,1.0,GPAO
06/03/2026,18:09:30,47.62246,-52.73605,158.0,1,SKT-4015,,1.0,1.0,GPAO
06/03/2026,18:09:37,47.62246,-52.73605,159.0,1,SKT-4015,,1.0,1.0,GPAO
06/03/2026,18:09:44,47.62246,-52.73605,159.0,1,SKT-4015,,1.0,1.0,GPAO
06/03/2026,18:09:51,47.62247,-52.73606,160.0,1,SKT-4015,,1.0,1.0,GPAO
06/03/2026,18:09:59,47.62248,-52.73606,161.0,1,SKT-4015,,1.0,1.0,GPAO
06/03/2026,18:10:06,47.62248,-52.73606,162.0,1,SKT-4015,,1.0,1.0,GPAO
06/03/2026,18:10:13,47.62248,-52.73606,162.0,1,SKT-4015,,1.0,1.0,GPAO
06/03/2026,18:10:20,47.62248,-52.73606,162.0,1,SKT-4015,,1.0,1.0,GPAO
06/03/2026,18:10:27,47.62248,-52.73606,161.0,1,SKT-4015,,1.0,1.0,GPAO
06/03/2026,18:10:35,47.62247,-52.73606,160.0,1,SKT-4015,,1.0,1.0,GPAO
06/03/2026,18:10:42,47.62247,-52.73606,159.0,1,SKT-4015,,1.0,1.0,GPAO
06/03/2026,18:10:49,47.62247,-52.73605,159.0,1,SKT-4015,,1.0,1.0,GPAO
06/03/2026,18:10:56,47.62246,-52.73605,158.0,1,SKT-4015,,1.0,1.0,GPAO
06/03/2026,18:11:03,47.62246,-52.73605,157.0,1,SKT-4015,,1.0,1.0,GPAO
06/03/2026,18:11:10,47.62246,-52.73605,157.0,1,SKT-4015,,1.0,1.0,GPAO
06/03/2026,18:11:18,47.62245,-52.73605,157.0,1,SKT-4015,,1.0,1.0,GPAO
06/03/2026,18:11:25,47.62245,-52.73605,156.0,1,SKT-4015,,1.0,1.0,GPAO
06/03/2026,18:11:32,47.62245,-52.73605,157.0,1,SKT-4015,,1.0,1.0,GPAO
06/03/2026,18:11:39,47.62245,-52.73605,157.0,1,SKT-4015,,1.0,1.0,GPAO
06/03/2026,18:11:46,47.62245,-52.73605,157.0,1,SKT-4015,,1.0,1.0,GPAO
06/03/2026,18:11:53,47.62245,-52.73605,156.0,1,SKT-4015,,1.0,1.0,GPAO
06/03/2026,18:12:01,47.62244,-52.73605,155.0,1,SKT-4015,,1.0,1.0,GPAO
06/03/2026,18:12:08,47.62244,-52.73605,155.0,1,SKT-4015,,1.0,1.0,GPAO
06/03/2026,18:12:15,47.62244,-52.73605,154.0,1,SKT-4015,,1.0,1.0,GPAO
06/03/2026,18:12:22,47.62244,-52.73605,154.0,1,SKT-4015,,1.0,1.0,GPAO
06/03/2026,18:12:29,47.62244,-52.73604,154.0,1,SKT-4015,,1.0,1.0,GPAO
06/03/2026,18:12:36,47.62244,-52.73604,154.0,1,SKT-4015,,1.0,1.0,GPAO
06/03/2026,18:12:44,47.62244,-52.73604,154.0,1,SKT-4015,,1.0,1.0,GPAO
06/03/2026,18:12:51,47.62244,-52.73604,154.0,1,SKT-4015,,1.0,1.0,GPAO
06/03/2026,18:12:58,47.62244,-52.73604,154.0,1,SKT-4015,,1.0,1.0,GPAO
06/03/2026,18:13:05,47.62244,-52.73604,154.0,1,SKT-4015,,1.0,1.0,GPAO
06/03/2026,18:13:12,47.62244,-52.73604,154.0,1,SKT-4015,,1.0,1.0,GPAO
06/03/2026,18:13:20,47.62244,-52.73604,153.0,1,SKT-4015,,1.0,1.0,GPAO
06/03/2026,18:13:27,47.62243,-52.73604,153.0,1,SKT-4015,,1.0,1.0,GPAO
06/03/2026,18:13:34,47.62243,-52.73604,152.0,1,SKT-4015,,1.0,1.0,GPAO
06/03/2026,18:13:41,47.62243,-52.73604,152.0,1,SKT-4015,,1.0,1.0,GPAO
06/03/2026,18:13:48,47.62243,-52.73604,152.0,1,SKT-4015,,1.0,1.0,GPAO
06/03/2026,18:13:55,47.62243,-52.73604,152.0,1,SKT-4015,,1.0,1.0,GPAO
06/03/2026,18:14:03,47.62244,-52.73604,152.0,1,SKT-4015,,1.0,1.0,GPAO
06/03/2026,18:14:11,47.62244,-52.73604,152.0,1,SKT-4015,,1.0,1.0,GPAO
06/03/2026,18:14:18,47.62244,-52.73604,152.0,1,SKT-4015,,1.0,1.0,GPAO
06/03/2026,18:14:25,47.62245,-52.73605,153.0,1,SKT-4015,,1.0,1.0,GPAO
06/03/2026,18:14:32,47.62245,-52.73605,154.0,1,SKT-4015,,1.0,1.0,GPAO
06/03/2026,18:14:39,47.62245,-52.73605,154.0,1,SKT-4015,,1.0,1.0,GPAO
06/03/2026,18:14:46,47.62245,-52.73605,154.0,1,SKT-4015,,1.0,1.0,GPAO
06/03/2026,18:14:54,47.62245,-52.73605,154.0,1,SKT-4015,,1.0,1.0,GPAO
06/03/2026,18:15:01,47.62246,-52.73605,153.0,1,SKT-4015,,1.0,1.0,GPAO
06/03/2026,18:15:08,47.62246,-52.73605,153.0,1,SKT-4015,,1.0,1.0,GPAO
06/03/2026,18:15:15,47.62245,-52.73605,153.0,1,SKT-4015,,1.0,1.0,GPAO
06/03/2026,18:15:22,47.62245,-52.73605,153.0,1,SKT-4015,,1.0,1.0,GPAO
06/03/2026,18:15:29,47.62245,-52.73605,152.0,1,SKT-4015,,1.0,1.0,GPAO
06/03/2026,18:15:37,47.62245,-52.73605,152.0,1,SKT-4015,,1.0,1.0,GPAO
06/03/2026,18:15:44,47.62245,-52.73605,152.0,1,SKT-4015,,1.0,1.0,GPAO
06/03/2026,18:15:51,47.62245,-52.73605,153.0,1,SKT-4015,,1.0,1.0,GPAO
06/03/2026,18:15:58,47.62245,-52.73605,153.0,1,SKT-4015,,1.0,1.0,GPAO
06/03/2026,18:16:05,47.62244,-52.73605,153.0,1,SKT-4015,,1.0,1.0,GPAO
06/03/2026,18:16:12,47.62244,-52.73605,153.0,1,SKT-4015,,1.0,1.0,GPAO
06/03/2026,18:16:20,47.62244,-52.73605,152.0,1,SKT-4015,,1.0,1.0,GPAO
06/03/2026,18:16:27,47.62244,-52.73605,152.0,1,SKT-4015,,1.0,1.0,GPAO
06/03/2026,18:16:34,47.62244,-52.73605,152.0,1,SKT-4015,,1.0,1.0,GPAO
06/03/2026,18:16:42,47.62244,-52.73605,152.0,1,SKT-4015,,1.0,1.0,GPAO
06/03/2026,18:16:50,47.62244,-52.73605,152.0,1,SKT-4015,,1.0,1.0,GPAO
06/03/2026,18:16:57,47.62244,-52.73605,152.0,1,SKT-4015,,1.0,1.0,GPAO
06/03/2026,18:17:04,47.62244,-52.73605,152.0,1,SKT-4015,,1.0,1.0,GPAO
06/03/2026,18:17:11,47.62244,-52.73605,153.0,1,SKT-4015,,1.0,1.0,GPAO
06/03/2026,18:17:18,47.62244,-52.73605,153.0,1,SKT-4015,,1.0,1.0,GPAO
06/03/2026,18:17:25,47.62245,-52.73605,154.0,1,SKT-4015,,1.0,1.0,GPAO
06/03/2026,18:17:32,47.62245,-52.73605,154.0,1,SKT-4015,,1.0,1.0,GPAO
06/03/2026,18:17:40,47.62245,-52.73605,154.0,1,SKT-4015,,1.0,1.0,GPAO
06/03/2026,18:17:47,47.62245,-52.73605,154.0,1,SKT-4015,,1.0,1.0,GPAO
06/03/2026,18:17:54,47.62245,-52.73605,154.0,1,SKT-4015,,1.0,1.0,GPAO
06/03/2026,18:18:01,47.62245,-52.73605,155.0,1,SKT-4015,,1.0,1.0,GPAO
06/03/2026,18:18:08,47.62245,-52.73605,155.0,1,SKT-4015,,1.0,1.0,GPAO
06/03/2026,18:18:16,47.62245,-52.73606,155.0,1,SKT-4015,,1.0,1.0,GPAO
06/03/2026,18:18:23,47.62245,-52.73606,156.0,1,SKT-4015,,1.0,1.0,GPAO
06/03/2026,18:18:30,47.62245,-52.73606,156.0,1,SKT-4015,,1.0,1.0,GPAO
06/03/2026,18:18:37,47.62245,-52.73606,156.0,1,SKT-4015,,1.0,1.0,GPAO
06/03/2026,18:18:44,47.62245,-52.73606,156.0,1,SKT-4015,,1.0,1.0,GPAO
06/03/2026,18:18:51,47.62245,-52.73606,156.0,1,SKT-4015,,1.0,1.0,GPAO
06/03/2026,18:18:59,47.62245,-52.73607,156.0,1,SKT-4015,,1.0,1.0,GPAO
06/03/2026,18:19:06,47.62245,-52.73607,156.0,1,SKT-4015,,1.0,1.0,GPAO
06/03/2026,18:19:13,47.62245,-52.73607,156.0,1,SKT-4015,,1.0,1.0,GPAO
06/03/2026,18:19:21,47.62246,-52.73607,156.0,1,SKT-4015,,1.0,1.0,GPAO
06/03/2026,18:19:28,47.62246,-52.73607,156.0,1,SKT-4015,,1.0,1.0,GPAO
06/03/2026,18:19:35,47.62246,-52.73607,155.0,1,SKT-4015,,1.0,1.0,GPAO
06/03/2026,18:19:42,47.62246,-52.73607,155.0,1,SKT-4015,,1.0,1.0,GPAO
06/03/2026,18:19:50,47.62245,-52.73607,155.0,1,SKT-4015,,1.0,1.0,GPAO
06/03/2026,18:19:57,47.62245,-52.73607,155.0,1,SKT-4015,,1.0,1.0,GPAO
06/03/2026,18:20:04,47.62245,-52.73607,155.0,1,SKT-4015,,1.0,1.0,GPAO
06/03/2026,18:20:11,47.62245,-52.73606,155.0,1,SKT-4015,,1.0,1.0,GPAO
06/03/2026,18:20:18,47.62245,-52.73606,154.0,1,SKT-4015,,1.0,1.0,GPAO
06/03/2026,18:20:25,47.62245,-52.73606,155.0,1,SKT-4015,,1.0,1.0,GPAO
06/03/2026,18:20:33,47.62246,-52.73606,155.0,1,SKT-4015,,1.0,1.0,GPAO
06/03/2026,18:20:40,47.62246,-52.73606,154.0,1,SKT-4015,,1.0,1.0,GPAO
06/03/2026,18:20:47,47.62246,-52.73606,154.0,1,SKT-4015,,1.0,1.0,GPAO
06/03/2026,18:20:54,47.62246,-52.73606,154.0,1,SKT-4015,,1.0,1.0,GPAO
06/03/2026,18:21:01,47.62246,-52.73606,154.0,1,SKT-4015,,1.0,1.0,GPAO
06/03/2026,18:21:08,47.62246,-52.73606,154.0,1,SKT-4015,,1.0,1.0,GPAO
06/03/2026,18:21:16,47.62246,-52.73606,154.0,1,SKT-4015,,1.0,1.0,GPAO
06/03/2026,18:21:23,47.62246,-52.73605,154.0,1,SKT-4015,,1.0,1.0,GPAO
06/03/2026,18:21:30,47.62246,-52.73605,154.0,1,SKT-4015,,1.0,1.0,GPAO
06/03/2026,18:21:37,47.62246,-52.73605,154.0,1,SKT-4015,,1.0,1.0,GPAO
06/03/2026,18:21:44,47.62246,-52.73605,154.0,1,SKT-4015,,1.0,1.0,GPAO
06/03/2026,18:21:51,47.62246,-52.73605,154.0,1,SKT-4015,,1.0,1.0,GPAO
06/03/2026,18:21:59,47.62246,-52.73605,154.0,1,SKT-4015,,1.0,1.0,GPAO
06/03/2026,18:22:06,47.62246,-52.73605,154.0,1,SKT-4015,,1.0,1.0,GPAO
06/03/2026,18:22:13,47.62246,-52.73605,154.0,1,SKT-4015,,1.0,1.0,GPAO
06/03/2026,18:22:20,47.62246,-52.73605,154.0,1,SKT-4015,,1.0,1.0,GPAO
06/03/2026,18:22:27,47.62246,-52.73605,154.0,1,SKT-4015,,1.0,1.0,GPAO
06/03/2026,18:22:34,47.62246,-52.73605,154.0,1,SKT-4015,,1.0,1.0,GPAO
06/03/2026,18:22:42,47.62246,-52.73605,154.0,1,SKT-4015,,1.0,1.0,GPAO
06/03/2026,18:22:49,47.62246,-52.73605,154.0,1,SKT-4015,,1.0,1.0,GPAO
06/03/2026,18:22:56,47.62246,-52.73605,154.0,1,SKT-4015,,1.0,1.0,GPAO
06/03/2026,18:23:03,47.62246,-52.73605,154.0,1,SKT-4015,,1.0,1.0,GPAO
06/03/2026,18:23:10,47.62246,-52.73605,154.0,1,SKT-4015,,1.0,1.0,GPAO
06/03/2026,18:23:17,47.62246,-52.73605,154.0,1,SKT-4015,,1.0,1.0,GPAO
06/03/2026,18:23:25,47.62246,-52.73606,154.0,1,SKT-4015,,1.0,1.0,GPAO
06/03/2026,18:23:32,47.62246,-52.73606,154.0,1,SKT-4015,,1.0,1.0,GPAO
06/03/2026,18:23:39,47.62246,-52.73606,155.0,1,SKT-4015,,1.0,1.0,GPAO
06/03/2026,18:23:46,47.62246,-52.73606,155.0,1,SKT-4015,,1.0,1.0,GPAO
06/03/2026,18:23:53,47.62246,-52.73606,155.0,1,SKT-4015,,1.0,1.0,GPAO
06/03/2026,18:24:00,47.62247,-52.73606,155.0,1,SKT-4015,,1.0,1.0,GPAO
06/03/2026,18:24:08,47.62246,-52.73606,155.0,1,SKT-4015,,1.0,1.0,GPAO
06/03/2026,18:24:15,47.62246,-52.73606,155.0,1,SKT-4015,,1.0,1.0,GPAO
06/03/2026,18:24:22,47.62246,-52.73606,155.0,1,SKT-4015,,1.0,1.0,GPAO
06/03/2026,18:24:29,47.62246,-52.73606,155.0,1,SKT-4015,,1.0,1.0,GPAO
06/03/2026,18:24:36,47.62246,-52.73606,155.0,1,SKT-4015,,1.0,1.0,GPAO
06/03/2026,18:24:43,47.62246,-52.73605,155.0,1,SKT-4015,,1.0,1.0,GPAO
06/03/2026,18:24:51,47.62246,-52.73606,155.0,1,SKT-4015,,1.0,1.0,GPAO
06/03/2026,18:24:58,47.62246,-52.73605,155.0,1,SKT-4015,,1.0,1.0,GPAO
06/03/2026,18:25:05,47.62246,-52.73605,156.0,1,SKT-4015,,1.0,1.0,GPAO
06/03/2026,18:25:12,47.62246,-52.73605,156.0,1,SKT-4015,,1.0,1.0,GPAO
06/03/2026,18:25:19,47.62246,-52.73605,156.0,1,SKT-4015,,1.0,1.0,GPAO
06/03/2026,18:25:26,47.62247,-52.73606,156.0,1,SKT-4015,,1.0,1.0,GPAO
06/03/2026,18:25:34,47.62247,-52.73606,156.0,1,SKT-4015,,1.0,1.0,GPAO
06/03/2026,18:25:41,47.62247,-52.73606,156.0,1,SKT-4015,,1.0,1.0,GPAO
06/03/2026,18:25:48,47.62247,-52.73606,156.0,1,SKT-4015,,1.0,1.0,GPAO
06/03/2026,18:25:55,47.62247,-52.73606,157.0,1,SKT-4015,,1.0,1.0,GPAO
06/03/2026,18:26:02,47.62247,-52.73606,157.0,1,SKT-4015,,1.0,1.0,GPAO
06/03/2026,18:26:10,47.62247,-52.73605,157.0,1,SKT-4015,,1.0,1.0,GPAO
06/03/2026,18:26:17,47.62247,-52.73605,156.0,1,SKT-4015,,1.0,1.0,GPAO
06/03/2026,18:26:24,47.62247,-52.73605,156.0,1,SKT-4015,,1.0,1.0,GPAO
06/03/2026,18:26:31,47.62247,-52.73605,156.0,1,SKT-4015,,1.0,1.0,GPAO
06/03/2026,18:26:38,47.62247,-52.73605,156.0,1,SKT-4015,,1.0,1.0,GPAO
06/03/2026,18:26:46,47.62247,-52.73605,156.0,1,SKT-4015,,1.0,1.0,GPAO
06/03/2026,18:26:53,47.62247,-52.73605,156.0,1,SKT-4015,,1.0,1.0,GPAO
06/03/2026,18:27:00,47.62247,-52.73605,156.0,1,SKT-4015,,1.0,1.0,GPAO
06/03/2026,18:27:07,47.62247,-52.73605,156.0,1,SKT-4015,,1.0,1.0,GPAO
06/03/2026,18:27:14,47.62247,-52.73605,157.0,1,SKT-4015,,1.0,1.0,GPAO
06/03/2026,18:27:21,47.62247,-52.73605,157.0,1,SKT-4015,,1.0,1.0,GPAO
06/03/2026,18:27:28,47.62247,-52.73605,157.0,1,SKT-4015,,1.0,1.0,GPAO
06/03/2026,18:27:36,47.62247,-52.73605,157.0,1,SKT-4015,,1.0,1.0,GPAO
06/03/2026,18:27:43,47.62247,-52.73605,157.0,1,SKT-4015,,1.0,1.0,GPAO
06/03/2026,18:27:50,47.62247,-52.73605,157.0,1,SKT-4015,,1.0,1.0,GPAO
06/03/2026,18:27:57,47.62247,-52.73605,156.0,1,SKT-4015,,1.0,1.0,GPAO
06/03/2026,18:28:04,47.62246,-52.73605,155.0,1,SKT-4015,,1.0,1.0,GPAO
06/03/2026,18:28:12,47.62246,-52.73605,154.0,1,SKT-4015,,1.0,1.0,GPAO
06/03/2026,18:28:20,47.62246,-52.73605,154.0,1,SKT-4015,,1.0,1.0,GPAO
06/03/2026,18:28:27,47.62245,-52.73605,153.0,1,SKT-4015,,1.0,1.0,GPAO
06/03/2026,18:28:34,47.62245,-52.73605,153.0,1,SKT-4015,,1.0,1.0,GPAO
06/03/2026,18:28:41,47.62245,-52.73605,152.0,1,SKT-4015,,1.0,1.0,GPAO
06/03/2026,18:28:48,47.62245,-52.73605,152.0,1,SKT-4015,,1.0,1.0,GPAO
06/03/2026,18:28:55,47.62245,-52.73605,152.0,1,SKT-4015,,1.0,1.0,GPAO
06/03/2026,18:29:03,47.62245,-52.73605,153.0,1,SKT-4015,,1.0,1.0,GPAO
06/03/2026,18:29:11,47.62245,-52.73605,153.0,1,SKT-4015,,1.0,1.0,GPAO
06/03/2026,18:29:18,47.62245,-52.73605,153.0,1,SKT-4015,,1.0,1.0,GPAO
06/03/2026,18:29:25,47.62245,-52.73605,153.0,1,SKT-4015,,1.0,1.0,GPAO
06/03/2026,18:29:32,47.62245,-52.73605,153.0,1,SKT-4015,,1.0,1.0,GPAO
06/03/2026,18:29:39,47.62245,-52.73605,153.0,1,SKT-4015,,1.0,1.0,GPAO
06/03/2026,18:29:46,47.62245,-52.73605,153.0,1,SKT-4015,,1.0,1.0,GPAO
06/03/2026,18:29:55,47.62245,-52.73605,153.0,1,SKT-4015,,1.0,1.0,GPAO
06/03/2026,18:30:02,47.62245,-52.73605,153.0,1,SKT-4015,,1.0,1.0,GPAO
06/03/2026,18:30:09,47.62245,-52.73605,153.0,1,SKT-4015,,1.0,1.0,GPAO
06/03/2026,18:30:16,47.62245,-52.73605,153.0,1,SKT-4015,,1.0,1.0,GPAO
06/03/2026,18:30:23,47.62245,-52.73605,153.0,1,SKT-4015,,1.0,1.0,GPAO
06/03/2026,18:30:31,47.62246,-52.73605,153.0,1,SKT-4015,,1.0,1.0,GPAO
06/03/2026,18:30:39,47.62246,-52.73605,153.0,1,SKT-4015,,1.0,1.0,GPAO
06/03/2026,18:30:46,47.62246,-52.73605,154.0,1,SKT-4015,,1.0,1.0,GPAO
06/03/2026,18:30:54,47.62246,-52.73605,154.0,1,SKT-4015,,1.0,1.0,GPAO
06/03/2026,18:31:01,47.62246,-52.73605,154.0,1,SKT-4015,,1.0,1.0,GPAO
06/03/2026,18:31:08,47.62246,-52.73605,154.0,1,SKT-4015,,1.0,1.0,GPAO
06/03/2026,18:31:15,47.62246,-52.73605,154.0,1,SKT-4015,,1.0,1.0,GPAO
06/03/2026,18:31:22,47.62246,-52.73605,154.0,1,SKT-4015,,1.0,1.0,GPAO
06/03/2026,18:31:30,47.62245,-52.73605,154.0,1,SKT-4015,,1.0,1.0,GPAO
06/03/2026,18:31:37,47.62245,-52.73605,153.0,1,SKT-4015,,1.0,1.0,GPAO
06/03/2026,18:31:44,47.62246,-52.73605,154.0,1,SKT-4015,,1.0,1.0,GPAO
06/03/2026,18:31:51,47.62246,-52.73605,154.0,1,SKT-4015,,1.0,1.0,GPAO
06/03/2026,18:31:58,47.62246,-52.73605,154.0,1,SKT-4015,,1.0,1.0,GPAO
06/03/2026,18:32:05,47.62246,-52.73605,154.0,1,SKT-4015,,1.0,1.0,GPAO
06/03/2026,18:32:13,47.62246,-52.73605,153.0,1,SKT-4015,,1.0,1.0,GPAO
06/03/2026,18:32:20,47.62246,-52.73605,153.0,1,SKT-4015,,1.0,1.0,GPAO
06/03/2026,18:32:27,47.62246,-52.73605,153.0,1,SKT-4015,,1.0,1.0,GPAO
06/03/2026,18:32:34,47.62246,-52.73605,152.0,1,SKT-4015,,1.0,1.0,GPAO
06/03/2026,18:32:41,47.62246,-52.73605,152.0,1,SKT-4015,,1.0,1.0,GPAO
06/03/2026,18:32:48,47.62246,-52.73605,152.0,1,SKT-4015,,1.0,1.0,GPAO
06/03/2026,18:32:56,47.62245,-52.73605,152.0,1,SKT-4015,,1.0,1.0,GPAO
06/03/2026,18:33:04,47.62245,-52.73605,152.0,1,SKT-4015,,1.0,1.0,GPAO
06/03/2026,18:33:11,47.62246,-52.73605,153.0,1,SKT-4015,,1.0,1.0,GPAO
06/03/2026,18:33:18,47.62246,-52.73605,153.0,1,SKT-4015,,1.0,1.0,GPAO
06/03/2026,18:33:25,47.62246,-52.73605,153.0,1,SKT-4015,,1.0,1.0,GPAO
06/03/2026,18:33:32,47.62246,-52.73605,153.0,1,SKT-4015,,1.0,1.0,GPAO
06/03/2026,18:33:39,47.62246,-52.73605,153.0,1,SKT-4015,,1.0,1.0,GPAO
06/03/2026,18:33:47,47.62246,-52.73605,153.0,1,SKT-4015,,1.0,1.0,GPAO
06/03/2026,18:33:54,47.62246,-52.73605,153.0,1,SKT-4015,,1.0,1.0,GPAO
06/03/2026,18:34:01,47.62246,-52.73605,153.0,1,SKT-4015,,1.0,1.0,GPAO
06/03/2026,18:34:08,47.62246,-52.73605,153.0,1,SKT-4015,,1.0,1.0,GPAO
06/03/2026,18:34:15,47.62246,-52.73605,153.0,1,SKT-4015,,1.0,1.0,GPAO
06/03/2026,18:34:22,47.62246,-52.73605,153.0,1,SKT-4015,,1.0,1.0,GPAO
06/03/2026,18:34:30,47.62246,-52.73605,153.0,1,SKT-4015,,1.0,1.0,GPAO
06/03/2026,18:34:37,47.62246,-52.73605,153.0,1,SKT-4015,,1.0,1.0,GPAO
06/03/2026,18:34:44,47.62246,-52.73605,154.0,1,SKT-4015,,1.0,1.0,GPAO
06/03/2026,18:34:51,47.62246,-52.73605,154.0,1,SKT-4015,,1.0,1.0,GPAO
06/03/2026,18:34:58,47.62246,-52.73605,154.0,1,SKT-4015,,1.0,1.0,GPAO
06/03/2026,18:35:06,47.62246,-52.73606,155.0,1,SKT-4015,,1.0,1.0,GPAO
06/03/2026,18:35:13,47.62246,-52.73606,155.0,1,SKT-4015,,1.0,1.0,GPAO
06/03/2026,18:35:20,47.62246,-52.73606,155.0,1,SKT-4015,,1.0,1.0,GPAO
06/03/2026,18:35:27,47.62246,-52.73606,155.0,1,SKT-4015,,1.0,1.0,GPAO
06/03/2026,18:35:34,47.62246,-52.73606,155.0,1,SKT-4015,,1.0,1.0,GPAO
06/03/2026,18:35:41,47.62247,-52.73606,155.0,1,SKT-4015,,1.0,1.0,GPAO
06/03/2026,18:35:49,47.62247,-52.73606,155.0,1,SKT-4015,,1.0,1.0,GPAO
06/03/2026,18:35:56,47.62247,-52.73606,154.0,1,SKT-4015,,1.0,1.0,GPAO
06/03/2026,18:36:03,47.62247,-52.73606,154.0,1,SKT-4015,,1.0,1.0,GPAO
06/03/2026,18:36:10,47.62247,-52.73606,154.0,1,SKT-4015,,1.0,1.0,GPAO
06/03/2026,18:36:17,47.62247,-52.73606,154.0,1,SKT-4015,,1.0,1.0,GPAO
06/03/2026,18:36:25,47.62247,-52.73606,154.0,1,SKT-4015,,1.0,1.0,GPAO
06/03/2026,18:36:32,47.62247,-52.73606,154.0,1,SKT-4015,,1.0,1.0,GPAO
06/03/2026,18:36:39,47.62247,-52.73606,154.0,1,SKT-4015,,1.0,1.0,GPAO
06/03/2026,18:36:46,47.62247,-52.73606,154.0,1,SKT-4015,,1.0,1.0,GPAO
06/03/2026,18:36:53,47.62247,-52.73606,154.0,1,SKT-4015,,1.0,1.0,GPAO
06/03/2026,18:37:01,47.62247,-52.73606,155.0,1,SKT-4015,,1.0,1.0,GPAO
06/03/2026,18:37:08,47.62247,-52.73606,155.0,1,SKT-4015,,1.0,1.0,GPAO
06/03/2026,18:37:15,47.62247,-52.73606,154.0,1,SKT-4015,,1.0,1.0,GPAO
06/03/2026,18:37:22,47.62247,-52.73606,154.0,1,SKT-4015,,1.0,1.0,GPAO
06/03/2026,18:37:29,47.62247,-52.73606,154.0,1,SKT-4015,,1.0,1.0,GPAO
06/03/2026,18:37:36,47.62247,-52.73606,154.0,1,SKT-4015,,1.0,1.0,GPAO
06/03/2026,18:37:43,47.62247,-52.73606,154.0,1,SKT-4015,,1.0,1.0,GPAO
06/03/2026,18:37:51,47.62247,-52.73606,153.0,1,SKT-4015,,1.0,1.0,GPAO
06/03/2026,18:37:58,47.62247,-52.73606,153.0,1,SKT-4015,,1.0,1.0,GPAO
06/03/2026,18:38:05,47.62247,-52.73606,154.0,1,SKT-4015,,1.0,1.0,GPAO
06/03/2026,18:38:12,47.62247,-52.73605,154.0,1,SKT-4015,,1.0,1.0,GPAO
06/03/2026,18:38:19,47.62247,-52.73605,154.0,1,SKT-4015,,1.0,1.0,GPAO
06/03/2026,18:38:27,47.62246,-52.73605,154.0,1,SKT-4015,,1.0,1.0,GPAO
06/03/2026,18:38:34,47.62246,-52.73605,154.0,1,SKT-4015,,1.0,1.0,GPAO
06/03/2026,18:38:41,47.62246,-52.73605,154.0,1,SKT-4015,,1.0,1.0,GPAO
06/03/2026,18:38:48,47.62246,-52.73605,154.0,1,SKT-4015,,1.0,1.0,GPAO
06/03/2026,18:38:55,47.62246,-52.73605,154.0,1,SKT-4015,,1.0,1.0,GPAO
06/03/2026,18:39:02,47.62246,-52.73605,155.0,1,SKT-4015,,1.0,1.0,GPAO
06/03/2026,18:39:10,47.62247,-52.73605,155.0,1,SKT-4015,,1.0,1.0,GPAO
06/03/2026,18:39:17,47.62246,-52.73605,154.0,1,SKT-4015,,1.0,1.0,GPAO
06/03/2026,18:39:24,47.62246,-52.73605,155.0,1,SKT-4015,,1.0,1.0,GPAO
06/03/2026,18:39:31,47.62246,-52.73605,155.0,1,SKT-4015,,1.0,1.0,GPAO
06/03/2026,18:39:38,47.62247,-52.73605,154.0,1,SKT-4015,,1.0,1.0,GPAO
06/03/2026,18:39:46,47.62247,-52.73605,154.0,1,SKT-4015,,1.0,1.0,GPAO
06/03/2026,18:39:53,47.62247,-52.73606,153.0,1,SKT-4015,,1.0,1.0,GPAO
06/03/2026,18:40:00,47.62246,-52.73606,153.0,1,SKT-4015,,1.0,1.0,GPAO
06/03/2026,18:40:07,47.62246,-52.73606,153.0,1,SKT-4015,,1.0,1.0,GPAO
06/03/2026,18:40:14,47.62246,-52.73606,153.0,1,SKT-4015,,1.0,1.0,GPAO
06/03/2026,18:40:22,47.62246,-52.73606,153.0,1,SKT-4015,,1.0,1.0,GPAO
06/03/2026,18:40:29,47.62246,-52.73606,153.0,1,SKT-4015,,1.0,1.0,GPAO
06/03/2026,18:40:36,47.62246,-52.73606,153.0,1,SKT-4015,,1.0,1.0,GPAO
06/03/2026,18:40:43,47.62246,-52.73606,153.0,1,SKT-4015,,1.0,1.0,GPAO
06/03/2026,18:40:50,47.62246,-52.73606,154.0,1,SKT-4015,,1.0,1.0,GPAO
06/03/2026,18:40:57,47.62246,-52.73606,154.0,1,SKT-4015,,1.0,1.0,GPAO
06/03/2026,18:41:04,47.62246,-52.73606,154.0,1,SKT-4015,,1.0,1.0,GPAO
06/03/2026,18:41:12,47.62246,-52.73606,154.0,1,SKT-4015,,1.0,1.0,GPAO
06/03/2026,18:41:19,47.62246,-52.73606,154.0,1,SKT-4015,,1.0,1.0,GPAO
06/03/2026,18:41:26,47.62246,-52.73606,154.0,1,SKT-4015,,1.0,1.0,GPAO
06/03/2026,18:41:33,47.62246,-52.73606,154.0,1,SKT-4015,,1.0,1.0,GPAO
06/03/2026,18:41:40,47.62246,-52.73606,155.0,1,SKT-4015,,1.0,1.0,GPAO
06/03/2026,18:41:47,47.62245,-52.73606,155.0,1,SKT-4015,,1.0,1.0,GPAO
06/03/2026,18:41:55,47.62245,-52.73606,155.0,1,SKT-4015,,1.0,1.0,GPAO
06/03/2026,18:42:02,47.62245,-52.73606,155.0,1,SKT-4015,,1.0,1.0,GPAO
06/03/2026,18:42:09,47.62245,-52.73606,154.0,1,SKT-4015,,1.0,1.0,GPAO
06/03/2026,18:42:16,47.62245,-52.73606,155.0,1,SKT-4015,,1.0,1.0,GPAO
06/03/2026,18:42:23,47.62244,-52.73606,154.0,1,SKT-4015,,1.0,1.0,GPAO
06/03/2026,18:42:30,47.62244,-52.73606,155.0,1,SKT-4015,,1.0,1.0,GPAO
06/03/2026,18:42:38,47.62244,-52.73606,155.0,1,SKT-4015,,1.0,1.0,GPAO
06/03/2026,18:42:45,47.62245,-52.73606,154.0,1,SKT-4015,,1.0,1.0,GPAO
06/03/2026,18:42:52,47.62245,-52.73606,154.0,1,SKT-4015,,1.0,1.0,GPAO
06/03/2026,18:42:59,47.62245,-52.73606,154.0,1,SKT-4015,,1.0,1.0,GPAO
06/03/2026,18:43:06,47.62245,-52.73606,154.0,1,SKT-4015,,1.0,1.0,GPAO
06/03/2026,18:43:13,47.62245,-52.73606,154.0,1,SKT-4015,,1.0,1.0,GPAO
06/03/2026,18:43:21,47.62246,-52.73606,153.0,1,SKT-4015,,1.0,1.0,GPAO
06/03/2026,18:43:28,47.62246,-52.73606,154.0,1,SKT-4015,,1.0,1.0,GPAO
06/03/2026,18:43:35,47.62246,-52.73606,154.0,1,SKT-4015,,1.0,1.0,GPAO
06/03/2026,18:43:42,47.62246,-52.73606,153.0,1,SKT-4015,,1.0,1.0,GPAO
06/03/2026,18:43:49,47.62246,-52.73606,154.0,1,SKT-4015,,1.0,1.0,GPAO
06/03/2026,18:43:56,47.62246,-52.73606,154.0,1,SKT-4015,,1.0,1.0,GPAO
06/03/2026,18:44:04,47.62246,-52.73605,154.0,1,SKT-4015,,1.0,1.0,GPAO
06/03/2026,18:44:11,47.62246,-52.73605,154.0,1,SKT-4015,,1.0,1.0,GPAO
06/03/2026,18:44:18,47.62246,-52.73605,154.0,1,SKT-4015,,1.0,1.0,GPAO
06/03/2026,18:44:25,47.62245,-52.73605,154.0,1,SKT-4015,,1.0,1.0,GPAO
06/03/2026,18:44:32,47.62245,-52.73605,154.0,1,SKT-4015,,1.0,1.0,GPAO
06/03/2026,18:44:39,47.62246,-52.73606,154.0,1,SKT-4015,,1.0,1.0,GPAO
06/03/2026,18:44:47,47.62246,-52.73606,154.0,1,SKT-4015,,1.0,1.0,GPAO
06/03/2026,18:44:54,47.62246,-52.73606,154.0,1,SKT-4015,,1.0,1.0,GPAO
06/03/2026,18:45:01,47.62246,-52.73606,154.0,1,SKT-4015,,1.0,1.0,GPAO
06/03/2026,18:45:08,47.62246,-52.73606,154.0,1,SKT-4015,,1.0,1.0,GPAO
06/03/2026,18:45:15,47.62246,-52.73606,154.0,1,SKT-4015,,1.0,1.0,GPAO
06/03/2026,18:45:22,47.62246,-52.73606,154.0,1,SKT-4015,,1.0,1.0,GPAO
06/03/2026,18:45:30,47.62246,-52.73606,154.0,1,SKT-4015,,1.0,1.0,GPAO
06/03/2026,18:45:37,47.62245,-52.73607,153.0,1,SKT-4015,,1.0,1.0,GPAO
06/03/2026,18:45:44,47.62245,-52.73607,153.0,1,SKT-4015,,1.0,1.0,GPAO
06/03/2026,18:45:51,47.62245,-52.73607,152.0,1,SKT-4015,,1.0,1.0,GPAO
06/03/2026,18:45:58,47.62245,-52.73607,152.0,1,SKT-4015,,1.0,1.0,GPAO
06/03/2026,18:46:05,47.62245,-52.73607,152.0,1,SKT-4015,,1.0,1.0,GPAO
06/03/2026,18:46:13,47.62245,-52.73606,152.0,1,SKT-4015,,1.0,1.0,GPAO
06/03/2026,18:46:20,47.62245,-52.73606,153.0,1,SKT-4015,,1.0,1.0,GPAO
06/03/2026,18:46:27,47.62246,-52.73606,154.0,1,SKT-4015,,1.0,1.0,GPAO
06/03/2026,18:46:34,47.62246,-52.73607,155.0,1,SKT-4015,,1.0,1.0,GPAO
06/03/2026,18:46:41,47.62246,-52.73607,155.0,1,SKT-4015,,1.0,1.0,GPAO
06/03/2026,18:46:49,47.62246,-52.73607,155.0,1,SKT-4015,,1.0,1.0,GPAO
06/03/2026,18:46:56,47.62246,-52.73607,155.0,1,SKT-4015,,1.0,1.0,GPAO
06/03/2026,18:47:03,47.62246,-52.73607,154.0,1,SKT-4015,,1.0,1.0,GPAO
06/03/2026,18:47:10,47.62246,-52.73606,153.0,1,SKT-4015,,1.0,1.0,GPAO
06/03/2026,18:47:17,47.62246,-52.73606,153.0,1,SKT-4015,,1.0,1.0,GPAO
06/03/2026,18:47:24,47.62246,-52.73606,153.0,1,SKT-4015,,1.0,1.0,GPAO
06/03/2026,18:47:32,47.62246,-52.73606,153.0,1,SKT-4015,,1.0,1.0,GPAO
06/03/2026,18:47:39,47.62246,-52.73606,153.0,1,SKT-4015,,1.0,1.0,GPAO
06/03/2026,18:47:46,47.62246,-52.73606,153.0,1,SKT-4015,,1.0,1.0,GPAO
06/03/2026,18:47:53,47.62246,-52.73606,154.0,1,SKT-4015,,1.0,1.0,GPAO
06/03/2026,18:48:00,47.62246,-52.73605,154.0,1,SKT-4015,,1.0,1.0,GPAO
06/03/2026,18:48:07,47.62246,-52.73606,154.0,1,SKT-4015,,1.0,1.0,GPAO
06/03/2026,18:48:15,47.62246,-52.73606,154.0,1,SKT-4015,,1.0,1.0,GPAO
06/03/2026,18:48:22,47.62246,-52.73606,155.0,1,SKT-4015,,1.0,1.0,GPAO
06/03/2026,18:48:29,47.62246,-52.73606,155.0,1,SKT-4015,,1.0,1.0,GPAO
06/03/2026,18:48:36,47.62246,-52.73606,154.0,1,SKT-4015,,1.0,1.0,GPAO
06/03/2026,18:48:43,47.62246,-52.73606,153.0,1,SKT-4015,,1.0,1.0,GPAO
06/03/2026,18:48:50,47.62246,-52.73606,152.0,1,SKT-4015,,1.0,1.0,GPAO
06/03/2026,18:48:58,47.62246,-52.73606,152.0,1,SKT-4015,,1.0,1.0,GPAO
06/03/2026,18:49:05,47.62246,-52.73606,152.0,1,SKT-4015,,1.0,1.0,GPAO
06/03/2026,18:49:12,47.62246,-52.73606,152.0,1,SKT-4015,,1.0,1.0,GPAO
06/03/2026,18:49:19,47.62246,-52.73606,151.0,1,SKT-4015,,1.0,1.0,GPAO
06/03/2026,18:49:26,47.62246,-52.73606,151.0,1,SKT-4015,,1.0,1.0,GPAO
06/03/2026,18:49:33,47.62246,-52.73605,151.0,1,SKT-4015,,1.0,1.0,GPAO
06/03/2026,18:49:41,47.62244,-52.73605,151.0,1,SKT-4015,,1.0,1.0,GPAO
06/03/2026,18:49:48,47.62245,-52.73605,151.0,1,SKT-4015,,1.0,1.0,GPAO
06/03/2026,18:49:55,47.62245,-52.73605,151.0,1,SKT-4015,,1.0,1.0,GPAO
06/03/2026,18:50:02,47.62245,-52.73605,152.0,1,SKT-4015,,1.0,1.0,GPAO
06/03/2026,18:50:09,47.62246,-52.73605,152.0,1,SKT-4015,,1.0,1.0,GPAO
06/03/2026,18:50:16,47.62246,-52.73605,152.0,1,SKT-4015,,1.0,1.0,GPAO
06/03/2026,18:50:24,47.62246,-52.73606,152.0,1,SKT-4015,,1.0,1.0,GPAO
06/03/2026,18:50:31,47.62247,-52.73606,151.0,1,SKT-4015,,1.0,1.0,GPAO
06/03/2026,18:50:38,47.62247,-52.73606,151.0,1,SKT-4015,,1.0,1.0,GPAO
06/03/2026,18:50:45,47.62246,-52.73606,149.0,1,SKT-4015,,1.0,1.0,GPAO
06/03/2026,18:50:52,47.62246,-52.73605,149.0,1,SKT-4015,,1.0,1.0,GPAO
06/03/2026,18:50:59,47.62246,-52.73605,150.0,1,SKT-4015,,1.0,1.0,GPAO
06/03/2026,18:51:07,47.62246,-52.73605,150.0,1,SKT-4015,,1.0,1.0,GPAO
06/03/2026,18:51:14,47.62246,-52.73605,150.0,1,SKT-4015,,1.0,1.0,GPAO
06/03/2026,18:51:21,47.62246,-52.73605,150.0,1,SKT-4015,,1.0,1.0,GPAO
06/03/2026,18:51:28,47.62246,-52.73605,150.0,1,SKT-4015,,1.0,1.0,GPAO
06/03/2026,18:51:35,47.62246,-52.73605,151.0,1,SKT-4015,,1.0,1.0,GPAO
06/03/2026,18:51:42,47.62246,-52.73605,151.0,1,SKT-4015,,1.0,1.0,GPAO
06/03/2026,18:51:50,47.62246,-52.73605,152.0,1,SKT-4015,,1.0,1.0,GPAO
06/03/2026,18:51:57,47.62246,-52.73605,152.0,1,SKT-4015,,1.0,1.0,GPAO
06/03/2026,18:52:04,47.62246,-52.73605,153.0,1,SKT-4015,,1.0,1.0,GPAO
06/03/2026,18:52:11,47.62246,-52.73605,153.0,1,SKT-4015,,1.0,1.0,GPAO
06/03/2026,18:52:18,47.62246,-52.73605,154.0,1,SKT-4015,,1.0,1.0,GPAO
06/03/2026,18:52:25,47.62246,-52.73605,154.0,1,SKT-4015,,1.0,1.0,GPAO
06/03/2026,18:52:33,47.62246,-52.73605,154.0,1,SKT-4015,,1.0,1.0,GPAO
06/03/2026,18:52:40,47.62245,-52.73605,154.0,1,SKT-4015,,1.0,1.0,GPAO
06/03/2026,18:52:47,47.62245,-52.73605,155.0,1,SKT-4015,,1.0,1.0,GPAO
06/03/2026,18:52:54,47.62245,-52.73605,155.0,1,SKT-4015,,1.0,1.0,GPAO
06/03/2026,18:53:01,47.62245,-52.73605,155.0,1,SKT-4015,,1.0,1.0,GPAO
06/03/2026,18:53:09,47.62245,-52.73604,155.0,1,SKT-4015,,1.0,1.0,GPAO
06/03/2026,18:53:16,47.62246,-52.73604,155.0,1,SKT-4015,,1.0,1.0,GPAO
06/03/2026,18:53:23,47.62245,-52.73604,155.0,1,SKT-4015,,1.0,1.0,GPAO
06/03/2026,18:53:30,47.62245,-52.73604,155.0,1,SKT-4015,,1.0,1.0,GPAO
06/03/2026,18:53:37,47.62246,-52.73604,155.0,1,SKT-4015,,1.0,1.0,GPAO
06/03/2026,18:53:44,47.62246,-52.73604,155.0,1,SKT-4015,,1.0,1.0,GPAO
06/03/2026,18:53:52,47.62246,-52.73604,155.0,1,SKT-4015,,1.0,1.0,GPAO
06/03/2026,18:53:59,47.62246,-52.73603,155.0,1,SKT-4015,,1.0,1.0,GPAO
06/03/2026,18:54:06,47.62246,-52.73603,155.0,1,SKT-4015,,1.0,1.0,GPAO
06/03/2026,18:54:13,47.62246,-52.73603,155.0,1,SKT-4015,,1.0,1.0,GPAO
06/03/2026,18:54:20,47.62245,-52.73603,155.0,1,SKT-4015,,1.0,1.0,GPAO
06/03/2026,18:54:27,47.62245,-52.73603,155.0,1,SKT-4015,,1.0,1.0,GPAO
06/03/2026,18:54:35,47.62245,-52.73603,155.0,1,SKT-4015,,1.0,1.0,GPAO
06/03/2026,18:54:42,47.62244,-52.73603,154.0,1,SKT-4015,,1.0,1.0,GPAO
06/03/2026,18:54:49,47.62244,-52.73603,155.0,1,SKT-4015,,1.0,1.0,GPAO
06/03/2026,18:54:56,47.62244,-52.73603,155.0,1,SKT-4015,,1.0,1.0,GPAO
06/03/2026,18:55:03,47.62244,-52.73603,155.0,1,SKT-4015,,1.0,1.0,GPAO
06/03/2026,18:55:10,47.62244,-52.73603,154.0,1,SKT-4015,,1.0,1.0,GPAO
06/03/2026,18:55:18,47.62244,-52.73603,153.0,1,SKT-4015,,1.0,1.0,GPAO
06/03/2026,18:55:25,47.62245,-52.73603,153.0,1,SKT-4015,,1.0,1.0,GPAO
06/03/2026,18:55:32,47.62245,-52.73604,153.0,1,SKT-4015,,1.0,1.0,GPAO
06/03/2026,18:55:39,47.62245,-52.73604,153.0,1,SKT-4015,,1.0,1.0,GPAO
06/03/2026,18:55:46,47.62245,-52.73604,152.0,1,SKT-4015,,1.0,1.0,GPAO
06/03/2026,18:55:53,47.62245,-52.73604,152.0,1,SKT-4015,,1.0,1.0,GPAO
06/03/2026,18:56:01,47.62245,-52.73604,152.0,1,SKT-4015,,1.0,1.0,GPAO
06/03/2026,18:56:08,47.62245,-52.73604,152.0,1,SKT-4015,,1.0,1.0,GPAO
06/03/2026,18:56:15,47.62246,-52.73605,152.0,1,SKT-4015,,1.0,1.0,GPAO
06/03/2026,18:56:22,47.62246,-52.73605,152.0,1,SKT-4015,,1.0,1.0,GPAO
06/03/2026,18:56:29,47.62246,-52.73605,151.0,1,SKT-4015,,1.0,1.0,GPAO
06/03/2026,18:56:36,47.62246,-52.73605,151.0,1,SKT-4015,,1.0,1.0,GPAO
06/03/2026,18:56:44,47.62246,-52.73605,150.0,1,SKT-4015,,1.0,1.0,GPAO
06/03/2026,18:56:51,47.62245,-52.73605,150.0,1,SKT-4015,,1.0,1.0,GPAO
06/03/2026,18:56:58,47.62245,-52.73605,150.0,1,SKT-4015,,1.0,1.0,GPAO
06/03/2026,18:57:05,47.62245,-52.73605,150.0,1,SKT-4015,,1.0,1.0,GPAO
06/03/2026,18:57:12,47.62244,-52.73605,150.0,1,SKT-4015,,1.0,1.0,GPAO
06/03/2026,18:57:19,47.62244,-52.73605,150.0,1,SKT-4015,,1.0,1.0,GPAO
06/03/2026,18:57:27,47.62245,-52.73605,150.0,1,SKT-4015,,1.0,1.0,GPAO
06/03/2026,18:57:34,47.62245,-52.73605,151.0,1,SKT-4015,,1.0,1.0,GPAO
06/03/2026,18:57:41,47.62245,-52.73605,151.0,1,SKT-4015,,1.0,1.0,GPAO
06/03/2026,18:57:48,47.62245,-52.73605,151.0,1,SKT-4015,,1.0,1.0,GPAO
06/03/2026,18:57:55,47.62245,-52.73605,151.0,1,SKT-4015,,1.0,1.0,GPAO
06/03/2026,18:58:02,47.62245,-52.73606,151.0,1,SKT-4015,,1.0,1.0,GPAO
06/03/2026,18:58:10,47.62246,-52.73606,152.0,1,SKT-4015,,1.0,1.0,GPAO
06/03/2026,18:58:17,47.62245,-52.73606,152.0,1,SKT-4015,,1.0,1.0,GPAO
06/03/2026,18:58:24,47.62245,-52.73605,153.0,1,SKT-4015,,1.0,1.0,GPAO
06/03/2026,18:58:31,47.62244,-52.73605,153.0,1,SKT-4015,,1.0,1.0,GPAO
06/03/2026,18:58:38,47.62243,-52.73603,154.0,1,SKT-4015,,1.0,1.0,GPAO
06/03/2026,18:58:45,47.62243,-52.73603,154.0,1,SKT-4015,,1.0,1.0,GPAO
06/03/2026,18:58:53,47.62243,-52.73603,154.0,1,SKT-4015,,1.0,1.0,GPAO
06/03/2026,18:59:00,47.62243,-52.73603,155.0,1,SKT-4015,,1.0,1.0,GPAO
06/03/2026,18:59:07,47.62243,-52.73603,155.0,1,SKT-4015,,1.0,1.0,GPAO
06/03/2026,18:59:14,47.62243,-52.73603,155.0,1,SKT-4015,,1.0,1.0,GPAO
06/03/2026,18:59:21,47.62243,-52.73603,155.0,1,SKT-4015,,1.0,1.0,GPAO
06/03/2026,18:59:28,47.62243,-52.73603,155.0,1,SKT-4015,,1.0,1.0,GPAO
06/03/2026,18:59:36,47.62243,-52.73603,155.0,1,SKT-4015,,1.0,1.0,GPAO
06/03/2026,18:59:43,47.62243,-52.73603,155.0,1,SKT-4015,,1.0,1.0,GPAO
06/03/2026,18:59:50,47.62243,-52.73603,155.0,1,SKT-4015,,1.0,1.0,GPAO
06/03/2026,18:59:57,47.62243,-52.73603,155.0,1,SKT-4015,,1.0,1.0,GPAO
06/03/2026,19:00:04,47.62244,-52.73604,155.0,1,SKT-4015,,1.0,1.0,GPAO
06/03/2026,19:00:12,47.62244,-52.73603,155.0,1,SKT-4015,,1.0,1.0,GPAO
06/03/2026,19:00:28,47.62244,-52.73604,155.0,1,SKT-4015,,1.0,1.0,GPAO
06/03/2026,19:00:35,47.62244,-52.73604,155.0,1,SKT-4015,,1.0,1.0,GPAO
06/03/2026,19:00:42,47.62244,-52.73605,155.0,1,SKT-4015,,1.0,1.0,GPAO
06/03/2026,19:00:49,47.62244,-52.73605,156.0,1,SKT-4015,,1.0,1.0,GPAO
06/03/2026,19:00:56,47.62245,-52.73605,156.0,1,SKT-4015,,1.0,1.0,GPAO
06/03/2026,19:01:03,47.62245,-52.73606,156.0,1,SKT-4015,,1.0,1.0,GPAO
06/03/2026,19:01:11,47.62246,-52.73606,157.0,1,SKT-4015,,1.0,1.0,GPAO
06/03/2026,19:01:18,47.62246,-52.73606,158.0,1,SKT-4015,,1.0,1.0,GPAO
06/03/2026,19:01:25,47.62246,-52.73606,158.0,1,SKT-4015,,1.0,1.0,GPAO
06/03/2026,19:01:32,47.62246,-52.73606,158.0,1,SKT-4015,,1.0,1.0,GPAO
06/03/2026,19:01:39,47.62246,-52.73606,157.0,1,SKT-4015,,1.0,1.0,GPAO
06/03/2026,19:01:46,47.62246,-52.73606,156.0,1,SKT-4015,,1.0,1.0,GPAO
06/03/2026,19:01:54,47.62246,-52.73606,155.0,1,SKT-4015,,1.0,1.0,GPAO
06/03/2026,19:02:01,47.62246,-52.73606,155.0,1,SKT-4015,,1.0,1.0,GPAO
06/03/2026,19:02:08,47.62246,-52.73605,154.0,1,SKT-4015,,1.0,1.0,GPAO
06/03/2026,19:02:15,47.62246,-52.73605,154.0,1,SKT-4015,,1.0,1.0,GPAO
06/03/2026,19:02:22,47.62246,-52.73605,154.0,1,SKT-4015,,1.0,1.0,GPAO
06/03/2026,19:02:30,47.62246,-52.73605,154.0,1,SKT-4015,,1.0,1.0,GPAO
06/03/2026,19:02:37,47.62246,-52.73605,155.0,1,SKT-4015,,1.0,1.0,GPAO
06/03/2026,19:02:44,47.62246,-52.73605,155.0,1,SKT-4015,,1.0,1.0,GPAO
06/03/2026,19:02:51,47.62246,-52.73605,155.0,1,SKT-4015,,1.0,1.0,GPAO
06/03/2026,19:02:58,47.62246,-52.73605,155.0,1,SKT-4015,,1.0,1.0,GPAO
06/03/2026,19:03:05,47.62247,-52.73605,155.0,1,SKT-4015,,1.0,1.0,GPAO
06/03/2026,19:03:13,47.62247,-52.73605,154.0,1,SKT-4015,,1.0,1.0,GPAO
06/03/2026,19:03:20,47.62247,-52.73605,154.0,1,SKT-4015,,1.0,1.0,GPAO
06/03/2026,19:03:27,47.62247,-52.73605,154.0,1,SKT-4015,,1.0,1.0,GPAO
06/03/2026,19:03:34,47.62247,-52.73605,154.0,1,SKT-4015,,1.0,1.0,GPAO
06/03/2026,19:03:42,47.62247,-52.73605,153.0,1,SKT-4015,,1.0,1.0,GPAO
06/03/2026,19:03:49,47.62247,-52.73605,152.0,1,SKT-4015,,1.0,1.0,GPAO
06/03/2026,19:03:56,47.62247,-52.73605,152.0,1,SKT-4015,,1.0,1.0,GPAO
06/03/2026,19:04:03,47.62247,-52.73606,151.0,1,SKT-4015,,1.0,1.0,GPAO
06/03/2026,19:04:10,47.62247,-52.73606,151.0,1,SKT-4015,,1.0,1.0,GPAO
06/03/2026,19:04:17,47.62247,-52.73606,151.0,1,SKT-4015,,1.0,1.0,GPAO
06/03/2026,19:04:25,47.62247,-52.73606,151.0,1,SKT-4015,,1.0,1.0,GPAO
06/03/2026,19:04:32,47.62247,-52.73606,151.0,1,SKT-4015,,1.0,1.0,GPAO
06/03/2026,19:04:39,47.62248,-52.73606,152.0,1,SKT-4015,,1.0,1.0,GPAO
06/03/2026,19:04:46,47.62248,-52.73606,152.0,1,SKT-4015,,1.0,1.0,GPAO
06/03/2026,19:04:53,47.62248,-52.73606,153.0,1,SKT-4015,,1.0,1.0,GPAO
06/03/2026,19:05:00,47.62248,-52.73606,153.0,1,SKT-4015,,1.0,1.0,GPAO
06/03/2026,19:05:08,47.62249,-52.73607,153.0,1,SKT-4015,,1.0,1.0,GPAO
06/03/2026,19:05:15,47.62249,-52.73607,153.0,1,SKT-4015,,1.0,1.0,GPAO
06/03/2026,19:05:22,47.62249,-52.73607,153.0,1,SKT-4015,,1.0,1.0,GPAO
06/03/2026,19:05:29,47.62248,-52.73607,153.0,1,SKT-4015,,1.0,1.0,GPAO
06/03/2026,19:05:36,47.62248,-52.73606,152.0,1,SKT-4015,,1.0,1.0,GPAO
06/03/2026,19:05:43,47.62248,-52.73606,152.0,1,SKT-4015,,1.0,1.0,GPAO
06/03/2026,19:05:51,47.62247,-52.73606,153.0,1,SKT-4015,,1.0,1.0,GPAO
06/03/2026,19:05:58,47.62247,-52.73606,153.0,1,SKT-4015,,1.0,1.0,GPAO
06/03/2026,19:06:05,47.62247,-52.73605,153.0,1,SKT-4015,,1.0,1.0,GPAO
06/03/2026,19:06:12,47.62247,-52.73605,153.0,1,SKT-4015,,1.0,1.0,GPAO
06/03/2026,19:06:19,47.62246,-52.73605,153.0,1,SKT-4015,,1.0,1.0,GPAO
06/03/2026,19:06:26,47.62246,-52.73605,152.0,1,SKT-4015,,1.0,1.0,GPAO
06/03/2026,19:06:34,47.62246,-52.73605,152.0,1,SKT-4015,,1.0,1.0,GPAO
06/03/2026,19:06:41,47.62247,-52.73605,152.0,1,SKT-4015,,1.0,1.0,GPAO
06/03/2026,19:06:48,47.62247,-52.73605,151.0,1,SKT-4015,,1.0,1.0,GPAO
06/03/2026,19:06:56,47.62247,-52.73605,151.0,1,SKT-4015,,1.0,1.0,GPAO
06/03/2026,19:07:03,47.62247,-52.73605,151.0,1,SKT-4015,,1.0,1.0,GPAO
06/03/2026,19:07:11,47.62247,-52.73605,150.0,1,SKT-4015,,1.0,1.0,GPAO
06/03/2026,19:07:18,47.62247,-52.73605,150.0,1,SKT-4015,,1.0,1.0,GPAO
06/03/2026,19:07:25,47.62247,-52.73605,151.0,1,SKT-4015,,1.0,1.0,GPAO
06/03/2026,19:07:32,47.62247,-52.73605,151.0,1,SKT-4015,,1.0,1.0,GPAO
06/03/2026,19:07:39,47.62247,-52.73605,151.0,1,SKT-4015,,1.0,1.0,GPAO
06/03/2026,19:07:46,47.62247,-52.73605,151.0,1,SKT-4015,,1.0,1.0,GPAO
06/03/2026,19:07:54,47.62247,-52.73605,151.0,1,SKT-4015,,1.0,1.0,GPAO
06/03/2026,19:08:01,47.62247,-52.73605,151.0,1,SKT-4015,,1.0,1.0,GPAO
06/03/2026,19:08:08,47.62247,-52.73605,151.0,1,SKT-4015,,1.0,1.0,GPAO
06/03/2026,19:08:15,47.62247,-52.73606,151.0,1,SKT-4015,,1.0,1.0,GPAO
06/03/2026,19:08:22,47.62247,-52.73606,150.0,1,SKT-4015,,1.0,1.0,GPAO
06/03/2026,19:08:29,47.62247,-52.73606,150.0,1,SKT-4015,,1.0,1.0,GPAO
06/03/2026,19:08:36,47.62247,-52.73606,150.0,1,SKT-4015,,1.0,1.0,GPAO
06/03/2026,19:08:44,47.62247,-52.73606,150.0,1,SKT-4015,,1.0,1.0,GPAO
06/03/2026,19:08:51,47.62247,-52.73606,150.0,1,SKT-4015,,1.0,1.0,GPAO
06/03/2026,19:08:58,47.62247,-52.73606,150.0,1,SKT-4015,,1.0,1.0,GPAO
06/03/2026,19:09:05,47.62247,-52.73606,150.0,1,SKT-4015,,1.0,1.0,GPAO
06/03/2026,19:09:12,47.62247,-52.73606,150.0,1,SKT-4015,,1.0,1.0,GPAO
06/03/2026,19:09:20,47.62247,-52.73606,150.0,1,SKT-4015,,1.0,1.0,GPAO
06/03/2026,19:09:27,47.62247,-52.73606,149.0,1,SKT-4015,,1.0,1.0,GPAO
06/03/2026,19:09:34,47.62247,-52.73606,149.0,1,SKT-4015,,1.0,1.0,GPAO
06/03/2026,19:09:41,47.62247,-52.73606,149.0,1,SKT-4015,,1.0,1.0,GPAO
06/03/2026,19:09:48,47.62247,-52.73605,149.0,1,SKT-4015,,1.0,1.0,GPAO
06/03/2026,19:09:55,47.62247,-52.73605,149.0,1,SKT-4015,,1.0,1.0,GPAO
06/03/2026,19:10:02,47.62247,-52.73606,149.0,1,SKT-4015,,1.0,1.0,GPAO
06/03/2026,19:10:10,47.62247,-52.73606,149.0,1,SKT-4015,,1.0,1.0,GPAO
06/03/2026,19:10:17,47.62247,-52.73606,149.0,1,SKT-4015,,1.0,1.0,GPAO
06/03/2026,19:10:24,47.62247,-52.73606,149.0,1,SKT-4015,,1.0,1.0,GPAO
06/03/2026,19:10:31,47.62247,-52.73606,149.0,1,SKT-4015,,1.0,1.0,GPAO
06/03/2026,19:10:38,47.62247,-52.73606,149.0,1,SKT-4015,,1.0,1.0,GPAO
06/03/2026,19:10:45,47.62247,-52.73606,149.0,1,SKT-4015,,1.0,1.0,GPAO
06/03/2026,19:10:53,47.62247,-52.73606,149.0,1,SKT-4015,,1.0,1.0,GPAO
06/03/2026,19:11:00,47.62247,-52.73606,149.0,1,SKT-4015,,1.0,1.0,GPAO
06/03/2026,19:11:07,47.62247,-52.73606,148.0,1,SKT-4015,,1.0,1.0,GPAO
06/03/2026,19:11:14,47.62247,-52.73606,148.0,1,SKT-4015,,1.0,1.0,GPAO
06/03/2026,19:11:21,47.62247,-52.73606,148.0,1,SKT-4015,,1.0,1.0,GPAO
06/03/2026,19:11:28,47.62247,-52.73606,148.0,1,SKT-4015,,1.0,1.0,GPAO
06/03/2026,19:11:36,47.62248,-52.73606,148.0,1,SKT-4015,,1.0,1.0,GPAO
06/03/2026,19:11:43,47.62248,-52.73606,148.0,1,SKT-4015,,1.0,1.0,GPAO
06/03/2026,19:11:50,47.62248,-52.73606,148.0,1,SKT-4015,,1.0,1.0,GPAO
06/03/2026,19:11:57,47.62248,-52.73606,149.0,1,SKT-4015,,1.0,1.0,GPAO
06/03/2026,19:12:04,47.62248,-52.73605,149.0,1,SKT-4015,,1.0,1.0,GPAO
06/03/2026,19:12:11,47.62248,-52.73605,149.0,1,SKT-4015,,1.0,1.0,GPAO
06/03/2026,19:12:19,47.62247,-52.73605,149.0,1,SKT-4015,,1.0,1.0,GPAO
06/03/2026,19:12:26,47.62247,-52.73605,150.0,1,SKT-4015,,1.0,1.0,GPAO
06/03/2026,19:12:33,47.62247,-52.73605,150.0,1,SKT-4015,,1.0,1.0,GPAO
06/03/2026,19:12:40,47.62247,-52.73605,151.0,1,SKT-4015,,1.0,1.0,GPAO
06/03/2026,19:12:47,47.62247,-52.73604,151.0,1,SKT-4015,,1.0,1.0,GPAO
06/03/2026,19:12:54,47.62247,-52.73604,151.0,1,SKT-4015,,1.0,1.0,GPAO
06/03/2026,19:13:02,47.62247,-52.73604,151.0,1,SKT-4015,,1.0,1.0,GPAO
06/03/2026,19:13:09,47.62247,-52.73604,152.0,1,SKT-4015,,1.0,1.0,GPAO
06/03/2026,19:13:16,47.62247,-52.73604,152.0,1,SKT-4015,,1.0,1.0,GPAO
06/03/2026,19:13:23,47.62247,-52.73605,152.0,1,SKT-4015,,1.0,1.0,GPAO
06/03/2026,19:13:30,47.62247,-52.73605,152.0,1,SKT-4015,,1.0,1.0,GPAO
06/03/2026,19:13:37,47.62247,-52.73605,152.0,1,SKT-4015,,1.0,1.0,GPAO
06/03/2026,19:13:45,47.62247,-52.73604,153.0,1,SKT-4015,,1.0,1.0,GPAO
06/03/2026,19:13:52,47.62246,-52.73604,153.0,1,SKT-4015,,1.0,1.0,GPAO
06/03/2026,19:13:59,47.62246,-52.73604,154.0,1,SKT-4015,,1.0,1.0,GPAO
06/03/2026,19:14:06,47.62246,-52.73603,153.0,1,SKT-4015,,1.0,1.0,GPAO
06/03/2026,19:14:13,47.62246,-52.73603,153.0,1,SKT-4015,,1.0,1.0,GPAO
06/03/2026,19:14:21,47.62246,-52.73603,153.0,1,SKT-4015,,1.0,1.0,GPAO
06/03/2026,19:14:28,47.62246,-52.73603,153.0,1,SKT-4015,,1.0,1.0,GPAO
06/03/2026,19:14:35,47.62246,-52.73603,153.0,1,SKT-4015,,1.0,1.0,GPAO
06/03/2026,19:14:42,47.62246,-52.73603,153.0,1,SKT-4015,,1.0,1.0,GPAO
06/03/2026,19:14:49,47.62246,-52.73603,154.0,1,SKT-4015,,1.0,1.0,GPAO
06/03/2026,19:14:56,47.62246,-52.73602,154.0,1,SKT-4015,,1.0,1.0,GPAO
06/03/2026,19:15:04,47.62245,-52.73602,154.0,1,SKT-4015,,1.0,1.0,GPAO
06/03/2026,19:15:11,47.62245,-52.73602,154.0,1,SKT-4015,,1.0,1.0,GPAO
06/03/2026,19:15:18,47.62245,-52.73603,154.0,1,SKT-4015,,1.0,1.0,GPAO
06/03/2026,19:15:25,47.62245,-52.73603,153.0,1,SKT-4015,,1.0,1.0,GPAO
06/03/2026,19:15:32,47.62245,-52.73603,153.0,1,SKT-4015,,1.0,1.0,GPAO
06/03/2026,19:15:39,47.62245,-52.73603,153.0,1,SKT-4015,,1.0,1.0,GPAO
06/03/2026,19:15:47,47.62245,-52.73603,153.0,1,SKT-4015,,1.0,1.0,GPAO
06/03/2026,19:15:54,47.62246,-52.73603,152.0,1,SKT-4015,,1.0,1.0,GPAO
06/03/2026,19:16:01,47.62246,-52.73604,152.0,1,SKT-4015,,1.0,1.0,GPAO
06/03/2026,19:16:08,47.62246,-52.73604,152.0,1,SKT-4015,,1.0,1.0,GPAO
06/03/2026,19:16:15,47.62246,-52.73604,151.0,1,SKT-4015,,1.0,1.0,GPAO
06/03/2026,19:16:22,47.62246,-52.73604,151.0,1,SKT-4015,,1.0,1.0,GPAO
06/03/2026,19:16:30,47.62246,-52.73605,151.0,1,SKT-4015,,1.0,1.0,GPAO
06/03/2026,19:16:37,47.62246,-52.73605,151.0,1,SKT-4015,,1.0,1.0,GPAO
06/03/2026,19:16:44,47.62246,-52.73605,150.0,1,SKT-4015,,1.0,1.0,GPAO
06/03/2026,19:16:51,47.62246,-52.73604,151.0,1,SKT-4015,,1.0,1.0,GPAO
06/03/2026,19:16:58,47.62245,-52.73604,152.0,1,SKT-4015,,1.0,1.0,GPAO
06/03/2026,19:17:06,47.62244,-52.73604,153.0,1,SKT-4015,,1.0,1.0,GPAO
06/03/2026,19:17:13,47.62244,-52.73604,153.0,1,SKT-4015,,1.0,1.0,GPAO
06/03/2026,19:17:21,47.62244,-52.73604,153.0,1,SKT-4015,,1.0,1.0,GPAO
06/03/2026,19:17:28,47.62244,-52.73604,153.0,1,SKT-4015,,1.0,1.0,GPAO
06/03/2026,19:17:35,47.62244,-52.73605,153.0,1,SKT-4015,,1.0,1.0,GPAO
06/03/2026,19:17:42,47.62244,-52.73605,153.0,1,SKT-4015,,1.0,1.0,GPAO
06/03/2026,19:17:49,47.62244,-52.73605,153.0,1,SKT-4015,,1.0,1.0,GPAO
06/03/2026,19:17:56,47.62244,-52.73605,153.0,1,SKT-4015,,1.0,1.0,GPAO
06/03/2026,19:18:04,47.62244,-52.73605,152.0,1,SKT-4015,,1.0,1.0,GPAO
06/03/2026,19:18:11,47.62244,-52.73606,152.0,1,SKT-4015,,1.0,1.0,GPAO
06/03/2026,19:18:18,47.62244,-52.73606,152.0,1,SKT-4015,,1.0,1.0,GPAO
06/03/2026,19:18:25,47.62244,-52.73606,152.0,1,SKT-4015,,1.0,1.0,GPAO
06/03/2026,19:18:32,47.62244,-52.73607,152.0,1,SKT-4015,,1.0,1.0,GPAO
06/03/2026,19:18:39,47.62244,-52.73607,152.0,1,SKT-4015,,1.0,1.0,GPAO
06/03/2026,19:18:47,47.62244,-52.73607,152.0,1,SKT-4015,,1.0,1.0,GPAO
06/03/2026,19:18:54,47.62244,-52.73607,152.0,1,SKT-4015,,1.0,1.0,GPAO
06/03/2026,19:19:01,47.62244,-52.73607,152.0,1,SKT-4015,,1.0,1.0,GPAO
06/03/2026,19:19:08,47.62244,-52.73607,152.0,1,SKT-4015,,1.0,1.0,GPAO
06/03/2026,19:19:15,47.62244,-52.73607,152.0,1,SKT-4015,,1.0,1.0,GPAO
06/03/2026,19:19:22,47.62244,-52.73607,151.0,1,SKT-4015,,1.0,1.0,GPAO
06/03/2026,19:19:30,47.62244,-52.73607,151.0,1,SKT-4015,,1.0,1.0,GPAO
06/03/2026,19:19:37,47.62245,-52.73608,151.0,1,SKT-4015,,1.0,1.0,GPAO
06/03/2026,19:19:44,47.62245,-52.73608,151.0,1,SKT-4015,,1.0,1.0,GPAO
06/03/2026,19:19:51,47.62245,-52.73608,151.0,1,SKT-4015,,1.0,1.0,GPAO
06/03/2026,19:19:58,47.62245,-52.73608,151.0,1,SKT-4015,,1.0,1.0,GPAO
06/03/2026,19:20:05,47.62245,-52.73608,151.0,1,SKT-4015,,1.0,1.0,GPAO
06/03/2026,19:20:13,47.62245,-52.73608,151.0,1,SKT-4015,,1.0,1.0,GPAO
06/03/2026,19:20:20,47.62245,-52.73608,151.0,1,SKT-4015,,1.0,1.0,GPAO
06/03/2026,19:20:27,47.62245,-52.73608,151.0,1,SKT-4015,,1.0,1.0,GPAO
06/03/2026,19:20:34,47.62245,-52.73608,150.0,1,SKT-4015,,1.0,1.0,GPAO
06/03/2026,19:20:41,47.62245,-52.73608,150.0,1,SKT-4015,,1.0,1.0,GPAO
06/03/2026,19:20:48,47.62245,-52.73608,150.0,1,SKT-4015,,1.0,1.0,GPAO
06/03/2026,19:20:56,47.62245,-52.73608,150.0,1,SKT-4015,,1.0,1.0,GPAO
06/03/2026,19:21:03,47.62245,-52.73607,151.0,1,SKT-4015,,1.0,1.0,GPAO
06/03/2026,19:21:10,47.62244,-52.73607,152.0,1,SKT-4015,,1.0,1.0,GPAO
06/03/2026,19:21:17,47.62244,-52.73607,152.0,1,SKT-4015,,1.0,1.0,GPAO
06/03/2026,19:21:24,47.62244,-52.73606,153.0,1,SKT-4015,,1.0,1.0,GPAO
06/03/2026,19:21:31,47.62244,-52.73606,153.0,1,SKT-4015,,1.0,1.0,GPAO
06/03/2026,19:21:39,47.62244,-52.73606,153.0,1,SKT-4015,,1.0,1.0,GPAO
06/03/2026,19:21:46,47.62245,-52.73606,153.0,1,SKT-4015,,1.0,1.0,GPAO
06/03/2026,19:21:53,47.62245,-52.73606,153.0,1,SKT-4015,,1.0,1.0,GPAO
06/03/2026,19:22:00,47.62245,-52.73606,153.0,1,SKT-4015,,1.0,1.0,GPAO
06/03/2026,19:22:07,47.62245,-52.73606,153.0,1,SKT-4015,,1.0,1.0,GPAO
06/03/2026,19:22:14,47.62245,-52.73606,153.0,1,SKT-4015,,1.0,1.0,GPAO
06/03/2026,19:22:22,47.62244,-52.73606,153.0,1,SKT-4015,,1.0,1.0,GPAO
06/03/2026,19:22:29,47.62244,-52.73606,153.0,1,SKT-4015,,1.0,1.0,GPAO
06/03/2026,19:22:36,47.62244,-52.73606,153.0,1,SKT-4015,,1.0,1.0,GPAO
06/03/2026,19:22:43,47.62244,-52.73606,153.0,1,SKT-4015,,1.0,1.0,GPAO
06/03/2026,19:22:50,47.62244,-52.73606,153.0,1,SKT-4015,,1.0,1.0,GPAO
06/03/2026,19:22:58,47.62245,-52.73606,153.0,1,SKT-4015,,1.0,1.0,GPAO
06/03/2026,19:23:05,47.62245,-52.73606,153.0,1,SKT-4015,,1.0,1.0,GPAO
06/03/2026,19:23:12,47.62245,-52.73606,153.0,1,SKT-4015,,1.0,1.0,GPAO
06/03/2026,19:23:19,47.62245,-52.73606,154.0,1,SKT-4015,,1.0,1.0,GPAO
06/03/2026,19:23:26,47.62245,-52.73606,154.0,1,SKT-4015,,1.0,1.0,GPAO
06/03/2026,19:23:33,47.62245,-52.73606,154.0,1,SKT-4015,,1.0,1.0,GPAO
06/03/2026,19:23:40,47.62245,-52.73606,155.0,1,SKT-4015,,1.0,1.0,GPAO
06/03/2026,19:23:48,47.62245,-52.73605,155.0,1,SKT-4015,,1.0,1.0,GPAO
09/03/2026,12:18:42,47.62244,-52.73606,153.0,1,SKT-4015,,1.0,1.0,GPAO
09/03/2026,12:19:14,47.62244,-52.73607,152.0,1,SKT-4015,,1.0,1.0,GPAO
09/03/2026,12:19:22,47.62246,-52.73606,152.0,1,SKT-4015,,1.0,1.0,GPAO
09/03/2026,12:19:29,47.62246,-52.73606,152.0,1,SKT-4015,,1.0,1.0,GPAO
09/03/2026,12:19:36,47.62246,-52.73606,153.0,1,SKT-4015,,1.0,1.0,GPAO
09/03/2026,12:19:44,47.62246,-52.73606,153.0,1,SKT-4015,,1.0,1.0,GPAO
09/03/2026,12:19:51,47.62246,-52.73606,153.0,1,SKT-4015,,1.0,1.0,GPAO
09/03/2026,12:19:59,47.62246,-52.73606,153.0,1,SKT-4015,,1.0,1.0,GPAO
09/03/2026,12:20:07,47.62246,-52.73606,153.0,1,SKT-4015,,1.0,1.0,GPAO
