Date,Time,Lat,Long,Alt,DIN2,SSID,WIFI,INT,Registration
09/08/2025,00:00:06,47.62046,-52.7357,139.0,1.0,SKT-4016,1,1,GYYR
09/08/2025,00:00:14,47.62048,-52.73571,136.0,1.0,SKT-4016,1,1,GYYR
09/08/2025,00:00:22,47.62049,-52.73571,135.0,1.0,SKT-4016,1,1,GYYR
09/08/2025,00:00:30,47.62049,-52.73571,136.0,1.0,SKT-4016,1,1,GYYR
09/08/2025,00:00:38,47.6205,-52.7357,138.0,1.0,SKT-4016,1,1,GYYR
09/08/2025,00:00:46,47.62049,-52.73568,141.0,1.0,SKT-4016,1,1,GYYR
09/08/2025,00:00:54,47.62049,-52.73568,142.0,1.0,SKT-4016,1,1,GYYR
09/08/2025,00:01:01,47.62049,-52.73569,142.0,1.0,SKT-4016,1,1,GYYR
09/08/2025,00:01:09,47.62048,-52.73569,143.0,1.0,SKT-4016,1,1,GYYR
09/08/2025,00:01:17,47.62047,-52.73568,145.0,1.0,SKT-4016,1,1,GYYR
09/08/2025,00:01:24,47.62046,-52.73568,146.0,1.0,SKT-4016,1,1,GYYR
09/08/2025,00:01:32,47.62045,-52.73567,146.0,1.0,SKT-4016,1,1,GYYR
09/08/2025,00:01:39,47.62044,-52.73566,146.0,1.0,SKT-4016,1,1,GYYR
09/08/2025,00:01:46,47.62043,-52.73565,145.0,1.0,SKT-4016,1,1,GYYR
09/08/2025,00:01:54,47.62043,-52.73564,144.0,1.0,SKT-4016,1,1,GYYR
09/08/2025,00:02:01,47.62043,-52.73564,147.0,1.0,SKT-4016,1,1,GYYR
09/08/2025,00:02:08,47.62043,-52.73565,150.0,1.0,SKT-4016,1,1,GYYR
09/08/2025,00:02:15,47.62043,-52.73566,154.0,1.0,SKT-4016,1,1,GYYR
09/08/2025,00:02:23,47.62043,-52.73566,157.0,1.0,SKT-4016,1,1,GYYR
09/08/2025,00:02:30,47.62042,-52.73568,158.0,1.0,SKT-4016,1,1,GYYR
09/08/2025,00:02:37,47.62042,-52.73568,158.0,1.0,SKT-4016,1,1,GYYR
09/08/2025,00:02:45,47.62042,-52.73568,160.0,1.0,SKT-4016,1,1,GYYR
09/08/2025,00:02:52,47.62043,-52.73567,160.0,1.0,SKT-4016,1,1,GYYR
09/08/2025,00:02:59,47.62043,-52.73566,158.0,1.0,SKT-4016,1,1,GYYR
09/08/2025,00:03:06,47.62044,-52.73566,157.0,1.0,SKT-4016,1,1,GYYR
09/08/2025,00:03:14,47.62046,-52.73567,156.0,1.0,SKT-4016,1,1,GYYR
09/08/2025,00:03:21,47.62049,-52.73569,156.0,1.0,SKT-4016,1,1,GYYR
09/08/2025,00:03:28,47.62053,-52.73571,156.0,1.0,SKT-4016,1,1,GYYR
09/08/2025,00:03:36,47.62054,-52.73574,158.0,1.0,SKT-4016,1,1,GYYR
09/08/2025,00:03:43,47.62054,-52.73574,162.0,1.0,SKT-4016,1,1,GYYR
09/08/2025,00:03:50,47.62053,-52.73574,165.0,1.0,SKT-4016,1,1,GYYR
09/08/2025,00:03:57,47.62052,-52.73573,166.0,1.0,SKT-4016,1,1,GYYR
09/08/2025,00:04:05,47.62051,-52.73572,165.0,1.0,SKT-4016,1,1,GYYR
09/08/2025,00:04:12,47.6205,-52.73569,163.0,1.0,SKT-4016,1,1,GYYR
09/08/2025,00:04:19,47.62049,-52.73568,161.0,1.0,SKT-4016,1,1,GYYR
09/08/2025,00:04:26,47.62048,-52.73567,159.0,1.0,SKT-4016,1,1,GYYR
09/08/2025,00:04:34,47.62046,-52.73567,159.0,1.0,SKT-4016,1,1,GYYR
09/08/2025,00:04:41,47.62046,-52.73566,159.0,1.0,SKT-4016,1,1,GYYR
09/08/2025,00:04:48,47.62045,-52.73566,160.0,1.0,SKT-4016,1,1,GYYR
09/08/2025,00:04:56,47.62045,-52.73566,162.0,1.0,SKT-4016,1,1,GYYR
09/08/2025,00:05:03,47.62044,-52.73565,165.0,1.0,SKT-4016,1,1,GYYR
09/08/2025,00:05:10,47.62044,-52.73564,167.0,1.0,SKT-4016,1,1,GYYR
09/08/2025,00:05:17,47.62044,-52.73565,167.0,1.0,SKT-4016,1,1,GYYR
09/08/2025,00:05:25,47.62043,-52.73566,168.0,1.0,SKT-4016,1,1,GYYR
09/08/2025,00:05:32,47.62042,-52.73567,168.0,1.0,SKT-4016,1,1,GYYR
09/08/2025,00:05:39,47.62041,-52.73567,168.0,1.0,SKT-4016,1,1,GYYR
09/08/2025,00:05:46,47.62043,-52.73566,165.0,1.0,SKT-4016,1,1,GYYR
09/08/2025,00:05:54,47.62045,-52.73564,161.0,1.0,SKT-4016,1,1,GYYR
09/08/2025,00:06:01,47.62047,-52.73563,157.0,1.0,SKT-4016,1,1,GYYR
09/08/2025,00:06:08,47.62049,-52.73563,155.0,1.0,SKT-4016,1,1,GYYR
09/08/2025,00:06:16,47.62049,-52.73562,153.0,1.0,SKT-4016,1,1,GYYR
09/08/2025,00:06:23,47.62049,-52.73561,151.0,1.0,SKT-4016,1,1,GYYR
09/08/2025,00:06:30,47.62049,-52.73561,151.0,1.0,SKT-4016,1,1,GYYR
09/08/2025,00:06:37,47.62048,-52.73561,152.0,1.0,SKT-4016,1,1,GYYR
09/08/2025,00:06:45,47.62047,-52.73561,151.0,1.0,SKT-4016,1,1,GYYR
09/08/2025,00:06:52,47.62045,-52.73563,153.0,1.0,SKT-4016,1,1,GYYR
09/08/2025,00:06:59,47.62044,-52.73568,156.0,1.0,SKT-4016,1,1,GYYR
09/08/2025,00:07:07,47.62043,-52.73571,160.0,1.0,SKT-4016,1,1,GYYR
09/08/2025,00:07:14,47.62043,-52.73573,163.0,1.0,SKT-4016,1,1,GYYR
09/08/2025,00:07:21,47.62046,-52.73574,165.0,1.0,SKT-4016,1,1,GYYR
09/08/2025,00:07:28,47.62048,-52.73574,165.0,1.0,SKT-4016,1,1,GYYR
09/08/2025,00:07:36,47.6205,-52.73573,163.0,1.0,SKT-4016,1,1,GYYR
09/08/2025,00:07:43,47.62051,-52.73573,161.0,1.0,SKT-4016,1,1,GYYR
09/08/2025,00:07:50,47.62051,-52.73571,159.0,1.0,SKT-4016,1,1,GYYR
09/08/2025,00:07:58,47.62051,-52.73569,156.0,1.0,SKT-4016,1,1,GYYR
09/08/2025,00:08:05,47.62051,-52.73567,153.0,1.0,SKT-4016,1,1,GYYR
09/08/2025,00:08:12,47.62051,-52.73566,152.0,1.0,SKT-4016,1,1,GYYR
09/08/2025,00:08:19,47.6205,-52.73564,150.0,1.0,SKT-4016,1,1,GYYR
09/08/2025,00:08:27,47.62049,-52.73562,151.0,1.0,SKT-4016,1,1,GYYR
09/08/2025,00:08:34,47.62048,-52.7356,151.0,1.0,SKT-4016,1,1,GYYR
09/08/2025,00:08:41,47.62048,-52.73559,149.0,1.0,SKT-4016,1,1,GYYR
09/08/2025,00:08:49,47.62049,-52.73558,147.0,1.0,SKT-4016,1,1,GYYR
09/08/2025,00:08:56,47.6205,-52.73558,146.0,1.0,SKT-4016,1,1,GYYR
09/08/2025,00:09:03,47.6205,-52.73559,144.0,1.0,SKT-4016,1,1,GYYR
09/08/2025,00:09:10,47.6205,-52.7356,144.0,1.0,SKT-4016,1,1,GYYR
09/08/2025,00:09:18,47.6205,-52.7356,145.0,1.0,SKT-4016,1,1,GYYR
09/08/2025,00:09:25,47.62051,-52.73559,147.0,1.0,SKT-4016,1,1,GYYR
09/08/2025,00:09:32,47.62053,-52.73557,148.0,1.0,SKT-4016,1,1,GYYR
09/08/2025,00:09:39,47.62054,-52.73554,148.0,1.0,SKT-4016,1,1,GYYR
09/08/2025,00:09:47,47.62053,-52.73553,150.0,1.0,SKT-4016,1,1,GYYR
09/08/2025,00:09:54,47.62052,-52.73555,150.0,1.0,SKT-4016,1,1,GYYR
09/08/2025,00:10:01,47.62051,-52.73556,151.0,1.0,SKT-4016,1,1,GYYR
09/08/2025,00:10:09,47.6205,-52.73555,148.0,1.0,SKT-4016,1,1,GYYR
09/08/2025,00:10:16,47.6205,-52.73553,142.0,1.0,SKT-4016,1,1,GYYR
09/08/2025,00:10:23,47.6205,-52.73555,144.0,1.0,SKT-4016,1,1,GYYR
09/08/2025,00:10:30,47.62049,-52.73558,147.0,1.0,SKT-4016,1,1,GYYR
09/08/2025,00:10:38,47.62049,-52.7356,148.0,1.0,SKT-4016,1,1,GYYR
09/08/2025,00:10:45,47.62049,-52.73561,147.0,1.0,SKT-4016,1,1,GYYR
09/08/2025,00:10:52,47.62051,-52.73564,149.0,1.0,SKT-4016,1,1,GYYR
09/08/2025,00:11:00,47.62053,-52.73568,158.0,1.0,SKT-4016,1,1,GYYR
09/08/2025,00:11:07,47.62054,-52.73571,166.0,1.0,SKT-4016,1,1,GYYR
09/08/2025,00:11:14,47.62054,-52.73574,172.0,1.0,SKT-4016,1,1,GYYR
09/08/2025,00:11:21,47.62054,-52.73576,175.0,1.0,SKT-4016,1,1,GYYR
09/08/2025,00:11:29,47.62055,-52.73577,180.0,1.0,SKT-4016,1,1,GYYR
09/08/2025,00:11:36,47.62055,-52.73577,182.0,1.0,SKT-4016,1,1,GYYR
09/08/2025,00:11:43,47.62056,-52.73578,186.0,1.0,SKT-4016,1,1,GYYR
09/08/2025,00:11:50,47.62055,-52.73578,187.0,1.0,SKT-4016,1,1,GYYR
09/08/2025,00:11:58,47.62053,-52.73578,185.0,1.0,SKT-4016,1,1,GYYR
09/08/2025,00:12:05,47.6205,-52.73576,179.0,1.0,SKT-4016,1,1,GYYR
09/08/2025,00:12:12,47.62047,-52.73575,174.0,1.0,SKT-4016,1,1,GYYR
09/08/2025,00:12:20,47.62045,-52.73574,171.0,1.0,SKT-4016,1,1,GYYR
09/08/2025,00:12:27,47.62043,-52.73572,170.0,1.0,SKT-4016,1,1,GYYR
09/08/2025,00:12:34,47.62042,-52.73571,170.0,1.0,SKT-4016,1,1,GYYR
09/08/2025,00:12:41,47.62041,-52.73569,170.0,1.0,SKT-4016,1,1,GYYR
09/08/2025,00:12:49,47.62041,-52.73566,169.0,1.0,SKT-4016,1,1,GYYR
09/08/2025,00:12:56,47.62041,-52.73565,167.0,1.0,SKT-4016,1,1,GYYR
09/08/2025,00:13:03,47.62042,-52.73563,163.0,1.0,SKT-4016,1,1,GYYR
09/08/2025,00:13:11,47.62044,-52.73564,158.0,1.0,SKT-4016,1,1,GYYR
09/08/2025,00:13:18,47.62045,-52.73566,155.0,1.0,SKT-4016,1,1,GYYR
09/08/2025,00:13:25,47.62045,-52.73566,155.0,1.0,SKT-4016,1,1,GYYR
09/08/2025,00:13:32,47.62045,-52.73568,156.0,1.0,SKT-4016,1,1,GYYR
09/08/2025,00:13:40,47.62045,-52.73569,155.0,1.0,SKT-4016,1,1,GYYR
09/08/2025,00:13:47,47.62045,-52.7357,154.0,1.0,SKT-4016,1,1,GYYR
09/08/2025,00:13:54,47.62044,-52.73571,155.0,1.0,SKT-4016,1,1,GYYR
09/08/2025,00:14:02,47.62043,-52.73572,156.0,1.0,SKT-4016,1,1,GYYR
09/08/2025,00:14:09,47.62041,-52.73573,158.0,1.0,SKT-4016,1,1,GYYR
09/08/2025,00:14:16,47.62041,-52.73571,156.0,1.0,SKT-4016,1,1,GYYR
09/08/2025,00:14:23,47.62041,-52.73569,152.0,1.0,SKT-4016,1,1,GYYR
09/08/2025,00:14:31,47.62042,-52.73567,147.0,1.0,SKT-4016,1,1,GYYR
09/08/2025,00:14:38,47.62044,-52.73565,144.0,1.0,SKT-4016,1,1,GYYR
09/08/2025,00:14:45,47.62045,-52.73564,142.0,1.0,SKT-4016,1,1,GYYR
09/08/2025,00:14:52,47.62046,-52.73564,141.0,1.0,SKT-4016,1,1,GYYR
09/08/2025,00:15:00,47.62045,-52.73564,141.0,1.0,SKT-4016,1,1,GYYR
09/08/2025,00:15:07,47.62044,-52.73563,142.0,1.0,SKT-4016,1,1,GYYR
09/08/2025,00:15:14,47.62043,-52.73563,142.0,1.0,SKT-4016,1,1,GYYR
09/08/2025,00:15:22,47.62043,-52.73563,142.0,1.0,SKT-4016,1,1,GYYR
09/08/2025,00:15:29,47.62043,-52.73563,141.0,1.0,SKT-4016,1,1,GYYR
09/08/2025,00:15:36,47.62043,-52.73563,139.0,1.0,SKT-4016,1,1,GYYR
09/08/2025,00:15:43,47.62043,-52.73562,138.0,1.0,SKT-4016,1,1,GYYR
09/08/2025,00:15:51,47.62043,-52.73563,138.0,1.0,SKT-4016,1,1,GYYR
09/08/2025,00:15:58,47.62042,-52.73564,138.0,1.0,SKT-4016,1,1,GYYR
09/08/2025,00:16:05,47.6204,-52.73564,137.0,1.0,SKT-4016,1,1,GYYR
09/08/2025,00:16:13,47.62039,-52.73565,139.0,1.0,SKT-4016,1,1,GYYR
09/08/2025,00:16:20,47.62038,-52.73569,144.0,1.0,SKT-4016,1,1,GYYR
09/08/2025,00:16:27,47.62037,-52.73573,149.0,1.0,SKT-4016,1,1,GYYR
09/08/2025,00:16:34,47.62036,-52.73576,152.0,1.0,SKT-4016,1,1,GYYR
09/08/2025,00:16:42,47.62037,-52.73574,151.0,1.0,SKT-4016,1,1,GYYR
09/08/2025,00:16:49,47.6204,-52.73571,146.0,1.0,SKT-4016,1,1,GYYR
09/08/2025,00:16:56,47.62042,-52.73566,138.0,1.0,SKT-4016,1,1,GYYR
09/08/2025,00:17:04,47.62045,-52.73565,133.0,1.0,SKT-4016,1,1,GYYR
09/08/2025,00:17:11,47.62048,-52.73566,133.0,1.0,SKT-4016,1,1,GYYR
09/08/2025,00:17:18,47.62049,-52.73568,134.0,1.0,SKT-4016,1,1,GYYR
09/08/2025,00:17:25,47.62049,-52.7357,137.0,1.0,SKT-4016,1,1,GYYR
09/08/2025,00:17:33,47.62049,-52.73573,142.0,1.0,SKT-4016,1,1,GYYR
09/08/2025,00:17:40,47.62048,-52.73576,146.0,1.0,SKT-4016,1,1,GYYR
09/08/2025,00:17:47,47.62048,-52.73577,146.0,1.0,SKT-4016,1,1,GYYR
09/08/2025,00:17:54,47.62046,-52.73577,145.0,1.0,SKT-4016,1,1,GYYR
09/08/2025,00:18:02,47.62045,-52.73577,145.0,1.0,SKT-4016,1,1,GYYR
09/08/2025,00:18:09,47.62043,-52.73576,148.0,1.0,SKT-4016,1,1,GYYR
09/08/2025,00:18:16,47.62042,-52.73576,150.0,1.0,SKT-4016,1,1,GYYR
09/08/2025,00:18:24,47.62041,-52.73577,153.0,1.0,SKT-4016,1,1,GYYR
09/08/2025,00:18:31,47.6204,-52.73579,153.0,1.0,SKT-4016,1,1,GYYR
09/08/2025,00:18:38,47.6204,-52.73578,153.0,1.0,SKT-4016,1,1,GYYR
09/08/2025,00:18:45,47.62039,-52.73576,152.0,1.0,SKT-4016,1,1,GYYR
09/08/2025,00:18:53,47.62039,-52.73571,149.0,1.0,SKT-4016,1,1,GYYR
09/08/2025,00:19:00,47.62038,-52.73568,150.0,1.0,SKT-4016,1,1,GYYR
09/08/2025,00:19:07,47.62037,-52.73565,148.0,1.0,SKT-4016,1,1,GYYR
09/08/2025,00:19:15,47.62036,-52.73563,145.0,1.0,SKT-4016,1,1,GYYR
09/08/2025,00:19:22,47.62036,-52.73562,143.0,1.0,SKT-4016,1,1,GYYR
09/08/2025,00:19:29,47.62036,-52.73563,144.0,1.0,SKT-4016,1,1,GYYR
09/08/2025,00:19:36,47.62038,-52.73565,145.0,1.0,SKT-4016,1,1,GYYR
09/08/2025,00:19:44,47.62039,-52.73568,147.0,1.0,SKT-4016,1,1,GYYR
09/08/2025,00:19:51,47.62039,-52.73572,149.0,1.0,SKT-4016,1,1,GYYR
09/08/2025,00:19:58,47.62041,-52.73573,149.0,1.0,SKT-4016,1,1,GYYR
09/08/2025,00:20:06,47.62042,-52.73573,148.0,1.0,SKT-4016,1,1,GYYR
09/08/2025,00:20:13,47.62042,-52.73571,147.0,1.0,SKT-4016,1,1,GYYR
09/08/2025,00:20:20,47.62042,-52.73569,147.0,1.0,SKT-4016,1,1,GYYR
09/08/2025,00:20:27,47.62042,-52.73568,149.0,1.0,SKT-4016,1,1,GYYR
09/08/2025,00:20:35,47.62041,-52.73567,151.0,1.0,SKT-4016,1,1,GYYR
09/08/2025,00:20:42,47.62039,-52.73567,153.0,1.0,SKT-4016,1,1,GYYR
09/08/2025,00:20:49,47.62038,-52.73567,155.0,1.0,SKT-4016,1,1,GYYR
09/08/2025,00:20:57,47.62037,-52.73568,159.0,1.0,SKT-4016,1,1,GYYR
09/08/2025,00:21:04,47.62037,-52.73569,162.0,1.0,SKT-4016,1,1,GYYR
09/08/2025,00:21:11,47.62037,-52.73569,164.0,1.0,SKT-4016,1,1,GYYR
09/08/2025,00:21:18,47.62038,-52.73567,166.0,1.0,SKT-4016,1,1,GYYR
09/08/2025,00:21:26,47.6204,-52.73566,168.0,1.0,SKT-4016,1,1,GYYR
09/08/2025,00:21:33,47.6204,-52.73566,172.0,1.0,SKT-4016,1,1,GYYR
09/08/2025,00:21:40,47.6204,-52.73569,176.0,1.0,SKT-4016,1,1,GYYR
09/08/2025,00:21:48,47.62038,-52.73572,179.0,1.0,SKT-4016,1,1,GYYR
09/08/2025,00:21:55,47.62038,-52.73573,178.0,1.0,SKT-4016,1,1,GYYR
09/08/2025,00:22:02,47.62036,-52.73573,176.0,1.0,SKT-4016,1,1,GYYR
09/08/2025,00:22:09,47.62035,-52.73572,172.0,1.0,SKT-4016,1,1,GYYR
09/08/2025,00:22:17,47.62032,-52.7357,165.0,1.0,SKT-4016,1,1,GYYR
09/08/2025,00:22:24,47.62031,-52.7357,163.0,1.0,SKT-4016,1,1,GYYR
09/08/2025,00:22:31,47.62032,-52.73573,165.0,1.0,SKT-4016,1,1,GYYR
09/08/2025,00:22:38,47.62033,-52.73574,165.0,1.0,SKT-4016,1,1,GYYR
09/08/2025,00:22:46,47.62035,-52.73576,165.0,1.0,SKT-4016,1,1,GYYR
09/08/2025,00:22:53,47.62037,-52.73577,166.0,1.0,SKT-4016,1,1,GYYR
09/08/2025,00:23:00,47.62038,-52.73577,165.0,1.0,SKT-4016,1,1,GYYR
09/08/2025,00:23:08,47.62038,-52.73576,162.0,1.0,SKT-4016,1,1,GYYR
09/08/2025,00:23:15,47.62038,-52.73577,161.0,1.0,SKT-4016,1,1,GYYR
09/08/2025,00:23:22,47.62038,-52.73578,160.0,1.0,SKT-4016,1,1,GYYR
09/08/2025,00:23:29,47.62038,-52.73579,159.0,1.0,SKT-4016,1,1,GYYR
09/08/2025,00:23:37,47.62038,-52.7358,160.0,1.0,SKT-4016,1,1,GYYR
09/08/2025,00:23:44,47.62037,-52.7358,163.0,1.0,SKT-4016,1,1,GYYR
09/08/2025,00:23:51,47.62035,-52.73581,167.0,1.0,SKT-4016,1,1,GYYR
09/08/2025,00:23:59,47.62033,-52.73581,170.0,1.0,SKT-4016,1,1,GYYR
09/08/2025,00:24:06,47.62033,-52.73582,170.0,1.0,SKT-4016,1,1,GYYR
09/08/2025,00:24:13,47.62032,-52.73581,170.0,1.0,SKT-4016,1,1,GYYR
09/08/2025,00:24:20,47.6203,-52.73581,171.0,1.0,SKT-4016,1,1,GYYR
09/08/2025,00:24:28,47.62029,-52.7358,172.0,1.0,SKT-4016,1,1,GYYR
09/08/2025,00:24:35,47.62028,-52.73579,171.0,1.0,SKT-4016,1,1,GYYR
09/08/2025,00:24:42,47.62027,-52.73577,169.0,1.0,SKT-4016,1,1,GYYR
09/08/2025,00:24:50,47.62028,-52.73575,164.0,1.0,SKT-4016,1,1,GYYR
09/08/2025,00:24:57,47.62028,-52.73571,164.0,1.0,SKT-4016,1,1,GYYR
09/08/2025,00:25:04,47.62028,-52.73568,167.0,1.0,SKT-4016,1,1,GYYR
09/08/2025,00:25:11,47.62028,-52.73567,169.0,1.0,SKT-4016,1,1,GYYR
09/08/2025,00:25:19,47.62029,-52.73568,167.0,1.0,SKT-4016,1,1,GYYR
09/08/2025,00:25:26,47.62031,-52.7357,163.0,1.0,SKT-4016,1,1,GYYR
09/08/2025,00:25:33,47.62032,-52.73572,163.0,1.0,SKT-4016,1,1,GYYR
09/08/2025,00:25:40,47.62032,-52.73572,162.0,1.0,SKT-4016,1,1,GYYR
09/08/2025,00:25:48,47.62033,-52.73571,160.0,1.0,SKT-4016,1,1,GYYR
09/08/2025,00:25:55,47.62034,-52.73571,161.0,1.0,SKT-4016,1,1,GYYR
09/08/2025,00:26:02,47.62035,-52.73571,161.0,1.0,SKT-4016,1,1,GYYR
09/08/2025,00:26:10,47.62036,-52.7357,162.0,1.0,SKT-4016,1,1,GYYR
09/08/2025,00:26:17,47.62036,-52.73567,163.0,1.0,SKT-4016,1,1,GYYR
09/08/2025,00:26:24,47.62035,-52.73565,162.0,1.0,SKT-4016,1,1,GYYR
09/08/2025,00:26:31,47.62035,-52.73565,161.0,1.0,SKT-4016,1,1,GYYR
09/08/2025,00:26:39,47.62034,-52.73567,160.0,1.0,SKT-4016,1,1,GYYR
09/08/2025,00:26:46,47.62032,-52.73569,158.0,1.0,SKT-4016,1,1,GYYR
09/08/2025,00:26:53,47.62031,-52.73568,157.0,1.0,SKT-4016,1,1,GYYR
09/08/2025,00:27:01,47.62031,-52.73565,156.0,1.0,SKT-4016,1,1,GYYR
09/08/2025,00:27:08,47.62031,-52.73561,155.0,1.0,SKT-4016,1,1,GYYR
09/08/2025,00:27:15,47.62031,-52.73558,156.0,1.0,SKT-4016,1,1,GYYR
09/08/2025,00:27:22,47.6203,-52.73558,157.0,1.0,SKT-4016,1,1,GYYR
09/08/2025,00:27:30,47.62031,-52.73558,156.0,1.0,SKT-4016,1,1,GYYR
09/08/2025,00:27:37,47.62033,-52.73558,154.0,1.0,SKT-4016,1,1,GYYR
09/08/2025,00:27:44,47.62034,-52.7356,153.0,1.0,SKT-4016,1,1,GYYR
09/08/2025,00:27:52,47.62035,-52.7356,154.0,1.0,SKT-4016,1,1,GYYR
09/08/2025,00:27:59,47.62036,-52.73559,156.0,1.0,SKT-4016,1,1,GYYR
09/08/2025,00:28:06,47.62034,-52.73553,166.0,1.0,SKT-4016,1,1,GYYR
09/08/2025,00:28:13,47.62033,-52.73549,175.0,1.0,SKT-4016,1,1,GYYR
09/08/2025,00:28:21,47.6203,-52.73545,183.0,1.0,SKT-4016,1,1,GYYR
09/08/2025,00:28:28,47.62028,-52.73544,188.0,1.0,SKT-4016,1,1,GYYR
09/08/2025,00:28:35,47.62028,-52.73544,190.0,1.0,SKT-4016,1,1,GYYR
09/08/2025,00:28:42,47.62027,-52.73545,189.0,1.0,SKT-4016,1,1,GYYR
09/08/2025,00:28:50,47.62029,-52.73546,186.0,1.0,SKT-4016,1,1,GYYR
09/08/2025,00:28:57,47.62032,-52.73547,183.0,1.0,SKT-4016,1,1,GYYR
09/08/2025,00:29:04,47.62036,-52.7355,180.0,1.0,SKT-4016,1,1,GYYR
09/08/2025,00:29:12,47.62041,-52.73552,176.0,1.0,SKT-4016,1,1,GYYR
09/08/2025,00:29:19,47.62045,-52.73555,170.0,1.0,SKT-4016,1,1,GYYR
09/08/2025,00:29:26,47.62049,-52.73558,165.0,1.0,SKT-4016,1,1,GYYR
09/08/2025,00:29:33,47.6205,-52.7356,159.0,1.0,SKT-4016,1,1,GYYR
09/08/2025,00:29:41,47.6205,-52.73562,153.0,1.0,SKT-4016,1,1,GYYR
09/08/2025,00:29:48,47.6205,-52.73564,149.0,1.0,SKT-4016,1,1,GYYR
09/08/2025,00:29:55,47.6205,-52.73565,146.0,1.0,SKT-4016,1,1,GYYR
09/08/2025,00:30:03,47.6205,-52.73566,145.0,1.0,SKT-4016,1,1,GYYR
09/08/2025,00:30:10,47.62049,-52.73569,144.0,1.0,SKT-4016,1,1,GYYR
09/08/2025,00:30:17,47.62049,-52.73571,143.0,1.0,SKT-4016,1,1,GYYR
09/08/2025,00:30:24,47.62048,-52.73571,143.0,1.0,SKT-4016,1,1,GYYR
09/08/2025,00:30:32,47.62049,-52.73569,144.0,1.0,SKT-4016,1,1,GYYR
09/08/2025,00:30:39,47.62049,-52.73566,145.0,1.0,SKT-4016,1,1,GYYR
09/08/2025,00:30:46,47.62049,-52.73564,145.0,1.0,SKT-4016,1,1,GYYR
09/08/2025,00:30:53,47.62048,-52.73563,145.0,1.0,SKT-4016,1,1,GYYR
09/08/2025,00:31:01,47.62047,-52.73563,145.0,1.0,SKT-4016,1,1,GYYR
09/08/2025,00:31:08,47.62047,-52.73561,145.0,1.0,SKT-4016,1,1,GYYR
09/08/2025,00:31:15,47.62046,-52.73562,146.0,1.0,SKT-4016,1,1,GYYR
09/08/2025,00:31:23,47.62043,-52.73564,149.0,1.0,SKT-4016,1,1,GYYR
09/08/2025,00:31:30,47.62041,-52.73566,151.0,1.0,SKT-4016,1,1,GYYR
09/08/2025,00:31:37,47.62041,-52.73567,151.0,1.0,SKT-4016,1,1,GYYR
09/08/2025,00:31:44,47.6204,-52.73568,152.0,1.0,SKT-4016,1,1,GYYR
09/08/2025,00:31:52,47.62039,-52.73568,155.0,1.0,SKT-4016,1,1,GYYR
09/08/2025,00:31:59,47.62037,-52.73567,155.0,1.0,SKT-4016,1,1,GYYR
09/08/2025,00:32:06,47.62037,-52.73567,157.0,1.0,SKT-4016,1,1,GYYR
09/08/2025,00:32:14,47.62037,-52.73567,158.0,1.0,SKT-4016,1,1,GYYR
09/08/2025,00:32:21,47.62037,-52.73567,157.0,1.0,SKT-4016,1,1,GYYR
09/08/2025,00:32:28,47.62038,-52.73566,156.0,1.0,SKT-4016,1,1,GYYR
09/08/2025,00:32:35,47.6204,-52.73567,155.0,1.0,SKT-4016,1,1,GYYR
09/08/2025,00:32:43,47.6204,-52.73567,155.0,1.0,SKT-4016,1,1,GYYR
09/08/2025,00:32:50,47.62041,-52.73567,154.0,1.0,SKT-4016,1,1,GYYR
09/08/2025,00:32:57,47.62041,-52.73566,150.0,1.0,SKT-4016,1,1,GYYR
09/08/2025,00:33:04,47.62042,-52.73565,146.0,1.0,SKT-4016,1,1,GYYR
09/08/2025,00:33:12,47.62043,-52.73564,145.0,1.0,SKT-4016,1,1,GYYR
09/08/2025,00:33:19,47.62044,-52.73563,143.0,1.0,SKT-4016,1,1,GYYR
09/08/2025,00:33:26,47.62045,-52.73563,142.0,1.0,SKT-4016,1,1,GYYR
09/08/2025,00:33:34,47.62045,-52.73564,143.0,1.0,SKT-4016,1,1,GYYR
09/08/2025,00:33:41,47.62044,-52.73565,145.0,1.0,SKT-4016,1,1,GYYR
09/08/2025,00:33:48,47.62043,-52.73566,148.0,1.0,SKT-4016,1,1,GYYR
09/08/2025,00:33:55,47.62042,-52.73567,152.0,1.0,SKT-4016,1,1,GYYR
09/08/2025,00:34:03,47.62041,-52.73569,158.0,1.0,SKT-4016,1,1,GYYR
09/08/2025,00:34:10,47.62041,-52.73571,162.0,1.0,SKT-4016,1,1,GYYR
09/08/2025,00:34:17,47.62042,-52.73572,165.0,1.0,SKT-4016,1,1,GYYR
09/08/2025,00:34:25,47.62043,-52.73572,166.0,1.0,SKT-4016,1,1,GYYR
09/08/2025,00:34:32,47.62044,-52.73571,164.0,1.0,SKT-4016,1,1,GYYR
09/08/2025,00:34:39,47.62044,-52.7357,163.0,1.0,SKT-4016,1,1,GYYR
09/08/2025,00:34:46,47.62044,-52.7357,163.0,1.0,SKT-4016,1,1,GYYR
09/08/2025,00:34:54,47.62043,-52.73569,161.0,1.0,SKT-4016,1,1,GYYR
09/08/2025,00:35:01,47.62042,-52.73569,160.0,1.0,SKT-4016,1,1,GYYR
09/08/2025,00:35:08,47.62041,-52.73569,160.0,1.0,SKT-4016,1,1,GYYR
09/08/2025,00:35:16,47.62041,-52.73571,160.0,1.0,SKT-4016,1,1,GYYR
09/08/2025,00:35:23,47.62041,-52.73573,159.0,1.0,SKT-4016,1,1,GYYR
09/08/2025,00:35:30,47.62041,-52.73573,158.0,1.0,SKT-4016,1,1,GYYR
09/08/2025,00:35:37,47.62041,-52.73573,157.0,1.0,SKT-4016,1,1,GYYR
09/08/2025,00:35:45,47.6204,-52.73574,156.0,1.0,SKT-4016,1,1,GYYR
09/08/2025,00:35:52,47.6204,-52.73575,155.0,1.0,SKT-4016,1,1,GYYR
09/08/2025,00:35:59,47.62041,-52.73575,154.0,1.0,SKT-4016,1,1,GYYR
09/08/2025,00:36:07,47.62044,-52.73574,156.0,1.0,SKT-4016,1,1,GYYR
09/08/2025,00:36:14,47.62046,-52.73574,157.0,1.0,SKT-4016,1,1,GYYR
09/08/2025,00:36:21,47.62046,-52.73573,157.0,1.0,SKT-4016,1,1,GYYR
09/08/2025,00:36:28,47.62046,-52.73572,156.0,1.0,SKT-4016,1,1,GYYR
09/08/2025,00:36:36,47.62046,-52.7357,151.0,1.0,SKT-4016,1,1,GYYR
09/08/2025,00:36:43,47.62048,-52.73569,147.0,1.0,SKT-4016,1,1,GYYR
09/08/2025,00:36:50,47.62051,-52.73568,148.0,1.0,SKT-4016,1,1,GYYR
09/08/2025,00:36:57,47.62053,-52.73568,150.0,1.0,SKT-4016,1,1,GYYR
09/08/2025,00:37:05,47.62051,-52.73568,155.0,1.0,SKT-4016,1,1,GYYR
09/08/2025,00:37:12,47.62049,-52.7357,161.0,1.0,SKT-4016,1,1,GYYR
09/08/2025,00:37:19,47.62047,-52.73571,167.0,1.0,SKT-4016,1,1,GYYR
09/08/2025,00:37:27,47.62046,-52.7357,172.0,1.0,SKT-4016,1,1,GYYR
09/08/2025,00:37:34,47.62048,-52.73568,173.0,1.0,SKT-4016,1,1,GYYR
09/08/2025,00:37:41,47.6205,-52.73568,171.0,1.0,SKT-4016,1,1,GYYR
09/08/2025,00:37:48,47.62052,-52.73569,167.0,1.0,SKT-4016,1,1,GYYR
09/08/2025,00:37:56,47.62052,-52.73569,166.0,1.0,SKT-4016,1,1,GYYR
09/08/2025,00:38:03,47.6205,-52.73569,164.0,1.0,SKT-4016,1,1,GYYR
09/08/2025,00:38:10,47.62048,-52.73568,162.0,1.0,SKT-4016,1,1,GYYR
09/08/2025,00:38:17,47.62045,-52.73568,160.0,1.0,SKT-4016,1,1,GYYR
09/08/2025,00:38:25,47.62042,-52.73568,159.0,1.0,SKT-4016,1,1,GYYR
09/08/2025,00:38:32,47.62041,-52.73568,159.0,1.0,SKT-4016,1,1,GYYR
09/08/2025,00:38:39,47.62041,-52.73569,158.0,1.0,SKT-4016,1,1,GYYR
09/08/2025,00:38:47,47.62042,-52.73569,155.0,1.0,SKT-4016,1,1,GYYR
09/08/2025,00:38:54,47.62043,-52.73569,152.0,1.0,SKT-4016,1,1,GYYR
09/08/2025,00:39:01,47.62044,-52.7357,150.0,1.0,SKT-4016,1,1,GYYR
09/08/2025,00:39:08,47.62044,-52.7357,151.0,1.0,SKT-4016,1,1,GYYR
09/08/2025,00:39:16,47.62045,-52.7357,153.0,1.0,SKT-4016,1,1,GYYR
09/08/2025,00:39:23,47.62046,-52.73569,156.0,1.0,SKT-4016,1,1,GYYR
09/08/2025,00:39:30,47.62047,-52.73568,156.0,1.0,SKT-4016,1,1,GYYR
09/08/2025,00:39:38,47.62047,-52.73568,155.0,1.0,SKT-4016,1,1,GYYR
09/08/2025,00:39:45,47.62047,-52.73568,154.0,1.0,SKT-4016,1,1,GYYR
09/08/2025,00:39:52,47.62047,-52.73568,154.0,1.0,SKT-4016,1,1,GYYR
09/08/2025,00:39:59,47.62047,-52.73568,153.0,1.0,SKT-4016,1,1,GYYR
09/08/2025,00:40:07,47.62048,-52.73568,150.0,1.0,SKT-4016,1,1,GYYR
09/08/2025,00:40:14,47.62049,-52.73568,149.0,1.0,SKT-4016,1,1,GYYR
09/08/2025,00:40:21,47.62049,-52.73568,148.0,1.0,SKT-4016,1,1,GYYR
09/08/2025,00:40:29,47.6205,-52.73573,145.0,1.0,SKT-4016,1,1,GYYR
09/08/2025,00:40:36,47.62051,-52.73577,143.0,1.0,SKT-4016,1,1,GYYR
09/08/2025,00:40:43,47.62051,-52.7358,143.0,1.0,SKT-4016,1,1,GYYR
09/08/2025,00:40:50,47.62051,-52.73581,144.0,1.0,SKT-4016,1,1,GYYR
09/08/2025,00:40:58,47.62051,-52.7358,146.0,1.0,SKT-4016,1,1,GYYR
09/08/2025,00:41:05,47.6205,-52.73578,148.0,1.0,SKT-4016,1,1,GYYR
09/08/2025,00:41:12,47.62049,-52.73576,148.0,1.0,SKT-4016,1,1,GYYR
09/08/2025,00:41:19,47.62048,-52.73576,147.0,1.0,SKT-4016,1,1,GYYR
09/08/2025,00:41:27,47.62046,-52.73573,145.0,1.0,SKT-4016,1,1,GYYR
09/08/2025,00:41:34,47.62045,-52.73571,144.0,1.0,SKT-4016,1,1,GYYR
09/08/2025,00:41:41,47.62045,-52.7357,143.0,1.0,SKT-4016,1,1,GYYR
09/08/2025,00:41:49,47.62043,-52.73569,143.0,1.0,SKT-4016,1,1,GYYR
09/08/2025,00:41:56,47.62043,-52.73571,148.0,1.0,SKT-4016,1,1,GYYR
09/08/2025,00:42:03,47.62043,-52.73572,152.0,1.0,SKT-4016,1,1,GYYR
09/08/2025,00:42:10,47.62044,-52.73571,153.0,1.0,SKT-4016,1,1,GYYR
09/08/2025,00:42:18,47.62046,-52.73572,156.0,1.0,SKT-4016,1,1,GYYR
09/08/2025,00:42:25,47.62047,-52.73573,157.0,1.0,SKT-4016,1,1,GYYR
09/08/2025,00:42:32,47.62048,-52.73574,157.0,1.0,SKT-4016,1,1,GYYR
09/08/2025,00:42:40,47.62047,-52.73574,157.0,1.0,SKT-4016,1,1,GYYR
09/08/2025,00:42:47,47.62046,-52.73573,157.0,1.0,SKT-4016,1,1,GYYR
09/08/2025,00:42:54,47.62045,-52.73571,156.0,1.0,SKT-4016,1,1,GYYR
09/08/2025,00:43:01,47.62045,-52.73568,154.0,1.0,SKT-4016,1,1,GYYR
09/08/2025,00:43:09,47.62046,-52.73565,153.0,1.0,SKT-4016,1,1,GYYR
09/08/2025,00:43:16,47.62046,-52.73565,153.0,1.0,SKT-4016,1,1,GYYR
09/08/2025,00:43:23,47.62046,-52.73565,153.0,1.0,SKT-4016,1,1,GYYR
09/08/2025,00:43:30,47.62047,-52.73567,152.0,1.0,SKT-4016,1,1,GYYR
09/08/2025,00:43:38,47.62047,-52.73568,151.0,1.0,SKT-4016,1,1,GYYR
09/08/2025,00:43:45,47.62046,-52.73569,150.0,1.0,SKT-4016,1,1,GYYR
09/08/2025,00:43:52,47.62046,-52.73568,147.0,1.0,SKT-4016,1,1,GYYR
09/08/2025,00:44:00,47.62046,-52.73567,145.0,1.0,SKT-4016,1,1,GYYR
09/08/2025,00:44:07,47.62046,-52.73566,144.0,1.0,SKT-4016,1,1,GYYR
09/08/2025,00:44:14,47.62046,-52.73566,144.0,1.0,SKT-4016,1,1,GYYR
09/08/2025,00:44:21,47.62046,-52.73566,145.0,1.0,SKT-4016,1,1,GYYR
09/08/2025,00:44:29,47.62046,-52.73566,149.0,1.0,SKT-4016,1,1,GYYR
09/08/2025,00:44:36,47.62046,-52.73567,151.0,1.0,SKT-4016,1,1,GYYR
09/08/2025,00:44:43,47.62045,-52.73566,150.0,1.0,SKT-4016,1,1,GYYR
09/08/2025,00:44:51,47.62043,-52.73565,150.0,1.0,SKT-4016,1,1,GYYR
09/08/2025,00:44:58,47.62043,-52.73564,153.0,1.0,SKT-4016,1,1,GYYR
09/08/2025,00:45:05,47.62043,-52.73564,158.0,1.0,SKT-4016,1,1,GYYR
09/08/2025,00:45:12,47.62041,-52.73564,161.0,1.0,SKT-4016,1,1,GYYR
09/08/2025,00:45:20,47.6204,-52.73563,162.0,1.0,SKT-4016,1,1,GYYR
09/08/2025,00:45:27,47.62039,-52.73563,161.0,1.0,SKT-4016,1,1,GYYR
09/08/2025,00:45:34,47.62039,-52.73564,160.0,1.0,SKT-4016,1,1,GYYR
09/08/2025,00:45:42,47.62041,-52.73567,158.0,1.0,SKT-4016,1,1,GYYR
09/08/2025,00:45:49,47.6204,-52.73568,157.0,1.0,SKT-4016,1,1,GYYR
09/08/2025,00:45:56,47.6204,-52.73568,158.0,1.0,SKT-4016,1,1,GYYR
09/08/2025,00:46:03,47.6204,-52.73568,159.0,1.0,SKT-4016,1,1,GYYR
09/08/2025,00:46:11,47.62041,-52.73568,162.0,1.0,SKT-4016,1,1,GYYR
09/08/2025,00:46:18,47.62041,-52.73568,165.0,1.0,SKT-4016,1,1,GYYR
09/08/2025,00:46:25,47.62041,-52.73568,168.0,1.0,SKT-4016,1,1,GYYR
09/08/2025,00:46:33,47.62039,-52.73567,171.0,1.0,SKT-4016,1,1,GYYR
09/08/2025,00:46:40,47.62038,-52.73566,170.0,1.0,SKT-4016,1,1,GYYR
09/08/2025,00:46:47,47.62037,-52.73565,169.0,1.0,SKT-4016,1,1,GYYR
09/08/2025,00:46:54,47.62037,-52.73563,166.0,1.0,SKT-4016,1,1,GYYR
09/08/2025,00:47:02,47.62038,-52.73561,163.0,1.0,SKT-4016,1,1,GYYR
09/08/2025,00:47:09,47.62039,-52.73561,161.0,1.0,SKT-4016,1,1,GYYR
09/08/2025,00:47:16,47.6204,-52.73562,159.0,1.0,SKT-4016,1,1,GYYR
09/08/2025,00:47:24,47.62042,-52.73563,158.0,1.0,SKT-4016,1,1,GYYR
09/08/2025,00:47:31,47.62045,-52.73564,158.0,1.0,SKT-4016,1,1,GYYR
09/08/2025,00:47:38,47.62048,-52.73564,159.0,1.0,SKT-4016,1,1,GYYR
09/08/2025,00:47:45,47.62049,-52.73564,161.0,1.0,SKT-4016,1,1,GYYR
09/08/2025,00:47:53,47.62051,-52.73564,167.0,1.0,SKT-4016,1,1,GYYR
09/08/2025,00:48:00,47.62051,-52.73565,174.0,1.0,SKT-4016,1,1,GYYR
09/08/2025,00:48:07,47.62051,-52.73566,180.0,1.0,SKT-4016,1,1,GYYR
09/08/2025,00:48:14,47.62053,-52.73566,184.0,1.0,SKT-4016,1,1,GYYR
09/08/2025,00:48:22,47.62052,-52.73565,183.0,1.0,SKT-4016,1,1,GYYR
09/08/2025,00:48:29,47.6205,-52.73565,179.0,1.0,SKT-4016,1,1,GYYR
09/08/2025,00:48:36,47.6205,-52.73565,174.0,1.0,SKT-4016,1,1,GYYR
09/08/2025,00:48:44,47.6205,-52.73564,172.0,1.0,SKT-4016,1,1,GYYR
09/08/2025,00:48:51,47.62049,-52.73563,169.0,1.0,SKT-4016,1,1,GYYR
09/08/2025,00:48:58,47.62046,-52.73562,166.0,1.0,SKT-4016,1,1,GYYR
09/08/2025,00:49:05,47.62045,-52.73561,165.0,1.0,SKT-4016,1,1,GYYR
09/08/2025,00:49:13,47.62042,-52.7356,163.0,1.0,SKT-4016,1,1,GYYR
09/08/2025,00:49:20,47.62041,-52.7356,161.0,1.0,SKT-4016,1,1,GYYR
09/08/2025,00:49:27,47.62041,-52.73561,159.0,1.0,SKT-4016,1,1,GYYR
09/08/2025,00:49:35,47.62041,-52.73564,156.0,1.0,SKT-4016,1,1,GYYR
09/08/2025,00:49:42,47.62043,-52.73565,157.0,1.0,SKT-4016,1,1,GYYR
09/08/2025,00:49:49,47.62044,-52.73566,160.0,1.0,SKT-4016,1,1,GYYR
09/08/2025,00:49:56,47.62045,-52.73566,161.0,1.0,SKT-4016,1,1,GYYR
09/08/2025,00:50:04,47.62046,-52.73568,164.0,1.0,SKT-4016,1,1,GYYR
09/08/2025,00:50:11,47.62048,-52.73569,168.0,1.0,SKT-4016,1,1,GYYR
09/08/2025,00:50:18,47.62048,-52.7357,171.0,1.0,SKT-4016,1,1,GYYR
09/08/2025,00:50:26,47.62048,-52.7357,171.0,1.0,SKT-4016,1,1,GYYR
09/08/2025,00:50:33,47.62047,-52.7357,173.0,1.0,SKT-4016,1,1,GYYR
09/08/2025,00:50:40,47.62048,-52.7357,174.0,1.0,SKT-4016,1,1,GYYR
09/08/2025,00:50:47,47.62047,-52.7357,174.0,1.0,SKT-4016,1,1,GYYR
09/08/2025,00:50:55,47.62046,-52.7357,175.0,1.0,SKT-4016,1,1,GYYR
09/08/2025,00:51:02,47.62045,-52.73569,175.0,1.0,SKT-4016,1,1,GYYR
09/08/2025,00:51:09,47.62045,-52.7357,175.0,1.0,SKT-4016,1,1,GYYR
09/08/2025,00:51:17,47.62046,-52.73571,174.0,1.0,SKT-4016,1,1,GYYR
09/08/2025,00:51:24,47.62048,-52.73571,176.0,1.0,SKT-4016,1,1,GYYR
09/08/2025,00:51:31,47.6205,-52.73572,177.0,1.0,SKT-4016,1,1,GYYR
09/08/2025,00:51:38,47.62054,-52.73573,177.0,1.0,SKT-4016,1,1,GYYR
09/08/2025,00:51:46,47.62057,-52.73574,177.0,1.0,SKT-4016,1,1,GYYR
09/08/2025,00:51:54,47.62059,-52.73575,177.0,1.0,SKT-4016,1,1,GYYR
09/08/2025,00:52:01,47.62059,-52.73574,177.0,1.0,SKT-4016,1,1,GYYR
09/08/2025,00:52:08,47.62055,-52.73571,173.0,1.0,SKT-4016,1,1,GYYR
09/08/2025,00:52:16,47.62052,-52.73567,173.0,1.0,SKT-4016,1,1,GYYR
09/08/2025,00:52:23,47.6205,-52.73565,171.0,1.0,SKT-4016,1,1,GYYR
09/08/2025,00:52:30,47.62047,-52.73563,168.0,1.0,SKT-4016,1,1,GYYR
09/08/2025,00:52:37,47.62045,-52.73562,164.0,1.0,SKT-4016,1,1,GYYR
09/08/2025,00:52:45,47.62044,-52.73562,161.0,1.0,SKT-4016,1,1,GYYR
09/08/2025,00:52:52,47.62045,-52.73562,161.0,1.0,SKT-4016,1,1,GYYR
09/08/2025,00:52:59,47.62046,-52.73561,165.0,1.0,SKT-4016,1,1,GYYR
09/08/2025,00:53:07,47.62054,-52.73558,177.0,1.0,SKT-4016,1,1,GYYR
09/08/2025,00:53:15,47.62059,-52.73555,188.0,1.0,SKT-4016,1,1,GYYR
09/08/2025,00:53:22,47.62064,-52.73554,195.0,1.0,SKT-4016,1,1,GYYR
09/08/2025,00:53:29,47.62069,-52.73553,202.0,1.0,SKT-4016,1,1,GYYR
09/08/2025,00:53:37,47.62073,-52.73553,205.0,1.0,SKT-4016,1,1,GYYR
09/08/2025,00:53:44,47.62073,-52.73551,205.0,1.0,SKT-4016,1,1,GYYR
09/08/2025,00:53:51,47.6207,-52.73549,201.0,1.0,SKT-4016,1,1,GYYR
09/08/2025,00:53:58,47.62067,-52.73548,197.0,1.0,SKT-4016,1,1,GYYR
09/08/2025,00:54:06,47.62065,-52.7355,194.0,1.0,SKT-4016,1,1,GYYR
09/08/2025,00:54:13,47.62064,-52.73553,191.0,1.0,SKT-4016,1,1,GYYR
09/08/2025,00:54:20,47.62062,-52.73557,189.0,1.0,SKT-4016,1,1,GYYR
09/08/2025,00:54:28,47.62061,-52.73558,186.0,1.0,SKT-4016,1,1,GYYR
09/08/2025,00:54:35,47.62058,-52.73559,184.0,1.0,SKT-4016,1,1,GYYR
09/08/2025,00:54:42,47.62054,-52.7356,178.0,1.0,SKT-4016,1,1,GYYR
09/08/2025,00:54:50,47.62049,-52.73562,170.0,1.0,SKT-4016,1,1,GYYR
09/08/2025,00:54:57,47.62045,-52.73563,162.0,1.0,SKT-4016,1,1,GYYR
09/08/2025,00:55:04,47.62042,-52.73565,156.0,1.0,SKT-4016,1,1,GYYR
09/08/2025,00:55:11,47.62042,-52.73567,153.0,1.0,SKT-4016,1,1,GYYR
09/08/2025,00:55:19,47.62042,-52.73567,149.0,1.0,SKT-4016,1,1,GYYR
09/08/2025,00:55:26,47.62043,-52.73567,147.0,1.0,SKT-4016,1,1,GYYR
09/08/2025,00:55:33,47.62043,-52.73565,147.0,1.0,SKT-4016,1,1,GYYR
09/08/2025,00:55:40,47.62042,-52.73562,146.0,1.0,SKT-4016,1,1,GYYR
09/08/2025,00:55:48,47.62045,-52.73562,148.0,1.0,SKT-4016,1,1,GYYR
09/08/2025,00:55:55,47.62048,-52.73563,148.0,1.0,SKT-4016,1,1,GYYR
09/08/2025,00:56:02,47.62049,-52.73564,147.0,1.0,SKT-4016,1,1,GYYR
09/08/2025,00:56:10,47.62054,-52.73565,152.0,1.0,SKT-4016,1,1,GYYR
09/08/2025,00:56:17,47.62055,-52.73565,156.0,1.0,SKT-4016,1,1,GYYR
09/08/2025,00:56:24,47.62055,-52.73565,160.0,1.0,SKT-4016,1,1,GYYR
09/08/2025,00:56:31,47.62053,-52.73565,163.0,1.0,SKT-4016,1,1,GYYR
09/08/2025,00:56:39,47.6205,-52.73565,162.0,1.0,SKT-4016,1,1,GYYR
09/08/2025,00:56:46,47.62048,-52.73565,158.0,1.0,SKT-4016,1,1,GYYR
09/08/2025,00:56:53,47.62051,-52.73563,161.0,1.0,SKT-4016,1,1,GYYR
09/08/2025,00:57:01,47.62056,-52.73559,164.0,1.0,SKT-4016,1,1,GYYR
09/08/2025,00:57:08,47.62062,-52.73556,168.0,1.0,SKT-4016,1,1,GYYR
09/08/2025,00:57:15,47.62065,-52.73555,171.0,1.0,SKT-4016,1,1,GYYR
09/08/2025,00:57:22,47.62067,-52.73555,172.0,1.0,SKT-4016,1,1,GYYR
09/08/2025,00:57:30,47.62068,-52.73556,175.0,1.0,SKT-4016,1,1,GYYR
09/08/2025,00:57:37,47.62069,-52.73556,177.0,1.0,SKT-4016,1,1,GYYR
09/08/2025,00:57:44,47.6207,-52.73556,179.0,1.0,SKT-4016,1,1,GYYR
09/08/2025,00:57:52,47.62072,-52.73556,181.0,1.0,SKT-4016,1,1,GYYR
09/08/2025,00:57:59,47.62072,-52.73557,181.0,1.0,SKT-4016,1,1,GYYR
09/08/2025,00:58:06,47.62073,-52.73557,182.0,1.0,SKT-4016,1,1,GYYR
09/08/2025,00:58:13,47.62074,-52.73557,183.0,1.0,SKT-4016,1,1,GYYR
09/08/2025,00:58:21,47.62074,-52.73555,183.0,1.0,SKT-4016,1,1,GYYR
09/08/2025,00:58:28,47.62072,-52.73553,183.0,1.0,SKT-4016,1,1,GYYR
09/08/2025,00:58:35,47.62067,-52.73554,180.0,1.0,SKT-4016,1,1,GYYR
09/08/2025,00:58:42,47.62062,-52.73557,174.0,1.0,SKT-4016,1,1,GYYR
09/08/2025,00:58:50,47.62057,-52.7356,170.0,1.0,SKT-4016,1,1,GYYR
09/08/2025,00:58:57,47.62054,-52.7356,167.0,1.0,SKT-4016,1,1,GYYR
09/08/2025,00:59:04,47.62051,-52.73559,162.0,1.0,SKT-4016,1,1,GYYR
09/08/2025,00:59:12,47.62047,-52.73559,157.0,1.0,SKT-4016,1,1,GYYR
09/08/2025,00:59:19,47.62044,-52.73559,152.0,1.0,SKT-4016,1,1,GYYR
09/08/2025,00:59:26,47.62041,-52.73559,148.0,1.0,SKT-4016,1,1,GYYR
09/08/2025,00:59:33,47.62041,-52.73559,145.0,1.0,SKT-4016,1,1,GYYR
09/08/2025,00:59:41,47.62041,-52.7356,144.0,1.0,SKT-4016,1,1,GYYR
09/08/2025,00:59:48,47.62041,-52.73562,145.0,1.0,SKT-4016,1,1,GYYR
09/08/2025,00:59:55,47.62043,-52.73565,146.0,1.0,SKT-4016,1,1,GYYR
09/08/2025,01:00:03,47.62043,-52.73569,146.0,1.0,SKT-4016,1,1,GYYR
09/08/2025,01:00:10,47.62042,-52.73569,149.0,1.0,SKT-4016,1,1,GYYR
09/08/2025,01:00:17,47.62042,-52.73568,152.0,1.0,SKT-4016,1,1,GYYR
09/08/2025,01:00:24,47.62041,-52.73567,155.0,1.0,SKT-4016,1,1,GYYR
09/08/2025,01:00:32,47.6204,-52.73566,155.0,1.0,SKT-4016,1,1,GYYR
09/08/2025,01:00:39,47.62039,-52.73566,154.0,1.0,SKT-4016,1,1,GYYR
09/08/2025,01:00:46,47.62039,-52.73566,152.0,1.0,SKT-4016,1,1,GYYR
09/08/2025,01:00:53,47.62039,-52.73566,151.0,1.0,SKT-4016,1,1,GYYR
09/08/2025,01:01:01,47.6204,-52.73566,150.0,1.0,SKT-4016,1,1,GYYR
09/08/2025,01:01:08,47.6204,-52.73566,148.0,1.0,SKT-4016,1,1,GYYR
09/08/2025,01:01:15,47.62042,-52.73564,148.0,1.0,SKT-4016,1,1,GYYR
09/08/2025,01:01:23,47.62046,-52.73563,152.0,1.0,SKT-4016,1,1,GYYR
09/08/2025,01:01:30,47.62049,-52.73562,155.0,1.0,SKT-4016,1,1,GYYR
09/08/2025,01:01:37,47.62051,-52.73562,158.0,1.0,SKT-4016,1,1,GYYR
09/08/2025,01:01:44,47.62053,-52.73562,160.0,1.0,SKT-4016,1,1,GYYR
09/08/2025,01:01:52,47.62056,-52.73563,161.0,1.0,SKT-4016,1,1,GYYR
09/08/2025,01:01:59,47.62055,-52.73565,161.0,1.0,SKT-4016,1,1,GYYR
09/08/2025,01:02:06,47.62053,-52.73567,162.0,1.0,SKT-4016,1,1,GYYR
09/08/2025,01:02:14,47.62052,-52.73569,163.0,1.0,SKT-4016,1,1,GYYR
09/08/2025,01:02:21,47.62051,-52.73569,163.0,1.0,SKT-4016,1,1,GYYR
09/08/2025,01:02:28,47.6205,-52.73569,163.0,1.0,SKT-4016,1,1,GYYR
09/08/2025,01:02:35,47.6205,-52.73569,164.0,1.0,SKT-4016,1,1,GYYR
09/08/2025,01:02:43,47.6205,-52.73572,164.0,1.0,SKT-4016,1,1,GYYR
09/08/2025,01:02:50,47.6205,-52.73573,163.0,1.0,SKT-4016,1,1,GYYR
09/08/2025,01:02:57,47.62049,-52.73572,162.0,1.0,SKT-4016,1,1,GYYR
09/08/2025,01:03:04,47.62049,-52.73573,160.0,1.0,SKT-4016,1,1,GYYR
09/08/2025,01:03:12,47.62046,-52.73572,157.0,1.0,SKT-4016,1,1,GYYR
09/08/2025,01:03:19,47.62044,-52.73571,155.0,1.0,SKT-4016,1,1,GYYR
09/08/2025,01:03:26,47.62042,-52.7357,153.0,1.0,SKT-4016,1,1,GYYR
09/08/2025,01:03:34,47.62041,-52.7357,152.0,1.0,SKT-4016,1,1,GYYR
09/08/2025,01:03:41,47.62041,-52.73569,150.0,1.0,SKT-4016,1,1,GYYR
09/08/2025,01:03:48,47.62041,-52.73568,149.0,1.0,SKT-4016,1,1,GYYR
09/08/2025,01:03:55,47.62042,-52.73565,149.0,1.0,SKT-4016,1,1,GYYR
09/08/2025,01:04:03,47.62042,-52.73564,151.0,1.0,SKT-4016,1,1,GYYR
09/08/2025,01:04:10,47.62042,-52.73563,153.0,1.0,SKT-4016,1,1,GYYR
09/08/2025,01:04:17,47.62042,-52.73562,152.0,1.0,SKT-4016,1,1,GYYR
09/08/2025,01:04:25,47.62042,-52.7356,149.0,1.0,SKT-4016,1,1,GYYR
09/08/2025,01:04:32,47.62042,-52.73559,149.0,1.0,SKT-4016,1,1,GYYR
09/08/2025,01:04:39,47.62041,-52.73559,150.0,1.0,SKT-4016,1,1,GYYR
09/08/2025,01:04:46,47.6204,-52.7356,150.0,1.0,SKT-4016,1,1,GYYR
09/08/2025,01:04:54,47.62038,-52.7356,151.0,1.0,SKT-4016,1,1,GYYR
09/08/2025,01:05:01,47.62036,-52.73561,151.0,1.0,SKT-4016,1,1,GYYR
09/08/2025,01:05:08,47.62035,-52.73564,152.0,1.0,SKT-4016,1,1,GYYR
09/08/2025,01:05:15,47.62035,-52.73565,152.0,1.0,SKT-4016,1,1,GYYR
09/08/2025,01:05:23,47.62036,-52.73565,152.0,1.0,SKT-4016,1,1,GYYR
09/08/2025,01:05:30,47.62037,-52.73565,154.0,1.0,SKT-4016,1,1,GYYR
09/08/2025,01:05:37,47.62039,-52.73565,156.0,1.0,SKT-4016,1,1,GYYR
09/08/2025,01:05:45,47.6204,-52.73565,156.0,1.0,SKT-4016,1,1,GYYR
09/08/2025,01:05:52,47.6204,-52.73566,156.0,1.0,SKT-4016,1,1,GYYR
09/08/2025,01:05:59,47.6204,-52.73565,157.0,1.0,SKT-4016,1,1,GYYR
09/08/2025,01:06:06,47.6204,-52.73565,156.0,1.0,SKT-4016,1,1,GYYR
09/08/2025,01:06:14,47.6204,-52.73566,156.0,1.0,SKT-4016,1,1,GYYR
09/08/2025,01:06:21,47.6204,-52.73565,154.0,1.0,SKT-4016,1,1,GYYR
09/08/2025,01:06:28,47.62041,-52.73564,151.0,1.0,SKT-4016,1,1,GYYR
09/08/2025,01:06:36,47.62041,-52.73562,148.0,1.0,SKT-4016,1,1,GYYR
09/08/2025,01:06:43,47.62041,-52.73561,147.0,1.0,SKT-4016,1,1,GYYR
09/08/2025,01:06:50,47.62041,-52.73561,145.0,1.0,SKT-4016,1,1,GYYR
09/08/2025,01:06:57,47.62041,-52.7356,145.0,1.0,SKT-4016,1,1,GYYR
09/08/2025,01:07:05,47.62041,-52.7356,146.0,1.0,SKT-4016,1,1,GYYR
09/08/2025,01:07:12,47.62042,-52.73561,147.0,1.0,SKT-4016,1,1,GYYR
09/08/2025,01:07:19,47.62043,-52.73562,147.0,1.0,SKT-4016,1,1,GYYR
09/08/2025,01:07:27,47.62042,-52.73563,147.0,1.0,SKT-4016,1,1,GYYR
09/08/2025,01:07:34,47.62041,-52.73565,146.0,1.0,SKT-4016,1,1,GYYR
09/08/2025,01:07:41,47.62041,-52.73566,145.0,1.0,SKT-4016,1,1,GYYR
09/08/2025,01:07:48,47.6204,-52.73566,143.0,1.0,SKT-4016,1,1,GYYR
09/08/2025,01:07:56,47.6204,-52.73566,143.0,1.0,SKT-4016,1,1,GYYR
09/08/2025,01:08:03,47.62039,-52.73566,143.0,1.0,SKT-4016,1,1,GYYR
09/08/2025,01:08:10,47.62039,-52.73567,144.0,1.0,SKT-4016,1,1,GYYR
09/08/2025,01:08:18,47.6204,-52.73568,144.0,1.0,SKT-4016,1,1,GYYR
09/08/2025,01:08:25,47.6204,-52.73569,145.0,1.0,SKT-4016,1,1,GYYR
09/08/2025,01:08:32,47.62041,-52.73569,145.0,1.0,SKT-4016,1,1,GYYR
09/08/2025,01:08:39,47.62041,-52.73568,146.0,1.0,SKT-4016,1,1,GYYR
09/08/2025,01:08:47,47.62041,-52.73567,146.0,1.0,SKT-4016,1,1,GYYR
09/08/2025,01:08:54,47.62041,-52.73567,146.0,1.0,SKT-4016,1,1,GYYR
09/08/2025,01:09:01,47.62041,-52.73567,145.0,1.0,SKT-4016,1,1,GYYR
09/08/2025,01:09:08,47.6204,-52.73568,143.0,1.0,SKT-4016,1,1,GYYR
09/08/2025,01:09:16,47.62039,-52.73569,140.0,1.0,SKT-4016,1,1,GYYR
09/08/2025,01:09:23,47.6204,-52.73571,138.0,1.0,SKT-4016,1,1,GYYR
09/08/2025,01:09:30,47.62041,-52.73573,137.0,1.0,SKT-4016,1,1,GYYR
09/08/2025,01:09:38,47.62041,-52.73574,137.0,1.0,SKT-4016,1,1,GYYR
09/08/2025,01:09:45,47.62037,-52.73572,138.0,1.0,SKT-4016,1,1,GYYR
09/08/2025,01:09:52,47.62035,-52.7357,141.0,1.0,SKT-4016,1,1,GYYR
09/08/2025,01:09:59,47.62035,-52.7357,145.0,1.0,SKT-4016,1,1,GYYR
09/08/2025,01:10:07,47.62036,-52.7357,149.0,1.0,SKT-4016,1,1,GYYR
09/08/2025,01:10:14,47.62036,-52.7357,150.0,1.0,SKT-4016,1,1,GYYR
09/08/2025,01:10:21,47.62038,-52.7357,155.0,1.0,SKT-4016,1,1,GYYR
09/08/2025,01:10:29,47.62041,-52.73569,160.0,1.0,SKT-4016,1,1,GYYR
09/08/2025,01:10:36,47.62043,-52.73569,163.0,1.0,SKT-4016,1,1,GYYR
09/08/2025,01:10:43,47.62043,-52.73569,165.0,1.0,SKT-4016,1,1,GYYR
09/08/2025,01:10:50,47.62044,-52.73569,167.0,1.0,SKT-4016,1,1,GYYR
09/08/2025,01:10:58,47.62045,-52.73568,170.0,1.0,SKT-4016,1,1,GYYR
09/08/2025,01:11:05,47.62045,-52.73568,167.0,1.0,SKT-4016,1,1,GYYR
09/08/2025,01:11:12,47.62044,-52.73567,163.0,1.0,SKT-4016,1,1,GYYR
09/08/2025,01:11:20,47.62043,-52.73567,158.0,1.0,SKT-4016,1,1,GYYR
09/08/2025,01:11:27,47.62042,-52.73568,153.0,1.0,SKT-4016,1,1,GYYR
09/08/2025,01:11:34,47.62041,-52.73568,150.0,1.0,SKT-4016,1,1,GYYR
09/08/2025,01:11:41,47.6204,-52.73568,149.0,1.0,SKT-4016,1,1,GYYR
09/08/2025,01:11:49,47.62039,-52.73568,149.0,1.0,SKT-4016,1,1,GYYR
09/08/2025,01:11:56,47.62038,-52.73568,147.0,1.0,SKT-4016,1,1,GYYR
09/08/2025,01:12:03,47.62038,-52.73568,145.0,1.0,SKT-4016,1,1,GYYR
09/08/2025,01:12:10,47.6204,-52.73568,146.0,1.0,SKT-4016,1,1,GYYR
09/08/2025,01:12:18,47.62041,-52.73567,147.0,1.0,SKT-4016,1,1,GYYR
09/08/2025,01:12:25,47.62041,-52.73568,149.0,1.0,SKT-4016,1,1,GYYR
09/08/2025,01:12:32,47.62041,-52.73568,152.0,1.0,SKT-4016,1,1,GYYR
09/08/2025,01:12:40,47.6204,-52.73568,152.0,1.0,SKT-4016,1,1,GYYR
09/08/2025,01:12:47,47.6204,-52.73568,153.0,1.0,SKT-4016,1,1,GYYR
09/08/2025,01:12:54,47.6204,-52.73568,153.0,1.0,SKT-4016,1,1,GYYR
09/08/2025,01:13:01,47.62041,-52.73568,155.0,1.0,SKT-4016,1,1,GYYR
09/08/2025,01:13:09,47.62042,-52.73569,156.0,1.0,SKT-4016,1,1,GYYR
09/08/2025,01:13:16,47.62044,-52.73569,156.0,1.0,SKT-4016,1,1,GYYR
09/08/2025,01:13:23,47.62045,-52.73569,157.0,1.0,SKT-4016,1,1,GYYR
09/08/2025,01:13:30,47.62045,-52.73568,154.0,1.0,SKT-4016,1,1,GYYR
09/08/2025,01:13:38,47.62044,-52.73569,151.0,1.0,SKT-4016,1,1,GYYR
09/08/2025,01:13:45,47.62042,-52.73569,151.0,1.0,SKT-4016,1,1,GYYR
09/08/2025,01:13:52,47.6204,-52.73569,153.0,1.0,SKT-4016,1,1,GYYR
09/08/2025,01:14:00,47.6204,-52.73569,153.0,1.0,SKT-4016,1,1,GYYR
09/08/2025,01:14:07,47.6204,-52.73568,153.0,1.0,SKT-4016,1,1,GYYR
09/08/2025,01:14:14,47.6204,-52.73568,154.0,1.0,SKT-4016,1,1,GYYR
09/08/2025,01:14:21,47.6204,-52.73568,155.0,1.0,SKT-4016,1,1,GYYR
09/08/2025,01:14:29,47.62039,-52.73569,158.0,1.0,SKT-4016,1,1,GYYR
09/08/2025,01:14:36,47.62039,-52.73568,158.0,1.0,SKT-4016,1,1,GYYR
09/08/2025,01:14:43,47.6204,-52.73567,157.0,1.0,SKT-4016,1,1,GYYR
09/08/2025,01:14:51,47.6204,-52.73566,155.0,1.0,SKT-4016,1,1,GYYR
09/08/2025,01:14:58,47.6204,-52.73566,154.0,1.0,SKT-4016,1,1,GYYR
09/08/2025,01:15:05,47.6204,-52.73566,151.0,1.0,SKT-4016,1,1,GYYR
09/08/2025,01:15:12,47.6204,-52.73566,147.0,1.0,SKT-4016,1,1,GYYR
09/08/2025,01:15:20,47.62038,-52.73568,145.0,1.0,SKT-4016,1,1,GYYR
09/08/2025,01:15:27,47.62038,-52.73569,145.0,1.0,SKT-4016,1,1,GYYR
09/08/2025,01:15:34,47.62037,-52.7357,147.0,1.0,SKT-4016,1,1,GYYR
09/08/2025,01:15:42,47.62037,-52.73571,151.0,1.0,SKT-4016,1,1,GYYR
09/08/2025,01:15:49,47.62038,-52.73571,157.0,1.0,SKT-4016,1,1,GYYR
09/08/2025,01:15:56,47.62038,-52.73571,164.0,1.0,SKT-4016,1,1,GYYR
09/08/2025,01:16:03,47.62038,-52.73572,169.0,1.0,SKT-4016,1,1,GYYR
09/08/2025,01:16:11,47.62037,-52.73572,166.0,1.0,SKT-4016,1,1,GYYR
09/08/2025,01:16:18,47.62039,-52.73571,166.0,1.0,SKT-4016,1,1,GYYR
09/08/2025,01:16:25,47.6204,-52.7357,164.0,1.0,SKT-4016,1,1,GYYR
09/08/2025,01:16:33,47.62041,-52.73569,162.0,1.0,SKT-4016,1,1,GYYR
09/08/2025,01:16:40,47.62041,-52.73568,162.0,1.0,SKT-4016,1,1,GYYR
09/08/2025,01:16:47,47.62041,-52.73568,162.0,1.0,SKT-4016,1,1,GYYR
09/08/2025,01:16:54,47.62041,-52.73567,161.0,1.0,SKT-4016,1,1,GYYR
09/08/2025,01:17:02,47.62041,-52.73567,159.0,1.0,SKT-4016,1,1,GYYR
09/08/2025,01:17:09,47.62042,-52.73566,157.0,1.0,SKT-4016,1,1,GYYR
09/08/2025,01:17:16,47.62045,-52.73567,156.0,1.0,SKT-4016,1,1,GYYR
09/08/2025,01:17:24,47.62048,-52.73568,155.0,1.0,SKT-4016,1,1,GYYR
09/08/2025,01:17:31,47.62049,-52.7357,153.0,1.0,SKT-4016,1,1,GYYR
09/08/2025,01:17:38,47.6205,-52.73571,151.0,1.0,SKT-4016,1,1,GYYR
09/08/2025,01:17:45,47.62049,-52.73572,149.0,1.0,SKT-4016,1,1,GYYR
09/08/2025,01:17:53,47.62045,-52.73573,145.0,1.0,SKT-4016,1,1,GYYR
09/08/2025,01:18:00,47.62043,-52.73573,144.0,1.0,SKT-4016,1,1,GYYR
09/08/2025,01:18:07,47.62042,-52.73573,146.0,1.0,SKT-4016,1,1,GYYR
09/08/2025,01:18:14,47.62042,-52.73573,146.0,1.0,SKT-4016,1,1,GYYR
09/08/2025,01:18:22,47.62042,-52.73573,148.0,1.0,SKT-4016,1,1,GYYR
09/08/2025,01:18:29,47.62042,-52.73574,149.0,1.0,SKT-4016,1,1,GYYR
09/08/2025,01:18:36,47.62042,-52.73574,149.0,1.0,SKT-4016,1,1,GYYR
09/08/2025,01:18:44,47.62041,-52.73574,149.0,1.0,SKT-4016,1,1,GYYR
09/08/2025,01:18:51,47.62041,-52.73573,149.0,1.0,SKT-4016,1,1,GYYR
09/08/2025,01:18:58,47.62041,-52.7357,149.0,1.0,SKT-4016,1,1,GYYR
09/08/2025,01:19:05,47.62042,-52.73568,148.0,1.0,SKT-4016,1,1,GYYR
09/08/2025,01:19:13,47.62042,-52.73567,149.0,1.0,SKT-4016,1,1,GYYR
09/08/2025,01:19:20,47.62042,-52.73567,151.0,1.0,SKT-4016,1,1,GYYR
09/08/2025,01:19:27,47.62043,-52.73567,155.0,1.0,SKT-4016,1,1,GYYR
09/08/2025,01:19:35,47.62046,-52.73568,161.0,1.0,SKT-4016,1,1,GYYR
09/08/2025,01:19:42,47.6205,-52.73569,164.0,1.0,SKT-4016,1,1,GYYR
09/08/2025,01:19:49,47.62052,-52.73569,166.0,1.0,SKT-4016,1,1,GYYR
09/08/2025,01:19:56,47.62053,-52.73571,166.0,1.0,SKT-4016,1,1,GYYR
09/08/2025,01:20:04,47.62051,-52.73573,162.0,1.0,SKT-4016,1,1,GYYR
09/08/2025,01:20:11,47.62052,-52.73574,161.0,1.0,SKT-4016,1,1,GYYR
09/08/2025,01:20:18,47.62053,-52.73574,159.0,1.0,SKT-4016,1,1,GYYR
09/08/2025,01:20:25,47.62053,-52.73573,159.0,1.0,SKT-4016,1,1,GYYR
09/08/2025,01:20:33,47.62052,-52.73572,160.0,1.0,SKT-4016,1,1,GYYR
09/08/2025,01:20:40,47.62051,-52.73571,161.0,1.0,SKT-4016,1,1,GYYR
09/08/2025,01:20:47,47.62048,-52.7357,161.0,1.0,SKT-4016,1,1,GYYR
09/08/2025,01:20:55,47.62046,-52.73569,159.0,1.0,SKT-4016,1,1,GYYR
09/08/2025,01:21:02,47.62044,-52.73568,155.0,1.0,SKT-4016,1,1,GYYR
09/08/2025,01:21:09,47.62043,-52.73569,153.0,1.0,SKT-4016,1,1,GYYR
09/08/2025,01:21:16,47.62042,-52.7357,151.0,1.0,SKT-4016,1,1,GYYR
09/08/2025,01:21:24,47.62041,-52.73572,150.0,1.0,SKT-4016,1,1,GYYR
09/08/2025,01:21:31,47.62041,-52.73573,150.0,1.0,SKT-4016,1,1,GYYR
09/08/2025,01:21:38,47.62041,-52.73572,150.0,1.0,SKT-4016,1,1,GYYR
09/08/2025,01:21:46,47.62042,-52.73572,151.0,1.0,SKT-4016,1,1,GYYR
09/08/2025,01:21:53,47.62043,-52.73571,151.0,1.0,SKT-4016,1,1,GYYR
09/08/2025,01:22:00,47.62044,-52.7357,152.0,1.0,SKT-4016,1,1,GYYR
09/08/2025,01:22:07,47.62046,-52.7357,152.0,1.0,SKT-4016,1,1,GYYR
09/08/2025,01:22:15,47.62048,-52.73571,150.0,1.0,SKT-4016,1,1,GYYR
09/08/2025,01:22:22,47.62047,-52.7357,150.0,1.0,SKT-4016,1,1,GYYR
09/08/2025,01:22:29,47.62044,-52.7357,147.0,1.0,SKT-4016,1,1,GYYR
09/08/2025,01:22:37,47.62039,-52.73569,144.0,1.0,SKT-4016,1,1,GYYR
09/08/2025,01:22:44,47.62037,-52.73569,143.0,1.0,SKT-4016,1,1,GYYR
09/08/2025,01:22:51,47.62038,-52.73568,140.0,1.0,SKT-4016,1,1,GYYR
09/08/2025,01:22:58,47.6204,-52.73568,137.0,1.0,SKT-4016,1,1,GYYR
09/08/2025,01:23:06,47.62043,-52.73569,135.0,1.0,SKT-4016,1,1,GYYR
09/08/2025,01:23:13,47.62044,-52.73568,136.0,1.0,SKT-4016,1,1,GYYR
09/08/2025,01:23:20,47.62046,-52.73568,138.0,1.0,SKT-4016,1,1,GYYR
09/08/2025,01:23:27,47.62048,-52.73569,143.0,1.0,SKT-4016,1,1,GYYR
09/08/2025,01:23:35,47.62051,-52.73571,143.0,1.0,SKT-4016,1,1,GYYR
09/08/2025,01:23:42,47.62051,-52.73574,136.0,1.0,SKT-4016,1,1,GYYR
09/08/2025,01:23:49,47.62053,-52.73579,128.0,1.0,SKT-4016,1,1,GYYR
09/08/2025,01:23:57,47.62053,-52.73581,124.0,1.0,SKT-4016,1,1,GYYR
09/08/2025,01:24:04,47.62053,-52.73577,131.0,1.0,SKT-4016,1,1,GYYR
09/08/2025,01:24:11,47.62052,-52.73573,140.0,1.0,SKT-4016,1,1,GYYR
09/08/2025,01:24:18,47.62051,-52.73571,149.0,1.0,SKT-4016,1,1,GYYR
09/08/2025,01:24:26,47.62051,-52.73569,155.0,1.0,SKT-4016,1,1,GYYR
09/08/2025,01:24:33,47.62049,-52.73569,157.0,1.0,SKT-4016,1,1,GYYR
09/08/2025,01:24:40,47.62049,-52.73569,156.0,1.0,SKT-4016,1,1,GYYR
09/08/2025,01:24:48,47.62048,-52.73569,155.0,1.0,SKT-4016,1,1,GYYR
09/08/2025,01:24:55,47.62048,-52.73567,158.0,1.0,SKT-4016,1,1,GYYR
09/08/2025,01:25:02,47.62048,-52.73564,162.0,1.0,SKT-4016,1,1,GYYR
09/08/2025,01:25:09,47.62047,-52.73564,163.0,1.0,SKT-4016,1,1,GYYR
09/08/2025,01:25:17,47.62046,-52.73566,162.0,1.0,SKT-4016,1,1,GYYR
09/08/2025,01:25:24,47.62043,-52.73568,160.0,1.0,SKT-4016,1,1,GYYR
09/08/2025,01:25:31,47.62041,-52.73571,158.0,1.0,SKT-4016,1,1,GYYR
09/08/2025,01:25:39,47.62042,-52.73571,154.0,1.0,SKT-4016,1,1,GYYR
09/08/2025,01:25:46,47.62042,-52.73571,153.0,1.0,SKT-4016,1,1,GYYR
09/08/2025,01:25:53,47.62043,-52.73572,152.0,1.0,SKT-4016,1,1,GYYR
09/08/2025,01:26:00,47.62042,-52.73572,153.0,1.0,SKT-4016,1,1,GYYR
09/08/2025,01:26:08,47.62041,-52.73571,156.0,1.0,SKT-4016,1,1,GYYR
09/08/2025,01:26:15,47.62041,-52.7357,158.0,1.0,SKT-4016,1,1,GYYR
09/08/2025,01:26:22,47.62041,-52.7357,159.0,1.0,SKT-4016,1,1,GYYR
09/08/2025,01:26:29,47.6204,-52.73571,158.0,1.0,SKT-4016,1,1,GYYR
09/08/2025,01:26:37,47.62038,-52.73571,154.0,1.0,SKT-4016,1,1,GYYR
09/08/2025,01:26:44,47.62037,-52.73571,151.0,1.0,SKT-4016,1,1,GYYR
09/08/2025,01:26:51,47.62037,-52.7357,150.0,1.0,SKT-4016,1,1,GYYR
09/08/2025,01:26:59,47.62038,-52.73569,152.0,1.0,SKT-4016,1,1,GYYR
09/08/2025,01:27:07,47.62039,-52.73568,156.0,1.0,SKT-4016,1,1,GYYR
09/08/2025,01:27:14,47.62039,-52.73567,157.0,1.0,SKT-4016,1,1,GYYR
09/08/2025,01:27:21,47.62039,-52.73566,156.0,1.0,SKT-4016,1,1,GYYR
09/08/2025,01:27:28,47.62039,-52.73565,154.0,1.0,SKT-4016,1,1,GYYR
09/08/2025,01:27:36,47.62039,-52.73564,150.0,1.0,SKT-4016,1,1,GYYR
09/08/2025,01:27:43,47.62039,-52.73563,149.0,1.0,SKT-4016,1,1,GYYR
09/08/2025,01:27:50,47.6204,-52.73562,147.0,1.0,SKT-4016,1,1,GYYR
09/08/2025,01:27:58,47.62041,-52.73562,148.0,1.0,SKT-4016,1,1,GYYR
09/08/2025,01:28:05,47.62043,-52.73563,147.0,1.0,SKT-4016,1,1,GYYR
09/08/2025,01:28:12,47.62044,-52.73565,146.0,1.0,SKT-4016,1,1,GYYR
09/08/2025,01:28:19,47.62045,-52.73566,146.0,1.0,SKT-4016,1,1,GYYR
09/08/2025,01:28:27,47.62046,-52.73566,147.0,1.0,SKT-4016,1,1,GYYR
09/08/2025,01:28:34,47.62045,-52.73566,148.0,1.0,SKT-4016,1,1,GYYR
09/08/2025,01:28:41,47.62044,-52.73566,151.0,1.0,SKT-4016,1,1,GYYR
09/08/2025,01:28:49,47.62043,-52.73566,152.0,1.0,SKT-4016,1,1,GYYR
09/08/2025,01:28:56,47.62041,-52.73566,153.0,1.0,SKT-4016,1,1,GYYR
09/08/2025,01:29:03,47.62041,-52.73567,153.0,1.0,SKT-4016,1,1,GYYR
09/08/2025,01:29:10,47.62041,-52.73566,154.0,1.0,SKT-4016,1,1,GYYR
09/08/2025,01:29:18,47.62042,-52.73565,153.0,1.0,SKT-4016,1,1,GYYR
09/08/2025,01:29:25,47.62043,-52.73565,149.0,1.0,SKT-4016,1,1,GYYR
09/08/2025,01:29:32,47.62044,-52.73565,145.0,1.0,SKT-4016,1,1,GYYR
09/08/2025,01:29:40,47.62044,-52.73567,142.0,1.0,SKT-4016,1,1,GYYR
09/08/2025,01:29:47,47.62044,-52.73567,140.0,1.0,SKT-4016,1,1,GYYR
09/08/2025,01:29:54,47.62044,-52.73566,139.0,1.0,SKT-4016,1,1,GYYR
09/08/2025,01:30:01,47.62045,-52.73566,138.0,1.0,SKT-4016,1,1,GYYR
09/08/2025,01:30:09,47.62043,-52.73567,137.0,1.0,SKT-4016,1,1,GYYR
09/08/2025,01:30:16,47.6204,-52.73569,137.0,1.0,SKT-4016,1,1,GYYR
09/08/2025,01:30:23,47.62039,-52.7357,140.0,1.0,SKT-4016,1,1,GYYR
09/08/2025,01:30:31,47.62039,-52.7357,143.0,1.0,SKT-4016,1,1,GYYR
09/08/2025,01:30:38,47.62041,-52.73569,145.0,1.0,SKT-4016,1,1,GYYR
09/08/2025,01:30:45,47.62044,-52.73568,145.0,1.0,SKT-4016,1,1,GYYR
09/08/2025,01:30:52,47.62045,-52.73569,146.0,1.0,SKT-4016,1,1,GYYR
09/08/2025,01:31:00,47.62045,-52.7357,147.0,1.0,SKT-4016,1,1,GYYR
09/08/2025,01:31:07,47.62045,-52.73571,149.0,1.0,SKT-4016,1,1,GYYR
09/08/2025,01:31:14,47.62045,-52.73571,151.0,1.0,SKT-4016,1,1,GYYR
09/08/2025,01:31:22,47.62045,-52.7357,153.0,1.0,SKT-4016,1,1,GYYR
09/08/2025,01:31:29,47.62045,-52.73569,154.0,1.0,SKT-4016,1,1,GYYR
09/08/2025,01:31:36,47.62044,-52.73568,151.0,1.0,SKT-4016,1,1,GYYR
09/08/2025,01:31:43,47.62041,-52.73569,146.0,1.0,SKT-4016,1,1,GYYR
09/08/2025,01:31:51,47.62037,-52.73568,139.0,1.0,SKT-4016,1,1,GYYR
09/08/2025,01:31:58,47.62036,-52.73568,141.0,1.0,SKT-4016,1,1,GYYR
09/08/2025,01:32:05,47.62037,-52.73566,148.0,1.0,SKT-4016,1,1,GYYR
09/08/2025,01:32:12,47.62037,-52.73565,153.0,1.0,SKT-4016,1,1,GYYR
09/08/2025,01:32:20,47.62038,-52.73565,156.0,1.0,SKT-4016,1,1,GYYR
09/08/2025,01:32:27,47.62039,-52.73566,160.0,1.0,SKT-4016,1,1,GYYR
09/08/2025,01:32:34,47.62039,-52.73566,160.0,1.0,SKT-4016,1,1,GYYR
09/08/2025,01:32:42,47.62039,-52.73567,158.0,1.0,SKT-4016,1,1,GYYR
09/08/2025,01:32:49,47.62039,-52.73568,155.0,1.0,SKT-4016,1,1,GYYR
09/08/2025,01:32:56,47.62039,-52.73567,156.0,1.0,SKT-4016,1,1,GYYR
09/08/2025,01:33:03,47.62038,-52.73567,158.0,1.0,SKT-4016,1,1,GYYR
09/08/2025,01:33:11,47.62038,-52.73567,159.0,1.0,SKT-4016,1,1,GYYR
09/08/2025,01:33:18,47.62037,-52.73568,158.0,1.0,SKT-4016,1,1,GYYR
09/08/2025,01:33:25,47.62035,-52.73568,159.0,1.0,SKT-4016,1,1,GYYR
09/08/2025,01:33:32,47.62036,-52.73568,158.0,1.0,SKT-4016,1,1,GYYR
09/08/2025,01:33:40,47.62037,-52.73568,156.0,1.0,SKT-4016,1,1,GYYR
09/08/2025,01:33:47,47.62038,-52.73567,154.0,1.0,SKT-4016,1,1,GYYR
09/08/2025,01:33:54,47.6204,-52.73567,151.0,1.0,SKT-4016,1,1,GYYR
09/08/2025,01:34:02,47.6204,-52.73566,152.0,1.0,SKT-4016,1,1,GYYR
09/08/2025,01:34:09,47.62041,-52.73566,155.0,1.0,SKT-4016,1,1,GYYR
09/08/2025,01:34:16,47.62041,-52.73565,158.0,1.0,SKT-4016,1,1,GYYR
09/08/2025,01:34:23,47.62042,-52.73565,161.0,1.0,SKT-4016,1,1,GYYR
09/08/2025,01:34:31,47.62043,-52.73565,164.0,1.0,SKT-4016,1,1,GYYR
09/08/2025,01:34:38,47.62045,-52.73566,164.0,1.0,SKT-4016,1,1,GYYR
09/08/2025,01:34:45,47.62045,-52.73566,164.0,1.0,SKT-4016,1,1,GYYR
09/08/2025,01:34:53,47.62045,-52.73565,162.0,1.0,SKT-4016,1,1,GYYR
09/08/2025,01:35:00,47.62045,-52.73563,158.0,1.0,SKT-4016,1,1,GYYR
09/08/2025,01:35:07,47.62046,-52.73562,154.0,1.0,SKT-4016,1,1,GYYR
09/08/2025,01:35:14,47.62046,-52.73562,150.0,1.0,SKT-4016,1,1,GYYR
09/08/2025,01:35:22,47.62046,-52.73563,149.0,1.0,SKT-4016,1,1,GYYR
09/08/2025,01:35:29,47.62045,-52.73564,150.0,1.0,SKT-4016,1,1,GYYR
09/08/2025,01:35:36,47.62045,-52.73565,151.0,1.0,SKT-4016,1,1,GYYR
09/08/2025,01:35:44,47.62046,-52.73566,154.0,1.0,SKT-4016,1,1,GYYR
09/08/2025,01:35:51,47.62046,-52.73565,156.0,1.0,SKT-4016,1,1,GYYR
09/08/2025,01:35:58,47.62048,-52.73565,156.0,1.0,SKT-4016,1,1,GYYR
09/08/2025,01:36:05,47.62048,-52.73564,155.0,1.0,SKT-4016,1,1,GYYR
09/08/2025,01:36:13,47.62048,-52.73563,154.0,1.0,SKT-4016,1,1,GYYR
09/08/2025,01:36:20,47.62046,-52.73565,154.0,1.0,SKT-4016,1,1,GYYR
09/08/2025,01:36:27,47.62046,-52.73566,153.0,1.0,SKT-4016,1,1,GYYR
09/08/2025,01:36:35,47.62046,-52.73567,152.0,1.0,SKT-4016,1,1,GYYR
09/08/2025,01:36:42,47.62045,-52.73566,153.0,1.0,SKT-4016,1,1,GYYR
09/08/2025,01:36:49,47.62046,-52.73566,153.0,1.0,SKT-4016,1,1,GYYR
09/08/2025,01:36:56,47.62047,-52.73566,152.0,1.0,SKT-4016,1,1,GYYR
09/08/2025,01:37:04,47.62048,-52.73567,149.0,1.0,SKT-4016,1,1,GYYR
09/08/2025,01:37:11,47.62048,-52.73568,147.0,1.0,SKT-4016,1,1,GYYR
09/08/2025,01:37:18,47.62046,-52.73572,144.0,1.0,SKT-4016,1,1,GYYR
09/08/2025,01:37:26,47.62044,-52.73575,139.0,1.0,SKT-4016,1,1,GYYR
09/08/2025,01:37:33,47.62043,-52.73576,137.0,1.0,SKT-4016,1,1,GYYR
09/08/2025,01:37:40,47.62042,-52.73574,138.0,1.0,SKT-4016,1,1,GYYR
09/08/2025,01:37:47,47.62042,-52.73573,144.0,1.0,SKT-4016,1,1,GYYR
09/08/2025,01:37:55,47.62043,-52.73569,153.0,1.0,SKT-4016,1,1,GYYR
09/08/2025,01:38:02,47.62045,-52.73566,160.0,1.0,SKT-4016,1,1,GYYR
09/08/2025,01:38:09,47.62046,-52.73564,162.0,1.0,SKT-4016,1,1,GYYR
09/08/2025,01:38:17,47.62048,-52.73562,162.0,1.0,SKT-4016,1,1,GYYR
09/08/2025,01:38:24,47.62048,-52.73562,160.0,1.0,SKT-4016,1,1,GYYR
09/08/2025,01:38:31,47.62048,-52.73564,159.0,1.0,SKT-4016,1,1,GYYR
09/08/2025,01:38:38,47.62047,-52.73565,159.0,1.0,SKT-4016,1,1,GYYR
09/08/2025,01:38:46,47.62046,-52.73565,159.0,1.0,SKT-4016,1,1,GYYR
09/08/2025,01:38:53,47.62045,-52.73565,158.0,1.0,SKT-4016,1,1,GYYR
09/08/2025,01:39:00,47.62043,-52.73565,158.0,1.0,SKT-4016,1,1,GYYR
09/08/2025,01:39:07,47.62042,-52.73565,157.0,1.0,SKT-4016,1,1,GYYR
09/08/2025,01:39:15,47.6204,-52.73565,155.0,1.0,SKT-4016,1,1,GYYR
09/08/2025,01:39:22,47.62039,-52.73566,154.0,1.0,SKT-4016,1,1,GYYR
09/08/2025,01:39:29,47.62039,-52.73567,154.0,1.0,SKT-4016,1,1,GYYR
09/08/2025,01:39:37,47.62038,-52.73568,155.0,1.0,SKT-4016,1,1,GYYR
09/08/2025,01:39:44,47.62038,-52.73568,155.0,1.0,SKT-4016,1,1,GYYR
09/08/2025,01:39:51,47.62039,-52.73568,155.0,1.0,SKT-4016,1,1,GYYR
09/08/2025,01:39:58,47.62041,-52.73568,152.0,1.0,SKT-4016,1,1,GYYR
09/08/2025,01:40:06,47.62041,-52.73569,152.0,1.0,SKT-4016,1,1,GYYR
09/08/2025,01:40:13,47.62041,-52.73569,153.0,1.0,SKT-4016,1,1,GYYR
09/08/2025,01:40:20,47.62041,-52.73569,154.0,1.0,SKT-4016,1,1,GYYR
09/08/2025,01:40:28,47.62041,-52.73569,153.0,1.0,SKT-4016,1,1,GYYR
09/08/2025,01:40:35,47.6204,-52.7357,152.0,1.0,SKT-4016,1,1,GYYR
09/08/2025,01:40:42,47.6204,-52.73571,152.0,1.0,SKT-4016,1,1,GYYR
09/08/2025,01:40:49,47.62039,-52.73572,152.0,1.0,SKT-4016,1,1,GYYR
09/08/2025,01:40:57,47.62039,-52.73572,152.0,1.0,SKT-4016,1,1,GYYR
09/08/2025,01:41:04,47.6204,-52.73572,152.0,1.0,SKT-4016,1,1,GYYR
09/08/2025,01:41:11,47.62039,-52.73572,154.0,1.0,SKT-4016,1,1,GYYR
09/08/2025,01:41:18,47.62039,-52.73571,155.0,1.0,SKT-4016,1,1,GYYR
09/08/2025,01:41:26,47.62038,-52.7357,156.0,1.0,SKT-4016,1,1,GYYR
09/08/2025,01:41:33,47.62038,-52.7357,156.0,1.0,SKT-4016,1,1,GYYR
09/08/2025,01:41:40,47.62039,-52.73569,155.0,1.0,SKT-4016,1,1,GYYR
09/08/2025,01:41:48,47.6204,-52.73569,154.0,1.0,SKT-4016,1,1,GYYR
09/08/2025,01:41:55,47.6204,-52.73571,154.0,1.0,SKT-4016,1,1,GYYR
09/08/2025,01:42:02,47.6204,-52.73573,154.0,1.0,SKT-4016,1,1,GYYR
09/08/2025,01:42:10,47.62041,-52.73574,152.0,1.0,SKT-4016,1,1,GYYR
09/08/2025,01:42:17,47.62041,-52.73575,150.0,1.0,SKT-4016,1,1,GYYR
09/08/2025,01:42:24,47.62041,-52.73576,149.0,1.0,SKT-4016,1,1,GYYR
09/08/2025,01:42:31,47.62041,-52.73577,147.0,1.0,SKT-4016,1,1,GYYR
09/08/2025,01:42:39,47.62041,-52.73577,145.0,1.0,SKT-4016,1,1,GYYR
09/08/2025,01:42:46,47.62041,-52.73574,144.0,1.0,SKT-4016,1,1,GYYR
09/08/2025,01:42:53,47.62041,-52.73573,142.0,1.0,SKT-4016,1,1,GYYR
09/08/2025,01:43:01,47.62039,-52.73573,143.0,1.0,SKT-4016,1,1,GYYR
09/08/2025,01:43:08,47.62039,-52.73571,144.0,1.0,SKT-4016,1,1,GYYR
09/08/2025,01:43:15,47.6204,-52.7357,148.0,1.0,SKT-4016,1,1,GYYR
09/08/2025,01:43:22,47.62041,-52.7357,153.0,1.0,SKT-4016,1,1,GYYR
09/08/2025,01:43:30,47.62041,-52.73571,156.0,1.0,SKT-4016,1,1,GYYR
09/08/2025,01:43:37,47.62042,-52.73571,158.0,1.0,SKT-4016,1,1,GYYR
09/08/2025,01:43:44,47.62042,-52.73572,158.0,1.0,SKT-4016,1,1,GYYR
09/08/2025,01:43:51,47.62042,-52.73572,156.0,1.0,SKT-4016,1,1,GYYR
09/08/2025,01:43:59,47.62042,-52.73572,154.0,1.0,SKT-4016,1,1,GYYR
09/08/2025,01:44:06,47.62041,-52.73573,153.0,1.0,SKT-4016,1,1,GYYR
09/08/2025,01:44:13,47.6204,-52.73573,153.0,1.0,SKT-4016,1,1,GYYR
09/08/2025,01:44:21,47.62038,-52.73573,152.0,1.0,SKT-4016,1,1,GYYR
09/08/2025,01:44:28,47.62038,-52.73571,152.0,1.0,SKT-4016,1,1,GYYR
09/08/2025,01:44:35,47.62038,-52.73569,151.0,1.0,SKT-4016,1,1,GYYR
09/08/2025,01:44:42,47.6204,-52.73567,151.0,1.0,SKT-4016,1,1,GYYR
09/08/2025,01:44:50,47.62041,-52.73567,152.0,1.0,SKT-4016,1,1,GYYR
09/08/2025,01:44:57,47.62041,-52.73568,154.0,1.0,SKT-4016,1,1,GYYR
09/08/2025,01:45:04,47.62041,-52.73569,153.0,1.0,SKT-4016,1,1,GYYR
09/08/2025,01:45:12,47.62041,-52.73571,147.0,1.0,SKT-4016,1,1,GYYR
09/08/2025,01:45:19,47.6204,-52.73574,140.0,1.0,SKT-4016,1,1,GYYR
09/08/2025,01:45:26,47.62038,-52.73576,137.0,1.0,SKT-4016,1,1,GYYR
09/08/2025,01:45:33,47.62038,-52.73576,137.0,1.0,SKT-4016,1,1,GYYR
09/08/2025,01:45:41,47.62038,-52.73576,137.0,1.0,SKT-4016,1,1,GYYR
09/08/2025,01:45:48,47.62038,-52.73576,138.0,1.0,SKT-4016,1,1,GYYR
09/08/2025,01:45:55,47.62038,-52.73575,137.0,1.0,SKT-4016,1,1,GYYR
09/08/2025,01:46:03,47.62037,-52.73574,139.0,1.0,SKT-4016,1,1,GYYR
09/08/2025,01:46:10,47.62037,-52.73575,142.0,1.0,SKT-4016,1,1,GYYR
09/08/2025,01:46:17,47.62037,-52.73576,146.0,1.0,SKT-4016,1,1,GYYR
09/08/2025,01:46:24,47.62038,-52.73576,149.0,1.0,SKT-4016,1,1,GYYR
09/08/2025,01:46:32,47.62039,-52.73575,153.0,1.0,SKT-4016,1,1,GYYR
09/08/2025,01:46:39,47.6204,-52.73575,154.0,1.0,SKT-4016,1,1,GYYR
09/08/2025,01:46:46,47.6204,-52.73574,154.0,1.0,SKT-4016,1,1,GYYR
09/08/2025,01:46:54,47.6204,-52.73574,153.0,1.0,SKT-4016,1,1,GYYR
09/08/2025,01:47:02,47.62041,-52.73571,154.0,1.0,SKT-4016,1,1,GYYR
09/08/2025,01:47:09,47.6204,-52.73569,156.0,1.0,SKT-4016,1,1,GYYR
09/08/2025,01:47:16,47.6204,-52.73568,156.0,1.0,SKT-4016,1,1,GYYR
09/08/2025,01:47:23,47.62039,-52.73568,158.0,1.0,SKT-4016,1,1,GYYR
09/08/2025,01:47:31,47.62039,-52.73568,158.0,1.0,SKT-4016,1,1,GYYR
09/08/2025,01:47:38,47.62039,-52.73569,154.0,1.0,SKT-4016,1,1,GYYR
09/08/2025,01:47:45,47.62041,-52.7357,149.0,1.0,SKT-4016,1,1,GYYR
09/08/2025,01:47:53,47.62042,-52.73569,145.0,1.0,SKT-4016,1,1,GYYR
09/08/2025,01:48:00,47.62043,-52.73568,143.0,1.0,SKT-4016,1,1,GYYR
09/08/2025,01:48:07,47.62043,-52.73567,142.0,1.0,SKT-4016,1,1,GYYR
09/08/2025,01:48:14,47.62043,-52.73566,141.0,1.0,SKT-4016,1,1,GYYR
09/08/2025,01:48:22,47.62043,-52.73566,141.0,1.0,SKT-4016,1,1,GYYR
09/08/2025,01:48:29,47.62043,-52.73567,142.0,1.0,SKT-4016,1,1,GYYR
09/08/2025,01:48:36,47.62042,-52.73567,144.0,1.0,SKT-4016,1,1,GYYR
09/08/2025,01:48:43,47.62042,-52.73567,145.0,1.0,SKT-4016,1,1,GYYR
09/08/2025,01:48:51,47.62043,-52.73566,148.0,1.0,SKT-4016,1,1,GYYR
09/08/2025,01:48:58,47.62043,-52.73565,152.0,1.0,SKT-4016,1,1,GYYR
09/08/2025,01:49:05,47.62043,-52.73563,158.0,1.0,SKT-4016,1,1,GYYR
09/08/2025,01:49:13,47.62041,-52.73564,162.0,1.0,SKT-4016,1,1,GYYR
09/08/2025,01:49:20,47.62041,-52.73566,158.0,1.0,SKT-4016,1,1,GYYR
09/08/2025,01:49:27,47.62041,-52.73567,152.0,1.0,SKT-4016,1,1,GYYR
09/08/2025,01:49:34,47.62042,-52.73567,151.0,1.0,SKT-4016,1,1,GYYR
09/08/2025,01:49:42,47.62043,-52.73566,152.0,1.0,SKT-4016,1,1,GYYR
09/08/2025,01:49:49,47.62043,-52.73565,152.0,1.0,SKT-4016,1,1,GYYR
09/08/2025,01:49:56,47.62042,-52.73565,152.0,1.0,SKT-4016,1,1,GYYR
09/08/2025,01:50:04,47.62041,-52.73565,151.0,1.0,SKT-4016,1,1,GYYR
09/08/2025,01:50:11,47.62041,-52.73566,148.0,1.0,SKT-4016,1,1,GYYR
09/08/2025,01:50:18,47.62041,-52.73566,144.0,1.0,SKT-4016,1,1,GYYR
09/08/2025,01:50:25,47.62042,-52.73567,141.0,1.0,SKT-4016,1,1,GYYR
09/08/2025,01:50:33,47.62043,-52.73568,139.0,1.0,SKT-4016,1,1,GYYR
09/08/2025,01:50:40,47.62043,-52.73568,138.0,1.0,SKT-4016,1,1,GYYR
09/08/2025,01:50:47,47.62041,-52.73568,139.0,1.0,SKT-4016,1,1,GYYR
09/08/2025,01:50:55,47.62041,-52.73567,137.0,1.0,SKT-4016,1,1,GYYR
09/08/2025,01:51:02,47.62043,-52.73567,134.0,1.0,SKT-4016,1,1,GYYR
09/08/2025,01:51:09,47.62043,-52.73568,133.0,1.0,SKT-4016,1,1,GYYR
09/08/2025,01:51:16,47.62041,-52.7357,134.0,1.0,SKT-4016,1,1,GYYR
09/08/2025,01:51:24,47.62038,-52.73572,140.0,1.0,SKT-4016,1,1,GYYR
09/08/2025,01:51:31,47.62037,-52.73573,145.0,1.0,SKT-4016,1,1,GYYR
09/08/2025,01:51:38,47.62037,-52.73571,148.0,1.0,SKT-4016,1,1,GYYR
09/08/2025,01:51:46,47.62039,-52.7357,148.0,1.0,SKT-4016,1,1,GYYR
09/08/2025,01:51:53,47.6204,-52.73568,146.0,1.0,SKT-4016,1,1,GYYR
09/08/2025,01:52:00,47.62041,-52.73567,142.0,1.0,SKT-4016,1,1,GYYR
09/08/2025,01:52:07,47.62041,-52.73566,138.0,1.0,SKT-4016,1,1,GYYR
09/08/2025,01:52:15,47.62041,-52.73565,136.0,1.0,SKT-4016,1,1,GYYR
09/08/2025,01:52:22,47.62041,-52.73564,136.0,1.0,SKT-4016,1,1,GYYR
09/08/2025,01:52:29,47.6204,-52.73564,136.0,1.0,SKT-4016,1,1,GYYR
09/08/2025,01:52:36,47.62039,-52.73565,140.0,1.0,SKT-4016,1,1,GYYR
09/08/2025,01:52:44,47.62036,-52.73566,149.0,1.0,SKT-4016,1,1,GYYR
09/08/2025,01:52:51,47.62034,-52.73568,157.0,1.0,SKT-4016,1,1,GYYR
09/08/2025,01:52:58,47.62033,-52.73569,164.0,1.0,SKT-4016,1,1,GYYR
09/08/2025,01:53:06,47.62033,-52.73569,169.0,1.0,SKT-4016,1,1,GYYR
09/08/2025,01:53:13,47.62033,-52.73568,172.0,1.0,SKT-4016,1,1,GYYR
09/08/2025,01:53:20,47.62034,-52.73568,173.0,1.0,SKT-4016,1,1,GYYR
09/08/2025,01:53:27,47.62035,-52.73567,171.0,1.0,SKT-4016,1,1,GYYR
09/08/2025,01:53:35,47.62037,-52.73566,170.0,1.0,SKT-4016,1,1,GYYR
09/08/2025,01:53:42,47.62037,-52.73566,170.0,1.0,SKT-4016,1,1,GYYR
09/08/2025,01:53:49,47.62037,-52.73565,171.0,1.0,SKT-4016,1,1,GYYR
09/08/2025,01:53:56,47.62036,-52.73566,173.0,1.0,SKT-4016,1,1,GYYR
09/08/2025,01:54:04,47.62035,-52.73568,175.0,1.0,SKT-4016,1,1,GYYR
09/08/2025,01:54:11,47.62035,-52.73568,176.0,1.0,SKT-4016,1,1,GYYR
09/08/2025,01:54:18,47.62036,-52.73569,177.0,1.0,SKT-4016,1,1,GYYR
09/08/2025,01:54:26,47.62035,-52.73569,178.0,1.0,SKT-4016,1,1,GYYR
09/08/2025,01:54:33,47.62037,-52.73569,176.0,1.0,SKT-4016,1,1,GYYR
09/08/2025,01:54:40,47.62038,-52.7357,174.0,1.0,SKT-4016,1,1,GYYR
09/08/2025,01:54:47,47.62038,-52.73571,173.0,1.0,SKT-4016,1,1,GYYR
09/08/2025,01:54:55,47.62039,-52.73571,172.0,1.0,SKT-4016,1,1,GYYR
09/08/2025,01:55:02,47.6204,-52.7357,170.0,1.0,SKT-4016,1,1,GYYR
09/08/2025,01:55:09,47.6204,-52.73569,167.0,1.0,SKT-4016,1,1,GYYR
09/08/2025,01:55:17,47.6204,-52.73568,162.0,1.0,SKT-4016,1,1,GYYR
09/08/2025,01:55:24,47.6204,-52.73568,160.0,1.0,SKT-4016,1,1,GYYR
09/08/2025,01:55:31,47.6204,-52.73567,159.0,1.0,SKT-4016,1,1,GYYR
09/08/2025,01:55:38,47.62038,-52.73566,160.0,1.0,SKT-4016,1,1,GYYR
09/08/2025,01:55:46,47.62038,-52.73565,161.0,1.0,SKT-4016,1,1,GYYR
09/08/2025,01:55:53,47.6204,-52.73565,163.0,1.0,SKT-4016,1,1,GYYR
09/08/2025,01:56:00,47.6204,-52.73565,165.0,1.0,SKT-4016,1,1,GYYR
09/08/2025,01:56:08,47.62041,-52.73566,169.0,1.0,SKT-4016,1,1,GYYR
09/08/2025,01:56:15,47.62041,-52.73566,174.0,1.0,SKT-4016,1,1,GYYR
09/08/2025,01:56:22,47.6204,-52.73569,178.0,1.0,SKT-4016,1,1,GYYR
09/08/2025,01:56:29,47.6204,-52.73572,179.0,1.0,SKT-4016,1,1,GYYR
09/08/2025,01:56:37,47.62041,-52.73575,178.0,1.0,SKT-4016,1,1,GYYR
09/08/2025,01:56:44,47.62041,-52.73576,177.0,1.0,SKT-4016,1,1,GYYR
09/08/2025,01:56:51,47.62042,-52.73575,177.0,1.0,SKT-4016,1,1,GYYR
09/08/2025,01:56:59,47.62042,-52.73574,176.0,1.0,SKT-4016,1,1,GYYR
09/08/2025,01:57:06,47.62043,-52.73572,176.0,1.0,SKT-4016,1,1,GYYR
09/08/2025,01:57:13,47.62044,-52.7357,175.0,1.0,SKT-4016,1,1,GYYR
09/08/2025,01:57:20,47.62046,-52.73569,171.0,1.0,SKT-4016,1,1,GYYR
09/08/2025,01:57:28,47.62048,-52.73569,164.0,1.0,SKT-4016,1,1,GYYR
09/08/2025,01:57:35,47.62048,-52.73568,161.0,1.0,SKT-4016,1,1,GYYR
09/08/2025,01:57:42,47.62048,-52.73568,159.0,1.0,SKT-4016,1,1,GYYR
09/08/2025,01:57:49,47.62047,-52.73567,156.0,1.0,SKT-4016,1,1,GYYR
09/08/2025,01:57:57,47.62046,-52.73568,155.0,1.0,SKT-4016,1,1,GYYR
09/08/2025,01:58:04,47.62045,-52.73569,156.0,1.0,SKT-4016,1,1,GYYR
09/08/2025,01:58:11,47.62044,-52.73569,158.0,1.0,SKT-4016,1,1,GYYR
09/08/2025,01:58:19,47.62044,-52.73568,161.0,1.0,SKT-4016,1,1,GYYR
09/08/2025,01:58:26,47.62044,-52.73568,164.0,1.0,SKT-4016,1,1,GYYR
09/08/2025,01:58:33,47.62043,-52.73566,169.0,1.0,SKT-4016,1,1,GYYR
09/08/2025,01:58:40,47.62044,-52.73565,173.0,1.0,SKT-4016,1,1,GYYR
09/08/2025,01:58:48,47.62044,-52.73563,176.0,1.0,SKT-4016,1,1,GYYR
09/08/2025,01:58:55,47.62045,-52.73561,174.0,1.0,SKT-4016,1,1,GYYR
09/08/2025,01:59:02,47.62046,-52.73559,170.0,1.0,SKT-4016,1,1,GYYR
09/08/2025,01:59:10,47.62045,-52.73561,167.0,1.0,SKT-4016,1,1,GYYR
09/08/2025,01:59:17,47.62043,-52.73564,166.0,1.0,SKT-4016,1,1,GYYR
09/08/2025,01:59:24,47.62043,-52.73567,165.0,1.0,SKT-4016,1,1,GYYR
09/08/2025,01:59:31,47.62043,-52.73569,165.0,1.0,SKT-4016,1,1,GYYR
09/08/2025,01:59:39,47.62045,-52.73571,166.0,1.0,SKT-4016,1,1,GYYR
09/08/2025,01:59:46,47.62046,-52.73571,169.0,1.0,SKT-4016,1,1,GYYR
09/08/2025,01:59:53,47.62047,-52.73572,170.0,1.0,SKT-4016,1,1,GYYR
09/08/2025,02:00:00,47.62047,-52.73572,166.0,1.0,SKT-4016,1,1,GYYR
09/08/2025,02:00:08,47.62047,-52.73572,159.0,1.0,SKT-4016,1,1,GYYR
09/08/2025,02:00:15,47.62046,-52.73571,158.0,1.0,SKT-4016,1,1,GYYR
09/08/2025,02:00:22,47.62044,-52.73569,161.0,1.0,SKT-4016,1,1,GYYR
09/08/2025,02:00:30,47.62043,-52.73569,162.0,1.0,SKT-4016,1,1,GYYR
09/08/2025,02:00:37,47.62043,-52.73569,165.0,1.0,SKT-4016,1,1,GYYR
09/08/2025,02:00:44,47.62043,-52.73569,169.0,1.0,SKT-4016,1,1,GYYR
09/08/2025,02:00:51,47.62043,-52.7357,172.0,1.0,SKT-4016,1,1,GYYR
09/08/2025,02:00:59,47.62042,-52.7357,172.0,1.0,SKT-4016,1,1,GYYR
09/08/2025,02:01:06,47.62041,-52.7357,169.0,1.0,SKT-4016,1,1,GYYR
09/08/2025,02:01:13,47.62041,-52.73571,169.0,1.0,SKT-4016,1,1,GYYR
09/08/2025,02:01:21,47.62043,-52.73571,165.0,1.0,SKT-4016,1,1,GYYR
09/08/2025,02:01:28,47.62044,-52.73572,163.0,1.0,SKT-4016,1,1,GYYR
09/08/2025,02:01:35,47.62044,-52.73571,162.0,1.0,SKT-4016,1,1,GYYR
09/08/2025,02:01:42,47.62044,-52.73571,160.0,1.0,SKT-4016,1,1,GYYR
09/08/2025,02:01:50,47.62044,-52.73569,158.0,1.0,SKT-4016,1,1,GYYR
09/08/2025,02:01:57,47.62045,-52.73568,157.0,1.0,SKT-4016,1,1,GYYR
09/08/2025,02:02:04,47.62044,-52.73568,158.0,1.0,SKT-4016,1,1,GYYR
09/08/2025,02:02:12,47.62045,-52.73566,160.0,1.0,SKT-4016,1,1,GYYR
09/08/2025,02:02:19,47.62046,-52.73565,162.0,1.0,SKT-4016,1,1,GYYR
09/08/2025,02:02:26,47.62046,-52.73565,165.0,1.0,SKT-4016,1,1,GYYR
09/08/2025,02:02:33,47.62046,-52.73565,167.0,1.0,SKT-4016,1,1,GYYR
09/08/2025,02:02:41,47.62046,-52.73566,168.0,1.0,SKT-4016,1,1,GYYR
09/08/2025,02:02:48,47.62045,-52.73568,168.0,1.0,SKT-4016,1,1,GYYR
09/08/2025,02:02:55,47.62045,-52.73569,167.0,1.0,SKT-4016,1,1,GYYR
09/08/2025,02:03:02,47.62045,-52.7357,166.0,1.0,SKT-4016,1,1,GYYR
09/08/2025,02:03:10,47.62044,-52.73571,166.0,1.0,SKT-4016,1,1,GYYR
09/08/2025,02:03:17,47.62044,-52.73573,166.0,1.0,SKT-4016,1,1,GYYR
09/08/2025,02:03:24,47.62044,-52.73575,166.0,1.0,SKT-4016,1,1,GYYR
09/08/2025,02:03:32,47.62043,-52.73575,164.0,1.0,SKT-4016,1,1,GYYR
09/08/2025,02:03:39,47.62043,-52.73573,165.0,1.0,SKT-4016,1,1,GYYR
09/08/2025,02:03:46,47.62043,-52.73571,166.0,1.0,SKT-4016,1,1,GYYR
09/08/2025,02:03:53,47.62042,-52.7357,168.0,1.0,SKT-4016,1,1,GYYR
09/08/2025,02:04:01,47.62042,-52.7357,170.0,1.0,SKT-4016,1,1,GYYR
09/08/2025,02:04:08,47.62041,-52.73571,169.0,1.0,SKT-4016,1,1,GYYR
09/08/2025,02:04:15,47.62041,-52.73571,168.0,1.0,SKT-4016,1,1,GYYR
09/08/2025,02:04:23,47.62041,-52.7357,167.0,1.0,SKT-4016,1,1,GYYR
09/08/2025,02:04:30,47.62041,-52.73567,167.0,1.0,SKT-4016,1,1,GYYR
09/08/2025,02:04:37,47.62041,-52.73565,166.0,1.0,SKT-4016,1,1,GYYR
09/08/2025,02:04:44,47.62039,-52.73567,164.0,1.0,SKT-4016,1,1,GYYR
09/08/2025,02:04:52,47.62038,-52.73571,164.0,1.0,SKT-4016,1,1,GYYR
09/08/2025,02:04:59,47.62038,-52.73572,162.0,1.0,SKT-4016,1,1,GYYR
09/08/2025,02:05:06,47.62038,-52.73573,161.0,1.0,SKT-4016,1,1,GYYR
09/08/2025,02:05:13,47.62037,-52.73573,160.0,1.0,SKT-4016,1,1,GYYR
09/08/2025,02:05:21,47.62035,-52.73573,162.0,1.0,SKT-4016,1,1,GYYR
09/08/2025,02:05:28,47.62034,-52.73573,165.0,1.0,SKT-4016,1,1,GYYR
09/08/2025,02:05:35,47.62034,-52.73573,168.0,1.0,SKT-4016,1,1,GYYR
09/08/2025,02:05:43,47.62035,-52.73573,167.0,1.0,SKT-4016,1,1,GYYR
09/08/2025,02:05:50,47.62037,-52.73573,164.0,1.0,SKT-4016,1,1,GYYR
09/08/2025,02:05:57,47.6204,-52.73573,160.0,1.0,SKT-4016,1,1,GYYR
09/08/2025,02:06:04,47.6204,-52.73574,159.0,1.0,SKT-4016,1,1,GYYR
09/08/2025,02:06:12,47.62038,-52.73574,159.0,1.0,SKT-4016,1,1,GYYR
09/08/2025,02:06:19,47.62038,-52.73574,160.0,1.0,SKT-4016,1,1,GYYR
09/08/2025,02:06:26,47.62038,-52.73572,162.0,1.0,SKT-4016,1,1,GYYR
09/08/2025,02:06:34,47.62037,-52.73571,163.0,1.0,SKT-4016,1,1,GYYR
09/08/2025,02:06:41,47.62037,-52.73571,162.0,1.0,SKT-4016,1,1,GYYR
09/08/2025,02:06:48,47.62035,-52.73574,162.0,1.0,SKT-4016,1,1,GYYR
09/08/2025,02:06:55,47.62035,-52.73576,162.0,1.0,SKT-4016,1,1,GYYR
09/08/2025,02:07:03,47.62035,-52.73577,163.0,1.0,SKT-4016,1,1,GYYR
09/08/2025,02:07:10,47.62035,-52.73576,166.0,1.0,SKT-4016,1,1,GYYR
09/08/2025,02:07:17,47.62037,-52.73573,171.0,1.0,SKT-4016,1,1,GYYR
09/08/2025,02:07:24,47.62038,-52.7357,175.0,1.0,SKT-4016,1,1,GYYR
09/08/2025,02:07:32,47.62039,-52.73571,176.0,1.0,SKT-4016,1,1,GYYR
09/08/2025,02:07:39,47.62039,-52.73573,179.0,1.0,SKT-4016,1,1,GYYR
09/08/2025,02:07:46,47.62038,-52.73574,179.0,1.0,SKT-4016,1,1,GYYR
09/08/2025,02:07:54,47.62038,-52.73575,176.0,1.0,SKT-4016,1,1,GYYR
09/08/2025,02:08:01,47.62038,-52.73575,171.0,1.0,SKT-4016,1,1,GYYR
09/08/2025,02:08:08,47.62038,-52.73575,164.0,1.0,SKT-4016,1,1,GYYR
09/08/2025,02:08:15,47.62036,-52.73574,161.0,1.0,SKT-4016,1,1,GYYR
09/08/2025,02:08:23,47.62035,-52.73571,163.0,1.0,SKT-4016,1,1,GYYR
09/08/2025,02:08:30,47.62033,-52.73569,168.0,1.0,SKT-4016,1,1,GYYR
09/08/2025,02:08:37,47.62032,-52.73568,172.0,1.0,SKT-4016,1,1,GYYR
09/08/2025,02:08:45,47.62033,-52.73566,177.0,1.0,SKT-4016,1,1,GYYR
09/08/2025,02:08:52,47.62034,-52.73565,179.0,1.0,SKT-4016,1,1,GYYR
09/08/2025,02:08:59,47.62035,-52.73565,180.0,1.0,SKT-4016,1,1,GYYR
09/08/2025,02:09:06,47.62034,-52.73565,180.0,1.0,SKT-4016,1,1,GYYR
09/08/2025,02:09:14,47.62035,-52.73565,178.0,1.0,SKT-4016,1,1,GYYR
09/08/2025,02:09:21,47.62035,-52.73565,174.0,1.0,SKT-4016,1,1,GYYR
09/08/2025,02:09:28,47.62037,-52.73565,169.0,1.0,SKT-4016,1,1,GYYR
09/08/2025,02:09:36,47.62038,-52.73565,167.0,1.0,SKT-4016,1,1,GYYR
09/08/2025,02:09:43,47.6204,-52.73565,171.0,1.0,SKT-4016,1,1,GYYR
09/08/2025,02:09:50,47.62041,-52.73565,179.0,1.0,SKT-4016,1,1,GYYR
09/08/2025,02:09:57,47.6204,-52.73563,179.0,1.0,SKT-4016,1,1,GYYR
09/08/2025,02:10:05,47.62039,-52.7356,172.0,1.0,SKT-4016,1,1,GYYR
09/08/2025,02:10:12,47.62039,-52.73558,166.0,1.0,SKT-4016,1,1,GYYR
09/08/2025,02:10:19,47.62039,-52.73558,163.0,1.0,SKT-4016,1,1,GYYR
09/08/2025,02:10:27,47.6204,-52.73558,161.0,1.0,SKT-4016,1,1,GYYR
09/08/2025,02:10:34,47.62041,-52.73557,163.0,1.0,SKT-4016,1,1,GYYR
09/08/2025,02:10:41,47.6204,-52.73558,164.0,1.0,SKT-4016,1,1,GYYR
09/08/2025,02:10:48,47.62038,-52.73558,165.0,1.0,SKT-4016,1,1,GYYR
09/08/2025,02:10:56,47.62038,-52.7356,168.0,1.0,SKT-4016,1,1,GYYR
09/08/2025,02:11:03,47.62038,-52.73561,169.0,1.0,SKT-4016,1,1,GYYR
09/08/2025,02:11:10,47.62038,-52.73561,170.0,1.0,SKT-4016,1,1,GYYR
09/08/2025,02:11:18,47.62038,-52.73562,170.0,1.0,SKT-4016,1,1,GYYR
09/08/2025,02:11:25,47.62038,-52.73564,166.0,1.0,SKT-4016,1,1,GYYR
09/08/2025,02:11:32,47.62039,-52.73566,161.0,1.0,SKT-4016,1,1,GYYR
09/08/2025,02:11:39,47.62038,-52.73566,158.0,1.0,SKT-4016,1,1,GYYR
09/08/2025,02:11:47,47.62038,-52.73566,159.0,1.0,SKT-4016,1,1,GYYR
09/08/2025,02:11:54,47.62038,-52.73565,161.0,1.0,SKT-4016,1,1,GYYR
09/08/2025,02:12:01,47.62038,-52.73564,163.0,1.0,SKT-4016,1,1,GYYR
09/08/2025,02:12:09,47.62038,-52.73564,165.0,1.0,SKT-4016,1,1,GYYR
09/08/2025,02:12:16,47.62038,-52.73565,164.0,1.0,SKT-4016,1,1,GYYR
09/08/2025,02:12:23,47.62038,-52.73565,163.0,1.0,SKT-4016,1,1,GYYR
09/08/2025,02:12:30,47.62038,-52.73565,160.0,1.0,SKT-4016,1,1,GYYR
09/08/2025,02:12:38,47.62038,-52.73564,157.0,1.0,SKT-4016,1,1,GYYR
09/08/2025,02:12:45,47.62038,-52.73564,155.0,1.0,SKT-4016,1,1,GYYR
09/08/2025,02:12:52,47.62039,-52.73565,154.0,1.0,SKT-4016,1,1,GYYR
09/08/2025,02:13:00,47.6204,-52.73567,155.0,1.0,SKT-4016,1,1,GYYR
09/08/2025,02:13:07,47.6204,-52.73568,156.0,1.0,SKT-4016,1,1,GYYR
09/08/2025,02:13:14,47.6204,-52.7357,157.0,1.0,SKT-4016,1,1,GYYR
09/08/2025,02:13:21,47.6204,-52.73571,159.0,1.0,SKT-4016,1,1,GYYR
09/08/2025,02:13:29,47.6204,-52.73571,161.0,1.0,SKT-4016,1,1,GYYR
09/08/2025,02:13:36,47.62041,-52.73571,165.0,1.0,SKT-4016,1,1,GYYR
09/08/2025,02:13:43,47.62041,-52.73571,170.0,1.0,SKT-4016,1,1,GYYR
09/08/2025,02:13:51,47.6204,-52.73569,175.0,1.0,SKT-4016,1,1,GYYR
09/08/2025,02:13:58,47.62039,-52.73568,175.0,1.0,SKT-4016,1,1,GYYR
09/08/2025,02:14:05,47.6204,-52.73568,171.0,1.0,SKT-4016,1,1,GYYR
09/08/2025,02:14:12,47.62041,-52.73567,165.0,1.0,SKT-4016,1,1,GYYR
09/08/2025,02:14:20,47.62042,-52.73568,160.0,1.0,SKT-4016,1,1,GYYR
09/08/2025,02:14:27,47.62043,-52.73567,161.0,1.0,SKT-4016,1,1,GYYR
09/08/2025,02:14:34,47.62043,-52.73566,164.0,1.0,SKT-4016,1,1,GYYR
09/08/2025,02:14:42,47.62046,-52.73565,169.0,1.0,SKT-4016,1,1,GYYR
09/08/2025,02:14:49,47.62049,-52.73565,174.0,1.0,SKT-4016,1,1,GYYR
09/08/2025,02:14:56,47.62051,-52.73566,173.0,1.0,SKT-4016,1,1,GYYR
09/08/2025,02:15:03,47.62051,-52.73568,169.0,1.0,SKT-4016,1,1,GYYR
09/08/2025,02:15:11,47.62049,-52.73571,167.0,1.0,SKT-4016,1,1,GYYR
09/08/2025,02:15:18,47.62047,-52.73573,169.0,1.0,SKT-4016,1,1,GYYR
09/08/2025,02:15:25,47.62045,-52.73574,170.0,1.0,SKT-4016,1,1,GYYR
09/08/2025,02:15:33,47.62041,-52.73574,170.0,1.0,SKT-4016,1,1,GYYR
09/08/2025,02:15:40,47.62038,-52.73575,170.0,1.0,SKT-4016,1,1,GYYR
09/08/2025,02:15:47,47.62036,-52.73576,171.0,1.0,SKT-4016,1,1,GYYR
09/08/2025,02:15:54,47.62036,-52.73574,170.0,1.0,SKT-4016,1,1,GYYR
09/08/2025,02:16:02,47.62037,-52.73571,168.0,1.0,SKT-4016,1,1,GYYR
09/08/2025,02:16:09,47.62035,-52.73569,168.0,1.0,SKT-4016,1,1,GYYR
09/08/2025,02:16:16,47.62033,-52.73569,166.0,1.0,SKT-4016,1,1,GYYR
09/08/2025,02:16:24,47.62033,-52.7357,163.0,1.0,SKT-4016,1,1,GYYR
09/08/2025,02:16:31,47.62035,-52.73571,161.0,1.0,SKT-4016,1,1,GYYR
09/08/2025,02:16:38,47.62037,-52.73571,160.0,1.0,SKT-4016,1,1,GYYR
09/08/2025,02:16:45,47.62039,-52.7357,160.0,1.0,SKT-4016,1,1,GYYR
09/08/2025,02:16:53,47.62043,-52.73565,157.0,1.0,SKT-4016,1,1,GYYR
09/08/2025,02:17:00,47.62046,-52.73562,156.0,1.0,SKT-4016,1,1,GYYR
09/08/2025,02:17:07,47.62047,-52.73561,156.0,1.0,SKT-4016,1,1,GYYR
09/08/2025,02:17:14,47.62048,-52.73558,157.0,1.0,SKT-4016,1,1,GYYR
09/08/2025,02:17:22,47.62047,-52.73556,161.0,1.0,SKT-4016,1,1,GYYR
09/08/2025,02:17:29,47.62045,-52.73552,162.0,1.0,SKT-4016,1,1,GYYR
09/08/2025,02:17:36,47.6204,-52.73552,165.0,1.0,SKT-4016,1,1,GYYR
09/08/2025,02:17:44,47.62039,-52.73553,168.0,1.0,SKT-4016,1,1,GYYR
09/08/2025,02:17:51,47.62038,-52.73553,173.0,1.0,SKT-4016,1,1,GYYR
09/08/2025,02:17:58,47.62038,-52.73554,175.0,1.0,SKT-4016,1,1,GYYR
09/08/2025,02:18:05,47.62038,-52.73558,176.0,1.0,SKT-4016,1,1,GYYR
09/08/2025,02:18:13,47.62037,-52.7356,175.0,1.0,SKT-4016,1,1,GYYR
09/08/2025,02:18:20,47.62037,-52.73561,174.0,1.0,SKT-4016,1,1,GYYR
09/08/2025,02:18:27,47.6204,-52.7356,175.0,1.0,SKT-4016,1,1,GYYR
09/08/2025,02:18:35,47.62042,-52.73559,175.0,1.0,SKT-4016,1,1,GYYR
09/08/2025,02:18:42,47.62043,-52.73559,173.0,1.0,SKT-4016,1,1,GYYR
09/08/2025,02:18:49,47.6204,-52.7356,171.0,1.0,SKT-4016,1,1,GYYR
09/08/2025,02:18:56,47.62035,-52.73561,171.0,1.0,SKT-4016,1,1,GYYR
09/08/2025,02:19:04,47.62036,-52.73562,168.0,1.0,SKT-4016,1,1,GYYR
09/08/2025,02:19:11,47.62037,-52.73562,165.0,1.0,SKT-4016,1,1,GYYR
09/08/2025,02:19:18,47.62039,-52.73563,161.0,1.0,SKT-4016,1,1,GYYR
09/08/2025,02:19:25,47.62041,-52.73565,156.0,1.0,SKT-4016,1,1,GYYR
09/08/2025,02:19:33,47.62043,-52.73566,150.0,1.0,SKT-4016,1,1,GYYR
09/08/2025,02:19:40,47.62044,-52.73566,149.0,1.0,SKT-4016,1,1,GYYR
09/08/2025,02:19:47,47.62045,-52.73566,151.0,1.0,SKT-4016,1,1,GYYR
09/08/2025,02:19:55,47.62045,-52.73567,153.0,1.0,SKT-4016,1,1,GYYR
09/08/2025,02:20:02,47.62045,-52.73568,153.0,1.0,SKT-4016,1,1,GYYR
09/08/2025,02:20:09,47.62044,-52.73569,154.0,1.0,SKT-4016,1,1,GYYR
09/08/2025,02:20:16,47.62043,-52.73569,155.0,1.0,SKT-4016,1,1,GYYR
09/08/2025,02:20:24,47.62041,-52.73569,153.0,1.0,SKT-4016,1,1,GYYR
09/08/2025,02:20:31,47.6204,-52.7357,151.0,1.0,SKT-4016,1,1,GYYR
09/08/2025,02:20:38,47.6204,-52.73569,150.0,1.0,SKT-4016,1,1,GYYR
09/08/2025,02:20:46,47.62039,-52.73568,149.0,1.0,SKT-4016,1,1,GYYR
09/08/2025,02:20:53,47.6204,-52.73568,147.0,1.0,SKT-4016,1,1,GYYR
09/08/2025,02:21:00,47.62041,-52.73566,146.0,1.0,SKT-4016,1,1,GYYR
09/08/2025,02:21:07,47.62042,-52.73565,145.0,1.0,SKT-4016,1,1,GYYR
09/08/2025,02:21:15,47.62043,-52.73564,144.0,1.0,SKT-4016,1,1,GYYR
09/08/2025,02:21:22,47.62045,-52.73565,142.0,1.0,SKT-4016,1,1,GYYR
09/08/2025,02:21:29,47.62047,-52.73566,141.0,1.0,SKT-4016,1,1,GYYR
09/08/2025,02:21:37,47.62047,-52.73566,146.0,1.0,SKT-4016,1,1,GYYR
09/08/2025,02:21:44,47.62046,-52.73567,151.0,1.0,SKT-4016,1,1,GYYR
09/08/2025,02:21:51,47.62046,-52.73567,150.0,1.0,SKT-4016,1,1,GYYR
09/08/2025,02:21:58,47.62046,-52.73567,149.0,1.0,SKT-4016,1,1,GYYR
09/08/2025,02:22:06,47.62045,-52.73569,149.0,1.0,SKT-4016,1,1,GYYR
09/08/2025,02:22:13,47.62043,-52.73574,154.0,1.0,SKT-4016,1,1,GYYR
09/08/2025,02:22:20,47.62041,-52.73576,157.0,1.0,SKT-4016,1,1,GYYR
09/08/2025,02:22:27,47.62041,-52.73577,159.0,1.0,SKT-4016,1,1,GYYR
09/08/2025,02:22:35,47.62041,-52.73574,160.0,1.0,SKT-4016,1,1,GYYR
09/08/2025,02:22:42,47.62041,-52.73573,161.0,1.0,SKT-4016,1,1,GYYR
09/08/2025,02:22:49,47.6204,-52.73573,159.0,1.0,SKT-4016,1,1,GYYR
09/08/2025,02:22:57,47.6204,-52.73571,155.0,1.0,SKT-4016,1,1,GYYR
09/08/2025,02:23:04,47.6204,-52.73571,149.0,1.0,SKT-4016,1,1,GYYR
09/08/2025,02:23:11,47.6204,-52.73571,144.0,1.0,SKT-4016,1,1,GYYR
09/08/2025,02:23:18,47.62042,-52.73571,139.0,1.0,SKT-4016,1,1,GYYR
09/08/2025,02:23:26,47.62043,-52.73571,134.0,1.0,SKT-4016,1,1,GYYR
09/08/2025,02:23:33,47.62044,-52.73572,133.0,1.0,SKT-4016,1,1,GYYR
09/08/2025,02:23:40,47.62045,-52.73572,134.0,1.0,SKT-4016,1,1,GYYR
09/08/2025,02:23:48,47.62044,-52.73571,136.0,1.0,SKT-4016,1,1,GYYR
09/08/2025,02:23:55,47.62044,-52.73569,135.0,1.0,SKT-4016,1,1,GYYR
09/08/2025,02:24:02,47.62042,-52.73569,131.0,1.0,SKT-4016,1,1,GYYR
09/08/2025,02:24:09,47.62041,-52.73569,127.0,1.0,SKT-4016,1,1,GYYR
09/08/2025,02:24:17,47.6204,-52.73569,123.0,1.0,SKT-4016,1,1,GYYR
09/08/2025,02:24:24,47.6204,-52.73571,119.0,1.0,SKT-4016,1,1,GYYR
09/08/2025,02:24:31,47.62041,-52.73572,120.0,1.0,SKT-4016,1,1,GYYR
09/08/2025,02:24:39,47.6204,-52.73574,117.0,1.0,SKT-4016,1,1,GYYR
09/08/2025,02:24:46,47.62038,-52.73576,116.0,1.0,SKT-4016,1,1,GYYR
09/08/2025,02:24:53,47.62038,-52.73576,114.0,1.0,SKT-4016,1,1,GYYR
09/08/2025,02:25:00,47.62038,-52.73576,112.0,1.0,SKT-4016,1,1,GYYR
09/08/2025,02:25:08,47.62037,-52.73577,110.0,1.0,SKT-4016,1,1,GYYR
09/08/2025,02:25:15,47.62036,-52.73577,111.0,1.0,SKT-4016,1,1,GYYR
09/08/2025,02:25:22,47.62037,-52.73577,121.0,1.0,SKT-4016,1,1,GYYR
09/08/2025,02:25:29,47.62039,-52.73577,134.0,1.0,SKT-4016,1,1,GYYR
09/08/2025,02:25:37,47.62041,-52.73574,147.0,1.0,SKT-4016,1,1,GYYR
09/08/2025,02:25:44,47.62043,-52.73572,158.0,1.0,SKT-4016,1,1,GYYR
09/08/2025,02:25:51,47.62044,-52.73569,164.0,1.0,SKT-4016,1,1,GYYR
09/08/2025,02:25:59,47.62045,-52.73567,166.0,1.0,SKT-4016,1,1,GYYR
09/08/2025,02:26:06,47.62044,-52.73565,169.0,1.0,SKT-4016,1,1,GYYR
09/08/2025,02:26:13,47.62041,-52.73562,174.0,1.0,SKT-4016,1,1,GYYR
09/08/2025,02:26:20,47.6204,-52.7356,178.0,1.0,SKT-4016,1,1,GYYR
09/08/2025,02:26:28,47.62041,-52.73562,181.0,1.0,SKT-4016,1,1,GYYR
09/08/2025,02:26:35,47.62043,-52.73564,181.0,1.0,SKT-4016,1,1,GYYR
09/08/2025,02:26:42,47.62045,-52.73566,181.0,1.0,SKT-4016,1,1,GYYR
09/08/2025,02:26:50,47.62046,-52.73566,176.0,1.0,SKT-4016,1,1,GYYR
09/08/2025,02:26:57,47.62045,-52.73565,172.0,1.0,SKT-4016,1,1,GYYR
09/08/2025,02:27:04,47.62041,-52.73565,173.0,1.0,SKT-4016,1,1,GYYR
09/08/2025,02:27:11,47.6204,-52.73564,170.0,1.0,SKT-4016,1,1,GYYR
09/08/2025,02:27:19,47.6204,-52.73565,167.0,1.0,SKT-4016,1,1,GYYR
09/08/2025,02:27:26,47.6204,-52.73566,167.0,1.0,SKT-4016,1,1,GYYR
09/08/2025,02:22:29,,,,,,0,0,
09/08/2025,02:22:34,,,,,,0,0,
09/08/2025,02:22:41,,,,,,0,0,
09/08/2025,02:22:46,,,,,,0,0,
09/08/2025,02:22:52,,,,,,0,0,
09/08/2025,02:22:57,,,,,,0,0,
09/08/2025,02:23:02,,,,,,0,0,
09/08/2025,02:23:08,,,,,,0,0,
09/08/2025,02:23:13,,,,,,0,0,
09/08/2025,02:23:18,,,,,,0,0,
09/08/2025,02:23:23,,,,,,0,0,
09/08/2025,02:23:28,,,,,,0,0,
09/08/2025,02:24:06,,,,,,0,0,
09/08/2025,11:32:21,47.61346,-52.74126,149.0,1.0,SKT-4016,1,1,GYYR
09/08/2025,11:32:28,47.61346,-52.74126,149.0,1.0,SKT-4016,1,1,GYYR
09/08/2025,11:32:35,47.61346,-52.74126,148.0,1.0,SKT-4016,1,1,GYYR
09/08/2025,11:32:43,47.61346,-52.74126,147.0,1.0,SKT-4016,1,1,GYYR
09/08/2025,11:32:51,47.61346,-52.74126,147.0,1.0,SKT-4016,1,1,GYYR
09/08/2025,11:32:59,47.61346,-52.74126,148.0,1.0,SKT-4016,1,1,GYYR
09/08/2025,11:33:07,47.61346,-52.74126,148.0,1.0,SKT-4016,1,1,GYYR
09/08/2025,11:33:15,47.61346,-52.74126,148.0,1.0,SKT-4016,1,1,GYYR
09/08/2025,11:33:33,47.61346,-52.74126,149.0,1.0,SKT-4016,1,1,GYYR
09/08/2025,11:33:40,47.61346,-52.74126,149.0,1.0,SKT-4016,1,1,GYYR
09/08/2025,11:33:48,47.61346,-52.74126,149.0,1.0,SKT-4016,1,1,GYYR
09/08/2025,11:33:55,47.61346,-52.74126,150.0,1.0,SKT-4016,1,1,GYYR
09/08/2025,11:34:03,47.61346,-52.74126,151.0,1.0,SKT-4016,1,1,GYYR
09/08/2025,11:34:10,47.61346,-52.74126,151.0,1.0,SKT-4016,1,1,GYYR
09/08/2025,11:34:17,47.61346,-52.74126,149.0,1.0,SKT-4016,1,1,GYYR
09/08/2025,11:34:25,47.61346,-52.74127,149.0,1.0,SKT-4016,1,1,GYYR
09/08/2025,11:34:32,47.61346,-52.74126,149.0,1.0,SKT-4016,1,1,GYYR
09/08/2025,11:34:40,47.61346,-52.74127,149.0,1.0,SKT-4016,1,1,GYYR
09/08/2025,11:34:47,47.61345,-52.74126,149.0,1.0,SKT-4016,1,1,GYYR
09/08/2025,11:34:55,47.61345,-52.74127,149.0,1.0,SKT-4016,1,1,GYYR
09/08/2025,11:35:02,47.61345,-52.74127,149.0,1.0,SKT-4016,1,1,GYYR
09/08/2025,11:35:10,47.61345,-52.74127,150.0,1.0,SKT-4016,1,1,GYYR
09/08/2025,11:35:17,47.61345,-52.74127,149.0,1.0,SKT-4016,1,1,GYYR
09/08/2025,11:35:25,47.61345,-52.74127,148.0,1.0,SKT-4016,1,1,GYYR
09/08/2025,11:35:32,47.61345,-52.74127,148.0,1.0,SKT-4016,1,1,GYYR
09/08/2025,11:35:40,47.61345,-52.74127,149.0,1.0,SKT-4016,1,1,GYYR
09/08/2025,11:35:47,47.61345,-52.74126,149.0,1.0,SKT-4016,1,1,GYYR
09/08/2025,11:35:54,47.61345,-52.74127,149.0,1.0,SKT-4016,1,1,GYYR
09/08/2025,11:36:02,47.61345,-52.74127,149.0,1.0,SKT-4016,1,1,GYYR
09/08/2025,11:36:09,47.61345,-52.74127,150.0,1.0,SKT-4016,1,1,GYYR
09/08/2025,11:36:17,47.61345,-52.74127,150.0,1.0,SKT-4016,1,1,GYYR
09/08/2025,11:36:24,47.61344,-52.74127,150.0,1.0,SKT-4016,1,1,GYYR
09/08/2025,11:36:31,47.61345,-52.74127,151.0,1.0,SKT-4016,1,1,GYYR
09/08/2025,11:36:39,47.61345,-52.74127,151.0,1.0,SKT-4016,1,1,GYYR
09/08/2025,11:36:46,47.61345,-52.74127,150.0,1.0,SKT-4016,1,1,GYYR
09/08/2025,11:36:53,47.61345,-52.74127,150.0,1.0,SKT-4016,1,1,GYYR
09/08/2025,11:37:01,47.61345,-52.74127,151.0,1.0,SKT-4016,1,1,GYYR
09/08/2025,11:37:08,47.61345,-52.74128,151.0,1.0,SKT-4016,1,1,GYYR
09/08/2025,11:37:15,47.61345,-52.74128,151.0,1.0,SKT-4016,1,1,GYYR
09/08/2025,11:37:23,47.61345,-52.74128,151.0,1.0,SKT-4016,1,1,GYYR
09/08/2025,11:37:30,47.61345,-52.74127,151.0,1.0,SKT-4016,1,1,GYYR
09/08/2025,11:37:37,47.61345,-52.74128,151.0,1.0,SKT-4016,1,1,GYYR
09/08/2025,11:37:45,47.61345,-52.74128,151.0,1.0,SKT-4016,1,1,GYYR
09/08/2025,11:37:52,47.61345,-52.74127,151.0,1.0,SKT-4016,1,1,GYYR
09/08/2025,11:37:59,47.61345,-52.74128,150.0,1.0,SKT-4016,1,1,GYYR
09/08/2025,11:38:07,47.61345,-52.74127,149.0,1.0,SKT-4016,1,1,GYYR
09/08/2025,11:38:14,47.61345,-52.74127,148.0,1.0,SKT-4016,1,1,GYYR
09/08/2025,11:38:21,47.61346,-52.74127,148.0,1.0,SKT-4016,1,1,GYYR
09/08/2025,11:38:29,47.61346,-52.74127,148.0,1.0,SKT-4016,1,1,GYYR
09/08/2025,11:38:36,47.61346,-52.74127,148.0,1.0,SKT-4016,1,1,GYYR
09/08/2025,11:38:43,47.61346,-52.74127,149.0,1.0,SKT-4016,1,1,GYYR
09/08/2025,11:38:51,47.61346,-52.74127,149.0,1.0,SKT-4016,1,1,GYYR
09/08/2025,11:38:58,47.61346,-52.74127,149.0,1.0,SKT-4016,1,1,GYYR
09/08/2025,11:39:05,47.61346,-52.74127,149.0,1.0,SKT-4016,1,1,GYYR
09/08/2025,11:39:13,47.61346,-52.74127,150.0,1.0,SKT-4016,1,1,GYYR
09/08/2025,11:39:20,47.61346,-52.74127,150.0,1.0,SKT-4016,1,1,GYYR
09/08/2025,11:39:28,47.61346,-52.74127,150.0,1.0,SKT-4016,1,1,GYYR
09/08/2025,11:39:35,47.61346,-52.74127,150.0,1.0,SKT-4016,1,1,GYYR
09/08/2025,11:39:42,47.61346,-52.74127,149.0,1.0,SKT-4016,1,1,GYYR
09/08/2025,11:39:50,47.61346,-52.74127,149.0,1.0,SKT-4016,1,1,GYYR
09/08/2025,11:39:57,47.61346,-52.74127,150.0,1.0,SKT-4016,1,1,GYYR
09/08/2025,11:40:04,47.61346,-52.74126,150.0,1.0,SKT-4016,1,1,GYYR
09/08/2025,11:40:12,47.61346,-52.74126,150.0,1.0,SKT-4016,1,1,GYYR
09/08/2025,11:40:19,47.61346,-52.74127,150.0,1.0,SKT-4016,1,1,GYYR
09/08/2025,11:40:26,47.61346,-52.74127,150.0,1.0,SKT-4016,1,1,GYYR
09/08/2025,11:40:34,47.61346,-52.74127,150.0,1.0,SKT-4016,1,1,GYYR
09/08/2025,11:40:41,47.61346,-52.74127,150.0,1.0,SKT-4016,1,1,GYYR
09/08/2025,11:40:48,47.61346,-52.74127,150.0,1.0,SKT-4016,1,1,GYYR
09/08/2025,11:40:56,47.61346,-52.74127,150.0,1.0,SKT-4016,1,1,GYYR
09/08/2025,11:41:03,47.61346,-52.74127,150.0,1.0,SKT-4016,1,1,GYYR
09/08/2025,11:41:10,47.61346,-52.74127,150.0,1.0,SKT-4016,1,1,GYYR
09/08/2025,11:41:18,47.61346,-52.74128,151.0,1.0,SKT-4016,1,1,GYYR
09/08/2025,11:41:25,47.61346,-52.74128,150.0,1.0,SKT-4016,1,1,GYYR
09/08/2025,11:41:32,47.61346,-52.74128,150.0,1.0,SKT-4016,1,1,GYYR
09/08/2025,11:41:40,47.61346,-52.74128,150.0,1.0,SKT-4016,1,1,GYYR
09/08/2025,11:41:47,47.61346,-52.74128,150.0,1.0,SKT-4016,1,1,GYYR
09/08/2025,11:41:55,47.61346,-52.74128,150.0,1.0,SKT-4016,1,1,GYYR
09/08/2025,11:42:02,47.61345,-52.74128,150.0,1.0,SKT-4016,1,1,GYYR
09/08/2025,11:42:09,47.61345,-52.74128,151.0,1.0,SKT-4016,1,1,GYYR
09/08/2025,11:42:17,47.61345,-52.74129,151.0,1.0,SKT-4016,1,1,GYYR
09/08/2025,11:42:24,47.61345,-52.74129,151.0,1.0,SKT-4016,1,1,GYYR
09/08/2025,11:42:32,47.61345,-52.7413,151.0,1.0,SKT-4016,1,1,GYYR
09/08/2025,11:42:39,47.61345,-52.7413,151.0,1.0,SKT-4016,1,1,GYYR
09/08/2025,11:42:47,47.61345,-52.7413,151.0,1.0,SKT-4016,1,1,GYYR
09/08/2025,11:42:54,47.61345,-52.7413,151.0,1.0,SKT-4016,1,1,GYYR
09/08/2025,11:43:02,47.61345,-52.7413,150.0,1.0,SKT-4016,1,1,GYYR
09/08/2025,11:43:09,47.61345,-52.7413,151.0,1.0,SKT-4016,1,1,GYYR
09/08/2025,11:43:16,47.61345,-52.7413,151.0,1.0,SKT-4016,1,1,GYYR
09/08/2025,11:43:24,47.61345,-52.7413,151.0,1.0,SKT-4016,1,1,GYYR
09/08/2025,11:43:31,47.61345,-52.7413,152.0,1.0,SKT-4016,1,1,GYYR
09/08/2025,11:43:38,47.61345,-52.7413,152.0,1.0,SKT-4016,1,1,GYYR
09/08/2025,11:43:46,47.61345,-52.7413,152.0,1.0,SKT-4016,1,1,GYYR
09/08/2025,11:43:53,47.61345,-52.7413,153.0,1.0,SKT-4016,1,1,GYYR
09/08/2025,11:44:01,47.61345,-52.74129,153.0,1.0,SKT-4016,1,1,GYYR
09/08/2025,11:44:09,47.61346,-52.74129,153.0,1.0,SKT-4016,1,1,GYYR
09/08/2025,11:44:16,47.61346,-52.74129,153.0,1.0,SKT-4016,1,1,GYYR
09/08/2025,11:44:23,47.61346,-52.74129,152.0,1.0,SKT-4016,1,1,GYYR
09/08/2025,11:44:31,47.61346,-52.74129,152.0,1.0,SKT-4016,1,1,GYYR
09/08/2025,11:44:38,47.61346,-52.74129,152.0,1.0,SKT-4016,1,1,GYYR
09/08/2025,11:44:46,47.61346,-52.74129,152.0,1.0,SKT-4016,1,1,GYYR
09/08/2025,11:44:53,47.61346,-52.74129,151.0,1.0,SKT-4016,1,1,GYYR
09/08/2025,11:45:00,47.61346,-52.74129,151.0,1.0,SKT-4016,1,1,GYYR
09/08/2025,11:45:08,47.61346,-52.74129,151.0,1.0,SKT-4016,1,1,GYYR
09/08/2025,11:45:15,47.61346,-52.74129,151.0,1.0,SKT-4016,1,1,GYYR
09/08/2025,11:45:22,47.61346,-52.74129,151.0,1.0,SKT-4016,1,1,GYYR
09/08/2025,11:45:30,47.61346,-52.74129,152.0,1.0,SKT-4016,1,1,GYYR
09/08/2025,11:45:37,47.61346,-52.74129,152.0,1.0,SKT-4016,1,1,GYYR
09/08/2025,11:45:44,47.61346,-52.74129,152.0,1.0,SKT-4016,1,1,GYYR
09/08/2025,11:45:52,47.61346,-52.74129,152.0,1.0,SKT-4016,1,1,GYYR
09/08/2025,11:45:59,47.61346,-52.74129,152.0,1.0,SKT-4016,1,1,GYYR
09/08/2025,11:46:06,47.61346,-52.74129,152.0,1.0,SKT-4016,1,1,GYYR
09/08/2025,11:46:14,47.61346,-52.74129,152.0,1.0,SKT-4016,1,1,GYYR
09/08/2025,11:46:21,47.61346,-52.74129,152.0,1.0,SKT-4016,1,1,GYYR
09/08/2025,11:46:28,47.61346,-52.74129,153.0,1.0,SKT-4016,1,1,GYYR
09/08/2025,11:46:36,47.61346,-52.74129,153.0,1.0,SKT-4016,1,1,GYYR
09/08/2025,11:46:43,47.61346,-52.74129,154.0,1.0,SKT-4016,1,1,GYYR
09/08/2025,11:46:50,47.61345,-52.74129,154.0,1.0,SKT-4016,1,1,GYYR
09/08/2025,11:46:58,47.61345,-52.74129,154.0,1.0,SKT-4016,1,1,GYYR
09/08/2025,11:47:06,47.61345,-52.74129,154.0,1.0,SKT-4016,1,1,GYYR
09/08/2025,11:47:13,47.61345,-52.74129,155.0,1.0,SKT-4016,1,1,GYYR
09/08/2025,11:47:20,47.61345,-52.74129,154.0,1.0,SKT-4016,1,1,GYYR
09/08/2025,11:47:28,47.61345,-52.74128,154.0,1.0,SKT-4016,1,1,GYYR
09/08/2025,11:47:36,47.61345,-52.74128,153.0,1.0,SKT-4016,1,1,GYYR
09/08/2025,11:47:43,47.61345,-52.74128,153.0,1.0,SKT-4016,1,1,GYYR
09/08/2025,11:47:51,47.61345,-52.74128,153.0,1.0,SKT-4016,1,1,GYYR
09/08/2025,11:47:59,47.61345,-52.74128,153.0,1.0,SKT-4016,1,1,GYYR
09/08/2025,11:48:06,47.61345,-52.74128,153.0,1.0,SKT-4016,1,1,GYYR
09/08/2025,11:48:13,47.61345,-52.74128,153.0,1.0,SKT-4016,1,1,GYYR
09/08/2025,11:48:21,47.61345,-52.74128,153.0,1.0,SKT-4016,1,1,GYYR
09/08/2025,11:48:28,47.61345,-52.74128,153.0,1.0,SKT-4016,1,1,GYYR
09/08/2025,11:48:35,47.61345,-52.74128,153.0,1.0,SKT-4016,1,1,GYYR
09/08/2025,11:48:43,47.61345,-52.74128,153.0,1.0,SKT-4016,1,1,GYYR
09/08/2025,11:48:50,47.61345,-52.74128,153.0,1.0,SKT-4016,1,1,GYYR
09/08/2025,11:48:57,47.61345,-52.74128,153.0,1.0,SKT-4016,1,1,GYYR
09/08/2025,11:49:05,47.61345,-52.74129,153.0,1.0,SKT-4016,1,1,GYYR
09/08/2025,02:41:49,,,,,,0,0,
09/08/2025,02:41:55,,,,,,0,0,
09/08/2025,02:42:00,,,,,,0,0,
09/08/2025,02:42:07,,,,,,0,0,
09/08/2025,02:42:12,,,,,,0,0,
09/08/2025,02:42:17,,,,,,0,0,
09/08/2025,02:42:22,,,,,,0,0,
09/08/2025,02:42:27,,,,,,0,0,
09/08/2025,02:42:32,,,,,,0,0,
09/08/2025,02:42:37,,,,,,0,0,
09/08/2025,02:42:42,,,,,,0,0,
09/08/2025,02:43:22,,,,,,0,0,
09/08/2025,11:53:44,47.61345,-52.74127,152.0,1.0,SKT-4016,1,1,GYYR
09/08/2025,11:53:51,47.61345,-52.74127,152.0,1.0,SKT-4016,1,1,GYYR
09/08/2025,11:53:59,47.61345,-52.74127,153.0,1.0,SKT-4016,1,1,GYYR
09/08/2025,11:54:06,47.61345,-52.74127,153.0,1.0,SKT-4016,1,1,GYYR
09/08/2025,11:54:13,47.61345,-52.74126,152.0,1.0,SKT-4016,1,1,GYYR
09/08/2025,11:54:23,47.61345,-52.74126,152.0,1.0,SKT-4016,1,1,GYYR
09/08/2025,11:54:32,47.61345,-52.74126,152.0,1.0,SKT-4016,1,1,GYYR
09/08/2025,11:54:40,47.61345,-52.74126,151.0,1.0,SKT-4016,1,1,GYYR
09/08/2025,11:54:47,47.61345,-52.74126,151.0,1.0,SKT-4016,1,1,GYYR
09/08/2025,11:55:01,47.61345,-52.74126,151.0,1.0,SKT-4016,1,1,GYYR
09/08/2025,11:55:09,47.61345,-52.74126,151.0,1.0,SKT-4016,1,1,GYYR
09/08/2025,11:55:16,47.61345,-52.74126,151.0,1.0,SKT-4016,1,1,GYYR
09/08/2025,11:55:23,47.61345,-52.74126,151.0,1.0,SKT-4016,1,1,GYYR
09/08/2025,11:55:31,47.61345,-52.74126,151.0,1.0,SKT-4016,1,1,GYYR
09/08/2025,11:55:38,47.61345,-52.74126,151.0,1.0,SKT-4016,1,1,GYYR
09/08/2025,11:55:46,47.61345,-52.74126,150.0,1.0,SKT-4016,1,1,GYYR
09/08/2025,11:55:53,47.61345,-52.74126,150.0,1.0,SKT-4016,1,1,GYYR
09/08/2025,11:56:00,47.61345,-52.74126,150.0,1.0,SKT-4016,1,1,GYYR
09/08/2025,11:56:07,47.61345,-52.74126,150.0,1.0,SKT-4016,1,1,GYYR
09/08/2025,11:56:15,47.61345,-52.74127,150.0,1.0,SKT-4016,1,1,GYYR
09/08/2025,11:56:22,47.61345,-52.74127,150.0,1.0,SKT-4016,1,1,GYYR
09/08/2025,11:56:29,47.61345,-52.74128,151.0,1.0,SKT-4016,1,1,GYYR
09/08/2025,11:56:37,47.61345,-52.74128,151.0,1.0,SKT-4016,1,1,GYYR
09/08/2025,11:56:44,47.61345,-52.74128,151.0,1.0,SKT-4016,1,1,GYYR
09/08/2025,11:56:52,47.61345,-52.74129,151.0,1.0,SKT-4016,1,1,GYYR
09/08/2025,11:56:59,47.61345,-52.74129,150.0,1.0,SKT-4016,1,1,GYYR
09/08/2025,11:57:06,47.61345,-52.74129,150.0,1.0,SKT-4016,1,1,GYYR
09/08/2025,11:57:14,47.61345,-52.74129,150.0,1.0,SKT-4016,1,1,GYYR
09/08/2025,11:57:21,47.61345,-52.74129,150.0,1.0,SKT-4016,1,1,GYYR
09/08/2025,11:57:29,47.61345,-52.74129,149.0,1.0,SKT-4016,1,1,GYYR
09/08/2025,11:57:36,47.61345,-52.7413,148.0,1.0,SKT-4016,1,1,GYYR
09/08/2025,11:57:44,47.61345,-52.74129,148.0,1.0,SKT-4016,1,1,GYYR
09/08/2025,11:57:51,47.61345,-52.74129,147.0,1.0,SKT-4016,1,1,GYYR
09/08/2025,11:57:58,47.61345,-52.74129,147.0,1.0,SKT-4016,1,1,GYYR
09/08/2025,11:58:06,47.61345,-52.74129,147.0,1.0,SKT-4016,1,1,GYYR
09/08/2025,11:58:14,47.61345,-52.74129,148.0,1.0,SKT-4016,1,1,GYYR
09/08/2025,11:58:21,47.61345,-52.74128,148.0,1.0,SKT-4016,1,1,GYYR
09/08/2025,11:58:28,47.61345,-52.74128,148.0,1.0,SKT-4016,1,1,GYYR
09/08/2025,11:58:36,47.61345,-52.74128,148.0,1.0,SKT-4016,1,1,GYYR
09/08/2025,11:58:43,47.61345,-52.74128,148.0,1.0,SKT-4016,1,1,GYYR
09/08/2025,11:58:51,47.61345,-52.74128,148.0,1.0,SKT-4016,1,1,GYYR
09/08/2025,11:58:58,47.61345,-52.74128,149.0,1.0,SKT-4016,1,1,GYYR
09/08/2025,11:59:05,47.61345,-52.74128,149.0,1.0,SKT-4016,1,1,GYYR
09/08/2025,11:59:13,47.61345,-52.74128,149.0,1.0,SKT-4016,1,1,GYYR
09/08/2025,11:59:20,47.61345,-52.74128,148.0,1.0,SKT-4016,1,1,GYYR
09/08/2025,11:59:27,47.61345,-52.74129,149.0,1.0,SKT-4016,1,1,GYYR
09/08/2025,11:59:35,47.61345,-52.74129,148.0,1.0,SKT-4016,1,1,GYYR
09/08/2025,11:59:42,47.61345,-52.74129,148.0,1.0,SKT-4016,1,1,GYYR
09/08/2025,11:59:49,47.61345,-52.74129,148.0,1.0,SKT-4016,1,1,GYYR
09/08/2025,11:59:57,47.61345,-52.74129,148.0,1.0,SKT-4016,1,1,GYYR
09/08/2025,12:00:04,47.61345,-52.74129,149.0,1.0,SKT-4016,1,1,GYYR
09/08/2025,12:00:11,47.61345,-52.74128,149.0,1.0,SKT-4016,1,1,GYYR
09/08/2025,12:00:19,47.61345,-52.74129,149.0,1.0,SKT-4016,1,1,GYYR
09/08/2025,12:00:26,47.61346,-52.74129,149.0,1.0,SKT-4016,1,1,GYYR
09/08/2025,12:00:33,47.61346,-52.74129,149.0,1.0,SKT-4016,1,1,GYYR
09/08/2025,12:00:41,47.61346,-52.74129,149.0,1.0,SKT-4016,1,1,GYYR
09/08/2025,12:00:48,47.61346,-52.74129,149.0,1.0,SKT-4016,1,1,GYYR
09/08/2025,12:00:55,47.61346,-52.74129,149.0,1.0,SKT-4016,1,1,GYYR
09/08/2025,12:01:03,47.61346,-52.74129,149.0,1.0,SKT-4016,1,1,GYYR
09/08/2025,12:01:10,47.61346,-52.74129,149.0,1.0,SKT-4016,1,1,GYYR
09/08/2025,12:01:17,47.61346,-52.74128,149.0,1.0,SKT-4016,1,1,GYYR
09/08/2025,12:01:25,47.61346,-52.74128,149.0,1.0,SKT-4016,1,1,GYYR
09/08/2025,12:01:32,47.61346,-52.74128,149.0,1.0,SKT-4016,1,1,GYYR
09/08/2025,12:01:39,47.61346,-52.74128,149.0,1.0,SKT-4016,1,1,GYYR
09/08/2025,12:01:47,47.61346,-52.74128,150.0,1.0,SKT-4016,1,1,GYYR
09/08/2025,12:01:54,47.61346,-52.74127,151.0,1.0,SKT-4016,1,1,GYYR
09/08/2025,12:02:02,47.61346,-52.74127,151.0,1.0,SKT-4016,1,1,GYYR
09/08/2025,12:02:09,47.61346,-52.74127,152.0,1.0,SKT-4016,1,1,GYYR
09/08/2025,12:02:16,47.61346,-52.74127,152.0,1.0,SKT-4016,1,1,GYYR
09/08/2025,12:02:24,47.61346,-52.74126,152.0,1.0,SKT-4016,1,1,GYYR
09/08/2025,12:02:31,47.61346,-52.74126,152.0,1.0,SKT-4016,1,1,GYYR
09/08/2025,12:02:38,47.61346,-52.74126,152.0,1.0,SKT-4016,1,1,GYYR
09/08/2025,12:02:46,47.61346,-52.74126,152.0,1.0,SKT-4016,1,1,GYYR
09/08/2025,12:02:53,47.61346,-52.74126,151.0,1.0,SKT-4016,1,1,GYYR
09/08/2025,12:03:00,47.61346,-52.74126,151.0,1.0,SKT-4016,1,1,GYYR
09/08/2025,12:03:08,47.61346,-52.74126,151.0,1.0,SKT-4016,1,1,GYYR
09/08/2025,12:03:15,47.61346,-52.74126,151.0,1.0,SKT-4016,1,1,GYYR
09/08/2025,12:03:23,47.61345,-52.74126,151.0,1.0,SKT-4016,1,1,GYYR
09/08/2025,12:03:30,47.61345,-52.74126,151.0,1.0,SKT-4016,1,1,GYYR
09/08/2025,12:03:38,47.61345,-52.74126,151.0,1.0,SKT-4016,1,1,GYYR
09/08/2025,12:03:46,47.61345,-52.74126,151.0,1.0,SKT-4016,1,1,GYYR
09/08/2025,12:03:52,47.61345,-52.74126,151.0,1.0,SKT-4016,1,1,GYYR
09/08/2025,12:04:00,47.61345,-52.74126,151.0,1.0,SKT-4016,1,1,GYYR
09/08/2025,12:04:07,47.61345,-52.74127,151.0,1.0,SKT-4016,1,1,GYYR
09/08/2025,12:04:15,47.61345,-52.74127,150.0,1.0,SKT-4016,1,1,GYYR
09/08/2025,12:04:22,47.61345,-52.74127,150.0,1.0,SKT-4016,1,1,GYYR
09/08/2025,12:04:29,47.61345,-52.74127,150.0,1.0,SKT-4016,1,1,GYYR
09/08/2025,12:04:37,47.61345,-52.74127,149.0,1.0,SKT-4016,1,1,GYYR
09/08/2025,12:04:45,47.61345,-52.74127,149.0,1.0,SKT-4016,1,1,GYYR
09/08/2025,12:04:52,47.61345,-52.74127,149.0,1.0,SKT-4016,1,1,GYYR
09/08/2025,12:05:00,47.61346,-52.74128,149.0,1.0,SKT-4016,1,1,GYYR
09/08/2025,12:05:07,47.61346,-52.74128,149.0,1.0,SKT-4016,1,1,GYYR
09/08/2025,12:05:14,47.61346,-52.74128,149.0,1.0,SKT-4016,1,1,GYYR
09/08/2025,12:05:22,47.61346,-52.74128,150.0,1.0,SKT-4016,1,1,GYYR
09/08/2025,12:05:29,47.61346,-52.74128,150.0,1.0,SKT-4016,1,1,GYYR
09/08/2025,12:05:36,47.61346,-52.74128,150.0,1.0,SKT-4016,1,1,GYYR
09/08/2025,12:05:44,47.61346,-52.74128,150.0,1.0,SKT-4016,1,1,GYYR
09/08/2025,12:05:51,47.61346,-52.74128,151.0,1.0,SKT-4016,1,1,GYYR
09/08/2025,12:05:58,47.61346,-52.74128,151.0,1.0,SKT-4016,1,1,GYYR
09/08/2025,12:06:06,47.61346,-52.74128,151.0,1.0,SKT-4016,1,1,GYYR
09/08/2025,12:06:13,47.61346,-52.74128,150.0,1.0,SKT-4016,1,1,GYYR
09/08/2025,12:06:20,47.61345,-52.74128,150.0,1.0,SKT-4016,1,1,GYYR
09/08/2025,12:06:28,47.61345,-52.74128,150.0,1.0,SKT-4016,1,1,GYYR
09/08/2025,12:06:35,47.61345,-52.74128,150.0,1.0,SKT-4016,1,1,GYYR
09/08/2025,12:06:43,47.61345,-52.74127,149.0,1.0,SKT-4016,1,1,GYYR
09/08/2025,12:06:50,47.61346,-52.74127,149.0,1.0,SKT-4016,1,1,GYYR
09/08/2025,12:06:57,47.61346,-52.74127,149.0,1.0,SKT-4016,1,1,GYYR
09/08/2025,12:07:05,47.61346,-52.74127,149.0,1.0,SKT-4016,1,1,GYYR
09/08/2025,12:07:12,47.61346,-52.74126,149.0,1.0,SKT-4016,1,1,GYYR
09/08/2025,12:07:19,47.61346,-52.74126,149.0,1.0,SKT-4016,1,1,GYYR
09/08/2025,12:07:27,47.61346,-52.74126,149.0,1.0,SKT-4016,1,1,GYYR
09/08/2025,12:07:34,47.61345,-52.74126,150.0,1.0,SKT-4016,1,1,GYYR
09/08/2025,12:07:41,47.61345,-52.74126,150.0,1.0,SKT-4016,1,1,GYYR
09/08/2025,12:07:49,47.61345,-52.74126,151.0,1.0,SKT-4016,1,1,GYYR
09/08/2025,12:07:56,47.61345,-52.74126,150.0,1.0,SKT-4016,1,1,GYYR
09/08/2025,12:08:04,47.61345,-52.74126,150.0,1.0,SKT-4016,1,1,GYYR
09/08/2025,12:08:11,47.61345,-52.74126,150.0,1.0,SKT-4016,1,1,GYYR
09/08/2025,12:08:18,47.61345,-52.74127,150.0,1.0,SKT-4016,1,1,GYYR
09/08/2025,12:08:26,47.61345,-52.74127,151.0,1.0,SKT-4016,1,1,GYYR
09/08/2025,12:08:33,47.61345,-52.74127,152.0,1.0,SKT-4016,1,1,GYYR
09/08/2025,12:08:40,47.61345,-52.74127,152.0,1.0,SKT-4016,1,1,GYYR
09/08/2025,12:08:48,47.61345,-52.74127,153.0,1.0,SKT-4016,1,1,GYYR
09/08/2025,12:08:55,47.61344,-52.74127,153.0,1.0,SKT-4016,1,1,GYYR
09/08/2025,12:09:03,47.61344,-52.74128,153.0,1.0,SKT-4016,1,1,GYYR
09/08/2025,12:09:10,47.61344,-52.74128,153.0,1.0,SKT-4016,1,1,GYYR
09/08/2025,12:09:17,47.61344,-52.74127,153.0,1.0,SKT-4016,1,1,GYYR
09/08/2025,12:09:25,47.61344,-52.74127,153.0,1.0,SKT-4016,1,1,GYYR
09/08/2025,12:09:32,47.61344,-52.74127,152.0,1.0,SKT-4016,1,1,GYYR
09/08/2025,12:09:39,47.61344,-52.74127,152.0,1.0,SKT-4016,1,1,GYYR
09/08/2025,12:09:47,47.61344,-52.74127,152.0,1.0,SKT-4016,1,1,GYYR
09/08/2025,12:09:54,47.61344,-52.74127,152.0,1.0,SKT-4016,1,1,GYYR
09/08/2025,12:10:02,47.61344,-52.74127,152.0,1.0,SKT-4016,1,1,GYYR
09/08/2025,12:10:10,47.61344,-52.74127,152.0,1.0,SKT-4016,1,1,GYYR
09/08/2025,12:10:17,47.61344,-52.74127,152.0,1.0,SKT-4016,1,1,GYYR
09/08/2025,12:10:25,47.61344,-52.74127,152.0,1.0,SKT-4016,1,1,GYYR
09/08/2025,12:10:32,47.61344,-52.74127,152.0,1.0,SKT-4016,1,1,GYYR
09/08/2025,12:10:39,47.61345,-52.74128,152.0,1.0,SKT-4016,1,1,GYYR
09/08/2025,12:10:47,47.61345,-52.74128,152.0,1.0,SKT-4016,1,1,GYYR
09/08/2025,12:10:54,47.61345,-52.74128,152.0,1.0,SKT-4016,1,1,GYYR
09/08/2025,12:11:01,47.61345,-52.74128,152.0,1.0,SKT-4016,1,1,GYYR
09/08/2025,12:11:09,47.61345,-52.74128,152.0,1.0,SKT-4016,1,1,GYYR
09/08/2025,12:11:16,47.61345,-52.74128,152.0,1.0,SKT-4016,1,1,GYYR
09/08/2025,12:11:24,47.61345,-52.74128,151.0,1.0,SKT-4016,1,1,GYYR
09/08/2025,12:11:31,47.61345,-52.74128,151.0,1.0,SKT-4016,1,1,GYYR
09/08/2025,12:11:38,47.61345,-52.74128,151.0,1.0,SKT-4016,1,1,GYYR
09/08/2025,12:11:46,47.61345,-52.74128,151.0,1.0,SKT-4016,1,1,GYYR
09/08/2025,12:11:53,47.61345,-52.74129,151.0,1.0,SKT-4016,1,1,GYYR
09/08/2025,12:12:01,47.61345,-52.74128,151.0,1.0,SKT-4016,1,1,GYYR
09/08/2025,12:12:08,47.61344,-52.74128,151.0,1.0,SKT-4016,1,1,GYYR
09/08/2025,12:12:16,47.61344,-52.74128,151.0,1.0,SKT-4016,1,1,GYYR
09/08/2025,12:12:23,47.61345,-52.74128,151.0,1.0,SKT-4016,1,1,GYYR
09/08/2025,12:12:30,47.61345,-52.74128,150.0,1.0,SKT-4016,1,1,GYYR
09/08/2025,12:12:38,47.61345,-52.74128,150.0,1.0,SKT-4016,1,1,GYYR
09/08/2025,12:12:45,47.61345,-52.74127,150.0,1.0,SKT-4016,1,1,GYYR
09/08/2025,12:12:53,47.61345,-52.74127,150.0,1.0,SKT-4016,1,1,GYYR
09/08/2025,12:13:00,47.61345,-52.74126,150.0,1.0,SKT-4016,1,1,GYYR
09/08/2025,12:13:07,47.61345,-52.74126,150.0,1.0,SKT-4016,1,1,GYYR
09/08/2025,12:13:15,47.61345,-52.74126,150.0,1.0,SKT-4016,1,1,GYYR
09/08/2025,12:13:22,47.61345,-52.74126,150.0,1.0,SKT-4016,1,1,GYYR
09/08/2025,12:13:29,47.61345,-52.74126,150.0,1.0,SKT-4016,1,1,GYYR
09/08/2025,12:13:37,47.61345,-52.74126,151.0,1.0,SKT-4016,1,1,GYYR
09/08/2025,12:13:44,47.61345,-52.74126,151.0,1.0,SKT-4016,1,1,GYYR
09/08/2025,12:13:52,47.61345,-52.74126,151.0,1.0,SKT-4016,1,1,GYYR
09/08/2025,12:13:59,47.61345,-52.74126,152.0,1.0,SKT-4016,1,1,GYYR
09/08/2025,12:14:07,47.61345,-52.74126,152.0,1.0,SKT-4016,1,1,GYYR
09/08/2025,12:14:14,47.61345,-52.74126,152.0,1.0,SKT-4016,1,1,GYYR
09/08/2025,12:14:21,47.61345,-52.74126,152.0,1.0,SKT-4016,1,1,GYYR
09/08/2025,12:14:29,47.61345,-52.74126,152.0,1.0,SKT-4016,1,1,GYYR
09/08/2025,12:14:36,47.61345,-52.74126,153.0,1.0,SKT-4016,1,1,GYYR
09/08/2025,12:14:44,47.61345,-52.74126,153.0,1.0,SKT-4016,1,1,GYYR
09/08/2025,12:14:51,47.61345,-52.74126,153.0,1.0,SKT-4016,1,1,GYYR
09/08/2025,12:14:58,47.61345,-52.74126,153.0,1.0,SKT-4016,1,1,GYYR
09/08/2025,12:15:06,47.61345,-52.74126,153.0,1.0,SKT-4016,1,1,GYYR
09/08/2025,12:15:13,47.61345,-52.74126,153.0,1.0,SKT-4016,1,1,GYYR
09/08/2025,12:15:20,47.61345,-52.74126,153.0,1.0,SKT-4016,1,1,GYYR
09/08/2025,12:15:28,47.61345,-52.74126,153.0,1.0,SKT-4016,1,1,GYYR
09/08/2025,12:15:35,47.61345,-52.74126,153.0,1.0,SKT-4016,1,1,GYYR
09/08/2025,12:15:43,47.61345,-52.74126,153.0,1.0,SKT-4016,1,1,GYYR
09/08/2025,12:15:50,47.61345,-52.74126,152.0,1.0,SKT-4016,1,1,GYYR
09/08/2025,12:15:58,47.61345,-52.74126,151.0,1.0,SKT-4016,1,1,GYYR
09/08/2025,12:16:05,47.61345,-52.74126,151.0,1.0,SKT-4016,1,1,GYYR
09/08/2025,12:16:13,47.61345,-52.74126,151.0,1.0,SKT-4016,1,1,GYYR
09/08/2025,12:16:20,47.61345,-52.74126,151.0,1.0,SKT-4016,1,1,GYYR
09/08/2025,12:16:27,47.61345,-52.74126,151.0,1.0,SKT-4016,1,1,GYYR
09/08/2025,12:16:35,47.61345,-52.74126,150.0,1.0,SKT-4016,1,1,GYYR
09/08/2025,12:16:42,47.61345,-52.74126,150.0,1.0,SKT-4016,1,1,GYYR
09/08/2025,12:16:50,47.61345,-52.74126,150.0,1.0,SKT-4016,1,1,GYYR
09/08/2025,12:16:57,47.61345,-52.74126,149.0,1.0,SKT-4016,1,1,GYYR
09/08/2025,12:17:04,47.61345,-52.74126,150.0,1.0,SKT-4016,1,1,GYYR
09/08/2025,12:17:12,47.61345,-52.74126,150.0,1.0,SKT-4016,1,1,GYYR
09/08/2025,12:17:19,47.61345,-52.74126,150.0,1.0,SKT-4016,1,1,GYYR
09/08/2025,12:17:26,47.61345,-52.74126,151.0,1.0,SKT-4016,1,1,GYYR
09/08/2025,12:17:34,47.61345,-52.74126,150.0,1.0,SKT-4016,1,1,GYYR
09/08/2025,12:17:41,47.61345,-52.74126,150.0,1.0,SKT-4016,1,1,GYYR
09/08/2025,12:17:48,47.61345,-52.74126,150.0,1.0,SKT-4016,1,1,GYYR
09/08/2025,12:17:56,47.61345,-52.74126,151.0,1.0,SKT-4016,1,1,GYYR
09/08/2025,12:18:03,47.61345,-52.74126,151.0,1.0,SKT-4016,1,1,GYYR
09/08/2025,12:18:10,47.61346,-52.74126,151.0,1.0,SKT-4016,1,1,GYYR
09/08/2025,12:18:18,47.61346,-52.74126,151.0,1.0,SKT-4016,1,1,GYYR
09/08/2025,12:18:25,47.61346,-52.74126,151.0,1.0,SKT-4016,1,1,GYYR
09/08/2025,12:18:32,47.61346,-52.74126,151.0,1.0,SKT-4016,1,1,GYYR
09/08/2025,12:18:40,47.61346,-52.74126,152.0,1.0,SKT-4016,1,1,GYYR
09/08/2025,12:18:47,47.61346,-52.74126,152.0,1.0,SKT-4016,1,1,GYYR
09/08/2025,12:18:54,47.61346,-52.74126,152.0,1.0,SKT-4016,1,1,GYYR
09/08/2025,12:19:02,47.61346,-52.74126,152.0,1.0,SKT-4016,1,1,GYYR
09/08/2025,12:19:09,47.61346,-52.74126,152.0,1.0,SKT-4016,1,1,GYYR
09/08/2025,12:19:16,47.61346,-52.74126,152.0,1.0,SKT-4016,1,1,GYYR
09/08/2025,12:19:23,47.61346,-52.74126,152.0,1.0,SKT-4016,1,1,GYYR
09/08/2025,12:19:31,47.61346,-52.74126,152.0,1.0,SKT-4016,1,1,GYYR
09/08/2025,12:19:39,47.61346,-52.74126,152.0,1.0,SKT-4016,1,1,GYYR
09/08/2025,12:19:46,47.61346,-52.74126,152.0,1.0,SKT-4016,1,1,GYYR
09/08/2025,12:19:53,47.61346,-52.74126,152.0,1.0,SKT-4016,1,1,GYYR
09/08/2025,12:20:01,47.61346,-52.74126,152.0,1.0,SKT-4016,1,1,GYYR
09/08/2025,12:20:08,47.61346,-52.74126,152.0,1.0,SKT-4016,1,1,GYYR
09/08/2025,12:20:15,47.61346,-52.74126,152.0,1.0,SKT-4016,1,1,GYYR
09/08/2025,12:20:23,47.61346,-52.74126,152.0,1.0,SKT-4016,1,1,GYYR
09/08/2025,12:20:30,47.61346,-52.74126,152.0,1.0,SKT-4016,1,1,GYYR
09/08/2025,12:20:37,47.61346,-52.74126,151.0,1.0,SKT-4016,1,1,GYYR
09/08/2025,12:20:45,47.61346,-52.74126,152.0,1.0,SKT-4016,1,1,GYYR
09/08/2025,12:20:52,47.61346,-52.74126,152.0,1.0,SKT-4016,1,1,GYYR
09/08/2025,12:20:59,47.61346,-52.74126,152.0,1.0,SKT-4016,1,1,GYYR
09/08/2025,12:21:07,47.61346,-52.74127,152.0,1.0,SKT-4016,1,1,GYYR
09/08/2025,12:21:14,47.61346,-52.74127,152.0,1.0,SKT-4016,1,1,GYYR
09/08/2025,12:21:21,47.61346,-52.74127,152.0,1.0,SKT-4016,1,1,GYYR
09/08/2025,12:21:29,47.61346,-52.74127,152.0,1.0,SKT-4016,1,1,GYYR
09/08/2025,12:21:36,47.61346,-52.74127,152.0,1.0,SKT-4016,1,1,GYYR
09/08/2025,12:21:44,47.61346,-52.74126,152.0,1.0,SKT-4016,1,1,GYYR
09/08/2025,12:21:51,47.61346,-52.74127,152.0,1.0,SKT-4016,1,1,GYYR
09/08/2025,12:21:58,47.61346,-52.74127,152.0,1.0,SKT-4016,1,1,GYYR
09/08/2025,12:22:06,47.61346,-52.74127,152.0,1.0,SKT-4016,1,1,GYYR
09/08/2025,12:22:13,47.61346,-52.74127,153.0,1.0,SKT-4016,1,1,GYYR
09/08/2025,12:22:20,47.61346,-52.74128,153.0,1.0,SKT-4016,1,1,GYYR
09/08/2025,12:22:28,47.61346,-52.74128,153.0,1.0,SKT-4016,1,1,GYYR
09/08/2025,12:22:35,47.61346,-52.74128,153.0,1.0,SKT-4016,1,1,GYYR
09/08/2025,12:22:42,47.61346,-52.74128,153.0,1.0,SKT-4016,1,1,GYYR
09/08/2025,12:22:50,47.61346,-52.74128,153.0,1.0,SKT-4016,1,1,GYYR
09/08/2025,12:22:58,47.61346,-52.74128,152.0,1.0,SKT-4016,1,1,GYYR
09/08/2025,12:23:05,47.61346,-52.74128,152.0,1.0,SKT-4016,1,1,GYYR
09/08/2025,12:23:13,47.61346,-52.74127,153.0,1.0,SKT-4016,1,1,GYYR
09/08/2025,12:23:20,47.61346,-52.74127,153.0,1.0,SKT-4016,1,1,GYYR
09/08/2025,12:23:28,47.61346,-52.74127,152.0,1.0,SKT-4016,1,1,GYYR
09/08/2025,12:23:35,47.61346,-52.74127,152.0,1.0,SKT-4016,1,1,GYYR
09/08/2025,12:23:42,47.61346,-52.74127,153.0,1.0,SKT-4016,1,1,GYYR
09/08/2025,12:23:50,47.61346,-52.74127,153.0,1.0,SKT-4016,1,1,GYYR
09/08/2025,12:23:57,47.61345,-52.74127,153.0,1.0,SKT-4016,1,1,GYYR
09/08/2025,12:24:05,47.61345,-52.74127,153.0,1.0,SKT-4016,1,1,GYYR
09/08/2025,12:24:12,47.61345,-52.74127,153.0,1.0,SKT-4016,1,1,GYYR
09/08/2025,12:24:19,47.61344,-52.74128,153.0,1.0,SKT-4016,1,1,GYYR
09/08/2025,12:24:27,47.61344,-52.74128,153.0,1.0,SKT-4016,1,1,GYYR
09/08/2025,12:24:34,47.61344,-52.74128,153.0,1.0,SKT-4016,1,1,GYYR
09/08/2025,12:24:41,47.61344,-52.74127,153.0,1.0,SKT-4016,1,1,GYYR
09/08/2025,12:24:49,47.61344,-52.74127,153.0,1.0,SKT-4016,1,1,GYYR
09/08/2025,12:24:56,47.61344,-52.74127,153.0,1.0,SKT-4016,1,1,GYYR
09/08/2025,12:25:03,47.61345,-52.74127,152.0,1.0,SKT-4016,1,1,GYYR
09/08/2025,12:25:11,47.61345,-52.74127,152.0,1.0,SKT-4016,1,1,GYYR
09/08/2025,12:25:18,47.61345,-52.74127,152.0,1.0,SKT-4016,1,1,GYYR
09/08/2025,12:25:26,47.61345,-52.74127,151.0,1.0,SKT-4016,1,1,GYYR
09/08/2025,12:25:33,47.61345,-52.74127,151.0,1.0,SKT-4016,1,1,GYYR
09/08/2025,12:25:40,47.61345,-52.74126,151.0,1.0,SKT-4016,1,1,GYYR
09/08/2025,12:25:48,47.61345,-52.74126,150.0,1.0,SKT-4016,1,1,GYYR
09/08/2025,12:25:55,47.61345,-52.74126,150.0,1.0,SKT-4016,1,1,GYYR
09/08/2025,12:26:02,47.61345,-52.74126,150.0,1.0,SKT-4016,1,1,GYYR
09/08/2025,12:26:10,47.61345,-52.74125,150.0,1.0,SKT-4016,1,1,GYYR
09/08/2025,12:26:17,47.61345,-52.74125,150.0,1.0,SKT-4016,1,1,GYYR
09/08/2025,12:26:25,47.61345,-52.74125,150.0,1.0,SKT-4016,1,1,GYYR
09/08/2025,12:26:32,47.61345,-52.74125,150.0,1.0,SKT-4016,1,1,GYYR
09/08/2025,12:26:39,47.61345,-52.74125,150.0,1.0,SKT-4016,1,1,GYYR
09/08/2025,12:26:47,47.61345,-52.74125,149.0,1.0,SKT-4016,1,1,GYYR
09/08/2025,12:26:54,47.61345,-52.74125,150.0,1.0,SKT-4016,1,1,GYYR
09/08/2025,12:27:02,47.61345,-52.74125,150.0,1.0,SKT-4016,1,1,GYYR
09/08/2025,12:27:09,47.61345,-52.74125,150.0,1.0,SKT-4016,1,1,GYYR
09/08/2025,12:27:16,47.61345,-52.74125,150.0,1.0,SKT-4016,1,1,GYYR
09/08/2025,12:27:24,47.61344,-52.74125,151.0,1.0,SKT-4016,1,1,GYYR
09/08/2025,12:27:31,47.61344,-52.74125,151.0,1.0,SKT-4016,1,1,GYYR
09/08/2025,12:27:38,47.61344,-52.74125,151.0,1.0,SKT-4016,1,1,GYYR
09/08/2025,12:27:45,47.61343,-52.74125,151.0,1.0,SKT-4016,1,1,GYYR
09/08/2025,12:27:53,47.61343,-52.74125,151.0,1.0,SKT-4016,1,1,GYYR
09/08/2025,12:28:00,47.61343,-52.74126,150.0,1.0,SKT-4016,1,1,GYYR
09/08/2025,12:28:08,47.61343,-52.74126,151.0,1.0,SKT-4016,1,1,GYYR
09/08/2025,12:28:15,47.61343,-52.74126,151.0,1.0,SKT-4016,1,1,GYYR
09/08/2025,12:28:22,47.61343,-52.74127,151.0,1.0,SKT-4016,1,1,GYYR
09/08/2025,12:28:30,47.61344,-52.74127,151.0,1.0,SKT-4016,1,1,GYYR
09/08/2025,12:28:37,47.61344,-52.74127,151.0,1.0,SKT-4016,1,1,GYYR
09/08/2025,12:28:44,47.61344,-52.74127,151.0,1.0,SKT-4016,1,1,GYYR
09/08/2025,12:28:51,47.61345,-52.74127,151.0,1.0,SKT-4016,1,1,GYYR
09/08/2025,12:28:59,47.61345,-52.74127,151.0,1.0,SKT-4016,1,1,GYYR
09/08/2025,12:29:06,47.61345,-52.74127,151.0,1.0,SKT-4016,1,1,GYYR
09/08/2025,12:29:13,47.61345,-52.74127,151.0,1.0,SKT-4016,1,1,GYYR
09/08/2025,12:29:21,47.61345,-52.74127,151.0,1.0,SKT-4016,1,1,GYYR
09/08/2025,12:29:28,47.61345,-52.74127,151.0,1.0,SKT-4016,1,1,GYYR
09/08/2025,12:29:36,47.61345,-52.74127,152.0,1.0,SKT-4016,1,1,GYYR
09/08/2025,12:29:43,47.61345,-52.74128,152.0,1.0,SKT-4016,1,1,GYYR
09/08/2025,12:29:51,47.61345,-52.74128,152.0,1.0,SKT-4016,1,1,GYYR
09/08/2025,12:29:58,47.61345,-52.74127,153.0,1.0,SKT-4016,1,1,GYYR
09/08/2025,12:30:06,47.61345,-52.74127,153.0,1.0,SKT-4016,1,1,GYYR
09/08/2025,12:30:13,47.61345,-52.74126,153.0,1.0,SKT-4016,1,1,GYYR
09/08/2025,12:30:20,47.61345,-52.74126,153.0,1.0,SKT-4016,1,1,GYYR
09/08/2025,12:30:28,47.61345,-52.74126,153.0,1.0,SKT-4016,1,1,GYYR
09/08/2025,12:30:35,47.61345,-52.74126,153.0,1.0,SKT-4016,1,1,GYYR
09/08/2025,12:30:42,47.61344,-52.74126,153.0,1.0,SKT-4016,1,1,GYYR
09/08/2025,12:30:50,47.61345,-52.74126,153.0,1.0,SKT-4016,1,1,GYYR
09/08/2025,12:30:57,47.61345,-52.74126,153.0,1.0,SKT-4016,1,1,GYYR
09/08/2025,12:31:05,47.61345,-52.74126,153.0,1.0,SKT-4016,1,1,GYYR
09/08/2025,12:31:12,47.61345,-52.74126,154.0,1.0,SKT-4016,1,1,GYYR
09/08/2025,12:31:19,47.61344,-52.74127,155.0,1.0,SKT-4016,1,1,GYYR
09/08/2025,12:31:27,47.61345,-52.74127,156.0,1.0,SKT-4016,1,1,GYYR
09/08/2025,12:31:34,47.61345,-52.74126,155.0,1.0,SKT-4016,1,1,GYYR
09/08/2025,12:31:42,47.61345,-52.74126,155.0,1.0,SKT-4016,1,1,GYYR
09/08/2025,12:31:49,47.61345,-52.74126,155.0,1.0,SKT-4016,1,1,GYYR
09/08/2025,12:31:56,47.61345,-52.74126,155.0,1.0,SKT-4016,1,1,GYYR
09/08/2025,12:32:04,47.61345,-52.74127,155.0,1.0,SKT-4016,1,1,GYYR
09/08/2025,12:32:11,47.61345,-52.74127,155.0,1.0,SKT-4016,1,1,GYYR
09/08/2025,12:32:18,47.61345,-52.74127,154.0,1.0,SKT-4016,1,1,GYYR
09/08/2025,12:32:26,47.61344,-52.74127,155.0,1.0,SKT-4016,1,1,GYYR
09/08/2025,12:32:33,47.61344,-52.74127,154.0,1.0,SKT-4016,1,1,GYYR
09/08/2025,12:32:41,47.61344,-52.74127,155.0,1.0,SKT-4016,1,1,GYYR
09/08/2025,12:32:48,47.61343,-52.74127,155.0,1.0,SKT-4016,1,1,GYYR
09/08/2025,12:32:55,47.61343,-52.74127,154.0,1.0,SKT-4016,1,1,GYYR
09/08/2025,12:33:03,47.61343,-52.74127,154.0,1.0,SKT-4016,1,1,GYYR
09/08/2025,12:33:10,47.61344,-52.74127,154.0,1.0,SKT-4016,1,1,GYYR
09/08/2025,12:33:18,47.61344,-52.74128,154.0,1.0,SKT-4016,1,1,GYYR
09/08/2025,12:33:25,47.61344,-52.74128,154.0,1.0,SKT-4016,1,1,GYYR
09/08/2025,12:33:33,47.61344,-52.74128,154.0,1.0,SKT-4016,1,1,GYYR
09/08/2025,12:33:40,47.61344,-52.74128,154.0,1.0,SKT-4016,1,1,GYYR
09/08/2025,12:33:48,47.61343,-52.74128,154.0,1.0,SKT-4016,1,1,GYYR
09/08/2025,12:33:55,47.61343,-52.74128,155.0,1.0,SKT-4016,1,1,GYYR
09/08/2025,12:34:02,47.61343,-52.74127,155.0,1.0,SKT-4016,1,1,GYYR
09/08/2025,12:34:10,47.61343,-52.74127,155.0,1.0,SKT-4016,1,1,GYYR
09/08/2025,12:34:17,47.61343,-52.74127,155.0,1.0,SKT-4016,1,1,GYYR
09/08/2025,12:34:25,47.61343,-52.74127,155.0,1.0,SKT-4016,1,1,GYYR
09/08/2025,12:34:32,47.61344,-52.74127,154.0,1.0,SKT-4016,1,1,GYYR
09/08/2025,12:34:39,47.61344,-52.74127,153.0,1.0,SKT-4016,1,1,GYYR
09/08/2025,12:34:47,47.61345,-52.74127,152.0,1.0,SKT-4016,1,1,GYYR
09/08/2025,12:34:54,47.61345,-52.74127,151.0,1.0,SKT-4016,1,1,GYYR
09/08/2025,12:35:02,47.61345,-52.74127,151.0,1.0,SKT-4016,1,1,GYYR
09/08/2025,12:35:09,47.61346,-52.74127,150.0,1.0,SKT-4016,1,1,GYYR
09/08/2025,12:35:16,47.61346,-52.74127,150.0,1.0,SKT-4016,1,1,GYYR
09/08/2025,12:35:24,47.61346,-52.74126,150.0,1.0,SKT-4016,1,1,GYYR
09/08/2025,12:35:32,47.61345,-52.74126,151.0,1.0,SKT-4016,1,1,GYYR
09/08/2025,12:35:39,47.61345,-52.74126,150.0,1.0,SKT-4016,1,1,GYYR
09/08/2025,12:35:46,47.61346,-52.74126,150.0,1.0,SKT-4016,1,1,GYYR
09/08/2025,12:35:54,47.61346,-52.74126,151.0,1.0,SKT-4016,1,1,GYYR
09/08/2025,12:36:01,47.61346,-52.74126,151.0,1.0,SKT-4016,1,1,GYYR
09/08/2025,12:36:08,47.61346,-52.74126,151.0,1.0,SKT-4016,1,1,GYYR
09/08/2025,12:36:16,47.61346,-52.74126,151.0,1.0,SKT-4016,1,1,GYYR
09/08/2025,12:36:23,47.61346,-52.74126,151.0,1.0,SKT-4016,1,1,GYYR
09/08/2025,12:36:31,47.61346,-52.74126,151.0,1.0,SKT-4016,1,1,GYYR
09/08/2025,12:36:38,47.61346,-52.74127,151.0,1.0,SKT-4016,1,1,GYYR
09/08/2025,12:36:46,47.61346,-52.74127,151.0,1.0,SKT-4016,1,1,GYYR
09/08/2025,12:36:53,47.61347,-52.74127,150.0,1.0,SKT-4016,1,1,GYYR
09/08/2025,12:37:00,47.61347,-52.74127,150.0,1.0,SKT-4016,1,1,GYYR
09/08/2025,12:37:08,47.61347,-52.74127,149.0,1.0,SKT-4016,1,1,GYYR
09/08/2025,12:37:15,47.61347,-52.74127,149.0,1.0,SKT-4016,1,1,GYYR
09/08/2025,12:37:22,47.61347,-52.74127,149.0,1.0,SKT-4016,1,1,GYYR
09/08/2025,12:37:30,47.61347,-52.74127,150.0,1.0,SKT-4016,1,1,GYYR
09/08/2025,12:37:38,47.61346,-52.74126,150.0,1.0,SKT-4016,1,1,GYYR
09/08/2025,12:37:45,47.61346,-52.74126,150.0,1.0,SKT-4016,1,1,GYYR
09/08/2025,12:37:53,47.61346,-52.74126,151.0,1.0,SKT-4016,1,1,GYYR
09/08/2025,12:38:01,47.61346,-52.74127,152.0,1.0,SKT-4016,1,1,GYYR
09/08/2025,12:38:08,47.61346,-52.74127,152.0,1.0,SKT-4016,1,1,GYYR
09/08/2025,12:38:16,47.61346,-52.74127,152.0,1.0,SKT-4016,1,1,GYYR
09/08/2025,12:38:23,47.61346,-52.74128,152.0,1.0,SKT-4016,1,1,GYYR
09/08/2025,12:38:30,47.61346,-52.74127,153.0,1.0,SKT-4016,1,1,GYYR
09/08/2025,12:38:38,47.61346,-52.74127,153.0,1.0,SKT-4016,1,1,GYYR
09/08/2025,12:38:45,47.61346,-52.74127,153.0,1.0,SKT-4016,1,1,GYYR
09/08/2025,12:38:52,47.61346,-52.74126,153.0,1.0,SKT-4016,1,1,GYYR
09/08/2025,12:39:00,47.61348,-52.74118,153.0,1.0,SKT-4016,1,1,GYYR
09/08/2025,12:39:07,47.61351,-52.7411,153.0,1.0,SKT-4016,1,1,GYYR
09/08/2025,12:39:14,47.61354,-52.741,153.0,1.0,SKT-4016,1,1,GYYR
09/08/2025,12:39:22,47.61357,-52.7409,153.0,1.0,SKT-4016,1,1,GYYR
09/08/2025,12:39:30,47.61361,-52.74081,153.0,1.0,SKT-4016,1,1,GYYR
09/08/2025,12:39:37,47.61364,-52.74074,153.0,1.0,SKT-4016,1,1,GYYR
09/08/2025,12:39:45,47.61368,-52.74069,153.0,1.0,SKT-4016,1,1,GYYR
09/08/2025,12:39:52,47.61372,-52.74067,152.0,1.0,SKT-4016,1,1,GYYR
09/08/2025,12:39:59,47.61378,-52.74068,152.0,1.0,SKT-4016,1,1,GYYR
09/08/2025,12:40:07,47.61384,-52.74071,151.0,1.0,SKT-4016,1,1,GYYR
09/08/2025,12:40:15,47.61388,-52.74078,151.0,1.0,SKT-4016,1,1,GYYR
09/08/2025,12:40:22,47.61392,-52.74086,151.0,1.0,SKT-4016,1,1,GYYR
09/08/2025,12:40:30,47.61395,-52.74096,151.0,1.0,SKT-4016,1,1,GYYR
09/08/2025,12:40:37,47.61396,-52.74098,152.0,1.0,SKT-4016,1,1,GYYR
09/08/2025,12:40:44,47.61396,-52.74098,151.0,1.0,SKT-4016,1,1,GYYR
09/08/2025,12:40:52,47.61396,-52.74098,151.0,1.0,SKT-4016,1,1,GYYR
09/08/2025,12:40:59,47.61396,-52.74098,151.0,1.0,SKT-4016,1,1,GYYR
09/08/2025,12:41:06,47.61396,-52.74098,151.0,1.0,SKT-4016,1,1,GYYR
09/08/2025,12:41:13,47.61396,-52.74098,151.0,1.0,SKT-4016,1,1,GYYR
09/08/2025,12:41:21,47.61395,-52.74098,151.0,1.0,SKT-4016,1,1,GYYR
09/08/2025,12:41:28,47.61396,-52.74098,151.0,1.0,SKT-4016,1,1,GYYR
09/08/2025,12:41:36,47.61396,-52.74098,151.0,1.0,SKT-4016,1,1,GYYR
09/08/2025,12:41:43,47.61395,-52.74098,151.0,1.0,SKT-4016,1,1,GYYR
09/08/2025,12:41:50,47.61395,-52.74098,151.0,1.0,SKT-4016,1,1,GYYR
09/08/2025,12:41:58,47.61395,-52.74098,152.0,1.0,SKT-4016,1,1,GYYR
09/08/2025,12:42:05,47.61395,-52.74098,152.0,1.0,SKT-4016,1,1,GYYR
09/08/2025,12:42:12,47.61395,-52.74098,151.0,1.0,SKT-4016,1,1,GYYR
09/08/2025,12:42:20,47.61395,-52.74098,151.0,1.0,SKT-4016,1,1,GYYR
09/08/2025,12:42:28,47.61396,-52.74098,152.0,1.0,SKT-4016,1,1,GYYR
09/08/2025,12:42:35,47.61396,-52.74098,152.0,1.0,SKT-4016,1,1,GYYR
09/08/2025,12:42:43,47.61396,-52.74098,152.0,1.0,SKT-4016,1,1,GYYR
09/08/2025,12:42:50,47.61395,-52.74097,152.0,1.0,SKT-4016,1,1,GYYR
09/08/2025,12:42:57,47.6139,-52.7408,152.0,1.0,SKT-4016,1,1,GYYR
09/08/2025,12:43:05,47.61377,-52.74034,152.0,1.0,SKT-4016,1,1,GYYR
09/08/2025,12:43:12,47.61355,-52.73989,151.0,1.0,SKT-4016,1,1,GYYR
09/08/2025,12:43:19,47.61324,-52.73967,151.0,1.0,SKT-4016,1,1,GYYR
09/08/2025,12:43:27,47.61292,-52.73952,151.0,1.0,SKT-4016,1,1,GYYR
09/08/2025,12:43:34,47.61271,-52.73911,150.0,1.0,SKT-4016,1,1,GYYR
09/08/2025,12:43:41,47.61267,-52.73856,150.0,1.0,SKT-4016,1,1,GYYR
09/08/2025,12:43:49,47.61301,-52.73828,148.0,1.0,SKT-4016,1,1,GYYR
09/08/2025,12:43:56,47.61346,-52.73832,147.0,1.0,SKT-4016,1,1,GYYR
09/08/2025,12:44:04,47.61413,-52.73839,147.0,1.0,SKT-4016,1,1,GYYR
09/08/2025,12:44:11,47.61479,-52.73845,147.0,1.0,SKT-4016,1,1,GYYR
09/08/2025,12:44:18,47.61547,-52.73852,147.0,1.0,SKT-4016,1,1,GYYR
09/08/2025,12:44:26,47.61621,-52.73859,146.0,1.0,SKT-4016,1,1,GYYR
09/08/2025,12:44:33,47.61683,-52.73866,146.0,1.0,SKT-4016,1,1,GYYR
09/08/2025,12:44:40,47.61743,-52.73872,146.0,1.0,SKT-4016,1,1,GYYR
09/08/2025,12:44:48,47.61813,-52.73879,146.0,1.0,SKT-4016,1,1,GYYR
09/08/2025,12:44:55,47.61878,-52.73885,147.0,1.0,SKT-4016,1,1,GYYR
09/08/2025,12:45:03,47.61956,-52.73893,147.0,1.0,SKT-4016,1,1,GYYR
09/08/2025,12:45:10,47.62021,-52.73899,147.0,1.0,SKT-4016,1,1,GYYR
09/08/2025,12:45:17,47.62084,-52.73906,147.0,1.0,SKT-4016,1,1,GYYR
09/08/2025,12:45:25,47.62152,-52.73913,147.0,1.0,SKT-4016,1,1,GYYR
09/08/2025,12:45:32,47.62202,-52.73918,147.0,1.0,SKT-4016,1,1,GYYR
09/08/2025,12:45:39,47.62241,-52.73922,147.0,1.0,SKT-4016,1,1,GYYR
09/08/2025,12:45:47,47.62274,-52.73925,147.0,1.0,SKT-4016,1,1,GYYR
09/08/2025,12:45:55,47.62295,-52.73927,147.0,1.0,SKT-4016,1,1,GYYR
09/08/2025,12:46:03,47.62306,-52.73928,147.0,1.0,SKT-4016,1,1,GYYR
09/08/2025,12:46:10,47.62334,-52.73931,148.0,1.0,SKT-4016,1,1,GYYR
09/08/2025,12:46:18,47.62385,-52.73935,148.0,1.0,SKT-4016,1,1,GYYR
09/08/2025,12:46:25,47.62434,-52.73939,148.0,1.0,SKT-4016,1,1,GYYR
09/08/2025,12:46:32,47.62476,-52.73942,148.0,1.0,SKT-4016,1,1,GYYR
09/08/2025,12:46:40,47.62519,-52.73915,148.0,1.0,SKT-4016,1,1,GYYR
09/08/2025,12:46:47,47.62547,-52.73857,147.0,1.0,SKT-4016,1,1,GYYR
09/08/2025,12:46:55,47.6256,-52.73792,147.0,1.0,SKT-4016,1,1,GYYR
09/08/2025,12:47:02,47.62545,-52.73759,147.0,1.0,SKT-4016,1,1,GYYR
09/08/2025,12:47:10,47.62527,-52.73774,147.0,1.0,SKT-4016,1,1,GYYR
09/08/2025,12:47:17,47.62525,-52.7379,147.0,1.0,SKT-4016,1,1,GYYR
09/08/2025,12:47:24,47.62524,-52.7379,148.0,1.0,SKT-4016,1,1,GYYR
09/08/2025,12:47:32,47.62524,-52.73791,148.0,1.0,SKT-4016,1,1,GYYR
09/08/2025,12:47:39,47.62524,-52.73791,148.0,1.0,SKT-4016,1,1,GYYR
09/08/2025,12:47:47,47.62524,-52.73793,148.0,1.0,SKT-4016,1,1,GYYR
09/08/2025,12:47:54,47.62519,-52.73874,148.0,1.0,SKT-4016,1,1,GYYR
09/08/2025,12:48:02,47.62505,-52.74176,149.0,1.0,SKT-4016,1,1,GYYR
09/08/2025,12:48:10,47.6248,-52.74697,150.0,1.0,SKT-4016,1,1,GYYR
09/08/2025,12:48:18,47.62449,-52.75396,157.0,1.0,SKT-4016,1,1,GYYR
09/08/2025,12:48:26,47.62416,-52.76188,216.0,0.0,SKT-4016,1,1,GYYR
09/08/2025,12:48:33,47.62399,-52.76914,296.0,0.0,SKT-4016,1,1,GYYR
09/08/2025,12:48:40,47.62382,-52.77652,390.0,0.0,SKT-4016,1,1,GYYR
09/08/2025,12:48:48,47.62362,-52.78498,506.0,0.0,SKT-4016,1,1,GYYR
09/08/2025,12:48:55,47.62348,-52.79235,607.0,0.0,SKT-4016,1,1,GYYR
09/08/2025,12:49:03,47.62325,-52.80088,697.0,0.0,SKT-4016,1,1,GYYR
09/08/2025,12:49:10,47.62289,-52.80849,769.0,0.0,SKT-4016,1,1,GYYR
09/08/2025,12:49:17,47.62238,-52.81622,845.0,0.0,SKT-4016,1,1,GYYR
09/08/2025,12:49:25,47.62162,-52.82518,932.0,0.0,SKT-4016,1,1,GYYR
09/08/2025,12:49:32,47.62099,-52.83311,1017.0,0.0,SKT-4016,1,1,GYYR
09/08/2025,12:49:40,47.6214,-52.84215,1116.0,0.0,SKT-4016,1,1,GYYR
09/08/2025,12:49:48,47.62331,-52.85078,1213.0,0.0,SKT-4016,1,1,GYYR
09/08/2025,12:49:55,47.62579,-52.85801,1286.0,0.0,SKT-4016,1,1,GYYR
09/08/2025,12:50:03,47.62922,-52.86597,1376.0,0.0,SKT-4016,1,1,GYYR
09/08/2025,12:50:10,47.6325,-52.87283,1453.0,0.0,SKT-4016,1,1,GYYR
09/08/2025,12:50:18,47.63647,-52.88084,1511.0,0.0,SKT-4016,1,1,GYYR
09/08/2025,12:50:25,47.64017,-52.88824,1542.0,0.0,SKT-4016,1,1,GYYR
09/08/2025,12:50:35,47.64574,-52.89943,1604.0,0.0,SKT-4016,1,1,GYYR
09/08/2025,12:50:42,47.64966,-52.9077,1655.0,0.0,SKT-4016,1,1,GYYR
09/08/2025,12:50:50,47.65412,-52.91755,1719.0,0.0,SKT-4016,1,1,GYYR
09/08/2025,12:50:58,47.65858,-52.92775,1787.0,0.0,SKT-4016,1,1,GYYR
09/08/2025,12:51:06,47.66305,-52.93824,1856.0,0.0,SKT-4016,1,1,GYYR
09/08/2025,12:51:14,47.66759,-52.94893,1927.0,0.0,SKT-4016,1,1,GYYR
09/08/2025,12:51:22,47.67221,-52.95977,1998.0,0.0,SKT-4016,1,0,GYYR
09/08/2025,12:51:30,47.67682,-52.97083,2070.0,0.0,SKT-4016,1,0,GYYR
09/08/2025,12:51:38,47.68146,-52.98201,2145.0,0.0,SKT-4016,1,0,GYYR
09/08/2025,12:51:46,47.68615,-52.99328,2220.0,0.0,SKT-4016,1,0,GYYR
09/08/2025,12:51:54,47.69088,-53.00466,2294.0,0.0,SKT-4016,1,0,GYYR
09/08/2025,12:52:02,47.69565,-53.01614,2369.0,0.0,SKT-4016,1,0,GYYR
09/08/2025,12:52:11,47.70107,-53.02914,2452.0,0.0,SKT-4016,1,0,GYYR
09/08/2025,12:52:19,47.70597,-53.04078,2525.0,0.0,SKT-4016,1,0,GYYR
09/08/2025,12:52:27,47.7109,-53.05249,2603.0,0.0,SKT-4016,1,0,GYYR
09/08/2025,12:52:35,47.71589,-53.06424,2678.0,0.0,SKT-4016,1,0,GYYR
09/08/2025,12:52:43,47.72087,-53.07614,2748.0,0.0,SKT-4016,1,0,GYYR
09/08/2025,12:52:51,47.72583,-53.08816,2824.0,0.0,SKT-4016,1,0,GYYR
09/08/2025,12:52:59,47.7308,-53.10023,2904.0,0.0,SKT-4016,1,0,GYYR
09/08/2025,12:53:07,47.73581,-53.11229,2983.0,0.0,SKT-4016,1,0,GYYR
09/08/2025,12:53:15,47.74085,-53.12436,3062.0,0.0,SKT-4016,1,0,GYYR
09/08/2025,12:53:23,47.74591,-53.13643,3139.0,0.0,SKT-4016,1,0,GYYR
09/08/2025,12:53:31,47.75098,-53.14854,3213.0,0.0,SKT-4016,1,0,GYYR
09/08/2025,12:53:39,47.75603,-53.16073,3285.0,0.0,SKT-4016,1,0,GYYR
09/08/2025,12:53:47,47.76108,-53.173,3355.0,0.0,SKT-4016,1,0,GYYR
09/08/2025,12:53:55,47.76617,-53.18533,3425.0,0.0,SKT-4016,1,0,GYYR
09/08/2025,12:54:03,47.77128,-53.1977,3496.0,0.0,SKT-4016,1,0,GYYR
09/08/2025,12:54:12,47.77705,-53.21166,3576.0,0.0,SKT-4016,1,0,GYYR
09/08/2025,12:54:20,47.78222,-53.22412,3643.0,0.0,SKT-4016,1,0,GYYR
09/08/2025,12:54:28,47.78733,-53.23668,3712.0,0.0,SKT-4016,1,0,GYYR
09/08/2025,12:54:36,47.79239,-53.24932,3783.0,0.0,SKT-4016,1,0,GYYR
09/08/2025,12:54:44,47.79745,-53.26198,3849.0,0.0,SKT-4016,1,0,GYYR
09/08/2025,12:54:52,47.80258,-53.27465,3915.0,0.0,SKT-4016,1,0,GYYR
09/08/2025,12:55:00,47.80777,-53.28729,3983.0,0.0,SKT-4016,1,0,GYYR
09/08/2025,12:55:08,47.81299,-53.2999,4052.0,0.0,SKT-4016,1,0,GYYR
09/08/2025,12:55:16,47.81822,-53.31252,4122.0,0.0,SKT-4016,1,0,GYYR
09/08/2025,12:55:24,47.82344,-53.32514,4190.0,0.0,SKT-4016,1,0,GYYR
09/08/2025,12:55:32,47.82867,-53.33775,4258.0,0.0,SKT-4016,1,0,GYYR
09/08/2025,12:55:40,47.8339,-53.35034,4329.0,0.0,SKT-4016,1,0,GYYR
09/08/2025,12:55:48,47.83909,-53.3629,4402.0,0.0,SKT-4016,1,0,GYYR
09/08/2025,12:55:56,47.84422,-53.37543,4474.0,0.0,SKT-4016,1,0,GYYR
09/08/2025,12:56:04,47.84922,-53.38803,4543.0,0.0,SKT-4016,1,0,GYYR
09/08/2025,12:56:13,47.8548,-53.40215,4620.0,0.0,SKT-4016,1,0,GYYR
09/08/2025,12:56:21,47.85979,-53.4146,4689.0,0.0,SKT-4016,1,0,GYYR
09/08/2025,12:56:29,47.86478,-53.42697,4763.0,0.0,SKT-4016,1,0,GYYR
09/08/2025,12:56:37,47.86973,-53.43924,4835.0,0.0,SKT-4016,1,0,GYYR
09/08/2025,12:56:45,47.87466,-53.45143,4903.0,0.0,SKT-4016,1,0,GYYR
09/08/2025,12:56:53,47.8796,-53.46355,4970.0,0.0,SKT-4016,1,0,GYYR
09/08/2025,12:57:01,47.88452,-53.47562,5031.0,0.0,SKT-4016,1,0,GYYR
09/08/2025,12:57:09,47.88944,-53.48783,5054.0,0.0,SKT-4016,1,0,GYYR
09/08/2025,12:57:17,47.89439,-53.50034,5065.0,0.0,SKT-4016,1,0,GYYR
09/08/2025,12:57:25,47.89944,-53.5131,5072.0,0.0,SKT-4016,1,0,GYYR
09/08/2025,12:57:33,47.90462,-53.52609,5075.0,0.0,SKT-4016,1,0,GYYR
09/08/2025,12:57:41,47.90993,-53.5393,5077.0,0.0,SKT-4016,1,0,GYYR
09/08/2025,12:57:50,47.91605,-53.55442,5078.0,0.0,SKT-4016,1,0,GYYR
09/08/2025,12:57:58,47.92159,-53.56809,5079.0,0.0,SKT-4016,1,0,GYYR
09/08/2025,12:58:06,47.92722,-53.58197,5079.0,0.0,SKT-4016,1,0,GYYR
09/08/2025,12:58:14,47.93293,-53.59604,5075.0,0.0,SKT-4016,1,0,GYYR
09/08/2025,12:58:22,47.93873,-53.61028,5076.0,0.0,SKT-4016,1,0,GYYR
09/08/2025,12:58:30,47.9446,-53.62467,5077.0,0.0,SKT-4016,1,0,GYYR
09/08/2025,12:58:38,47.95052,-53.6392,5079.0,0.0,SKT-4016,1,0,GYYR
09/08/2025,12:58:46,47.9565,-53.65386,5079.0,0.0,SKT-4016,1,0,GYYR
09/08/2025,12:58:54,47.96253,-53.66864,5079.0,0.0,SKT-4016,1,0,GYYR
09/08/2025,12:59:02,47.96858,-53.68357,5079.0,0.0,SKT-4016,1,0,GYYR
09/08/2025,12:59:10,47.97463,-53.69862,5079.0,0.0,SKT-4016,1,0,GYYR
09/08/2025,12:59:18,47.98071,-53.71378,5079.0,0.0,SKT-4016,1,0,GYYR
09/08/2025,12:59:26,47.98681,-53.72903,5080.0,0.0,SKT-4016,1,0,GYYR
09/08/2025,12:59:34,47.99303,-53.74429,5079.0,0.0,SKT-4016,1,0,GYYR
09/08/2025,12:59:42,47.99955,-53.75938,5077.0,0.0,SKT-4016,1,0,GYYR
09/08/2025,12:59:51,48.00698,-53.77639,5078.0,0.0,SKT-4016,1,0,GYYR
09/08/2025,12:59:59,48.01347,-53.79167,5079.0,0.0,SKT-4016,1,0,GYYR
09/08/2025,13:00:07,48.01986,-53.80712,5078.0,0.0,SKT-4016,1,0,GYYR
09/08/2025,13:00:15,48.02618,-53.82269,5079.0,0.0,SKT-4016,1,0,GYYR
09/08/2025,13:00:23,48.03247,-53.83834,5078.0,0.0,SKT-4016,1,0,GYYR
09/08/2025,13:00:31,48.03875,-53.85406,5079.0,0.0,SKT-4016,1,0,GYYR
09/08/2025,13:00:39,48.04503,-53.86982,5079.0,0.0,SKT-4016,1,0,GYYR
09/08/2025,13:00:47,48.05131,-53.88562,5079.0,0.0,SKT-4016,1,0,GYYR
09/08/2025,13:00:55,48.05758,-53.90149,5079.0,0.0,SKT-4016,1,0,GYYR
09/08/2025,13:01:03,48.06387,-53.91737,5079.0,0.0,SKT-4016,1,0,GYYR
09/08/2025,13:01:11,48.07019,-53.93327,5079.0,0.0,SKT-4016,1,0,GYYR
09/08/2025,13:01:19,48.07654,-53.94918,5079.0,0.0,SKT-4016,1,0,GYYR
09/08/2025,13:01:27,48.08292,-53.9651,5079.0,0.0,SKT-4016,1,0,GYYR
09/08/2025,13:01:35,48.08931,-53.98103,5079.0,0.0,SKT-4016,1,0,GYYR
09/08/2025,13:01:43,48.0957,-53.99701,5079.0,0.0,SKT-4016,1,0,GYYR
09/08/2025,13:01:52,48.10289,-54.01501,5079.0,0.0,SKT-4016,1,0,GYYR
09/08/2025,13:02:00,48.10929,-54.03104,5078.0,0.0,SKT-4016,1,0,GYYR
09/08/2025,13:02:08,48.11568,-54.04707,5079.0,0.0,SKT-4016,1,0,GYYR
09/08/2025,13:02:16,48.12209,-54.06311,5080.0,0.0,SKT-4016,1,0,GYYR
09/08/2025,13:02:24,48.1285,-54.07916,5080.0,0.0,SKT-4016,1,0,GYYR
09/08/2025,13:02:32,48.13491,-54.09522,5079.0,0.0,SKT-4016,1,0,GYYR
09/08/2025,13:02:40,48.14133,-54.1113,5079.0,0.0,SKT-4016,1,0,GYYR
09/08/2025,13:02:48,48.14774,-54.12739,5079.0,0.0,SKT-4016,1,0,GYYR
09/08/2025,13:02:56,48.15416,-54.14349,5079.0,0.0,SKT-4016,1,0,GYYR
09/08/2025,13:03:04,48.16058,-54.15959,5079.0,0.0,SKT-4016,1,0,GYYR
09/08/2025,13:03:12,48.167,-54.17571,5079.0,0.0,SKT-4016,1,0,GYYR
09/08/2025,13:03:20,48.1734,-54.19186,5080.0,0.0,SKT-4016,1,0,GYYR
09/08/2025,13:03:28,48.1798,-54.20802,5080.0,0.0,SKT-4016,1,0,GYYR
09/08/2025,13:03:36,48.18619,-54.2242,5079.0,0.0,SKT-4016,1,0,GYYR
09/08/2025,13:03:44,48.19258,-54.24038,5079.0,0.0,SKT-4016,1,0,GYYR
09/08/2025,13:03:53,48.19978,-54.25859,5079.0,0.0,SKT-4016,1,0,GYYR
09/08/2025,13:04:01,48.20621,-54.27476,5079.0,0.0,SKT-4016,1,0,GYYR
09/08/2025,13:04:09,48.21264,-54.29093,5079.0,0.0,SKT-4016,1,0,GYYR
09/08/2025,13:04:17,48.21906,-54.30713,5079.0,0.0,SKT-4016,1,0,GYYR
09/08/2025,13:04:25,48.22547,-54.32333,5079.0,0.0,SKT-4016,1,0,GYYR
09/08/2025,13:04:33,48.23188,-54.33953,5079.0,0.0,SKT-4016,1,0,GYYR
09/08/2025,13:04:41,48.23829,-54.35575,5078.0,0.0,SKT-4016,1,0,GYYR
09/08/2025,13:04:49,48.2447,-54.37199,5078.0,0.0,SKT-4016,1,0,GYYR
09/08/2025,13:04:57,48.25107,-54.38826,5078.0,0.0,SKT-4016,1,0,GYYR
09/08/2025,13:05:05,48.25745,-54.40453,5078.0,0.0,SKT-4016,1,0,GYYR
09/08/2025,13:05:13,48.26385,-54.42078,5077.0,0.0,SKT-4016,1,0,GYYR
09/08/2025,13:05:21,48.27029,-54.43701,5077.0,0.0,SKT-4016,1,0,GYYR
09/08/2025,13:05:29,48.27671,-54.45325,5077.0,0.0,SKT-4016,1,0,GYYR
09/08/2025,13:05:37,48.2831,-54.46953,5077.0,0.0,SKT-4016,1,0,GYYR
09/08/2025,13:05:46,48.29029,-54.48787,5077.0,0.0,SKT-4016,1,0,GYYR
09/08/2025,13:05:54,48.29668,-54.50418,5077.0,0.0,SKT-4016,1,0,GYYR
09/08/2025,13:06:02,48.30308,-54.52049,5078.0,0.0,SKT-4016,1,0,GYYR
09/08/2025,13:06:10,48.30949,-54.53679,5078.0,0.0,SKT-4016,1,0,GYYR
09/08/2025,13:06:18,48.31592,-54.55309,5079.0,0.0,SKT-4016,1,0,GYYR
09/08/2025,13:06:26,48.32232,-54.56941,5078.0,0.0,SKT-4016,1,0,GYYR
09/08/2025,13:06:34,48.32872,-54.58577,5076.0,0.0,SKT-4016,1,0,GYYR
09/08/2025,13:06:43,48.33591,-54.60419,5076.0,0.0,SKT-4016,1,0,GYYR
09/08/2025,13:06:51,48.34231,-54.62056,5076.0,0.0,SKT-4016,1,0,GYYR
09/08/2025,13:06:59,48.34872,-54.63693,5076.0,0.0,SKT-4016,1,0,GYYR
09/08/2025,13:07:07,48.35513,-54.65329,5077.0,0.0,SKT-4016,1,0,GYYR
09/08/2025,13:07:15,48.36152,-54.66967,5076.0,0.0,SKT-4016,1,0,GYYR
09/08/2025,13:07:23,48.36792,-54.68605,5077.0,0.0,SKT-4016,1,0,GYYR
09/08/2025,13:07:31,48.37434,-54.70243,5076.0,0.0,SKT-4016,1,0,GYYR
09/08/2025,13:07:39,48.38073,-54.71883,5077.0,0.0,SKT-4016,1,0,GYYR
09/08/2025,13:07:48,48.38791,-54.7373,5076.0,0.0,SKT-4016,1,0,GYYR
09/08/2025,13:07:56,48.39428,-54.75374,5076.0,0.0,SKT-4016,1,0,GYYR
09/08/2025,13:08:04,48.40066,-54.77017,5077.0,0.0,SKT-4016,1,0,GYYR
09/08/2025,13:08:12,48.40705,-54.78661,5077.0,0.0,SKT-4016,1,0,GYYR
09/08/2025,13:08:20,48.41344,-54.80304,5084.0,0.0,SKT-4016,1,0,GYYR
09/08/2025,13:08:28,48.41982,-54.81945,5087.0,0.0,SKT-4016,1,0,GYYR
09/08/2025,13:08:36,48.4262,-54.83586,5089.0,0.0,SKT-4016,1,0,GYYR
09/08/2025,13:08:44,48.43258,-54.85227,5091.0,0.0,SKT-4016,1,0,GYYR
09/08/2025,13:08:52,48.43894,-54.86868,5092.0,0.0,SKT-4016,1,0,GYYR
09/08/2025,13:09:00,48.44528,-54.88512,5092.0,0.0,SKT-4016,1,0,GYYR
09/08/2025,13:09:08,48.45163,-54.90156,5091.0,0.0,SKT-4016,1,0,GYYR
09/08/2025,13:09:16,48.458,-54.918,5090.0,0.0,SKT-4016,1,0,GYYR
09/08/2025,13:09:24,48.46438,-54.93444,5090.0,0.0,SKT-4016,1,0,GYYR
09/08/2025,13:09:32,48.47075,-54.95089,5090.0,0.0,SKT-4016,1,0,GYYR
09/08/2025,13:09:40,48.4771,-54.96737,5089.0,0.0,SKT-4016,1,0,GYYR
09/08/2025,13:09:49,48.48425,-54.98591,5088.0,0.0,SKT-4016,1,0,GYYR
09/08/2025,13:09:57,48.49063,-55.00238,5088.0,0.0,SKT-4016,1,0,GYYR
09/08/2025,13:10:05,48.49703,-55.01885,5089.0,0.0,SKT-4016,1,0,GYYR
09/08/2025,13:10:13,48.50344,-55.03532,5090.0,0.0,SKT-4016,1,0,GYYR
09/08/2025,13:10:21,48.50981,-55.05183,5090.0,0.0,SKT-4016,1,0,GYYR
09/08/2025,13:10:29,48.51614,-55.06838,5090.0,0.0,SKT-4016,1,0,GYYR
09/08/2025,13:10:37,48.52246,-55.08495,5089.0,0.0,SKT-4016,1,0,GYYR
09/08/2025,13:10:45,48.5288,-55.10151,5089.0,0.0,SKT-4016,1,0,GYYR
09/08/2025,13:10:53,48.53515,-55.11808,5087.0,0.0,SKT-4016,1,0,GYYR
09/08/2025,13:11:01,48.54152,-55.13465,5087.0,0.0,SKT-4016,1,0,GYYR
09/08/2025,13:11:09,48.54786,-55.15122,5088.0,0.0,SKT-4016,1,0,GYYR
09/08/2025,13:11:17,48.5542,-55.16781,5088.0,0.0,SKT-4016,1,0,GYYR
09/08/2025,13:11:25,48.56054,-55.18439,5088.0,0.0,SKT-4016,1,0,GYYR
09/08/2025,13:11:33,48.56688,-55.20098,5088.0,0.0,SKT-4016,1,0,GYYR
09/08/2025,13:11:41,48.57322,-55.21758,5089.0,0.0,SKT-4016,1,0,GYYR
09/08/2025,13:11:50,48.58036,-55.23625,5088.0,0.0,SKT-4016,1,0,GYYR
09/08/2025,13:11:58,48.5867,-55.25285,5089.0,0.0,SKT-4016,1,0,GYYR
09/08/2025,13:12:06,48.59304,-55.26945,5089.0,0.0,SKT-4016,1,0,GYYR
09/08/2025,13:12:14,48.59937,-55.28606,5089.0,0.0,SKT-4016,1,0,GYYR
09/08/2025,13:12:22,48.6057,-55.30266,5089.0,0.0,SKT-4016,1,0,GYYR
09/08/2025,13:12:30,48.61203,-55.31926,5089.0,0.0,SKT-4016,1,0,GYYR
09/08/2025,13:12:38,48.61834,-55.33587,5089.0,0.0,SKT-4016,1,0,GYYR
09/08/2025,13:12:46,48.62462,-55.35251,5088.0,0.0,SKT-4016,1,0,GYYR
09/08/2025,13:12:54,48.63088,-55.36915,5088.0,0.0,SKT-4016,1,0,GYYR
09/08/2025,13:13:02,48.63717,-55.38576,5087.0,0.0,SKT-4016,1,0,GYYR
09/08/2025,13:13:10,48.64351,-55.40233,5086.0,0.0,SKT-4016,1,0,GYYR
09/08/2025,13:13:18,48.64988,-55.41888,5087.0,0.0,SKT-4016,1,0,GYYR
09/08/2025,13:13:26,48.65622,-55.43546,5087.0,0.0,SKT-4016,1,0,GYYR
09/08/2025,13:13:34,48.6625,-55.45208,5086.0,0.0,SKT-4016,1,0,GYYR
09/08/2025,13:13:42,48.66873,-55.46875,5085.0,0.0,SKT-4016,1,0,GYYR
09/08/2025,13:13:50,48.67494,-55.48545,5084.0,0.0,SKT-4016,1,0,GYYR
09/08/2025,13:13:59,48.68195,-55.50422,5085.0,0.0,SKT-4016,1,0,GYYR
09/08/2025,13:14:07,48.68826,-55.52084,5085.0,0.0,SKT-4016,1,0,GYYR
09/08/2025,13:14:15,48.69457,-55.53745,5085.0,0.0,SKT-4016,1,0,GYYR
09/08/2025,13:14:23,48.70086,-55.55409,5085.0,0.0,SKT-4016,1,0,GYYR
09/08/2025,13:14:31,48.70713,-55.57073,5085.0,0.0,SKT-4016,1,0,GYYR
09/08/2025,13:14:39,48.71343,-55.58736,5085.0,0.0,SKT-4016,1,0,GYYR
09/08/2025,13:14:47,48.71974,-55.604,5085.0,0.0,SKT-4016,1,0,GYYR
09/08/2025,13:14:55,48.72604,-55.62064,5084.0,0.0,SKT-4016,1,0,GYYR
09/08/2025,13:15:03,48.73233,-55.6373,5084.0,0.0,SKT-4016,1,0,GYYR
09/08/2025,13:15:11,48.73859,-55.65399,5084.0,0.0,SKT-4016,1,0,GYYR
09/08/2025,13:15:19,48.74483,-55.67069,5083.0,0.0,SKT-4016,1,0,GYYR
09/08/2025,13:15:27,48.75108,-55.6874,5082.0,0.0,SKT-4016,1,0,GYYR
09/08/2025,13:15:35,48.75732,-55.70412,5082.0,0.0,SKT-4016,1,0,GYYR
09/08/2025,13:15:44,48.76435,-55.72295,5081.0,0.0,SKT-4016,1,0,GYYR
09/08/2025,13:15:52,48.7706,-55.73968,5082.0,0.0,SKT-4016,1,0,GYYR
09/08/2025,13:16:00,48.77686,-55.75641,5082.0,0.0,SKT-4016,1,0,GYYR
09/08/2025,13:16:08,48.78313,-55.77315,5083.0,0.0,SKT-4016,1,0,GYYR
09/08/2025,13:16:16,48.78942,-55.78989,5082.0,0.0,SKT-4016,1,0,GYYR
09/08/2025,13:16:24,48.79571,-55.80665,5082.0,0.0,SKT-4016,1,0,GYYR
09/08/2025,13:16:32,48.80197,-55.82345,5082.0,0.0,SKT-4016,1,0,GYYR
09/08/2025,13:16:40,48.80822,-55.84027,5082.0,0.0,SKT-4016,1,0,GYYR
09/08/2025,13:16:48,48.81449,-55.8571,5081.0,0.0,SKT-4016,1,0,GYYR
09/08/2025,13:16:56,48.82077,-55.87394,5081.0,0.0,SKT-4016,1,0,GYYR
09/08/2025,13:17:04,48.82708,-55.89078,5082.0,0.0,SKT-4016,1,0,GYYR
09/08/2025,13:17:12,48.83337,-55.90763,5082.0,0.0,SKT-4016,1,0,GYYR
09/08/2025,13:17:20,48.83965,-55.9245,5082.0,0.0,SKT-4016,1,0,GYYR
09/08/2025,13:17:28,48.84592,-55.94139,5082.0,0.0,SKT-4016,1,0,GYYR
09/08/2025,13:17:37,48.85297,-55.96042,5082.0,0.0,SKT-4016,1,0,GYYR
09/08/2025,13:17:45,48.85925,-55.97733,5081.0,0.0,SKT-4016,1,0,GYYR
09/08/2025,13:17:53,48.86554,-55.99424,5081.0,0.0,SKT-4016,1,0,GYYR
09/08/2025,13:18:01,48.87186,-56.01117,5081.0,0.0,SKT-4016,1,0,GYYR
09/08/2025,13:18:09,48.87819,-56.02812,5080.0,0.0,SKT-4016,1,0,GYYR
09/08/2025,13:18:17,48.88451,-56.0451,5080.0,0.0,SKT-4016,1,0,GYYR
09/08/2025,13:18:25,48.89081,-56.06212,5080.0,0.0,SKT-4016,1,0,GYYR
09/08/2025,13:18:33,48.8971,-56.07916,5081.0,0.0,SKT-4016,1,0,GYYR
09/08/2025,13:18:41,48.90339,-56.09621,5082.0,0.0,SKT-4016,1,0,GYYR
09/08/2025,13:18:49,48.90965,-56.1133,5082.0,0.0,SKT-4016,1,0,GYYR
09/08/2025,13:18:57,48.91592,-56.13039,5082.0,0.0,SKT-4016,1,0,GYYR
09/08/2025,13:19:05,48.92224,-56.14746,5082.0,0.0,SKT-4016,1,0,GYYR
09/08/2025,13:19:13,48.92858,-56.16454,5083.0,0.0,SKT-4016,1,0,GYYR
09/08/2025,13:19:21,48.93496,-56.18153,5081.0,0.0,SKT-4016,1,0,GYYR
09/08/2025,13:19:30,48.9422,-56.20052,5081.0,0.0,SKT-4016,1,0,GYYR
09/08/2025,13:19:38,48.9486,-56.21734,5080.0,0.0,SKT-4016,1,0,GYYR
09/08/2025,13:19:46,48.95492,-56.23417,5080.0,0.0,SKT-4016,1,0,GYYR
09/08/2025,13:19:54,48.96115,-56.25101,5080.0,0.0,SKT-4016,1,0,GYYR
09/08/2025,13:20:02,48.96732,-56.26785,5078.0,0.0,SKT-4016,1,0,GYYR
09/08/2025,13:20:10,48.97348,-56.28465,5078.0,0.0,SKT-4016,1,0,GYYR
09/08/2025,13:20:18,48.97963,-56.3014,5078.0,0.0,SKT-4016,1,0,GYYR
09/08/2025,13:20:26,48.98577,-56.3181,5077.0,0.0,SKT-4016,1,0,GYYR
09/08/2025,13:20:34,48.99191,-56.33479,5065.0,0.0,SKT-4016,1,0,GYYR
09/08/2025,13:20:42,48.99807,-56.35151,5032.0,0.0,SKT-4016,1,0,GYYR
09/08/2025,13:20:50,49.00434,-56.36835,4964.0,0.0,SKT-4016,1,0,GYYR
09/08/2025,13:20:58,49.01074,-56.38523,4887.0,0.0,SKT-4016,1,0,GYYR
09/08/2025,13:21:06,49.01721,-56.40203,4810.0,0.0,SKT-4016,1,0,GYYR
09/08/2025,13:21:14,49.02338,-56.41898,4732.0,0.0,SKT-4016,1,0,GYYR
09/08/2025,13:21:22,49.02932,-56.43606,4651.0,0.0,SKT-4016,1,0,GYYR
09/08/2025,13:21:31,49.03603,-56.45514,4562.0,0.0,SKT-4016,1,0,GYYR
09/08/2025,13:21:39,49.04221,-56.4717,4482.0,0.0,SKT-4016,1,0,GYYR
09/08/2025,13:21:47,49.0484,-56.48807,4404.0,0.0,SKT-4016,1,0,GYYR
09/08/2025,13:21:55,49.05437,-56.50447,4329.0,0.0,SKT-4016,1,0,GYYR
09/08/2025,13:22:03,49.06008,-56.52097,4254.0,0.0,SKT-4016,1,0,GYYR
09/08/2025,13:22:11,49.0657,-56.53742,4179.0,0.0,SKT-4016,1,0,GYYR
09/08/2025,13:22:19,49.07136,-56.55374,4104.0,0.0,SKT-4016,1,0,GYYR
09/08/2025,13:22:27,49.07711,-56.56992,4027.0,0.0,SKT-4016,1,0,GYYR
09/08/2025,13:22:35,49.08288,-56.58608,3953.0,0.0,SKT-4016,1,0,GYYR
09/08/2025,13:22:43,49.08862,-56.60223,3879.0,0.0,SKT-4016,1,0,GYYR
09/08/2025,13:22:51,49.09435,-56.61837,3804.0,0.0,SKT-4016,1,0,GYYR
09/08/2025,13:22:59,49.10013,-56.63446,3728.0,0.0,SKT-4016,1,0,GYYR
09/08/2025,13:23:07,49.10596,-56.65051,3652.0,0.0,SKT-4016,1,0,GYYR
09/08/2025,13:23:15,49.11182,-56.66647,3578.0,0.0,SKT-4016,1,0,GYYR
09/08/2025,13:23:23,49.11776,-56.68201,3504.0,0.0,SKT-4016,1,0,GYYR
09/08/2025,13:23:32,49.12436,-56.69915,3420.0,0.0,SKT-4016,1,0,GYYR
09/08/2025,13:23:40,49.13007,-56.71417,3348.0,0.0,SKT-4016,1,0,GYYR
09/08/2025,13:23:48,49.13562,-56.72904,3277.0,0.0,SKT-4016,1,0,GYYR
09/08/2025,13:23:56,49.14094,-56.74381,3210.0,0.0,SKT-4016,1,0,GYYR
09/08/2025,13:24:04,49.14609,-56.75845,3144.0,0.0,SKT-4016,1,0,GYYR
09/08/2025,13:24:12,49.151,-56.77301,3077.0,0.0,SKT-4016,1,0,GYYR
09/08/2025,13:24:20,49.15578,-56.78748,3009.0,0.0,SKT-4016,1,0,GYYR
09/08/2025,13:24:28,49.16058,-56.80176,2945.0,0.0,SKT-4016,1,0,GYYR
09/08/2025,13:24:36,49.16504,-56.81608,2880.0,0.0,SKT-4016,1,0,GYYR
09/08/2025,13:24:44,49.16866,-56.8307,2811.0,0.0,SKT-4016,1,0,GYYR
09/08/2025,13:24:52,49.17157,-56.84548,2735.0,0.0,SKT-4016,1,0,GYYR
09/08/2025,13:25:00,49.17413,-56.86029,2659.0,0.0,SKT-4016,1,0,GYYR
09/08/2025,13:25:08,49.17646,-56.87512,2591.0,0.0,SKT-4016,1,0,GYYR
09/08/2025,13:25:16,49.17874,-56.88983,2519.0,0.0,SKT-4016,1,0,GYYR
09/08/2025,13:25:24,49.18114,-56.90439,2442.0,0.0,SKT-4016,1,0,GYYR
09/08/2025,13:25:32,49.18363,-56.91882,2370.0,0.0,SKT-4016,1,0,GYYR
09/08/2025,13:25:41,49.18644,-56.93487,2290.0,0.0,SKT-4016,1,0,GYYR
09/08/2025,13:25:49,49.18885,-56.949,2220.0,0.0,SKT-4016,1,0,GYYR
09/08/2025,13:25:57,49.19124,-56.963,2149.0,0.0,SKT-4016,1,0,GYYR
09/08/2025,13:26:05,49.1937,-56.97678,2080.0,0.0,SKT-4016,1,0,GYYR
09/08/2025,13:26:13,49.19617,-56.99037,2014.0,0.0,SKT-4016,1,0,GYYR
09/08/2025,13:26:21,49.19863,-57.00379,1948.0,0.0,SKT-4016,1,0,GYYR
09/08/2025,13:26:29,49.20113,-57.01704,1881.0,0.0,SKT-4016,1,0,GYYR
09/08/2025,13:26:37,49.20357,-57.03017,1815.0,0.0,SKT-4016,1,0,GYYR
09/08/2025,13:26:45,49.20591,-57.04316,1753.0,0.0,SKT-4016,1,0,GYYR
09/08/2025,13:26:53,49.20818,-57.05598,1689.0,0.0,SKT-4016,1,0,GYYR
09/08/2025,13:27:01,49.21043,-57.06858,1647.0,0.0,SKT-4016,1,0,GYYR
09/08/2025,13:27:09,49.21261,-57.08066,1632.0,0.0,SKT-4016,1,0,GYYR
09/08/2025,13:27:17,49.21471,-57.09212,1620.0,0.0,SKT-4016,1,0,GYYR
09/08/2025,13:27:25,49.21675,-57.10287,1614.0,0.0,SKT-4016,1,0,GYYR
09/08/2025,13:27:33,49.21862,-57.11303,1567.0,0.0,SKT-4016,1,0,GYYR
09/08/2025,13:27:42,49.22061,-57.12413,1484.0,0.0,SKT-4016,1,0,GYYR
09/08/2025,13:27:50,49.22232,-57.13362,1428.0,0.0,SKT-4016,1,0,GYYR
09/08/2025,13:27:58,49.22393,-57.1428,1354.0,0.0,SKT-4016,1,0,GYYR
09/08/2025,13:28:06,49.22543,-57.15173,1291.0,0.0,SKT-4016,1,0,GYYR
09/08/2025,13:28:14,49.22687,-57.16045,1214.0,0.0,SKT-4016,1,0,GYYR
09/08/2025,13:28:22,49.22829,-57.16906,1139.0,0.0,SKT-4016,1,0,GYYR
09/08/2025,13:28:31,49.22985,-57.1785,1082.0,0.0,SKT-4016,1,0,GYYR
09/08/2025,13:28:39,49.23113,-57.187,1039.0,0.0,SKT-4016,1,0,GYYR
09/08/2025,13:28:47,49.23242,-57.19553,993.0,0.0,SKT-4016,1,0,GYYR
09/08/2025,13:28:55,49.23379,-57.20393,951.0,0.0,SKT-4016,1,0,GYYR
09/08/2025,13:29:03,49.23518,-57.21221,911.0,0.0,SKT-4016,1,0,GYYR
09/08/2025,13:29:11,49.23659,-57.22039,870.0,0.0,SKT-4016,1,0,GYYR
09/08/2025,13:29:19,49.23798,-57.22852,831.0,0.0,SKT-4016,1,0,GYYR
09/08/2025,13:29:27,49.23934,-57.23668,791.0,0.0,SKT-4016,1,0,GYYR
09/08/2025,13:29:35,49.24071,-57.24473,754.0,0.0,SKT-4016,1,0,GYYR
09/08/2025,13:29:44,49.24223,-57.25334,723.0,0.0,SKT-4016,1,0,GYYR
09/08/2025,13:29:52,49.24351,-57.26065,677.0,0.0,SKT-4016,1,0,GYYR
09/08/2025,13:30:00,49.24474,-57.26765,641.0,0.0,SKT-4016,1,0,GYYR
09/08/2025,13:30:08,49.24591,-57.27443,607.0,0.0,SKT-4016,1,0,GYYR
09/08/2025,13:30:16,49.24705,-57.28112,573.0,0.0,SKT-4016,1,0,GYYR
09/08/2025,13:30:24,49.24813,-57.28793,532.0,0.0,SKT-4016,1,0,GYYR
09/08/2025,13:30:32,49.24924,-57.29483,484.0,0.0,SKT-4016,1,0,GYYR
09/08/2025,13:30:40,49.2503,-57.30186,449.0,0.0,SKT-4016,1,0,GYYR
09/08/2025,13:30:48,49.25107,-57.3089,424.0,0.0,SKT-4016,1,0,GYYR
09/08/2025,13:30:56,49.2509,-57.31587,389.0,0.0,SKT-4016,1,0,GYYR
09/08/2025,13:31:04,49.24957,-57.32254,354.0,0.0,SKT-4016,1,0,GYYR
09/08/2025,13:31:12,49.24765,-57.32884,327.0,0.0,SKT-4016,1,0,GYYR
09/08/2025,13:31:20,49.24539,-57.33483,298.0,0.0,SKT-4016,1,0,GYYR
09/08/2025,13:31:28,49.24281,-57.34044,263.0,0.0,SKT-4016,1,0,GYYR
09/08/2025,13:31:36,49.23987,-57.34554,228.0,0.0,SKT-4016,1,0,GYYR
09/08/2025,13:31:45,49.23641,-57.35095,200.0,0.0,SKT-4016,1,0,GYYR
09/08/2025,13:31:53,49.23344,-57.35569,176.0,0.0,SKT-4016,1,0,GYYR
09/08/2025,13:32:01,49.23048,-57.36041,151.0,0.0,SKT-4016,1,0,GYYR
09/08/2025,13:32:09,49.22755,-57.36515,126.0,0.0,SKT-4016,1,0,GYYR
09/08/2025,13:32:17,49.22456,-57.36986,101.0,0.0,SKT-4016,1,0,GYYR
09/08/2025,13:32:25,49.22153,-57.37465,83.0,0.0,SKT-4016,1,0,GYYR
09/08/2025,13:32:33,49.21849,-57.37954,53.0,0.0,SKT-4016,1,0,GYYR
09/08/2025,13:32:41,49.21545,-57.38437,28.0,0.0,SKT-4016,1,0,GYYR
09/08/2025,13:32:49,49.21264,-57.38884,24.0,1.0,SKT-4016,1,0,GYYR
09/08/2025,13:32:57,49.21081,-57.39175,23.0,1.0,SKT-4016,1,0,GYYR
09/08/2025,13:33:05,49.20971,-57.39352,23.0,1.0,SKT-4016,1,0,GYYR
09/08/2025,13:33:13,49.20877,-57.39501,23.0,1.0,SKT-4016,1,0,GYYR
09/08/2025,13:33:21,49.20801,-57.39622,22.0,1.0,SKT-4016,1,0,GYYR
09/08/2025,13:33:29,49.20755,-57.39703,22.0,1.0,SKT-4016,1,0,GYYR
09/08/2025,13:33:37,49.20772,-57.39785,21.0,1.0,SKT-4016,1,0,GYYR
09/08/2025,13:33:46,49.20818,-57.3985,20.0,1.0,SKT-4016,1,0,GYYR
09/08/2025,13:33:54,49.20858,-57.39874,20.0,1.0,SKT-4016,1,0,GYYR
09/08/2025,13:34:02,49.20891,-57.39851,20.0,1.0,SKT-4016,1,0,GYYR
09/08/2025,13:34:10,49.20918,-57.39852,19.0,1.0,SKT-4016,1,0,GYYR
09/08/2025,13:34:18,49.20943,-57.39859,19.0,1.0,SKT-4016,1,0,GYYR
09/08/2025,13:34:26,49.20954,-57.39862,19.0,1.0,SKT-4016,1,0,GYYR
09/08/2025,13:34:34,49.20955,-57.39862,19.0,1.0,SKT-4016,1,0,GYYR
09/08/2025,13:34:42,49.20955,-57.39862,19.0,1.0,SKT-4016,1,0,GYYR
09/08/2025,13:34:50,49.20955,-57.39862,20.0,1.0,SKT-4016,1,0,GYYR
09/08/2025,13:34:58,49.20955,-57.39862,20.0,1.0,SKT-4016,1,0,GYYR
09/08/2025,13:35:06,49.20955,-57.39862,20.0,1.0,SKT-4016,1,0,GYYR
09/08/2025,13:35:14,49.20955,-57.39863,20.0,1.0,SKT-4016,1,0,GYYR
09/08/2025,13:35:22,49.20955,-57.39863,21.0,1.0,SKT-4016,1,0,GYYR
09/08/2025,13:35:30,49.20954,-57.39863,20.0,1.0,SKT-4016,1,0,GYYR
09/08/2025,13:35:38,49.20954,-57.39864,21.0,1.0,SKT-4016,1,1,GYYR
09/08/2025,13:35:45,49.20954,-57.39864,21.0,1.0,SKT-4016,1,1,GYYR
09/08/2025,13:35:53,49.20954,-57.39864,22.0,1.0,SKT-4016,1,1,GYYR
09/08/2025,13:36:00,49.20954,-57.39864,21.0,1.0,SKT-4016,1,1,GYYR
09/08/2025,13:36:07,49.20954,-57.39863,20.0,1.0,SKT-4016,1,0,GYYR
09/08/2025,13:36:14,49.20954,-57.39862,20.0,1.0,SKT-4016,1,0,GYYR
09/08/2025,13:36:21,49.20954,-57.39863,20.0,1.0,SKT-4016,1,0,GYYR
09/08/2025,13:36:28,49.20955,-57.39863,20.0,1.0,SKT-4016,1,0,GYYR
09/08/2025,13:36:35,49.20955,-57.39862,20.0,1.0,SKT-4016,1,0,GYYR
09/08/2025,13:36:42,49.20955,-57.39862,20.0,1.0,SKT-4016,1,0,GYYR
09/08/2025,13:36:49,49.20955,-57.39862,20.0,1.0,SKT-4016,1,0,GYYR
09/08/2025,13:36:56,49.20956,-57.39862,20.0,1.0,SKT-4016,1,0,GYYR
09/08/2025,13:37:04,49.20958,-57.39862,21.0,1.0,SKT-4016,1,0,GYYR
09/08/2025,13:37:11,49.20958,-57.39862,22.0,1.0,SKT-4016,1,0,GYYR
09/08/2025,13:37:18,49.20959,-57.39862,23.0,1.0,SKT-4016,1,0,GYYR
09/08/2025,13:37:25,49.20958,-57.39864,23.0,1.0,SKT-4016,1,0,GYYR
09/08/2025,13:37:32,49.20958,-57.39863,23.0,1.0,SKT-4016,1,0,GYYR
09/08/2025,13:37:39,49.20957,-57.39863,23.0,1.0,SKT-4016,1,0,GYYR
09/08/2025,13:37:46,49.20957,-57.39863,24.0,1.0,SKT-4016,1,0,GYYR
09/08/2025,13:37:53,49.20958,-57.39863,24.0,1.0,SKT-4016,1,0,GYYR
09/08/2025,13:38:00,49.20958,-57.39863,24.0,1.0,SKT-4016,1,0,GYYR
09/08/2025,13:38:07,49.20958,-57.39862,25.0,1.0,SKT-4016,1,0,GYYR
09/08/2025,13:38:14,49.20957,-57.39862,24.0,1.0,SKT-4016,1,0,GYYR
09/08/2025,13:38:21,49.20956,-57.39862,23.0,1.0,SKT-4016,1,0,GYYR
09/08/2025,13:38:28,49.20956,-57.39863,22.0,1.0,SKT-4016,1,0,GYYR
09/08/2025,13:38:35,49.20956,-57.39863,21.0,1.0,SKT-4016,1,0,GYYR
09/08/2025,13:38:42,49.20955,-57.39863,20.0,1.0,SKT-4016,1,0,GYYR
09/08/2025,13:38:49,49.20955,-57.39862,20.0,1.0,SKT-4016,1,0,GYYR
09/08/2025,13:38:56,49.20956,-57.39862,19.0,1.0,SKT-4016,1,0,GYYR
09/08/2025,13:39:03,49.20956,-57.39862,20.0,1.0,SKT-4016,1,0,GYYR
09/08/2025,13:39:10,49.20957,-57.39863,20.0,1.0,SKT-4016,1,0,GYYR
09/08/2025,13:39:17,49.20957,-57.39864,20.0,1.0,SKT-4016,1,0,GYYR
09/08/2025,13:39:24,49.20956,-57.39864,22.0,1.0,SKT-4016,1,0,GYYR
09/08/2025,13:39:31,49.20956,-57.39864,23.0,1.0,SKT-4016,1,0,GYYR
09/08/2025,13:39:38,49.20957,-57.39864,24.0,1.0,SKT-4016,1,0,GYYR
09/08/2025,13:39:45,49.20957,-57.39863,25.0,1.0,SKT-4016,1,0,GYYR
09/08/2025,13:39:53,49.20958,-57.39863,25.0,1.0,SKT-4016,1,0,GYYR
09/08/2025,13:40:00,49.20958,-57.39862,24.0,1.0,SKT-4016,1,0,GYYR
09/08/2025,13:40:07,49.20958,-57.39862,25.0,1.0,SKT-4016,1,1,GYYR
09/08/2025,13:40:14,49.20958,-57.39863,24.0,1.0,SKT-4016,1,1,GYYR
09/08/2025,13:40:22,49.20957,-57.39863,24.0,1.0,SKT-4016,1,1,GYYR
09/08/2025,13:40:29,49.20956,-57.39864,24.0,1.0,SKT-4016,1,1,GYYR
09/08/2025,13:40:36,49.20956,-57.39864,23.0,1.0,SKT-4016,1,1,GYYR
09/08/2025,13:40:44,49.20956,-57.39863,22.0,1.0,SKT-4016,1,1,GYYR
09/08/2025,13:40:52,49.20957,-57.39862,22.0,1.0,SKT-4016,1,1,GYYR
09/08/2025,13:40:59,49.20957,-57.39861,22.0,1.0,SKT-4016,1,1,GYYR
09/08/2025,13:41:06,49.20956,-57.39862,22.0,1.0,SKT-4016,1,1,GYYR
09/08/2025,13:41:14,49.20956,-57.39863,22.0,1.0,SKT-4016,1,1,GYYR
09/08/2025,13:41:21,49.20956,-57.39864,23.0,1.0,SKT-4016,1,1,GYYR
09/08/2025,13:41:29,49.20955,-57.39864,22.0,1.0,SKT-4016,1,1,GYYR
09/08/2025,13:41:36,49.20954,-57.39864,21.0,1.0,SKT-4016,1,1,GYYR
09/08/2025,13:41:43,49.20954,-57.39864,20.0,1.0,SKT-4016,1,1,GYYR
09/08/2025,13:41:51,49.20955,-57.39863,19.0,1.0,SKT-4016,1,1,GYYR
09/08/2025,13:41:58,49.20955,-57.39863,19.0,1.0,SKT-4016,1,1,GYYR
09/08/2025,13:42:05,49.20955,-57.39864,20.0,1.0,SKT-4016,1,1,GYYR
09/08/2025,13:42:13,49.20955,-57.39864,23.0,1.0,SKT-4016,1,1,GYYR
09/08/2025,13:42:20,49.20955,-57.39864,23.0,1.0,SKT-4016,1,1,GYYR
09/08/2025,13:42:28,49.20955,-57.39864,23.0,1.0,SKT-4016,1,1,GYYR
09/08/2025,13:42:36,49.20956,-57.39864,22.0,1.0,SKT-4016,1,1,GYYR
09/08/2025,13:42:43,49.20956,-57.39863,22.0,1.0,SKT-4016,1,1,GYYR
09/08/2025,13:42:50,49.20956,-57.39863,23.0,1.0,SKT-4016,1,1,GYYR
09/08/2025,13:42:58,49.20957,-57.39863,22.0,1.0,SKT-4016,1,1,GYYR
09/08/2025,13:43:05,49.20957,-57.39864,22.0,1.0,SKT-4016,1,1,GYYR
09/08/2025,13:43:12,49.20958,-57.39864,23.0,1.0,SKT-4016,1,1,GYYR
09/08/2025,13:43:20,49.20958,-57.39864,25.0,1.0,SKT-4016,1,1,GYYR
09/08/2025,13:43:27,49.20958,-57.39863,25.0,1.0,SKT-4016,1,1,GYYR
09/08/2025,13:43:35,49.20958,-57.39862,24.0,1.0,SKT-4016,1,1,GYYR
09/08/2025,13:43:43,49.20958,-57.39862,23.0,1.0,SKT-4016,1,1,GYYR
09/08/2025,13:43:50,49.20958,-57.39862,23.0,1.0,SKT-4016,1,1,GYYR
09/08/2025,13:43:58,49.20958,-57.39862,23.0,1.0,SKT-4016,1,1,GYYR
09/08/2025,13:44:05,49.20957,-57.39863,22.0,1.0,SKT-4016,1,1,GYYR
09/08/2025,13:44:13,49.20957,-57.39863,21.0,1.0,SKT-4016,1,1,GYYR
09/08/2025,13:44:20,49.20957,-57.39863,21.0,1.0,SKT-4016,1,1,GYYR
09/08/2025,13:44:27,49.20957,-57.39863,21.0,1.0,SKT-4016,1,1,GYYR
09/08/2025,13:44:35,49.20957,-57.39863,22.0,1.0,SKT-4016,1,1,GYYR
09/08/2025,13:44:42,49.20957,-57.39862,22.0,1.0,SKT-4016,1,1,GYYR
09/08/2025,13:44:49,49.20957,-57.39862,22.0,1.0,SKT-4016,1,1,GYYR
09/08/2025,13:44:57,49.20957,-57.39862,22.0,1.0,SKT-4016,1,1,GYYR
09/08/2025,13:45:04,49.20956,-57.39862,22.0,1.0,SKT-4016,1,1,GYYR
09/08/2025,13:45:11,49.20956,-57.39862,22.0,1.0,SKT-4016,1,1,GYYR
09/08/2025,13:45:19,49.20956,-57.39862,21.0,1.0,SKT-4016,1,1,GYYR
09/08/2025,13:45:26,49.20957,-57.39862,21.0,1.0,SKT-4016,1,1,GYYR
09/08/2025,13:45:34,49.20957,-57.39861,22.0,1.0,SKT-4016,1,1,GYYR
09/08/2025,13:45:42,49.20957,-57.39861,23.0,1.0,SKT-4016,1,1,GYYR
09/08/2025,13:45:49,49.20957,-57.39861,22.0,1.0,SKT-4016,1,1,GYYR
09/08/2025,13:45:56,49.20957,-57.39861,22.0,1.0,SKT-4016,1,1,GYYR
09/08/2025,13:46:04,49.20957,-57.39862,23.0,1.0,SKT-4016,1,1,GYYR
09/08/2025,13:46:11,49.20956,-57.39862,24.0,1.0,SKT-4016,1,1,GYYR
09/08/2025,13:46:19,49.20956,-57.39862,24.0,1.0,SKT-4016,1,1,GYYR
09/08/2025,13:46:26,49.20956,-57.39861,24.0,1.0,SKT-4016,1,1,GYYR
09/08/2025,13:46:33,49.20957,-57.39861,24.0,1.0,SKT-4016,1,1,GYYR
09/08/2025,13:46:41,49.20957,-57.39861,24.0,1.0,SKT-4016,1,1,GYYR
09/08/2025,13:46:48,49.20957,-57.39862,24.0,1.0,SKT-4016,1,1,GYYR
09/08/2025,13:46:55,49.20957,-57.39862,23.0,1.0,SKT-4016,1,1,GYYR
09/08/2025,13:47:03,49.20957,-57.39862,23.0,1.0,SKT-4016,1,1,GYYR
09/08/2025,13:47:10,49.20957,-57.39862,24.0,1.0,SKT-4016,1,1,GYYR
09/08/2025,13:47:17,49.20957,-57.39862,23.0,1.0,SKT-4016,1,1,GYYR
09/08/2025,13:47:25,49.20957,-57.39861,23.0,1.0,SKT-4016,1,1,GYYR
09/08/2025,13:47:32,49.20957,-57.39862,23.0,1.0,SKT-4016,1,1,GYYR
09/08/2025,13:47:39,49.20957,-57.39862,22.0,1.0,SKT-4016,1,1,GYYR
09/08/2025,13:47:47,49.20957,-57.39862,22.0,1.0,SKT-4016,1,1,GYYR
09/08/2025,13:47:54,49.20957,-57.39862,23.0,1.0,SKT-4016,1,1,GYYR
09/08/2025,13:48:02,49.20956,-57.39861,24.0,1.0,SKT-4016,1,1,GYYR
09/08/2025,13:48:09,49.20956,-57.39862,25.0,1.0,SKT-4016,1,1,GYYR
09/08/2025,13:48:17,49.20957,-57.39862,25.0,1.0,SKT-4016,1,1,GYYR
09/08/2025,13:48:24,49.20957,-57.39862,26.0,1.0,SKT-4016,1,1,GYYR
09/08/2025,13:48:31,49.20957,-57.39862,26.0,1.0,SKT-4016,1,1,GYYR
09/08/2025,13:48:39,49.20957,-57.39862,26.0,1.0,SKT-4016,1,1,GYYR
09/08/2025,13:48:46,49.20958,-57.39862,26.0,1.0,SKT-4016,1,1,GYYR
09/08/2025,13:48:53,49.20958,-57.39862,25.0,1.0,SKT-4016,1,1,GYYR
09/08/2025,13:49:01,49.20958,-57.39862,25.0,1.0,SKT-4016,1,1,GYYR
09/08/2025,13:49:08,49.20958,-57.39862,24.0,1.0,SKT-4016,1,1,GYYR
09/08/2025,13:49:15,49.20957,-57.39863,24.0,1.0,SKT-4016,1,1,GYYR
09/08/2025,13:49:23,49.20956,-57.39864,24.0,1.0,SKT-4016,1,1,GYYR
09/08/2025,13:49:30,49.20956,-57.39864,23.0,1.0,SKT-4016,1,1,GYYR
09/08/2025,13:49:37,49.20956,-57.39864,22.0,1.0,SKT-4016,1,1,GYYR
09/08/2025,13:49:45,49.20956,-57.39864,22.0,1.0,SKT-4016,1,1,GYYR
09/08/2025,13:49:52,49.20957,-57.39863,23.0,1.0,SKT-4016,1,1,GYYR
09/08/2025,13:49:59,49.20957,-57.39863,23.0,1.0,SKT-4016,1,1,GYYR
09/08/2025,13:50:07,49.20957,-57.39863,24.0,1.0,SKT-4016,1,1,GYYR
09/08/2025,13:50:14,49.20957,-57.39864,24.0,1.0,SKT-4016,1,1,GYYR
09/08/2025,13:50:21,49.20958,-57.39864,24.0,1.0,SKT-4016,1,1,GYYR
09/08/2025,13:50:29,49.20958,-57.39865,23.0,1.0,SKT-4016,1,1,GYYR
09/08/2025,13:50:36,49.20958,-57.39864,23.0,1.0,SKT-4016,1,1,GYYR
09/08/2025,13:50:44,49.20958,-57.39864,23.0,1.0,SKT-4016,1,1,GYYR
09/08/2025,13:50:51,49.20958,-57.39863,23.0,1.0,SKT-4016,1,1,GYYR
09/08/2025,13:51:00,49.20958,-57.39863,22.0,1.0,SKT-4016,1,1,GYYR
09/08/2025,13:51:07,49.20958,-57.39863,22.0,1.0,SKT-4016,1,1,GYYR
09/08/2025,13:51:15,49.20958,-57.39862,22.0,1.0,SKT-4016,1,1,GYYR
09/08/2025,13:51:23,49.20958,-57.39862,22.0,1.0,SKT-4016,1,1,GYYR
09/08/2025,13:51:30,49.20957,-57.39861,23.0,1.0,SKT-4016,1,1,GYYR
09/08/2025,13:51:39,49.20957,-57.39861,23.0,1.0,SKT-4016,1,1,GYYR
09/08/2025,13:51:47,49.20957,-57.39861,22.0,1.0,SKT-4016,1,1,GYYR
09/08/2025,13:51:54,49.20958,-57.39862,20.0,1.0,SKT-4016,1,1,GYYR
09/08/2025,13:52:01,49.20958,-57.39863,20.0,1.0,SKT-4016,1,1,GYYR
09/08/2025,13:52:09,49.20957,-57.39862,20.0,1.0,SKT-4016,1,1,GYYR
09/08/2025,13:52:16,49.20957,-57.39861,21.0,1.0,SKT-4016,1,1,GYYR
09/08/2025,13:52:23,49.20957,-57.39861,21.0,1.0,SKT-4016,1,1,GYYR
09/08/2025,13:52:31,49.20957,-57.39862,21.0,1.0,SKT-4016,1,1,GYYR
09/08/2025,13:52:38,49.20958,-57.39862,21.0,1.0,SKT-4016,1,1,GYYR
09/08/2025,13:52:46,49.20958,-57.39862,21.0,1.0,SKT-4016,1,1,GYYR
09/08/2025,13:52:54,49.20957,-57.39862,22.0,1.0,SKT-4016,1,1,GYYR
09/08/2025,13:53:01,49.20957,-57.39861,22.0,1.0,SKT-4016,1,1,GYYR
09/08/2025,13:53:09,49.20957,-57.39862,21.0,1.0,SKT-4016,1,1,GYYR
09/08/2025,13:53:16,49.20958,-57.39863,19.0,1.0,SKT-4016,1,1,GYYR
09/08/2025,13:53:23,49.20958,-57.39863,20.0,1.0,SKT-4016,1,1,GYYR
09/08/2025,13:53:31,49.20958,-57.39862,22.0,1.0,SKT-4016,1,1,GYYR
09/08/2025,13:53:39,49.20958,-57.39861,25.0,1.0,SKT-4016,1,1,GYYR
09/08/2025,13:53:46,49.20958,-57.39861,26.0,1.0,SKT-4016,1,1,GYYR
09/08/2025,13:53:53,49.20958,-57.39861,26.0,1.0,SKT-4016,1,1,GYYR
09/08/2025,13:54:01,49.20958,-57.39861,25.0,1.0,SKT-4016,1,1,GYYR
09/08/2025,13:54:09,49.20958,-57.39861,25.0,1.0,SKT-4016,1,1,GYYR
09/08/2025,13:54:16,49.20958,-57.39861,25.0,1.0,SKT-4016,1,1,GYYR
09/08/2025,13:54:23,49.20958,-57.39861,26.0,1.0,SKT-4016,1,1,GYYR
09/08/2025,13:54:31,49.20958,-57.39862,25.0,1.0,SKT-4016,1,1,GYYR
09/08/2025,13:54:39,49.20958,-57.39862,25.0,1.0,SKT-4016,1,1,GYYR
09/08/2025,13:54:46,49.20958,-57.39862,25.0,1.0,SKT-4016,1,1,GYYR
09/08/2025,13:54:54,49.20957,-57.39862,25.0,1.0,SKT-4016,1,1,GYYR
09/08/2025,13:55:01,49.20957,-57.39862,25.0,1.0,SKT-4016,1,1,GYYR
09/08/2025,13:55:08,49.20957,-57.39862,24.0,1.0,SKT-4016,1,1,GYYR
09/08/2025,13:55:15,49.20957,-57.39862,23.0,1.0,SKT-4016,1,1,GYYR
09/08/2025,13:55:23,49.20957,-57.39861,23.0,1.0,SKT-4016,1,1,GYYR
09/08/2025,13:55:30,49.20958,-57.39861,23.0,1.0,SKT-4016,1,1,GYYR
09/08/2025,13:55:38,49.20958,-57.39862,23.0,1.0,SKT-4016,1,1,GYYR
09/08/2025,13:55:45,49.20958,-57.39863,23.0,1.0,SKT-4016,1,1,GYYR
09/08/2025,13:55:52,49.20958,-57.39863,23.0,1.0,SKT-4016,1,1,GYYR
09/08/2025,13:56:00,49.20958,-57.39863,23.0,1.0,SKT-4016,1,1,GYYR
09/08/2025,13:56:08,49.20957,-57.39863,23.0,1.0,SKT-4016,1,1,GYYR
09/08/2025,13:56:15,49.20957,-57.39863,22.0,1.0,SKT-4016,1,1,GYYR
09/08/2025,13:56:22,49.20957,-57.39863,22.0,1.0,SKT-4016,1,1,GYYR
09/08/2025,13:56:30,49.20957,-57.39862,24.0,1.0,SKT-4016,1,1,GYYR
09/08/2025,13:56:37,49.20957,-57.39862,25.0,1.0,SKT-4016,1,1,GYYR
09/08/2025,13:56:44,49.20958,-57.39862,26.0,1.0,SKT-4016,1,1,GYYR
09/08/2025,13:56:52,49.20958,-57.39862,25.0,1.0,SKT-4016,1,1,GYYR
09/08/2025,13:56:59,49.20958,-57.39862,24.0,1.0,SKT-4016,1,1,GYYR
09/08/2025,13:57:07,49.20958,-57.39864,22.0,1.0,SKT-4016,1,1,GYYR
09/08/2025,13:57:14,49.20958,-57.39863,22.0,1.0,SKT-4016,1,1,GYYR
09/08/2025,13:57:22,49.20958,-57.39863,22.0,1.0,SKT-4016,1,1,GYYR
09/08/2025,13:57:29,49.20957,-57.39863,23.0,1.0,SKT-4016,1,1,GYYR
09/08/2025,13:57:37,49.20957,-57.39864,24.0,1.0,SKT-4016,1,1,GYYR
09/08/2025,13:57:44,49.20958,-57.39864,24.0,1.0,SKT-4016,1,1,GYYR
09/08/2025,13:57:52,49.20958,-57.39865,25.0,1.0,SKT-4016,1,1,GYYR
09/08/2025,13:57:59,49.20958,-57.39864,24.0,1.0,SKT-4016,1,1,GYYR
09/08/2025,13:58:06,49.20958,-57.39864,24.0,1.0,SKT-4016,1,1,GYYR
09/08/2025,13:58:14,49.20958,-57.39864,23.0,1.0,SKT-4016,1,1,GYYR
09/08/2025,13:58:21,49.20958,-57.39864,21.0,1.0,SKT-4016,1,1,GYYR
09/08/2025,13:58:29,49.20961,-57.39862,21.0,1.0,SKT-4016,1,1,GYYR
09/08/2025,13:58:36,49.20964,-57.39854,21.0,1.0,SKT-4016,1,1,GYYR
09/08/2025,13:58:44,49.20965,-57.39837,22.0,1.0,SKT-4016,1,1,GYYR
09/08/2025,13:58:51,49.20957,-57.39815,22.0,1.0,SKT-4016,1,1,GYYR
09/08/2025,13:58:58,49.20947,-57.39784,22.0,1.0,SKT-4016,1,1,GYYR
09/08/2025,13:59:06,49.20955,-57.39746,22.0,1.0,SKT-4016,1,1,GYYR
09/08/2025,13:59:13,49.20974,-57.39714,22.0,1.0,SKT-4016,1,1,GYYR
09/08/2025,13:59:21,49.21002,-57.39669,22.0,1.0,SKT-4016,1,1,GYYR
09/08/2025,13:59:28,49.21031,-57.39623,22.0,1.0,SKT-4016,1,1,GYYR
09/08/2025,13:59:35,49.21059,-57.39579,23.0,1.0,SKT-4016,1,1,GYYR
09/08/2025,13:59:43,49.21089,-57.39532,24.0,1.0,SKT-4016,1,1,GYYR
09/08/2025,13:59:51,49.21113,-57.39486,24.0,1.0,SKT-4016,1,1,GYYR
09/08/2025,13:59:58,49.21117,-57.39441,25.0,1.0,SKT-4016,1,1,GYYR
09/08/2025,14:00:05,49.21107,-57.39413,25.0,1.0,SKT-4016,1,1,GYYR
09/08/2025,14:00:13,49.21103,-57.39406,24.0,1.0,SKT-4016,1,1,GYYR
09/08/2025,14:00:20,49.21103,-57.39406,25.0,1.0,SKT-4016,1,1,GYYR
09/08/2025,14:00:28,49.21103,-57.39405,25.0,1.0,SKT-4016,1,1,GYYR
09/08/2025,14:00:35,49.21103,-57.39405,25.0,1.0,SKT-4016,1,1,GYYR
09/08/2025,14:00:43,49.21103,-57.39405,25.0,1.0,SKT-4016,1,1,GYYR
09/08/2025,14:00:50,49.21103,-57.39406,25.0,1.0,SKT-4016,1,1,GYYR
09/08/2025,14:00:57,49.21103,-57.39405,25.0,1.0,SKT-4016,1,1,GYYR
09/08/2025,14:01:05,49.21103,-57.39405,25.0,1.0,SKT-4016,1,1,GYYR
09/08/2025,14:01:12,49.21103,-57.39406,25.0,1.0,SKT-4016,1,1,GYYR
09/08/2025,14:01:19,49.21103,-57.39406,25.0,1.0,SKT-4016,1,1,GYYR
09/08/2025,14:01:27,49.21103,-57.39406,25.0,1.0,SKT-4016,1,1,GYYR
09/08/2025,14:01:34,49.21103,-57.39406,25.0,1.0,SKT-4016,1,1,GYYR
09/08/2025,14:01:41,49.21103,-57.39406,25.0,1.0,SKT-4016,1,1,GYYR
09/08/2025,14:01:49,49.21103,-57.39406,24.0,1.0,SKT-4016,1,1,GYYR
09/08/2025,14:01:57,49.21091,-57.39388,24.0,1.0,SKT-4016,1,1,GYYR
09/08/2025,14:02:04,49.21062,-57.39345,24.0,1.0,SKT-4016,1,1,GYYR
09/08/2025,14:02:11,49.21037,-57.39295,24.0,1.0,SKT-4016,1,1,GYYR
09/08/2025,14:02:19,49.21055,-57.39222,24.0,1.0,SKT-4016,1,1,GYYR
09/08/2025,14:02:26,49.21101,-57.39148,24.0,1.0,SKT-4016,1,1,GYYR
09/08/2025,14:02:33,49.21161,-57.39052,25.0,1.0,SKT-4016,1,1,GYYR
09/08/2025,14:02:41,49.21244,-57.38919,25.0,1.0,SKT-4016,1,1,GYYR
09/08/2025,14:02:48,49.21328,-57.38786,25.0,1.0,SKT-4016,1,1,GYYR
09/08/2025,14:02:56,49.21429,-57.38623,26.0,1.0,SKT-4016,1,1,GYYR
09/08/2025,14:03:03,49.21511,-57.38494,27.0,1.0,SKT-4016,1,1,GYYR
09/08/2025,14:03:11,49.21582,-57.38381,28.0,1.0,SKT-4016,1,1,GYYR
09/08/2025,14:03:18,49.21635,-57.38325,28.0,1.0,SKT-4016,1,1,GYYR
09/08/2025,14:03:26,49.21674,-57.38293,27.0,1.0,SKT-4016,1,1,GYYR
09/08/2025,14:03:33,49.21671,-57.38262,27.0,1.0,SKT-4016,1,1,GYYR
09/08/2025,14:03:41,49.21653,-57.38265,27.0,1.0,SKT-4016,1,1,GYYR
09/08/2025,14:03:48,49.21633,-57.38295,26.0,1.0,SKT-4016,1,1,GYYR
09/08/2025,14:03:55,49.21554,-57.38422,26.0,1.0,SKT-4016,1,1,GYYR
09/08/2025,14:04:02,49.21391,-57.38683,24.0,1.0,SKT-4016,1,1,GYYR
09/08/2025,14:04:10,49.21113,-57.39128,23.0,1.0,SKT-4016,1,1,GYYR
09/08/2025,14:04:17,49.20807,-57.39618,30.0,0.0,SKT-4016,1,1,GYYR
09/08/2025,14:04:25,49.20422,-57.4023,93.0,0.0,SKT-4016,1,1,GYYR
09/08/2025,14:04:32,49.20069,-57.40779,172.0,0.0,SKT-4016,1,1,GYYR
09/08/2025,14:04:39,49.19708,-57.41332,259.0,0.0,SKT-4016,1,1,GYYR
09/08/2025,14:04:47,49.19292,-57.41978,362.0,0.0,SKT-4016,1,1,GYYR
09/08/2025,14:04:56,49.18826,-57.42722,474.0,0.0,SKT-4016,1,1,GYYR
09/08/2025,14:05:04,49.18402,-57.43393,565.0,0.0,SKT-4016,1,1,GYYR
09/08/2025,14:05:11,49.18036,-57.43987,650.0,0.0,SKT-4016,1,1,GYYR
09/08/2025,14:05:20,49.1755,-57.44738,752.0,0.0,SKT-4016,1,1,GYYR
09/08/2025,14:05:28,49.17102,-57.45395,840.0,0.0,SKT-4016,1,0,GYYR
09/08/2025,14:05:36,49.16644,-57.46033,940.0,0.0,SKT-4016,1,1,GYYR
09/08/2025,14:05:43,49.16254,-57.46602,1032.0,0.0,SKT-4016,1,1,GYYR
09/08/2025,14:05:51,49.15888,-57.47337,1137.0,0.0,SKT-4016,1,1,GYYR
09/08/2025,14:05:59,49.15625,-57.48167,1228.0,0.0,SKT-4016,1,1,GYYR
09/08/2025,14:06:06,49.15487,-57.48961,1292.0,0.0,SKT-4016,1,1,GYYR
09/08/2025,14:06:14,49.15461,-57.49927,1360.0,0.0,SKT-4016,1,1,GYYR
09/08/2025,14:06:21,49.1557,-57.50793,1410.0,0.0,SKT-4016,1,1,GYYR
09/08/2025,14:06:28,49.15827,-57.51618,1472.0,0.0,SKT-4016,1,1,GYYR
09/08/2025,14:06:36,49.16314,-57.52423,1512.0,0.0,SKT-4016,1,1,GYYR
09/08/2025,14:06:43,49.16879,-57.52966,1550.0,0.0,SKT-4016,1,1,GYYR
09/08/2025,14:06:52,49.1771,-57.53481,1611.0,0.0,SKT-4016,1,1,GYYR
09/08/2025,14:07:00,49.18498,-57.53849,1673.0,0.0,SKT-4016,1,0,GYYR
09/08/2025,14:07:08,49.19309,-57.54193,1739.0,0.0,SKT-4016,1,0,GYYR
09/08/2025,14:07:16,49.20134,-57.54542,1804.0,0.0,SKT-4016,1,0,GYYR
09/08/2025,14:07:24,49.20969,-57.54906,1872.0,0.0,SKT-4016,1,0,GYYR
09/08/2025,14:07:32,49.21813,-57.55261,1947.0,0.0,SKT-4016,1,0,GYYR
09/08/2025,14:07:40,49.22662,-57.55616,2026.0,0.0,SKT-4016,1,0,GYYR
09/08/2025,14:07:48,49.23508,-57.56015,2101.0,0.0,SKT-4016,1,0,GYYR
09/08/2025,14:07:56,49.24345,-57.56482,2177.0,0.0,SKT-4016,1,0,GYYR
09/08/2025,14:08:05,49.25279,-57.57061,2263.0,0.0,SKT-4016,1,0,GYYR
09/08/2025,14:08:13,49.26109,-57.57592,2344.0,0.0,SKT-4016,1,0,GYYR
09/08/2025,14:08:21,49.2694,-57.58121,2427.0,0.0,SKT-4016,1,0,GYYR
09/08/2025,14:08:29,49.27774,-57.58648,2504.0,0.0,SKT-4016,1,0,GYYR
09/08/2025,14:08:37,49.28611,-57.59178,2579.0,0.0,SKT-4016,1,0,GYYR
09/08/2025,14:08:45,49.29449,-57.59713,2653.0,0.0,SKT-4016,1,0,GYYR
09/08/2025,14:08:53,49.3029,-57.60249,2731.0,0.0,SKT-4016,1,0,GYYR
09/08/2025,14:09:01,49.31131,-57.60791,2807.0,0.0,SKT-4016,1,0,GYYR
09/08/2025,14:09:09,49.31975,-57.61333,2884.0,0.0,SKT-4016,1,0,GYYR
09/08/2025,14:09:17,49.32819,-57.61878,2960.0,0.0,SKT-4016,1,0,GYYR
09/08/2025,14:09:25,49.33659,-57.62445,3036.0,0.0,SKT-4016,1,0,GYYR
09/08/2025,14:09:33,49.34496,-57.63021,3111.0,0.0,SKT-4016,1,0,GYYR
09/08/2025,14:09:41,49.35336,-57.63596,3183.0,0.0,SKT-4016,1,0,GYYR
09/08/2025,14:09:50,49.36286,-57.64235,3263.0,0.0,SKT-4016,1,0,GYYR
09/08/2025,14:09:58,49.37135,-57.64794,3336.0,0.0,SKT-4016,1,0,GYYR
09/08/2025,14:10:06,49.37986,-57.65348,3411.0,0.0,SKT-4016,1,0,GYYR
09/08/2025,14:10:14,49.38837,-57.65899,3484.0,0.0,SKT-4016,1,0,GYYR
09/08/2025,14:10:22,49.39691,-57.66449,3555.0,0.0,SKT-4016,1,0,GYYR
09/08/2025,14:10:30,49.40547,-57.66996,3628.0,0.0,SKT-4016,1,0,GYYR
09/08/2025,14:10:38,49.41404,-57.67542,3698.0,0.0,SKT-4016,1,0,GYYR
09/08/2025,14:10:46,49.42261,-57.68089,3766.0,0.0,SKT-4016,1,0,GYYR
09/08/2025,14:10:54,49.43119,-57.68637,3836.0,0.0,SKT-4016,1,0,GYYR
09/08/2025,14:11:02,49.43978,-57.69184,3906.0,0.0,SKT-4016,1,0,GYYR
09/08/2025,14:11:11,49.44944,-57.698,3985.0,0.0,SKT-4016,1,0,GYYR
09/08/2025,14:11:19,49.45803,-57.70348,4053.0,0.0,SKT-4016,1,0,GYYR
09/08/2025,14:11:27,49.46663,-57.70898,4118.0,0.0,SKT-4016,1,0,GYYR
09/08/2025,14:11:35,49.47524,-57.7145,4184.0,0.0,SKT-4016,1,0,GYYR
09/08/2025,14:11:43,49.48385,-57.72002,4251.0,0.0,SKT-4016,1,0,GYYR
09/08/2025,14:11:51,49.49246,-57.7255,4320.0,0.0,SKT-4016,1,0,GYYR
09/08/2025,14:11:59,49.50106,-57.73098,4387.0,0.0,SKT-4016,1,0,GYYR
09/08/2025,14:12:07,49.50967,-57.73644,4453.0,0.0,SKT-4016,1,0,GYYR
09/08/2025,14:12:15,49.51829,-57.74192,4517.0,0.0,SKT-4016,1,0,GYYR
09/08/2025,14:12:23,49.52691,-57.74739,4578.0,0.0,SKT-4016,1,0,GYYR
09/08/2025,14:12:31,49.53551,-57.75288,4639.0,0.0,SKT-4016,1,0,GYYR
09/08/2025,14:12:39,49.54413,-57.75837,4700.0,0.0,SKT-4016,1,0,GYYR
09/08/2025,14:12:47,49.55275,-57.76385,4761.0,0.0,SKT-4016,1,0,GYYR
09/08/2025,14:12:55,49.56137,-57.76934,4822.0,0.0,SKT-4016,1,0,GYYR
09/08/2025,14:13:04,49.57108,-57.77554,4891.0,0.0,SKT-4016,1,0,GYYR
09/08/2025,14:13:12,49.57969,-57.78104,4953.0,0.0,SKT-4016,1,0,GYYR
09/08/2025,14:13:20,49.58829,-57.78654,5011.0,0.0,SKT-4016,1,0,GYYR
09/08/2025,14:13:28,49.59689,-57.79207,5071.0,0.0,SKT-4016,1,0,GYYR
09/08/2025,14:13:36,49.60548,-57.79759,5132.0,0.0,SKT-4016,1,0,GYYR
09/08/2025,14:13:44,49.61405,-57.80312,5191.0,0.0,SKT-4016,1,0,GYYR
09/08/2025,14:13:52,49.6226,-57.80867,5250.0,0.0,SKT-4016,1,0,GYYR
09/08/2025,14:14:00,49.63116,-57.81424,5301.0,0.0,SKT-4016,1,0,GYYR
09/08/2025,14:14:08,49.63977,-57.81984,5344.0,0.0,SKT-4016,1,0,GYYR
09/08/2025,14:14:16,49.64844,-57.82547,5386.0,0.0,SKT-4016,1,0,GYYR
09/08/2025,14:14:24,49.65717,-57.83114,5428.0,0.0,SKT-4016,1,0,GYYR
09/08/2025,14:14:32,49.66594,-57.83682,5471.0,0.0,SKT-4016,1,0,GYYR
09/08/2025,14:14:40,49.67477,-57.8425,5516.0,0.0,SKT-4016,1,0,GYYR
09/08/2025,14:14:48,49.68362,-57.84822,5561.0,0.0,SKT-4016,1,0,GYYR
09/08/2025,14:14:55,49.69139,-57.85325,5599.0,0.0,SKT-4016,1,0,GYYR
09/08/2025,14:15:02,49.69919,-57.8583,5639.0,0.0,SKT-4016,1,0,GYYR
09/08/2025,14:15:10,49.70812,-57.86408,5684.0,0.0,SKT-4016,1,0,GYYR
09/08/2025,14:15:17,49.71595,-57.86915,5725.0,0.0,SKT-4016,1,0,GYYR
09/08/2025,14:15:24,49.7238,-57.87423,5765.0,0.0,SKT-4016,1,0,GYYR
09/08/2025,14:15:31,49.73165,-57.87933,5806.0,0.0,SKT-4016,1,0,GYYR
09/08/2025,14:15:38,49.7395,-57.88449,5844.0,0.0,SKT-4016,1,0,GYYR
09/08/2025,14:15:45,49.74737,-57.88967,5881.0,0.0,SKT-4016,1,0,GYYR
09/08/2025,14:15:52,49.75526,-57.89483,5919.0,0.0,SKT-4016,1,0,GYYR
09/08/2025,14:15:59,49.76318,-57.90001,5957.0,0.0,SKT-4016,1,0,GYYR
09/08/2025,14:16:06,49.7711,-57.9052,5996.0,0.0,SKT-4016,1,0,GYYR
09/08/2025,14:16:13,49.77904,-57.91039,6037.0,0.0,SKT-4016,1,0,GYYR
09/08/2025,14:16:21,49.78811,-57.91631,6086.0,0.0,SKT-4016,1,0,GYYR
09/08/2025,14:16:28,49.79604,-57.92149,6128.0,0.0,SKT-4016,1,0,GYYR
09/08/2025,14:16:35,49.80397,-57.92665,6170.0,0.0,SKT-4016,1,0,GYYR
09/08/2025,14:16:42,49.81188,-57.93179,6212.0,0.0,SKT-4016,1,0,GYYR
09/08/2025,14:16:49,49.81979,-57.93695,6252.0,0.0,SKT-4016,1,0,GYYR
09/08/2025,14:16:56,49.82769,-57.94212,6292.0,0.0,SKT-4016,1,0,GYYR
09/08/2025,14:17:03,49.83558,-57.94729,6332.0,0.0,SKT-4016,1,0,GYYR
09/08/2025,14:17:10,49.84349,-57.95247,6364.0,0.0,SKT-4016,1,0,GYYR
09/08/2025,14:17:17,49.85147,-57.95774,6376.0,0.0,SKT-4016,1,0,GYYR
09/08/2025,14:17:24,49.85954,-57.9631,6382.0,0.0,SKT-4016,1,0,GYYR
09/08/2025,14:17:31,49.86773,-57.96849,6385.0,0.0,SKT-4016,1,0,GYYR
09/08/2025,14:17:38,49.87604,-57.97392,6388.0,0.0,SKT-4016,1,0,GYYR
09/08/2025,14:17:46,49.88567,-57.9802,6390.0,0.0,SKT-4016,1,0,GYYR
09/08/2025,14:17:53,49.8942,-57.98576,6392.0,0.0,SKT-4016,1,0,GYYR
09/08/2025,14:18:00,49.90283,-57.99139,6393.0,0.0,SKT-4016,1,0,GYYR
09/08/2025,14:18:07,49.91156,-57.99711,6394.0,0.0,SKT-4016,1,0,GYYR
09/08/2025,14:18:14,49.92038,-58.00289,6395.0,0.0,SKT-4016,1,0,GYYR
09/08/2025,14:18:21,49.92929,-58.00874,6395.0,0.0,SKT-4016,1,0,GYYR
09/08/2025,14:18:28,49.93828,-58.01465,6394.0,0.0,SKT-4016,1,0,GYYR
09/08/2025,14:18:36,49.94866,-58.02148,6392.0,0.0,SKT-4016,1,0,GYYR
09/08/2025,14:18:43,49.95783,-58.02752,6390.0,0.0,SKT-4016,1,0,GYYR
09/08/2025,14:18:50,49.96707,-58.0336,6390.0,0.0,SKT-4016,1,0,GYYR
09/08/2025,14:18:57,49.97638,-58.03973,6390.0,0.0,SKT-4016,1,0,GYYR
09/08/2025,14:19:04,49.98575,-58.0459,6390.0,0.0,SKT-4016,1,0,GYYR
09/08/2025,14:19:11,49.99517,-58.05213,6388.0,0.0,SKT-4016,1,0,GYYR
09/08/2025,14:19:19,50.006,-58.0593,6391.0,0.0,SKT-4016,1,0,GYYR
09/08/2025,14:19:26,50.01552,-58.06562,6393.0,0.0,SKT-4016,1,0,GYYR
09/08/2025,14:19:33,50.02509,-58.07198,6393.0,0.0,SKT-4016,1,0,GYYR
09/08/2025,14:19:40,50.0347,-58.07838,6392.0,0.0,SKT-4016,1,0,GYYR
09/08/2025,14:19:47,50.04435,-58.0848,6393.0,0.0,SKT-4016,1,0,GYYR
09/08/2025,14:19:54,50.05404,-58.09126,6392.0,0.0,SKT-4016,1,0,GYYR
09/08/2025,14:20:01,50.06378,-58.09772,6391.0,0.0,SKT-4016,1,0,GYYR
09/08/2025,14:20:08,50.07356,-58.10421,6391.0,0.0,SKT-4016,1,0,GYYR
09/08/2025,14:20:15,50.08339,-58.11071,6390.0,0.0,SKT-4016,1,0,GYYR
09/08/2025,14:20:23,50.09465,-58.11816,6389.0,0.0,SKT-4016,1,0,GYYR
09/08/2025,14:20:30,50.10455,-58.12471,6389.0,0.0,SKT-4016,1,0,GYYR
09/08/2025,14:20:37,50.11446,-58.13131,6389.0,0.0,SKT-4016,1,0,GYYR
09/08/2025,14:20:44,50.1244,-58.13791,6389.0,0.0,SKT-4016,1,0,GYYR
09/08/2025,14:20:51,50.13437,-58.14452,6390.0,0.0,SKT-4016,1,0,GYYR
09/08/2025,14:20:58,50.14434,-58.15114,6390.0,0.0,SKT-4016,1,0,GYYR
09/08/2025,14:21:05,50.15433,-58.15781,6391.0,0.0,SKT-4016,1,0,GYYR
09/08/2025,14:21:12,50.16432,-58.16452,6391.0,0.0,SKT-4016,1,0,GYYR
09/08/2025,14:21:19,50.17435,-58.1712,6391.0,0.0,SKT-4016,1,0,GYYR
09/08/2025,14:21:26,50.18439,-58.17786,6392.0,0.0,SKT-4016,1,0,GYYR
09/08/2025,14:21:33,50.19444,-58.18454,6390.0,0.0,SKT-4016,1,0,GYYR
09/08/2025,14:21:40,50.20451,-58.19122,6390.0,0.0,SKT-4016,1,0,GYYR
09/08/2025,14:21:47,50.21458,-58.19794,6389.0,0.0,SKT-4016,1,0,GYYR
09/08/2025,14:21:54,50.22466,-58.20469,6388.0,0.0,SKT-4016,1,0,GYYR
09/08/2025,14:22:01,50.23475,-58.21144,6385.0,0.0,SKT-4016,1,0,GYYR
09/08/2025,14:22:08,50.24486,-58.21817,6386.0,0.0,SKT-4016,1,0,GYYR
09/08/2025,14:22:15,50.25498,-58.22488,6386.0,0.0,SKT-4016,1,0,GYYR
09/08/2025,14:22:22,50.2651,-58.2316,6386.0,0.0,SKT-4016,1,0,GYYR
09/08/2025,14:22:29,50.27522,-58.23834,6387.0,0.0,SKT-4016,1,0,GYYR
09/08/2025,14:22:36,50.28534,-58.24511,6386.0,0.0,SKT-4016,1,0,GYYR
09/08/2025,14:22:43,50.29548,-58.25188,6386.0,0.0,SKT-4016,1,0,GYYR
09/08/2025,14:22:50,50.30562,-58.25867,6386.0,0.0,SKT-4016,1,0,GYYR
09/08/2025,14:22:58,50.31721,-58.26643,6385.0,0.0,SKT-4016,1,0,GYYR
09/08/2025,14:23:05,50.32737,-58.27323,6384.0,0.0,SKT-4016,1,0,GYYR
09/08/2025,14:23:12,50.33753,-58.28003,6385.0,0.0,SKT-4016,1,0,GYYR
09/08/2025,14:23:19,50.34769,-58.28683,6385.0,0.0,SKT-4016,1,0,GYYR
09/08/2025,14:23:26,50.35785,-58.29363,6385.0,0.0,SKT-4016,1,0,GYYR
09/08/2025,14:23:33,50.36801,-58.30043,6385.0,0.0,SKT-4016,1,0,GYYR
09/08/2025,14:23:40,50.37817,-58.30725,6385.0,0.0,SKT-4016,1,0,GYYR
09/08/2025,14:23:47,50.38833,-58.31407,6386.0,0.0,SKT-4016,1,0,GYYR
09/08/2025,14:23:54,50.39849,-58.32089,6386.0,0.0,SKT-4016,1,0,GYYR
09/08/2025,14:24:01,50.40866,-58.32772,6386.0,0.0,SKT-4016,1,0,GYYR
09/08/2025,14:24:08,50.41882,-58.33456,6386.0,0.0,SKT-4016,1,0,GYYR
09/08/2025,14:24:15,50.42899,-58.34142,6385.0,0.0,SKT-4016,1,0,GYYR
09/08/2025,14:24:22,50.43915,-58.3483,6385.0,0.0,SKT-4016,1,0,GYYR
09/08/2025,14:24:29,50.44931,-58.35519,6385.0,0.0,SKT-4016,1,0,GYYR
09/08/2025,14:24:36,50.45947,-58.36207,6385.0,0.0,SKT-4016,1,0,GYYR
09/08/2025,14:24:43,50.46964,-58.36896,6384.0,0.0,SKT-4016,1,0,GYYR
09/08/2025,14:24:50,50.4798,-58.37584,6385.0,0.0,SKT-4016,1,0,GYYR
09/08/2025,14:24:57,50.48999,-58.38269,6384.0,0.0,SKT-4016,1,0,GYYR
09/08/2025,14:25:04,50.50018,-58.38954,6385.0,0.0,SKT-4016,1,0,GYYR
09/08/2025,14:25:11,50.51036,-58.3964,6386.0,0.0,SKT-4016,1,0,GYYR
09/08/2025,14:25:18,50.52055,-58.40328,6386.0,0.0,SKT-4016,1,0,GYYR
09/08/2025,14:25:25,50.53072,-58.41018,6387.0,0.0,SKT-4016,1,0,GYYR
09/08/2025,14:25:33,50.54236,-58.41808,6386.0,0.0,SKT-4016,1,0,GYYR
09/08/2025,14:25:40,50.55256,-58.42499,6385.0,0.0,SKT-4016,1,0,GYYR
09/08/2025,14:25:48,50.56421,-58.43288,6385.0,0.0,SKT-4016,1,0,GYYR
09/08/2025,14:25:55,50.57441,-58.43978,6385.0,0.0,SKT-4016,1,0,GYYR
09/08/2025,14:26:02,50.58462,-58.44669,6384.0,0.0,SKT-4016,1,0,GYYR
09/08/2025,14:26:09,50.59484,-58.45361,6384.0,0.0,SKT-4016,1,0,GYYR
09/08/2025,14:26:16,50.60506,-58.46053,6383.0,0.0,SKT-4016,1,0,GYYR
09/08/2025,14:26:23,50.61528,-58.46743,6384.0,0.0,SKT-4016,1,0,GYYR
09/08/2025,14:26:30,50.62551,-58.47434,6384.0,0.0,SKT-4016,1,0,GYYR
09/08/2025,14:26:37,50.63573,-58.48126,6385.0,0.0,SKT-4016,1,0,GYYR
09/08/2025,14:26:44,50.64594,-58.4882,6385.0,0.0,SKT-4016,1,0,GYYR
09/08/2025,14:26:51,50.65615,-58.49516,6384.0,0.0,SKT-4016,1,0,GYYR
09/08/2025,14:26:58,50.66636,-58.50213,6385.0,0.0,SKT-4016,1,0,GYYR
09/08/2025,14:27:05,50.67657,-58.50911,6384.0,0.0,SKT-4016,1,0,GYYR
09/08/2025,14:27:12,50.6868,-58.51608,6385.0,0.0,SKT-4016,1,0,GYYR
09/08/2025,14:27:19,50.69702,-58.52304,6385.0,0.0,SKT-4016,1,0,GYYR
09/08/2025,14:27:26,50.70726,-58.53001,6383.0,0.0,SKT-4016,1,0,GYYR
09/08/2025,14:27:34,50.71895,-58.53798,6385.0,0.0,SKT-4016,1,0,GYYR
09/08/2025,14:27:41,50.7292,-58.54491,6385.0,0.0,SKT-4016,1,0,GYYR
09/08/2025,14:27:48,50.73944,-58.55186,6385.0,0.0,SKT-4016,1,0,GYYR
09/08/2025,14:27:55,50.74968,-58.55884,6384.0,0.0,SKT-4016,1,0,GYYR
09/08/2025,14:28:02,50.75992,-58.56587,6382.0,0.0,SKT-4016,1,0,GYYR
09/08/2025,14:28:09,50.77015,-58.57291,6384.0,0.0,SKT-4016,1,0,GYYR
09/08/2025,14:28:17,50.78186,-58.5809,6384.0,0.0,SKT-4016,1,0,GYYR
09/08/2025,14:28:24,50.79213,-58.58786,6382.0,0.0,SKT-4016,1,0,GYYR
09/08/2025,14:28:31,50.80239,-58.59484,6382.0,0.0,SKT-4016,1,0,GYYR
09/08/2025,14:28:38,50.81265,-58.60183,6382.0,0.0,SKT-4016,1,0,GYYR
09/08/2025,14:28:45,50.8229,-58.60884,6383.0,0.0,SKT-4016,1,0,GYYR
09/08/2025,14:28:52,50.83313,-58.61587,6381.0,0.0,SKT-4016,1,0,GYYR
09/08/2025,14:28:59,50.84338,-58.6229,6380.0,0.0,SKT-4016,1,0,GYYR
09/08/2025,14:29:06,50.85364,-58.62991,6380.0,0.0,SKT-4016,1,0,GYYR
09/08/2025,14:29:15,50.86685,-58.63892,6380.0,0.0,SKT-4016,1,0,GYYR
09/08/2025,14:29:22,50.87712,-58.64592,6380.0,0.0,SKT-4016,1,0,GYYR
09/08/2025,14:29:29,50.8874,-58.65291,6380.0,0.0,SKT-4016,1,0,GYYR
09/08/2025,14:29:36,50.89767,-58.65991,6381.0,0.0,SKT-4016,1,0,GYYR
09/08/2025,14:29:43,50.90794,-58.66695,6381.0,0.0,SKT-4016,1,0,GYYR
09/08/2025,14:29:50,50.91821,-58.67401,6381.0,0.0,SKT-4016,1,0,GYYR
09/08/2025,14:29:57,50.92847,-58.68111,6380.0,0.0,SKT-4016,1,0,GYYR
09/08/2025,14:30:04,50.93874,-58.68821,6381.0,0.0,SKT-4016,1,0,GYYR
09/08/2025,14:30:11,50.94901,-58.69529,6381.0,0.0,SKT-4016,1,0,GYYR
09/08/2025,14:30:18,50.95927,-58.70235,6382.0,0.0,SKT-4016,1,0,GYYR
09/08/2025,14:30:25,50.96953,-58.7094,6382.0,0.0,SKT-4016,1,0,GYYR
09/08/2025,14:30:32,50.97978,-58.71648,6382.0,0.0,SKT-4016,1,0,GYYR
09/08/2025,14:30:40,50.99147,-58.72461,6381.0,0.0,SKT-4016,1,0,GYYR
09/08/2025,14:30:47,51.00171,-58.7317,6381.0,0.0,SKT-4016,1,0,GYYR
09/08/2025,14:30:54,51.01206,-58.73843,6380.0,0.0,SKT-4016,1,0,GYYR
09/08/2025,14:31:01,51.02256,-58.74462,6380.0,0.0,SKT-4016,1,0,GYYR
09/08/2025,14:31:10,51.0362,-58.75207,6380.0,0.0,SKT-4016,1,0,GYYR
09/08/2025,14:31:17,51.04684,-58.75769,6380.0,0.0,SKT-4016,1,0,GYYR
09/08/2025,14:31:24,51.0575,-58.76326,6380.0,0.0,SKT-4016,1,0,GYYR
09/08/2025,14:31:31,51.06816,-58.76881,6380.0,0.0,SKT-4016,1,0,GYYR
09/08/2025,14:31:38,51.07883,-58.77438,6381.0,0.0,SKT-4016,1,0,GYYR
09/08/2025,14:31:45,51.08948,-58.77999,6381.0,0.0,SKT-4016,1,0,GYYR
09/08/2025,14:31:52,51.10014,-58.78563,6378.0,0.0,SKT-4016,1,0,GYYR
09/08/2025,14:31:59,51.1108,-58.79125,6379.0,0.0,SKT-4016,1,0,GYYR
09/08/2025,14:32:06,51.12148,-58.79684,6379.0,0.0,SKT-4016,1,0,GYYR
09/08/2025,14:32:13,51.13214,-58.80244,6379.0,0.0,SKT-4016,1,0,GYYR
09/08/2025,14:32:20,51.1428,-58.80807,6380.0,0.0,SKT-4016,1,0,GYYR
09/08/2025,14:32:27,51.15343,-58.81375,6379.0,0.0,SKT-4016,1,0,GYYR
09/08/2025,14:32:34,51.16407,-58.81946,6379.0,0.0,SKT-4016,1,0,GYYR
09/08/2025,14:32:41,51.17471,-58.82515,6379.0,0.0,SKT-4016,1,0,GYYR
09/08/2025,14:32:48,51.18536,-58.83084,6378.0,0.0,SKT-4016,1,0,GYYR
09/08/2025,14:32:55,51.19601,-58.83654,6378.0,0.0,SKT-4016,1,0,GYYR
09/08/2025,14:33:02,51.20666,-58.84224,6378.0,0.0,SKT-4016,1,0,GYYR
09/08/2025,14:33:10,51.21885,-58.84876,6377.0,0.0,SKT-4016,1,0,GYYR
09/08/2025,14:33:17,51.2295,-58.8545,6378.0,0.0,SKT-4016,1,0,GYYR
09/08/2025,14:33:24,51.24015,-58.86028,6377.0,0.0,SKT-4016,1,0,GYYR
09/08/2025,14:33:31,51.25079,-58.8661,6377.0,0.0,SKT-4016,1,0,GYYR
09/08/2025,14:33:38,51.26143,-58.87192,6376.0,0.0,SKT-4016,1,0,GYYR
09/08/2025,14:33:45,51.27208,-58.87773,6376.0,0.0,SKT-4016,1,0,GYYR
09/08/2025,14:33:52,51.28274,-58.88348,6376.0,0.0,SKT-4016,1,0,GYYR
09/08/2025,14:33:59,51.2934,-58.88919,6377.0,0.0,SKT-4016,1,0,GYYR
09/08/2025,14:34:06,51.30404,-58.89489,6377.0,0.0,SKT-4016,1,0,GYYR
09/08/2025,14:34:13,51.31468,-58.90058,6377.0,0.0,SKT-4016,1,0,GYYR
09/08/2025,14:34:20,51.32532,-58.9063,6377.0,0.0,SKT-4016,1,0,GYYR
09/08/2025,14:34:27,51.33595,-58.91206,6375.0,0.0,SKT-4016,1,0,GYYR
09/08/2025,14:34:34,51.34657,-58.91787,6374.0,0.0,SKT-4016,1,0,GYYR
09/08/2025,14:34:41,51.3572,-58.92371,6375.0,0.0,SKT-4016,1,0,GYYR
09/08/2025,14:34:48,51.36782,-58.92954,6374.0,0.0,SKT-4016,1,0,GYYR
09/08/2025,14:34:55,51.37846,-58.93533,6375.0,0.0,SKT-4016,1,0,GYYR
09/08/2025,14:35:03,51.39064,-58.9419,6375.0,0.0,SKT-4016,1,0,GYYR
09/08/2025,14:35:10,51.40131,-58.94764,6374.0,0.0,SKT-4016,1,0,GYYR
09/08/2025,14:35:18,51.41351,-58.95422,6374.0,0.0,SKT-4016,1,0,GYYR
09/08/2025,14:35:25,51.42418,-58.96,6375.0,0.0,SKT-4016,1,0,GYYR
09/08/2025,14:35:32,51.43486,-58.96581,6374.0,0.0,SKT-4016,1,0,GYYR
09/08/2025,14:35:39,51.44555,-58.97165,6374.0,0.0,SKT-4016,1,0,GYYR
09/08/2025,14:35:46,51.45623,-58.97752,6373.0,0.0,SKT-4016,1,0,GYYR
09/08/2025,14:35:53,51.46693,-58.98339,6372.0,0.0,SKT-4016,1,0,GYYR
09/08/2025,14:36:00,51.47764,-58.98923,6373.0,0.0,SKT-4016,1,0,GYYR
09/08/2025,14:36:07,51.48835,-58.99506,6373.0,0.0,SKT-4016,1,0,GYYR
09/08/2025,14:36:14,51.49905,-59.00093,6372.0,0.0,SKT-4016,1,0,GYYR
09/08/2025,14:36:21,51.50975,-59.00682,6372.0,0.0,SKT-4016,1,0,GYYR
09/08/2025,14:36:30,51.52351,-59.01442,6371.0,0.0,SKT-4016,1,0,GYYR
09/08/2025,14:36:37,51.53422,-59.02031,6372.0,0.0,SKT-4016,1,0,GYYR
09/08/2025,14:36:44,51.54495,-59.02617,6371.0,0.0,SKT-4016,1,0,GYYR
09/08/2025,14:36:51,51.55569,-59.03201,6370.0,0.0,SKT-4016,1,0,GYYR
09/08/2025,14:36:58,51.56644,-59.03786,6370.0,0.0,SKT-4016,1,0,GYYR
09/08/2025,14:37:05,51.57718,-59.04372,6369.0,0.0,SKT-4016,1,0,GYYR
09/08/2025,14:37:12,51.5879,-59.04961,6369.0,0.0,SKT-4016,1,0,GYYR
09/08/2025,14:37:19,51.59863,-59.0555,6368.0,0.0,SKT-4016,1,0,GYYR
09/08/2025,14:37:26,51.60934,-59.0614,6368.0,0.0,SKT-4016,1,0,GYYR
09/08/2025,14:37:33,51.62006,-59.06729,6368.0,0.0,SKT-4016,1,0,GYYR
09/08/2025,14:37:40,51.63076,-59.07322,6369.0,0.0,SKT-4016,1,0,GYYR
09/08/2025,14:37:47,51.64144,-59.07917,6369.0,0.0,SKT-4016,1,0,GYYR
09/08/2025,14:37:55,51.65365,-59.08596,6369.0,0.0,SKT-4016,1,0,GYYR
09/08/2025,14:38:02,51.66436,-59.09187,6368.0,0.0,SKT-4016,1,0,GYYR
09/08/2025,14:38:10,51.67662,-59.09858,6369.0,0.0,SKT-4016,1,0,GYYR
09/08/2025,14:38:17,51.68736,-59.10445,6368.0,0.0,SKT-4016,1,0,GYYR
09/08/2025,14:38:24,51.69809,-59.11033,6369.0,0.0,SKT-4016,1,0,GYYR
09/08/2025,14:38:31,51.70881,-59.11625,6368.0,0.0,SKT-4016,1,0,GYYR
09/08/2025,14:38:38,51.71951,-59.12222,6368.0,0.0,SKT-4016,1,0,GYYR
09/08/2025,14:38:45,51.73019,-59.1282,6367.0,0.0,SKT-4016,1,0,GYYR
09/08/2025,14:38:52,51.74088,-59.13417,6367.0,0.0,SKT-4016,1,0,GYYR
09/08/2025,14:38:59,51.75156,-59.14014,6366.0,0.0,SKT-4016,1,0,GYYR
09/08/2025,14:39:06,51.76226,-59.14608,6364.0,0.0,SKT-4016,1,0,GYYR
09/08/2025,14:39:13,51.77298,-59.152,6364.0,0.0,SKT-4016,1,0,GYYR
09/08/2025,14:39:20,51.7837,-59.15789,6363.0,0.0,SKT-4016,1,0,GYYR
09/08/2025,14:39:27,51.79443,-59.16377,6364.0,0.0,SKT-4016,1,0,GYYR
09/08/2025,14:39:34,51.80516,-59.16968,6363.0,0.0,SKT-4016,1,0,GYYR
09/08/2025,14:39:41,51.81587,-59.17562,6364.0,0.0,SKT-4016,1,0,GYYR
09/08/2025,14:39:48,51.82658,-59.18156,6363.0,0.0,SKT-4016,1,0,GYYR
09/08/2025,14:39:55,51.83728,-59.1875,6364.0,0.0,SKT-4016,1,0,GYYR
09/08/2025,14:40:02,51.84797,-59.19344,6364.0,0.0,SKT-4016,1,0,GYYR
09/08/2025,14:40:09,51.85865,-59.19937,6366.0,0.0,SKT-4016,1,0,GYYR
09/08/2025,14:40:16,51.86933,-59.20529,6367.0,0.0,SKT-4016,1,0,GYYR
09/08/2025,14:40:24,51.88152,-59.21208,6367.0,0.0,SKT-4016,1,0,GYYR
09/08/2025,14:40:31,51.89217,-59.21806,6366.0,0.0,SKT-4016,1,0,GYYR
09/08/2025,14:40:38,51.90283,-59.22404,6365.0,0.0,SKT-4016,1,0,GYYR
09/08/2025,14:40:45,51.91349,-59.23003,6365.0,0.0,SKT-4016,1,0,GYYR
09/08/2025,14:40:52,51.92415,-59.23598,6364.0,0.0,SKT-4016,1,0,GYYR
09/08/2025,14:40:59,51.93483,-59.24191,6363.0,0.0,SKT-4016,1,0,GYYR
09/08/2025,14:41:06,51.94551,-59.24781,6364.0,0.0,SKT-4016,1,0,GYYR
09/08/2025,14:41:14,51.95771,-59.25456,6363.0,0.0,SKT-4016,1,0,GYYR
09/08/2025,14:41:21,51.96836,-59.2605,6363.0,0.0,SKT-4016,1,0,GYYR
09/08/2025,14:41:28,51.97901,-59.26649,6363.0,0.0,SKT-4016,1,0,GYYR
09/08/2025,14:41:35,51.98965,-59.2725,6362.0,0.0,SKT-4016,1,0,GYYR
09/08/2025,14:41:42,52.00029,-59.27851,6362.0,0.0,SKT-4016,1,0,GYYR
09/08/2025,14:41:49,52.01093,-59.28449,6362.0,0.0,SKT-4016,1,0,GYYR
09/08/2025,14:41:56,52.02158,-59.29047,6361.0,0.0,SKT-4016,1,0,GYYR
09/08/2025,14:42:03,52.03223,-59.29644,6362.0,0.0,SKT-4016,1,0,GYYR
09/08/2025,14:42:10,52.04289,-59.30244,6361.0,0.0,SKT-4016,1,0,GYYR
09/08/2025,14:42:17,52.05355,-59.30843,6361.0,0.0,SKT-4016,1,0,GYYR
09/08/2025,14:42:24,52.06422,-59.3144,6360.0,0.0,SKT-4016,1,0,GYYR
09/08/2025,14:42:31,52.07489,-59.32036,6359.0,0.0,SKT-4016,1,0,GYYR
09/08/2025,14:42:38,52.08557,-59.32633,6359.0,0.0,SKT-4016,1,0,GYYR
09/08/2025,14:42:45,52.09624,-59.33233,6358.0,0.0,SKT-4016,1,0,GYYR
09/08/2025,14:42:52,52.10691,-59.33833,6358.0,0.0,SKT-4016,1,0,GYYR
09/08/2025,14:42:59,52.1176,-59.34431,6358.0,0.0,SKT-4016,1,0,GYYR
09/08/2025,14:43:06,52.1283,-59.35027,6357.0,0.0,SKT-4016,1,0,GYYR
09/08/2025,14:43:13,52.139,-59.35623,6359.0,0.0,SKT-4016,1,0,GYYR
09/08/2025,14:43:20,52.14969,-59.36217,6358.0,0.0,SKT-4016,1,0,GYYR
09/08/2025,14:43:27,52.16038,-59.36813,6358.0,0.0,SKT-4016,1,0,GYYR
09/08/2025,14:43:34,52.17106,-59.37413,6359.0,0.0,SKT-4016,1,0,GYYR
09/08/2025,14:43:41,52.18173,-59.38019,6358.0,0.0,SKT-4016,1,0,GYYR
09/08/2025,14:43:48,52.1924,-59.38625,6358.0,0.0,SKT-4016,1,0,GYYR
09/08/2025,14:43:56,52.20461,-59.39316,6358.0,0.0,SKT-4016,1,0,GYYR
09/08/2025,14:44:03,52.21529,-59.3992,6358.0,0.0,SKT-4016,1,0,GYYR
09/08/2025,14:44:10,52.22597,-59.40525,6359.0,0.0,SKT-4016,1,0,GYYR
09/08/2025,14:44:17,52.23664,-59.41131,6360.0,0.0,SKT-4016,1,0,GYYR
09/08/2025,14:44:24,52.2473,-59.41738,6359.0,0.0,SKT-4016,1,0,GYYR
09/08/2025,14:44:31,52.25795,-59.42345,6358.0,0.0,SKT-4016,1,0,GYYR
09/08/2025,14:44:38,52.2686,-59.42951,6359.0,0.0,SKT-4016,1,0,GYYR
09/08/2025,14:44:45,52.27925,-59.43556,6358.0,0.0,SKT-4016,1,0,GYYR
09/08/2025,14:44:52,52.2899,-59.44157,6359.0,0.0,SKT-4016,1,0,GYYR
09/08/2025,14:44:59,52.30056,-59.44757,6358.0,0.0,SKT-4016,1,0,GYYR
09/08/2025,14:45:06,52.31122,-59.45358,6357.0,0.0,SKT-4016,1,0,GYYR
09/08/2025,14:45:13,52.32186,-59.45961,6358.0,0.0,SKT-4016,1,0,GYYR
09/08/2025,14:45:20,52.33248,-59.46569,6357.0,0.0,SKT-4016,1,0,GYYR
09/08/2025,14:45:27,52.34308,-59.47176,6357.0,0.0,SKT-4016,1,0,GYYR
09/08/2025,14:45:34,52.35369,-59.47781,6357.0,0.0,SKT-4016,1,0,GYYR
09/08/2025,14:45:41,52.3643,-59.48382,6357.0,0.0,SKT-4016,1,0,GYYR
09/08/2025,14:45:48,52.3749,-59.48983,6357.0,0.0,SKT-4016,1,0,GYYR
09/08/2025,14:45:55,52.38549,-59.49583,6357.0,0.0,SKT-4016,1,0,GYYR
09/08/2025,14:46:02,52.39606,-59.50186,6356.0,0.0,SKT-4016,1,0,GYYR
09/08/2025,14:46:09,52.40662,-59.5079,6357.0,0.0,SKT-4016,1,0,GYYR
09/08/2025,14:46:16,52.41718,-59.51392,6355.0,0.0,SKT-4016,1,0,GYYR
09/08/2025,14:46:23,52.42774,-59.51991,6355.0,0.0,SKT-4016,1,0,GYYR
09/08/2025,14:46:30,52.43829,-59.5259,6353.0,0.0,SKT-4016,1,0,GYYR
09/08/2025,14:46:37,52.44884,-59.53193,6353.0,0.0,SKT-4016,1,0,GYYR
09/08/2025,14:46:45,52.46089,-59.53883,6353.0,0.0,SKT-4016,1,0,GYYR
09/08/2025,14:46:52,52.47142,-59.54485,6353.0,0.0,SKT-4016,1,0,GYYR
09/08/2025,14:46:59,52.48195,-59.55087,6353.0,0.0,SKT-4016,1,0,GYYR
09/08/2025,14:47:06,52.49247,-59.55693,6352.0,0.0,SKT-4016,1,0,GYYR
09/08/2025,14:47:13,52.50298,-59.56301,6352.0,0.0,SKT-4016,1,0,GYYR
09/08/2025,14:47:20,52.51349,-59.56908,6352.0,0.0,SKT-4016,1,0,GYYR
09/08/2025,14:47:27,52.52401,-59.57513,6352.0,0.0,SKT-4016,1,0,GYYR
09/08/2025,14:47:34,52.53453,-59.58115,6352.0,0.0,SKT-4016,1,0,GYYR
09/08/2025,14:47:41,52.54506,-59.58717,6351.0,0.0,SKT-4016,1,0,GYYR
09/08/2025,14:47:48,52.55558,-59.59318,6352.0,0.0,SKT-4016,1,0,GYYR
09/08/2025,14:47:55,52.56609,-59.5992,6351.0,0.0,SKT-4016,1,0,GYYR
09/08/2025,14:48:02,52.57661,-59.6052,6352.0,0.0,SKT-4016,1,0,GYYR
09/08/2025,14:48:09,52.58715,-59.6112,6351.0,0.0,SKT-4016,1,0,GYYR
09/08/2025,14:48:16,52.59769,-59.61723,6350.0,0.0,SKT-4016,1,0,GYYR
09/08/2025,14:48:23,52.60823,-59.62333,6338.0,0.0,SKT-4016,1,0,GYYR
09/08/2025,14:48:30,52.61882,-59.62936,6305.0,0.0,SKT-4016,1,0,GYYR
09/08/2025,14:48:37,52.62953,-59.6353,6244.0,0.0,SKT-4016,1,0,GYYR
09/08/2025,14:48:44,52.64037,-59.64116,6180.0,0.0,SKT-4016,1,0,GYYR
09/08/2025,14:48:51,52.65127,-59.647,6116.0,0.0,SKT-4016,1,0,GYYR
09/08/2025,14:48:58,52.66211,-59.6533,6050.0,0.0,SKT-4016,1,0,GYYR
09/08/2025,14:49:05,52.67288,-59.66,5981.0,0.0,SKT-4016,1,0,GYYR
09/08/2025,14:49:12,52.68373,-59.66666,5913.0,0.0,SKT-4016,1,0,GYYR
09/08/2025,14:49:20,52.69617,-59.67429,5834.0,0.0,SKT-4016,1,0,GYYR
09/08/2025,14:49:27,52.70715,-59.68089,5759.0,0.0,SKT-4016,1,0,GYYR
09/08/2025,14:49:34,52.71822,-59.68732,5686.0,0.0,SKT-4016,1,0,GYYR
09/08/2025,14:49:41,52.72936,-59.69362,5621.0,0.0,SKT-4016,1,0,GYYR
09/08/2025,14:49:48,52.74049,-59.69989,5555.0,0.0,SKT-4016,1,0,GYYR
09/08/2025,14:49:55,52.75162,-59.70617,5486.0,0.0,SKT-4016,1,0,GYYR
09/08/2025,14:50:02,52.76272,-59.71249,5417.0,0.0,SKT-4016,1,0,GYYR
09/08/2025,14:50:09,52.7738,-59.71889,5346.0,0.0,SKT-4016,1,0,GYYR
09/08/2025,14:50:16,52.78487,-59.72532,5276.0,0.0,SKT-4016,1,0,GYYR
09/08/2025,14:50:23,52.79592,-59.73177,5208.0,0.0,SKT-4016,1,0,GYYR
09/08/2025,14:50:30,52.80696,-59.73824,5139.0,0.0,SKT-4016,1,0,GYYR
09/08/2025,14:50:37,52.818,-59.7447,5068.0,0.0,SKT-4016,1,0,GYYR
09/08/2025,14:50:44,52.82904,-59.7511,4997.0,0.0,SKT-4016,1,0,GYYR
09/08/2025,14:50:51,52.84008,-59.75734,4926.0,0.0,SKT-4016,1,0,GYYR
09/08/2025,14:50:58,52.85108,-59.76344,4856.0,0.0,SKT-4016,1,0,GYYR
09/08/2025,14:51:05,52.86203,-59.76947,4786.0,0.0,SKT-4016,1,0,GYYR
09/08/2025,14:51:12,52.87291,-59.77559,4717.0,0.0,SKT-4016,1,0,GYYR
09/08/2025,14:51:19,52.88368,-59.78186,4649.0,0.0,SKT-4016,1,0,GYYR
09/08/2025,14:51:26,52.89435,-59.78831,4580.0,0.0,SKT-4016,1,0,GYYR
09/08/2025,14:51:33,52.90496,-59.79475,4514.0,0.0,SKT-4016,1,0,GYYR
09/08/2025,14:51:40,52.91554,-59.80108,4446.0,0.0,SKT-4016,1,0,GYYR
09/08/2025,14:51:47,52.92611,-59.80728,4378.0,0.0,SKT-4016,1,0,GYYR
09/08/2025,14:51:54,52.93665,-59.81337,4313.0,0.0,SKT-4016,1,0,GYYR
09/08/2025,14:52:01,52.94714,-59.81945,4247.0,0.0,SKT-4016,1,0,GYYR
09/08/2025,14:52:09,52.95906,-59.82638,4171.0,0.0,SKT-4016,1,0,GYYR
09/08/2025,14:52:16,52.96941,-59.83232,4105.0,0.0,SKT-4016,1,0,GYYR
09/08/2025,14:52:23,52.97969,-59.83826,4038.0,0.0,SKT-4016,1,0,GYYR
09/08/2025,14:52:30,52.98991,-59.84436,3973.0,0.0,SKT-4016,1,0,GYYR
09/08/2025,14:52:37,53.00006,-59.85054,3907.0,0.0,SKT-4016,1,0,GYYR
09/08/2025,14:52:44,53.01017,-59.85667,3844.0,0.0,SKT-4016,1,0,GYYR
09/08/2025,14:52:51,53.02024,-59.86272,3782.0,0.0,SKT-4016,1,0,GYYR
09/08/2025,14:52:58,53.03027,-59.86862,3718.0,0.0,SKT-4016,1,0,GYYR
09/08/2025,14:53:05,53.04028,-59.87439,3653.0,0.0,SKT-4016,1,0,GYYR
09/08/2025,14:53:12,53.05023,-59.88,3590.0,0.0,SKT-4016,1,0,GYYR
09/08/2025,14:53:19,53.06007,-59.8853,3529.0,0.0,SKT-4016,1,0,GYYR
09/08/2025,14:53:26,53.06977,-59.89048,3468.0,0.0,SKT-4016,1,0,GYYR
09/08/2025,14:53:33,53.07932,-59.89567,3406.0,0.0,SKT-4016,1,0,GYYR
09/08/2025,14:53:40,53.08866,-59.90101,3347.0,0.0,SKT-4016,1,0,GYYR
09/08/2025,14:53:47,53.09775,-59.90675,3291.0,0.0,SKT-4016,1,0,GYYR
09/08/2025,14:53:54,53.10667,-59.91258,3233.0,0.0,SKT-4016,1,0,GYYR
09/08/2025,14:54:01,53.11557,-59.91812,3173.0,0.0,SKT-4016,1,0,GYYR
09/08/2025,14:54:08,53.12441,-59.92336,3116.0,0.0,SKT-4016,1,0,GYYR
09/08/2025,14:54:15,53.13317,-59.9284,3062.0,0.0,SKT-4016,1,0,GYYR
09/08/2025,14:54:22,53.14177,-59.93353,3008.0,0.0,SKT-4016,1,0,GYYR
09/08/2025,14:54:29,53.15015,-59.93896,2959.0,0.0,SKT-4016,1,0,GYYR
09/08/2025,14:54:36,53.15836,-59.94459,2912.0,0.0,SKT-4016,1,0,GYYR
09/08/2025,14:54:43,53.16661,-59.95002,2854.0,0.0,SKT-4016,1,0,GYYR
09/08/2025,14:54:51,53.17621,-59.95578,2791.0,0.0,SKT-4016,1,0,GYYR
09/08/2025,14:54:58,53.1847,-59.96057,2742.0,0.0,SKT-4016,1,0,GYYR
09/08/2025,14:55:05,53.19321,-59.96532,2686.0,0.0,SKT-4016,1,0,GYYR
09/08/2025,14:55:12,53.20173,-59.97018,2629.0,0.0,SKT-4016,1,0,GYYR
09/08/2025,14:55:19,53.21022,-59.97509,2575.0,0.0,SKT-4016,1,0,GYYR
09/08/2025,14:55:26,53.21865,-59.97996,2524.0,0.0,SKT-4016,1,0,GYYR
09/08/2025,14:55:33,53.22704,-59.98465,2470.0,0.0,SKT-4016,1,0,GYYR
09/08/2025,14:55:40,53.23537,-59.98915,2416.0,0.0,SKT-4016,1,0,GYYR
09/08/2025,14:55:47,53.24363,-59.99364,2364.0,0.0,SKT-4016,1,0,GYYR
09/08/2025,14:55:54,53.25179,-59.99817,2308.0,0.0,SKT-4016,1,0,GYYR
09/08/2025,14:56:01,53.2598,-60.00273,2261.0,0.0,SKT-4016,1,0,GYYR
09/08/2025,14:56:08,53.26767,-60.00729,2216.0,0.0,SKT-4016,1,0,GYYR
09/08/2025,14:56:15,53.27546,-60.01183,2166.0,0.0,SKT-4016,1,0,GYYR
09/08/2025,14:56:22,53.28316,-60.01641,2113.0,0.0,SKT-4016,1,0,GYYR
09/08/2025,14:56:29,53.29074,-60.02119,2066.0,0.0,SKT-4016,1,0,GYYR
09/08/2025,14:56:36,53.29818,-60.02606,2020.0,0.0,SKT-4016,1,0,GYYR
09/08/2025,14:56:43,53.30555,-60.03082,1974.0,0.0,SKT-4016,1,0,GYYR
09/08/2025,14:56:50,53.31287,-60.03538,1928.0,0.0,SKT-4016,1,0,GYYR
09/08/2025,14:56:57,53.32013,-60.03976,1882.0,0.0,SKT-4016,1,0,GYYR
09/08/2025,14:57:04,53.32734,-60.04397,1833.0,0.0,SKT-4016,1,0,GYYR
09/08/2025,14:57:11,53.33446,-60.04809,1784.0,0.0,SKT-4016,1,0,GYYR
09/08/2025,14:57:18,53.34145,-60.05212,1753.0,0.0,SKT-4016,1,0,GYYR
09/08/2025,14:57:25,53.34829,-60.05639,1700.0,0.0,SKT-4016,1,0,GYYR
09/08/2025,14:57:32,53.35497,-60.06124,1660.0,0.0,SKT-4016,1,0,GYYR
09/08/2025,14:57:41,53.36305,-60.0687,1609.0,0.0,SKT-4016,1,0,GYYR
09/08/2025,14:57:48,53.36904,-60.07523,1561.0,0.0,SKT-4016,1,0,GYYR
09/08/2025,14:57:55,53.37487,-60.08207,1520.0,0.0,SKT-4016,1,0,GYYR
09/08/2025,14:58:02,53.38067,-60.08898,1480.0,0.0,SKT-4016,1,0,GYYR
09/08/2025,14:58:09,53.3864,-60.09602,1438.0,0.0,SKT-4016,1,0,GYYR
09/08/2025,14:58:16,53.39212,-60.1031,1396.0,0.0,SKT-4016,1,0,GYYR
09/08/2025,14:58:23,53.39786,-60.1102,1356.0,0.0,SKT-4016,1,0,GYYR
09/08/2025,14:58:30,53.40364,-60.11728,1310.0,0.0,SKT-4016,1,0,GYYR
09/08/2025,14:58:37,53.40941,-60.12445,1269.0,0.0,SKT-4016,1,0,GYYR
09/08/2025,14:58:44,53.41441,-60.13283,1220.0,0.0,SKT-4016,1,0,GYYR
09/08/2025,14:58:51,53.41759,-60.14293,1184.0,0.0,SKT-4016,1,0,GYYR
09/08/2025,14:58:58,53.41872,-60.15383,1148.0,0.0,SKT-4016,1,0,GYYR
09/08/2025,14:59:05,53.41789,-60.16433,1107.0,0.0,SKT-4016,1,0,GYYR
09/08/2025,14:59:12,53.4155,-60.17374,1075.0,0.0,SKT-4016,1,0,GYYR
09/08/2025,14:59:19,53.41247,-60.1824,1045.0,0.0,SKT-4016,1,0,GYYR
09/08/2025,14:59:26,53.40931,-60.19083,1007.0,0.0,SKT-4016,1,0,GYYR
09/08/2025,14:59:33,53.40623,-60.19921,970.0,0.0,SKT-4016,1,0,GYYR
09/08/2025,14:59:40,53.40318,-60.20749,933.0,0.0,SKT-4016,1,0,GYYR
09/08/2025,14:59:47,53.40005,-60.21551,897.0,0.0,SKT-4016,1,0,GYYR
09/08/2025,14:59:55,53.39656,-60.22424,868.0,0.0,SKT-4016,1,0,GYYR
09/08/2025,15:00:02,53.39363,-60.23138,825.0,0.0,SKT-4016,1,0,GYYR
09/08/2025,15:00:09,53.39087,-60.23822,793.0,0.0,SKT-4016,1,0,GYYR
09/08/2025,15:00:16,53.38825,-60.24463,772.0,0.0,SKT-4016,1,0,GYYR
09/08/2025,15:00:23,53.38576,-60.25056,739.0,0.0,SKT-4016,1,0,GYYR
09/08/2025,15:00:30,53.38344,-60.25606,704.0,0.0,SKT-4016,1,0,GYYR
09/08/2025,15:00:37,53.38132,-60.26111,675.0,0.0,SKT-4016,1,0,GYYR
09/08/2025,15:00:44,53.37925,-60.26587,657.0,0.0,SKT-4016,1,0,GYYR
09/08/2025,15:00:51,53.37703,-60.27059,633.0,0.0,SKT-4016,1,0,GYYR
09/08/2025,15:00:58,53.37471,-60.27541,613.0,0.0,SKT-4016,1,0,GYYR
09/08/2025,15:01:05,53.37231,-60.28058,593.0,0.0,SKT-4016,1,0,GYYR
09/08/2025,15:01:12,53.36987,-60.28622,566.0,0.0,SKT-4016,1,0,GYYR
09/08/2025,15:01:19,53.36755,-60.29204,540.0,0.0,SKT-4016,1,0,GYYR
09/08/2025,15:01:26,53.36539,-60.29778,514.0,0.0,SKT-4016,1,0,GYYR
09/08/2025,15:01:33,53.36325,-60.30342,491.0,0.0,SKT-4016,1,0,GYYR
09/08/2025,15:01:40,53.36108,-60.30896,465.0,0.0,SKT-4016,1,0,GYYR
09/08/2025,15:01:47,53.35883,-60.31452,443.0,0.0,SKT-4016,1,0,GYYR
09/08/2025,15:01:54,53.35647,-60.32014,419.0,0.0,SKT-4016,1,0,GYYR
09/08/2025,15:02:01,53.35414,-60.32584,394.0,0.0,SKT-4016,1,0,GYYR
09/08/2025,15:02:08,53.35191,-60.33141,366.0,0.0,SKT-4016,1,0,GYYR
09/08/2025,15:02:15,53.34984,-60.33669,339.0,0.0,SKT-4016,1,0,GYYR
09/08/2025,15:02:23,53.34731,-60.34268,324.0,0.0,SKT-4016,1,0,GYYR
09/08/2025,15:02:30,53.34495,-60.34801,299.0,0.0,SKT-4016,1,0,GYYR
09/08/2025,15:02:37,53.34269,-60.35355,273.0,0.0,SKT-4016,1,0,GYYR
09/08/2025,15:02:44,53.34048,-60.35911,244.0,0.0,SKT-4016,1,0,GYYR
09/08/2025,15:02:51,53.33827,-60.36478,215.0,0.0,SKT-4016,1,0,GYYR
09/08/2025,15:02:58,53.33601,-60.37042,202.0,0.0,SKT-4016,1,0,GYYR
09/08/2025,15:03:05,53.33375,-60.37607,197.0,0.0,SKT-4016,1,0,GYYR
09/08/2025,15:03:13,53.3312,-60.38226,174.0,0.0,SKT-4016,1,0,GYYR
09/08/2025,15:03:20,53.32891,-60.38766,148.0,0.0,SKT-4016,1,0,GYYR
09/08/2025,15:03:27,53.32665,-60.39315,131.0,0.0,SKT-4016,1,0,GYYR
09/08/2025,15:03:34,53.32435,-60.39866,109.0,0.0,SKT-4016,1,0,GYYR
09/08/2025,15:03:41,53.32201,-60.40425,88.0,0.0,SKT-4016,1,0,GYYR
09/08/2025,15:03:48,53.31971,-60.40984,69.0,0.0,SKT-4016,1,0,GYYR
09/08/2025,15:03:55,53.31746,-60.41531,51.0,0.0,SKT-4016,1,0,GYYR
09/08/2025,15:04:02,53.31519,-60.42073,40.0,0.0,SKT-4016,1,0,GYYR
09/08/2025,15:04:09,53.31303,-60.42595,40.0,1.0,SKT-4016,1,0,GYYR
09/08/2025,15:04:16,53.31155,-60.42948,40.0,1.0,SKT-4016,1,0,GYYR
09/08/2025,15:04:23,53.31068,-60.43156,40.0,1.0,SKT-4016,1,0,GYYR
09/08/2025,15:04:30,53.31005,-60.43311,40.0,1.0,SKT-4016,1,0,GYYR
09/08/2025,15:04:37,53.30956,-60.43433,40.0,1.0,SKT-4016,1,0,GYYR
09/08/2025,15:04:44,53.30914,-60.43532,40.0,1.0,SKT-4016,1,0,GYYR
09/08/2025,15:04:52,53.30869,-60.43602,40.0,1.0,SKT-4016,1,0,GYYR
09/08/2025,15:04:59,53.30825,-60.43584,39.0,1.0,SKT-4016,1,0,GYYR
09/08/2025,15:05:07,53.30774,-60.43523,40.0,1.0,SKT-4016,1,0,GYYR
09/08/2025,15:05:14,53.30742,-60.43469,40.0,1.0,SKT-4016,1,0,GYYR
09/08/2025,15:05:21,53.30754,-60.43404,40.0,1.0,SKT-4016,1,0,GYYR
09/08/2025,15:05:28,53.30783,-60.43335,40.0,1.0,SKT-4016,1,0,GYYR
09/08/2025,15:05:35,53.30819,-60.43252,40.0,1.0,SKT-4016,1,0,GYYR
09/08/2025,15:05:42,53.30857,-60.43158,40.0,1.0,SKT-4016,1,0,GYYR
09/08/2025,15:05:49,53.30899,-60.43058,41.0,1.0,SKT-4016,1,0,GYYR
09/08/2025,15:05:56,53.30943,-60.42953,41.0,1.0,SKT-4016,1,0,GYYR
09/08/2025,15:06:03,53.30985,-60.4285,41.0,1.0,SKT-4016,1,0,GYYR
09/08/2025,15:06:10,53.31028,-60.42754,41.0,1.0,SKT-4016,1,0,GYYR
09/08/2025,15:06:17,53.31072,-60.42671,41.0,1.0,SKT-4016,1,0,GYYR
09/08/2025,15:06:24,53.31109,-60.42583,41.0,1.0,SKT-4016,1,0,GYYR
09/08/2025,15:06:31,53.31149,-60.42487,41.0,1.0,SKT-4016,1,0,GYYR
09/08/2025,15:06:38,53.31192,-60.42381,41.0,1.0,SKT-4016,1,0,GYYR
09/08/2025,15:06:45,53.31237,-60.42271,41.0,1.0,SKT-4016,1,0,GYYR
09/08/2025,15:06:52,53.31283,-60.4216,41.0,1.0,SKT-4016,1,0,GYYR
09/08/2025,15:06:59,53.31328,-60.42051,41.0,1.0,SKT-4016,1,0,GYYR
09/08/2025,15:07:06,53.31372,-60.41946,40.0,1.0,SKT-4016,1,0,GYYR
09/08/2025,15:07:13,53.31413,-60.41846,40.0,1.0,SKT-4016,1,0,GYYR
09/08/2025,15:07:20,53.31453,-60.41752,40.0,1.0,SKT-4016,1,0,GYYR
09/08/2025,15:07:28,53.31491,-60.41653,40.0,1.0,SKT-4016,1,0,GYYR
09/08/2025,15:07:35,53.31508,-60.41565,40.0,1.0,SKT-4016,1,0,GYYR
09/08/2025,15:07:42,53.31506,-60.41483,40.0,1.0,SKT-4016,1,0,GYYR
09/08/2025,15:07:49,53.31501,-60.41412,40.0,1.0,SKT-4016,1,0,GYYR
09/08/2025,15:07:57,53.31493,-60.41345,41.0,1.0,SKT-4016,1,0,GYYR
09/08/2025,15:08:04,53.31478,-60.41315,41.0,1.0,SKT-4016,1,0,GYYR
09/08/2025,15:08:11,53.31458,-60.41314,40.0,1.0,SKT-4016,1,0,GYYR
09/08/2025,15:08:18,53.31447,-60.41318,39.0,1.0,SKT-4016,1,1,GYYR
09/08/2025,15:08:25,53.31445,-60.41319,39.0,1.0,SKT-4016,1,1,GYYR
09/08/2025,15:08:32,53.31445,-60.41319,38.0,1.0,SKT-4016,1,1,GYYR
09/08/2025,15:08:40,53.31445,-60.4132,37.0,1.0,SKT-4016,1,1,GYYR
09/08/2025,15:08:47,53.31445,-60.4132,37.0,1.0,SKT-4016,1,1,GYYR
09/08/2025,15:08:54,53.31445,-60.4132,37.0,1.0,SKT-4016,1,1,GYYR
09/08/2025,15:09:01,53.31446,-60.4132,37.0,1.0,SKT-4016,1,1,GYYR
09/08/2025,15:09:09,53.31445,-60.4132,37.0,1.0,SKT-4016,1,1,GYYR
09/08/2025,15:09:16,53.31445,-60.4132,37.0,1.0,SKT-4016,1,1,GYYR
09/08/2025,15:09:23,53.31445,-60.4132,37.0,1.0,SKT-4016,1,1,GYYR
09/08/2025,15:09:30,53.31445,-60.4132,37.0,1.0,SKT-4016,1,1,GYYR
09/08/2025,15:09:38,53.31445,-60.4132,37.0,1.0,SKT-4016,1,1,GYYR
09/08/2025,15:09:45,53.31445,-60.4132,37.0,1.0,SKT-4016,1,1,GYYR
09/08/2025,15:09:52,53.31445,-60.4132,38.0,1.0,SKT-4016,1,1,GYYR
09/08/2025,15:10:00,53.31445,-60.4132,38.0,1.0,SKT-4016,1,1,GYYR
09/08/2025,15:10:07,53.31445,-60.41321,38.0,1.0,SKT-4016,1,1,GYYR
09/08/2025,15:10:14,53.31445,-60.41321,38.0,1.0,SKT-4016,1,1,GYYR
09/08/2025,15:10:22,53.31445,-60.4132,38.0,1.0,SKT-4016,1,1,GYYR
09/08/2025,15:10:29,53.31445,-60.4132,38.0,1.0,SKT-4016,1,1,GYYR
09/08/2025,15:10:37,53.31446,-60.4132,38.0,1.0,SKT-4016,1,1,GYYR
09/08/2025,15:10:44,53.31445,-60.4132,38.0,1.0,SKT-4016,1,1,GYYR
09/08/2025,15:10:51,53.31445,-60.4132,38.0,1.0,SKT-4016,1,1,GYYR
09/08/2025,15:10:58,53.31445,-60.4132,38.0,1.0,SKT-4016,1,1,GYYR
09/08/2025,15:11:06,53.31445,-60.4132,38.0,1.0,SKT-4016,1,1,GYYR
09/08/2025,15:11:13,53.31445,-60.4132,39.0,1.0,SKT-4016,1,1,GYYR
09/08/2025,15:11:20,53.31446,-60.4132,39.0,1.0,SKT-4016,1,1,GYYR
09/08/2025,15:11:27,53.31446,-60.4132,39.0,1.0,SKT-4016,1,1,GYYR
09/08/2025,15:11:35,53.31446,-60.4132,38.0,1.0,SKT-4016,1,1,GYYR
09/08/2025,15:11:42,53.31446,-60.4132,38.0,1.0,SKT-4016,1,1,GYYR
09/08/2025,15:11:49,53.31446,-60.41319,39.0,1.0,SKT-4016,1,1,GYYR
09/08/2025,15:11:57,53.31446,-60.41319,39.0,1.0,SKT-4016,1,1,GYYR
09/08/2025,15:12:04,53.31446,-60.41319,40.0,1.0,SKT-4016,1,1,GYYR
09/08/2025,15:12:11,53.31446,-60.41319,40.0,1.0,SKT-4016,1,1,GYYR
09/08/2025,15:12:18,53.31445,-60.41319,39.0,1.0,SKT-4016,1,1,GYYR
09/08/2025,15:12:26,53.31445,-60.41319,40.0,1.0,SKT-4016,1,1,GYYR
09/08/2025,15:12:33,53.31445,-60.41318,40.0,1.0,SKT-4016,1,1,GYYR
09/08/2025,15:12:40,53.31445,-60.41318,40.0,1.0,SKT-4016,1,1,GYYR
09/08/2025,15:12:47,53.31445,-60.41318,39.0,1.0,SKT-4016,1,1,GYYR
09/08/2025,15:12:55,53.31445,-60.41318,38.0,1.0,SKT-4016,1,1,GYYR
09/08/2025,15:13:02,53.31444,-60.41318,37.0,1.0,SKT-4016,1,1,GYYR
09/08/2025,15:13:09,53.31444,-60.41319,37.0,1.0,SKT-4016,1,1,GYYR
09/08/2025,15:13:16,53.31445,-60.41319,37.0,1.0,SKT-4016,1,1,GYYR
09/08/2025,15:13:24,53.31445,-60.41319,37.0,1.0,SKT-4016,1,1,GYYR
09/08/2025,15:13:31,53.31445,-60.41319,37.0,1.0,SKT-4016,1,1,GYYR
09/08/2025,15:13:38,53.31445,-60.41319,37.0,1.0,SKT-4016,1,1,GYYR
09/08/2025,15:13:46,53.31445,-60.41319,37.0,1.0,SKT-4016,1,1,GYYR
09/08/2025,15:13:53,53.31446,-60.41319,39.0,1.0,SKT-4016,1,1,GYYR
09/08/2025,15:14:00,53.31446,-60.41319,39.0,1.0,SKT-4016,1,1,GYYR
09/08/2025,15:14:08,53.31446,-60.41319,39.0,1.0,SKT-4016,1,1,GYYR
09/08/2025,15:14:15,53.31446,-60.41319,39.0,1.0,SKT-4016,1,1,GYYR
09/08/2025,15:14:22,53.31446,-60.41319,40.0,1.0,SKT-4016,1,1,GYYR
09/08/2025,15:14:29,53.31446,-60.41319,40.0,1.0,SKT-4016,1,1,GYYR
09/08/2025,15:14:37,53.31446,-60.41319,41.0,1.0,SKT-4016,1,1,GYYR
09/08/2025,15:14:44,53.31446,-60.41319,42.0,1.0,SKT-4016,1,1,GYYR
09/08/2025,15:14:51,53.31446,-60.41319,42.0,1.0,SKT-4016,1,1,GYYR
09/08/2025,15:14:59,53.31446,-60.41319,42.0,1.0,SKT-4016,1,1,GYYR
09/08/2025,15:15:06,53.31446,-60.41319,41.0,1.0,SKT-4016,1,1,GYYR
09/08/2025,15:15:13,53.31446,-60.41319,39.0,1.0,SKT-4016,1,1,GYYR
09/08/2025,15:15:21,53.31446,-60.41319,39.0,1.0,SKT-4016,1,1,GYYR
09/08/2025,15:15:28,53.31446,-60.41319,39.0,1.0,SKT-4016,1,1,GYYR
09/08/2025,15:15:35,53.31446,-60.41319,38.0,1.0,SKT-4016,1,1,GYYR
09/08/2025,15:15:42,53.31446,-60.41319,38.0,1.0,SKT-4016,1,1,GYYR
09/08/2025,15:15:50,53.31446,-60.41319,37.0,1.0,SKT-4016,1,1,GYYR
09/08/2025,15:15:57,53.31446,-60.41319,37.0,1.0,SKT-4016,1,1,GYYR
09/08/2025,15:16:04,53.31446,-60.41319,37.0,1.0,SKT-4016,1,1,GYYR
09/08/2025,15:16:12,53.31446,-60.41319,38.0,1.0,SKT-4016,1,1,GYYR
09/08/2025,15:16:19,53.31445,-60.41318,39.0,1.0,SKT-4016,1,1,GYYR
09/08/2025,15:16:27,53.31445,-60.41318,39.0,1.0,SKT-4016,1,1,GYYR
09/08/2025,15:16:34,53.31445,-60.41319,38.0,1.0,SKT-4016,1,1,GYYR
09/08/2025,15:16:41,53.31445,-60.41319,38.0,1.0,SKT-4016,1,1,GYYR
09/08/2025,15:16:48,53.31445,-60.41318,39.0,1.0,SKT-4016,1,1,GYYR
09/08/2025,15:16:56,53.31445,-60.41318,39.0,1.0,SKT-4016,1,1,GYYR
09/08/2025,15:17:03,53.31446,-60.41318,39.0,1.0,SKT-4016,1,1,GYYR
09/08/2025,15:17:10,53.31446,-60.41319,39.0,1.0,SKT-4016,1,1,GYYR
09/08/2025,15:17:17,53.31446,-60.41319,39.0,1.0,SKT-4016,1,1,GYYR
09/08/2025,15:17:25,53.31446,-60.41319,39.0,1.0,SKT-4016,1,1,GYYR
09/08/2025,15:17:32,53.31446,-60.41319,39.0,1.0,SKT-4016,1,1,GYYR
09/08/2025,15:17:39,53.31446,-60.41318,39.0,1.0,SKT-4016,1,1,GYYR
09/08/2025,15:17:47,53.31446,-60.41318,39.0,1.0,SKT-4016,1,1,GYYR
09/08/2025,15:17:54,53.31446,-60.41319,39.0,1.0,SKT-4016,1,1,GYYR
09/08/2025,15:18:01,53.31445,-60.41319,38.0,1.0,SKT-4016,1,1,GYYR
09/08/2025,15:18:08,53.31445,-60.41318,39.0,1.0,SKT-4016,1,1,GYYR
09/08/2025,15:18:16,53.31445,-60.41318,39.0,1.0,SKT-4016,1,1,GYYR
09/08/2025,15:18:23,53.31445,-60.41318,40.0,1.0,SKT-4016,1,1,GYYR
09/08/2025,15:18:30,53.31445,-60.41318,39.0,1.0,SKT-4016,1,1,GYYR
09/08/2025,15:18:37,53.31445,-60.41318,39.0,1.0,SKT-4016,1,1,GYYR
09/08/2025,15:18:45,53.31444,-60.41318,39.0,1.0,SKT-4016,1,1,GYYR
09/08/2025,15:18:52,53.31444,-60.41317,40.0,1.0,SKT-4016,1,1,GYYR
09/08/2025,15:18:59,53.31444,-60.41317,40.0,1.0,SKT-4016,1,1,GYYR
09/08/2025,15:19:06,53.31444,-60.41317,40.0,1.0,SKT-4016,1,1,GYYR
09/08/2025,15:19:14,53.31443,-60.41318,40.0,1.0,SKT-4016,1,1,GYYR
09/08/2025,15:19:21,53.31444,-60.41317,41.0,1.0,SKT-4016,1,1,GYYR
09/08/2025,15:19:28,53.31445,-60.41317,41.0,1.0,SKT-4016,1,1,GYYR
09/08/2025,15:19:35,53.31445,-60.41317,41.0,1.0,SKT-4016,1,1,GYYR
09/08/2025,15:19:43,53.31445,-60.41318,41.0,1.0,SKT-4016,1,1,GYYR
09/08/2025,15:19:50,53.31445,-60.41319,40.0,1.0,SKT-4016,1,1,GYYR
09/08/2025,15:19:57,53.31445,-60.41319,39.0,1.0,SKT-4016,1,1,GYYR
09/08/2025,15:20:04,53.31445,-60.41319,39.0,1.0,SKT-4016,1,1,GYYR
09/08/2025,15:20:12,53.31445,-60.41318,39.0,1.0,SKT-4016,1,1,GYYR
09/08/2025,15:20:20,53.31445,-60.41319,38.0,1.0,SKT-4016,1,1,GYYR
09/08/2025,15:20:27,53.31445,-60.41319,38.0,1.0,SKT-4016,1,1,GYYR
09/08/2025,15:20:35,53.31445,-60.41319,38.0,1.0,SKT-4016,1,1,GYYR
09/08/2025,15:20:42,53.31445,-60.41318,38.0,1.0,SKT-4016,1,1,GYYR
09/08/2025,15:20:50,53.31445,-60.41318,38.0,1.0,SKT-4016,1,1,GYYR
09/08/2025,15:20:57,53.31445,-60.41318,38.0,1.0,SKT-4016,1,1,GYYR
09/08/2025,15:21:05,53.31445,-60.41317,39.0,1.0,SKT-4016,1,1,GYYR
09/08/2025,15:21:12,53.31445,-60.41317,39.0,1.0,SKT-4016,1,1,GYYR
09/08/2025,15:21:19,53.31445,-60.41317,39.0,1.0,SKT-4016,1,1,GYYR
09/08/2025,15:21:26,53.31445,-60.41317,39.0,1.0,SKT-4016,1,1,GYYR
09/08/2025,15:21:34,53.31445,-60.41317,39.0,1.0,SKT-4016,1,1,GYYR
09/08/2025,15:21:41,53.31445,-60.41318,39.0,1.0,SKT-4016,1,1,GYYR
09/08/2025,15:21:48,53.31445,-60.41318,39.0,1.0,SKT-4016,1,1,GYYR
09/08/2025,15:21:55,53.31445,-60.41318,39.0,1.0,SKT-4016,1,1,GYYR
09/08/2025,15:22:03,53.31445,-60.41318,40.0,1.0,SKT-4016,1,1,GYYR
09/08/2025,15:22:10,53.31445,-60.41318,40.0,1.0,SKT-4016,1,1,GYYR
09/08/2025,15:22:17,53.31445,-60.41318,41.0,1.0,SKT-4016,1,1,GYYR
09/08/2025,15:22:24,53.31445,-60.41318,41.0,1.0,SKT-4016,1,1,GYYR
09/08/2025,15:22:32,53.31445,-60.41318,40.0,1.0,SKT-4016,1,1,GYYR
09/08/2025,15:22:40,53.31445,-60.41318,40.0,1.0,SKT-4016,1,1,GYYR
09/08/2025,15:22:47,53.31445,-60.41318,40.0,1.0,SKT-4016,1,1,GYYR
09/08/2025,15:22:55,53.31445,-60.41319,40.0,1.0,SKT-4016,1,1,GYYR
09/08/2025,15:23:03,53.31445,-60.41319,40.0,1.0,SKT-4016,1,1,GYYR
09/08/2025,15:23:10,53.31446,-60.41319,40.0,1.0,SKT-4016,1,1,GYYR
09/08/2025,06:13:05,,,,,SKT-4016,1,1,GYYR
09/08/2025,15:23:27,53.31445,-60.41319,39.0,1.0,SKT-4016,1,1,GYYR
09/08/2025,15:23:34,53.31445,-60.41319,39.0,1.0,SKT-4016,1,1,GYYR
09/08/2025,15:23:41,53.31445,-60.41319,39.0,1.0,SKT-4016,1,1,GYYR
09/08/2025,15:23:49,53.31445,-60.41319,38.0,1.0,SKT-4016,1,1,GYYR
09/08/2025,15:23:56,53.31445,-60.41319,38.0,1.0,SKT-4016,1,1,GYYR
09/08/2025,15:24:03,53.31445,-60.41319,38.0,1.0,SKT-4016,1,1,GYYR
09/08/2025,15:24:11,53.31445,-60.41319,38.0,1.0,SKT-4016,1,1,GYYR
09/08/2025,15:24:18,53.31445,-60.41319,38.0,1.0,SKT-4016,1,1,GYYR
09/08/2025,15:24:26,53.31445,-60.41319,38.0,1.0,SKT-4016,1,1,GYYR
09/08/2025,15:24:33,53.31445,-60.41319,39.0,1.0,SKT-4016,1,1,GYYR
09/08/2025,15:24:40,53.31445,-60.41319,40.0,1.0,SKT-4016,1,1,GYYR
09/08/2025,15:24:47,53.31445,-60.41319,40.0,1.0,SKT-4016,1,1,GYYR
09/08/2025,15:24:55,53.31445,-60.41319,39.0,1.0,SKT-4016,1,1,GYYR
09/08/2025,15:25:02,53.31445,-60.41319,39.0,1.0,SKT-4016,1,1,GYYR
09/08/2025,15:25:09,53.31445,-60.41319,39.0,1.0,SKT-4016,1,1,GYYR
09/08/2025,15:25:16,53.31445,-60.41319,39.0,1.0,SKT-4016,1,1,GYYR
09/08/2025,15:25:24,53.31445,-60.41319,39.0,1.0,SKT-4016,1,1,GYYR
09/08/2025,15:25:31,53.31445,-60.41319,38.0,1.0,SKT-4016,1,1,GYYR
09/08/2025,15:25:38,53.31445,-60.41319,38.0,1.0,SKT-4016,1,1,GYYR
09/08/2025,15:25:45,53.31445,-60.41319,39.0,1.0,SKT-4016,1,1,GYYR
09/08/2025,15:25:53,53.31445,-60.41319,39.0,1.0,SKT-4016,1,1,GYYR
09/08/2025,15:26:00,53.31445,-60.41319,39.0,1.0,SKT-4016,1,1,GYYR
09/08/2025,15:26:07,53.31445,-60.41319,39.0,1.0,SKT-4016,1,1,GYYR
09/08/2025,15:26:14,53.31445,-60.41319,39.0,1.0,SKT-4016,1,1,GYYR
09/08/2025,15:26:22,53.31445,-60.41319,40.0,1.0,SKT-4016,1,1,GYYR
09/08/2025,15:26:29,53.31445,-60.41319,39.0,1.0,SKT-4016,1,1,GYYR
09/08/2025,15:26:36,53.31445,-60.41319,39.0,1.0,SKT-4016,1,1,GYYR
09/08/2025,15:26:44,53.31444,-60.41319,39.0,1.0,SKT-4016,1,1,GYYR
09/08/2025,15:26:51,53.31444,-60.41319,39.0,1.0,SKT-4016,1,1,GYYR
09/08/2025,15:26:58,53.31444,-60.41319,39.0,1.0,SKT-4016,1,1,GYYR
09/08/2025,15:27:05,53.31445,-60.41319,39.0,1.0,SKT-4016,1,1,GYYR
09/08/2025,15:27:13,53.31445,-60.41319,39.0,1.0,SKT-4016,1,1,GYYR
09/08/2025,15:27:20,53.31445,-60.41319,39.0,1.0,SKT-4016,1,1,GYYR
09/08/2025,15:27:27,53.31445,-60.41319,39.0,1.0,SKT-4016,1,1,GYYR
09/08/2025,15:27:34,53.31445,-60.41319,39.0,1.0,SKT-4016,1,1,GYYR
09/08/2025,15:27:42,53.31445,-60.41319,39.0,1.0,SKT-4016,1,1,GYYR
09/08/2025,15:27:49,53.31445,-60.41319,39.0,1.0,SKT-4016,1,1,GYYR
09/08/2025,15:27:56,53.31445,-60.41318,40.0,1.0,SKT-4016,1,1,GYYR
09/08/2025,15:28:03,53.31445,-60.41318,40.0,1.0,SKT-4016,1,1,GYYR
09/08/2025,15:28:11,53.31445,-60.41318,40.0,1.0,SKT-4016,1,1,GYYR
09/08/2025,15:28:18,53.31445,-60.41319,39.0,1.0,SKT-4016,1,1,GYYR
09/08/2025,15:28:25,53.31445,-60.41318,39.0,1.0,SKT-4016,1,1,GYYR
09/08/2025,15:28:33,53.31445,-60.41318,39.0,1.0,SKT-4016,1,1,GYYR
09/08/2025,15:28:40,53.31445,-60.41318,39.0,1.0,SKT-4016,1,1,GYYR
09/08/2025,15:28:47,53.31444,-60.41319,39.0,1.0,SKT-4016,1,1,GYYR
09/08/2025,15:28:54,53.31442,-60.41327,39.0,1.0,SKT-4016,1,1,GYYR
09/08/2025,15:29:02,53.31444,-60.41345,39.0,1.0,SKT-4016,1,1,GYYR
09/08/2025,15:29:10,53.31454,-60.41374,38.0,1.0,SKT-4016,1,1,GYYR
09/08/2025,15:29:17,53.31466,-60.41407,38.0,1.0,SKT-4016,1,1,GYYR
09/08/2025,15:29:24,53.3148,-60.41448,39.0,1.0,SKT-4016,1,1,GYYR
09/08/2025,15:29:31,53.31494,-60.41494,39.0,1.0,SKT-4016,1,1,GYYR
09/08/2025,15:29:39,53.31508,-60.41541,38.0,1.0,SKT-4016,1,1,GYYR
09/08/2025,15:29:46,53.31522,-60.41576,38.0,1.0,SKT-4016,1,1,GYYR
09/08/2025,15:29:54,53.31545,-60.4161,38.0,1.0,SKT-4016,1,1,GYYR
09/08/2025,15:30:01,53.31564,-60.41631,38.0,1.0,SKT-4016,1,1,GYYR
09/08/2025,15:30:08,53.31574,-60.41643,37.0,1.0,SKT-4016,1,1,GYYR
09/08/2025,15:30:16,53.31575,-60.41644,37.0,1.0,SKT-4016,1,1,GYYR
09/08/2025,15:30:23,53.31584,-60.41654,37.0,1.0,SKT-4016,1,1,GYYR
09/08/2025,15:30:30,53.31608,-60.41681,38.0,1.0,SKT-4016,1,1,GYYR
09/08/2025,15:30:37,53.31632,-60.41708,38.0,1.0,SKT-4016,1,1,GYYR
09/08/2025,15:30:45,53.31649,-60.41735,38.0,1.0,SKT-4016,1,1,GYYR
09/08/2025,15:30:52,53.31648,-60.41753,38.0,1.0,SKT-4016,1,1,GYYR
09/08/2025,15:30:59,53.31644,-60.41765,39.0,1.0,SKT-4016,1,1,GYYR
09/08/2025,15:31:07,53.31641,-60.41772,39.0,1.0,SKT-4016,1,1,GYYR
09/08/2025,15:31:15,53.31641,-60.41772,39.0,1.0,SKT-4016,1,1,GYYR
09/08/2025,15:31:22,53.31641,-60.41772,39.0,1.0,SKT-4016,1,1,GYYR
09/08/2025,15:31:29,53.31641,-60.41772,39.0,1.0,SKT-4016,1,1,GYYR
09/08/2025,15:31:36,53.31641,-60.41772,39.0,1.0,SKT-4016,1,1,GYYR
09/08/2025,15:31:44,53.31642,-60.41772,39.0,1.0,SKT-4016,1,1,GYYR
09/08/2025,15:31:51,53.31642,-60.41772,39.0,1.0,SKT-4016,1,1,GYYR
09/08/2025,15:31:58,53.31642,-60.41772,39.0,1.0,SKT-4016,1,1,GYYR
09/08/2025,15:32:06,53.31642,-60.41772,39.0,1.0,SKT-4016,1,1,GYYR
09/08/2025,15:32:13,53.31641,-60.41775,39.0,1.0,SKT-4016,1,1,GYYR
09/08/2025,15:32:20,53.31603,-60.41869,40.0,1.0,SKT-4016,1,1,GYYR
09/08/2025,15:32:27,53.31491,-60.42139,40.0,1.0,SKT-4016,1,1,GYYR
09/08/2025,15:32:35,53.31282,-60.42645,40.0,1.0,SKT-4016,1,1,GYYR
09/08/2025,15:32:42,53.31042,-60.43226,50.0,0.0,SKT-4016,1,1,GYYR
09/08/2025,15:32:49,53.3078,-60.43863,122.0,0.0,SKT-4016,1,1,GYYR
09/08/2025,15:32:56,53.30512,-60.44514,217.0,0.0,SKT-4016,1,1,GYYR
09/08/2025,15:33:04,53.3019,-60.45275,325.0,0.0,SKT-4016,1,1,GYYR
09/08/2025,15:33:11,53.29912,-60.4595,436.0,0.0,SKT-4016,1,1,GYYR
09/08/2025,15:33:18,53.29616,-60.46619,528.0,0.0,SKT-4016,1,1,GYYR
09/08/2025,15:33:26,53.29258,-60.47388,623.0,0.0,SKT-4016,1,1,GYYR
09/08/2025,15:33:33,53.28951,-60.48082,708.0,0.0,SKT-4016,1,1,GYYR
09/08/2025,15:33:40,53.28664,-60.48799,804.0,0.0,SKT-4016,1,1,GYYR
09/08/2025,15:33:47,53.28383,-60.4952,900.0,0.0,SKT-4016,1,1,GYYR
09/08/2025,15:33:55,53.28071,-60.50354,1008.0,0.0,SKT-4016,1,1,GYYR
09/08/2025,15:34:02,53.27826,-60.51132,1086.0,0.0,SKT-4016,1,1,GYYR
09/08/2025,15:34:09,53.27645,-60.51982,1158.0,0.0,SKT-4016,1,1,GYYR
09/08/2025,15:34:17,53.27529,-60.53016,1259.0,0.0,SKT-4016,1,1,GYYR
09/08/2025,15:34:25,53.27481,-60.54079,1363.0,0.0,SKT-4016,1,1,GYYR
09/08/2025,15:34:32,53.27467,-60.5502,1455.0,0.0,SKT-4016,1,1,GYYR
09/08/2025,06:24:28,,,,,SKT-4016,1,1,GYYR
09/08/2025,15:34:49,53.27511,-60.57336,1669.0,0.0,SKT-4016,1,1,GYYR
09/08/2025,15:34:57,53.27551,-60.58486,1717.0,0.0,SKT-4016,1,1,GYYR
09/08/2025,15:35:04,53.27582,-60.59534,1769.0,0.0,SKT-4016,1,1,GYYR
09/08/2025,15:35:12,53.27609,-60.60764,1843.0,0.0,SKT-4016,1,1,GYYR
09/08/2025,15:35:20,53.27621,-60.62019,1927.0,0.0,SKT-4016,1,1,GYYR
09/08/2025,15:35:27,53.2762,-60.6313,2003.0,0.0,SKT-4016,1,1,GYYR
09/08/2025,15:35:34,53.27609,-60.64252,2073.0,0.0,SKT-4016,1,1,GYYR
09/08/2025,15:35:42,53.27588,-60.6555,2152.0,0.0,SKT-4016,1,1,GYYR
09/08/2025,15:35:49,53.27562,-60.66697,2221.0,0.0,SKT-4016,1,1,GYYR
09/08/2025,15:35:56,53.27531,-60.67853,2287.0,0.0,SKT-4016,1,1,GYYR
09/08/2025,15:36:04,53.27492,-60.69186,2364.0,0.0,SKT-4016,1,1,GYYR
09/08/2025,15:36:12,53.27436,-60.70524,2443.0,0.0,SKT-4016,1,1,GYYR
09/08/2025,15:36:19,53.2737,-60.71698,2517.0,0.0,SKT-4016,1,1,GYYR
09/08/2025,15:36:26,53.27303,-60.72881,2591.0,0.0,SKT-4016,1,1,GYYR
09/08/2025,15:36:34,53.27237,-60.74241,2682.0,0.0,SKT-4016,1,1,GYYR
09/08/2025,15:36:41,53.27188,-60.75441,2758.0,0.0,SKT-4016,1,1,GYYR
09/08/2025,15:36:48,53.27145,-60.76646,2829.0,0.0,SKT-4016,1,1,GYYR
09/08/2025,15:36:56,53.27101,-60.78031,2910.0,0.0,SKT-4016,1,1,GYYR
09/08/2025,15:37:03,53.27065,-60.7925,2985.0,0.0,SKT-4016,1,1,GYYR
09/08/2025,15:37:10,53.27032,-60.80473,3058.0,0.0,SKT-4016,1,1,GYYR
09/08/2025,15:37:17,53.27,-60.81698,3128.0,0.0,SKT-4016,1,1,GYYR
09/08/2025,15:37:26,53.26956,-60.83281,3213.0,0.0,SKT-4016,1,1,GYYR
09/08/2025,15:37:33,53.26923,-60.84517,3287.0,0.0,SKT-4016,1,1,GYYR
09/08/2025,15:37:41,53.26883,-60.85929,3368.0,0.0,SKT-4016,1,1,GYYR
09/08/2025,15:37:48,53.26844,-60.87163,3440.0,0.0,SKT-4016,1,1,GYYR
09/08/2025,15:37:55,53.26805,-60.884,3510.0,0.0,SKT-4016,1,1,GYYR
09/08/2025,15:38:03,53.26759,-60.89817,3591.0,0.0,SKT-4016,1,0,GYYR
09/08/2025,15:38:12,53.26706,-60.91414,3683.0,0.0,SKT-4016,1,1,GYYR
09/08/2025,15:38:20,53.26659,-60.9284,3762.0,0.0,SKT-4016,1,1,GYYR
09/08/2025,15:38:27,53.26617,-60.94092,3824.0,0.0,SKT-4016,1,1,GYYR
09/08/2025,15:38:34,53.26575,-60.95343,3889.0,0.0,SKT-4016,1,1,GYYR
09/08/2025,15:38:42,53.26531,-60.96774,3964.0,0.0,SKT-4016,1,1,GYYR
09/08/2025,15:38:49,53.26494,-60.98029,4028.0,0.0,SKT-4016,1,1,GYYR
09/08/2025,15:38:56,53.26456,-60.99287,4091.0,0.0,SKT-4016,1,1,GYYR
09/08/2025,15:39:05,53.26406,-61.00904,4175.0,0.0,SKT-4016,1,1,GYYR
09/08/2025,15:39:13,53.2636,-61.02343,4254.0,0.0,SKT-4016,1,1,GYYR
09/08/2025,15:39:20,53.26321,-61.03601,4326.0,0.0,SKT-4016,1,1,GYYR
09/08/2025,15:39:28,53.26276,-61.05037,4403.0,0.0,SKT-4016,1,1,GYYR
09/08/2025,15:39:35,53.26239,-61.0629,4469.0,0.0,SKT-4016,1,1,GYYR
09/08/2025,15:39:43,53.26196,-61.0772,4542.0,0.0,SKT-4016,1,1,GYYR
09/08/2025,15:39:52,53.26142,-61.09328,4620.0,0.0,SKT-4016,1,1,GYYR
09/08/2025,15:39:59,53.26098,-61.10579,4678.0,0.0,SKT-4016,1,1,GYYR
09/08/2025,15:40:07,53.26047,-61.12012,4744.0,0.0,SKT-4016,1,1,GYYR
09/08/2025,15:40:15,53.25998,-61.13447,4812.0,0.0,SKT-4016,1,1,GYYR
09/08/2025,15:40:22,53.25957,-61.14705,4869.0,0.0,SKT-4016,1,1,GYYR
09/08/2025,15:40:29,53.25917,-61.15966,4923.0,0.0,SKT-4016,1,1,GYYR
09/08/2025,15:40:37,53.25858,-61.17409,4987.0,0.0,SKT-4016,1,1,GYYR
09/08/2025,15:40:45,53.25788,-61.18857,5033.0,0.0,SKT-4016,1,0,GYYR
09/08/2025,15:40:53,53.25715,-61.20334,5048.0,0.0,SKT-4016,1,0,GYYR
09/08/2025,15:41:01,53.25647,-61.21851,5055.0,0.0,SKT-4016,1,0,GYYR
09/08/2025,15:41:09,53.25584,-61.23404,5060.0,0.0,SKT-4016,1,0,GYYR
09/08/2025,15:41:17,53.25526,-61.24993,5063.0,0.0,SKT-4016,1,0,GYYR
09/08/2025,15:41:25,53.2547,-61.26617,5065.0,0.0,SKT-4016,1,0,GYYR
09/08/2025,15:41:33,53.25413,-61.28275,5067.0,0.0,SKT-4016,1,0,GYYR
09/08/2025,15:41:41,53.25356,-61.29964,5066.0,0.0,SKT-4016,1,0,GYYR
09/08/2025,15:41:49,53.25296,-61.31681,5064.0,0.0,SKT-4016,1,0,GYYR
09/08/2025,15:41:58,53.25227,-61.33643,5063.0,0.0,SKT-4016,1,0,GYYR
09/08/2025,15:42:06,53.25162,-61.35409,5065.0,0.0,SKT-4016,1,0,GYYR
09/08/2025,15:42:14,53.25092,-61.37192,5066.0,0.0,SKT-4016,1,0,GYYR
09/08/2025,15:42:22,53.25022,-61.38996,5064.0,0.0,SKT-4016,1,0,GYYR
09/08/2025,15:42:30,53.24952,-61.40813,5066.0,0.0,SKT-4016,1,0,GYYR
09/08/2025,15:42:38,53.24879,-61.42642,5066.0,0.0,SKT-4016,1,0,GYYR
09/08/2025,15:42:46,53.24807,-61.44483,5066.0,0.0,SKT-4016,1,0,GYYR
09/08/2025,15:42:54,53.24733,-61.46337,5065.0,0.0,SKT-4016,1,0,GYYR
09/08/2025,15:43:02,53.2466,-61.48204,5062.0,0.0,SKT-4016,1,0,GYYR
09/08/2025,15:43:10,53.2459,-61.50086,5064.0,0.0,SKT-4016,1,0,GYYR
09/08/2025,15:43:18,53.24522,-61.51977,5065.0,0.0,SKT-4016,1,0,GYYR
09/08/2025,15:43:26,53.24453,-61.53873,5067.0,0.0,SKT-4016,1,0,GYYR
09/08/2025,15:43:34,53.24385,-61.55774,5067.0,0.0,SKT-4016,1,0,GYYR
09/08/2025,15:43:42,53.24313,-61.57677,5067.0,0.0,SKT-4016,1,0,GYYR
09/08/2025,15:43:50,53.24235,-61.59582,5067.0,0.0,SKT-4016,1,0,GYYR
09/08/2025,15:43:59,53.24145,-61.61731,5066.0,0.0,SKT-4016,1,0,GYYR
09/08/2025,15:44:07,53.24067,-61.63649,5067.0,0.0,SKT-4016,1,0,GYYR
09/08/2025,15:44:15,53.2399,-61.6557,5067.0,0.0,SKT-4016,1,0,GYYR
09/08/2025,15:44:23,53.23915,-61.67492,5069.0,0.0,SKT-4016,1,0,GYYR
09/08/2025,15:44:31,53.23843,-61.69414,5069.0,0.0,SKT-4016,1,0,GYYR
09/08/2025,15:44:39,53.23771,-61.71341,5069.0,0.0,SKT-4016,1,0,GYYR
09/08/2025,15:44:47,53.23702,-61.73271,5070.0,0.0,SKT-4016,1,0,GYYR
09/08/2025,15:44:55,53.23629,-61.75203,5070.0,0.0,SKT-4016,1,0,GYYR
09/08/2025,15:45:03,53.23552,-61.77139,5068.0,0.0,SKT-4016,1,0,GYYR
09/08/2025,15:45:11,53.2347,-61.79076,5069.0,0.0,SKT-4016,1,0,GYYR
09/08/2025,15:45:19,53.23385,-61.81016,5067.0,0.0,SKT-4016,1,0,GYYR
09/08/2025,15:45:27,53.233,-61.82957,5067.0,0.0,SKT-4016,1,0,GYYR
09/08/2025,15:45:35,53.23218,-61.84901,5067.0,0.0,SKT-4016,1,0,GYYR
09/08/2025,15:45:43,53.2314,-61.86845,5067.0,0.0,SKT-4016,1,0,GYYR
09/08/2025,15:45:51,53.23064,-61.88792,5067.0,0.0,SKT-4016,1,0,GYYR
09/08/2025,15:46:00,53.22974,-61.90981,5066.0,0.0,SKT-4016,1,0,GYYR
09/08/2025,15:46:08,53.22892,-61.92924,5068.0,0.0,SKT-4016,1,0,GYYR
09/08/2025,06:36:05,,,,,SKT-4016,1,0,GYYR
09/08/2025,15:46:30,53.22668,-61.98265,5067.0,0.0,SKT-4016,1,0,GYYR
09/08/2025,15:46:38,53.22589,-62.00206,5065.0,0.0,SKT-4016,1,0,GYYR
09/08/2025,15:46:46,53.22511,-62.02148,5065.0,0.0,SKT-4016,1,0,GYYR
09/08/2025,15:46:54,53.2243,-62.04089,5065.0,0.0,SKT-4016,1,0,GYYR
09/08/2025,15:47:02,53.22346,-62.06029,5066.0,0.0,SKT-4016,1,0,GYYR
09/08/2025,15:47:10,53.22262,-62.0797,5066.0,0.0,SKT-4016,1,0,GYYR
09/08/2025,15:47:18,53.22178,-62.09916,5066.0,0.0,SKT-4016,1,0,GYYR
09/08/2025,15:47:26,53.22095,-62.11861,5065.0,0.0,SKT-4016,1,0,GYYR
09/08/2025,15:47:34,53.22014,-62.13807,5067.0,0.0,SKT-4016,1,0,GYYR
09/08/2025,15:47:42,53.21934,-62.15755,5065.0,0.0,SKT-4016,1,0,GYYR
09/08/2025,15:47:50,53.21851,-62.17706,5065.0,0.0,SKT-4016,1,0,GYYR
09/08/2025,15:47:58,53.21765,-62.1966,5066.0,0.0,SKT-4016,1,0,GYYR
09/08/2025,15:48:06,53.21681,-62.21617,5066.0,0.0,SKT-4016,1,0,GYYR
09/08/2025,15:48:14,53.21599,-62.23581,5064.0,0.0,SKT-4016,1,0,GYYR
09/08/2025,15:48:23,53.21506,-62.25791,5065.0,0.0,SKT-4016,1,0,GYYR
09/08/2025,15:48:31,53.21422,-62.27758,5064.0,0.0,SKT-4016,1,0,GYYR
09/08/2025,15:48:40,53.21327,-62.29973,5065.0,0.0,SKT-4016,1,0,GYYR
09/08/2025,15:48:48,53.21242,-62.31941,5066.0,0.0,SKT-4016,1,0,GYYR
09/08/2025,15:48:56,53.21157,-62.33909,5065.0,0.0,SKT-4016,1,0,GYYR
09/08/2025,15:49:04,53.2107,-62.35875,5066.0,0.0,SKT-4016,1,0,GYYR
09/08/2025,15:49:12,53.20981,-62.37841,5065.0,0.0,SKT-4016,1,0,GYYR
09/08/2025,15:49:20,53.20888,-62.39804,5064.0,0.0,SKT-4016,1,0,GYYR
09/08/2025,15:49:28,53.20792,-62.41766,5064.0,0.0,SKT-4016,1,0,GYYR
09/08/2025,15:49:36,53.20698,-62.43727,5064.0,0.0,SKT-4016,1,0,GYYR
09/08/2025,15:49:44,53.20608,-62.45687,5065.0,0.0,SKT-4016,1,0,GYYR
09/08/2025,15:49:52,53.20522,-62.47646,5065.0,0.0,SKT-4016,1,0,GYYR
09/08/2025,15:50:00,53.2044,-62.49604,5067.0,0.0,SKT-4016,1,0,GYYR
09/08/2025,15:50:08,53.20357,-62.51563,5068.0,0.0,SKT-4016,1,0,GYYR
09/08/2025,15:50:16,53.20267,-62.53524,5067.0,0.0,SKT-4016,1,0,GYYR
09/08/2025,15:50:25,53.20161,-62.55731,5066.0,0.0,SKT-4016,1,0,GYYR
09/08/2025,15:50:33,53.20067,-62.57692,5066.0,0.0,SKT-4016,1,0,GYYR
09/08/2025,15:50:41,53.19972,-62.59655,5066.0,0.0,SKT-4016,1,0,GYYR
09/08/2025,15:50:49,53.19875,-62.61624,5065.0,0.0,SKT-4016,1,0,GYYR
09/08/2025,15:50:58,53.1977,-62.63842,5066.0,0.0,SKT-4016,1,0,GYYR
09/08/2025,15:51:06,53.19679,-62.65815,5065.0,0.0,SKT-4016,1,0,GYYR
09/08/2025,15:51:14,53.19589,-62.67788,5065.0,0.0,SKT-4016,1,0,GYYR
09/08/2025,15:51:22,53.19497,-62.69759,5065.0,0.0,SKT-4016,1,0,GYYR
09/08/2025,15:51:30,53.19403,-62.7173,5066.0,0.0,SKT-4016,1,0,GYYR
09/08/2025,15:51:38,53.19309,-62.737,5066.0,0.0,SKT-4016,1,0,GYYR
09/08/2025,15:51:46,53.19213,-62.7567,5066.0,0.0,SKT-4016,1,0,GYYR
09/08/2025,15:51:54,53.19114,-62.77641,5065.0,0.0,SKT-4016,1,0,GYYR
09/08/2025,15:52:02,53.19014,-62.79615,5065.0,0.0,SKT-4016,1,0,GYYR
09/08/2025,15:52:10,53.18914,-62.8159,5064.0,0.0,SKT-4016,1,0,GYYR
09/08/2025,15:52:18,53.18816,-62.83564,5066.0,0.0,SKT-4016,1,0,GYYR
09/08/2025,15:52:26,53.1872,-62.85537,5064.0,0.0,SKT-4016,1,0,GYYR
09/08/2025,15:52:35,53.18615,-62.87755,5063.0,0.0,SKT-4016,1,0,GYYR
09/08/2025,15:52:43,53.18519,-62.8973,5062.0,0.0,SKT-4016,1,0,GYYR
09/08/2025,15:52:51,53.18423,-62.91705,5062.0,0.0,SKT-4016,1,0,GYYR
09/08/2025,15:52:59,53.18325,-62.93677,5062.0,0.0,SKT-4016,1,0,GYYR
09/08/2025,15:53:07,53.1823,-62.95647,5062.0,0.0,SKT-4016,1,0,GYYR
09/08/2025,15:53:15,53.18139,-62.97617,5064.0,0.0,SKT-4016,1,0,GYYR
09/08/2025,15:53:23,53.18046,-62.99589,5063.0,0.0,SKT-4016,1,0,GYYR
09/08/2025,15:53:31,53.17957,-63.01563,5065.0,0.0,SKT-4016,1,0,GYYR
09/08/2025,15:53:39,53.17902,-63.03543,5064.0,0.0,SKT-4016,1,0,GYYR
09/08/2025,15:53:47,53.17885,-63.05529,5064.0,0.0,SKT-4016,1,0,GYYR
09/08/2025,15:53:55,53.17891,-63.07514,5063.0,0.0,SKT-4016,1,0,GYYR
09/08/2025,15:54:03,53.17907,-63.09497,5063.0,0.0,SKT-4016,1,0,GYYR
09/08/2025,15:54:11,53.17924,-63.11479,5061.0,0.0,SKT-4016,1,0,GYYR
09/08/2025,15:54:20,53.1794,-63.13708,5062.0,0.0,SKT-4016,1,0,GYYR
09/08/2025,15:54:28,53.17952,-63.15694,5061.0,0.0,SKT-4016,1,0,GYYR
09/08/2025,15:54:36,53.17965,-63.17685,5062.0,0.0,SKT-4016,1,0,GYYR
09/08/2025,15:54:44,53.1798,-63.19676,5062.0,0.0,SKT-4016,1,0,GYYR
09/08/2025,15:54:52,53.17994,-63.21666,5064.0,0.0,SKT-4016,1,0,GYYR
09/08/2025,15:55:00,53.18005,-63.23656,5062.0,0.0,SKT-4016,1,0,GYYR
09/08/2025,15:55:08,53.18013,-63.25647,5064.0,0.0,SKT-4016,1,0,GYYR
09/08/2025,15:55:16,53.1802,-63.27638,5064.0,0.0,SKT-4016,1,0,GYYR
09/08/2025,15:55:24,53.18024,-63.29628,5064.0,0.0,SKT-4016,1,0,GYYR
09/08/2025,15:55:32,53.18031,-63.31618,5063.0,0.0,SKT-4016,1,0,GYYR
09/08/2025,15:55:40,53.18045,-63.33609,5063.0,0.0,SKT-4016,1,0,GYYR
09/08/2025,15:55:48,53.18059,-63.35599,5063.0,0.0,SKT-4016,1,0,GYYR
09/08/2025,15:55:56,53.18062,-63.37589,5062.0,0.0,SKT-4016,1,0,GYYR
09/08/2025,15:56:04,53.1806,-63.39576,5062.0,0.0,SKT-4016,1,0,GYYR
09/08/2025,15:56:12,53.18059,-63.41562,5064.0,0.0,SKT-4016,1,0,GYYR
09/08/2025,15:56:21,53.1806,-63.43797,5064.0,0.0,SKT-4016,1,0,GYYR
09/08/2025,15:56:29,53.18061,-63.45784,5063.0,0.0,SKT-4016,1,0,GYYR
09/08/2025,15:56:37,53.18065,-63.47771,5063.0,0.0,SKT-4016,1,0,GYYR
09/08/2025,15:56:45,53.1807,-63.49759,5063.0,0.0,SKT-4016,1,0,GYYR
09/08/2025,15:56:53,53.18072,-63.51748,5063.0,0.0,SKT-4016,1,0,GYYR
09/08/2025,15:57:01,53.1807,-63.53739,5063.0,0.0,SKT-4016,1,0,GYYR
09/08/2025,15:57:09,53.18063,-63.55735,5062.0,0.0,SKT-4016,1,0,GYYR
09/08/2025,15:57:17,53.18056,-63.5773,5062.0,0.0,SKT-4016,1,0,GYYR
09/08/2025,15:57:25,53.18074,-63.59706,5062.0,0.0,SKT-4016,1,0,GYYR
09/08/2025,15:57:32,53.18104,-63.61421,5061.0,0.0,SKT-4016,1,1,GYYR
09/08/2025,15:57:40,53.18135,-63.63366,5060.0,0.0,SKT-4016,1,1,GYYR
09/08/2025,15:57:47,53.18153,-63.65057,5057.0,0.0,SKT-4016,1,1,GYYR
09/08/2025,15:57:54,53.18163,-63.66736,5057.0,0.0,SKT-4016,1,1,GYYR
09/08/2025,15:58:02,53.18169,-63.68643,5057.0,0.0,SKT-4016,1,1,GYYR
09/08/2025,15:58:09,53.18169,-63.70304,5055.0,0.0,SKT-4016,1,1,GYYR
09/08/2025,15:58:16,53.18169,-63.71957,5055.0,0.0,SKT-4016,1,1,GYYR
09/08/2025,15:58:24,53.18169,-63.73841,5055.0,0.0,SKT-4016,1,1,GYYR
09/08/2025,15:58:31,53.18157,-63.75494,5057.0,0.0,SKT-4016,1,1,GYYR
09/08/2025,15:58:39,53.18125,-63.77393,5060.0,0.0,SKT-4016,1,1,GYYR
09/08/2025,15:58:46,53.18098,-63.79063,5061.0,0.0,SKT-4016,1,1,GYYR
09/08/2025,15:58:54,53.18081,-63.80977,5062.0,0.0,SKT-4016,1,1,GYYR
09/08/2025,15:59:02,53.18075,-63.829,5063.0,0.0,SKT-4016,1,1,GYYR
09/08/2025,15:59:09,53.18076,-63.84589,5062.0,0.0,SKT-4016,1,1,GYYR
09/08/2025,15:59:16,53.18077,-63.86286,5062.0,0.0,SKT-4016,1,1,GYYR
09/08/2025,15:59:23,53.18076,-63.87987,5063.0,0.0,SKT-4016,1,1,GYYR
09/08/2025,15:59:31,53.18068,-63.89936,5063.0,0.0,SKT-4016,1,1,GYYR
09/08/2025,15:59:38,53.18063,-63.91647,5062.0,0.0,SKT-4016,1,1,GYYR
09/08/2025,15:59:45,53.18063,-63.93361,5065.0,0.0,SKT-4016,1,1,GYYR
09/08/2025,15:59:52,53.18068,-63.95078,5064.0,0.0,SKT-4016,1,1,GYYR
09/08/2025,16:00:00,53.18073,-63.97046,5063.0,0.0,SKT-4016,1,1,GYYR
09/08/2025,16:00:07,53.18073,-63.98769,5061.0,0.0,SKT-4016,1,1,GYYR
09/08/2025,16:00:14,53.18072,-64.00494,5060.0,0.0,SKT-4016,1,1,GYYR
09/08/2025,16:00:22,53.18066,-64.0247,5059.0,0.0,SKT-4016,1,1,GYYR
09/08/2025,16:00:29,53.18057,-64.04202,5059.0,0.0,SKT-4016,1,1,GYYR
09/08/2025,16:00:37,53.18043,-64.06186,5057.0,0.0,SKT-4016,1,1,GYYR
09/08/2025,16:00:45,53.18032,-64.0817,5058.0,0.0,SKT-4016,1,1,GYYR
09/08/2025,16:00:53,53.18023,-64.10155,5059.0,0.0,SKT-4016,1,0,GYYR
09/08/2025,16:01:01,53.18012,-64.12141,5059.0,0.0,SKT-4016,1,1,GYYR
09/08/2025,16:01:08,53.18003,-64.13882,5059.0,0.0,SKT-4016,1,1,GYYR
09/08/2025,16:01:16,53.17992,-64.15875,5059.0,0.0,SKT-4016,1,1,GYYR
09/08/2025,16:01:23,53.17986,-64.17619,5060.0,0.0,SKT-4016,1,1,GYYR
09/08/2025,16:01:30,53.17981,-64.19363,5060.0,0.0,SKT-4016,1,1,GYYR
09/08/2025,16:01:37,53.17974,-64.21107,5061.0,0.0,SKT-4016,1,1,GYYR
09/08/2025,16:01:45,53.17965,-64.231,5061.0,0.0,SKT-4016,1,1,GYYR
09/08/2025,16:01:52,53.17954,-64.24845,5061.0,0.0,SKT-4016,1,1,GYYR
09/08/2025,16:01:59,53.17942,-64.2659,5061.0,0.0,SKT-4016,1,1,GYYR
09/08/2025,16:02:07,53.17926,-64.28584,5060.0,0.0,SKT-4016,1,1,GYYR
09/08/2025,16:02:14,53.17911,-64.30329,5060.0,0.0,SKT-4016,1,1,GYYR
09/08/2025,16:02:21,53.17898,-64.32076,5060.0,0.0,SKT-4016,1,1,GYYR
09/08/2025,16:02:29,53.17887,-64.34075,5059.0,0.0,SKT-4016,1,1,GYYR
09/08/2025,16:02:36,53.17881,-64.35824,5062.0,0.0,SKT-4016,1,1,GYYR
09/08/2025,16:02:43,53.17875,-64.37572,5062.0,0.0,SKT-4016,1,1,GYYR
09/08/2025,16:02:51,53.17863,-64.3957,5061.0,0.0,SKT-4016,1,1,GYYR
09/08/2025,16:02:58,53.17851,-64.41319,5062.0,0.0,SKT-4016,1,1,GYYR
09/08/2025,16:03:06,53.17833,-64.43317,5062.0,0.0,SKT-4016,1,1,GYYR
09/08/2025,16:03:13,53.17819,-64.45068,5062.0,0.0,SKT-4016,1,1,GYYR
09/08/2025,16:03:21,53.17806,-64.47069,5059.0,0.0,SKT-4016,1,1,GYYR
09/08/2025,16:03:28,53.17797,-64.48817,5060.0,0.0,SKT-4016,1,1,GYYR
09/08/2025,16:03:35,53.17788,-64.50565,5061.0,0.0,SKT-4016,1,1,GYYR
09/08/2025,16:03:43,53.17772,-64.52565,5047.0,0.0,SKT-4016,1,1,GYYR
09/08/2025,16:03:52,53.17751,-64.54829,5024.0,0.0,SKT-4016,1,0,GYYR
09/08/2025,16:04:00,53.17745,-64.56848,5005.0,0.0,SKT-4016,1,0,GYYR
09/08/2025,16:04:08,53.1776,-64.58854,4981.0,0.0,SKT-4016,1,0,GYYR
09/08/2025,16:04:16,53.17793,-64.60838,4959.0,0.0,SKT-4016,1,0,GYYR
09/08/2025,16:04:24,53.17805,-64.62804,4938.0,0.0,SKT-4016,1,0,GYYR
09/08/2025,16:04:32,53.17769,-64.64753,4917.0,0.0,SKT-4016,1,0,GYYR
09/08/2025,16:04:40,53.1771,-64.66687,4895.0,0.0,SKT-4016,1,0,GYYR
09/08/2025,16:04:48,53.17658,-64.68613,4873.0,0.0,SKT-4016,1,0,GYYR
09/08/2025,16:04:56,53.1762,-64.70535,4851.0,0.0,SKT-4016,1,0,GYYR
09/08/2025,16:05:04,53.17623,-64.72451,4827.0,0.0,SKT-4016,1,0,GYYR
09/08/2025,16:05:12,53.1766,-64.74342,4802.0,0.0,SKT-4016,1,0,GYYR
09/08/2025,16:05:20,53.17668,-64.76205,4782.0,0.0,SKT-4016,1,0,GYYR
09/08/2025,16:05:28,53.17643,-64.78038,4759.0,0.0,SKT-4016,1,0,GYYR
09/08/2025,16:05:36,53.1761,-64.79848,4735.0,0.0,SKT-4016,1,0,GYYR
09/08/2025,16:05:44,53.17584,-64.81637,4713.0,0.0,SKT-4016,1,0,GYYR
09/08/2025,16:05:53,53.17558,-64.83637,4689.0,0.0,SKT-4016,1,0,GYYR
09/08/2025,16:06:01,53.17512,-64.85421,4668.0,0.0,SKT-4016,1,0,GYYR
09/08/2025,16:06:09,53.17461,-64.87214,4648.0,0.0,SKT-4016,1,0,GYYR
09/08/2025,16:06:17,53.17422,-64.89017,4628.0,0.0,SKT-4016,1,0,GYYR
09/08/2025,16:06:25,53.17417,-64.9083,4606.0,0.0,SKT-4016,1,0,GYYR
09/08/2025,16:06:33,53.1745,-64.92644,4585.0,0.0,SKT-4016,1,0,GYYR
09/08/2025,16:06:41,53.1748,-64.94454,4564.0,0.0,SKT-4016,1,0,GYYR
09/08/2025,16:06:49,53.17489,-64.96264,4544.0,0.0,SKT-4016,1,0,GYYR
09/08/2025,16:06:57,53.17483,-64.98071,4525.0,0.0,SKT-4016,1,0,GYYR
09/08/2025,16:07:05,53.17465,-64.99882,4504.0,0.0,SKT-4016,1,0,GYYR
09/08/2025,16:07:13,53.17445,-65.01698,4483.0,0.0,SKT-4016,1,0,GYYR
09/08/2025,16:07:21,53.17421,-65.03517,4463.0,0.0,SKT-4016,1,0,GYYR
09/08/2025,16:07:29,53.17396,-65.05337,4441.0,0.0,SKT-4016,1,0,GYYR
09/08/2025,16:07:37,53.17376,-65.07149,4420.0,0.0,SKT-4016,1,0,GYYR
09/08/2025,16:07:45,53.1737,-65.08936,4398.0,0.0,SKT-4016,1,0,GYYR
09/08/2025,16:07:54,53.17351,-65.10915,4374.0,0.0,SKT-4016,1,0,GYYR
09/08/2025,16:08:02,53.17324,-65.1265,4350.0,0.0,SKT-4016,1,0,GYYR
09/08/2025,16:08:10,53.17318,-65.14342,4317.0,0.0,SKT-4016,1,0,GYYR
09/08/2025,16:08:18,53.17337,-65.15984,4291.0,0.0,SKT-4016,1,0,GYYR
09/08/2025,16:08:26,53.17334,-65.17596,4270.0,0.0,SKT-4016,1,0,GYYR
09/08/2025,16:08:34,53.17273,-65.19186,4248.0,0.0,SKT-4016,1,0,GYYR
09/08/2025,16:08:42,53.17197,-65.20755,4224.0,0.0,SKT-4016,1,0,GYYR
09/08/2025,16:08:50,53.1713,-65.22312,4202.0,0.0,SKT-4016,1,0,GYYR
09/08/2025,16:08:58,53.17075,-65.23856,4181.0,0.0,SKT-4016,1,0,GYYR
09/08/2025,16:09:06,53.17035,-65.25392,4157.0,0.0,SKT-4016,1,0,GYYR
09/08/2025,16:09:14,53.17004,-65.2692,4135.0,0.0,SKT-4016,1,0,GYYR
09/08/2025,16:09:22,53.1698,-65.2844,4113.0,0.0,SKT-4016,1,0,GYYR
09/08/2025,16:09:30,53.16957,-65.29961,4093.0,0.0,SKT-4016,1,0,GYYR
09/08/2025,16:09:38,53.16933,-65.31482,4072.0,0.0,SKT-4016,1,0,GYYR
09/08/2025,16:09:46,53.16906,-65.33002,4050.0,0.0,SKT-4016,1,0,GYYR
09/08/2025,16:09:55,53.1688,-65.34709,4028.0,0.0,SKT-4016,1,0,GYYR
09/08/2025,16:10:03,53.16859,-65.36225,4005.0,0.0,SKT-4016,1,0,GYYR
09/08/2025,16:10:11,53.16836,-65.37749,3984.0,0.0,SKT-4016,1,0,GYYR
09/08/2025,16:10:19,53.16824,-65.39283,3962.0,0.0,SKT-4016,1,0,GYYR
09/08/2025,16:10:27,53.16827,-65.40826,3943.0,0.0,SKT-4016,1,0,GYYR
09/08/2025,16:10:35,53.16828,-65.42378,3930.0,0.0,SKT-4016,1,0,GYYR
09/08/2025,16:10:43,53.16805,-65.43948,3914.0,0.0,SKT-4016,1,0,GYYR
09/08/2025,16:10:51,53.16769,-65.45536,3894.0,0.0,SKT-4016,1,0,GYYR
09/08/2025,16:10:59,53.16737,-65.47141,3873.0,0.0,SKT-4016,1,0,GYYR
09/08/2025,16:11:07,53.16706,-65.48761,3852.0,0.0,SKT-4016,1,0,GYYR
09/08/2025,16:11:15,53.16676,-65.50391,3832.0,0.0,SKT-4016,1,0,GYYR
09/08/2025,16:11:23,53.16647,-65.52029,3811.0,0.0,SKT-4016,1,0,GYYR
09/08/2025,16:11:31,53.16619,-65.53677,3790.0,0.0,SKT-4016,1,0,GYYR
09/08/2025,16:11:39,53.16588,-65.55334,3772.0,0.0,SKT-4016,1,0,GYYR
09/08/2025,16:11:47,53.16556,-65.56991,3751.0,0.0,SKT-4016,1,0,GYYR
09/08/2025,16:11:55,53.16534,-65.58645,3730.0,0.0,SKT-4016,1,0,GYYR
09/08/2025,16:12:04,53.16517,-65.60502,3706.0,0.0,SKT-4016,1,0,GYYR
09/08/2025,16:12:12,53.16499,-65.6215,3685.0,0.0,SKT-4016,1,0,GYYR
09/08/2025,16:12:20,53.1647,-65.63796,3665.0,0.0,SKT-4016,1,0,GYYR
09/08/2025,16:12:28,53.16447,-65.65434,3643.0,0.0,SKT-4016,1,0,GYYR
09/08/2025,16:12:36,53.16435,-65.67062,3621.0,0.0,SKT-4016,1,0,GYYR
09/08/2025,16:12:44,53.16423,-65.68679,3601.0,0.0,SKT-4016,1,0,GYYR
09/08/2025,16:12:52,53.16405,-65.70286,3580.0,0.0,SKT-4016,1,0,GYYR
09/08/2025,16:13:00,53.16382,-65.71885,3558.0,0.0,SKT-4016,1,0,GYYR
09/08/2025,16:13:08,53.16353,-65.73476,3536.0,0.0,SKT-4016,1,0,GYYR
09/08/2025,16:13:16,53.16323,-65.7506,3517.0,0.0,SKT-4016,1,0,GYYR
09/08/2025,16:13:24,53.16298,-65.76635,3495.0,0.0,SKT-4016,1,0,GYYR
09/08/2025,16:13:32,53.16273,-65.78204,3473.0,0.0,SKT-4016,1,0,GYYR
09/08/2025,16:13:40,53.16243,-65.79772,3452.0,0.0,SKT-4016,1,0,GYYR
09/08/2025,16:13:48,53.16182,-65.81366,3435.0,0.0,SKT-4016,1,0,GYYR
09/08/2025,16:13:56,53.16122,-65.82973,3415.0,0.0,SKT-4016,1,0,GYYR
09/08/2025,16:14:05,53.16074,-65.84797,3393.0,0.0,SKT-4016,1,0,GYYR
09/08/2025,16:14:13,53.16037,-65.86432,3373.0,0.0,SKT-4016,1,0,GYYR
09/08/2025,16:14:21,53.16006,-65.88074,3351.0,0.0,SKT-4016,1,0,GYYR
09/08/2025,16:14:29,53.15987,-65.89718,3330.0,0.0,SKT-4016,1,0,GYYR
09/08/2025,16:14:37,53.15975,-65.91358,3309.0,0.0,SKT-4016,1,0,GYYR
09/08/2025,16:14:45,53.15958,-65.92992,3285.0,0.0,SKT-4016,1,0,GYYR
09/08/2025,16:14:53,53.15938,-65.94617,3262.0,0.0,SKT-4016,1,0,GYYR
09/08/2025,16:15:01,53.15907,-65.96234,3241.0,0.0,SKT-4016,1,0,GYYR
09/08/2025,16:15:09,53.15872,-65.97842,3220.0,0.0,SKT-4016,1,0,GYYR
09/08/2025,16:15:17,53.15845,-65.99448,3198.0,0.0,SKT-4016,1,0,GYYR
09/08/2025,16:15:25,53.15818,-66.01052,3178.0,0.0,SKT-4016,1,0,GYYR
09/08/2025,16:15:35,53.15782,-66.03054,3151.0,0.0,SKT-4016,1,0,GYYR
09/08/2025,16:15:43,53.15752,-66.04651,3129.0,0.0,SKT-4016,1,0,GYYR
09/08/2025,16:15:51,53.15716,-66.06243,3107.0,0.0,SKT-4016,1,0,GYYR
09/08/2025,16:15:59,53.15672,-66.07832,3085.0,0.0,SKT-4016,1,0,GYYR
09/08/2025,16:16:07,53.15627,-66.09415,3065.0,0.0,SKT-4016,1,0,GYYR
09/08/2025,16:16:15,53.15587,-66.10997,3043.0,0.0,SKT-4016,1,0,GYYR
09/08/2025,16:16:23,53.15552,-66.12578,3021.0,0.0,SKT-4016,1,0,GYYR
09/08/2025,16:16:31,53.15519,-66.14156,3000.0,0.0,SKT-4016,1,0,GYYR
09/08/2025,16:16:38,53.15491,-66.15532,2982.0,0.0,SKT-4016,1,0,GYYR
09/08/2025,16:16:45,53.15464,-66.16907,2964.0,0.0,SKT-4016,1,0,GYYR
09/08/2025,16:16:52,53.15433,-66.18281,2946.0,0.0,SKT-4016,1,0,GYYR
09/08/2025,16:16:59,53.154,-66.19656,2928.0,0.0,SKT-4016,1,0,GYYR
09/08/2025,16:17:06,53.15371,-66.21034,2911.0,0.0,SKT-4016,1,0,GYYR
09/08/2025,16:17:13,53.15346,-66.22412,2895.0,0.0,SKT-4016,1,0,GYYR
09/08/2025,16:17:20,53.15322,-66.23785,2891.0,0.0,SKT-4016,1,0,GYYR
09/08/2025,16:17:28,53.15293,-66.25343,2881.0,0.0,SKT-4016,1,0,GYYR
09/08/2025,16:17:35,53.15262,-66.26707,2860.0,0.0,SKT-4016,1,0,GYYR
09/08/2025,16:17:42,53.1523,-66.28072,2847.0,0.0,SKT-4016,1,0,GYYR
09/08/2025,16:17:49,53.15201,-66.29433,2841.0,0.0,SKT-4016,1,0,GYYR
09/08/2025,16:17:56,53.15174,-66.30788,2835.0,0.0,SKT-4016,1,0,GYYR
09/08/2025,16:18:03,53.15149,-66.32138,2826.0,0.0,SKT-4016,1,0,GYYR
09/08/2025,16:18:10,53.15124,-66.33485,2818.0,0.0,SKT-4016,1,0,GYYR
09/08/2025,16:18:17,53.15095,-66.34827,2811.0,0.0,SKT-4016,1,0,GYYR
09/08/2025,16:18:24,53.15065,-66.36165,2803.0,0.0,SKT-4016,1,0,GYYR
09/08/2025,16:18:31,53.15034,-66.37501,2794.0,0.0,SKT-4016,1,0,GYYR
09/08/2025,16:18:38,53.15001,-66.38834,2786.0,0.0,SKT-4016,1,0,GYYR
09/08/2025,16:18:45,53.1497,-66.40165,2779.0,0.0,SKT-4016,1,0,GYYR
09/08/2025,16:18:52,53.14944,-66.4149,2774.0,0.0,SKT-4016,1,0,GYYR
09/08/2025,16:18:59,53.14915,-66.42812,2766.0,0.0,SKT-4016,1,0,GYYR
09/08/2025,16:19:06,53.14885,-66.44131,2760.0,0.0,SKT-4016,1,0,GYYR
09/08/2025,16:19:13,53.14857,-66.45448,2753.0,0.0,SKT-4016,1,0,GYYR
09/08/2025,16:19:20,53.14829,-66.46762,2744.0,0.0,SKT-4016,1,0,GYYR
09/08/2025,16:19:27,53.14798,-66.48075,2737.0,0.0,SKT-4016,1,0,GYYR
09/08/2025,16:19:34,53.14764,-66.49388,2728.0,0.0,SKT-4016,1,0,GYYR
09/08/2025,16:19:41,53.14731,-66.507,2723.0,0.0,SKT-4016,1,0,GYYR
09/08/2025,16:19:48,53.14697,-66.52011,2715.0,0.0,SKT-4016,1,0,GYYR
09/08/2025,16:19:55,53.14664,-66.53323,2707.0,0.0,SKT-4016,1,0,GYYR
09/08/2025,16:20:02,53.14631,-66.54635,2700.0,0.0,SKT-4016,1,0,GYYR
09/08/2025,16:20:10,53.14595,-66.56131,2693.0,0.0,SKT-4016,1,0,GYYR
09/08/2025,16:20:17,53.14562,-66.57439,2685.0,0.0,SKT-4016,1,0,GYYR
09/08/2025,16:20:24,53.14529,-66.58745,2677.0,0.0,SKT-4016,1,0,GYYR
09/08/2025,16:20:31,53.14493,-66.60049,2669.0,0.0,SKT-4016,1,0,GYYR
09/08/2025,16:20:38,53.14461,-66.61353,2662.0,0.0,SKT-4016,1,0,GYYR
09/08/2025,16:20:45,53.14429,-66.62654,2654.0,0.0,SKT-4016,1,0,GYYR
09/08/2025,16:20:52,53.14398,-66.63954,2647.0,0.0,SKT-4016,1,0,GYYR
09/08/2025,16:20:59,53.14364,-66.65251,2640.0,0.0,SKT-4016,1,0,GYYR
09/08/2025,16:21:06,53.14328,-66.66545,2632.0,0.0,SKT-4016,1,0,GYYR
09/08/2025,16:21:13,53.14289,-66.67835,2629.0,0.0,SKT-4016,1,0,GYYR
09/08/2025,16:21:20,53.14248,-66.69127,2609.0,0.0,SKT-4016,1,0,GYYR
09/08/2025,16:21:27,53.14209,-66.70435,2564.0,0.0,SKT-4016,1,0,GYYR
09/08/2025,16:21:34,53.14191,-66.71749,2519.0,0.0,SKT-4016,1,0,GYYR
09/08/2025,16:21:41,53.14187,-66.73059,2477.0,0.0,SKT-4016,1,0,GYYR
09/08/2025,16:21:49,53.14191,-66.74526,2428.0,0.0,SKT-4016,1,0,GYYR
09/08/2025,16:21:56,53.14169,-66.75783,2385.0,0.0,SKT-4016,1,0,GYYR
09/08/2025,16:22:04,53.14111,-66.77187,2334.0,0.0,SKT-4016,1,0,GYYR
09/08/2025,16:22:11,53.14059,-66.78387,2295.0,0.0,SKT-4016,1,0,GYYR
09/08/2025,16:22:18,53.14015,-66.79559,2256.0,0.0,SKT-4016,1,0,GYYR
09/08/2025,16:22:25,53.13982,-66.80706,2219.0,0.0,SKT-4016,1,0,GYYR
09/08/2025,16:22:32,53.13948,-66.81844,2182.0,0.0,SKT-4016,1,0,GYYR
09/08/2025,16:22:39,53.13909,-66.82978,2146.0,0.0,SKT-4016,1,0,GYYR
09/08/2025,16:22:46,53.13848,-66.84123,2109.0,0.0,SKT-4016,1,0,GYYR
09/08/2025,16:22:53,53.13729,-66.85266,2068.0,0.0,SKT-4016,1,0,GYYR
09/08/2025,16:23:01,53.13547,-66.86536,2019.0,0.0,SKT-4016,1,0,GYYR
09/08/2025,16:23:08,53.13351,-66.87629,1984.0,0.0,SKT-4016,1,0,GYYR
09/08/2025,16:23:15,53.13129,-66.88705,1946.0,0.0,SKT-4016,1,0,GYYR
09/08/2025,16:23:22,53.12893,-66.89769,1907.0,0.0,SKT-4016,1,0,GYYR
09/08/2025,16:23:29,53.12647,-66.90824,1869.0,0.0,SKT-4016,1,0,GYYR
09/08/2025,16:23:36,53.12395,-66.91872,1830.0,0.0,SKT-4016,1,0,GYYR
09/08/2025,16:23:43,53.12144,-66.92916,1793.0,0.0,SKT-4016,1,0,GYYR
09/08/2025,16:23:50,53.11896,-66.9396,1755.0,0.0,SKT-4016,1,0,GYYR
09/08/2025,16:23:57,53.11603,-66.94967,1716.0,0.0,SKT-4016,1,0,GYYR
09/08/2025,16:24:04,53.11172,-66.95811,1679.0,0.0,SKT-4016,1,0,GYYR
09/08/2025,16:24:11,53.10611,-66.96391,1644.0,0.0,SKT-4016,1,0,GYYR
09/08/2025,16:24:18,53.0997,-66.96642,1611.0,0.0,SKT-4016,1,0,GYYR
09/08/2025,16:24:25,53.09317,-66.96532,1581.0,0.0,SKT-4016,1,0,GYYR
09/08/2025,16:24:32,53.08699,-66.96204,1539.0,0.0,SKT-4016,1,0,GYYR
09/08/2025,16:24:39,53.08113,-66.95828,1495.0,0.0,SKT-4016,1,0,GYYR
09/08/2025,16:24:46,53.07552,-66.95483,1467.0,0.0,SKT-4016,1,0,GYYR
09/08/2025,16:24:53,53.07023,-66.95165,1435.0,0.0,SKT-4016,1,1,GYYR
09/08/2025,16:25:01,53.06441,-66.94827,1406.0,0.0,SKT-4016,1,1,GYYR
09/08/2025,16:25:08,53.05935,-66.94532,1365.0,0.0,SKT-4016,1,1,GYYR
09/08/2025,16:25:15,53.05436,-66.94246,1333.0,0.0,SKT-4016,1,1,GYYR
09/08/2025,16:25:22,53.04943,-66.93966,1304.0,0.0,SKT-4016,1,1,GYYR
09/08/2025,16:25:30,53.04401,-66.93651,1277.0,0.0,SKT-4016,1,1,GYYR
09/08/2025,16:25:37,53.03948,-66.93384,1235.0,0.0,SKT-4016,1,1,GYYR
09/08/2025,16:25:44,53.03518,-66.9313,1202.0,0.0,SKT-4016,1,1,GYYR
09/08/2025,16:25:52,53.03047,-66.92854,1171.0,0.0,SKT-4016,1,1,GYYR
09/08/2025,16:25:59,53.02641,-66.92614,1145.0,0.0,SKT-4016,1,1,GYYR
09/08/2025,16:26:06,53.0224,-66.92367,1120.0,0.0,SKT-4016,1,1,GYYR
09/08/2025,16:26:13,53.01841,-66.92126,1095.0,0.0,SKT-4016,1,1,GYYR
09/08/2025,16:26:21,53.01387,-66.91854,1064.0,0.0,SKT-4016,1,1,GYYR
09/08/2025,16:26:28,53.00995,-66.91621,1039.0,0.0,SKT-4016,1,1,GYYR
09/08/2025,16:26:35,53.00608,-66.91389,1016.0,0.0,SKT-4016,1,1,GYYR
09/08/2025,16:26:43,53.00165,-66.91127,988.0,0.0,SKT-4016,1,1,GYYR
09/08/2025,16:26:50,52.99778,-66.90891,962.0,0.0,SKT-4016,1,1,GYYR
09/08/2025,16:26:57,52.99389,-66.90638,936.0,0.0,SKT-4016,1,1,GYYR
09/08/2025,16:27:05,52.98942,-66.90337,903.0,0.0,SKT-4016,1,1,GYYR
09/08/2025,16:27:12,52.98549,-66.90065,875.0,0.0,SKT-4016,1,1,GYYR
09/08/2025,16:27:19,52.98154,-66.89809,846.0,0.0,SKT-4016,1,1,GYYR
09/08/2025,16:27:26,52.97757,-66.89613,831.0,0.0,SKT-4016,1,1,GYYR
09/08/2025,16:27:34,52.97308,-66.89415,809.0,0.0,SKT-4016,1,1,GYYR
09/08/2025,16:27:41,52.96914,-66.8922,784.0,0.0,SKT-4016,1,1,GYYR
09/08/2025,16:27:48,52.96522,-66.8899,768.0,0.0,SKT-4016,1,1,GYYR
09/08/2025,16:27:56,52.96077,-66.88708,738.0,0.0,SKT-4016,1,1,GYYR
09/08/2025,16:28:03,52.95679,-66.88466,711.0,0.0,SKT-4016,1,1,GYYR
09/08/2025,16:28:11,52.9522,-66.8821,685.0,0.0,SKT-4016,1,1,GYYR
09/08/2025,16:28:18,52.94826,-66.87971,657.0,0.0,SKT-4016,1,1,GYYR
09/08/2025,16:28:26,52.94387,-66.87711,620.0,0.0,SKT-4016,1,1,GYYR
09/08/2025,16:28:33,52.94004,-66.87489,596.0,0.0,SKT-4016,1,1,GYYR
09/08/2025,16:28:40,52.93624,-66.87267,573.0,0.0,SKT-4016,1,1,GYYR
09/08/2025,16:28:49,52.93136,-66.86974,544.0,0.0,SKT-4016,1,1,GYYR
09/08/2025,16:28:57,52.92708,-66.86723,531.0,0.0,SKT-4016,1,0,GYYR
09/08/2025,16:29:04,52.92372,-66.86525,531.0,1.0,SKT-4016,1,1,GYYR
09/08/2025,16:29:11,52.92158,-66.86394,531.0,1.0,SKT-4016,1,1,GYYR
09/08/2025,16:29:19,52.92027,-66.86317,532.0,1.0,SKT-4016,1,1,GYYR
09/08/2025,16:29:26,52.9198,-66.86304,532.0,1.0,SKT-4016,1,1,GYYR
09/08/2025,16:29:34,52.91973,-66.86292,532.0,1.0,SKT-4016,1,1,GYYR
09/08/2025,16:29:42,52.91986,-66.86285,533.0,1.0,SKT-4016,1,1,GYYR
09/08/2025,16:29:50,52.92017,-66.86306,533.0,1.0,SKT-4016,1,1,GYYR
09/08/2025,16:29:57,52.92053,-66.86336,533.0,1.0,SKT-4016,1,1,GYYR
09/08/2025,16:30:04,52.92104,-66.86369,533.0,1.0,SKT-4016,1,1,GYYR
09/08/2025,16:30:13,52.92191,-66.86421,533.0,1.0,SKT-4016,1,1,GYYR
09/08/2025,16:30:20,52.92268,-66.86466,532.0,1.0,SKT-4016,1,1,GYYR
09/08/2025,16:30:27,52.92347,-66.86513,532.0,1.0,SKT-4016,1,1,GYYR
09/08/2025,16:30:35,52.9244,-66.86568,531.0,1.0,SKT-4016,1,1,GYYR
09/08/2025,16:30:42,52.92518,-66.86614,531.0,1.0,SKT-4016,1,1,GYYR
09/08/2025,16:30:49,52.92587,-66.86655,531.0,1.0,SKT-4016,1,1,GYYR
09/08/2025,16:30:56,52.92648,-66.86691,531.0,1.0,SKT-4016,1,1,GYYR
09/08/2025,16:31:04,52.92696,-66.86743,531.0,1.0,SKT-4016,1,1,GYYR
09/08/2025,16:31:11,52.92702,-66.86811,530.0,1.0,SKT-4016,1,1,GYYR
09/08/2025,16:31:18,52.92688,-66.86881,530.0,1.0,SKT-4016,1,1,GYYR
09/08/2025,16:31:26,52.92668,-66.86974,530.0,1.0,SKT-4016,1,1,GYYR
09/08/2025,16:31:34,52.92648,-66.87061,530.0,1.0,SKT-4016,1,1,GYYR
09/08/2025,16:31:41,52.92644,-66.87117,530.0,1.0,SKT-4016,1,1,GYYR
09/08/2025,16:31:48,52.92662,-66.87155,530.0,1.0,SKT-4016,1,1,GYYR
09/08/2025,16:31:56,52.92694,-66.87177,530.0,1.0,SKT-4016,1,1,GYYR
09/08/2025,16:32:04,52.92721,-66.87195,530.0,1.0,SKT-4016,1,1,GYYR
09/08/2025,16:32:11,52.92725,-66.87223,531.0,1.0,SKT-4016,1,1,GYYR
09/08/2025,16:32:18,52.92721,-66.87249,530.0,1.0,SKT-4016,1,1,GYYR
09/08/2025,16:32:26,52.92718,-66.87263,530.0,1.0,SKT-4016,1,1,GYYR
09/08/2025,16:32:34,52.92718,-66.87264,530.0,1.0,SKT-4016,1,1,GYYR
09/08/2025,16:32:41,52.92718,-66.87264,530.0,1.0,SKT-4016,1,1,GYYR
09/08/2025,16:32:48,52.92718,-66.87264,530.0,1.0,SKT-4016,1,1,GYYR
09/08/2025,16:32:55,52.92718,-66.87264,530.0,1.0,SKT-4016,1,1,GYYR
09/08/2025,16:33:03,52.92718,-66.87264,531.0,1.0,SKT-4016,1,1,GYYR
09/08/2025,16:33:11,52.92717,-66.87264,531.0,1.0,SKT-4016,1,1,GYYR
09/08/2025,16:33:18,52.92718,-66.87264,531.0,1.0,SKT-4016,1,1,GYYR
09/08/2025,16:33:25,52.92717,-66.87264,531.0,1.0,SKT-4016,1,1,GYYR
09/08/2025,16:33:32,52.92717,-66.87263,531.0,1.0,SKT-4016,1,1,GYYR
09/08/2025,16:33:40,52.92717,-66.87263,530.0,1.0,SKT-4016,1,1,GYYR
09/08/2025,16:33:47,52.92718,-66.87262,530.0,1.0,SKT-4016,1,1,GYYR
09/08/2025,16:33:55,52.92717,-66.87262,530.0,1.0,SKT-4016,1,1,GYYR
09/08/2025,16:34:02,52.92717,-66.87262,530.0,1.0,SKT-4016,1,1,GYYR
09/08/2025,16:34:10,52.92717,-66.87262,531.0,1.0,SKT-4016,1,1,GYYR
09/08/2025,16:34:18,52.92717,-66.87262,531.0,1.0,SKT-4016,1,1,GYYR
09/08/2025,16:34:25,52.92716,-66.87262,531.0,1.0,SKT-4016,1,1,GYYR
09/08/2025,16:34:32,52.92716,-66.87262,531.0,1.0,SKT-4016,1,1,GYYR
09/08/2025,16:34:39,52.92716,-66.87262,531.0,1.0,SKT-4016,1,1,GYYR
09/08/2025,16:34:47,52.92716,-66.87262,531.0,1.0,SKT-4016,1,1,GYYR
09/08/2025,16:34:54,52.92716,-66.87262,530.0,1.0,SKT-4016,1,1,GYYR
09/08/2025,16:35:01,52.92717,-66.87262,530.0,1.0,SKT-4016,1,1,GYYR
09/08/2025,16:35:08,52.92717,-66.87262,531.0,1.0,SKT-4016,1,1,GYYR
09/08/2025,16:35:16,52.92717,-66.87261,530.0,1.0,SKT-4016,1,1,GYYR
09/08/2025,16:35:23,52.92717,-66.87261,530.0,1.0,SKT-4016,1,1,GYYR
09/08/2025,16:35:30,52.92717,-66.87261,530.0,1.0,SKT-4016,1,1,GYYR
09/08/2025,16:35:37,52.92717,-66.87261,530.0,1.0,SKT-4016,1,1,GYYR
09/08/2025,16:35:45,52.92717,-66.87262,531.0,1.0,SKT-4016,1,1,GYYR
09/08/2025,16:35:52,52.92717,-66.87262,532.0,1.0,SKT-4016,1,1,GYYR
09/08/2025,16:35:59,52.92717,-66.87262,532.0,1.0,SKT-4016,1,1,GYYR
09/08/2025,16:36:07,52.92717,-66.87263,531.0,1.0,SKT-4016,1,1,GYYR
09/08/2025,16:36:14,52.92717,-66.87263,531.0,1.0,SKT-4016,1,1,GYYR
09/08/2025,16:36:22,52.92717,-66.87263,531.0,1.0,SKT-4016,1,1,GYYR
09/08/2025,16:36:29,52.92717,-66.87263,532.0,1.0,SKT-4016,1,1,GYYR
09/08/2025,16:36:36,52.92717,-66.87263,532.0,1.0,SKT-4016,1,1,GYYR
09/08/2025,16:36:43,52.92717,-66.87263,532.0,1.0,SKT-4016,1,1,GYYR
09/08/2025,16:36:51,52.92716,-66.87263,532.0,1.0,SKT-4016,1,1,GYYR
09/08/2025,16:36:58,52.92716,-66.87263,533.0,1.0,SKT-4016,1,1,GYYR
09/08/2025,16:37:05,52.92716,-66.87263,533.0,1.0,SKT-4016,1,1,GYYR
09/08/2025,16:37:12,52.92716,-66.87263,533.0,1.0,SKT-4016,1,1,GYYR
09/08/2025,16:37:20,52.92716,-66.87263,533.0,1.0,SKT-4016,1,1,GYYR
09/08/2025,16:37:28,52.92715,-66.87263,534.0,1.0,SKT-4016,1,1,GYYR
09/08/2025,16:37:35,52.92716,-66.87263,534.0,1.0,SKT-4016,1,1,GYYR
09/08/2025,16:37:42,52.92716,-66.87263,533.0,1.0,SKT-4016,1,1,GYYR
09/08/2025,16:37:49,52.92716,-66.87263,533.0,1.0,SKT-4016,1,1,GYYR
09/08/2025,16:37:57,52.92716,-66.87263,533.0,1.0,SKT-4016,1,1,GYYR
09/08/2025,16:38:04,52.92716,-66.87263,532.0,1.0,SKT-4016,1,1,GYYR
09/08/2025,16:38:11,52.92716,-66.87263,532.0,1.0,SKT-4016,1,1,GYYR
09/08/2025,16:38:18,52.92716,-66.87263,532.0,1.0,SKT-4016,1,1,GYYR
09/08/2025,16:38:26,52.92716,-66.87263,532.0,1.0,SKT-4016,1,1,GYYR
09/08/2025,16:38:33,52.92716,-66.87263,533.0,1.0,SKT-4016,1,1,GYYR
09/08/2025,16:38:40,52.92716,-66.87263,533.0,1.0,SKT-4016,1,1,GYYR
09/08/2025,16:38:48,52.92716,-66.87263,532.0,1.0,SKT-4016,1,1,GYYR
09/08/2025,16:38:55,52.92716,-66.87263,532.0,1.0,SKT-4016,1,1,GYYR
09/08/2025,16:39:03,52.92716,-66.87263,533.0,1.0,SKT-4016,1,1,GYYR
09/08/2025,16:39:10,52.92716,-66.87263,533.0,1.0,SKT-4016,1,1,GYYR
09/08/2025,16:39:17,52.92716,-66.87263,533.0,1.0,SKT-4016,1,1,GYYR
09/08/2025,16:39:24,52.92716,-66.87263,533.0,1.0,SKT-4016,1,1,GYYR
09/08/2025,16:39:32,52.92716,-66.87263,532.0,1.0,SKT-4016,1,1,GYYR
09/08/2025,16:39:39,52.92716,-66.87263,532.0,1.0,SKT-4016,1,1,GYYR
09/08/2025,16:39:46,52.92716,-66.87263,532.0,1.0,SKT-4016,1,1,GYYR
09/08/2025,16:39:53,52.92716,-66.87262,532.0,1.0,SKT-4016,1,1,GYYR
09/08/2025,16:40:01,52.92716,-66.87262,532.0,1.0,SKT-4016,1,1,GYYR
09/08/2025,16:40:08,52.92716,-66.87262,532.0,1.0,SKT-4016,1,1,GYYR
09/08/2025,16:40:15,52.92716,-66.87262,532.0,1.0,SKT-4016,1,1,GYYR
09/08/2025,16:40:22,52.92716,-66.87262,532.0,1.0,SKT-4016,1,1,GYYR
09/08/2025,16:40:30,52.92716,-66.87262,532.0,1.0,SKT-4016,1,1,GYYR
09/08/2025,16:40:37,52.92717,-66.87262,532.0,1.0,SKT-4016,1,1,GYYR
09/08/2025,16:40:44,52.92717,-66.87263,532.0,1.0,SKT-4016,1,1,GYYR
09/08/2025,16:40:51,52.92717,-66.87263,532.0,1.0,SKT-4016,1,1,GYYR
09/08/2025,16:40:59,52.92717,-66.87263,532.0,1.0,SKT-4016,1,1,GYYR
09/08/2025,16:41:06,52.92717,-66.87262,532.0,1.0,SKT-4016,1,1,GYYR
09/08/2025,16:41:13,52.92717,-66.87263,532.0,1.0,SKT-4016,1,1,GYYR
09/08/2025,16:41:20,52.92717,-66.87263,532.0,1.0,SKT-4016,1,1,GYYR
09/08/2025,16:41:28,52.92717,-66.87263,532.0,1.0,SKT-4016,1,1,GYYR
09/08/2025,16:41:35,52.92717,-66.87263,532.0,1.0,SKT-4016,1,1,GYYR
09/08/2025,16:41:42,52.92717,-66.87263,532.0,1.0,SKT-4016,1,1,GYYR
09/08/2025,16:41:49,52.92717,-66.87263,532.0,1.0,SKT-4016,1,1,GYYR
09/08/2025,16:41:57,52.92716,-66.87264,533.0,1.0,SKT-4016,1,1,GYYR
09/08/2025,16:42:04,52.92716,-66.87265,533.0,1.0,SKT-4016,1,1,GYYR
09/08/2025,16:42:11,52.92716,-66.87266,533.0,1.0,SKT-4016,1,1,GYYR
09/08/2025,16:42:18,52.92716,-66.87266,534.0,1.0,SKT-4016,1,1,GYYR
09/08/2025,16:42:26,52.92716,-66.87265,534.0,1.0,SKT-4016,1,1,GYYR
09/08/2025,16:42:33,52.92716,-66.87265,533.0,1.0,SKT-4016,1,1,GYYR
09/08/2025,16:42:40,52.92716,-66.87265,533.0,1.0,SKT-4016,1,1,GYYR
09/08/2025,16:42:47,52.92716,-66.87265,532.0,1.0,SKT-4016,1,1,GYYR
09/08/2025,16:42:55,52.92717,-66.87264,532.0,1.0,SKT-4016,1,1,GYYR
09/08/2025,16:43:02,52.92717,-66.87263,531.0,1.0,SKT-4016,1,1,GYYR
09/08/2025,16:43:09,52.92717,-66.87263,531.0,1.0,SKT-4016,1,1,GYYR
09/08/2025,16:43:16,52.92717,-66.87263,530.0,1.0,SKT-4016,1,1,GYYR
09/08/2025,16:43:24,52.92717,-66.87263,530.0,1.0,SKT-4016,1,1,GYYR
09/08/2025,16:43:31,52.92717,-66.87263,530.0,1.0,SKT-4016,1,1,GYYR
09/08/2025,16:43:38,52.92717,-66.87263,530.0,1.0,SKT-4016,1,1,GYYR
09/08/2025,16:43:45,52.92717,-66.87263,530.0,1.0,SKT-4016,1,1,GYYR
09/08/2025,16:43:53,52.92717,-66.87263,530.0,1.0,SKT-4016,1,1,GYYR
09/08/2025,16:44:00,52.92717,-66.87262,530.0,1.0,SKT-4016,1,1,GYYR
09/08/2025,16:44:07,52.92717,-66.87262,530.0,1.0,SKT-4016,1,1,GYYR
09/08/2025,16:44:14,52.92717,-66.87263,530.0,1.0,SKT-4016,1,1,GYYR
09/08/2025,16:44:22,52.92717,-66.87263,531.0,1.0,SKT-4016,1,1,GYYR
09/08/2025,16:44:29,52.92717,-66.87263,531.0,1.0,SKT-4016,1,1,GYYR
09/08/2025,16:44:36,52.92717,-66.87263,531.0,1.0,SKT-4016,1,1,GYYR
09/08/2025,16:44:43,52.92717,-66.87263,531.0,1.0,SKT-4016,1,1,GYYR
09/08/2025,16:44:51,52.92717,-66.87263,531.0,1.0,SKT-4016,1,1,GYYR
09/08/2025,16:44:58,52.92717,-66.87263,531.0,1.0,SKT-4016,1,1,GYYR
09/08/2025,16:45:05,52.92717,-66.87263,531.0,1.0,SKT-4016,1,1,GYYR
09/08/2025,16:45:12,52.92717,-66.87263,531.0,1.0,SKT-4016,1,1,GYYR
09/08/2025,16:45:20,52.92717,-66.87263,531.0,1.0,SKT-4016,1,1,GYYR
09/08/2025,16:45:27,52.92718,-66.87263,531.0,1.0,SKT-4016,1,1,GYYR
09/08/2025,16:45:34,52.92718,-66.87263,530.0,1.0,SKT-4016,1,1,GYYR
09/08/2025,16:45:41,52.92717,-66.87263,531.0,1.0,SKT-4016,1,1,GYYR
09/08/2025,16:45:49,52.92717,-66.87263,531.0,1.0,SKT-4016,1,1,GYYR
09/08/2025,16:45:56,52.92717,-66.87263,531.0,1.0,SKT-4016,1,1,GYYR
09/08/2025,16:46:03,52.92717,-66.87263,531.0,1.0,SKT-4016,1,1,GYYR
09/08/2025,16:46:10,52.92717,-66.87263,531.0,1.0,SKT-4016,1,1,GYYR
09/08/2025,16:46:18,52.92717,-66.87263,531.0,1.0,SKT-4016,1,1,GYYR
09/08/2025,16:46:25,52.92717,-66.87263,532.0,1.0,SKT-4016,1,1,GYYR
09/08/2025,16:46:32,52.92717,-66.87262,532.0,1.0,SKT-4016,1,1,GYYR
09/08/2025,16:46:39,52.92717,-66.87262,532.0,1.0,SKT-4016,1,1,GYYR
09/08/2025,16:46:47,52.92717,-66.87263,532.0,1.0,SKT-4016,1,1,GYYR
09/08/2025,16:46:54,52.92717,-66.87263,531.0,1.0,SKT-4016,1,1,GYYR
09/08/2025,16:47:01,52.92717,-66.87263,531.0,1.0,SKT-4016,1,1,GYYR
09/08/2025,16:47:08,52.92717,-66.87263,532.0,1.0,SKT-4016,1,1,GYYR
09/08/2025,16:47:16,52.92717,-66.87263,532.0,1.0,SKT-4016,1,1,GYYR
09/08/2025,16:47:23,52.92717,-66.87263,531.0,1.0,SKT-4016,1,1,GYYR
09/08/2025,16:47:30,52.92717,-66.87263,531.0,1.0,SKT-4016,1,1,GYYR
09/08/2025,16:47:37,52.92717,-66.87263,531.0,1.0,SKT-4016,1,1,GYYR
09/08/2025,16:47:45,52.92717,-66.87263,531.0,1.0,SKT-4016,1,1,GYYR
09/08/2025,16:47:52,52.92717,-66.87263,531.0,1.0,SKT-4016,1,1,GYYR
09/08/2025,16:47:59,52.92717,-66.87263,530.0,1.0,SKT-4016,1,1,GYYR
09/08/2025,16:48:06,52.92717,-66.87263,530.0,1.0,SKT-4016,1,1,GYYR
09/08/2025,16:48:14,52.92718,-66.87263,530.0,1.0,SKT-4016,1,1,GYYR
09/08/2025,16:48:21,52.92718,-66.87263,529.0,1.0,SKT-4016,1,1,GYYR
09/08/2025,16:48:28,52.92718,-66.87263,529.0,1.0,SKT-4016,1,1,GYYR
09/08/2025,16:48:35,52.92717,-66.87263,529.0,1.0,SKT-4016,1,1,GYYR
09/08/2025,16:48:43,52.92717,-66.87263,530.0,1.0,SKT-4016,1,1,GYYR
09/08/2025,16:48:50,52.92717,-66.87263,530.0,1.0,SKT-4016,1,1,GYYR
09/08/2025,16:48:57,52.92717,-66.87263,530.0,1.0,SKT-4016,1,1,GYYR
09/08/2025,16:49:04,52.92717,-66.87263,530.0,1.0,SKT-4016,1,1,GYYR
09/08/2025,16:49:12,52.92717,-66.87263,530.0,1.0,SKT-4016,1,1,GYYR
09/08/2025,16:49:19,52.92717,-66.87263,530.0,1.0,SKT-4016,1,1,GYYR
09/08/2025,16:49:26,52.92717,-66.87263,530.0,1.0,SKT-4016,1,1,GYYR
09/08/2025,16:49:33,52.92716,-66.87263,531.0,1.0,SKT-4016,1,1,GYYR
09/08/2025,16:49:41,52.92717,-66.87263,530.0,1.0,SKT-4016,1,1,GYYR
09/08/2025,16:49:48,52.92717,-66.87263,530.0,1.0,SKT-4016,1,1,GYYR
09/08/2025,16:49:55,52.92717,-66.87263,530.0,1.0,SKT-4016,1,1,GYYR
09/08/2025,16:50:02,52.92716,-66.87263,530.0,1.0,SKT-4016,1,1,GYYR
09/08/2025,16:50:10,52.92716,-66.87263,531.0,1.0,SKT-4016,1,1,GYYR
09/08/2025,16:50:18,52.92717,-66.87263,530.0,1.0,SKT-4016,1,1,GYYR
09/08/2025,16:50:25,52.92717,-66.87263,530.0,1.0,SKT-4016,1,1,GYYR
09/08/2025,16:50:32,52.92717,-66.87263,530.0,1.0,SKT-4016,1,1,GYYR
09/08/2025,16:50:40,52.92717,-66.87262,530.0,1.0,SKT-4016,1,1,GYYR
09/08/2025,16:50:47,52.92717,-66.87262,530.0,1.0,SKT-4016,1,1,GYYR
09/08/2025,16:50:55,52.92717,-66.87261,530.0,1.0,SKT-4016,1,1,GYYR
09/08/2025,16:51:02,52.92717,-66.87261,530.0,1.0,SKT-4016,1,1,GYYR
09/08/2025,16:51:09,52.92717,-66.87261,529.0,1.0,SKT-4016,1,1,GYYR
09/08/2025,16:51:17,52.92718,-66.87261,529.0,1.0,SKT-4016,1,1,GYYR
09/08/2025,16:51:24,52.92718,-66.87262,529.0,1.0,SKT-4016,1,1,GYYR
09/08/2025,16:51:31,52.92717,-66.87262,529.0,1.0,SKT-4016,1,1,GYYR
09/08/2025,16:51:38,52.92717,-66.87261,530.0,1.0,SKT-4016,1,1,GYYR
09/08/2025,16:51:46,52.92717,-66.87261,530.0,1.0,SKT-4016,1,1,GYYR
09/08/2025,16:51:54,52.92717,-66.87261,530.0,1.0,SKT-4016,1,1,GYYR
09/08/2025,16:52:01,52.92717,-66.87261,530.0,1.0,SKT-4016,1,1,GYYR
09/08/2025,16:52:08,52.92717,-66.87261,529.0,1.0,SKT-4016,1,1,GYYR
09/08/2025,16:52:15,52.92717,-66.87261,529.0,1.0,SKT-4016,1,1,GYYR
09/08/2025,16:52:23,52.92717,-66.87262,529.0,1.0,SKT-4016,1,1,GYYR
09/08/2025,16:52:30,52.92717,-66.87262,530.0,1.0,SKT-4016,1,1,GYYR
09/08/2025,16:52:37,52.92717,-66.87262,530.0,1.0,SKT-4016,1,1,GYYR
09/08/2025,16:52:44,52.92717,-66.87262,530.0,1.0,SKT-4016,1,1,GYYR
09/08/2025,16:52:52,52.92717,-66.87262,530.0,1.0,SKT-4016,1,1,GYYR
09/08/2025,16:52:59,52.92717,-66.87262,531.0,1.0,SKT-4016,1,1,GYYR
09/08/2025,16:53:06,52.92717,-66.87262,531.0,1.0,SKT-4016,1,1,GYYR
09/08/2025,16:53:13,52.92717,-66.87262,531.0,1.0,SKT-4016,1,1,GYYR
09/08/2025,16:53:21,52.92717,-66.87263,531.0,1.0,SKT-4016,1,1,GYYR
09/08/2025,16:53:28,52.92717,-66.87263,532.0,1.0,SKT-4016,1,1,GYYR
09/08/2025,16:53:36,52.92716,-66.87263,532.0,1.0,SKT-4016,1,1,GYYR
09/08/2025,16:53:44,52.92716,-66.87263,532.0,1.0,SKT-4016,1,1,GYYR
09/08/2025,16:53:51,52.92716,-66.87263,532.0,1.0,SKT-4016,1,1,GYYR
09/08/2025,16:53:59,52.92716,-66.87263,533.0,1.0,SKT-4016,1,1,GYYR
09/08/2025,16:54:06,52.92716,-66.87263,533.0,1.0,SKT-4016,1,1,GYYR
09/08/2025,16:54:13,52.92716,-66.87263,533.0,1.0,SKT-4016,1,1,GYYR
09/08/2025,16:54:20,52.92716,-66.87263,533.0,1.0,SKT-4016,1,1,GYYR
09/08/2025,16:54:28,52.92716,-66.87263,533.0,1.0,SKT-4016,1,1,GYYR
09/08/2025,16:54:35,52.92716,-66.87262,533.0,1.0,SKT-4016,1,1,GYYR
09/08/2025,16:54:42,52.92715,-66.87263,533.0,1.0,SKT-4016,1,1,GYYR
09/08/2025,16:54:49,52.92715,-66.87262,533.0,1.0,SKT-4016,1,1,GYYR
09/08/2025,16:54:57,52.92715,-66.87262,532.0,1.0,SKT-4016,1,1,GYYR
09/08/2025,16:55:04,52.92715,-66.87262,532.0,1.0,SKT-4016,1,1,GYYR
09/08/2025,16:55:11,52.92715,-66.87262,532.0,1.0,SKT-4016,1,1,GYYR
09/08/2025,16:55:18,52.92715,-66.87262,531.0,1.0,SKT-4016,1,1,GYYR
09/08/2025,16:55:26,52.92715,-66.87262,531.0,1.0,SKT-4016,1,1,GYYR
09/08/2025,16:55:33,52.92715,-66.87261,531.0,1.0,SKT-4016,1,1,GYYR
09/08/2025,16:55:40,52.92716,-66.87261,531.0,1.0,SKT-4016,1,1,GYYR
09/08/2025,16:55:48,52.92716,-66.87261,530.0,1.0,SKT-4016,1,0,GYYR
09/08/2025,16:55:55,52.92716,-66.87261,530.0,1.0,SKT-4016,1,1,GYYR
09/08/2025,16:56:04,52.92716,-66.87261,530.0,1.0,SKT-4016,1,1,GYYR
09/08/2025,16:56:11,52.92716,-66.87261,530.0,1.0,SKT-4016,1,1,GYYR
09/08/2025,16:56:18,52.92716,-66.87261,530.0,1.0,SKT-4016,1,1,GYYR
09/08/2025,16:56:25,52.92717,-66.87261,530.0,1.0,SKT-4016,1,1,GYYR
09/08/2025,16:56:33,52.92716,-66.87261,530.0,1.0,SKT-4016,1,1,GYYR
09/08/2025,16:56:41,52.92716,-66.87261,531.0,1.0,SKT-4016,1,1,GYYR
09/08/2025,16:56:48,52.92716,-66.87261,531.0,1.0,SKT-4016,1,1,GYYR
09/08/2025,16:56:56,52.92716,-66.87261,531.0,1.0,SKT-4016,1,1,GYYR
09/08/2025,16:57:03,52.92716,-66.87261,531.0,1.0,SKT-4016,1,1,GYYR
09/08/2025,16:57:11,52.92717,-66.87261,531.0,1.0,SKT-4016,1,1,GYYR
09/08/2025,16:57:18,52.92717,-66.87261,531.0,1.0,SKT-4016,1,1,GYYR
09/08/2025,07:47:14,,,,,SKT-4016,1,0,GYYR
09/08/2025,16:57:35,52.92716,-66.87262,531.0,1.0,SKT-4016,1,1,GYYR
09/08/2025,16:57:43,52.92716,-66.87263,532.0,1.0,SKT-4016,1,1,GYYR
09/08/2025,16:57:50,52.92715,-66.87263,532.0,1.0,SKT-4016,1,1,GYYR
09/08/2025,16:57:57,52.92715,-66.87263,532.0,1.0,SKT-4016,1,1,GYYR
09/08/2025,16:58:04,52.92715,-66.87263,532.0,1.0,SKT-4016,1,1,GYYR
09/08/2025,16:58:12,52.92715,-66.87263,532.0,1.0,SKT-4016,1,1,GYYR
09/08/2025,16:58:19,52.92715,-66.87263,532.0,1.0,SKT-4016,1,1,GYYR
09/08/2025,16:58:27,52.92715,-66.87263,532.0,1.0,SKT-4016,1,1,GYYR
09/08/2025,16:58:34,52.92715,-66.87263,532.0,1.0,SKT-4016,1,1,GYYR
09/08/2025,16:58:41,52.92715,-66.87263,532.0,1.0,SKT-4016,1,1,GYYR
09/08/2025,16:58:49,52.92715,-66.87263,532.0,1.0,SKT-4016,1,1,GYYR
09/08/2025,16:58:56,52.92715,-66.87263,531.0,1.0,SKT-4016,1,1,GYYR
09/08/2025,16:59:03,52.92715,-66.87263,531.0,1.0,SKT-4016,1,1,GYYR
09/08/2025,16:59:11,52.92716,-66.87262,531.0,1.0,SKT-4016,1,1,GYYR
09/08/2025,16:59:18,52.92716,-66.87262,531.0,1.0,SKT-4016,1,1,GYYR
09/08/2025,16:59:25,52.92716,-66.87262,531.0,1.0,SKT-4016,1,1,GYYR
09/08/2025,16:59:32,52.92716,-66.87262,531.0,1.0,SKT-4016,1,1,GYYR
09/08/2025,16:59:40,52.92716,-66.87261,532.0,1.0,SKT-4016,1,1,GYYR
09/08/2025,16:59:47,52.92716,-66.87261,531.0,1.0,SKT-4016,1,1,GYYR
09/08/2025,16:59:54,52.92716,-66.87261,531.0,1.0,SKT-4016,1,1,GYYR
09/08/2025,17:00:02,52.92716,-66.87261,531.0,1.0,SKT-4016,1,1,GYYR
09/08/2025,17:00:09,52.92716,-66.87261,531.0,1.0,SKT-4016,1,1,GYYR
09/08/2025,17:00:17,52.92717,-66.87261,531.0,1.0,SKT-4016,1,1,GYYR
09/08/2025,17:00:24,52.92717,-66.87261,531.0,1.0,SKT-4016,1,1,GYYR
09/08/2025,17:00:31,52.92716,-66.87261,531.0,1.0,SKT-4016,1,1,GYYR
09/08/2025,17:00:38,52.92716,-66.87261,531.0,1.0,SKT-4016,1,1,GYYR
09/08/2025,17:00:46,52.92716,-66.87261,532.0,1.0,SKT-4016,1,1,GYYR
09/08/2025,17:00:53,52.92716,-66.87261,532.0,1.0,SKT-4016,1,1,GYYR
09/08/2025,17:01:00,52.92716,-66.87262,532.0,1.0,SKT-4016,1,1,GYYR
09/08/2025,17:01:07,52.92717,-66.87262,532.0,1.0,SKT-4016,1,1,GYYR
09/08/2025,17:01:15,52.92717,-66.87262,532.0,1.0,SKT-4016,1,1,GYYR
09/08/2025,17:01:22,52.92717,-66.87263,532.0,1.0,SKT-4016,1,1,GYYR
09/08/2025,17:01:29,52.92717,-66.87263,532.0,1.0,SKT-4016,1,1,GYYR
09/08/2025,17:01:36,52.92717,-66.87263,532.0,1.0,SKT-4016,1,1,GYYR
09/08/2025,17:01:44,52.92716,-66.87263,533.0,1.0,SKT-4016,1,1,GYYR
09/08/2025,17:01:51,52.92716,-66.87263,533.0,1.0,SKT-4016,1,1,GYYR
09/08/2025,17:01:58,52.92716,-66.87263,533.0,1.0,SKT-4016,1,1,GYYR
09/08/2025,17:02:05,52.92716,-66.87263,533.0,1.0,SKT-4016,1,1,GYYR
09/08/2025,17:02:13,52.92716,-66.87263,533.0,1.0,SKT-4016,1,1,GYYR
09/08/2025,17:02:20,52.92716,-66.87262,533.0,1.0,SKT-4016,1,1,GYYR
09/08/2025,17:02:28,52.92716,-66.87262,532.0,1.0,SKT-4016,1,1,GYYR
09/08/2025,07:52:23,,,,,SKT-4016,1,1,GYYR
09/08/2025,17:02:45,52.92717,-66.87262,531.0,1.0,SKT-4016,1,1,GYYR
09/08/2025,17:02:52,52.92717,-66.87261,530.0,1.0,SKT-4016,1,1,GYYR
09/08/2025,17:02:59,52.92717,-66.87261,530.0,1.0,SKT-4016,1,1,GYYR
09/08/2025,17:03:06,52.92717,-66.87261,530.0,1.0,SKT-4016,1,1,GYYR
09/08/2025,17:03:14,52.92717,-66.87261,530.0,1.0,SKT-4016,1,1,GYYR
09/08/2025,17:03:21,52.92717,-66.87261,531.0,1.0,SKT-4016,1,1,GYYR
09/08/2025,17:03:28,52.92717,-66.87261,531.0,1.0,SKT-4016,1,1,GYYR
09/08/2025,17:03:35,52.92717,-66.87262,531.0,1.0,SKT-4016,1,1,GYYR
09/08/2025,17:03:43,52.92717,-66.87261,531.0,1.0,SKT-4016,1,1,GYYR
09/08/2025,17:03:50,52.92717,-66.87262,531.0,1.0,SKT-4016,1,1,GYYR
09/08/2025,17:03:57,52.92717,-66.87262,531.0,1.0,SKT-4016,1,1,GYYR
09/08/2025,17:04:04,52.92717,-66.87262,530.0,1.0,SKT-4016,1,1,GYYR
09/08/2025,17:04:12,52.92716,-66.87263,530.0,1.0,SKT-4016,1,1,GYYR
09/08/2025,17:04:20,52.92716,-66.87263,530.0,1.0,SKT-4016,1,1,GYYR
09/08/2025,17:04:27,52.92716,-66.87263,531.0,1.0,SKT-4016,1,1,GYYR
09/08/2025,17:04:34,52.92716,-66.87263,531.0,1.0,SKT-4016,1,1,GYYR
09/08/2025,17:04:42,52.92716,-66.87263,531.0,1.0,SKT-4016,1,1,GYYR
09/08/2025,17:04:49,52.92716,-66.87263,532.0,1.0,SKT-4016,1,1,GYYR
09/08/2025,17:04:57,52.92716,-66.87263,533.0,1.0,SKT-4016,1,1,GYYR
09/08/2025,17:05:04,52.92716,-66.87263,532.0,1.0,SKT-4016,1,1,GYYR
09/08/2025,17:05:11,52.92717,-66.87263,532.0,1.0,SKT-4016,1,1,GYYR
09/08/2025,17:05:18,52.92717,-66.87263,531.0,1.0,SKT-4016,1,1,GYYR
09/08/2025,17:05:26,52.92717,-66.87263,531.0,1.0,SKT-4016,1,1,GYYR
09/08/2025,17:05:33,52.92717,-66.87263,531.0,1.0,SKT-4016,1,1,GYYR
09/08/2025,17:05:40,52.92716,-66.87263,532.0,1.0,SKT-4016,1,1,GYYR
09/08/2025,17:05:48,52.92716,-66.87263,532.0,1.0,SKT-4016,1,1,GYYR
09/08/2025,17:05:55,52.92716,-66.87262,531.0,1.0,SKT-4016,1,1,GYYR
09/08/2025,17:06:02,52.92716,-66.87262,531.0,1.0,SKT-4016,1,1,GYYR
09/08/2025,17:06:09,52.92716,-66.87262,531.0,1.0,SKT-4016,1,1,GYYR
09/08/2025,17:06:17,52.92716,-66.87262,530.0,1.0,SKT-4016,1,1,GYYR
09/08/2025,17:06:24,52.92716,-66.87261,530.0,1.0,SKT-4016,1,1,GYYR
09/08/2025,17:06:31,52.92716,-66.87261,529.0,1.0,SKT-4016,1,1,GYYR
09/08/2025,17:06:38,52.92716,-66.87261,529.0,1.0,SKT-4016,1,1,GYYR
09/08/2025,17:06:46,52.92716,-66.87261,529.0,1.0,SKT-4016,1,1,GYYR
09/08/2025,17:06:53,52.92717,-66.87261,528.0,1.0,SKT-4016,1,1,GYYR
09/08/2025,17:07:00,52.92717,-66.87261,528.0,1.0,SKT-4016,1,1,GYYR
09/08/2025,17:07:07,52.92717,-66.8726,529.0,1.0,SKT-4016,1,1,GYYR
09/08/2025,17:07:15,52.92717,-66.8726,529.0,1.0,SKT-4016,1,1,GYYR
09/08/2025,17:07:22,52.92717,-66.87261,529.0,1.0,SKT-4016,1,1,GYYR
09/08/2025,17:07:29,52.92717,-66.87261,530.0,1.0,SKT-4016,1,1,GYYR
09/08/2025,17:07:36,52.92717,-66.87262,530.0,1.0,SKT-4016,1,1,GYYR
09/08/2025,17:07:44,52.92717,-66.87262,530.0,1.0,SKT-4016,1,1,GYYR
09/08/2025,17:07:51,52.92717,-66.87262,530.0,1.0,SKT-4016,1,1,GYYR
09/08/2025,17:07:58,52.92717,-66.87262,530.0,1.0,SKT-4016,1,1,GYYR
09/08/2025,17:08:05,52.92717,-66.87263,530.0,1.0,SKT-4016,1,1,GYYR
09/08/2025,17:08:13,52.92717,-66.87262,529.0,1.0,SKT-4016,1,1,GYYR
09/08/2025,17:08:20,52.92717,-66.87262,529.0,1.0,SKT-4016,1,1,GYYR
09/08/2025,17:08:27,52.92717,-66.87262,529.0,1.0,SKT-4016,1,1,GYYR
09/08/2025,17:08:34,52.92717,-66.87262,529.0,1.0,SKT-4016,1,1,GYYR
09/08/2025,17:08:42,52.92717,-66.87262,529.0,1.0,SKT-4016,1,1,GYYR
09/08/2025,17:08:49,52.92716,-66.87262,529.0,1.0,SKT-4016,1,1,GYYR
09/08/2025,17:08:56,52.92716,-66.87262,529.0,1.0,SKT-4016,1,1,GYYR
09/08/2025,17:09:03,52.92716,-66.87262,529.0,1.0,SKT-4016,1,1,GYYR
09/08/2025,17:09:11,52.92716,-66.87262,529.0,1.0,SKT-4016,1,1,GYYR
09/08/2025,17:09:18,52.92716,-66.87263,530.0,1.0,SKT-4016,1,1,GYYR
09/08/2025,17:09:25,52.92717,-66.87263,530.0,1.0,SKT-4016,1,1,GYYR
09/08/2025,17:09:32,52.92717,-66.87263,530.0,1.0,SKT-4016,1,1,GYYR
09/08/2025,17:09:40,52.92717,-66.87263,530.0,1.0,SKT-4016,1,1,GYYR
09/08/2025,17:09:47,52.92717,-66.87263,530.0,1.0,SKT-4016,1,1,GYYR
09/08/2025,17:09:54,52.92717,-66.87263,530.0,1.0,SKT-4016,1,1,GYYR
09/08/2025,17:10:01,52.92717,-66.87263,530.0,1.0,SKT-4016,1,1,GYYR
09/08/2025,17:10:09,52.92717,-66.87263,529.0,1.0,SKT-4016,1,1,GYYR
09/08/2025,17:10:16,52.92717,-66.87263,529.0,1.0,SKT-4016,1,1,GYYR
09/08/2025,17:10:23,52.92717,-66.87262,529.0,1.0,SKT-4016,1,1,GYYR
09/08/2025,17:10:30,52.92717,-66.87262,529.0,1.0,SKT-4016,1,1,GYYR
09/08/2025,17:10:38,52.92717,-66.87262,529.0,1.0,SKT-4016,1,1,GYYR
09/08/2025,17:10:45,52.92717,-66.87263,529.0,1.0,SKT-4016,1,1,GYYR
09/08/2025,17:10:52,52.92717,-66.87263,529.0,1.0,SKT-4016,1,1,GYYR
09/08/2025,17:10:59,52.92716,-66.87263,529.0,1.0,SKT-4016,1,1,GYYR
09/08/2025,17:11:07,52.92716,-66.87262,530.0,1.0,SKT-4016,1,1,GYYR
09/08/2025,17:11:14,52.92716,-66.87263,530.0,1.0,SKT-4016,1,1,GYYR
09/08/2025,17:11:21,52.92716,-66.87263,530.0,1.0,SKT-4016,1,1,GYYR
09/08/2025,17:11:28,52.92716,-66.87263,530.0,1.0,SKT-4016,1,1,GYYR
09/08/2025,17:11:36,52.92716,-66.87263,531.0,1.0,SKT-4016,1,1,GYYR
09/08/2025,17:11:43,52.92716,-66.87263,531.0,1.0,SKT-4016,1,1,GYYR
09/08/2025,17:11:50,52.92716,-66.87263,530.0,1.0,SKT-4016,1,1,GYYR
09/08/2025,08:01:46,,,,,SKT-4016,1,1,GYYR
09/08/2025,17:12:08,52.92717,-66.87263,530.0,1.0,SKT-4016,1,1,GYYR
09/08/2025,17:12:15,52.92717,-66.87263,530.0,1.0,SKT-4016,1,1,GYYR
09/08/2025,17:12:22,52.92717,-66.87262,529.0,1.0,SKT-4016,1,1,GYYR
09/08/2025,17:12:30,52.92717,-66.87262,529.0,1.0,SKT-4016,1,1,GYYR
09/08/2025,17:12:37,52.92716,-66.87262,528.0,1.0,SKT-4016,1,1,GYYR
09/08/2025,17:12:44,52.92716,-66.87261,529.0,1.0,SKT-4016,1,1,GYYR
09/08/2025,17:12:51,52.92716,-66.87261,529.0,1.0,SKT-4016,1,1,GYYR
09/08/2025,17:12:59,52.92717,-66.87261,529.0,1.0,SKT-4016,1,1,GYYR
09/08/2025,17:13:07,52.92716,-66.87261,529.0,1.0,SKT-4016,1,1,GYYR
09/08/2025,17:13:14,52.92716,-66.87263,529.0,1.0,SKT-4016,1,1,GYYR
09/08/2025,17:13:21,52.92718,-66.87268,530.0,1.0,SKT-4016,1,1,GYYR
09/08/2025,17:13:28,52.92723,-66.87271,530.0,1.0,SKT-4016,1,1,GYYR
09/08/2025,17:13:36,52.92738,-66.87263,530.0,1.0,SKT-4016,1,1,GYYR
09/08/2025,17:13:43,52.92763,-66.8724,529.0,1.0,SKT-4016,1,1,GYYR
09/08/2025,17:13:50,52.92798,-66.87209,529.0,1.0,SKT-4016,1,1,GYYR
09/08/2025,17:13:57,52.92842,-66.87175,528.0,1.0,SKT-4016,1,1,GYYR
09/08/2025,17:14:05,52.92891,-66.87138,528.0,1.0,SKT-4016,1,1,GYYR
09/08/2025,17:14:12,52.92924,-66.87112,528.0,1.0,SKT-4016,1,1,GYYR
09/08/2025,17:14:19,52.92953,-66.87089,528.0,1.0,SKT-4016,1,1,GYYR
09/08/2025,17:14:26,52.92978,-66.8707,528.0,1.0,SKT-4016,1,1,GYYR
09/08/2025,17:14:34,52.93002,-66.87038,528.0,1.0,SKT-4016,1,1,GYYR
09/08/2025,17:14:41,52.93016,-66.86996,529.0,1.0,SKT-4016,1,1,GYYR
09/08/2025,17:14:48,52.93023,-66.86948,529.0,1.0,SKT-4016,1,1,GYYR
09/08/2025,17:14:55,52.93016,-66.86909,530.0,1.0,SKT-4016,1,1,GYYR
09/08/2025,17:15:03,52.93,-66.86894,530.0,1.0,SKT-4016,1,1,GYYR
09/08/2025,17:15:10,52.92998,-66.86893,530.0,1.0,SKT-4016,1,1,GYYR
09/08/2025,17:15:17,52.92978,-66.8688,530.0,1.0,SKT-4016,1,1,GYYR
09/08/2025,17:15:24,52.92848,-66.86806,530.0,1.0,SKT-4016,1,1,GYYR
09/08/2025,17:15:32,52.92546,-66.86627,531.0,1.0,SKT-4016,1,1,GYYR
09/08/2025,17:15:40,52.92106,-66.86359,538.0,0.0,SKT-4016,1,1,GYYR
09/08/2025,17:15:47,52.91665,-66.8605,592.0,0.0,SKT-4016,1,1,GYYR
09/08/2025,17:15:55,52.91129,-66.85642,675.0,0.0,SKT-4016,1,1,GYYR
09/08/2025,17:16:03,52.90573,-66.85197,780.0,0.0,SKT-4016,1,1,GYYR
09/08/2025,17:16:11,52.90005,-66.84718,894.0,0.0,SKT-4016,1,0,GYYR
09/08/2025,17:16:20,52.89339,-66.84197,1015.0,0.0,SKT-4016,1,0,GYYR
09/08/2025,17:16:27,52.88787,-66.83875,1094.0,0.0,SKT-4016,1,1,GYYR
09/08/2025,17:16:34,52.88202,-66.8367,1166.0,0.0,SKT-4016,1,1,GYYR
09/08/2025,17:16:41,52.87597,-66.83562,1250.0,0.0,SKT-4016,1,1,GYYR
09/08/2025,17:16:49,52.86895,-66.83547,1349.0,0.0,SKT-4016,1,1,GYYR
09/08/2025,17:16:56,52.86276,-66.83585,1444.0,0.0,SKT-4016,1,1,GYYR
09/08/2025,17:17:03,52.8565,-66.83605,1539.0,0.0,SKT-4016,1,1,GYYR
09/08/2025,17:17:11,52.84924,-66.83543,1648.0,0.0,SKT-4016,1,1,GYYR
09/08/2025,17:17:18,52.84275,-66.83435,1725.0,0.0,SKT-4016,1,1,GYYR
09/08/2025,17:17:25,52.83604,-66.83301,1792.0,0.0,SKT-4016,1,1,GYYR
09/08/2025,17:17:33,52.82817,-66.83141,1879.0,0.0,SKT-4016,1,1,GYYR
09/08/2025,17:17:41,52.82014,-66.82972,1971.0,0.0,SKT-4016,1,1,GYYR
09/08/2025,17:17:48,52.81299,-66.82816,2053.0,0.0,SKT-4016,1,1,GYYR
09/08/2025,17:17:55,52.80574,-66.82652,2135.0,0.0,SKT-4016,1,1,GYYR
09/08/2025,17:18:03,52.79737,-66.82459,2232.0,0.0,SKT-4016,1,0,GYYR
09/08/2025,17:18:11,52.7889,-66.82262,2328.0,0.0,SKT-4016,1,1,GYYR
09/08/2025,17:18:19,52.78035,-66.82063,2421.0,0.0,SKT-4016,1,1,GYYR
09/08/2025,17:18:26,52.77279,-66.81884,2505.0,0.0,SKT-4016,1,1,GYYR
09/08/2025,17:18:34,52.7641,-66.81681,2604.0,0.0,SKT-4016,1,0,GYYR
09/08/2025,17:18:42,52.75533,-66.81483,2689.0,0.0,SKT-4016,1,0,GYYR
09/08/2025,17:18:50,52.74636,-66.81287,2754.0,0.0,SKT-4016,1,0,GYYR
09/08/2025,17:18:58,52.73722,-66.81092,2825.0,0.0,SKT-4016,1,0,GYYR
09/08/2025,17:19:06,52.72796,-66.80905,2906.0,0.0,SKT-4016,1,0,GYYR
09/08/2025,17:19:14,52.71861,-66.80716,2989.0,0.0,SKT-4016,1,0,GYYR
09/08/2025,17:19:22,52.70918,-66.80516,3074.0,0.0,SKT-4016,1,0,GYYR
09/08/2025,17:19:30,52.69849,-66.80281,3169.0,0.0,SKT-4016,1,0,GYYR
09/08/2025,17:19:39,52.68773,-66.80043,3267.0,0.0,SKT-4016,1,0,GYYR
09/08/2025,17:19:47,52.67813,-66.79832,3353.0,0.0,SKT-4016,1,0,GYYR
09/08/2025,17:19:55,52.66851,-66.79622,3440.0,0.0,SKT-4016,1,0,GYYR
09/08/2025,17:20:03,52.65887,-66.79409,3527.0,0.0,SKT-4016,1,0,GYYR
09/08/2025,17:20:11,52.64921,-66.79191,3612.0,0.0,SKT-4016,1,0,GYYR
09/08/2025,17:20:19,52.63953,-66.7897,3693.0,0.0,SKT-4016,1,0,GYYR
09/08/2025,17:20:27,52.62982,-66.78749,3775.0,0.0,SKT-4016,1,0,GYYR
09/08/2025,17:20:35,52.62008,-66.78528,3857.0,0.0,SKT-4016,1,0,GYYR
09/08/2025,17:20:43,52.61031,-66.78307,3938.0,0.0,SKT-4016,1,0,GYYR
09/08/2025,17:20:51,52.60052,-66.78088,4018.0,0.0,SKT-4016,1,0,GYYR
09/08/2025,17:20:59,52.59072,-66.77871,4101.0,0.0,SKT-4016,1,0,GYYR
09/08/2025,17:21:07,52.58094,-66.77653,4185.0,0.0,SKT-4016,1,0,GYYR
09/08/2025,17:21:15,52.57118,-66.77436,4268.0,0.0,SKT-4016,1,0,GYYR
09/08/2025,17:21:23,52.56141,-66.77219,4343.0,0.0,SKT-4016,1,1,GYYR
09/08/2025,17:21:31,52.55159,-66.77,4415.0,0.0,SKT-4016,1,1,GYYR
09/08/2025,17:21:39,52.54177,-66.76787,4489.0,0.0,SKT-4016,1,1,GYYR
09/08/2025,17:21:47,52.53194,-66.76575,4564.0,0.0,SKT-4016,1,0,GYYR
09/08/2025,17:21:55,52.52211,-66.76359,4639.0,0.0,SKT-4016,1,0,GYYR
09/08/2025,17:22:03,52.51228,-66.76104,4710.0,0.0,SKT-4016,1,0,GYYR
09/08/2025,17:22:11,52.50245,-66.75834,4781.0,0.0,SKT-4016,1,0,GYYR
09/08/2025,17:22:20,52.4914,-66.75541,4862.0,0.0,SKT-4016,1,0,GYYR
09/08/2025,17:22:28,52.48157,-66.75292,4931.0,0.0,SKT-4016,1,0,GYYR
09/08/2025,17:22:36,52.47175,-66.75051,5003.0,0.0,SKT-4016,1,0,GYYR
09/08/2025,17:22:44,52.46194,-66.74818,5079.0,0.0,SKT-4016,1,0,GYYR
09/08/2025,17:22:52,52.45214,-66.74591,5149.0,0.0,SKT-4016,1,0,GYYR
09/08/2025,17:23:00,52.44232,-66.7437,5216.0,0.0,SKT-4016,1,0,GYYR
09/08/2025,17:23:08,52.4325,-66.74152,5285.0,0.0,SKT-4016,1,0,GYYR
09/08/2025,17:23:16,52.42266,-66.73933,5352.0,0.0,SKT-4016,1,0,GYYR
09/08/2025,17:23:24,52.41282,-66.73715,5417.0,0.0,SKT-4016,1,0,GYYR
09/08/2025,17:23:32,52.40296,-66.73498,5484.0,0.0,SKT-4016,1,0,GYYR
09/08/2025,17:23:40,52.39311,-66.7328,5550.0,0.0,SKT-4016,1,0,GYYR
09/08/2025,17:23:48,52.38325,-66.7306,5615.0,0.0,SKT-4016,1,0,GYYR
09/08/2025,17:23:56,52.37338,-66.7284,5678.0,0.0,SKT-4016,1,0,GYYR
09/08/2025,17:24:04,52.36351,-66.72619,5742.0,0.0,SKT-4016,1,0,GYYR
09/08/2025,17:24:12,52.35363,-66.72398,5805.0,0.0,SKT-4016,1,0,GYYR
09/08/2025,17:24:20,52.34376,-66.72176,5867.0,0.0,SKT-4016,1,0,GYYR
09/08/2025,17:24:29,52.33266,-66.71927,5938.0,0.0,SKT-4016,1,0,GYYR
09/08/2025,17:24:37,52.32279,-66.71704,6000.0,0.0,SKT-4016,1,0,GYYR
09/08/2025,17:24:45,52.31292,-66.71481,6061.0,0.0,SKT-4016,1,0,GYYR
09/08/2025,17:24:53,52.30304,-66.71258,6121.0,0.0,SKT-4016,1,0,GYYR
09/08/2025,17:25:01,52.29313,-66.71035,6178.0,0.0,SKT-4016,1,0,GYYR
09/08/2025,17:25:09,52.28321,-66.70814,6237.0,0.0,SKT-4016,1,0,GYYR
09/08/2025,17:25:17,52.27327,-66.70589,6289.0,0.0,SKT-4016,1,0,GYYR
09/08/2025,17:25:25,52.26319,-66.70354,6308.0,0.0,SKT-4016,1,0,GYYR
09/08/2025,17:25:33,52.2529,-66.70118,6316.0,0.0,SKT-4016,1,0,GYYR
09/08/2025,17:25:41,52.24238,-66.69878,6321.0,0.0,SKT-4016,1,0,GYYR
09/08/2025,17:25:49,52.23165,-66.69639,6323.0,0.0,SKT-4016,1,0,GYYR
09/08/2025,17:25:57,52.22072,-66.69398,6327.0,0.0,SKT-4016,1,0,GYYR
09/08/2025,08:15:54,,,,,SKT-4016,1,0,GYYR
09/08/2025,17:26:15,52.19587,-66.68846,6431.0,0.0,SKT-4016,1,0,GYYR
09/08/2025,17:26:24,52.18349,-66.6856,6484.0,0.0,SKT-4016,1,0,GYYR
09/08/2025,17:26:32,52.1725,-66.68304,6529.0,0.0,SKT-4016,1,0,GYYR
09/08/2025,17:26:40,52.1615,-66.68048,6573.0,0.0,SKT-4016,1,0,GYYR
09/08/2025,17:26:48,52.1505,-66.67795,6615.0,0.0,SKT-4016,1,0,GYYR
09/08/2025,17:26:56,52.13949,-66.67545,6655.0,0.0,SKT-4016,1,0,GYYR
09/08/2025,17:27:04,52.12846,-66.67295,6694.0,0.0,SKT-4016,1,0,GYYR
09/08/2025,17:27:12,52.11744,-66.67047,6733.0,0.0,SKT-4016,1,0,GYYR
09/08/2025,17:27:20,52.10639,-66.66801,6766.0,0.0,SKT-4016,1,0,GYYR
09/08/2025,17:27:28,52.09531,-66.66557,6795.0,0.0,SKT-4016,1,0,GYYR
09/08/2025,17:27:36,52.08419,-66.66313,6828.0,0.0,SKT-4016,1,0,GYYR
09/08/2025,17:27:44,52.07307,-66.66071,6863.0,0.0,SKT-4016,1,0,GYYR
09/08/2025,17:27:52,52.06192,-66.65875,6898.0,0.0,SKT-4016,1,0,GYYR
09/08/2025,17:28:00,52.05077,-66.65749,6935.0,0.0,SKT-4016,1,0,GYYR
09/08/2025,17:28:08,52.03957,-66.65668,6953.0,0.0,SKT-4016,1,0,GYYR
09/08/2025,17:28:16,52.02824,-66.65616,6960.0,0.0,SKT-4016,1,0,GYYR
09/08/2025,17:28:25,52.01531,-66.65577,6965.0,0.0,SKT-4016,1,0,GYYR
09/08/2025,17:28:33,52.00367,-66.65547,6969.0,0.0,SKT-4016,1,0,GYYR
09/08/2025,17:28:41,51.99191,-66.65517,6972.0,0.0,SKT-4016,1,0,GYYR
09/08/2025,17:28:49,51.98001,-66.65484,6971.0,0.0,SKT-4016,1,0,GYYR
09/08/2025,17:28:57,51.96798,-66.65447,6972.0,0.0,SKT-4016,1,0,GYYR
09/08/2025,17:29:05,51.95584,-66.65405,6972.0,0.0,SKT-4016,1,0,GYYR
09/08/2025,17:29:13,51.94358,-66.65356,6971.0,0.0,SKT-4016,1,0,GYYR
09/08/2025,17:29:21,51.93125,-66.65304,6972.0,0.0,SKT-4016,1,0,GYYR
09/08/2025,17:29:29,51.91884,-66.65246,6970.0,0.0,SKT-4016,1,0,GYYR
09/08/2025,17:29:37,51.90633,-66.65186,6969.0,0.0,SKT-4016,1,0,GYYR
09/08/2025,17:29:44,51.89534,-66.65133,6972.0,0.0,SKT-4016,1,0,GYYR
09/08/2025,17:29:51,51.8843,-66.6508,6974.0,0.0,SKT-4016,1,0,GYYR
09/08/2025,17:29:58,51.87318,-66.65025,6974.0,0.0,SKT-4016,1,0,GYYR
09/08/2025,17:30:05,51.86201,-66.6497,6975.0,0.0,SKT-4016,1,0,GYYR
09/08/2025,17:30:12,51.8508,-66.64915,6975.0,0.0,SKT-4016,1,0,GYYR
09/08/2025,17:30:19,51.83955,-66.64861,6975.0,0.0,SKT-4016,1,0,GYYR
09/08/2025,17:30:26,51.82826,-66.64808,6975.0,0.0,SKT-4016,1,0,GYYR
09/08/2025,17:30:34,51.81531,-66.64743,6975.0,0.0,SKT-4016,1,0,GYYR
09/08/2025,17:30:41,51.80395,-66.64681,6975.0,0.0,SKT-4016,1,0,GYYR
09/08/2025,17:30:48,51.79257,-66.64618,6975.0,0.0,SKT-4016,1,0,GYYR
09/08/2025,17:30:55,51.78117,-66.64555,6976.0,0.0,SKT-4016,1,0,GYYR
09/08/2025,17:31:02,51.76975,-66.64496,6976.0,0.0,SKT-4016,1,0,GYYR
09/08/2025,17:31:09,51.75832,-66.6444,6976.0,0.0,SKT-4016,1,0,GYYR
09/08/2025,17:31:16,51.74686,-66.64384,6976.0,0.0,SKT-4016,1,0,GYYR
09/08/2025,17:31:23,51.73538,-66.64327,6976.0,0.0,SKT-4016,1,0,GYYR
09/08/2025,17:31:30,51.72388,-66.64268,6976.0,0.0,SKT-4016,1,0,GYYR
09/08/2025,17:31:37,51.71238,-66.64205,6977.0,0.0,SKT-4016,1,0,GYYR
09/08/2025,17:31:44,51.70087,-66.64144,6977.0,0.0,SKT-4016,1,0,GYYR
09/08/2025,17:31:51,51.68935,-66.64085,6979.0,0.0,SKT-4016,1,0,GYYR
09/08/2025,17:31:58,51.67781,-66.64027,6979.0,0.0,SKT-4016,1,0,GYYR
09/08/2025,17:32:05,51.66626,-66.63971,6979.0,0.0,SKT-4016,1,0,GYYR
09/08/2025,17:32:12,51.65469,-66.63914,6980.0,0.0,SKT-4016,1,0,GYYR
09/08/2025,17:32:19,51.6431,-66.63856,6979.0,0.0,SKT-4016,1,0,GYYR
09/08/2025,17:32:26,51.6315,-66.63796,6980.0,0.0,SKT-4016,1,0,GYYR
09/08/2025,17:32:33,51.6199,-66.63735,6980.0,0.0,SKT-4016,1,0,GYYR
09/08/2025,17:32:40,51.60828,-66.63674,6980.0,0.0,SKT-4016,1,0,GYYR
09/08/2025,17:32:47,51.59664,-66.63615,6979.0,0.0,SKT-4016,1,0,GYYR
09/08/2025,17:32:54,51.58499,-66.63557,6978.0,0.0,SKT-4016,1,0,GYYR
09/08/2025,17:33:01,51.57331,-66.63503,6978.0,0.0,SKT-4016,1,0,GYYR
09/08/2025,17:33:08,51.56162,-66.63449,6979.0,0.0,SKT-4016,1,0,GYYR
09/08/2025,17:33:15,51.54992,-66.63393,6980.0,0.0,SKT-4016,1,0,GYYR
09/08/2025,17:33:23,51.53654,-66.63325,6980.0,0.0,SKT-4016,1,0,GYYR
09/08/2025,17:33:30,51.52484,-66.63263,6982.0,0.0,SKT-4016,1,0,GYYR
09/08/2025,17:33:37,51.51315,-66.63201,6982.0,0.0,SKT-4016,1,0,GYYR
09/08/2025,17:33:44,51.50145,-66.63142,6982.0,0.0,SKT-4016,1,0,GYYR
09/08/2025,17:33:51,51.48973,-66.63083,6982.0,0.0,SKT-4016,1,0,GYYR
09/08/2025,17:33:58,51.47802,-66.63026,6982.0,0.0,SKT-4016,1,0,GYYR
09/08/2025,17:34:05,51.46631,-66.62968,6984.0,0.0,SKT-4016,1,0,GYYR
09/08/2025,17:34:12,51.45459,-66.6291,6984.0,0.0,SKT-4016,1,0,GYYR
09/08/2025,17:34:19,51.44284,-66.62851,6983.0,0.0,SKT-4016,1,0,GYYR
09/08/2025,17:34:26,51.43108,-66.62792,6983.0,0.0,SKT-4016,1,0,GYYR
09/08/2025,17:34:33,51.41932,-66.62732,6984.0,0.0,SKT-4016,1,0,GYYR
09/08/2025,17:34:40,51.40757,-66.62666,6983.0,0.0,SKT-4016,1,0,GYYR
09/08/2025,17:34:47,51.3958,-66.62598,6982.0,0.0,SKT-4016,1,0,GYYR
09/08/2025,17:34:54,51.38404,-66.62531,6983.0,0.0,SKT-4016,1,0,GYYR
09/08/2025,17:35:01,51.37227,-66.62471,6983.0,0.0,SKT-4016,1,0,GYYR
09/08/2025,17:35:08,51.3605,-66.6242,6983.0,0.0,SKT-4016,1,0,GYYR
09/08/2025,17:35:15,51.34871,-66.62368,6982.0,0.0,SKT-4016,1,0,GYYR
09/08/2025,17:35:22,51.33691,-66.62309,6982.0,0.0,SKT-4016,1,0,GYYR
09/08/2025,17:35:29,51.32513,-66.62245,6980.0,0.0,SKT-4016,1,0,GYYR
09/08/2025,17:35:36,51.31338,-66.62185,6983.0,0.0,SKT-4016,1,0,GYYR
09/08/2025,17:35:43,51.30165,-66.62129,6984.0,0.0,SKT-4016,1,0,GYYR
09/08/2025,17:35:50,51.28992,-66.62076,6985.0,0.0,SKT-4016,1,0,GYYR
09/08/2025,17:35:57,51.27819,-66.62021,6979.0,0.0,SKT-4016,1,0,GYYR
09/08/2025,17:36:04,51.2664,-66.61964,6958.0,0.0,SKT-4016,1,0,GYYR
09/08/2025,17:36:11,51.25452,-66.61913,6913.0,0.0,SKT-4016,1,0,GYYR
09/08/2025,17:36:19,51.24079,-66.61868,6837.0,0.0,SKT-4016,1,0,GYYR
09/08/2025,17:36:26,51.22867,-66.6185,6772.0,0.0,SKT-4016,1,0,GYYR
09/08/2025,17:36:33,51.21653,-66.61835,6706.0,0.0,SKT-4016,1,0,GYYR
09/08/2025,17:36:40,51.20442,-66.61788,6631.0,0.0,SKT-4016,1,0,GYYR
09/08/2025,17:36:47,51.19241,-66.61739,6553.0,0.0,SKT-4016,1,0,GYYR
09/08/2025,17:36:54,51.18048,-66.61685,6483.0,0.0,SKT-4016,1,0,GYYR
09/08/2025,17:37:01,51.16862,-66.61619,6415.0,0.0,SKT-4016,1,0,GYYR
09/08/2025,17:37:08,51.15683,-66.61545,6342.0,0.0,SKT-4016,1,0,GYYR
09/08/2025,17:37:15,51.14508,-66.61472,6272.0,0.0,SKT-4016,1,0,GYYR
09/08/2025,17:37:22,51.13339,-66.61405,6199.0,0.0,SKT-4016,1,0,GYYR
09/08/2025,17:37:29,51.12173,-66.6134,6120.0,0.0,SKT-4016,1,0,GYYR
09/08/2025,17:37:36,51.11005,-66.61274,6044.0,0.0,SKT-4016,1,0,GYYR
09/08/2025,17:37:43,51.09836,-66.61194,5976.0,0.0,SKT-4016,1,0,GYYR
09/08/2025,17:37:50,51.08663,-66.61108,5904.0,0.0,SKT-4016,1,0,GYYR
09/08/2025,17:37:57,51.07484,-66.61022,5832.0,0.0,SKT-4016,1,0,GYYR
09/08/2025,17:38:04,51.06301,-66.60944,5760.0,0.0,SKT-4016,1,0,GYYR
09/08/2025,17:38:11,51.05114,-66.60885,5689.0,0.0,SKT-4016,1,0,GYYR
09/08/2025,17:38:18,51.03923,-66.60847,5617.0,0.0,SKT-4016,1,0,GYYR
09/08/2025,17:38:25,51.0273,-66.60821,5548.0,0.0,SKT-4016,1,0,GYYR
09/08/2025,17:38:32,51.01534,-66.60789,5478.0,0.0,SKT-4016,1,0,GYYR
09/08/2025,17:38:39,51.00336,-66.60748,5405.0,0.0,SKT-4016,1,0,GYYR
09/08/2025,17:38:46,50.99136,-66.60696,5333.0,0.0,SKT-4016,1,0,GYYR
09/08/2025,17:38:53,50.97937,-66.60641,5264.0,0.0,SKT-4016,1,0,GYYR
09/08/2025,17:39:01,50.96568,-66.60579,5181.0,0.0,SKT-4016,1,0,GYYR
09/08/2025,17:39:08,50.95372,-66.60531,5110.0,0.0,SKT-4016,1,0,GYYR
09/08/2025,17:39:15,50.94184,-66.6049,5042.0,0.0,SKT-4016,1,0,GYYR
09/08/2025,17:39:22,50.93007,-66.60458,4971.0,0.0,SKT-4016,1,0,GYYR
09/08/2025,17:39:29,50.91841,-66.60432,4901.0,0.0,SKT-4016,1,0,GYYR
09/08/2025,17:39:36,50.90686,-66.60392,4834.0,0.0,SKT-4016,1,0,GYYR
09/08/2025,17:39:43,50.89541,-66.60308,4763.0,0.0,SKT-4016,1,0,GYYR
09/08/2025,17:39:50,50.88406,-66.60204,4694.0,0.0,SKT-4016,1,0,GYYR
09/08/2025,17:39:57,50.8728,-66.60101,4630.0,0.0,SKT-4016,1,0,GYYR
09/08/2025,17:40:04,50.86163,-66.60012,4561.0,0.0,SKT-4016,1,0,GYYR
09/08/2025,17:40:11,50.85056,-66.5994,4496.0,0.0,SKT-4016,1,0,GYYR
09/08/2025,17:40:18,50.83958,-66.5988,4431.0,0.0,SKT-4016,1,0,GYYR
09/08/2025,17:40:25,50.82867,-66.59826,4365.0,0.0,SKT-4016,1,0,GYYR
09/08/2025,17:40:32,50.81785,-66.59782,4304.0,0.0,SKT-4016,1,0,GYYR
09/08/2025,17:40:39,50.80709,-66.59743,4240.0,0.0,SKT-4016,1,0,GYYR
09/08/2025,17:40:46,50.79641,-66.59708,4172.0,0.0,SKT-4016,1,0,GYYR
09/08/2025,17:40:53,50.7859,-66.59694,4112.0,0.0,SKT-4016,1,0,GYYR
09/08/2025,17:41:00,50.77557,-66.5969,4051.0,0.0,SKT-4016,1,0,GYYR
09/08/2025,17:41:07,50.7654,-66.59683,3991.0,0.0,SKT-4016,1,0,GYYR
09/08/2025,17:41:14,50.75535,-66.59664,3929.0,0.0,SKT-4016,1,0,GYYR
09/08/2025,17:41:21,50.7454,-66.59604,3872.0,0.0,SKT-4016,1,0,GYYR
09/08/2025,17:41:28,50.73552,-66.59494,3813.0,0.0,SKT-4016,1,0,GYYR
09/08/2025,17:41:35,50.72572,-66.59379,3755.0,0.0,SKT-4016,1,0,GYYR
09/08/2025,17:41:43,50.71458,-66.59268,3693.0,0.0,SKT-4016,1,0,GYYR
09/08/2025,17:41:50,50.70485,-66.59188,3635.0,0.0,SKT-4016,1,0,GYYR
09/08/2025,17:41:57,50.69512,-66.59129,3578.0,0.0,SKT-4016,1,0,GYYR
09/08/2025,17:42:05,50.68398,-66.59077,3516.0,0.0,SKT-4016,1,0,GYYR
09/08/2025,17:42:12,50.67421,-66.59037,3459.0,0.0,SKT-4016,1,0,GYYR
09/08/2025,17:42:19,50.66443,-66.59,3402.0,0.0,SKT-4016,1,0,GYYR
09/08/2025,17:42:26,50.65463,-66.58961,3344.0,0.0,SKT-4016,1,0,GYYR
09/08/2025,17:42:33,50.64487,-66.58926,3288.0,0.0,SKT-4016,1,0,GYYR
09/08/2025,17:42:40,50.63531,-66.58916,3228.0,0.0,SKT-4016,1,0,GYYR
09/08/2025,17:42:47,50.62592,-66.58923,3168.0,0.0,SKT-4016,1,0,GYYR
09/08/2025,17:42:54,50.61667,-66.58925,3111.0,0.0,SKT-4016,1,0,GYYR
09/08/2025,17:43:01,50.60754,-66.58882,3060.0,0.0,SKT-4016,1,0,GYYR
09/08/2025,17:43:08,50.5985,-66.58783,3016.0,0.0,SKT-4016,1,0,GYYR
09/08/2025,17:43:15,50.58949,-66.58652,2965.0,0.0,SKT-4016,1,0,GYYR
09/08/2025,17:43:23,50.57917,-66.58514,2896.0,0.0,SKT-4016,1,0,GYYR
09/08/2025,17:43:30,50.57011,-66.58446,2844.0,0.0,SKT-4016,1,0,GYYR
09/08/2025,17:43:37,50.56107,-66.58418,2796.0,0.0,SKT-4016,1,0,GYYR
09/08/2025,17:43:44,50.55203,-66.58407,2743.0,0.0,SKT-4016,1,0,GYYR
09/08/2025,17:43:51,50.54299,-66.58401,2685.0,0.0,SKT-4016,1,0,GYYR
09/08/2025,17:43:58,50.53396,-66.58393,2631.0,0.0,SKT-4016,1,0,GYYR
09/08/2025,17:44:05,50.52498,-66.58379,2582.0,0.0,SKT-4016,1,0,GYYR
09/08/2025,17:44:12,50.51609,-66.58365,2530.0,0.0,SKT-4016,1,0,GYYR
09/08/2025,17:44:19,50.50732,-66.58357,2473.0,0.0,SKT-4016,1,0,GYYR
09/08/2025,17:44:26,50.49866,-66.5835,2419.0,0.0,SKT-4016,1,0,GYYR
09/08/2025,17:44:34,50.48893,-66.58325,2364.0,0.0,SKT-4016,1,0,GYYR
09/08/2025,17:44:41,50.48055,-66.58268,2316.0,0.0,SKT-4016,1,0,GYYR
09/08/2025,17:44:48,50.47227,-66.58191,2267.0,0.0,SKT-4016,1,0,GYYR
09/08/2025,17:44:55,50.46411,-66.58118,2219.0,0.0,SKT-4016,1,0,GYYR
09/08/2025,17:45:02,50.45608,-66.5806,2176.0,0.0,SKT-4016,1,0,GYYR
09/08/2025,17:45:09,50.44821,-66.58015,2133.0,0.0,SKT-4016,1,0,GYYR
09/08/2025,17:45:16,50.44048,-66.57979,2089.0,0.0,SKT-4016,1,0,GYYR
09/08/2025,17:45:23,50.43285,-66.5795,2048.0,0.0,SKT-4016,1,0,GYYR
09/08/2025,17:45:30,50.42518,-66.57906,2008.0,0.0,SKT-4016,1,0,GYYR
09/08/2025,08:35:26,,,,,SKT-4016,1,0,GYYR
09/08/2025,08:35:36,,,,,SKT-4016,1,0,GYYR
09/08/2025,08:35:46,,,,,SKT-4016,1,0,GYYR
09/08/2025,08:35:55,,,,,SKT-4016,1,0,GYYR
09/08/2025,08:36:05,,,,,SKT-4016,1,0,GYYR
09/08/2025,08:36:14,,,,,SKT-4016,1,0,GYYR
09/08/2025,08:36:23,,,,,SKT-4016,1,0,GYYR
09/08/2025,08:36:32,,,,,SKT-4016,1,0,GYYR
09/08/2025,08:36:42,,,,,SKT-4016,1,0,GYYR
09/08/2025,08:36:51,,,,,SKT-4016,1,0,GYYR
09/08/2025,08:37:00,,,,,SKT-4016,1,0,GYYR
09/08/2025,08:37:10,,,,,SKT-4016,1,0,GYYR
09/08/2025,08:37:19,,,,,SKT-4016,1,0,GYYR
09/08/2025,08:37:29,,,,,SKT-4016,1,0,GYYR
09/08/2025,08:37:38,,,,,SKT-4016,1,0,GYYR
09/08/2025,08:37:47,,,,,SKT-4016,1,0,GYYR
09/08/2025,08:37:56,,,,,SKT-4016,1,0,GYYR
09/08/2025,08:38:06,,,,,SKT-4016,1,0,GYYR
09/08/2025,08:38:15,,,,,SKT-4016,1,0,GYYR
09/08/2025,08:38:24,,,,,SKT-4016,1,0,GYYR
09/08/2025,08:38:33,,,,,SKT-4016,1,0,GYYR
09/08/2025,08:38:42,,,,,SKT-4016,1,0,GYYR
09/08/2025,08:38:52,,,,,SKT-4016,1,0,GYYR
09/08/2025,08:39:01,,,,,SKT-4016,1,0,GYYR
09/08/2025,08:39:10,,,,,SKT-4016,1,0,GYYR
09/08/2025,08:39:19,,,,,SKT-4016,1,0,GYYR
09/08/2025,08:39:28,,,,,SKT-4016,1,0,GYYR
09/08/2025,08:39:38,,,,,SKT-4016,1,0,GYYR
09/08/2025,08:39:47,,,,,SKT-4016,1,0,GYYR
09/08/2025,08:39:56,,,,,SKT-4016,1,0,GYYR
09/08/2025,08:40:05,,,,,SKT-4016,1,0,GYYR
09/08/2025,08:40:15,,,,,SKT-4016,1,0,GYYR
09/08/2025,08:40:24,,,,,SKT-4016,1,0,GYYR
09/08/2025,08:40:33,,,,,SKT-4016,1,0,GYYR
09/08/2025,08:40:42,,,,,SKT-4016,1,0,GYYR
09/08/2025,08:40:51,,,,,SKT-4016,1,0,GYYR
09/08/2025,08:41:01,,,,,SKT-4016,1,0,GYYR
09/08/2025,08:41:10,,,,,SKT-4016,1,0,GYYR
09/08/2025,08:41:19,,,,,SKT-4016,1,0,GYYR
09/08/2025,08:41:28,,,,,SKT-4016,1,0,GYYR
09/08/2025,08:41:37,,,,,SKT-4016,1,0,GYYR
09/08/2025,08:41:47,,,,,SKT-4016,1,0,GYYR
09/08/2025,17:52:08,50.22826,-66.27188,36.0,0.0,SKT-4016,1,1,GYYR
09/08/2025,17:52:15,50.22725,-66.26733,36.0,1.0,SKT-4016,1,1,GYYR
09/08/2025,17:52:22,50.22649,-66.2639,36.0,1.0,SKT-4016,1,1,GYYR
09/08/2025,17:52:30,50.22583,-66.26093,36.0,1.0,SKT-4016,1,1,GYYR
09/08/2025,17:52:37,50.22536,-66.25883,36.0,1.0,SKT-4016,1,1,GYYR
09/08/2025,17:52:44,50.22498,-66.2571,36.0,1.0,SKT-4016,1,1,GYYR
09/08/2025,17:52:52,50.22464,-66.25552,36.0,1.0,SKT-4016,1,1,GYYR
09/08/2025,17:52:59,50.2244,-66.2544,36.0,1.0,SKT-4016,1,1,GYYR
09/08/2025,17:53:07,50.22415,-66.25333,37.0,1.0,SKT-4016,1,1,GYYR
09/08/2025,17:53:15,50.22373,-66.25265,36.0,1.0,SKT-4016,1,1,GYYR
09/08/2025,17:53:22,50.22323,-66.25255,36.0,1.0,SKT-4016,1,1,GYYR
09/08/2025,17:53:29,50.22269,-66.25254,36.0,1.0,SKT-4016,1,1,GYYR
09/08/2025,17:53:36,50.22214,-66.25253,36.0,1.0,SKT-4016,1,1,GYYR
09/08/2025,17:53:44,50.22162,-66.25261,36.0,1.0,SKT-4016,1,1,GYYR
09/08/2025,17:53:51,50.22136,-66.25319,35.0,1.0,SKT-4016,1,1,GYYR
09/08/2025,17:53:58,50.2212,-66.25383,35.0,1.0,SKT-4016,1,1,GYYR
09/08/2025,17:54:06,50.22103,-66.25455,36.0,1.0,SKT-4016,1,1,GYYR
09/08/2025,17:54:13,50.22087,-66.2552,36.0,1.0,SKT-4016,1,1,GYYR
09/08/2025,17:54:20,50.22071,-66.25584,36.0,1.0,SKT-4016,1,1,GYYR
09/08/2025,17:54:27,50.22055,-66.25652,36.0,1.0,SKT-4016,1,1,GYYR
09/08/2025,17:54:35,50.22033,-66.25741,36.0,1.0,SKT-4016,1,1,GYYR
09/08/2025,17:54:42,50.22011,-66.25829,35.0,1.0,SKT-4016,1,1,GYYR
09/08/2025,17:54:49,50.21989,-66.25918,36.0,1.0,SKT-4016,1,1,GYYR
09/08/2025,17:54:56,50.21968,-66.25999,36.0,1.0,SKT-4016,1,1,GYYR
09/08/2025,17:55:04,50.21947,-66.26083,36.0,1.0,SKT-4016,1,1,GYYR
09/08/2025,17:55:11,50.21945,-66.26147,35.0,1.0,SKT-4016,1,1,GYYR
09/08/2025,17:55:18,50.21957,-66.26203,35.0,1.0,SKT-4016,1,1,GYYR
09/08/2025,17:55:25,50.2196,-66.26257,35.0,1.0,SKT-4016,1,1,GYYR
09/08/2025,17:55:33,50.21947,-66.26312,34.0,1.0,SKT-4016,1,1,GYYR
09/08/2025,17:55:40,50.21935,-66.26359,34.0,1.0,SKT-4016,1,1,GYYR
09/08/2025,17:55:48,50.21905,-66.26402,34.0,1.0,SKT-4016,1,1,GYYR
09/08/2025,17:55:55,50.21883,-66.26452,34.0,1.0,SKT-4016,1,1,GYYR
09/08/2025,17:56:02,50.2187,-66.26502,34.0,1.0,SKT-4016,1,1,GYYR
09/08/2025,17:56:09,50.21853,-66.26521,34.0,1.0,SKT-4016,1,1,GYYR
09/08/2025,17:56:17,50.21832,-66.26514,33.0,1.0,SKT-4016,1,1,GYYR
09/08/2025,17:56:25,50.21818,-66.26505,33.0,1.0,SKT-4016,1,1,GYYR
09/08/2025,17:56:32,50.21815,-66.26504,33.0,1.0,SKT-4016,1,1,GYYR
09/08/2025,08:46:28,,,,,SKT-4016,1,0,GYYR
09/08/2025,08:46:38,,,,,SKT-4016,1,0,GYYR
09/08/2025,08:46:48,,,,,SKT-4016,1,0,GYYR
09/08/2025,08:46:59,,,,,SKT-4016,1,0,GYYR
09/08/2025,08:47:09,,,,,SKT-4016,1,0,GYYR
09/08/2025,08:47:18,,,,,SKT-4016,1,0,GYYR
09/08/2025,08:47:27,,,,,SKT-4016,1,0,GYYR
09/08/2025,08:47:36,,,,,SKT-4016,1,0,GYYR
09/08/2025,08:47:46,,,,,SKT-4016,1,0,GYYR
09/08/2025,08:47:55,,,,,SKT-4016,1,0,GYYR
09/08/2025,17:58:16,50.21816,-66.26503,35.0,1.0,SKT-4016,1,1,GYYR
09/08/2025,17:58:23,50.21816,-66.26503,35.0,1.0,SKT-4016,1,1,GYYR
09/08/2025,17:58:30,50.21816,-66.26503,35.0,1.0,SKT-4016,1,1,GYYR
09/08/2025,17:58:38,50.21816,-66.26503,34.0,1.0,SKT-4016,1,1,GYYR
09/08/2025,17:58:45,50.21816,-66.26503,34.0,1.0,SKT-4016,1,1,GYYR
09/08/2025,17:58:52,50.21816,-66.26504,33.0,1.0,SKT-4016,1,1,GYYR
09/08/2025,17:59:00,50.21816,-66.26504,33.0,1.0,SKT-4016,1,1,GYYR
09/08/2025,17:59:07,50.21816,-66.26505,33.0,1.0,SKT-4016,1,1,GYYR
09/08/2025,17:59:14,50.21816,-66.26504,32.0,1.0,SKT-4016,1,1,GYYR
09/08/2025,17:59:21,50.21815,-66.26504,32.0,1.0,SKT-4016,1,1,GYYR
09/08/2025,17:59:29,50.21815,-66.26504,33.0,1.0,SKT-4016,1,1,GYYR
09/08/2025,17:59:36,50.21816,-66.26503,33.0,1.0,SKT-4016,1,1,GYYR
09/08/2025,17:59:43,50.21816,-66.26503,33.0,1.0,SKT-4016,1,1,GYYR
09/08/2025,17:59:50,50.21816,-66.26503,34.0,1.0,SKT-4016,1,1,GYYR
09/08/2025,17:59:58,50.21816,-66.26502,34.0,1.0,SKT-4016,1,1,GYYR
09/08/2025,18:00:06,50.21816,-66.26502,34.0,1.0,SKT-4016,1,1,GYYR
09/08/2025,18:00:13,50.21816,-66.26502,34.0,1.0,SKT-4016,1,1,GYYR
09/08/2025,18:00:20,50.21816,-66.26502,34.0,1.0,SKT-4016,1,1,GYYR
09/08/2025,18:00:28,50.21816,-66.26502,34.0,1.0,SKT-4016,1,1,GYYR
09/08/2025,18:00:35,50.21816,-66.26502,34.0,1.0,SKT-4016,1,1,GYYR
09/08/2025,18:00:42,50.21816,-66.26503,34.0,1.0,SKT-4016,1,1,GYYR
09/08/2025,18:00:49,50.21816,-66.26503,34.0,1.0,SKT-4016,1,1,GYYR
09/08/2025,18:00:57,50.21816,-66.26502,33.0,1.0,SKT-4016,1,1,GYYR
09/08/2025,18:01:04,50.21816,-66.26502,33.0,1.0,SKT-4016,1,1,GYYR
09/08/2025,18:01:11,50.21815,-66.26502,33.0,1.0,SKT-4016,1,1,GYYR
09/08/2025,18:01:19,50.21816,-66.26502,34.0,1.0,SKT-4016,1,1,GYYR
09/08/2025,18:01:26,50.21816,-66.26502,34.0,1.0,SKT-4016,1,1,GYYR
09/08/2025,18:01:33,50.21816,-66.26503,34.0,1.0,SKT-4016,1,1,GYYR
09/08/2025,18:01:40,50.21816,-66.26503,34.0,1.0,SKT-4016,1,1,GYYR
09/08/2025,18:01:48,50.21816,-66.26503,34.0,1.0,SKT-4016,1,1,GYYR
09/08/2025,18:01:55,50.21816,-66.26503,34.0,1.0,SKT-4016,1,1,GYYR
09/08/2025,18:02:03,50.21815,-66.26503,34.0,1.0,SKT-4016,1,1,GYYR
09/08/2025,18:02:11,50.21815,-66.26502,35.0,1.0,SKT-4016,1,1,GYYR
09/08/2025,18:02:19,50.21815,-66.26502,35.0,1.0,SKT-4016,1,1,GYYR
09/08/2025,18:02:27,50.21816,-66.26502,36.0,1.0,SKT-4016,1,1,GYYR
09/08/2025,18:02:34,50.21816,-66.26502,36.0,1.0,SKT-4016,1,1,GYYR
09/08/2025,18:02:41,50.21816,-66.26502,36.0,1.0,SKT-4016,1,1,GYYR
09/08/2025,18:02:48,50.21816,-66.26502,37.0,1.0,SKT-4016,1,1,GYYR
09/08/2025,18:02:56,50.21815,-66.26501,37.0,1.0,SKT-4016,1,1,GYYR
09/08/2025,18:03:03,50.21815,-66.26501,37.0,1.0,SKT-4016,1,1,GYYR
09/08/2025,18:03:10,50.21815,-66.26501,37.0,1.0,SKT-4016,1,1,GYYR
09/08/2025,18:03:17,50.21815,-66.26501,36.0,1.0,SKT-4016,1,1,GYYR
09/08/2025,18:03:25,50.21815,-66.26501,36.0,1.0,SKT-4016,1,1,GYYR
09/08/2025,18:03:32,50.21815,-66.26501,35.0,1.0,SKT-4016,1,1,GYYR
09/08/2025,18:03:39,50.21815,-66.26501,35.0,1.0,SKT-4016,1,1,GYYR
09/08/2025,18:03:47,50.21815,-66.26501,35.0,1.0,SKT-4016,1,1,GYYR
09/08/2025,18:03:54,50.21815,-66.26501,35.0,1.0,SKT-4016,1,1,GYYR
09/08/2025,18:04:01,50.21815,-66.26501,35.0,1.0,SKT-4016,1,1,GYYR
09/08/2025,18:04:09,50.21815,-66.26501,35.0,1.0,SKT-4016,1,1,GYYR
09/08/2025,18:04:16,50.21815,-66.26501,35.0,1.0,SKT-4016,1,1,GYYR
09/08/2025,18:04:23,50.21816,-66.26501,35.0,1.0,SKT-4016,1,1,GYYR
09/08/2025,18:04:30,50.21816,-66.26501,35.0,1.0,SKT-4016,1,1,GYYR
09/08/2025,18:04:38,50.21816,-66.26502,34.0,1.0,SKT-4016,1,1,GYYR
09/08/2025,18:04:45,50.21816,-66.26502,34.0,1.0,SKT-4016,1,1,GYYR
09/08/2025,18:04:52,50.21815,-66.26502,34.0,1.0,SKT-4016,1,1,GYYR
09/08/2025,18:05:00,50.21816,-66.26502,33.0,1.0,SKT-4016,1,1,GYYR
09/08/2025,18:05:07,50.21816,-66.26502,33.0,1.0,SKT-4016,1,1,GYYR
09/08/2025,18:05:14,50.21815,-66.26502,33.0,1.0,SKT-4016,1,1,GYYR
09/08/2025,18:05:21,50.21815,-66.26502,34.0,1.0,SKT-4016,1,1,GYYR
09/08/2025,18:05:29,50.21815,-66.26502,34.0,1.0,SKT-4016,1,1,GYYR
09/08/2025,18:05:36,50.21815,-66.26502,34.0,1.0,SKT-4016,1,1,GYYR
09/08/2025,18:05:43,50.21815,-66.26502,34.0,1.0,SKT-4016,1,1,GYYR
09/08/2025,18:05:51,50.21815,-66.26502,34.0,1.0,SKT-4016,1,1,GYYR
09/08/2025,18:05:58,50.21815,-66.26503,34.0,1.0,SKT-4016,1,1,GYYR
09/08/2025,18:06:05,50.21815,-66.26503,34.0,1.0,SKT-4016,1,1,GYYR
09/08/2025,18:06:12,50.21816,-66.26504,34.0,1.0,SKT-4016,1,1,GYYR
09/08/2025,18:06:20,50.21816,-66.26504,34.0,1.0,SKT-4016,1,1,GYYR
09/08/2025,18:06:27,50.21816,-66.26504,34.0,1.0,SKT-4016,1,1,GYYR
09/08/2025,18:06:34,50.21816,-66.26504,34.0,1.0,SKT-4016,1,1,GYYR
09/08/2025,18:06:41,50.21817,-66.26504,34.0,1.0,SKT-4016,1,1,GYYR
09/08/2025,18:06:49,50.21816,-66.26503,34.0,1.0,SKT-4016,1,1,GYYR
09/08/2025,18:06:56,50.21816,-66.26503,34.0,1.0,SKT-4016,1,1,GYYR
09/08/2025,18:07:03,50.21816,-66.26503,35.0,1.0,SKT-4016,1,1,GYYR
09/08/2025,18:07:11,50.21816,-66.26503,36.0,1.0,SKT-4016,1,1,GYYR
09/08/2025,18:07:18,50.21816,-66.26503,35.0,1.0,SKT-4016,1,1,GYYR
09/08/2025,18:07:25,50.21816,-66.26503,35.0,1.0,SKT-4016,1,1,GYYR
09/08/2025,18:07:33,50.21816,-66.26503,35.0,1.0,SKT-4016,1,1,GYYR
09/08/2025,18:07:40,50.21816,-66.26503,35.0,1.0,SKT-4016,1,1,GYYR
09/08/2025,18:07:47,50.21816,-66.26503,34.0,1.0,SKT-4016,1,1,GYYR
09/08/2025,18:07:55,50.21816,-66.26502,34.0,1.0,SKT-4016,1,1,GYYR
09/08/2025,18:08:02,50.21816,-66.26502,34.0,1.0,SKT-4016,1,1,GYYR
09/08/2025,18:08:09,50.21816,-66.26502,34.0,1.0,SKT-4016,1,1,GYYR
09/08/2025,18:08:16,50.21816,-66.26502,34.0,1.0,SKT-4016,1,1,GYYR
09/08/2025,18:08:24,50.21816,-66.26502,34.0,1.0,SKT-4016,1,1,GYYR
09/08/2025,18:08:31,50.21816,-66.26503,33.0,1.0,SKT-4016,1,1,GYYR
09/08/2025,18:08:38,50.21816,-66.26503,34.0,1.0,SKT-4016,1,1,GYYR
09/08/2025,18:08:46,50.21816,-66.26503,34.0,1.0,SKT-4016,1,1,GYYR
09/08/2025,18:08:53,50.21816,-66.26504,34.0,1.0,SKT-4016,1,1,GYYR
09/08/2025,18:09:00,50.21816,-66.26504,34.0,1.0,SKT-4016,1,1,GYYR
09/08/2025,18:09:07,50.21816,-66.26504,34.0,1.0,SKT-4016,1,1,GYYR
09/08/2025,18:09:15,50.21816,-66.26504,33.0,1.0,SKT-4016,1,1,GYYR
09/08/2025,18:09:22,50.21816,-66.26504,33.0,1.0,SKT-4016,1,1,GYYR
09/08/2025,18:09:29,50.21816,-66.26504,33.0,1.0,SKT-4016,1,1,GYYR
09/08/2025,18:09:37,50.21816,-66.26504,33.0,1.0,SKT-4016,1,1,GYYR
09/08/2025,18:09:44,50.21817,-66.26504,33.0,1.0,SKT-4016,1,1,GYYR
09/08/2025,18:09:51,50.21817,-66.26504,34.0,1.0,SKT-4016,1,1,GYYR
09/08/2025,18:09:58,50.21816,-66.26504,33.0,1.0,SKT-4016,1,1,GYYR
09/08/2025,18:10:06,50.21816,-66.26504,32.0,1.0,SKT-4016,1,1,GYYR
09/08/2025,18:10:14,50.21815,-66.26504,32.0,1.0,SKT-4016,1,1,GYYR
09/08/2025,18:10:21,50.21815,-66.26504,32.0,1.0,SKT-4016,1,1,GYYR
09/08/2025,18:10:28,50.21815,-66.26504,33.0,1.0,SKT-4016,1,1,GYYR
09/08/2025,18:10:36,50.21815,-66.26503,33.0,1.0,SKT-4016,1,1,GYYR
09/08/2025,18:10:43,50.21815,-66.26503,33.0,1.0,SKT-4016,1,1,GYYR
09/08/2025,18:10:50,50.21815,-66.26503,33.0,1.0,SKT-4016,1,1,GYYR
09/08/2025,18:10:57,50.21815,-66.26503,33.0,1.0,SKT-4016,1,1,GYYR
09/08/2025,18:11:05,50.21815,-66.26503,33.0,1.0,SKT-4016,1,1,GYYR
09/08/2025,18:11:12,50.21815,-66.26503,33.0,1.0,SKT-4016,1,1,GYYR
09/08/2025,18:11:20,50.21815,-66.26503,34.0,1.0,SKT-4016,1,1,GYYR
09/08/2025,18:11:27,50.21816,-66.26502,34.0,1.0,SKT-4016,1,1,GYYR
09/08/2025,18:11:34,50.21816,-66.26502,34.0,1.0,SKT-4016,1,1,GYYR
09/08/2025,18:11:41,50.21815,-66.26502,34.0,1.0,SKT-4016,1,1,GYYR
09/08/2025,18:11:49,50.21815,-66.26502,33.0,1.0,SKT-4016,1,1,GYYR
09/08/2025,18:11:56,50.21815,-66.26502,33.0,1.0,SKT-4016,1,1,GYYR
09/08/2025,18:12:04,50.21816,-66.26503,33.0,1.0,SKT-4016,1,1,GYYR
09/08/2025,18:12:11,50.21816,-66.26504,33.0,1.0,SKT-4016,1,1,GYYR
09/08/2025,18:12:19,50.21816,-66.26504,33.0,1.0,SKT-4016,1,1,GYYR
09/08/2025,18:12:26,50.21816,-66.26504,33.0,1.0,SKT-4016,1,1,GYYR
09/08/2025,18:12:33,50.21816,-66.26504,33.0,1.0,SKT-4016,1,1,GYYR
09/08/2025,18:12:40,50.21815,-66.26504,33.0,1.0,SKT-4016,1,1,GYYR
09/08/2025,18:12:48,50.21815,-66.26504,33.0,1.0,SKT-4016,1,1,GYYR
09/08/2025,18:12:55,50.21815,-66.26504,32.0,1.0,SKT-4016,1,1,GYYR
09/08/2025,18:13:03,50.21815,-66.26503,32.0,1.0,SKT-4016,1,1,GYYR
09/08/2025,18:13:10,50.21815,-66.26503,32.0,1.0,SKT-4016,1,1,GYYR
09/08/2025,18:13:18,50.21815,-66.26503,32.0,1.0,SKT-4016,1,1,GYYR
09/08/2025,18:13:25,50.21815,-66.26504,32.0,1.0,SKT-4016,1,1,GYYR
09/08/2025,18:13:32,50.21815,-66.26504,32.0,1.0,SKT-4016,1,1,GYYR
09/08/2025,18:13:40,50.21815,-66.26504,32.0,1.0,SKT-4016,1,1,GYYR
09/08/2025,18:13:47,50.21815,-66.26504,32.0,1.0,SKT-4016,1,1,GYYR
09/08/2025,18:13:55,50.21815,-66.26504,33.0,1.0,SKT-4016,1,1,GYYR
09/08/2025,18:14:02,50.21815,-66.26503,33.0,1.0,SKT-4016,1,1,GYYR
09/08/2025,18:14:09,50.21815,-66.26503,32.0,1.0,SKT-4016,1,1,GYYR
09/08/2025,18:14:17,50.21815,-66.26502,32.0,1.0,SKT-4016,1,1,GYYR
09/08/2025,18:14:24,50.21815,-66.26502,32.0,1.0,SKT-4016,1,1,GYYR
09/08/2025,18:14:31,50.21815,-66.26502,32.0,1.0,SKT-4016,1,1,GYYR
09/08/2025,18:14:39,50.21816,-66.26503,33.0,1.0,SKT-4016,1,1,GYYR
09/08/2025,18:14:46,50.21816,-66.26504,34.0,1.0,SKT-4016,1,1,GYYR
09/08/2025,18:14:53,50.21816,-66.26504,34.0,1.0,SKT-4016,1,1,GYYR
09/08/2025,18:15:00,50.21815,-66.26503,34.0,1.0,SKT-4016,1,1,GYYR
09/08/2025,18:15:08,50.21815,-66.26503,34.0,1.0,SKT-4016,1,1,GYYR
09/08/2025,18:15:15,50.21815,-66.26503,34.0,1.0,SKT-4016,1,1,GYYR
09/08/2025,18:15:22,50.2182,-66.26505,34.0,1.0,SKT-4016,1,1,GYYR
09/08/2025,18:15:30,50.21828,-66.2651,34.0,1.0,SKT-4016,1,1,GYYR
09/08/2025,18:15:37,50.21836,-66.26515,33.0,1.0,SKT-4016,1,1,GYYR
09/08/2025,18:15:44,50.21844,-66.26522,33.0,1.0,SKT-4016,1,1,GYYR
09/08/2025,18:15:52,50.21852,-66.26531,33.0,1.0,SKT-4016,1,1,GYYR
09/08/2025,18:15:59,50.21858,-66.26543,33.0,1.0,SKT-4016,1,1,GYYR
09/08/2025,18:16:06,50.21862,-66.26555,33.0,1.0,SKT-4016,1,1,GYYR
09/08/2025,18:16:14,50.21865,-66.26567,33.0,1.0,SKT-4016,1,1,GYYR
09/08/2025,18:16:21,50.21865,-66.26576,33.0,1.0,SKT-4016,1,1,GYYR
09/08/2025,18:16:28,50.21866,-66.26577,34.0,1.0,SKT-4016,1,1,GYYR
09/08/2025,18:16:36,50.21866,-66.26578,34.0,1.0,SKT-4016,1,1,GYYR
09/08/2025,18:16:43,50.21867,-66.26578,34.0,1.0,SKT-4016,1,1,GYYR
09/08/2025,18:16:50,50.21867,-66.26578,35.0,1.0,SKT-4016,1,1,GYYR
09/08/2025,18:16:58,50.21867,-66.26578,35.0,1.0,SKT-4016,1,1,GYYR
09/08/2025,18:17:05,50.21867,-66.26578,35.0,1.0,SKT-4016,1,1,GYYR
09/08/2025,18:17:12,50.21867,-66.26578,35.0,1.0,SKT-4016,1,1,GYYR
09/08/2025,18:17:19,50.21866,-66.26578,35.0,1.0,SKT-4016,1,1,GYYR
09/08/2025,18:17:27,50.21866,-66.26578,35.0,1.0,SKT-4016,1,1,GYYR
09/08/2025,18:17:34,50.21866,-66.26578,35.0,1.0,SKT-4016,1,1,GYYR
09/08/2025,18:17:41,50.21866,-66.26578,34.0,1.0,SKT-4016,1,1,GYYR
09/08/2025,18:17:49,50.21867,-66.26578,34.0,1.0,SKT-4016,1,1,GYYR
09/08/2025,18:17:56,50.21867,-66.26578,35.0,1.0,SKT-4016,1,1,GYYR
09/08/2025,18:18:03,50.21867,-66.26578,35.0,1.0,SKT-4016,1,1,GYYR
09/08/2025,18:18:11,50.21867,-66.26577,35.0,1.0,SKT-4016,1,1,GYYR
09/08/2025,18:18:18,50.21867,-66.26577,35.0,1.0,SKT-4016,1,1,GYYR
09/08/2025,18:18:25,50.21867,-66.26573,34.0,1.0,SKT-4016,1,1,GYYR
09/08/2025,18:18:33,50.21867,-66.2655,34.0,1.0,SKT-4016,1,1,GYYR
09/08/2025,18:18:40,50.21871,-66.26514,34.0,1.0,SKT-4016,1,1,GYYR
09/08/2025,18:18:47,50.2188,-66.26471,34.0,1.0,SKT-4016,1,1,GYYR
09/08/2025,18:18:54,50.21893,-66.26426,35.0,1.0,SKT-4016,1,1,GYYR
09/08/2025,18:19:02,50.21923,-66.26385,34.0,1.0,SKT-4016,1,1,GYYR
09/08/2025,18:19:09,50.21943,-66.26335,34.0,1.0,SKT-4016,1,1,GYYR
09/08/2025,18:19:16,50.21957,-66.26276,35.0,1.0,SKT-4016,1,1,GYYR
09/08/2025,18:19:23,50.2196,-66.26216,35.0,1.0,SKT-4016,1,1,GYYR
09/08/2025,18:19:31,50.21946,-66.26152,35.0,1.0,SKT-4016,1,1,GYYR
09/08/2025,18:19:38,50.21947,-66.2609,34.0,1.0,SKT-4016,1,1,GYYR
09/08/2025,18:19:45,50.21962,-66.26025,35.0,1.0,SKT-4016,1,1,GYYR
09/08/2025,18:19:53,50.21983,-66.25942,35.0,1.0,SKT-4016,1,1,GYYR
09/08/2025,18:20:00,50.22002,-66.25864,35.0,1.0,SKT-4016,1,1,GYYR
09/08/2025,18:20:07,50.22023,-66.25781,35.0,1.0,SKT-4016,1,1,GYYR
09/08/2025,18:20:14,50.22044,-66.25695,36.0,1.0,SKT-4016,1,1,GYYR
09/08/2025,18:20:22,50.22069,-66.25597,36.0,1.0,SKT-4016,1,1,GYYR
09/08/2025,18:20:29,50.22089,-66.25514,36.0,1.0,SKT-4016,1,1,GYYR
09/08/2025,18:20:36,50.22109,-66.25434,36.0,1.0,SKT-4016,1,1,GYYR
09/08/2025,18:20:44,50.22131,-66.25345,36.0,1.0,SKT-4016,1,1,GYYR
09/08/2025,18:20:51,50.2215,-66.2528,36.0,1.0,SKT-4016,1,1,GYYR
09/08/2025,18:20:58,50.2218,-66.25256,36.0,1.0,SKT-4016,1,1,GYYR
09/08/2025,18:21:05,50.22215,-66.25255,35.0,1.0,SKT-4016,1,1,GYYR
09/08/2025,18:21:13,50.22251,-66.25256,35.0,1.0,SKT-4016,1,1,GYYR
09/08/2025,18:21:20,50.22273,-66.25256,35.0,1.0,SKT-4016,1,1,GYYR
09/08/2025,18:21:27,50.22281,-66.25256,35.0,1.0,SKT-4016,1,1,GYYR
09/08/2025,18:21:34,50.22281,-66.25256,35.0,1.0,SKT-4016,1,1,GYYR
09/08/2025,18:21:42,50.22281,-66.25256,35.0,1.0,SKT-4016,1,1,GYYR
09/08/2025,18:21:49,50.22281,-66.25256,35.0,1.0,SKT-4016,1,1,GYYR
09/08/2025,18:21:56,50.22281,-66.25256,35.0,1.0,SKT-4016,1,1,GYYR
09/08/2025,18:22:04,50.22281,-66.25256,34.0,1.0,SKT-4016,1,1,GYYR
09/08/2025,18:22:12,50.22285,-66.25256,34.0,1.0,SKT-4016,1,1,GYYR
09/08/2025,18:22:19,50.22308,-66.25256,34.0,1.0,SKT-4016,1,1,GYYR
09/08/2025,18:22:27,50.22348,-66.25257,34.0,1.0,SKT-4016,1,1,GYYR
09/08/2025,18:22:34,50.22383,-66.25268,34.0,1.0,SKT-4016,1,1,GYYR
09/08/2025,18:22:42,50.22408,-66.25314,34.0,1.0,SKT-4016,1,1,GYYR
09/08/2025,18:22:49,50.2243,-66.25408,35.0,1.0,SKT-4016,1,1,GYYR
09/08/2025,18:22:56,50.22491,-66.25684,35.0,1.0,SKT-4016,1,1,GYYR
09/08/2025,18:23:04,50.2261,-66.26224,35.0,1.0,SKT-4016,1,1,GYYR
09/08/2025,18:23:12,50.22772,-66.26959,47.0,1.0,SKT-4016,1,0,GYYR
09/08/2025,18:23:20,50.2295,-66.27769,125.0,0.0,SKT-4016,1,1,GYYR
09/08/2025,18:23:27,50.2312,-66.28503,205.0,0.0,SKT-4016,1,1,GYYR
09/08/2025,18:23:34,50.23299,-66.29253,296.0,0.0,SKT-4016,1,1,GYYR
09/08/2025,18:23:42,50.2351,-66.30109,414.0,0.0,SKT-4016,1,1,GYYR
09/08/2025,18:23:49,50.23717,-66.30862,499.0,0.0,SKT-4016,1,1,GYYR
09/08/2025,18:23:56,50.23943,-66.3163,566.0,0.0,SKT-4016,1,1,GYYR
09/08/2025,18:24:03,50.242,-66.32417,628.0,0.0,SKT-4016,1,1,GYYR
09/08/2025,18:24:12,50.24532,-66.33475,711.0,0.0,SKT-4016,1,0,GYYR
09/08/2025,18:24:20,50.2481,-66.34467,785.0,0.0,SKT-4016,1,0,GYYR
09/08/2025,18:24:28,50.25023,-66.35526,862.0,0.0,SKT-4016,1,0,GYYR
09/08/2025,18:24:36,50.25026,-66.36633,955.0,0.0,SKT-4016,1,0,GYYR
09/08/2025,18:24:44,50.2477,-66.37657,1058.0,0.0,SKT-4016,1,0,GYYR
09/08/2025,18:24:52,50.24333,-66.38535,1154.0,0.0,SKT-4016,1,0,GYYR
09/08/2025,18:25:00,50.2381,-66.39314,1239.0,0.0,SKT-4016,1,0,GYYR
09/08/2025,18:25:08,50.23239,-66.4006,1309.0,0.0,SKT-4016,1,1,GYYR
09/08/2025,18:25:15,50.22736,-66.40739,1377.0,0.0,SKT-4016,1,1,GYYR
09/08/2025,18:25:23,50.22162,-66.41541,1457.0,0.0,SKT-4016,1,1,GYYR
09/08/2025,18:25:30,50.21653,-66.42252,1528.0,0.0,SKT-4016,1,1,GYYR
09/08/2025,18:25:38,50.2106,-66.43071,1606.0,0.0,SKT-4016,1,1,GYYR
09/08/2025,18:25:46,50.20456,-66.43899,1684.0,0.0,SKT-4016,1,0,GYYR
09/08/2025,18:25:53,50.1992,-66.44627,1757.0,0.0,SKT-4016,1,1,GYYR
09/08/2025,18:26:00,50.19379,-66.45359,1832.0,0.0,SKT-4016,1,1,GYYR
09/08/2025,18:26:09,50.18675,-66.46296,1930.0,0.0,SKT-4016,1,1,GYYR
09/08/2025,18:26:16,50.18116,-66.47025,1996.0,0.0,SKT-4016,1,1,GYYR
09/08/2025,18:26:24,50.17473,-66.47873,2072.0,0.0,SKT-4016,1,1,GYYR
09/08/2025,18:26:32,50.16831,-66.48741,2151.0,0.0,SKT-4016,1,1,GYYR
09/08/2025,18:26:39,50.16271,-66.49516,2222.0,0.0,SKT-4016,1,1,GYYR
09/08/2025,18:26:46,50.15713,-66.50304,2295.0,0.0,SKT-4016,1,1,GYYR
09/08/2025,18:26:54,50.15075,-66.51216,2378.0,0.0,SKT-4016,1,0,GYYR
09/08/2025,18:27:02,50.14436,-66.52139,2459.0,0.0,SKT-4016,1,0,GYYR
09/08/2025,18:27:10,50.13796,-66.5307,2539.0,0.0,SKT-4016,1,1,GYYR
09/08/2025,18:27:18,50.13153,-66.54009,2620.0,0.0,SKT-4016,1,0,GYYR
09/08/2025,18:27:25,50.12588,-66.54835,2691.0,0.0,SKT-4016,1,0,GYYR
09/08/2025,18:27:32,50.12021,-66.55664,2763.0,0.0,SKT-4016,1,0,GYYR
09/08/2025,18:27:39,50.11453,-66.56496,2837.0,0.0,SKT-4016,1,0,GYYR
09/08/2025,18:27:46,50.10884,-66.57331,2909.0,0.0,SKT-4016,1,0,GYYR
09/08/2025,18:27:53,50.10312,-66.58168,2980.0,0.0,SKT-4016,1,0,GYYR
09/08/2025,18:28:00,50.09739,-66.59006,3051.0,0.0,SKT-4016,1,0,GYYR
09/08/2025,18:28:07,50.09163,-66.59843,3122.0,0.0,SKT-4016,1,0,GYYR
09/08/2025,18:28:14,50.08587,-66.6068,3191.0,0.0,SKT-4016,1,0,GYYR
09/08/2025,18:28:21,50.0801,-66.6152,3258.0,0.0,SKT-4016,1,0,GYYR
09/08/2025,18:28:28,50.07433,-66.62361,3328.0,0.0,SKT-4016,1,0,GYYR
09/08/2025,18:28:35,50.06859,-66.63201,3402.0,0.0,SKT-4016,1,0,GYYR
09/08/2025,18:28:43,50.06205,-66.64159,3488.0,0.0,SKT-4016,1,0,GYYR
09/08/2025,18:28:50,50.05632,-66.64992,3562.0,0.0,SKT-4016,1,0,GYYR
09/08/2025,18:28:57,50.05061,-66.65822,3635.0,0.0,SKT-4016,1,0,GYYR
09/08/2025,18:29:04,50.04492,-66.66652,3705.0,0.0,SKT-4016,1,0,GYYR
09/08/2025,18:29:11,50.03923,-66.67483,3773.0,0.0,SKT-4016,1,0,GYYR
09/08/2025,18:29:18,50.03355,-66.68313,3840.0,0.0,SKT-4016,1,0,GYYR
09/08/2025,18:29:25,50.02785,-66.69143,3905.0,0.0,SKT-4016,1,0,GYYR
09/08/2025,18:29:32,50.02215,-66.69973,3969.0,0.0,SKT-4016,1,0,GYYR
09/08/2025,18:29:39,50.01645,-66.70804,4034.0,0.0,SKT-4016,1,0,GYYR
09/08/2025,18:29:46,50.01075,-66.71635,4099.0,0.0,SKT-4016,1,0,GYYR
09/08/2025,18:29:53,50.00504,-66.72466,4165.0,0.0,SKT-4016,1,0,GYYR
09/08/2025,18:30:00,49.99932,-66.73296,4224.0,0.0,SKT-4016,1,0,GYYR
09/08/2025,18:30:09,49.99189,-66.74366,4293.0,0.0,SKT-4016,1,0,GYYR
09/08/2025,18:30:16,49.98609,-66.75201,4350.0,0.0,SKT-4016,1,0,GYYR
09/08/2025,18:30:23,49.98028,-66.76039,4406.0,0.0,SKT-4016,1,0,GYYR
09/08/2025,18:30:30,49.97446,-66.76882,4459.0,0.0,SKT-4016,1,0,GYYR
09/08/2025,18:30:37,49.96864,-66.77731,4511.0,0.0,SKT-4016,1,0,GYYR
09/08/2025,18:30:44,49.96279,-66.78578,4562.0,0.0,SKT-4016,1,0,GYYR
09/08/2025,18:30:52,49.95608,-66.79546,4620.0,0.0,SKT-4016,1,1,GYYR
09/08/2025,18:31:00,49.94933,-66.80511,4679.0,0.0,SKT-4016,1,0,GYYR
09/08/2025,18:31:08,49.94253,-66.81472,4737.0,0.0,SKT-4016,1,0,GYYR
09/08/2025,18:31:16,49.9357,-66.82434,4792.0,0.0,SKT-4016,1,0,GYYR
09/08/2025,18:31:25,49.92801,-66.83524,4851.0,0.0,SKT-4016,1,0,GYYR
09/08/2025,18:31:33,49.92117,-66.84497,4905.0,0.0,SKT-4016,1,0,GYYR
09/08/2025,18:31:41,49.91434,-66.85474,4962.0,0.0,SKT-4016,1,0,GYYR
09/08/2025,18:31:49,49.90749,-66.86454,5021.0,0.0,SKT-4016,1,0,GYYR
09/08/2025,18:31:57,49.90063,-66.87434,5080.0,0.0,SKT-4016,1,0,GYYR
09/08/2025,18:32:05,49.89377,-66.88416,5136.0,0.0,SKT-4016,1,0,GYYR
09/08/2025,18:32:13,49.88689,-66.894,5191.0,0.0,SKT-4016,1,0,GYYR
09/08/2025,18:32:21,49.87999,-66.90385,5251.0,0.0,SKT-4016,1,0,GYYR
09/08/2025,18:32:30,49.87223,-66.91497,5317.0,0.0,SKT-4016,1,0,GYYR
09/08/2025,18:32:38,49.86531,-66.92486,5372.0,0.0,SKT-4016,1,0,GYYR
09/08/2025,18:32:46,49.85836,-66.93477,5424.0,0.0,SKT-4016,1,0,GYYR
09/08/2025,18:32:55,49.85053,-66.94598,5481.0,0.0,SKT-4016,1,0,GYYR
09/08/2025,18:33:03,49.84353,-66.95596,5533.0,0.0,SKT-4016,1,0,GYYR
09/08/2025,18:33:11,49.83651,-66.96593,5590.0,0.0,SKT-4016,1,0,GYYR
09/08/2025,18:33:19,49.82949,-66.97586,5651.0,0.0,SKT-4016,1,0,GYYR
09/08/2025,18:33:27,49.82248,-66.98579,5709.0,0.0,SKT-4016,1,0,GYYR
09/08/2025,18:33:35,49.81546,-66.99574,5765.0,0.0,SKT-4016,1,0,GYYR
09/08/2025,18:33:43,49.80842,-67.0057,5820.0,0.0,SKT-4016,1,0,GYYR
09/08/2025,18:33:52,49.8005,-67.01691,5884.0,0.0,SKT-4016,1,0,GYYR
09/08/2025,18:34:00,49.79345,-67.0269,5939.0,0.0,SKT-4016,1,0,GYYR
09/08/2025,18:34:08,49.78638,-67.0369,5992.0,0.0,SKT-4016,1,0,GYYR
09/08/2025,18:34:16,49.77932,-67.04692,6041.0,0.0,SKT-4016,1,0,GYYR
09/08/2025,18:34:24,49.77225,-67.05695,6087.0,0.0,SKT-4016,1,0,GYYR
09/08/2025,18:34:32,49.76519,-67.06699,6134.0,0.0,SKT-4016,1,0,GYYR
09/08/2025,18:34:41,49.75725,-67.07831,6188.0,0.0,SKT-4016,1,0,GYYR
09/08/2025,18:34:49,49.75018,-67.08837,6236.0,0.0,SKT-4016,1,0,GYYR
09/08/2025,18:34:57,49.7431,-67.09844,6283.0,0.0,SKT-4016,1,0,GYYR
09/08/2025,18:35:05,49.736,-67.10854,6330.0,0.0,SKT-4016,1,0,GYYR
09/08/2025,18:35:13,49.72881,-67.11871,6348.0,0.0,SKT-4016,1,0,GYYR
09/08/2025,18:35:22,49.72057,-67.13033,6359.0,0.0,SKT-4016,1,0,GYYR
09/08/2025,18:35:30,49.71313,-67.14085,6363.0,0.0,SKT-4016,1,0,GYYR
09/08/2025,18:35:38,49.70557,-67.15155,6366.0,0.0,SKT-4016,1,0,GYYR
09/08/2025,18:35:46,49.69788,-67.16241,6368.0,0.0,SKT-4016,1,0,GYYR
09/08/2025,18:35:54,49.69005,-67.17345,6371.0,0.0,SKT-4016,1,0,GYYR
09/08/2025,18:36:02,49.68211,-67.18467,6373.0,0.0,SKT-4016,1,0,GYYR
09/08/2025,18:36:11,49.67306,-67.19751,6372.0,0.0,SKT-4016,1,0,GYYR
09/08/2025,18:36:19,49.66488,-67.20906,6372.0,0.0,SKT-4016,1,0,GYYR
09/08/2025,18:36:27,49.65659,-67.22071,6369.0,0.0,SKT-4016,1,0,GYYR
09/08/2025,18:36:36,49.64714,-67.23399,6368.0,0.0,SKT-4016,1,0,GYYR
09/08/2025,18:36:44,49.63868,-67.24596,6371.0,0.0,SKT-4016,1,0,GYYR
09/08/2025,18:36:52,49.63015,-67.25804,6372.0,0.0,SKT-4016,1,0,GYYR
09/08/2025,18:37:00,49.62152,-67.27019,6372.0,0.0,SKT-4016,1,0,GYYR
09/08/2025,18:37:08,49.61279,-67.28237,6372.0,0.0,SKT-4016,1,0,GYYR
09/08/2025,18:37:16,49.60398,-67.29462,6373.0,0.0,SKT-4016,1,0,GYYR
09/08/2025,18:37:25,49.59398,-67.30846,6374.0,0.0,SKT-4016,1,0,GYYR
09/08/2025,18:37:33,49.58504,-67.32088,6372.0,0.0,SKT-4016,1,0,GYYR
09/08/2025,18:37:41,49.57605,-67.33336,6372.0,0.0,SKT-4016,1,0,GYYR
09/08/2025,18:37:49,49.56704,-67.34591,6372.0,0.0,SKT-4016,1,0,GYYR
09/08/2025,18:37:57,49.55801,-67.35853,6373.0,0.0,SKT-4016,1,0,GYYR
09/08/2025,09:27:54,,,,,SKT-4016,1,0,GYYR
09/08/2025,09:28:04,,,,,SKT-4016,1,0,GYYR
09/08/2025,09:28:14,,,,,SKT-4016,1,0,GYYR
09/08/2025,09:28:24,,,,,SKT-4016,1,0,GYYR
09/08/2025,09:28:34,,,,,SKT-4016,1,0,GYYR
09/08/2025,09:28:43,,,,,SKT-4016,1,0,GYYR
09/08/2025,09:28:52,,,,,SKT-4016,1,0,GYYR
09/08/2025,09:29:01,,,,,SKT-4016,1,0,GYYR
09/08/2025,09:29:10,,,,,SKT-4016,1,0,GYYR
09/08/2025,09:29:20,,,,,SKT-4016,1,0,GYYR
09/08/2025,09:29:29,,,,,SKT-4016,1,0,GYYR
09/08/2025,09:29:38,,,,,SKT-4016,1,0,GYYR
09/08/2025,09:29:47,,,,,SKT-4016,1,0,GYYR
09/08/2025,09:29:56,,,,,SKT-4016,1,0,GYYR
09/08/2025,09:30:06,,,,,SKT-4016,1,0,GYYR
09/08/2025,09:30:15,,,,,SKT-4016,1,0,GYYR
09/08/2025,09:30:24,,,,,SKT-4016,1,0,GYYR
09/08/2025,09:30:33,,,,,SKT-4016,1,0,GYYR
09/08/2025,09:30:43,,,,,SKT-4016,1,0,GYYR
09/08/2025,09:30:52,,,,,SKT-4016,1,0,GYYR
09/08/2025,09:31:01,,,,,SKT-4016,1,0,GYYR
09/08/2025,09:31:10,,,,,SKT-4016,1,0,GYYR
09/08/2025,09:31:19,,,,,SKT-4016,1,0,GYYR
09/08/2025,09:31:29,,,,,SKT-4016,1,0,GYYR
09/08/2025,09:31:38,,,,,SKT-4016,1,0,GYYR
09/08/2025,09:31:47,,,,,SKT-4016,1,0,GYYR
09/08/2025,18:42:09,49.26354,-67.76793,6381.0,0.0,SKT-4016,1,0,GYYR
09/08/2025,18:42:17,49.25405,-67.78107,6380.0,0.0,SKT-4016,1,0,GYYR
09/08/2025,18:42:25,49.24457,-67.79424,6378.0,0.0,SKT-4016,1,0,GYYR
09/08/2025,18:42:33,49.23507,-67.8074,6378.0,0.0,SKT-4016,1,0,GYYR
09/08/2025,18:42:41,49.22557,-67.8205,6380.0,0.0,SKT-4016,1,0,GYYR
09/08/2025,18:42:49,49.21606,-67.83356,6381.0,0.0,SKT-4016,1,0,GYYR
09/08/2025,18:42:57,49.20653,-67.84657,6382.0,0.0,SKT-4016,1,0,GYYR
09/08/2025,18:43:05,49.19699,-67.8596,6383.0,0.0,SKT-4016,1,0,GYYR
09/08/2025,18:43:13,49.18746,-67.87266,6383.0,0.0,SKT-4016,1,0,GYYR
09/08/2025,18:43:21,49.17791,-67.88571,6383.0,0.0,SKT-4016,1,0,GYYR
09/08/2025,18:43:29,49.16838,-67.8988,6380.0,0.0,SKT-4016,1,0,GYYR
09/08/2025,18:43:38,49.15767,-67.91357,6380.0,0.0,SKT-4016,1,0,GYYR
09/08/2025,18:43:46,49.14815,-67.92669,6380.0,0.0,SKT-4016,1,0,GYYR
09/08/2025,18:43:54,49.1386,-67.93976,6381.0,0.0,SKT-4016,1,0,GYYR
09/08/2025,18:44:02,49.12902,-67.95278,6382.0,0.0,SKT-4016,1,0,GYYR
09/08/2025,18:44:10,49.11944,-67.96579,6382.0,0.0,SKT-4016,1,0,GYYR
09/08/2025,18:44:18,49.10984,-67.9788,6382.0,0.0,SKT-4016,1,0,GYYR
09/08/2025,18:44:26,49.10026,-67.99182,6382.0,0.0,SKT-4016,1,0,GYYR
09/08/2025,18:44:34,49.09068,-68.00485,6383.0,0.0,SKT-4016,1,0,GYYR
09/08/2025,18:44:42,49.08109,-68.01787,6382.0,0.0,SKT-4016,1,0,GYYR
09/08/2025,18:44:50,49.07149,-68.03086,6382.0,0.0,SKT-4016,1,0,GYYR
09/08/2025,18:44:58,49.0619,-68.04388,6382.0,0.0,SKT-4016,1,0,GYYR
09/08/2025,18:45:06,49.05234,-68.05698,6383.0,0.0,SKT-4016,1,0,GYYR
09/08/2025,18:45:14,49.0428,-68.07011,6385.0,0.0,SKT-4016,1,0,GYYR
09/08/2025,18:45:22,49.03324,-68.08323,6384.0,0.0,SKT-4016,1,0,GYYR
09/08/2025,18:45:31,49.02245,-68.09795,6385.0,0.0,SKT-4016,1,0,GYYR
09/08/2025,18:45:39,49.01281,-68.11099,6384.0,0.0,SKT-4016,1,0,GYYR
09/08/2025,18:45:47,49.00312,-68.12397,6383.0,0.0,SKT-4016,1,0,GYYR
09/08/2025,18:45:55,48.99343,-68.13694,6384.0,0.0,SKT-4016,1,0,GYYR
09/08/2025,18:46:03,48.98374,-68.14993,6384.0,0.0,SKT-4016,1,0,GYYR
09/08/2025,18:46:11,48.97408,-68.16296,6385.0,0.0,SKT-4016,1,0,GYYR
09/08/2025,18:46:19,48.96445,-68.17603,6385.0,0.0,SKT-4016,1,0,GYYR
09/08/2025,18:46:27,48.95483,-68.18913,6384.0,0.0,SKT-4016,1,0,GYYR
09/08/2025,18:46:35,48.9452,-68.20219,6384.0,0.0,SKT-4016,1,0,GYYR
09/08/2025,18:46:43,48.93553,-68.2152,6384.0,0.0,SKT-4016,1,0,GYYR
09/08/2025,18:46:51,48.92589,-68.2282,6383.0,0.0,SKT-4016,1,0,GYYR
09/08/2025,18:46:59,48.91642,-68.24127,6385.0,0.0,SKT-4016,1,0,GYYR
09/08/2025,18:47:07,48.90705,-68.2543,6384.0,0.0,SKT-4016,1,0,GYYR
09/08/2025,18:47:15,48.89774,-68.2672,6383.0,0.0,SKT-4016,1,0,GYYR
09/08/2025,18:47:23,48.88847,-68.27995,6383.0,0.0,SKT-4016,1,0,GYYR
09/08/2025,18:47:32,48.87811,-68.29413,6384.0,0.0,SKT-4016,1,0,GYYR
09/08/2025,18:47:40,48.86894,-68.30662,6383.0,0.0,SKT-4016,1,0,GYYR
09/08/2025,18:47:48,48.85982,-68.31901,6382.0,0.0,SKT-4016,1,0,GYYR
09/08/2025,18:47:56,48.85073,-68.3313,6383.0,0.0,SKT-4016,1,0,GYYR
09/08/2025,18:48:04,48.84167,-68.34351,6382.0,0.0,SKT-4016,1,0,GYYR
09/08/2025,18:48:12,48.83269,-68.35571,6383.0,0.0,SKT-4016,1,0,GYYR
09/08/2025,18:48:20,48.82375,-68.36784,6383.0,0.0,SKT-4016,1,0,GYYR
09/08/2025,18:48:28,48.81482,-68.3799,6382.0,0.0,SKT-4016,1,0,GYYR
09/08/2025,18:48:36,48.80591,-68.39189,6382.0,0.0,SKT-4016,1,0,GYYR
09/08/2025,18:48:43,48.79816,-68.40234,6382.0,0.0,SKT-4016,1,0,GYYR
09/08/2025,18:48:50,48.79043,-68.41275,6383.0,0.0,SKT-4016,1,0,GYYR
09/08/2025,18:48:57,48.78267,-68.42302,6385.0,0.0,SKT-4016,1,0,GYYR
09/08/2025,18:49:04,48.77485,-68.43313,6386.0,0.0,SKT-4016,1,0,GYYR
09/08/2025,18:49:11,48.767,-68.44315,6385.0,0.0,SKT-4016,1,0,GYYR
09/08/2025,18:49:19,48.75807,-68.4546,6385.0,0.0,SKT-4016,1,0,GYYR
09/08/2025,18:49:26,48.75031,-68.46465,6385.0,0.0,SKT-4016,1,0,GYYR
09/08/2025,18:49:33,48.74262,-68.47475,6385.0,0.0,SKT-4016,1,0,GYYR
09/08/2025,18:49:40,48.73499,-68.48489,6385.0,0.0,SKT-4016,1,0,GYYR
09/08/2025,18:49:48,48.72631,-68.49654,6384.0,0.0,SKT-4016,1,0,GYYR
09/08/2025,18:49:55,48.71876,-68.50674,6385.0,0.0,SKT-4016,1,0,GYYR
09/08/2025,18:50:02,48.71122,-68.51694,6385.0,0.0,SKT-4016,1,0,GYYR
09/08/2025,18:50:09,48.70369,-68.52709,6386.0,0.0,SKT-4016,1,0,GYYR
09/08/2025,18:50:16,48.69616,-68.53722,6386.0,0.0,SKT-4016,1,0,GYYR
09/08/2025,18:50:23,48.68864,-68.54729,6387.0,0.0,SKT-4016,1,0,GYYR
09/08/2025,18:50:30,48.68115,-68.55732,6388.0,0.0,SKT-4016,1,0,GYYR
09/08/2025,18:50:37,48.67368,-68.56734,6389.0,0.0,SKT-4016,1,0,GYYR
09/08/2025,18:50:44,48.6662,-68.57732,6387.0,0.0,SKT-4016,1,0,GYYR
09/08/2025,18:50:51,48.65873,-68.58729,6387.0,0.0,SKT-4016,1,0,GYYR
09/08/2025,18:50:58,48.65127,-68.59723,6387.0,0.0,SKT-4016,1,0,GYYR
09/08/2025,18:51:05,48.64381,-68.60713,6387.0,0.0,SKT-4016,1,0,GYYR
09/08/2025,18:51:12,48.63638,-68.61701,6387.0,0.0,SKT-4016,1,0,GYYR
09/08/2025,18:51:19,48.62895,-68.62688,6388.0,0.0,SKT-4016,1,0,GYYR
09/08/2025,18:51:26,48.62153,-68.63673,6388.0,0.0,SKT-4016,1,0,GYYR
09/08/2025,18:51:33,48.61412,-68.6466,6388.0,0.0,SKT-4016,1,0,GYYR
09/08/2025,18:51:40,48.60672,-68.65646,6388.0,0.0,SKT-4016,1,0,GYYR
09/08/2025,18:51:47,48.59933,-68.6663,6389.0,0.0,SKT-4016,1,0,GYYR
09/08/2025,18:51:54,48.59195,-68.67612,6389.0,0.0,SKT-4016,1,0,GYYR
09/08/2025,18:52:02,48.5835,-68.68734,6388.0,0.0,SKT-4016,1,0,GYYR
09/08/2025,18:52:09,48.57608,-68.69714,6387.0,0.0,SKT-4016,1,0,GYYR
09/08/2025,18:52:16,48.56865,-68.70692,6388.0,0.0,SKT-4016,1,0,GYYR
09/08/2025,18:52:23,48.56121,-68.71671,6387.0,0.0,SKT-4016,1,0,GYYR
09/08/2025,18:52:30,48.55378,-68.72651,6386.0,0.0,SKT-4016,1,0,GYYR
09/08/2025,18:52:38,48.54528,-68.73769,6387.0,0.0,SKT-4016,1,0,GYYR
09/08/2025,18:52:45,48.53785,-68.74747,6388.0,0.0,SKT-4016,1,0,GYYR
09/08/2025,18:52:52,48.53042,-68.75727,6387.0,0.0,SKT-4016,1,0,GYYR
09/08/2025,18:52:59,48.523,-68.76707,6388.0,0.0,SKT-4016,1,0,GYYR
09/08/2025,18:53:06,48.51559,-68.77689,6388.0,0.0,SKT-4016,1,0,GYYR
09/08/2025,18:53:13,48.50815,-68.78671,6388.0,0.0,SKT-4016,1,0,GYYR
09/08/2025,18:53:20,48.50069,-68.79655,6387.0,0.0,SKT-4016,1,0,GYYR
09/08/2025,18:53:27,48.49322,-68.8064,6388.0,0.0,SKT-4016,1,0,GYYR
09/08/2025,18:53:34,48.48574,-68.81625,6388.0,0.0,SKT-4016,1,0,GYYR
09/08/2025,18:53:41,48.47824,-68.8261,6387.0,0.0,SKT-4016,1,0,GYYR
09/08/2025,18:53:48,48.47076,-68.83598,6386.0,0.0,SKT-4016,1,0,GYYR
09/08/2025,18:53:55,48.46326,-68.84583,6387.0,0.0,SKT-4016,1,0,GYYR
09/08/2025,18:54:02,48.45576,-68.85566,6386.0,0.0,SKT-4016,1,0,GYYR
09/08/2025,18:54:09,48.44826,-68.86548,6388.0,0.0,SKT-4016,1,0,GYYR
09/08/2025,18:54:16,48.44075,-68.87531,6388.0,0.0,SKT-4016,1,0,GYYR
09/08/2025,18:54:23,48.43325,-68.88517,6387.0,0.0,SKT-4016,1,0,GYYR
09/08/2025,18:54:30,48.42574,-68.89503,6388.0,0.0,SKT-4016,1,0,GYYR
09/08/2025,18:54:37,48.41822,-68.90488,6388.0,0.0,SKT-4016,1,0,GYYR
09/08/2025,18:54:44,48.4107,-68.91473,6388.0,0.0,SKT-4016,1,0,GYYR
09/08/2025,18:54:51,48.40318,-68.9246,6388.0,0.0,SKT-4016,1,0,GYYR
09/08/2025,18:54:58,48.39567,-68.93448,6389.0,0.0,SKT-4016,1,0,GYYR
09/08/2025,18:55:05,48.38817,-68.94434,6391.0,0.0,SKT-4016,1,0,GYYR
09/08/2025,18:55:12,48.38066,-68.95418,6389.0,0.0,SKT-4016,1,0,GYYR
09/08/2025,18:55:19,48.37315,-68.964,6391.0,0.0,SKT-4016,1,0,GYYR
09/08/2025,18:55:27,48.36456,-68.97523,6391.0,0.0,SKT-4016,1,0,GYYR
09/08/2025,18:55:34,48.35704,-68.98507,6391.0,0.0,SKT-4016,1,0,GYYR
09/08/2025,18:55:41,48.34952,-68.99492,6390.0,0.0,SKT-4016,1,0,GYYR
09/08/2025,18:55:48,48.34199,-69.00478,6389.0,0.0,SKT-4016,1,0,GYYR
09/08/2025,18:55:55,48.33445,-69.01466,6390.0,0.0,SKT-4016,1,0,GYYR
09/08/2025,18:56:02,48.32692,-69.02454,6390.0,0.0,SKT-4016,1,0,GYYR
09/08/2025,18:56:09,48.31937,-69.03445,6390.0,0.0,SKT-4016,1,0,GYYR
09/08/2025,18:56:16,48.31183,-69.04435,6391.0,0.0,SKT-4016,1,0,GYYR
09/08/2025,18:56:23,48.30429,-69.05425,6393.0,0.0,SKT-4016,1,0,GYYR
09/08/2025,18:56:30,48.29672,-69.06414,6392.0,0.0,SKT-4016,1,0,GYYR
09/08/2025,18:56:37,48.28914,-69.07403,6391.0,0.0,SKT-4016,1,0,GYYR
09/08/2025,18:56:44,48.28155,-69.08392,6390.0,0.0,SKT-4016,1,0,GYYR
09/08/2025,18:56:51,48.27397,-69.09382,6390.0,0.0,SKT-4016,1,0,GYYR
09/08/2025,18:56:58,48.2664,-69.10371,6390.0,0.0,SKT-4016,1,0,GYYR
09/08/2025,18:57:05,48.25881,-69.11358,6390.0,0.0,SKT-4016,1,0,GYYR
09/08/2025,18:57:12,48.25121,-69.12344,6389.0,0.0,SKT-4016,1,0,GYYR
09/08/2025,18:57:19,48.24362,-69.13331,6389.0,0.0,SKT-4016,1,0,GYYR
09/08/2025,18:57:26,48.23604,-69.14319,6390.0,0.0,SKT-4016,1,0,GYYR
09/08/2025,18:57:33,48.22847,-69.15308,6390.0,0.0,SKT-4016,1,0,GYYR
09/08/2025,18:57:40,48.22091,-69.16296,6391.0,0.0,SKT-4016,1,0,GYYR
09/08/2025,18:57:47,48.21334,-69.17281,6392.0,0.0,SKT-4016,1,0,GYYR
09/08/2025,18:57:54,48.20577,-69.18265,6393.0,0.0,SKT-4016,1,0,GYYR
09/08/2025,18:58:01,48.1982,-69.1925,6393.0,0.0,SKT-4016,1,0,GYYR
09/08/2025,18:58:09,48.18953,-69.20374,6393.0,0.0,SKT-4016,1,0,GYYR
09/08/2025,18:58:16,48.18195,-69.21357,6392.0,0.0,SKT-4016,1,0,GYYR
09/08/2025,18:58:23,48.17437,-69.22337,6392.0,0.0,SKT-4016,1,0,GYYR
09/08/2025,18:58:30,48.16679,-69.23318,6392.0,0.0,SKT-4016,1,0,GYYR
09/08/2025,18:58:37,48.15921,-69.24297,6391.0,0.0,SKT-4016,1,0,GYYR
09/08/2025,18:58:44,48.15163,-69.25278,6390.0,0.0,SKT-4016,1,0,GYYR
09/08/2025,18:58:51,48.14405,-69.26259,6389.0,0.0,SKT-4016,1,0,GYYR
09/08/2025,18:58:58,48.13648,-69.2724,6389.0,0.0,SKT-4016,1,0,GYYR
09/08/2025,18:59:05,48.12891,-69.2822,6388.0,0.0,SKT-4016,1,0,GYYR
09/08/2025,18:59:12,48.12134,-69.29201,6387.0,0.0,SKT-4016,1,0,GYYR
09/08/2025,18:59:19,48.11378,-69.30181,6386.0,0.0,SKT-4016,1,0,GYYR
09/08/2025,18:59:26,48.10623,-69.31163,6387.0,0.0,SKT-4016,1,0,GYYR
09/08/2025,18:59:33,48.09869,-69.32144,6388.0,0.0,SKT-4016,1,0,GYYR
09/08/2025,18:59:40,48.09116,-69.33124,6390.0,0.0,SKT-4016,1,0,GYYR
09/08/2025,18:59:47,48.08362,-69.34102,6391.0,0.0,SKT-4016,1,0,GYYR
09/08/2025,18:59:54,48.07608,-69.35079,6390.0,0.0,SKT-4016,1,0,GYYR
09/08/2025,19:00:01,48.06855,-69.36056,6390.0,0.0,SKT-4016,1,0,GYYR
09/08/2025,19:00:08,48.06102,-69.3703,6390.0,0.0,SKT-4016,1,0,GYYR
09/08/2025,19:00:15,48.0535,-69.38002,6391.0,0.0,SKT-4016,1,0,GYYR
09/08/2025,19:00:22,48.046,-69.38975,6391.0,0.0,SKT-4016,1,0,GYYR
09/08/2025,19:00:29,48.03851,-69.39947,6392.0,0.0,SKT-4016,1,0,GYYR
09/08/2025,19:00:36,48.03099,-69.40916,6392.0,0.0,SKT-4016,1,0,GYYR
09/08/2025,19:00:44,48.0224,-69.42023,6392.0,0.0,SKT-4016,1,0,GYYR
09/08/2025,19:00:51,48.01486,-69.42992,6392.0,0.0,SKT-4016,1,0,GYYR
09/08/2025,19:00:58,48.00732,-69.43961,6393.0,0.0,SKT-4016,1,0,GYYR
09/08/2025,19:01:05,47.99978,-69.4493,6392.0,0.0,SKT-4016,1,0,GYYR
09/08/2025,19:01:12,47.99224,-69.45898,6393.0,0.0,SKT-4016,1,0,GYYR
09/08/2025,19:01:19,47.98471,-69.46866,6394.0,0.0,SKT-4016,1,0,GYYR
09/08/2025,19:01:26,47.97718,-69.4783,6395.0,0.0,SKT-4016,1,0,GYYR
09/08/2025,19:01:33,47.96965,-69.48795,6395.0,0.0,SKT-4016,1,0,GYYR
09/08/2025,19:01:40,47.96212,-69.4976,6394.0,0.0,SKT-4016,1,0,GYYR
09/08/2025,19:01:47,47.95463,-69.50725,6396.0,0.0,SKT-4016,1,0,GYYR
09/08/2025,19:01:54,47.94713,-69.51688,6396.0,0.0,SKT-4016,1,0,GYYR
09/08/2025,19:02:01,47.93962,-69.52648,6396.0,0.0,SKT-4016,1,0,GYYR
09/08/2025,19:02:08,47.93211,-69.53609,6397.0,0.0,SKT-4016,1,0,GYYR
09/08/2025,19:02:15,47.92461,-69.54568,6397.0,0.0,SKT-4016,1,0,GYYR
09/08/2025,19:02:22,47.91711,-69.55526,6397.0,0.0,SKT-4016,1,0,GYYR
09/08/2025,19:02:29,47.90959,-69.56483,6398.0,0.0,SKT-4016,1,0,GYYR
09/08/2025,19:02:36,47.90207,-69.5744,6398.0,0.0,SKT-4016,1,0,GYYR
09/08/2025,19:02:43,47.89457,-69.58398,6395.0,0.0,SKT-4016,1,0,GYYR
09/08/2025,19:02:50,47.88705,-69.59357,6396.0,0.0,SKT-4016,1,0,GYYR
09/08/2025,09:52:47,,,,,SKT-4016,1,0,GYYR
09/08/2025,09:52:57,,,,,SKT-4016,1,0,GYYR
09/08/2025,09:53:05,,,,,SKT-4016,1,0,GYYR
09/08/2025,09:53:14,,,,,SKT-4016,1,0,GYYR
09/08/2025,09:53:23,,,,,SKT-4016,1,0,GYYR
09/08/2025,09:53:33,,,,,SKT-4016,1,0,GYYR
09/08/2025,09:53:42,,,,,SKT-4016,1,0,GYYR
09/08/2025,09:53:51,,,,,SKT-4016,1,0,GYYR
09/08/2025,09:54:00,,,,,SKT-4016,1,0,GYYR
09/08/2025,09:54:10,,,,,SKT-4016,1,0,GYYR
09/08/2025,09:54:19,,,,,SKT-4016,1,0,GYYR
09/08/2025,09:54:28,,,,,SKT-4016,1,0,GYYR
09/08/2025,09:54:37,,,,,SKT-4016,1,0,GYYR
09/08/2025,09:54:46,,,,,SKT-4016,1,0,GYYR
09/08/2025,09:54:56,,,,,SKT-4016,1,0,GYYR
09/08/2025,09:55:05,,,,,SKT-4016,1,0,GYYR
09/08/2025,09:55:14,,,,,SKT-4016,1,0,GYYR
09/08/2025,09:55:23,,,,,SKT-4016,1,0,GYYR
09/08/2025,09:55:32,,,,,SKT-4016,1,0,GYYR
09/08/2025,09:55:42,,,,,SKT-4016,1,0,GYYR
09/08/2025,09:55:53,,,,,SKT-4016,1,0,GYYR
09/08/2025,09:56:03,,,,,SKT-4016,1,0,GYYR
09/08/2025,09:56:13,,,,,SKT-4016,1,0,GYYR
09/08/2025,09:56:23,,,,,SKT-4016,1,0,GYYR
09/08/2025,09:56:32,,,,,SKT-4016,1,0,GYYR
09/08/2025,09:56:41,,,,,SKT-4016,1,0,GYYR
09/08/2025,09:56:50,,,,,SKT-4016,1,0,GYYR
09/08/2025,09:57:00,,,,,SKT-4016,1,0,GYYR
09/08/2025,09:57:09,,,,,SKT-4016,1,0,GYYR
09/08/2025,09:57:18,,,,,SKT-4016,1,0,GYYR
09/08/2025,09:57:27,,,,,SKT-4016,1,0,GYYR
09/08/2025,09:57:37,,,,,SKT-4016,1,0,GYYR
09/08/2025,09:57:46,,,,,SKT-4016,1,0,GYYR
09/08/2025,09:57:55,,,,,SKT-4016,1,0,GYYR
09/08/2025,09:58:04,,,,,SKT-4016,1,0,GYYR
09/08/2025,09:58:13,,,,,SKT-4016,1,0,GYYR
09/08/2025,09:58:23,,,,,SKT-4016,1,0,GYYR
09/08/2025,09:58:32,,,,,SKT-4016,1,0,GYYR
09/08/2025,09:58:41,,,,,SKT-4016,1,0,GYYR
09/08/2025,09:58:50,,,,,SKT-4016,1,0,GYYR
09/08/2025,09:58:59,,,,,SKT-4016,1,0,GYYR
09/08/2025,09:59:09,,,,,SKT-4016,1,0,GYYR
09/08/2025,09:59:18,,,,,SKT-4016,0,0,GYYR
09/08/2025,09:59:23,,,,,SKT-4016,0,0,GYYR
09/08/2025,09:59:28,,,,,SKT-4016,0,0,GYYR
09/08/2025,09:59:33,,,,,SKT-4016,0,0,GYYR
09/08/2025,09:59:38,,,,,SKT-4016,0,0,GYYR
09/08/2025,09:59:43,,,,,SKT-4016,0,0,GYYR
09/08/2025,09:59:48,,,,,SKT-4016,0,0,GYYR
09/08/2025,09:59:53,,,,,SKT-4016,0,0,GYYR
09/08/2025,09:59:58,,,,,SKT-4016,0,0,GYYR
09/08/2025,10:00:03,,,,,SKT-4016,0,0,GYYR
09/08/2025,10:00:40,,,,,SKT-4016,0,0,GYYR
09/08/2025,10:00:45,,,,,SKT-4016,0,0,GYYR
09/08/2025,10:00:50,,,,,SKT-4016,0,0,GYYR
09/08/2025,10:00:55,,,,,SKT-4016,0,0,GYYR
09/08/2025,10:01:00,,,,,SKT-4016,0,0,GYYR
09/08/2025,10:01:05,,,,,SKT-4016,0,0,GYYR
09/08/2025,10:01:10,,,,,SKT-4016,0,0,GYYR
09/08/2025,10:01:15,,,,,SKT-4016,0,0,GYYR
09/08/2025,10:01:20,,,,,SKT-4016,0,0,GYYR
09/08/2025,10:01:25,,,,,SKT-4016,0,0,GYYR
09/08/2025,10:01:30,,,,,SKT-4016,0,0,GYYR
09/08/2025,10:01:35,,,,,SKT-4016,0,0,GYYR
09/08/2025,10:02:11,,,,,SKT-4016,0,0,GYYR
09/08/2025,19:12:32,47.28423,-70.43304,5016.0,0.0,SKT-4016,1,0,GYYR
09/08/2025,19:12:39,47.27829,-70.44328,4961.0,0.0,SKT-4016,1,0,GYYR
09/08/2025,19:12:46,47.27239,-70.45345,4905.0,0.0,SKT-4016,1,0,GYYR
09/08/2025,19:12:54,47.26572,-70.465,4846.0,0.0,SKT-4016,1,0,GYYR
09/08/2025,19:13:01,47.25993,-70.47507,4795.0,0.0,SKT-4016,1,0,GYYR
09/08/2025,19:13:08,47.25415,-70.48508,4742.0,0.0,SKT-4016,1,0,GYYR
09/08/2025,19:13:15,47.24837,-70.49506,4689.0,0.0,SKT-4016,1,0,GYYR
09/08/2025,19:13:22,47.24262,-70.50502,4634.0,0.0,SKT-4016,1,0,GYYR
09/08/2025,19:13:29,47.23686,-70.51497,4582.0,0.0,SKT-4016,1,0,GYYR
09/08/2025,19:13:36,47.23111,-70.52487,4531.0,0.0,SKT-4016,1,0,GYYR
09/08/2025,19:13:43,47.22538,-70.53473,4479.0,0.0,SKT-4016,1,0,GYYR
09/08/2025,10:03:40,,,,,SKT-4016,1,0,GYYR
09/08/2025,19:14:01,47.21078,-70.56006,4339.0,0.0,SKT-4016,1,0,GYYR
09/08/2025,19:14:08,47.20514,-70.56992,4284.0,0.0,SKT-4016,1,0,GYYR
09/08/2025,19:14:15,47.19952,-70.57976,4231.0,0.0,SKT-4016,1,0,GYYR
09/08/2025,19:14:23,47.19313,-70.59095,4175.0,0.0,SKT-4016,1,0,GYYR
09/08/2025,19:14:30,47.18758,-70.60069,4121.0,0.0,SKT-4016,1,0,GYYR
09/08/2025,19:14:37,47.18208,-70.6104,4071.0,0.0,SKT-4016,1,0,GYYR
09/08/2025,19:14:44,47.17659,-70.62007,4022.0,0.0,SKT-4016,1,0,GYYR
09/08/2025,19:14:51,47.17113,-70.62973,3969.0,0.0,SKT-4016,1,0,GYYR
09/08/2025,19:14:58,47.16568,-70.63936,3918.0,0.0,SKT-4016,1,0,GYYR
09/08/2025,19:15:05,47.16025,-70.64893,3870.0,0.0,SKT-4016,1,0,GYYR
09/08/2025,19:15:13,47.15403,-70.65977,3814.0,0.0,SKT-4016,1,0,GYYR
09/08/2025,19:15:20,47.14859,-70.66922,3765.0,0.0,SKT-4016,1,0,GYYR
09/08/2025,19:15:28,47.14238,-70.68,3708.0,0.0,SKT-4016,1,0,GYYR
09/08/2025,19:15:35,47.13698,-70.68941,3661.0,0.0,SKT-4016,1,0,GYYR
09/08/2025,19:15:42,47.13158,-70.69881,3610.0,0.0,SKT-4016,1,0,GYYR
09/08/2025,19:15:49,47.12619,-70.70821,3557.0,0.0,SKT-4016,1,0,GYYR
09/08/2025,19:15:56,47.12079,-70.71759,3509.0,0.0,SKT-4016,1,0,GYYR
09/08/2025,19:16:03,47.11539,-70.72691,3458.0,0.0,SKT-4016,1,0,GYYR
09/08/2025,19:16:10,47.11001,-70.73621,3409.0,0.0,SKT-4016,1,0,GYYR
09/08/2025,19:16:18,47.10464,-70.74548,3359.0,0.0,SKT-4016,1,0,GYYR
09/08/2025,19:16:25,47.09929,-70.75471,3308.0,0.0,SKT-4016,1,0,GYYR
09/08/2025,19:16:32,47.09397,-70.76393,3260.0,0.0,SKT-4016,1,0,GYYR
09/08/2025,19:16:39,47.08868,-70.7731,3213.0,0.0,SKT-4016,1,0,GYYR
09/08/2025,19:16:47,47.08266,-70.78355,3158.0,0.0,SKT-4016,1,0,GYYR
09/08/2025,19:16:54,47.0774,-70.79266,3109.0,0.0,SKT-4016,1,0,GYYR
09/08/2025,19:17:01,47.07215,-70.80173,3058.0,0.0,SKT-4016,1,0,GYYR
09/08/2025,19:17:08,47.06693,-70.81077,3008.0,0.0,SKT-4016,1,0,GYYR
09/08/2025,19:17:15,47.06175,-70.81977,2963.0,0.0,SKT-4016,1,0,GYYR
09/08/2025,19:17:22,47.05685,-70.82899,2915.0,0.0,SKT-4016,1,0,GYYR
09/08/2025,19:17:29,47.0525,-70.83871,2868.0,0.0,SKT-4016,1,0,GYYR
09/08/2025,19:17:36,47.04862,-70.84878,2821.0,0.0,SKT-4016,1,0,GYYR
09/08/2025,19:17:44,47.04457,-70.86049,2768.0,0.0,SKT-4016,1,0,GYYR
09/08/2025,19:17:51,47.04121,-70.87077,2723.0,0.0,SKT-4016,1,0,GYYR
09/08/2025,19:17:58,47.03796,-70.88106,2675.0,0.0,SKT-4016,1,0,GYYR
09/08/2025,19:18:05,47.03479,-70.89133,2629.0,0.0,SKT-4016,1,0,GYYR
09/08/2025,19:18:12,47.0317,-70.90158,2584.0,0.0,SKT-4016,1,0,GYYR
09/08/2025,19:18:19,47.02864,-70.9118,2536.0,0.0,SKT-4016,1,0,GYYR
09/08/2025,19:18:26,47.0256,-70.92195,2490.0,0.0,SKT-4016,1,0,GYYR
09/08/2025,19:18:33,47.02254,-70.93203,2444.0,0.0,SKT-4016,1,0,GYYR
09/08/2025,19:18:40,47.01947,-70.942,2399.0,0.0,SKT-4016,1,0,GYYR
09/08/2025,19:18:47,47.01639,-70.95192,2353.0,0.0,SKT-4016,1,0,GYYR
09/08/2025,19:18:54,47.0133,-70.96178,2308.0,0.0,SKT-4016,1,0,GYYR
09/08/2025,19:19:02,47.00975,-70.97293,2259.0,0.0,SKT-4016,1,0,GYYR
09/08/2025,19:19:09,47.00663,-70.98261,2215.0,0.0,SKT-4016,1,0,GYYR
09/08/2025,19:19:16,47.00352,-70.99223,2168.0,0.0,SKT-4016,1,0,GYYR
09/08/2025,19:19:24,46.99996,-71.00309,2122.0,0.0,SKT-4016,1,0,GYYR
09/08/2025,19:19:31,46.99678,-71.01256,2079.0,0.0,SKT-4016,1,0,GYYR
09/08/2025,19:19:38,46.99356,-71.02203,2038.0,0.0,SKT-4016,1,0,GYYR
09/08/2025,19:19:46,46.98985,-71.03289,1987.0,0.0,SKT-4016,1,0,GYYR
09/08/2025,19:19:53,46.98661,-71.04243,1942.0,0.0,SKT-4016,1,0,GYYR
09/08/2025,19:20:00,46.98335,-71.05202,1896.0,0.0,SKT-4016,1,0,GYYR
09/08/2025,19:20:07,46.98008,-71.06162,1850.0,0.0,SKT-4016,1,0,GYYR
09/08/2025,19:20:15,46.97634,-71.07262,1799.0,0.0,SKT-4016,1,0,GYYR
09/08/2025,19:20:22,46.97308,-71.08229,1756.0,0.0,SKT-4016,1,0,GYYR
09/08/2025,19:20:29,46.96979,-71.09192,1711.0,0.0,SKT-4016,1,0,GYYR
09/08/2025,19:20:38,46.96563,-71.10426,1655.0,0.0,SKT-4016,1,0,GYYR
09/08/2025,19:20:45,46.96245,-71.11388,1607.0,0.0,SKT-4016,1,0,GYYR
09/08/2025,19:20:52,46.95931,-71.12346,1564.0,0.0,SKT-4016,1,0,GYYR
09/08/2025,19:20:59,46.95626,-71.13293,1519.0,0.0,SKT-4016,1,0,GYYR
09/08/2025,19:21:06,46.95335,-71.14222,1474.0,0.0,SKT-4016,1,0,GYYR
09/08/2025,19:21:14,46.95017,-71.15255,1430.0,0.0,SKT-4016,1,0,GYYR
09/08/2025,19:21:21,46.94746,-71.16129,1395.0,0.0,SKT-4016,1,0,GYYR
09/08/2025,19:21:29,46.94432,-71.17088,1349.0,0.0,SKT-4016,1,1,GYYR
09/08/2025,19:21:37,46.9403,-71.17942,1299.0,0.0,SKT-4016,1,0,GYYR
09/08/2025,19:21:45,46.93538,-71.18669,1266.0,0.0,SKT-4016,1,0,GYYR
09/08/2025,19:21:54,46.92951,-71.19427,1218.0,0.0,SKT-4016,1,0,GYYR
09/08/2025,19:22:02,46.92427,-71.20129,1163.0,0.0,SKT-4016,1,0,GYYR
09/08/2025,19:22:10,46.91924,-71.20853,1114.0,0.0,SKT-4016,1,0,GYYR
09/08/2025,19:22:18,46.91449,-71.21581,1067.0,0.0,SKT-4016,1,0,GYYR
09/08/2025,19:22:26,46.90983,-71.22272,1022.0,0.0,SKT-4016,1,0,GYYR
09/08/2025,19:22:34,46.90524,-71.22934,984.0,0.0,SKT-4016,1,0,GYYR
09/08/2025,19:22:42,46.90082,-71.23573,954.0,0.0,SKT-4016,1,0,GYYR
09/08/2025,19:22:50,46.89638,-71.242,908.0,0.0,SKT-4016,1,0,GYYR
09/08/2025,19:22:58,46.89183,-71.24842,859.0,0.0,SKT-4016,1,0,GYYR
09/08/2025,19:23:06,46.88741,-71.25481,814.0,0.0,SKT-4016,1,1,GYYR
09/08/2025,19:23:14,46.88325,-71.26096,774.0,0.0,SKT-4016,1,1,GYYR
09/08/2025,19:23:21,46.87956,-71.26632,744.0,0.0,SKT-4016,1,1,GYYR
09/08/2025,19:23:29,46.87505,-71.27256,706.0,0.0,SKT-4016,1,1,GYYR
09/08/2025,19:27:19,46.78839,-71.39547,48.0,1.0,SKT-4016,1,0,GYYR
09/08/2025,19:27:27,46.78836,-71.39423,48.0,1.0,SKT-4016,1,1,GYYR
09/08/2025,19:27:34,46.7887,-71.39353,48.0,1.0,SKT-4016,1,1,GYYR
09/08/2025,19:27:41,46.78918,-71.39299,48.0,1.0,SKT-4016,1,1,GYYR
09/08/2025,19:27:49,46.78957,-71.39251,49.0,1.0,SKT-4016,1,1,GYYR
09/08/2025,19:27:57,46.78997,-71.39198,48.0,1.0,SKT-4016,1,1,GYYR
09/08/2025,19:28:05,46.79043,-71.3913,48.0,1.0,SKT-4016,1,1,GYYR
09/08/2025,19:28:13,46.79092,-71.39059,48.0,1.0,SKT-4016,1,1,GYYR
09/08/2025,19:28:22,46.79148,-71.3898,48.0,1.0,SKT-4016,1,1,GYYR
09/08/2025,19:28:30,46.79189,-71.3892,48.0,1.0,SKT-4016,1,1,GYYR
09/08/2025,19:28:38,46.79196,-71.38853,47.0,1.0,SKT-4016,1,0,GYYR
09/08/2025,19:28:46,46.7916,-71.38807,47.0,1.0,SKT-4016,1,1,GYYR
09/08/2025,19:28:53,46.79121,-71.38775,46.0,1.0,SKT-4016,1,1,GYYR
09/08/2025,19:29:01,46.79078,-71.38741,46.0,1.0,SKT-4016,1,1,GYYR
09/08/2025,19:29:09,46.79052,-71.38699,46.0,1.0,SKT-4016,1,1,GYYR
09/08/2025,19:29:16,46.79053,-71.38654,46.0,1.0,SKT-4016,1,1,GYYR
09/08/2025,19:29:24,46.79046,-71.38618,46.0,1.0,SKT-4016,1,1,GYYR
09/08/2025,19:29:33,46.79045,-71.38588,47.0,1.0,SKT-4016,1,1,GYYR
09/08/2025,19:29:41,46.7905,-71.38557,47.0,1.0,SKT-4016,1,1,GYYR
09/08/2025,19:29:49,46.79054,-71.38533,47.0,1.0,SKT-4016,1,1,GYYR
09/08/2025,19:29:57,46.79056,-71.38519,47.0,1.0,SKT-4016,1,1,GYYR
09/08/2025,19:30:04,46.79057,-71.38513,47.0,1.0,SKT-4016,1,1,GYYR
09/08/2025,19:30:12,46.79057,-71.38513,47.0,1.0,SKT-4016,1,1,GYYR
09/08/2025,19:30:19,46.79057,-71.38513,48.0,1.0,SKT-4016,1,1,GYYR
09/08/2025,19:30:27,46.79057,-71.38513,48.0,1.0,SKT-4016,1,1,GYYR
09/08/2025,19:30:35,46.79057,-71.38514,48.0,1.0,SKT-4016,1,1,GYYR
09/08/2025,19:30:43,46.79057,-71.38514,47.0,1.0,SKT-4016,1,1,GYYR
09/08/2025,19:30:51,46.79057,-71.38514,47.0,1.0,SKT-4016,1,1,GYYR
09/08/2025,19:30:59,46.79057,-71.38514,47.0,1.0,SKT-4016,1,1,GYYR
09/08/2025,19:31:06,46.79057,-71.38514,46.0,1.0,SKT-4016,1,1,GYYR
09/08/2025,19:31:14,46.79057,-71.38514,46.0,1.0,SKT-4016,1,0,GYYR
09/08/2025,19:31:23,46.79057,-71.38514,46.0,1.0,SKT-4016,1,1,GYYR
09/08/2025,19:31:31,46.79057,-71.38514,47.0,1.0,SKT-4016,1,1,GYYR
09/08/2025,19:31:39,46.79057,-71.38514,47.0,1.0,SKT-4016,1,1,GYYR
09/08/2025,19:31:47,46.79057,-71.38513,48.0,1.0,SKT-4016,1,0,GYYR
09/08/2025,19:31:54,46.79057,-71.38514,48.0,1.0,SKT-4016,1,1,GYYR
09/08/2025,19:32:01,46.79057,-71.38514,48.0,1.0,SKT-4016,1,1,GYYR
09/08/2025,19:32:09,46.79057,-71.38514,48.0,1.0,SKT-4016,1,1,GYYR
09/08/2025,19:32:17,46.79057,-71.38514,48.0,1.0,SKT-4016,1,0,GYYR
09/08/2025,19:32:25,46.79057,-71.38514,48.0,1.0,SKT-4016,1,1,GYYR
09/08/2025,19:32:32,46.79057,-71.38514,48.0,1.0,SKT-4016,1,1,GYYR
09/08/2025,19:32:39,46.79057,-71.38514,47.0,1.0,SKT-4016,1,1,GYYR
09/08/2025,19:32:47,46.79057,-71.38514,47.0,1.0,SKT-4016,1,1,GYYR
09/08/2025,19:32:55,46.79057,-71.38515,46.0,1.0,SKT-4016,1,1,GYYR
09/08/2025,19:33:03,46.79056,-71.38515,46.0,1.0,SKT-4016,1,0,GYYR
09/08/2025,19:33:11,46.79056,-71.38515,47.0,1.0,SKT-4016,1,1,GYYR
09/08/2025,19:33:18,46.79057,-71.38515,47.0,1.0,SKT-4016,1,1,GYYR
09/08/2025,19:33:26,46.79057,-71.38515,47.0,1.0,SKT-4016,1,1,GYYR
09/08/2025,19:33:33,46.79057,-71.38514,48.0,1.0,SKT-4016,1,1,GYYR
09/08/2025,19:33:41,46.79057,-71.38515,47.0,1.0,SKT-4016,1,1,GYYR
09/08/2025,19:33:50,46.79057,-71.38515,47.0,1.0,SKT-4016,1,1,GYYR
09/08/2025,19:33:58,46.79057,-71.38515,47.0,1.0,SKT-4016,1,1,GYYR
09/08/2025,19:34:06,46.79057,-71.38515,47.0,1.0,SKT-4016,1,0,GYYR
09/08/2025,19:34:14,46.79058,-71.38515,47.0,1.0,SKT-4016,1,1,GYYR
09/08/2025,19:34:21,46.79058,-71.38515,47.0,1.0,SKT-4016,1,1,GYYR
09/08/2025,19:34:28,46.79057,-71.38515,48.0,1.0,SKT-4016,1,1,GYYR
09/08/2025,19:34:36,46.79057,-71.38515,48.0,1.0,SKT-4016,1,1,GYYR
09/08/2025,19:34:44,46.79057,-71.38514,48.0,1.0,SKT-4016,1,1,GYYR
09/08/2025,19:34:52,46.79057,-71.38514,48.0,1.0,SKT-4016,1,1,GYYR
09/08/2025,19:35:01,46.79057,-71.38515,48.0,1.0,SKT-4016,1,1,GYYR
09/08/2025,19:35:09,46.79057,-71.38515,47.0,1.0,SKT-4016,1,1,GYYR
09/08/2025,19:35:17,46.79057,-71.38515,47.0,1.0,SKT-4016,1,0,GYYR
09/08/2025,19:35:24,46.79057,-71.38515,47.0,1.0,SKT-4016,1,1,GYYR
09/08/2025,19:35:31,46.79056,-71.38515,47.0,1.0,SKT-4016,1,1,GYYR
09/08/2025,19:35:39,46.79056,-71.38515,47.0,1.0,SKT-4016,1,1,GYYR
09/08/2025,19:35:47,46.79056,-71.38515,47.0,1.0,SKT-4016,1,1,GYYR
09/08/2025,19:35:55,46.79056,-71.38515,47.0,1.0,SKT-4016,1,1,GYYR
09/08/2025,19:36:03,46.79056,-71.38515,47.0,1.0,SKT-4016,1,1,GYYR
09/08/2025,19:36:10,46.79056,-71.38515,47.0,1.0,SKT-4016,1,1,GYYR
09/08/2025,19:36:17,46.79056,-71.38514,47.0,1.0,SKT-4016,1,1,GYYR
09/08/2025,19:36:25,46.79056,-71.38514,48.0,1.0,SKT-4016,1,1,GYYR
09/08/2025,19:36:33,46.79056,-71.38513,49.0,1.0,SKT-4016,1,1,GYYR
09/08/2025,19:36:41,46.79056,-71.38513,49.0,1.0,SKT-4016,1,1,GYYR
09/08/2025,19:36:48,46.79056,-71.38514,49.0,1.0,SKT-4016,1,1,GYYR
09/08/2025,19:36:55,46.79057,-71.38514,48.0,1.0,SKT-4016,1,1,GYYR
09/08/2025,19:37:03,46.79056,-71.38514,47.0,1.0,SKT-4016,1,0,GYYR
09/08/2025,19:37:12,46.79056,-71.38514,48.0,1.0,SKT-4016,1,1,GYYR
09/08/2025,19:37:20,46.79056,-71.38515,48.0,1.0,SKT-4016,1,0,GYYR
09/08/2025,19:37:28,46.79056,-71.38515,47.0,1.0,SKT-4016,1,1,GYYR
09/08/2025,19:37:35,46.79056,-71.38515,47.0,1.0,SKT-4016,1,1,GYYR
09/08/2025,19:37:43,46.79056,-71.38515,46.0,1.0,SKT-4016,1,1,GYYR
09/08/2025,19:37:51,46.79057,-71.38515,46.0,1.0,SKT-4016,1,1,GYYR
09/08/2025,19:37:59,46.79057,-71.38514,46.0,1.0,SKT-4016,1,1,GYYR
09/08/2025,19:38:07,46.79057,-71.38514,47.0,1.0,SKT-4016,1,1,GYYR
09/08/2025,19:38:15,46.79058,-71.38514,47.0,1.0,SKT-4016,1,1,GYYR
09/08/2025,19:38:24,46.79058,-71.38514,47.0,1.0,SKT-4016,1,0,GYYR
09/08/2025,19:38:32,46.79058,-71.38514,48.0,1.0,SKT-4016,1,1,GYYR
09/08/2025,19:38:40,46.79058,-71.38514,47.0,1.0,SKT-4016,1,1,GYYR
09/08/2025,19:38:47,46.79058,-71.38514,47.0,1.0,SKT-4016,1,1,GYYR
09/08/2025,19:38:54,46.79058,-71.38514,47.0,1.0,SKT-4016,1,1,GYYR
09/08/2025,19:39:02,46.79058,-71.38514,47.0,1.0,SKT-4016,1,1,GYYR
09/08/2025,19:39:10,46.79058,-71.38514,47.0,1.0,SKT-4016,1,1,GYYR
09/08/2025,19:39:17,46.79059,-71.38514,47.0,1.0,SKT-4016,1,1,GYYR
09/08/2025,19:39:25,46.79059,-71.38515,47.0,1.0,SKT-4016,1,1,GYYR
09/08/2025,19:39:33,46.79059,-71.38515,47.0,1.0,SKT-4016,1,1,GYYR
09/08/2025,19:39:41,46.79059,-71.38514,47.0,1.0,SKT-4016,1,1,GYYR
09/08/2025,19:39:49,46.79058,-71.38514,48.0,1.0,SKT-4016,1,1,GYYR
09/08/2025,19:39:57,46.79058,-71.38513,48.0,1.0,SKT-4016,1,1,GYYR
09/08/2025,19:40:05,46.79058,-71.38513,48.0,1.0,SKT-4016,1,1,GYYR
09/08/2025,19:40:13,46.79058,-71.38514,48.0,1.0,SKT-4016,1,1,GYYR
09/08/2025,19:40:21,46.79058,-71.38515,48.0,1.0,SKT-4016,1,1,GYYR
09/08/2025,19:40:30,46.79058,-71.38515,48.0,1.0,SKT-4016,1,0,GYYR
09/08/2025,19:40:38,46.79057,-71.38515,48.0,1.0,SKT-4016,1,1,GYYR
09/08/2025,19:40:46,46.79057,-71.38515,48.0,1.0,SKT-4016,1,1,GYYR
09/08/2025,19:40:53,46.79057,-71.38515,48.0,1.0,SKT-4016,1,1,GYYR
09/08/2025,19:41:00,46.79057,-71.38515,48.0,1.0,SKT-4016,1,1,GYYR
09/08/2025,19:41:08,46.79058,-71.38515,48.0,1.0,SKT-4016,1,1,GYYR
09/08/2025,19:41:16,46.79058,-71.38515,48.0,1.0,SKT-4016,1,1,GYYR
09/08/2025,19:41:24,46.79058,-71.38515,49.0,1.0,SKT-4016,1,1,GYYR
09/08/2025,19:41:32,46.79058,-71.38515,49.0,1.0,SKT-4016,1,1,GYYR
09/08/2025,19:41:41,46.79058,-71.38515,49.0,1.0,SKT-4016,1,0,GYYR
09/08/2025,19:41:49,46.79058,-71.38515,49.0,1.0,SKT-4016,1,0,GYYR
09/08/2025,19:41:56,46.79058,-71.38515,48.0,1.0,SKT-4016,1,1,GYYR
09/08/2025,19:42:04,46.79058,-71.38515,48.0,1.0,SKT-4016,1,1,GYYR
09/08/2025,19:42:12,46.79058,-71.38515,48.0,1.0,SKT-4016,1,1,GYYR
09/08/2025,19:42:20,46.79057,-71.38515,48.0,1.0,SKT-4016,1,1,GYYR
09/08/2025,19:42:28,46.79058,-71.38515,48.0,1.0,SKT-4016,1,1,GYYR
09/08/2025,19:42:36,46.79058,-71.38515,48.0,1.0,SKT-4016,1,1,GYYR
09/08/2025,19:42:44,46.79057,-71.38514,48.0,1.0,SKT-4016,1,0,GYYR
09/08/2025,19:42:51,46.79058,-71.38514,48.0,1.0,SKT-4016,1,1,GYYR
09/08/2025,19:42:58,46.79058,-71.38515,49.0,1.0,SKT-4016,1,1,GYYR
09/08/2025,19:43:06,46.79058,-71.38515,49.0,1.0,SKT-4016,1,0,GYYR
09/08/2025,19:43:14,46.79058,-71.38515,49.0,1.0,SKT-4016,1,0,GYYR
09/08/2025,19:43:23,46.79057,-71.38515,48.0,1.0,SKT-4016,1,1,GYYR
09/08/2025,19:43:31,46.79057,-71.38515,48.0,1.0,SKT-4016,1,0,GYYR
09/08/2025,19:43:39,46.79057,-71.38515,48.0,1.0,SKT-4016,1,1,GYYR
09/08/2025,19:43:46,46.79057,-71.38515,48.0,1.0,SKT-4016,1,1,GYYR
09/08/2025,19:43:53,46.79058,-71.38515,49.0,1.0,SKT-4016,1,1,GYYR
09/08/2025,19:44:01,46.79058,-71.38515,49.0,1.0,SKT-4016,1,1,GYYR
09/08/2025,19:44:09,46.79058,-71.38514,49.0,1.0,SKT-4016,1,1,GYYR
09/08/2025,19:44:17,46.79058,-71.38514,49.0,1.0,SKT-4016,1,1,GYYR
09/08/2025,19:44:25,46.79058,-71.38515,49.0,1.0,SKT-4016,1,1,GYYR
09/08/2025,19:44:34,46.79058,-71.38514,50.0,1.0,SKT-4016,1,0,GYYR
09/08/2025,19:44:42,46.79058,-71.38514,50.0,1.0,SKT-4016,1,0,GYYR
09/08/2025,19:44:50,46.79058,-71.38515,50.0,1.0,SKT-4016,1,0,GYYR
09/08/2025,19:44:57,46.79058,-71.38514,50.0,1.0,SKT-4016,1,1,GYYR
09/08/2025,19:45:05,46.79058,-71.38515,49.0,1.0,SKT-4016,1,1,GYYR
09/08/2025,19:45:12,46.79057,-71.38515,49.0,1.0,SKT-4016,1,1,GYYR
09/08/2025,19:45:20,46.79057,-71.38515,49.0,1.0,SKT-4016,1,0,GYYR
09/08/2025,19:45:29,46.79057,-71.38514,49.0,1.0,SKT-4016,1,0,GYYR
09/08/2025,19:45:37,46.79057,-71.38514,48.0,1.0,SKT-4016,1,0,GYYR
09/08/2025,19:45:45,46.79057,-71.38514,48.0,1.0,SKT-4016,1,1,GYYR
09/08/2025,19:45:52,46.79057,-71.38514,47.0,1.0,SKT-4016,1,1,GYYR
09/08/2025,19:45:59,46.79057,-71.38515,47.0,1.0,SKT-4016,1,1,GYYR
09/08/2025,19:46:07,46.79056,-71.38514,46.0,1.0,SKT-4016,1,1,GYYR
09/08/2025,19:46:15,46.79056,-71.38514,47.0,1.0,SKT-4016,1,0,GYYR
09/08/2025,19:46:23,46.79056,-71.38514,47.0,1.0,SKT-4016,1,0,GYYR
09/08/2025,19:46:31,46.79056,-71.38514,47.0,1.0,SKT-4016,1,1,GYYR
09/08/2025,19:46:40,46.79056,-71.38514,47.0,1.0,SKT-4016,1,0,GYYR
09/08/2025,19:46:48,46.79056,-71.38515,46.0,1.0,SKT-4016,1,1,GYYR
09/08/2025,19:46:56,46.79056,-71.38515,45.0,1.0,SKT-4016,1,1,GYYR
09/08/2025,19:47:04,46.79057,-71.38515,45.0,1.0,SKT-4016,1,1,GYYR
09/08/2025,19:47:11,46.79057,-71.38515,45.0,1.0,SKT-4016,1,1,GYYR
09/08/2025,19:47:18,46.79057,-71.38515,46.0,1.0,SKT-4016,1,1,GYYR
09/08/2025,19:47:26,46.79058,-71.38515,47.0,1.0,SKT-4016,1,1,GYYR
09/08/2025,19:47:34,46.79058,-71.38514,47.0,1.0,SKT-4016,1,1,GYYR
09/08/2025,19:47:41,46.79058,-71.38514,47.0,1.0,SKT-4016,1,1,GYYR
09/08/2025,19:47:48,46.79058,-71.38514,47.0,1.0,SKT-4016,1,1,GYYR
09/08/2025,19:47:56,46.79058,-71.38514,48.0,1.0,SKT-4016,1,1,GYYR
09/08/2025,19:48:04,46.79058,-71.38514,48.0,1.0,SKT-4016,1,1,GYYR
09/08/2025,19:48:13,46.79057,-71.38514,48.0,1.0,SKT-4016,1,1,GYYR
09/08/2025,19:48:21,46.79058,-71.38514,48.0,1.0,SKT-4016,1,1,GYYR
09/08/2025,19:48:32,46.79058,-71.38514,48.0,1.0,SKT-4016,1,1,GYYR
09/08/2025,19:48:39,46.79058,-71.38514,49.0,1.0,SKT-4016,1,1,GYYR
09/08/2025,19:48:46,46.79058,-71.38514,49.0,1.0,SKT-4016,1,1,GYYR
09/08/2025,19:48:54,46.79057,-71.38515,50.0,1.0,SKT-4016,1,1,GYYR
09/08/2025,19:49:03,46.79057,-71.38515,50.0,1.0,SKT-4016,1,0,GYYR
09/08/2025,19:49:11,46.79057,-71.38515,50.0,1.0,SKT-4016,1,1,GYYR
09/08/2025,19:49:18,46.79057,-71.38514,50.0,1.0,SKT-4016,1,1,GYYR
09/08/2025,19:49:25,46.79057,-71.38514,50.0,1.0,SKT-4016,1,1,GYYR
09/08/2025,19:49:33,46.79057,-71.38514,49.0,1.0,SKT-4016,1,1,GYYR
09/08/2025,19:49:41,46.79058,-71.38514,48.0,1.0,SKT-4016,1,1,GYYR
09/08/2025,19:49:49,46.79058,-71.38514,48.0,1.0,SKT-4016,1,1,GYYR
09/08/2025,19:49:57,46.79058,-71.38513,48.0,1.0,SKT-4016,1,1,GYYR
09/08/2025,19:50:06,46.79058,-71.38514,48.0,1.0,SKT-4016,1,0,GYYR
09/08/2025,19:50:14,46.79058,-71.38514,48.0,1.0,SKT-4016,1,0,GYYR
09/08/2025,19:50:21,46.79058,-71.38514,48.0,1.0,SKT-4016,1,1,GYYR
09/08/2025,19:50:28,46.79058,-71.38514,48.0,1.0,SKT-4016,1,1,GYYR
09/08/2025,19:50:35,46.79057,-71.38514,48.0,1.0,SKT-4016,1,1,GYYR
09/08/2025,19:50:43,46.79057,-71.38515,48.0,1.0,SKT-4016,1,1,GYYR
09/08/2025,19:50:50,46.79057,-71.38515,48.0,1.0,SKT-4016,1,1,GYYR
09/08/2025,19:50:57,46.79058,-71.38514,48.0,1.0,SKT-4016,1,1,GYYR
09/08/2025,19:51:05,46.79058,-71.38513,49.0,1.0,SKT-4016,1,1,GYYR
09/08/2025,19:51:12,46.79059,-71.38512,50.0,1.0,SKT-4016,1,1,GYYR
09/08/2025,19:51:19,46.7906,-71.38512,50.0,1.0,SKT-4016,1,1,GYYR
09/08/2025,19:51:27,46.7906,-71.38512,50.0,1.0,SKT-4016,1,1,GYYR
09/08/2025,19:51:35,46.7906,-71.38512,49.0,1.0,SKT-4016,1,1,GYYR
09/08/2025,19:51:43,46.7906,-71.38512,49.0,1.0,SKT-4016,1,1,GYYR
09/08/2025,19:51:50,46.7906,-71.38512,49.0,1.0,SKT-4016,1,1,GYYR
09/08/2025,19:51:57,46.7906,-71.38512,49.0,1.0,SKT-4016,1,1,GYYR
09/08/2025,19:52:05,46.7906,-71.38512,49.0,1.0,SKT-4016,1,1,GYYR
09/08/2025,19:52:13,46.7906,-71.38512,49.0,1.0,SKT-4016,1,1,GYYR
09/08/2025,19:52:21,46.7906,-71.38512,49.0,1.0,SKT-4016,1,1,GYYR
09/08/2025,19:52:29,46.7906,-71.38512,49.0,1.0,SKT-4016,1,1,GYYR
09/08/2025,19:52:37,46.7906,-71.38512,50.0,1.0,SKT-4016,1,1,GYYR
09/08/2025,19:52:45,46.7906,-71.38512,49.0,1.0,SKT-4016,1,1,GYYR
09/08/2025,19:52:54,46.7906,-71.38512,49.0,1.0,SKT-4016,1,0,GYYR
09/08/2025,19:53:02,46.79059,-71.38512,49.0,1.0,SKT-4016,1,1,GYYR
09/08/2025,19:53:09,46.79059,-71.38513,49.0,1.0,SKT-4016,1,1,GYYR
09/08/2025,19:53:16,46.7906,-71.38513,49.0,1.0,SKT-4016,1,1,GYYR
09/08/2025,19:53:24,46.7906,-71.38513,49.0,1.0,SKT-4016,1,1,GYYR
09/08/2025,19:53:32,46.7906,-71.38513,50.0,1.0,SKT-4016,1,1,GYYR
09/08/2025,19:53:40,46.79059,-71.38513,49.0,1.0,SKT-4016,1,1,GYYR
09/08/2025,19:53:48,46.79058,-71.38514,49.0,1.0,SKT-4016,1,1,GYYR
09/08/2025,19:53:55,46.79058,-71.38514,48.0,1.0,SKT-4016,1,1,GYYR
09/08/2025,19:54:02,46.79058,-71.38514,48.0,1.0,SKT-4016,1,1,GYYR
09/08/2025,19:54:09,46.79058,-71.38515,48.0,1.0,SKT-4016,1,1,GYYR
09/08/2025,19:54:17,46.79057,-71.38515,48.0,1.0,SKT-4016,1,1,GYYR
09/08/2025,19:54:26,46.79057,-71.38515,49.0,1.0,SKT-4016,1,1,GYYR
09/08/2025,19:54:34,46.79057,-71.38515,48.0,1.0,SKT-4016,1,1,GYYR
09/08/2025,19:54:41,46.79057,-71.38515,48.0,1.0,SKT-4016,1,1,GYYR
09/08/2025,19:54:49,46.79057,-71.38515,47.0,1.0,SKT-4016,1,1,GYYR
09/08/2025,19:54:57,46.79057,-71.38515,46.0,1.0,SKT-4016,1,1,GYYR
09/08/2025,19:55:04,46.79057,-71.38515,46.0,1.0,SKT-4016,1,1,GYYR
09/08/2025,19:55:12,46.79057,-71.38515,46.0,1.0,SKT-4016,1,1,GYYR
09/08/2025,19:55:19,46.79056,-71.38515,46.0,1.0,SKT-4016,1,1,GYYR
09/08/2025,19:55:27,46.79056,-71.38514,46.0,1.0,SKT-4016,1,1,GYYR
09/08/2025,19:55:35,46.79056,-71.38514,47.0,1.0,SKT-4016,1,1,GYYR
09/08/2025,19:55:44,46.79056,-71.38514,47.0,1.0,SKT-4016,1,1,GYYR
09/08/2025,19:55:51,46.79056,-71.38514,46.0,1.0,SKT-4016,1,1,GYYR
09/08/2025,19:55:58,46.79056,-71.38514,46.0,1.0,SKT-4016,1,1,GYYR
09/08/2025,19:56:06,46.79055,-71.38514,47.0,1.0,SKT-4016,1,1,GYYR
09/08/2025,19:56:14,46.79055,-71.38514,46.0,1.0,SKT-4016,1,1,GYYR
09/08/2025,19:56:22,46.79055,-71.38515,46.0,1.0,SKT-4016,1,1,GYYR
09/08/2025,19:56:30,46.79055,-71.38515,46.0,1.0,SKT-4016,1,1,GYYR
09/08/2025,19:56:39,46.79056,-71.38515,46.0,1.0,SKT-4016,1,1,GYYR
09/08/2025,19:56:47,46.79056,-71.38514,45.0,1.0,SKT-4016,1,1,GYYR
09/08/2025,19:56:56,46.79056,-71.38514,46.0,1.0,SKT-4016,1,1,GYYR
09/08/2025,19:57:04,46.79056,-71.38514,46.0,1.0,SKT-4016,1,1,GYYR
09/08/2025,19:57:11,46.79056,-71.38514,46.0,1.0,SKT-4016,1,1,GYYR
09/08/2025,19:57:19,46.79056,-71.38514,47.0,1.0,SKT-4016,1,1,GYYR
09/08/2025,19:57:27,46.79057,-71.38514,47.0,1.0,SKT-4016,1,1,GYYR
09/08/2025,19:57:35,46.79057,-71.38514,48.0,1.0,SKT-4016,1,1,GYYR
09/08/2025,19:57:43,46.79057,-71.38514,49.0,1.0,SKT-4016,1,1,GYYR
09/08/2025,19:57:50,46.79057,-71.38514,50.0,1.0,SKT-4016,1,1,GYYR
09/08/2025,19:57:58,46.79057,-71.38514,51.0,1.0,SKT-4016,1,1,GYYR
09/08/2025,19:58:07,46.79057,-71.38514,51.0,1.0,SKT-4016,1,0,GYYR
09/08/2025,19:58:15,46.79057,-71.38514,51.0,1.0,SKT-4016,1,1,GYYR
09/08/2025,19:58:22,46.79057,-71.38514,50.0,1.0,SKT-4016,1,1,GYYR
09/08/2025,19:58:29,46.79058,-71.38513,50.0,1.0,SKT-4016,1,1,GYYR
09/08/2025,19:58:37,46.79058,-71.38513,49.0,1.0,SKT-4016,1,1,GYYR
09/08/2025,19:58:45,46.79058,-71.38513,49.0,1.0,SKT-4016,1,1,GYYR
09/08/2025,19:58:52,46.79058,-71.38514,49.0,1.0,SKT-4016,1,1,GYYR
09/08/2025,19:59:00,46.79058,-71.38514,49.0,1.0,SKT-4016,1,1,GYYR
09/08/2025,19:59:08,46.79058,-71.38514,48.0,1.0,SKT-4016,1,1,GYYR
09/08/2025,19:59:16,46.79058,-71.38514,49.0,1.0,SKT-4016,1,1,GYYR
09/08/2025,19:59:24,46.79058,-71.38515,48.0,1.0,SKT-4016,1,1,GYYR
09/08/2025,19:59:32,46.79058,-71.38515,48.0,1.0,SKT-4016,1,1,GYYR
09/08/2025,19:59:41,46.79057,-71.38515,48.0,1.0,SKT-4016,1,1,GYYR
09/08/2025,19:59:49,46.79057,-71.38515,48.0,1.0,SKT-4016,1,1,GYYR
09/08/2025,19:59:56,46.79057,-71.38515,47.0,1.0,SKT-4016,1,1,GYYR
09/08/2025,20:00:03,46.79058,-71.38515,48.0,1.0,SKT-4016,1,1,GYYR
09/08/2025,20:00:11,46.79058,-71.38514,47.0,1.0,SKT-4016,1,1,GYYR
09/08/2025,20:00:40,46.79047,-71.38577,49.0,1.0,SKT-4016,1,1,GYYR
09/08/2025,20:00:48,46.79038,-71.38593,49.0,1.0,SKT-4016,1,1,GYYR
09/08/2025,20:00:56,46.79027,-71.38595,49.0,1.0,SKT-4016,1,1,GYYR
09/08/2025,20:01:03,46.7902,-71.38592,49.0,1.0,SKT-4016,1,1,GYYR
09/08/2025,20:01:10,46.7902,-71.38593,49.0,1.0,SKT-4016,1,1,GYYR
09/08/2025,20:01:18,46.79019,-71.38593,49.0,1.0,SKT-4016,1,1,GYYR
09/08/2025,20:01:26,46.79019,-71.38593,50.0,1.0,SKT-4016,1,1,GYYR
09/08/2025,20:01:34,46.79019,-71.38594,50.0,1.0,SKT-4016,1,1,GYYR
09/08/2025,20:01:41,46.79019,-71.38594,50.0,1.0,SKT-4016,1,1,GYYR
09/08/2025,20:01:48,46.7902,-71.38594,50.0,1.0,SKT-4016,1,1,GYYR
09/08/2025,20:01:56,46.7902,-71.38594,50.0,1.0,SKT-4016,1,1,GYYR
09/08/2025,20:02:04,46.7902,-71.38594,51.0,1.0,SKT-4016,1,1,GYYR
09/08/2025,20:02:15,,,,,SKT-4016,1,1,GYYR
09/08/2025,20:02:23,46.79019,-71.38594,51.0,1.0,SKT-4016,1,1,GYYR
09/08/2025,20:02:30,46.7902,-71.38594,51.0,1.0,SKT-4016,1,1,GYYR
09/08/2025,20:02:37,46.7902,-71.38594,51.0,1.0,SKT-4016,1,1,GYYR
09/08/2025,20:02:45,46.7902,-71.38594,50.0,1.0,SKT-4016,1,1,GYYR
09/08/2025,20:02:53,46.7902,-71.38593,50.0,1.0,SKT-4016,1,1,GYYR
09/08/2025,20:03:01,46.7902,-71.38593,50.0,1.0,SKT-4016,1,1,GYYR
09/08/2025,20:03:09,46.7902,-71.38593,50.0,1.0,SKT-4016,1,1,GYYR
09/08/2025,20:03:17,46.7902,-71.38593,50.0,1.0,SKT-4016,1,0,GYYR
09/08/2025,20:03:26,46.7902,-71.38593,50.0,1.0,SKT-4016,1,0,GYYR
09/08/2025,20:03:33,46.7902,-71.38593,49.0,1.0,SKT-4016,1,1,GYYR
09/08/2025,20:03:41,46.7902,-71.38593,49.0,1.0,SKT-4016,1,1,GYYR
09/08/2025,20:03:48,46.79026,-71.38597,49.0,1.0,SKT-4016,1,1,GYYR
09/08/2025,20:03:56,46.79047,-71.38614,49.0,1.0,SKT-4016,1,1,GYYR
09/08/2025,20:04:04,46.79084,-71.38628,48.0,1.0,SKT-4016,1,1,GYYR
09/08/2025,20:04:13,46.79138,-71.38614,48.0,1.0,SKT-4016,1,0,GYYR
09/08/2025,20:04:21,46.79177,-71.38602,49.0,1.0,SKT-4016,1,0,GYYR
09/08/2025,20:04:30,46.79216,-71.38592,49.0,1.0,SKT-4016,1,1,GYYR
09/08/2025,20:04:38,46.79251,-71.38583,49.0,1.0,SKT-4016,1,1,GYYR
09/08/2025,20:04:45,46.79278,-71.38575,48.0,1.0,SKT-4016,1,1,GYYR
09/08/2025,20:04:52,46.79306,-71.38567,48.0,1.0,SKT-4016,1,1,GYYR
09/08/2025,20:05:00,46.79337,-71.38558,48.0,1.0,SKT-4016,1,1,GYYR
09/08/2025,20:05:08,46.79361,-71.38547,48.0,1.0,SKT-4016,1,1,GYYR
09/08/2025,20:05:16,46.7938,-71.38525,48.0,1.0,SKT-4016,1,1,GYYR
09/08/2025,20:05:24,46.79398,-71.38501,48.0,1.0,SKT-4016,1,1,GYYR
09/08/2025,20:05:32,46.79416,-71.38474,49.0,1.0,SKT-4016,1,0,GYYR
09/08/2025,20:05:40,46.79441,-71.38438,48.0,1.0,SKT-4016,1,0,GYYR
09/08/2025,20:05:48,46.79464,-71.38406,48.0,1.0,SKT-4016,1,0,GYYR
09/08/2025,20:05:57,46.79473,-71.38394,48.0,1.0,SKT-4016,1,0,GYYR
09/08/2025,20:06:05,46.79475,-71.38391,48.0,1.0,SKT-4016,1,1,GYYR
09/08/2025,20:06:14,46.79485,-71.38375,48.0,1.0,SKT-4016,1,1,GYYR
09/08/2025,20:06:21,46.79487,-71.38373,48.0,1.0,SKT-4016,1,1,GYYR
09/08/2025,20:06:29,46.79487,-71.38373,48.0,1.0,SKT-4016,1,1,GYYR
09/08/2025,20:06:37,46.79487,-71.38373,49.0,1.0,SKT-4016,1,1,GYYR
09/08/2025,20:06:44,46.79487,-71.38373,49.0,1.0,SKT-4016,1,1,GYYR
09/08/2025,20:06:52,46.79487,-71.38373,49.0,1.0,SKT-4016,1,0,GYYR
09/08/2025,20:07:00,46.79487,-71.38373,49.0,1.0,SKT-4016,1,0,GYYR
09/08/2025,20:07:09,46.79487,-71.38373,49.0,1.0,SKT-4016,1,1,GYYR
09/08/2025,20:07:16,46.79487,-71.38373,48.0,1.0,SKT-4016,1,1,GYYR
09/08/2025,20:07:23,46.79487,-71.38373,48.0,1.0,SKT-4016,1,1,GYYR
09/08/2025,20:07:31,46.79487,-71.38373,48.0,1.0,SKT-4016,1,1,GYYR
09/08/2025,20:07:39,46.79487,-71.38373,48.0,1.0,SKT-4016,1,1,GYYR
09/08/2025,20:07:47,46.79487,-71.38373,48.0,1.0,SKT-4016,1,1,GYYR
09/08/2025,20:07:55,46.79487,-71.38373,48.0,1.0,SKT-4016,1,1,GYYR
09/08/2025,20:08:03,46.79487,-71.38373,48.0,1.0,SKT-4016,1,1,GYYR
09/08/2025,20:08:12,46.79487,-71.38373,48.0,1.0,SKT-4016,1,1,GYYR
09/08/2025,20:08:19,46.79487,-71.38373,48.0,1.0,SKT-4016,1,1,GYYR
09/08/2025,20:08:26,46.79487,-71.38373,49.0,1.0,SKT-4016,1,1,GYYR
09/08/2025,20:08:33,46.79487,-71.38373,49.0,1.0,SKT-4016,1,1,GYYR
09/08/2025,20:08:41,46.79487,-71.38373,49.0,1.0,SKT-4016,1,1,GYYR
09/08/2025,20:08:49,46.79487,-71.38373,49.0,1.0,SKT-4016,1,0,GYYR
09/08/2025,20:08:58,46.79487,-71.38372,49.0,1.0,SKT-4016,1,0,GYYR
09/08/2025,20:09:05,46.79487,-71.38372,49.0,1.0,SKT-4016,1,1,GYYR
09/08/2025,20:09:13,46.79487,-71.38373,49.0,1.0,SKT-4016,1,1,GYYR
09/08/2025,20:09:20,46.79487,-71.38373,49.0,1.0,SKT-4016,1,1,GYYR
09/08/2025,20:09:27,46.79487,-71.38373,49.0,1.0,SKT-4016,1,1,GYYR
09/08/2025,20:09:36,46.79487,-71.38372,50.0,1.0,SKT-4016,1,1,GYYR
09/08/2025,20:09:43,46.79487,-71.38372,50.0,1.0,SKT-4016,1,1,GYYR
09/08/2025,20:09:50,46.79487,-71.38372,50.0,1.0,SKT-4016,1,1,GYYR
09/08/2025,20:09:58,46.79487,-71.38372,50.0,1.0,SKT-4016,1,1,GYYR
09/08/2025,20:10:06,46.79487,-71.38372,50.0,1.0,SKT-4016,1,0,GYYR
09/08/2025,20:10:14,46.79487,-71.38372,49.0,1.0,SKT-4016,1,0,GYYR
09/08/2025,20:10:22,46.79487,-71.38372,49.0,1.0,SKT-4016,1,0,GYYR
09/08/2025,20:10:31,46.79487,-71.38373,49.0,1.0,SKT-4016,1,1,GYYR
09/08/2025,20:10:38,46.79487,-71.38372,49.0,1.0,SKT-4016,1,1,GYYR
09/08/2025,20:10:46,46.79487,-71.38372,49.0,1.0,SKT-4016,1,1,GYYR
09/08/2025,20:10:53,46.79487,-71.38372,49.0,1.0,SKT-4016,1,1,GYYR
09/08/2025,20:11:01,46.79487,-71.38372,49.0,1.0,SKT-4016,1,1,GYYR
09/08/2025,20:11:08,46.79487,-71.38372,49.0,1.0,SKT-4016,1,1,GYYR
09/08/2025,20:11:16,46.79487,-71.38372,49.0,1.0,SKT-4016,1,0,GYYR
09/08/2025,20:11:23,46.79487,-71.38372,49.0,1.0,SKT-4016,1,1,GYYR
09/08/2025,20:11:31,46.79487,-71.38372,49.0,1.0,SKT-4016,1,1,GYYR
09/08/2025,20:11:38,46.79487,-71.38372,49.0,1.0,SKT-4016,1,1,GYYR
09/08/2025,20:11:47,46.79487,-71.38372,49.0,1.0,SKT-4016,1,1,GYYR
09/08/2025,20:11:54,46.79487,-71.38372,49.0,1.0,SKT-4016,1,1,GYYR
09/08/2025,20:12:01,46.79487,-71.38371,49.0,1.0,SKT-4016,1,1,GYYR
09/08/2025,20:12:08,46.79487,-71.38371,49.0,1.0,SKT-4016,1,1,GYYR
09/08/2025,20:12:16,46.79487,-71.38371,49.0,1.0,SKT-4016,1,1,GYYR
09/08/2025,20:12:23,46.79487,-71.38371,49.0,1.0,SKT-4016,1,1,GYYR
09/08/2025,20:12:30,46.79487,-71.38371,49.0,1.0,SKT-4016,1,1,GYYR
09/08/2025,20:12:38,46.79487,-71.38371,49.0,1.0,SKT-4016,1,1,GYYR
09/08/2025,20:12:46,46.79493,-71.38363,49.0,1.0,SKT-4016,1,1,GYYR
09/08/2025,20:12:53,46.79509,-71.3834,49.0,1.0,SKT-4016,1,1,GYYR
09/08/2025,20:13:00,46.79534,-71.38316,49.0,1.0,SKT-4016,1,1,GYYR
09/08/2025,20:13:08,46.79563,-71.38325,48.0,1.0,SKT-4016,1,0,GYYR
09/08/2025,20:13:16,46.79568,-71.38358,48.0,1.0,SKT-4016,1,0,GYYR
09/08/2025,20:13:24,46.79559,-71.38384,48.0,1.0,SKT-4016,1,0,GYYR
09/08/2025,20:13:33,46.79552,-71.38395,48.0,1.0,SKT-4016,1,1,GYYR
09/08/2025,20:13:40,46.79552,-71.38395,48.0,1.0,SKT-4016,1,1,GYYR
09/08/2025,20:13:47,46.79552,-71.38395,47.0,1.0,SKT-4016,1,1,GYYR
09/08/2025,20:13:54,46.79552,-71.38394,47.0,1.0,SKT-4016,1,1,GYYR
09/08/2025,20:14:02,46.79552,-71.38394,47.0,1.0,SKT-4016,1,1,GYYR
09/08/2025,20:14:11,46.79552,-71.38394,47.0,1.0,SKT-4016,1,1,GYYR
09/08/2025,20:14:19,46.79552,-71.38394,47.0,1.0,SKT-4016,1,1,GYYR
09/08/2025,20:14:26,46.79552,-71.38394,47.0,1.0,SKT-4016,1,1,GYYR
09/08/2025,20:14:33,46.79552,-71.38394,47.0,1.0,SKT-4016,1,1,GYYR
09/08/2025,20:14:41,46.79552,-71.38395,47.0,1.0,SKT-4016,1,0,GYYR
09/08/2025,20:14:49,46.79552,-71.38395,47.0,1.0,SKT-4016,1,0,GYYR
09/08/2025,20:14:58,46.79552,-71.38395,47.0,1.0,SKT-4016,1,1,GYYR
09/08/2025,20:15:05,46.79552,-71.38395,47.0,1.0,SKT-4016,1,1,GYYR
09/08/2025,20:15:12,46.79552,-71.38395,47.0,1.0,SKT-4016,1,1,GYYR
09/08/2025,20:15:20,46.79552,-71.38395,47.0,1.0,SKT-4016,1,1,GYYR
09/08/2025,20:15:27,46.79551,-71.38395,47.0,1.0,SKT-4016,1,1,GYYR
09/08/2025,20:15:34,46.79551,-71.38395,47.0,1.0,SKT-4016,1,1,GYYR
09/08/2025,20:15:41,46.79551,-71.38395,47.0,1.0,SKT-4016,1,1,GYYR
09/08/2025,20:15:49,46.79551,-71.38395,47.0,1.0,SKT-4016,1,1,GYYR
09/08/2025,20:15:57,46.79551,-71.38395,47.0,1.0,SKT-4016,1,1,GYYR
09/08/2025,20:16:04,46.79551,-71.38395,47.0,1.0,SKT-4016,1,1,GYYR
09/08/2025,20:16:11,46.79551,-71.38395,48.0,1.0,SKT-4016,1,1,GYYR
09/08/2025,20:16:19,46.79551,-71.38395,48.0,1.0,SKT-4016,1,1,GYYR
09/08/2025,20:16:26,46.79551,-71.38395,48.0,1.0,SKT-4016,1,1,GYYR
09/08/2025,20:16:34,46.79551,-71.38395,48.0,1.0,SKT-4016,1,1,GYYR
09/08/2025,20:16:42,46.79551,-71.38395,49.0,1.0,SKT-4016,1,1,GYYR
09/08/2025,20:16:49,46.79551,-71.38395,49.0,1.0,SKT-4016,1,1,GYYR
09/08/2025,20:16:56,46.79551,-71.38394,49.0,1.0,SKT-4016,1,1,GYYR
09/08/2025,20:17:04,46.79551,-71.38394,49.0,1.0,SKT-4016,1,1,GYYR
09/08/2025,20:17:11,46.79551,-71.38394,49.0,1.0,SKT-4016,1,1,GYYR
09/08/2025,20:17:19,46.79551,-71.38394,49.0,1.0,SKT-4016,1,1,GYYR
09/08/2025,20:17:27,46.79551,-71.38394,49.0,1.0,SKT-4016,1,1,GYYR
09/08/2025,20:17:37,,,,,SKT-4016,1,1,GYYR
09/08/2025,20:17:44,46.79552,-71.38394,49.0,1.0,SKT-4016,1,1,GYYR
09/08/2025,20:17:52,46.79552,-71.38394,49.0,1.0,SKT-4016,1,1,GYYR
09/08/2025,20:18:00,46.79552,-71.38394,49.0,1.0,SKT-4016,1,1,GYYR
09/08/2025,20:18:09,46.79552,-71.38394,50.0,1.0,SKT-4016,1,1,GYYR
09/08/2025,20:18:17,46.79552,-71.38394,50.0,1.0,SKT-4016,1,1,GYYR
09/08/2025,20:18:25,46.79552,-71.38394,50.0,1.0,SKT-4016,1,1,GYYR
09/08/2025,20:18:32,46.79552,-71.38394,50.0,1.0,SKT-4016,1,1,GYYR
09/08/2025,20:18:40,46.79552,-71.38394,50.0,1.0,SKT-4016,1,1,GYYR
09/08/2025,20:18:48,46.79551,-71.38394,50.0,1.0,SKT-4016,1,1,GYYR
09/08/2025,20:18:56,46.79551,-71.38394,50.0,1.0,SKT-4016,1,1,GYYR
09/08/2025,20:19:04,46.79552,-71.38394,50.0,1.0,SKT-4016,1,1,GYYR
09/08/2025,20:19:12,46.79552,-71.38394,50.0,1.0,SKT-4016,1,1,GYYR
09/08/2025,20:19:21,46.79552,-71.38394,50.0,1.0,SKT-4016,1,1,GYYR
09/08/2025,20:19:28,46.79552,-71.38394,50.0,1.0,SKT-4016,1,1,GYYR
09/08/2025,20:19:36,46.79552,-71.38394,50.0,1.0,SKT-4016,1,1,GYYR
09/08/2025,20:19:43,46.79552,-71.38394,50.0,1.0,SKT-4016,1,1,GYYR
09/08/2025,20:19:51,46.79552,-71.38394,50.0,1.0,SKT-4016,1,1,GYYR
09/08/2025,20:19:58,46.79552,-71.38394,50.0,1.0,SKT-4016,1,1,GYYR
09/08/2025,20:20:05,46.79552,-71.38395,50.0,1.0,SKT-4016,1,1,GYYR
09/08/2025,20:20:13,46.79552,-71.38395,50.0,1.0,SKT-4016,1,1,GYYR
09/08/2025,20:20:21,46.79552,-71.38395,50.0,1.0,SKT-4016,1,1,GYYR
09/08/2025,20:20:29,46.79552,-71.38395,50.0,1.0,SKT-4016,1,1,GYYR
09/08/2025,20:20:37,46.79544,-71.38408,50.0,1.0,SKT-4016,1,1,GYYR
09/08/2025,20:20:45,46.79519,-71.38429,49.0,1.0,SKT-4016,1,1,GYYR
09/08/2025,20:20:53,46.79493,-71.38422,49.0,1.0,SKT-4016,1,1,GYYR
09/08/2025,20:21:00,46.79483,-71.38396,49.0,1.0,SKT-4016,1,1,GYYR
09/08/2025,20:21:07,46.79494,-71.38361,49.0,1.0,SKT-4016,1,1,GYYR
09/08/2025,20:21:15,46.7952,-71.38324,49.0,1.0,SKT-4016,1,1,GYYR
09/08/2025,20:21:23,46.79555,-71.38303,48.0,1.0,SKT-4016,1,1,GYYR
09/08/2025,20:21:30,46.79583,-71.38287,48.0,1.0,SKT-4016,1,1,GYYR
09/08/2025,20:21:37,46.79605,-71.38259,48.0,1.0,SKT-4016,1,1,GYYR
09/08/2025,20:21:45,46.79629,-71.38226,47.0,1.0,SKT-4016,1,1,GYYR
09/08/2025,20:21:53,46.7965,-71.38195,47.0,1.0,SKT-4016,1,1,GYYR
09/08/2025,20:22:00,46.79665,-71.38173,47.0,1.0,SKT-4016,1,1,GYYR
09/08/2025,20:22:07,46.79681,-71.38149,47.0,1.0,SKT-4016,1,1,GYYR
09/08/2025,20:22:14,46.797,-71.38121,47.0,1.0,SKT-4016,1,1,GYYR
09/08/2025,20:22:22,46.79724,-71.38087,47.0,1.0,SKT-4016,1,1,GYYR
09/08/2025,20:22:29,46.79743,-71.38067,47.0,1.0,SKT-4016,1,1,GYYR
09/08/2025,20:22:36,46.79763,-71.38055,47.0,1.0,SKT-4016,1,1,GYYR
09/08/2025,20:22:44,46.79789,-71.3805,46.0,1.0,SKT-4016,1,1,GYYR
09/08/2025,20:22:52,46.7982,-71.38049,46.0,1.0,SKT-4016,1,1,GYYR
09/08/2025,20:22:59,46.7985,-71.38049,46.0,1.0,SKT-4016,1,1,GYYR
09/08/2025,20:23:06,46.79869,-71.38049,46.0,1.0,SKT-4016,1,1,GYYR
09/08/2025,20:23:14,46.79877,-71.38049,45.0,1.0,SKT-4016,1,1,GYYR
09/08/2025,20:23:22,46.79877,-71.38048,45.0,1.0,SKT-4016,1,1,GYYR
09/08/2025,20:23:30,46.79883,-71.38048,44.0,1.0,SKT-4016,1,1,GYYR
09/08/2025,20:23:37,46.79905,-71.38049,44.0,1.0,SKT-4016,1,1,GYYR
09/08/2025,20:23:44,46.79937,-71.38054,44.0,1.0,SKT-4016,1,1,GYYR
09/08/2025,20:23:51,46.79962,-71.3808,45.0,1.0,SKT-4016,1,1,GYYR
09/08/2025,20:23:59,46.79975,-71.3812,44.0,1.0,SKT-4016,1,1,GYYR
09/08/2025,20:24:06,46.7997,-71.38143,45.0,1.0,SKT-4016,1,1,GYYR
09/08/2025,20:24:13,46.79961,-71.38156,45.0,1.0,SKT-4016,1,1,GYYR
09/08/2025,20:24:21,46.79943,-71.38183,46.0,1.0,SKT-4016,1,1,GYYR
09/08/2025,20:24:28,46.79843,-71.38327,48.0,1.0,SKT-4016,1,1,GYYR
09/08/2025,20:24:36,46.79609,-71.38664,51.0,1.0,SKT-4016,1,1,GYYR
09/08/2025,20:24:43,46.79316,-71.39079,62.0,0.0,SKT-4016,1,1,GYYR
09/08/2025,20:24:51,46.78924,-71.39605,139.0,0.0,SKT-4016,1,1,GYYR
09/08/2025,20:24:58,46.78524,-71.40041,219.0,0.0,SKT-4016,1,1,GYYR
09/08/2025,20:25:05,46.78028,-71.40351,290.0,0.0,SKT-4016,1,1,GYYR
09/08/2025,20:25:13,46.77401,-71.40602,402.0,0.0,SKT-4016,1,1,GYYR
09/08/2025,20:25:20,46.76825,-71.40791,491.0,0.0,SKT-4016,1,1,GYYR
09/08/2025,20:25:28,46.7613,-71.41009,579.0,0.0,SKT-4016,1,1,GYYR
09/08/2025,20:25:35,46.75497,-71.41189,669.0,0.0,SKT-4016,1,1,GYYR
09/08/2025,20:25:43,46.74766,-71.41383,787.0,0.0,SKT-4016,1,1,GYYR
09/08/2025,20:25:51,46.74028,-71.41567,900.0,0.0,SKT-4016,1,1,GYYR
09/08/2025,20:26:00,46.73193,-71.41785,1029.0,0.0,SKT-4016,1,1,GYYR
09/08/2025,20:26:08,46.72452,-71.4201,1147.0,0.0,SKT-4016,1,0,GYYR
09/08/2025,20:26:16,46.71708,-71.42239,1264.0,0.0,SKT-4016,1,0,GYYR
09/08/2025,20:26:24,46.70959,-71.42461,1383.0,0.0,SKT-4016,1,0,GYYR
09/08/2025,20:26:32,46.70209,-71.42685,1501.0,0.0,SKT-4016,1,0,GYYR
09/08/2025,20:26:40,46.69455,-71.42912,1614.0,0.0,SKT-4016,1,0,GYYR
09/08/2025,20:26:48,46.68693,-71.43119,1730.0,0.0,SKT-4016,1,0,GYYR
09/08/2025,20:26:56,46.67915,-71.43246,1847.0,0.0,SKT-4016,1,0,GYYR
09/08/2025,20:27:03,46.67225,-71.43301,1948.0,0.0,SKT-4016,1,1,GYYR
09/08/2025,20:27:11,46.66426,-71.43321,2059.0,0.0,SKT-4016,1,1,GYYR
09/08/2025,20:27:18,46.6572,-71.43324,2153.0,0.0,SKT-4016,1,1,GYYR
09/08/2025,20:27:25,46.65018,-71.43433,2242.0,0.0,SKT-4016,1,1,GYYR
09/08/2025,20:27:33,46.64257,-71.43822,2325.0,0.0,SKT-4016,1,0,GYYR
09/08/2025,20:27:41,46.63559,-71.44444,2401.0,0.0,SKT-4016,1,0,GYYR
09/08/2025,20:27:49,46.62924,-71.45214,2487.0,0.0,SKT-4016,1,0,GYYR
09/08/2025,20:27:57,46.62329,-71.46068,2576.0,0.0,SKT-4016,1,0,GYYR
09/08/2025,20:28:05,46.61752,-71.46967,2662.0,0.0,SKT-4016,1,0,GYYR
09/08/2025,20:28:14,46.61096,-71.48022,2735.0,0.0,SKT-4016,1,1,GYYR
09/08/2025,20:28:22,46.60504,-71.48988,2808.0,0.0,SKT-4016,1,0,GYYR
09/08/2025,20:28:30,46.599,-71.49968,2884.0,0.0,SKT-4016,1,0,GYYR
09/08/2025,20:28:38,46.5928,-71.50953,2966.0,0.0,SKT-4016,1,0,GYYR
09/08/2025,20:28:46,46.58646,-71.51937,3049.0,0.0,SKT-4016,1,0,GYYR
09/08/2025,20:28:54,46.58001,-71.5292,3132.0,0.0,SKT-4016,1,0,GYYR
09/08/2025,20:29:02,46.57347,-71.53899,3218.0,0.0,SKT-4016,1,0,GYYR
09/08/2025,20:29:10,46.56687,-71.54875,3305.0,0.0,SKT-4016,1,0,GYYR
09/08/2025,20:29:18,46.5602,-71.55852,3390.0,0.0,SKT-4016,1,0,GYYR
09/08/2025,20:29:26,46.5535,-71.56831,3476.0,0.0,SKT-4016,1,0,GYYR
09/08/2025,20:29:34,46.54678,-71.57811,3562.0,0.0,SKT-4016,1,0,GYYR
09/08/2025,20:29:42,46.54004,-71.58794,3647.0,0.0,SKT-4016,1,0,GYYR
09/08/2025,20:29:50,46.53325,-71.59779,3727.0,0.0,SKT-4016,1,0,GYYR
09/08/2025,20:29:57,46.52719,-71.60647,3765.0,0.0,SKT-4016,1,0,GYYR
09/08/2025,20:30:04,46.52095,-71.61532,3777.0,0.0,SKT-4016,1,0,GYYR
09/08/2025,20:30:12,46.51364,-71.62573,3788.0,0.0,SKT-4016,1,0,GYYR
09/08/2025,20:30:19,46.50707,-71.63508,3793.0,0.0,SKT-4016,1,0,GYYR
09/08/2025,20:30:26,46.50033,-71.64463,3793.0,0.0,SKT-4016,1,0,GYYR
09/08/2025,20:30:33,46.49347,-71.6544,3792.0,0.0,SKT-4016,1,0,GYYR
09/08/2025,20:30:40,46.48649,-71.66438,3794.0,0.0,SKT-4016,1,0,GYYR
09/08/2025,20:30:47,46.47932,-71.67442,3796.0,0.0,SKT-4016,1,0,GYYR
09/08/2025,20:30:54,46.47195,-71.68446,3796.0,0.0,SKT-4016,1,0,GYYR
09/08/2025,20:31:01,46.46448,-71.6946,3796.0,0.0,SKT-4016,1,0,GYYR
09/08/2025,20:31:08,46.45697,-71.70493,3797.0,0.0,SKT-4016,1,0,GYYR
09/08/2025,20:31:15,46.44946,-71.71545,3799.0,0.0,SKT-4016,1,0,GYYR
09/08/2025,20:31:22,46.44196,-71.72615,3800.0,0.0,SKT-4016,1,0,GYYR
09/08/2025,20:31:29,46.4345,-71.73705,3800.0,0.0,SKT-4016,1,0,GYYR
09/08/2025,20:31:36,46.42709,-71.74813,3799.0,0.0,SKT-4016,1,0,GYYR
09/08/2025,20:31:43,46.41969,-71.75928,3800.0,0.0,SKT-4016,1,0,GYYR
09/08/2025,20:31:50,46.41236,-71.77045,3799.0,0.0,SKT-4016,1,0,GYYR
09/08/2025,20:31:57,46.40506,-71.78158,3800.0,0.0,SKT-4016,1,0,GYYR
09/08/2025,20:32:04,46.39773,-71.79259,3799.0,0.0,SKT-4016,1,0,GYYR
09/08/2025,20:32:11,46.3903,-71.80344,3799.0,0.0,SKT-4016,1,0,GYYR
09/08/2025,20:32:18,46.38273,-71.81406,3799.0,0.0,SKT-4016,1,0,GYYR
09/08/2025,20:32:25,46.37505,-71.82446,3800.0,0.0,SKT-4016,1,0,GYYR
09/08/2025,20:32:32,46.36735,-71.83474,3801.0,0.0,SKT-4016,1,0,GYYR
09/08/2025,20:32:39,46.35974,-71.84505,3800.0,0.0,SKT-4016,1,0,GYYR
09/08/2025,20:32:46,46.35221,-71.85538,3800.0,0.0,SKT-4016,1,0,GYYR
09/08/2025,20:32:54,46.34366,-71.86717,3800.0,0.0,SKT-4016,1,0,GYYR
09/08/2025,20:33:01,46.3362,-71.87743,3801.0,0.0,SKT-4016,1,0,GYYR
09/08/2025,20:33:08,46.32872,-71.88759,3800.0,0.0,SKT-4016,1,0,GYYR
09/08/2025,20:33:16,46.32018,-71.89915,3800.0,0.0,SKT-4016,1,0,GYYR
09/08/2025,20:33:23,46.31275,-71.90926,3800.0,0.0,SKT-4016,1,0,GYYR
09/08/2025,20:33:30,46.30537,-71.91939,3799.0,0.0,SKT-4016,1,0,GYYR
09/08/2025,20:33:37,46.29802,-71.9295,3800.0,0.0,SKT-4016,1,0,GYYR
09/08/2025,20:33:44,46.29069,-71.93962,3800.0,0.0,SKT-4016,1,0,GYYR
09/08/2025,20:33:51,46.28336,-71.9497,3800.0,0.0,SKT-4016,1,0,GYYR
09/08/2025,20:33:58,46.27603,-71.95975,3801.0,0.0,SKT-4016,1,0,GYYR
09/08/2025,20:34:05,46.26871,-71.96976,3800.0,0.0,SKT-4016,1,0,GYYR
09/08/2025,20:34:12,46.26143,-71.97979,3800.0,0.0,SKT-4016,1,0,GYYR
09/08/2025,20:34:20,46.25315,-71.99126,3799.0,0.0,SKT-4016,1,0,GYYR
09/08/2025,20:34:27,46.24592,-72.00134,3799.0,0.0,SKT-4016,1,0,GYYR
09/08/2025,20:34:35,46.23766,-72.01283,3799.0,0.0,SKT-4016,1,0,GYYR
09/08/2025,20:34:43,46.2294,-72.0243,3800.0,0.0,SKT-4016,1,0,GYYR
09/08/2025,20:34:50,46.22217,-72.03432,3800.0,0.0,SKT-4016,1,0,GYYR
09/08/2025,20:34:57,46.21486,-72.04431,3801.0,0.0,SKT-4016,1,0,GYYR
09/08/2025,20:35:04,46.20745,-72.05426,3801.0,0.0,SKT-4016,1,0,GYYR
09/08/2025,20:35:11,46.19995,-72.06418,3801.0,0.0,SKT-4016,1,0,GYYR
09/08/2025,20:35:18,46.19238,-72.0741,3801.0,0.0,SKT-4016,1,0,GYYR
09/08/2025,20:35:25,46.18481,-72.0841,3801.0,0.0,SKT-4016,1,0,GYYR
09/08/2025,20:35:32,46.17727,-72.09423,3800.0,0.0,SKT-4016,1,0,GYYR
09/08/2025,20:35:39,46.16973,-72.10445,3801.0,0.0,SKT-4016,1,0,GYYR
09/08/2025,20:35:47,46.16113,-72.11621,3800.0,0.0,SKT-4016,1,0,GYYR
09/08/2025,20:35:54,46.15361,-72.12658,3800.0,0.0,SKT-4016,1,0,GYYR
09/08/2025,20:36:01,46.14611,-72.13701,3800.0,0.0,SKT-4016,1,0,GYYR
09/08/2025,20:36:08,46.13863,-72.14751,3799.0,0.0,SKT-4016,1,0,GYYR
09/08/2025,20:36:16,46.13005,-72.15955,3800.0,0.0,SKT-4016,1,0,GYYR
09/08/2025,20:36:23,46.12252,-72.17008,3801.0,0.0,SKT-4016,1,0,GYYR
09/08/2025,20:36:30,46.11497,-72.18062,3801.0,0.0,SKT-4016,1,0,GYYR
09/08/2025,20:36:37,46.10738,-72.19115,3800.0,0.0,SKT-4016,1,0,GYYR
09/08/2025,20:36:45,46.09874,-72.20324,3800.0,0.0,SKT-4016,1,0,GYYR
09/08/2025,20:36:52,46.09119,-72.21386,3801.0,0.0,SKT-4016,1,0,GYYR
09/08/2025,20:36:59,46.08362,-72.22449,3801.0,0.0,SKT-4016,1,0,GYYR
09/08/2025,20:37:06,46.07598,-72.23508,3801.0,0.0,SKT-4016,1,0,GYYR
09/08/2025,20:37:14,46.06722,-72.24707,3802.0,0.0,SKT-4016,1,0,GYYR
09/08/2025,20:37:21,46.05957,-72.25755,3802.0,0.0,SKT-4016,1,0,GYYR
09/08/2025,20:37:28,46.05193,-72.26799,3800.0,0.0,SKT-4016,1,0,GYYR
09/08/2025,20:37:35,46.0443,-72.27838,3799.0,0.0,SKT-4016,1,0,GYYR
09/08/2025,20:37:42,46.03668,-72.2887,3799.0,0.0,SKT-4016,1,0,GYYR
09/08/2025,20:37:49,46.02908,-72.29895,3799.0,0.0,SKT-4016,1,0,GYYR
09/08/2025,20:37:56,46.02148,-72.30917,3799.0,0.0,SKT-4016,1,0,GYYR
09/08/2025,20:38:03,46.0139,-72.31937,3799.0,0.0,SKT-4016,1,0,GYYR
09/08/2025,20:38:10,46.00632,-72.32951,3800.0,0.0,SKT-4016,1,0,GYYR
09/08/2025,20:38:17,45.99875,-72.33962,3800.0,0.0,SKT-4016,1,0,GYYR
09/08/2025,20:38:24,45.9912,-72.34971,3799.0,0.0,SKT-4016,1,0,GYYR
09/08/2025,20:38:31,45.98366,-72.35979,3799.0,0.0,SKT-4016,1,0,GYYR
09/08/2025,20:38:38,45.9761,-72.36985,3799.0,0.0,SKT-4016,1,0,GYYR
09/08/2025,20:38:45,45.96851,-72.37988,3799.0,0.0,SKT-4016,1,0,GYYR
09/08/2025,20:38:52,45.96091,-72.38991,3799.0,0.0,SKT-4016,1,0,GYYR
09/08/2025,20:38:59,45.95342,-72.40011,3798.0,0.0,SKT-4016,1,0,GYYR
09/08/2025,20:39:06,45.94667,-72.41128,3799.0,0.0,SKT-4016,1,0,GYYR
09/08/2025,20:39:14,45.94006,-72.42519,3802.0,0.0,SKT-4016,1,0,GYYR
09/08/2025,20:39:22,45.93424,-72.43977,3802.0,0.0,SKT-4016,1,0,GYYR
09/08/2025,20:39:29,45.92946,-72.45281,3801.0,0.0,SKT-4016,1,0,GYYR
09/08/2025,20:39:36,45.92484,-72.46598,3801.0,0.0,SKT-4016,1,0,GYYR
09/08/2025,20:39:44,45.91964,-72.48114,3799.0,0.0,SKT-4016,1,0,GYYR
09/08/2025,20:39:51,45.9151,-72.49443,3799.0,0.0,SKT-4016,1,0,GYYR
09/08/2025,20:39:58,45.91054,-72.5077,3800.0,0.0,SKT-4016,1,0,GYYR
09/08/2025,20:40:05,45.90593,-72.52094,3800.0,0.0,SKT-4016,1,0,GYYR
09/08/2025,20:40:12,45.90129,-72.53416,3802.0,0.0,SKT-4016,1,0,GYYR
09/08/2025,20:40:19,45.89663,-72.54739,3792.0,0.0,SKT-4016,1,0,GYYR
09/08/2025,20:40:26,45.89198,-72.56062,3771.0,0.0,SKT-4016,1,0,GYYR
09/08/2025,20:40:33,45.88738,-72.57384,3749.0,0.0,SKT-4016,1,0,GYYR
09/08/2025,20:40:40,45.88279,-72.58701,3727.0,0.0,SKT-4016,1,0,GYYR
09/08/2025,20:40:47,45.87812,-72.60009,3704.0,0.0,SKT-4016,1,0,GYYR
09/08/2025,20:40:54,45.87338,-72.61309,3682.0,0.0,SKT-4016,1,0,GYYR
09/08/2025,20:41:01,45.86858,-72.62605,3660.0,0.0,SKT-4016,1,0,GYYR
09/08/2025,20:41:08,45.86373,-72.63896,3637.0,0.0,SKT-4016,1,0,GYYR
09/08/2025,20:41:15,45.85885,-72.65184,3614.0,0.0,SKT-4016,1,0,GYYR
09/08/2025,20:41:22,45.85396,-72.66466,3592.0,0.0,SKT-4016,1,0,GYYR
09/08/2025,20:41:29,45.84908,-72.67741,3570.0,0.0,SKT-4016,1,0,GYYR
09/08/2025,20:41:36,45.84419,-72.69009,3547.0,0.0,SKT-4016,1,0,GYYR
09/08/2025,20:41:44,45.83848,-72.70444,3520.0,0.0,SKT-4016,1,0,GYYR
09/08/2025,20:41:51,45.83342,-72.71689,3496.0,0.0,SKT-4016,1,0,GYYR
09/08/2025,20:41:58,45.82838,-72.72932,3473.0,0.0,SKT-4016,1,0,GYYR
09/08/2025,20:42:06,45.82275,-72.74355,3449.0,0.0,SKT-4016,1,0,GYYR
09/08/2025,20:42:14,45.81723,-72.7578,3423.0,0.0,SKT-4016,1,0,GYYR
09/08/2025,20:42:21,45.81247,-72.77029,3403.0,0.0,SKT-4016,1,0,GYYR
09/08/2025,20:42:28,45.80779,-72.78277,3379.0,0.0,SKT-4016,1,0,GYYR
09/08/2025,20:42:35,45.8033,-72.79518,3356.0,0.0,SKT-4016,1,0,GYYR
09/08/2025,20:42:42,45.79902,-72.80752,3332.0,0.0,SKT-4016,1,0,GYYR
09/08/2025,20:42:49,45.79482,-72.8197,3308.0,0.0,SKT-4016,1,0,GYYR
09/08/2025,20:42:57,45.78994,-72.83334,3281.0,0.0,SKT-4016,1,0,GYYR
09/08/2025,20:43:04,45.78543,-72.84495,3257.0,0.0,SKT-4016,1,0,GYYR
09/08/2025,20:43:11,45.78083,-72.85632,3233.0,0.0,SKT-4016,1,0,GYYR
09/08/2025,20:43:18,45.77626,-72.86761,3210.0,0.0,SKT-4016,1,0,GYYR
09/08/2025,20:43:25,45.77168,-72.87888,3187.0,0.0,SKT-4016,1,0,GYYR
09/08/2025,20:43:32,45.76707,-72.89016,3165.0,0.0,SKT-4016,1,0,GYYR
09/08/2025,20:43:39,45.76251,-72.9015,3145.0,0.0,SKT-4016,1,0,GYYR
09/08/2025,20:43:46,45.75806,-72.91292,3124.0,0.0,SKT-4016,1,0,GYYR
09/08/2025,20:43:53,45.75368,-72.92442,3103.0,0.0,SKT-4016,1,0,GYYR
09/08/2025,20:44:00,45.74933,-72.93595,3080.0,0.0,SKT-4016,1,0,GYYR
09/08/2025,20:44:07,45.74502,-72.94752,3058.0,0.0,SKT-4016,1,0,GYYR
09/08/2025,20:44:15,45.74012,-72.96074,3034.0,0.0,SKT-4016,1,0,GYYR
09/08/2025,20:44:22,45.73585,-72.97231,3011.0,0.0,SKT-4016,1,0,GYYR
09/08/2025,20:44:29,45.7316,-72.98392,2989.0,0.0,SKT-4016,1,0,GYYR
09/08/2025,20:44:36,45.72745,-72.9956,2967.0,0.0,SKT-4016,1,0,GYYR
09/08/2025,20:44:43,45.72343,-73.00732,2945.0,0.0,SKT-4016,1,0,GYYR
09/08/2025,20:44:50,45.7199,-73.01927,2920.0,0.0,SKT-4016,1,0,GYYR
09/08/2025,20:44:58,45.71678,-73.03331,2896.0,0.0,SKT-4016,1,0,GYYR
09/08/2025,20:45:05,45.71419,-73.04559,2874.0,0.0,SKT-4016,1,0,GYYR
09/08/2025,20:45:12,45.71136,-73.05773,2852.0,0.0,SKT-4016,1,0,GYYR
09/08/2025,20:45:19,45.70825,-73.06967,2828.0,0.0,SKT-4016,1,0,GYYR
09/08/2025,20:45:26,45.70502,-73.08144,2803.0,0.0,SKT-4016,1,0,GYYR
09/08/2025,20:45:33,45.70184,-73.09313,2777.0,0.0,SKT-4016,1,0,GYYR
09/08/2025,20:45:40,45.69874,-73.10474,2752.0,0.0,SKT-4016,1,0,GYYR
09/08/2025,20:45:47,45.6958,-73.11617,2724.0,0.0,SKT-4016,1,0,GYYR
09/08/2025,20:45:54,45.69299,-73.12737,2686.0,0.0,SKT-4016,1,0,GYYR
09/08/2025,20:46:01,45.69014,-73.13835,2647.0,0.0,SKT-4016,1,0,GYYR
09/08/2025,20:46:08,45.68721,-73.14907,2606.0,0.0,SKT-4016,1,0,GYYR
09/08/2025,20:46:15,45.6843,-73.15956,2570.0,0.0,SKT-4016,1,0,GYYR
09/08/2025,20:46:22,45.68146,-73.16983,2532.0,0.0,SKT-4016,1,0,GYYR
09/08/2025,20:46:29,45.67867,-73.17995,2495.0,0.0,SKT-4016,1,0,GYYR
09/08/2025,20:46:36,45.6758,-73.19002,2461.0,0.0,SKT-4016,1,0,GYYR
09/08/2025,20:46:44,45.67254,-73.20148,2419.0,0.0,SKT-4016,1,0,GYYR
09/08/2025,20:46:51,45.66968,-73.21156,2384.0,0.0,SKT-4016,1,0,GYYR
09/08/2025,20:46:58,45.66669,-73.2216,2347.0,0.0,SKT-4016,1,0,GYYR
09/08/2025,20:47:05,45.66278,-73.23101,2311.0,0.0,SKT-4016,1,0,GYYR
09/08/2025,20:47:13,45.65752,-73.24092,2268.0,0.0,SKT-4016,1,0,GYYR
09/08/2025,20:47:20,45.6527,-73.24931,2231.0,0.0,SKT-4016,1,0,GYYR
09/08/2025,20:47:27,45.64787,-73.25762,2192.0,0.0,SKT-4016,1,0,GYYR
09/08/2025,20:47:34,45.64307,-73.26589,2155.0,0.0,SKT-4016,1,0,GYYR
09/08/2025,20:47:42,45.63767,-73.27529,2112.0,0.0,SKT-4016,1,0,GYYR
09/08/2025,20:47:49,45.63306,-73.28349,2075.0,0.0,SKT-4016,1,0,GYYR
09/08/2025,20:47:56,45.62853,-73.29169,2038.0,0.0,SKT-4016,1,0,GYYR
09/08/2025,20:48:03,45.62396,-73.29991,2003.0,0.0,SKT-4016,1,0,GYYR
09/08/2025,20:48:10,45.61933,-73.30817,1967.0,0.0,SKT-4016,1,0,GYYR
09/08/2025,20:48:17,45.61475,-73.3165,1929.0,0.0,SKT-4016,1,0,GYYR
09/08/2025,20:48:24,45.61023,-73.32484,1892.0,0.0,SKT-4016,1,0,GYYR
09/08/2025,20:48:31,45.60573,-73.33315,1853.0,0.0,SKT-4016,1,0,GYYR
09/08/2025,20:48:38,45.60127,-73.34141,1817.0,0.0,SKT-4016,1,0,GYYR
09/08/2025,20:48:45,45.59693,-73.34969,1778.0,0.0,SKT-4016,1,0,GYYR
09/08/2025,20:48:52,45.59353,-73.35871,1738.0,0.0,SKT-4016,1,0,GYYR
09/08/2025,20:48:59,45.59182,-73.36856,1702.0,0.0,SKT-4016,1,0,GYYR
09/08/2025,20:49:06,45.59198,-73.37872,1664.0,0.0,SKT-4016,1,0,GYYR
09/08/2025,20:49:13,45.59407,-73.38831,1624.0,0.0,SKT-4016,1,0,GYYR
09/08/2025,20:49:20,45.598,-73.39648,1584.0,0.0,SKT-4016,1,0,GYYR
09/08/2025,20:49:27,45.60339,-73.40262,1542.0,0.0,SKT-4016,1,0,GYYR
09/08/2025,20:49:34,45.60979,-73.40612,1505.0,0.0,SKT-4016,1,0,GYYR
09/08/2025,20:49:41,45.6166,-73.40669,1471.0,0.0,SKT-4016,1,0,GYYR
09/08/2025,20:49:48,45.62345,-73.40485,1435.0,0.0,SKT-4016,1,0,GYYR
09/08/2025,20:49:55,45.63032,-73.40186,1403.0,0.0,SKT-4016,1,0,GYYR
09/08/2025,20:50:02,45.63723,-73.39844,1366.0,0.0,SKT-4016,1,0,GYYR
09/08/2025,20:50:09,45.64409,-73.39481,1327.0,0.0,SKT-4016,1,0,GYYR
09/08/2025,20:50:16,45.65077,-73.39111,1290.0,0.0,SKT-4016,1,0,GYYR
09/08/2025,20:50:23,45.65736,-73.38744,1277.0,0.0,SKT-4016,1,0,GYYR
09/08/2025,20:50:31,45.66496,-73.38354,1269.0,0.0,SKT-4016,1,0,GYYR
09/08/2025,20:50:38,45.67192,-73.38181,1264.0,0.0,SKT-4016,1,0,GYYR
09/08/2025,20:50:45,45.67886,-73.38268,1262.0,0.0,SKT-4016,1,0,GYYR
09/08/2025,20:50:52,45.68525,-73.38612,1262.0,0.0,SKT-4016,1,0,GYYR
09/08/2025,20:50:59,45.69061,-73.39181,1263.0,0.0,SKT-4016,1,0,GYYR
09/08/2025,20:51:06,45.69456,-73.39931,1264.0,0.0,SKT-4016,1,0,GYYR
09/08/2025,20:51:13,45.69685,-73.40802,1259.0,0.0,SKT-4016,1,0,GYYR
09/08/2025,20:51:20,45.69712,-73.41727,1240.0,0.0,SKT-4016,1,0,GYYR
09/08/2025,20:51:27,45.69513,-73.42606,1218.0,0.0,SKT-4016,1,0,GYYR
09/08/2025,20:51:34,45.69147,-73.43364,1194.0,0.0,SKT-4016,1,0,GYYR
09/08/2025,20:51:41,45.68708,-73.44049,1170.0,0.0,SKT-4016,1,0,GYYR
09/08/2025,20:51:48,45.68252,-73.44701,1141.0,0.0,SKT-4016,1,0,GYYR
09/08/2025,20:51:55,45.67797,-73.45327,1111.0,0.0,SKT-4016,1,0,GYYR
09/08/2025,20:52:02,45.67338,-73.45923,1085.0,0.0,SKT-4016,1,0,GYYR
09/08/2025,20:52:09,45.66873,-73.46503,1054.0,0.0,SKT-4016,1,0,GYYR
09/08/2025,20:52:16,45.66391,-73.47065,1027.0,0.0,SKT-4016,1,0,GYYR
09/08/2025,20:52:23,45.65904,-73.47621,1011.0,0.0,SKT-4016,1,0,GYYR
09/08/2025,20:52:30,45.65413,-73.48186,994.0,0.0,SKT-4016,1,0,GYYR
09/08/2025,20:52:37,45.64924,-73.48768,981.0,0.0,SKT-4016,1,0,GYYR
09/08/2025,20:52:44,45.64442,-73.49373,966.0,0.0,SKT-4016,1,0,GYYR
09/08/2025,20:52:51,45.63979,-73.49999,952.0,0.0,SKT-4016,1,0,GYYR
09/08/2025,20:52:58,45.63519,-73.50635,946.0,0.0,SKT-4016,1,0,GYYR
09/08/2025,20:53:05,45.6307,-73.51271,940.0,0.0,SKT-4016,1,0,GYYR
09/08/2025,20:53:14,45.625,-73.52087,940.0,0.0,SKT-4016,1,0,GYYR
09/08/2025,20:53:21,45.62053,-73.52712,944.0,0.0,SKT-4016,1,0,GYYR
09/08/2025,20:53:28,45.61602,-73.53328,938.0,0.0,SKT-4016,1,0,GYYR
09/08/2025,20:53:35,45.61147,-73.53939,930.0,0.0,SKT-4016,1,0,GYYR
09/08/2025,20:53:42,45.60687,-73.54542,926.0,0.0,SKT-4016,1,0,GYYR
09/08/2025,20:53:49,45.60247,-73.55134,925.0,0.0,SKT-4016,1,0,GYYR
09/08/2025,20:53:56,45.59838,-73.55695,926.0,0.0,SKT-4016,1,0,GYYR
09/08/2025,20:54:03,45.59447,-73.56217,927.0,0.0,SKT-4016,1,0,GYYR
09/08/2025,20:54:10,45.59051,-73.5671,919.0,0.0,SKT-4016,1,0,GYYR
09/08/2025,20:54:17,45.58647,-73.57201,898.0,0.0,SKT-4016,1,0,GYYR
09/08/2025,20:54:24,45.58242,-73.57709,874.0,0.0,SKT-4016,1,0,GYYR
09/08/2025,20:54:31,45.57855,-73.58233,842.0,0.0,SKT-4016,1,0,GYYR
09/08/2025,20:54:38,45.57482,-73.58754,813.0,0.0,SKT-4016,1,0,GYYR
09/08/2025,20:54:45,45.57103,-73.59264,785.0,0.0,SKT-4016,1,0,GYYR
09/08/2025,20:54:52,45.56719,-73.59765,762.0,0.0,SKT-4016,1,0,GYYR
09/08/2025,20:54:59,45.56351,-73.60258,729.0,0.0,SKT-4016,1,0,GYYR
09/08/2025,20:55:06,45.5599,-73.60732,703.0,0.0,SKT-4016,1,0,GYYR
09/08/2025,20:55:14,45.55564,-73.6128,667.0,0.0,SKT-4016,1,0,GYYR
09/08/2025,20:55:21,45.55185,-73.61771,633.0,0.0,SKT-4016,1,0,GYYR
09/08/2025,20:55:28,45.54819,-73.62254,597.0,0.0,SKT-4016,1,0,GYYR
09/08/2025,20:55:35,45.5446,-73.62733,573.0,0.0,SKT-4016,1,0,GYYR
09/08/2025,20:55:43,45.54031,-73.63288,538.0,0.0,SKT-4016,1,0,GYYR
09/08/2025,20:55:51,45.53595,-73.63847,505.0,0.0,SKT-4016,1,0,GYYR
09/08/2025,20:55:58,45.53227,-73.64346,471.0,0.0,SKT-4016,1,0,GYYR
09/08/2025,20:56:05,45.52867,-73.64841,435.0,0.0,SKT-4016,1,0,GYYR
09/08/2025,20:56:12,45.52516,-73.65305,411.0,0.0,SKT-4016,1,0,GYYR
09/08/2025,20:56:19,45.52168,-73.65744,380.0,0.0,SKT-4016,1,0,GYYR
09/08/2025,20:56:26,45.51829,-73.66174,352.0,0.0,SKT-4016,1,0,GYYR
09/08/2025,20:56:33,45.51505,-73.66597,325.0,0.0,SKT-4016,1,0,GYYR
09/08/2025,20:56:40,45.51185,-73.67007,298.0,0.0,SKT-4016,1,0,GYYR
09/08/2025,20:56:47,45.50875,-73.67414,275.0,0.0,SKT-4016,1,0,GYYR
09/08/2025,20:56:54,45.50573,-73.67822,251.0,0.0,SKT-4016,1,0,GYYR
09/08/2025,20:57:01,45.5027,-73.68224,226.0,0.0,SKT-4016,1,0,GYYR
09/08/2025,20:57:08,45.49964,-73.68627,201.0,0.0,SKT-4016,1,0,GYYR
09/08/2025,20:57:15,45.49651,-73.69036,175.0,0.0,SKT-4016,1,0,GYYR
09/08/2025,20:57:22,45.49335,-73.69444,151.0,0.0,SKT-4016,1,0,GYYR
09/08/2025,20:57:29,45.49025,-73.69852,129.0,0.0,SKT-4016,1,0,GYYR
09/08/2025,20:57:36,45.48721,-73.70263,101.0,0.0,SKT-4016,1,0,GYYR
09/08/2025,20:57:44,45.48371,-73.70728,75.0,0.0,SKT-4016,1,0,GYYR
09/08/2025,20:57:51,45.48063,-73.71127,51.0,0.0,SKT-4016,1,0,GYYR
09/08/2025,20:57:58,45.4776,-73.71523,26.0,0.0,SKT-4016,1,0,GYYR
09/08/2025,20:58:05,45.47462,-73.71915,11.0,0.0,SKT-4016,1,0,GYYR
09/08/2025,20:58:13,45.47149,-73.72328,9.0,0.0,SKT-4016,1,0,GYYR
09/08/2025,20:58:20,45.46931,-73.72612,8.0,1.0,SKT-4016,1,0,GYYR
09/08/2025,20:58:27,45.46772,-73.72821,8.0,1.0,SKT-4016,1,0,GYYR
09/08/2025,20:58:34,45.46636,-73.73,7.0,1.0,SKT-4016,1,0,GYYR
09/08/2025,20:58:44,45.46453,-73.73241,7.0,1.0,SKT-4016,1,1,GYYR
09/08/2025,20:58:51,45.46333,-73.73398,7.0,1.0,SKT-4016,1,1,GYYR
09/08/2025,20:58:58,45.46239,-73.73521,7.0,1.0,SKT-4016,1,1,GYYR
09/08/2025,20:59:06,45.4617,-73.73631,6.0,1.0,SKT-4016,1,1,GYYR
09/08/2025,20:59:13,45.46154,-73.7372,5.0,1.0,SKT-4016,1,1,GYYR
09/08/2025,20:59:21,45.46151,-73.73804,6.0,1.0,SKT-4016,1,1,GYYR
09/08/2025,20:59:29,45.46148,-73.73878,6.0,1.0,SKT-4016,1,1,GYYR
09/08/2025,20:59:36,45.46146,-73.73923,6.0,1.0,SKT-4016,1,1,GYYR
09/08/2025,20:59:45,45.46143,-73.74003,6.0,1.0,SKT-4016,1,1,GYYR
09/08/2025,20:59:53,45.46139,-73.74098,5.0,1.0,SKT-4016,1,1,GYYR
09/08/2025,21:00:01,45.46133,-73.74184,5.0,1.0,SKT-4016,1,1,GYYR
09/08/2025,21:00:09,45.46103,-73.7424,5.0,1.0,SKT-4016,1,1,GYYR
09/08/2025,21:00:40,45.45983,-73.74471,4.0,1.0,SKT-4016,1,1,GYYR
09/08/2025,21:00:47,45.45969,-73.74525,5.0,1.0,SKT-4016,1,1,GYYR
09/08/2025,21:00:55,45.45958,-73.74579,5.0,1.0,SKT-4016,1,1,GYYR
09/08/2025,21:01:03,45.45958,-73.74623,5.0,1.0,SKT-4016,1,1,GYYR
09/08/2025,21:01:12,45.45982,-73.74646,5.0,1.0,SKT-4016,1,1,GYYR
09/08/2025,21:01:21,45.46001,-73.74651,4.0,1.0,SKT-4016,1,1,GYYR
09/08/2025,21:01:30,45.46009,-73.74653,4.0,1.0,SKT-4016,1,1,GYYR
09/08/2025,21:01:38,45.46009,-73.74653,4.0,1.0,SKT-4016,1,1,GYYR
09/08/2025,21:01:46,45.46009,-73.74653,5.0,1.0,SKT-4016,1,1,GYYR
09/08/2025,21:01:54,45.46009,-73.74654,5.0,1.0,SKT-4016,1,1,GYYR
09/08/2025,21:02:03,45.46009,-73.74654,6.0,1.0,SKT-4016,1,1,GYYR
09/08/2025,21:02:11,45.46009,-73.74654,6.0,1.0,SKT-4016,1,1,GYYR
09/08/2025,21:02:19,45.46009,-73.74654,6.0,1.0,SKT-4016,1,1,GYYR
09/08/2025,21:02:27,45.46009,-73.74654,5.0,1.0,SKT-4016,1,1,GYYR
09/08/2025,21:02:35,45.46008,-73.74654,5.0,1.0,SKT-4016,1,1,GYYR
09/08/2025,21:02:43,45.46008,-73.74654,4.0,1.0,SKT-4016,1,1,GYYR
09/08/2025,21:02:51,45.46009,-73.74653,5.0,1.0,SKT-4016,1,1,GYYR
09/08/2025,21:02:59,45.46009,-73.74653,5.0,1.0,SKT-4016,1,1,GYYR
09/08/2025,21:03:06,45.46009,-73.74652,5.0,1.0,SKT-4016,1,1,GYYR
09/08/2025,21:03:15,45.4601,-73.74652,5.0,1.0,SKT-4016,1,1,GYYR
09/08/2025,21:03:23,45.4601,-73.74653,5.0,1.0,SKT-4016,1,1,GYYR
09/08/2025,21:03:31,45.4601,-73.74654,7.0,1.0,SKT-4016,1,1,GYYR
09/08/2025,21:03:38,45.46009,-73.74654,6.0,1.0,SKT-4016,1,1,GYYR
09/08/2025,21:03:46,45.46009,-73.74653,5.0,1.0,SKT-4016,1,1,GYYR
09/08/2025,21:03:55,45.46009,-73.74653,4.0,1.0,SKT-4016,1,1,GYYR
09/08/2025,21:04:02,45.46009,-73.74653,4.0,1.0,SKT-4016,1,1,GYYR
09/08/2025,21:04:10,45.46009,-73.74652,3.0,1.0,SKT-4016,1,1,GYYR
09/08/2025,21:04:17,45.46009,-73.74652,3.0,1.0,SKT-4016,1,1,GYYR
09/08/2025,21:04:25,45.46008,-73.74652,2.0,1.0,SKT-4016,1,1,GYYR
09/08/2025,21:04:33,45.46008,-73.74652,2.0,1.0,SKT-4016,1,1,GYYR
09/08/2025,21:04:40,45.46008,-73.74652,2.0,1.0,SKT-4016,1,1,GYYR
09/08/2025,21:04:49,45.46008,-73.74653,3.0,1.0,SKT-4016,1,1,GYYR
09/08/2025,21:04:56,45.46008,-73.74654,3.0,1.0,SKT-4016,1,1,GYYR
09/08/2025,21:05:04,45.46008,-73.74654,4.0,1.0,SKT-4016,1,1,GYYR
09/08/2025,21:05:12,45.46008,-73.74654,5.0,1.0,SKT-4016,1,1,GYYR
09/08/2025,21:05:20,45.46008,-73.74654,5.0,1.0,SKT-4016,1,1,GYYR
09/08/2025,21:05:29,45.46008,-73.74654,5.0,1.0,SKT-4016,1,1,GYYR
09/08/2025,21:05:37,45.46008,-73.74654,5.0,1.0,SKT-4016,1,1,GYYR
09/08/2025,21:05:45,45.46008,-73.74655,5.0,1.0,SKT-4016,1,1,GYYR
09/08/2025,21:05:53,45.46008,-73.74655,4.0,1.0,SKT-4016,1,1,GYYR
09/08/2025,21:06:02,45.46008,-73.74654,4.0,1.0,SKT-4016,1,1,GYYR
09/08/2025,21:06:09,45.46008,-73.74654,4.0,1.0,SKT-4016,1,1,GYYR
09/08/2025,21:06:17,45.46008,-73.74654,5.0,1.0,SKT-4016,1,1,GYYR
09/08/2025,21:06:25,45.46008,-73.74654,5.0,1.0,SKT-4016,1,1,GYYR
09/08/2025,21:06:34,45.46009,-73.74654,6.0,1.0,SKT-4016,1,1,GYYR
09/08/2025,21:06:41,45.46009,-73.74654,6.0,1.0,SKT-4016,1,1,GYYR
09/08/2025,21:06:49,45.46009,-73.74654,6.0,1.0,SKT-4016,1,1,GYYR
09/08/2025,21:06:57,45.46009,-73.74654,6.0,1.0,SKT-4016,1,1,GYYR
09/08/2025,21:07:05,45.46009,-73.74654,6.0,1.0,SKT-4016,1,1,GYYR
09/08/2025,21:07:14,45.46009,-73.74654,5.0,1.0,SKT-4016,1,1,GYYR
09/08/2025,21:07:22,45.46009,-73.74654,5.0,1.0,SKT-4016,1,1,GYYR
09/08/2025,21:07:30,45.46009,-73.74654,5.0,1.0,SKT-4016,1,1,GYYR
09/08/2025,21:07:37,45.46009,-73.74654,5.0,1.0,SKT-4016,1,1,GYYR
09/08/2025,21:07:44,45.46009,-73.74654,5.0,1.0,SKT-4016,1,1,GYYR
09/08/2025,21:07:52,45.4601,-73.74653,5.0,1.0,SKT-4016,1,1,GYYR
09/08/2025,21:08:00,45.4601,-73.74653,6.0,1.0,SKT-4016,1,1,GYYR
09/08/2025,21:08:07,45.46009,-73.74654,6.0,1.0,SKT-4016,1,1,GYYR
09/08/2025,21:08:16,45.46009,-73.74654,7.0,1.0,SKT-4016,1,1,GYYR
09/08/2025,21:08:24,45.46009,-73.74654,7.0,1.0,SKT-4016,1,1,GYYR
09/08/2025,21:08:31,45.46009,-73.74654,6.0,1.0,SKT-4016,1,1,GYYR
09/08/2025,21:08:39,45.46009,-73.74654,5.0,1.0,SKT-4016,1,1,GYYR
09/08/2025,21:08:46,45.46009,-73.74653,4.0,1.0,SKT-4016,1,1,GYYR
09/08/2025,21:08:54,45.46009,-73.74654,4.0,1.0,SKT-4016,1,1,GYYR
09/08/2025,21:09:02,45.46008,-73.74654,4.0,1.0,SKT-4016,1,1,GYYR
09/08/2025,21:09:09,45.46008,-73.74654,5.0,1.0,SKT-4016,1,1,GYYR
09/08/2025,21:09:17,45.46008,-73.74654,5.0,1.0,SKT-4016,1,1,GYYR
09/08/2025,21:09:24,45.46008,-73.74654,5.0,1.0,SKT-4016,1,1,GYYR
09/08/2025,21:09:32,45.46008,-73.74654,6.0,1.0,SKT-4016,1,1,GYYR
09/08/2025,21:09:40,45.46008,-73.74654,6.0,1.0,SKT-4016,1,1,GYYR
09/08/2025,21:09:48,45.46009,-73.74654,6.0,1.0,SKT-4016,1,1,GYYR
09/08/2025,21:10:43,,,,,,0,0,
09/08/2025,21:10:49,,,,,,0,0,
09/08/2025,21:10:58,,,,,,0,0,
09/08/2025,21:11:03,,,,,,0,0,
09/08/2025,21:11:08,,,,,,0,0,
09/08/2025,21:11:13,,,,,,0,0,
09/08/2025,21:11:18,,,,,,0,0,
09/08/2025,21:11:23,,,,,,0,0,
09/08/2025,21:11:28,,,,,,0,0,
09/08/2025,21:11:33,,,,,,0,0,
09/08/2025,21:12:12,,,,,,0,0,
10/08/2025,00:45:35,45.48298,-73.72849,6.0,1.0,SKT-4016,1,1,GYYR
10/08/2025,00:45:43,45.48298,-73.72847,4.0,1.0,SKT-4016,1,1,GYYR
10/08/2025,00:45:58,45.48297,-73.72845,7.0,1.0,SKT-4016,1,1,GYYR
10/08/2025,00:46:05,45.48296,-73.72844,7.0,1.0,SKT-4016,1,1,GYYR
10/08/2025,00:46:12,45.48296,-73.72843,8.0,1.0,SKT-4016,1,1,GYYR
10/08/2025,00:46:20,45.48295,-73.72845,9.0,1.0,SKT-4016,1,1,GYYR
10/08/2025,00:46:27,45.48296,-73.72846,10.0,1.0,SKT-4016,1,1,GYYR
10/08/2025,00:46:34,45.48296,-73.72848,11.0,1.0,SKT-4016,1,1,GYYR
10/08/2025,00:46:42,45.48296,-73.72849,13.0,1.0,SKT-4016,1,1,GYYR
10/08/2025,00:46:51,45.48296,-73.72849,15.0,1.0,SKT-4016,1,1,GYYR
10/08/2025,00:46:59,45.48296,-73.7285,16.0,1.0,SKT-4016,1,1,GYYR
10/08/2025,00:47:07,45.48296,-73.7285,16.0,1.0,SKT-4016,1,1,GYYR
10/08/2025,00:47:14,45.48296,-73.7285,17.0,1.0,SKT-4016,1,1,GYYR
10/08/2025,00:47:21,45.48296,-73.72851,18.0,1.0,SKT-4016,1,1,GYYR
10/08/2025,00:47:29,45.48296,-73.72851,18.0,1.0,SKT-4016,1,1,GYYR
10/08/2025,00:47:36,45.48296,-73.72852,18.0,1.0,SKT-4016,1,1,GYYR
10/08/2025,00:47:43,45.48296,-73.72852,17.0,1.0,SKT-4016,1,1,GYYR
10/08/2025,00:47:51,45.48296,-73.72852,17.0,1.0,SKT-4016,1,1,GYYR
10/08/2025,00:47:58,45.48296,-73.72852,17.0,1.0,SKT-4016,1,1,GYYR
10/08/2025,00:48:05,45.48296,-73.72852,17.0,1.0,SKT-4016,1,1,GYYR
10/08/2025,00:48:13,45.48297,-73.72852,17.0,1.0,SKT-4016,1,1,GYYR
10/08/2025,00:48:20,45.48297,-73.72852,18.0,1.0,SKT-4016,1,1,GYYR
10/08/2025,00:48:27,45.48297,-73.72853,19.0,1.0,SKT-4016,1,1,GYYR
10/08/2025,00:48:35,45.48296,-73.72854,20.0,1.0,SKT-4016,1,1,GYYR
10/08/2025,00:48:42,45.48296,-73.72855,20.0,1.0,SKT-4016,1,1,GYYR
10/08/2025,00:48:49,45.48296,-73.72855,20.0,1.0,SKT-4016,1,1,GYYR
10/08/2025,00:48:56,45.48296,-73.72854,20.0,1.0,SKT-4016,1,1,GYYR
10/08/2025,00:49:04,45.48297,-73.72853,19.0,1.0,SKT-4016,1,1,GYYR
10/08/2025,00:49:11,45.48296,-73.72853,18.0,1.0,SKT-4016,1,1,GYYR
10/08/2025,00:49:18,45.48296,-73.72853,18.0,1.0,SKT-4016,1,1,GYYR
10/08/2025,00:49:26,45.48297,-73.72853,18.0,1.0,SKT-4016,1,1,GYYR
10/08/2025,00:49:33,45.48297,-73.72853,20.0,1.0,SKT-4016,1,1,GYYR
10/08/2025,00:49:40,45.48298,-73.72853,21.0,1.0,SKT-4016,1,1,GYYR
10/08/2025,00:49:48,45.48297,-73.72854,21.0,1.0,SKT-4016,1,1,GYYR
10/08/2025,00:49:55,45.48298,-73.72854,20.0,1.0,SKT-4016,1,1,GYYR
10/08/2025,00:50:03,45.48298,-73.72855,20.0,1.0,SKT-4016,1,1,GYYR
10/08/2025,00:50:10,45.48298,-73.72855,20.0,1.0,SKT-4016,1,1,GYYR
10/08/2025,00:50:17,45.48298,-73.72855,21.0,1.0,SKT-4016,1,1,GYYR
10/08/2025,00:50:24,45.48298,-73.72855,21.0,1.0,SKT-4016,1,1,GYYR
10/08/2025,00:50:32,45.48297,-73.72855,22.0,1.0,SKT-4016,1,1,GYYR
10/08/2025,00:50:39,45.48297,-73.72855,22.0,1.0,SKT-4016,1,1,GYYR
10/08/2025,00:50:46,45.48298,-73.72855,22.0,1.0,SKT-4016,1,1,GYYR
10/08/2025,00:50:54,45.48298,-73.72855,21.0,1.0,SKT-4016,1,1,GYYR
10/08/2025,00:51:01,45.48298,-73.72855,21.0,1.0,SKT-4016,1,1,GYYR
10/08/2025,00:51:08,45.48298,-73.72854,22.0,1.0,SKT-4016,1,1,GYYR
10/08/2025,00:51:16,45.48298,-73.72855,22.0,1.0,SKT-4016,1,1,GYYR
10/08/2025,00:51:23,45.48298,-73.72855,22.0,1.0,SKT-4016,1,1,GYYR
10/08/2025,00:51:30,45.48298,-73.72855,23.0,1.0,SKT-4016,1,1,GYYR
10/08/2025,00:51:38,45.48298,-73.72854,23.0,1.0,SKT-4016,1,1,GYYR
10/08/2025,00:51:45,45.48298,-73.72854,22.0,1.0,SKT-4016,1,1,GYYR
10/08/2025,00:51:52,45.48298,-73.72854,22.0,1.0,SKT-4016,1,1,GYYR
10/08/2025,00:52:00,45.48298,-73.72855,22.0,1.0,SKT-4016,1,1,GYYR
10/08/2025,00:52:07,45.48298,-73.72855,23.0,1.0,SKT-4016,1,1,GYYR
10/08/2025,00:52:14,45.48297,-73.72855,23.0,1.0,SKT-4016,1,1,GYYR
10/08/2025,00:52:22,45.48297,-73.72855,23.0,1.0,SKT-4016,1,1,GYYR
10/08/2025,00:52:29,45.48296,-73.72855,23.0,1.0,SKT-4016,1,1,GYYR
10/08/2025,00:52:36,45.48296,-73.72855,22.0,1.0,SKT-4016,1,1,GYYR
10/08/2025,00:52:44,45.48296,-73.72854,21.0,1.0,SKT-4016,1,1,GYYR
10/08/2025,00:52:51,45.48296,-73.72853,19.0,1.0,SKT-4016,1,1,GYYR
10/08/2025,00:52:58,45.48296,-73.72852,20.0,1.0,SKT-4016,1,1,GYYR
10/08/2025,00:53:06,45.48297,-73.72852,21.0,1.0,SKT-4016,1,1,GYYR
10/08/2025,00:53:13,45.48297,-73.72852,21.0,1.0,SKT-4016,1,1,GYYR
10/08/2025,00:53:20,45.48298,-73.72852,21.0,1.0,SKT-4016,1,1,GYYR
10/08/2025,00:53:28,45.48298,-73.72853,21.0,1.0,SKT-4016,1,1,GYYR
10/08/2025,00:53:35,45.48299,-73.72854,21.0,1.0,SKT-4016,1,1,GYYR
10/08/2025,00:53:42,45.48298,-73.72852,21.0,1.0,SKT-4016,1,1,GYYR
10/08/2025,00:53:49,45.48298,-73.72852,22.0,1.0,SKT-4016,1,1,GYYR
10/08/2025,00:53:57,45.48298,-73.72852,21.0,1.0,SKT-4016,1,1,GYYR
10/08/2025,00:54:04,45.48298,-73.72852,21.0,1.0,SKT-4016,1,1,GYYR
10/08/2025,00:54:12,45.48299,-73.72853,20.0,1.0,SKT-4016,1,1,GYYR
10/08/2025,00:54:19,45.48298,-73.72852,20.0,1.0,SKT-4016,1,1,GYYR
10/08/2025,00:54:26,45.48298,-73.72853,20.0,1.0,SKT-4016,1,1,GYYR
10/08/2025,00:54:34,45.48298,-73.72853,20.0,1.0,SKT-4016,1,1,GYYR
10/08/2025,00:54:41,45.48298,-73.72853,21.0,1.0,SKT-4016,1,1,GYYR
10/08/2025,00:54:48,45.48298,-73.72852,21.0,1.0,SKT-4016,1,1,GYYR
10/08/2025,00:54:56,45.48298,-73.72852,20.0,1.0,SKT-4016,1,1,GYYR
10/08/2025,00:55:03,45.48298,-73.72852,20.0,1.0,SKT-4016,1,1,GYYR
10/08/2025,00:55:10,45.48298,-73.72852,20.0,1.0,SKT-4016,1,1,GYYR
10/08/2025,00:55:18,45.48298,-73.72852,20.0,1.0,SKT-4016,1,1,GYYR
10/08/2025,00:55:25,45.48298,-73.72853,20.0,1.0,SKT-4016,1,1,GYYR
10/08/2025,00:55:32,45.48298,-73.72854,19.0,1.0,SKT-4016,1,1,GYYR
10/08/2025,00:55:39,45.48298,-73.72854,19.0,1.0,SKT-4016,1,1,GYYR
10/08/2025,00:55:47,45.48297,-73.72854,20.0,1.0,SKT-4016,1,1,GYYR
10/08/2025,00:55:54,45.48297,-73.72853,20.0,1.0,SKT-4016,1,1,GYYR
10/08/2025,00:56:02,45.48297,-73.72853,20.0,1.0,SKT-4016,1,1,GYYR
10/08/2025,00:56:09,45.48296,-73.72852,20.0,1.0,SKT-4016,1,1,GYYR
10/08/2025,00:56:16,45.48296,-73.72852,20.0,1.0,SKT-4016,1,1,GYYR
10/08/2025,00:56:23,45.48295,-73.72852,20.0,1.0,SKT-4016,1,1,GYYR
10/08/2025,00:56:31,45.48295,-73.72852,20.0,1.0,SKT-4016,1,1,GYYR
10/08/2025,00:56:38,45.48295,-73.72852,19.0,1.0,SKT-4016,1,1,GYYR
10/08/2025,00:56:45,45.48295,-73.72852,18.0,1.0,SKT-4016,1,1,GYYR
10/08/2025,00:56:53,45.48294,-73.72851,19.0,1.0,SKT-4016,1,1,GYYR
10/08/2025,00:57:00,45.48294,-73.72851,19.0,1.0,SKT-4016,1,1,GYYR
10/08/2025,00:57:08,45.48294,-73.7285,18.0,1.0,SKT-4016,1,1,GYYR
10/08/2025,00:57:15,45.48294,-73.7285,18.0,1.0,SKT-4016,1,1,GYYR
10/08/2025,00:57:23,45.48294,-73.7285,20.0,1.0,SKT-4016,1,1,GYYR
10/08/2025,00:57:30,45.48295,-73.7285,21.0,1.0,SKT-4016,1,1,GYYR
10/08/2025,00:57:37,45.48296,-73.72851,21.0,1.0,SKT-4016,1,1,GYYR
10/08/2025,00:57:46,45.48296,-73.72851,21.0,1.0,SKT-4016,1,1,GYYR
10/08/2025,00:57:54,45.48297,-73.72852,23.0,1.0,SKT-4016,1,1,GYYR
10/08/2025,00:58:02,45.48297,-73.72852,24.0,1.0,SKT-4016,1,1,GYYR
10/08/2025,00:58:09,45.48298,-73.72852,23.0,1.0,SKT-4016,1,1,GYYR
10/08/2025,00:58:17,45.48298,-73.72852,23.0,1.0,SKT-4016,1,1,GYYR
10/08/2025,00:58:24,45.48298,-73.72852,22.0,1.0,SKT-4016,1,1,GYYR
10/08/2025,00:58:31,45.48298,-73.72852,21.0,1.0,SKT-4016,1,1,GYYR
10/08/2025,00:58:39,45.48298,-73.72852,21.0,1.0,SKT-4016,1,1,GYYR
10/08/2025,00:58:46,45.48298,-73.72852,21.0,1.0,SKT-4016,1,1,GYYR
10/08/2025,00:58:53,45.48298,-73.72852,22.0,1.0,SKT-4016,1,1,GYYR
10/08/2025,00:59:01,45.48298,-73.72852,22.0,1.0,SKT-4016,1,1,GYYR
10/08/2025,00:59:08,45.48298,-73.72853,22.0,1.0,SKT-4016,1,1,GYYR
10/08/2025,00:59:15,45.48297,-73.72853,23.0,1.0,SKT-4016,1,1,GYYR
10/08/2025,00:59:23,45.48297,-73.72852,24.0,1.0,SKT-4016,1,1,GYYR
10/08/2025,00:59:30,45.48297,-73.72852,24.0,1.0,SKT-4016,1,1,GYYR
10/08/2025,00:59:37,45.48297,-73.72852,24.0,1.0,SKT-4016,1,1,GYYR
10/08/2025,00:59:45,45.48298,-73.72852,23.0,1.0,SKT-4016,1,1,GYYR
10/08/2025,00:59:52,45.48298,-73.72852,22.0,1.0,SKT-4016,1,1,GYYR
10/08/2025,00:59:59,45.48298,-73.72852,22.0,1.0,SKT-4016,1,1,GYYR
10/08/2025,01:00:14,45.48297,-73.72852,20.0,1.0,SKT-4016,1,1,GYYR
10/08/2025,01:00:21,45.48297,-73.72852,20.0,1.0,SKT-4016,1,1,GYYR
10/08/2025,01:00:29,45.48297,-73.72854,20.0,1.0,SKT-4016,1,1,GYYR
10/08/2025,01:00:36,45.48297,-73.72854,20.0,1.0,SKT-4016,1,1,GYYR
10/08/2025,01:00:43,45.48298,-73.72855,19.0,1.0,SKT-4016,1,1,GYYR
10/08/2025,01:00:50,45.48298,-73.72855,19.0,1.0,SKT-4016,1,1,GYYR
10/08/2025,01:00:58,45.48298,-73.72855,18.0,1.0,SKT-4016,1,1,GYYR
10/08/2025,01:01:05,45.48298,-73.72855,18.0,1.0,SKT-4016,1,1,GYYR
10/08/2025,01:01:12,45.48297,-73.72854,19.0,1.0,SKT-4016,1,1,GYYR
10/08/2025,01:01:20,45.48296,-73.72853,19.0,1.0,SKT-4016,1,1,GYYR
10/08/2025,01:01:27,45.48296,-73.72853,19.0,1.0,SKT-4016,1,1,GYYR
10/08/2025,01:01:34,45.48295,-73.72854,19.0,1.0,SKT-4016,1,1,GYYR
10/08/2025,01:01:42,45.48295,-73.72854,19.0,1.0,SKT-4016,1,1,GYYR
10/08/2025,01:01:49,45.48296,-73.72854,19.0,1.0,SKT-4016,1,1,GYYR
10/08/2025,01:01:56,45.48296,-73.72854,19.0,1.0,SKT-4016,1,1,GYYR
10/08/2025,01:02:04,45.48297,-73.72854,19.0,1.0,SKT-4016,1,1,GYYR
10/08/2025,01:02:11,45.48297,-73.72854,19.0,1.0,SKT-4016,1,1,GYYR
10/08/2025,01:02:18,45.48298,-73.72854,20.0,1.0,SKT-4016,1,1,GYYR
10/08/2025,01:02:26,45.48297,-73.72853,21.0,1.0,SKT-4016,1,1,GYYR
10/08/2025,01:02:33,45.48297,-73.72853,21.0,1.0,SKT-4016,1,1,GYYR
10/08/2025,01:02:41,45.48296,-73.72852,21.0,1.0,SKT-4016,1,1,GYYR
10/08/2025,01:02:48,45.48296,-73.72852,21.0,1.0,SKT-4016,1,1,GYYR
10/08/2025,01:02:56,45.48295,-73.72852,21.0,1.0,SKT-4016,1,1,GYYR
10/08/2025,01:03:03,45.48296,-73.72852,22.0,1.0,SKT-4016,1,1,GYYR
10/08/2025,01:03:10,45.48296,-73.72852,22.0,1.0,SKT-4016,1,1,GYYR
10/08/2025,01:03:18,45.48298,-73.72853,22.0,1.0,SKT-4016,1,1,GYYR
10/08/2025,01:03:25,45.48298,-73.72853,21.0,1.0,SKT-4016,1,1,GYYR
10/08/2025,01:03:33,45.48298,-73.72852,20.0,1.0,SKT-4016,1,1,GYYR
10/08/2025,01:03:40,45.48298,-73.72852,19.0,1.0,SKT-4016,1,1,GYYR
10/08/2025,01:03:47,45.48298,-73.72852,18.0,1.0,SKT-4016,1,1,GYYR
10/08/2025,01:03:55,45.48297,-73.72852,17.0,1.0,SKT-4016,1,1,GYYR
10/08/2025,01:04:02,45.48297,-73.72852,17.0,1.0,SKT-4016,1,1,GYYR
10/08/2025,01:04:09,45.48297,-73.72852,17.0,1.0,SKT-4016,1,1,GYYR
10/08/2025,01:04:17,45.48298,-73.72854,17.0,1.0,SKT-4016,1,1,GYYR
10/08/2025,01:04:25,45.48298,-73.72854,18.0,1.0,SKT-4016,1,1,GYYR
10/08/2025,01:04:32,45.48297,-73.72855,18.0,1.0,SKT-4016,1,1,GYYR
10/08/2025,01:04:40,45.48296,-73.72854,18.0,1.0,SKT-4016,1,1,GYYR
10/08/2025,01:04:47,45.48296,-73.72854,18.0,1.0,SKT-4016,1,1,GYYR
10/08/2025,01:04:55,45.48296,-73.72854,18.0,1.0,SKT-4016,1,1,GYYR
10/08/2025,01:05:02,45.48296,-73.72854,18.0,1.0,SKT-4016,1,1,GYYR
10/08/2025,01:05:09,45.48296,-73.72854,17.0,1.0,SKT-4016,1,1,GYYR
10/08/2025,01:05:17,45.48298,-73.72853,17.0,1.0,SKT-4016,1,1,GYYR
10/08/2025,01:05:24,45.48299,-73.72853,17.0,1.0,SKT-4016,1,1,GYYR
10/08/2025,01:05:31,45.48299,-73.72853,17.0,1.0,SKT-4016,1,1,GYYR
10/08/2025,01:05:39,45.483,-73.72853,17.0,1.0,SKT-4016,1,1,GYYR
10/08/2025,01:05:46,45.48299,-73.72852,18.0,1.0,SKT-4016,1,1,GYYR
10/08/2025,01:05:53,45.48299,-73.72852,19.0,1.0,SKT-4016,1,1,GYYR
10/08/2025,01:06:01,45.48298,-73.72852,20.0,1.0,SKT-4016,1,1,GYYR
10/08/2025,01:06:08,45.48298,-73.72852,20.0,1.0,SKT-4016,1,1,GYYR
10/08/2025,01:06:15,45.48297,-73.72852,21.0,1.0,SKT-4016,1,1,GYYR
10/08/2025,01:06:23,45.48296,-73.72852,22.0,1.0,SKT-4016,1,1,GYYR
10/08/2025,01:06:30,45.48296,-73.72852,22.0,1.0,SKT-4016,1,1,GYYR
10/08/2025,01:06:37,45.48296,-73.72852,22.0,1.0,SKT-4016,1,1,GYYR
10/08/2025,01:06:44,45.48296,-73.72852,22.0,1.0,SKT-4016,1,1,GYYR
10/08/2025,01:06:52,45.48296,-73.72852,23.0,1.0,SKT-4016,1,1,GYYR
10/08/2025,01:06:59,45.48296,-73.72852,23.0,1.0,SKT-4016,1,1,GYYR
10/08/2025,01:07:07,45.48296,-73.72851,22.0,1.0,SKT-4016,1,1,GYYR
10/08/2025,01:07:14,45.48296,-73.72851,22.0,1.0,SKT-4016,1,1,GYYR
10/08/2025,01:07:21,45.48296,-73.72851,21.0,1.0,SKT-4016,1,1,GYYR
10/08/2025,01:07:29,45.48297,-73.72851,21.0,1.0,SKT-4016,1,1,GYYR
10/08/2025,01:07:36,45.48297,-73.72851,22.0,1.0,SKT-4016,1,1,GYYR
10/08/2025,01:07:43,45.48297,-73.72851,22.0,1.0,SKT-4016,1,1,GYYR
10/08/2025,01:07:51,45.48297,-73.72851,23.0,1.0,SKT-4016,1,1,GYYR
10/08/2025,01:07:58,45.48297,-73.72851,23.0,1.0,SKT-4016,1,1,GYYR
10/08/2025,01:08:05,45.48297,-73.72851,22.0,1.0,SKT-4016,1,1,GYYR
10/08/2025,01:08:13,45.48297,-73.72852,21.0,1.0,SKT-4016,1,1,GYYR
10/08/2025,01:08:20,45.48297,-73.72852,22.0,1.0,SKT-4016,1,1,GYYR
10/08/2025,01:08:27,45.48296,-73.72852,21.0,1.0,SKT-4016,1,1,GYYR
10/08/2025,01:08:35,45.48296,-73.72853,21.0,1.0,SKT-4016,1,1,GYYR
10/08/2025,01:08:42,45.48296,-73.72853,21.0,1.0,SKT-4016,1,1,GYYR
10/08/2025,01:08:49,45.48296,-73.72853,21.0,1.0,SKT-4016,1,1,GYYR
10/08/2025,01:08:56,45.48296,-73.72854,21.0,1.0,SKT-4016,1,1,GYYR
10/08/2025,01:09:04,45.48297,-73.72854,21.0,1.0,SKT-4016,1,1,GYYR
10/08/2025,01:09:11,45.48298,-73.72853,22.0,1.0,SKT-4016,1,1,GYYR
10/08/2025,01:09:19,45.48298,-73.72853,21.0,1.0,SKT-4016,1,1,GYYR
10/08/2025,01:09:26,45.48298,-73.72852,21.0,1.0,SKT-4016,1,1,GYYR
10/08/2025,01:09:33,45.48298,-73.72852,20.0,1.0,SKT-4016,1,1,GYYR
10/08/2025,01:09:40,45.48298,-73.72852,20.0,1.0,SKT-4016,1,1,GYYR
10/08/2025,01:09:48,45.48297,-73.72852,22.0,1.0,SKT-4016,1,1,GYYR
10/08/2025,01:09:56,45.48297,-73.72853,23.0,1.0,SKT-4016,1,1,GYYR
10/08/2025,01:10:03,45.48298,-73.72854,24.0,1.0,SKT-4016,1,1,GYYR
10/08/2025,01:10:10,45.48298,-73.72854,24.0,1.0,SKT-4016,1,1,GYYR
10/08/2025,01:10:18,45.48298,-73.72854,24.0,1.0,SKT-4016,1,1,GYYR
10/08/2025,01:10:25,45.48298,-73.72853,24.0,1.0,SKT-4016,1,1,GYYR
10/08/2025,01:10:32,45.48299,-73.72853,23.0,1.0,SKT-4016,1,1,GYYR
10/08/2025,01:10:39,45.48299,-73.72854,23.0,1.0,SKT-4016,1,1,GYYR
10/08/2025,01:10:47,45.48299,-73.72855,23.0,1.0,SKT-4016,1,1,GYYR
10/08/2025,01:10:54,45.483,-73.72855,23.0,1.0,SKT-4016,1,1,GYYR
10/08/2025,01:11:01,45.483,-73.72855,22.0,1.0,SKT-4016,1,1,GYYR
10/08/2025,01:11:09,45.483,-73.72855,22.0,1.0,SKT-4016,1,1,GYYR
10/08/2025,01:11:16,45.48299,-73.72854,22.0,1.0,SKT-4016,1,1,GYYR
10/08/2025,01:11:23,45.48299,-73.72854,22.0,1.0,SKT-4016,1,1,GYYR
10/08/2025,01:11:31,45.48298,-73.72853,23.0,1.0,SKT-4016,1,1,GYYR
10/08/2025,01:11:38,45.48298,-73.72853,23.0,1.0,SKT-4016,1,1,GYYR
10/08/2025,01:11:45,45.48298,-73.72853,23.0,1.0,SKT-4016,1,1,GYYR
10/08/2025,01:11:53,45.48296,-73.72853,24.0,1.0,SKT-4016,1,1,GYYR
10/08/2025,01:12:00,45.48296,-73.72854,24.0,1.0,SKT-4016,1,1,GYYR
10/08/2025,01:12:07,45.48295,-73.72853,25.0,1.0,SKT-4016,1,1,GYYR
10/08/2025,01:12:14,45.48295,-73.72852,25.0,1.0,SKT-4016,1,1,GYYR
10/08/2025,01:12:22,45.48296,-73.72852,24.0,1.0,SKT-4016,1,1,GYYR
10/08/2025,01:12:29,45.48298,-73.72852,23.0,1.0,SKT-4016,1,1,GYYR
10/08/2025,01:12:36,45.48299,-73.72852,23.0,1.0,SKT-4016,1,1,GYYR
10/08/2025,01:12:44,45.48299,-73.72852,22.0,1.0,SKT-4016,1,1,GYYR
10/08/2025,01:12:51,45.48299,-73.72852,21.0,1.0,SKT-4016,1,1,GYYR
10/08/2025,01:12:59,45.48299,-73.72852,21.0,1.0,SKT-4016,1,1,GYYR
10/08/2025,01:13:06,45.48299,-73.72852,20.0,1.0,SKT-4016,1,1,GYYR
10/08/2025,01:13:14,45.48299,-73.72852,19.0,1.0,SKT-4016,1,1,GYYR
10/08/2025,01:13:21,45.48299,-73.72852,19.0,1.0,SKT-4016,1,1,GYYR
10/08/2025,01:13:28,45.48299,-73.72852,20.0,1.0,SKT-4016,1,1,GYYR
10/08/2025,01:13:36,45.48299,-73.72853,19.0,1.0,SKT-4016,1,1,GYYR
10/08/2025,01:13:43,45.48298,-73.72853,18.0,1.0,SKT-4016,1,1,GYYR
10/08/2025,01:13:50,45.48298,-73.72853,18.0,1.0,SKT-4016,1,1,GYYR
10/08/2025,01:13:58,45.48298,-73.72852,19.0,1.0,SKT-4016,1,1,GYYR
10/08/2025,01:14:05,45.48298,-73.72852,19.0,1.0,SKT-4016,1,1,GYYR
10/08/2025,01:14:12,45.48298,-73.72852,18.0,1.0,SKT-4016,1,1,GYYR
10/08/2025,01:14:19,45.48298,-73.72852,17.0,1.0,SKT-4016,1,1,GYYR
10/08/2025,01:14:27,45.48298,-73.72851,17.0,1.0,SKT-4016,1,1,GYYR
10/08/2025,01:14:34,45.48298,-73.7285,17.0,1.0,SKT-4016,1,1,GYYR
10/08/2025,01:14:41,45.48298,-73.72849,17.0,1.0,SKT-4016,1,1,GYYR
10/08/2025,01:14:49,45.48298,-73.72849,17.0,1.0,SKT-4016,1,1,GYYR
10/08/2025,01:14:56,45.48298,-73.72849,17.0,1.0,SKT-4016,1,1,GYYR
10/08/2025,01:15:04,45.48298,-73.72849,18.0,1.0,SKT-4016,1,1,GYYR
10/08/2025,01:15:11,45.48298,-73.72849,19.0,1.0,SKT-4016,1,1,GYYR
10/08/2025,01:15:19,45.48298,-73.72849,20.0,1.0,SKT-4016,1,1,GYYR
10/08/2025,01:15:26,45.48298,-73.72849,20.0,1.0,SKT-4016,1,1,GYYR
10/08/2025,01:15:33,45.48298,-73.7285,20.0,1.0,SKT-4016,1,1,GYYR
10/08/2025,01:15:41,45.48298,-73.7285,20.0,1.0,SKT-4016,1,1,GYYR
10/08/2025,01:15:48,45.48298,-73.7285,20.0,1.0,SKT-4016,1,1,GYYR
10/08/2025,01:15:55,45.48297,-73.72849,21.0,1.0,SKT-4016,1,1,GYYR
10/08/2025,01:16:03,45.48298,-73.72851,20.0,1.0,SKT-4016,1,1,GYYR
10/08/2025,01:16:10,45.48298,-73.72852,20.0,1.0,SKT-4016,1,1,GYYR
10/08/2025,01:16:17,45.48298,-73.72852,20.0,1.0,SKT-4016,1,1,GYYR
10/08/2025,01:16:25,45.48298,-73.72852,20.0,1.0,SKT-4016,1,1,GYYR
10/08/2025,01:16:32,45.48298,-73.72852,20.0,1.0,SKT-4016,1,1,GYYR
10/08/2025,01:16:39,45.48298,-73.72852,19.0,1.0,SKT-4016,1,1,GYYR
10/08/2025,01:16:46,45.48298,-73.72853,18.0,1.0,SKT-4016,1,1,GYYR
10/08/2025,01:16:54,45.48298,-73.72853,20.0,1.0,SKT-4016,1,1,GYYR
10/08/2025,01:17:01,45.48298,-73.72853,21.0,1.0,SKT-4016,1,1,GYYR
10/08/2025,01:17:08,45.48298,-73.72852,22.0,1.0,SKT-4016,1,1,GYYR
10/08/2025,01:17:16,45.48298,-73.72852,22.0,1.0,SKT-4016,1,1,GYYR
10/08/2025,01:17:23,45.48298,-73.72852,21.0,1.0,SKT-4016,1,1,GYYR
10/08/2025,01:17:30,45.48298,-73.72853,20.0,1.0,SKT-4016,1,1,GYYR
10/08/2025,01:17:37,45.48298,-73.72853,19.0,1.0,SKT-4016,1,1,GYYR
10/08/2025,01:17:45,45.48298,-73.72853,18.0,1.0,SKT-4016,1,1,GYYR
10/08/2025,01:17:52,45.48298,-73.72854,18.0,1.0,SKT-4016,1,1,GYYR
10/08/2025,01:17:59,45.48298,-73.72853,18.0,1.0,SKT-4016,1,1,GYYR
10/08/2025,01:18:07,45.48297,-73.72852,18.0,1.0,SKT-4016,1,1,GYYR
10/08/2025,01:18:14,45.48297,-73.72852,19.0,1.0,SKT-4016,1,1,GYYR
10/08/2025,01:18:21,45.48297,-73.72852,20.0,1.0,SKT-4016,1,1,GYYR
10/08/2025,01:18:29,45.48297,-73.72852,20.0,1.0,SKT-4016,1,1,GYYR
10/08/2025,01:18:36,45.48296,-73.72852,19.0,1.0,SKT-4016,1,1,GYYR
10/08/2025,01:18:43,45.48296,-73.72852,19.0,1.0,SKT-4016,1,1,GYYR
10/08/2025,01:18:50,45.48297,-73.72853,19.0,1.0,SKT-4016,1,1,GYYR
10/08/2025,01:18:58,45.48297,-73.72853,19.0,1.0,SKT-4016,1,1,GYYR
10/08/2025,01:19:05,45.48297,-73.72854,18.0,1.0,SKT-4016,1,1,GYYR
10/08/2025,01:19:12,45.48297,-73.72854,19.0,1.0,SKT-4016,1,1,GYYR
10/08/2025,01:19:20,45.48297,-73.72853,20.0,1.0,SKT-4016,1,1,GYYR
10/08/2025,01:19:27,45.48298,-73.72853,20.0,1.0,SKT-4016,1,1,GYYR
10/08/2025,01:19:34,45.48298,-73.72853,22.0,1.0,SKT-4016,1,1,GYYR
10/08/2025,01:19:41,45.48298,-73.72853,22.0,1.0,SKT-4016,1,1,GYYR
10/08/2025,01:19:49,45.48298,-73.72852,23.0,1.0,SKT-4016,1,1,GYYR
10/08/2025,01:19:56,45.48298,-73.72852,23.0,1.0,SKT-4016,1,1,GYYR
10/08/2025,01:20:03,45.48298,-73.72852,23.0,1.0,SKT-4016,1,1,GYYR
10/08/2025,01:20:11,45.48297,-73.72852,22.0,1.0,SKT-4016,1,1,GYYR
10/08/2025,01:20:19,45.48297,-73.72851,22.0,1.0,SKT-4016,1,1,GYYR
10/08/2025,01:20:26,45.48297,-73.72851,22.0,1.0,SKT-4016,1,1,GYYR
10/08/2025,01:20:33,45.48296,-73.7285,21.0,1.0,SKT-4016,1,1,GYYR
10/08/2025,01:20:41,45.48296,-73.72849,20.0,1.0,SKT-4016,1,1,GYYR
10/08/2025,01:20:48,45.48296,-73.72849,19.0,1.0,SKT-4016,1,1,GYYR
10/08/2025,01:20:55,45.48296,-73.72849,18.0,1.0,SKT-4016,1,1,GYYR
10/08/2025,01:21:02,45.48297,-73.72849,17.0,1.0,SKT-4016,1,1,GYYR
10/08/2025,01:21:10,45.48297,-73.72849,16.0,1.0,SKT-4016,1,1,GYYR
10/08/2025,01:21:17,45.48297,-73.72848,15.0,1.0,SKT-4016,1,1,GYYR
10/08/2025,01:21:25,45.48296,-73.72848,16.0,1.0,SKT-4016,1,1,GYYR
10/08/2025,01:21:32,45.48296,-73.72849,17.0,1.0,SKT-4016,1,1,GYYR
10/08/2025,01:21:39,45.48297,-73.7285,19.0,1.0,SKT-4016,1,1,GYYR
10/08/2025,01:21:47,45.48298,-73.72853,21.0,1.0,SKT-4016,1,1,GYYR
10/08/2025,01:21:54,45.48298,-73.72855,23.0,1.0,SKT-4016,1,1,GYYR
10/08/2025,01:22:01,45.48298,-73.72855,24.0,1.0,SKT-4016,1,1,GYYR
10/08/2025,01:22:09,45.48299,-73.72855,24.0,1.0,SKT-4016,1,1,GYYR
10/08/2025,01:22:16,45.48299,-73.72855,24.0,1.0,SKT-4016,1,1,GYYR
10/08/2025,01:22:23,45.48299,-73.72855,24.0,1.0,SKT-4016,1,1,GYYR
10/08/2025,01:22:31,45.48298,-73.72855,24.0,1.0,SKT-4016,1,1,GYYR
10/08/2025,01:22:38,45.48298,-73.72857,24.0,1.0,SKT-4016,1,1,GYYR
10/08/2025,01:22:45,45.48297,-73.72857,23.0,1.0,SKT-4016,1,1,GYYR
10/08/2025,01:22:52,45.48297,-73.72856,23.0,1.0,SKT-4016,1,1,GYYR
10/08/2025,01:23:00,45.48298,-73.72855,22.0,1.0,SKT-4016,1,1,GYYR
10/08/2025,01:23:07,45.48298,-73.72855,21.0,1.0,SKT-4016,1,1,GYYR
10/08/2025,01:23:15,45.48298,-73.72855,19.0,1.0,SKT-4016,1,1,GYYR
10/08/2025,01:23:22,45.48299,-73.72854,19.0,1.0,SKT-4016,1,1,GYYR
10/08/2025,01:23:29,45.48299,-73.72853,19.0,1.0,SKT-4016,1,1,GYYR
10/08/2025,01:23:36,45.48299,-73.72853,20.0,1.0,SKT-4016,1,1,GYYR
10/08/2025,01:23:44,45.48299,-73.72853,20.0,1.0,SKT-4016,1,1,GYYR
10/08/2025,01:23:51,45.48299,-73.72853,21.0,1.0,SKT-4016,1,1,GYYR
10/08/2025,01:23:58,45.48299,-73.72853,21.0,1.0,SKT-4016,1,1,GYYR
10/08/2025,01:24:06,45.48299,-73.72852,20.0,1.0,SKT-4016,1,1,GYYR
10/08/2025,01:24:13,45.48299,-73.72852,19.0,1.0,SKT-4016,1,1,GYYR
10/08/2025,01:24:20,45.48299,-73.72852,18.0,1.0,SKT-4016,1,1,GYYR
10/08/2025,01:24:28,45.48299,-73.72852,19.0,1.0,SKT-4016,1,1,GYYR
10/08/2025,01:24:35,45.48298,-73.72852,19.0,1.0,SKT-4016,1,1,GYYR
10/08/2025,01:24:42,45.48298,-73.72852,20.0,1.0,SKT-4016,1,1,GYYR
10/08/2025,01:24:50,45.48298,-73.72852,20.0,1.0,SKT-4016,1,1,GYYR
10/08/2025,01:24:57,45.48298,-73.72852,21.0,1.0,SKT-4016,1,1,GYYR
10/08/2025,01:25:04,45.48298,-73.72852,21.0,1.0,SKT-4016,1,1,GYYR
10/08/2025,01:25:12,45.48297,-73.72852,20.0,1.0,SKT-4016,1,1,GYYR
10/08/2025,01:25:19,45.48297,-73.72852,20.0,1.0,SKT-4016,1,1,GYYR
10/08/2025,01:25:26,45.48298,-73.72852,20.0,1.0,SKT-4016,1,1,GYYR
10/08/2025,01:25:33,45.48298,-73.72852,20.0,1.0,SKT-4016,1,1,GYYR
10/08/2025,01:25:41,45.48298,-73.72852,20.0,1.0,SKT-4016,1,1,GYYR
10/08/2025,01:25:48,45.48298,-73.72852,20.0,1.0,SKT-4016,1,1,GYYR
10/08/2025,01:25:55,45.48298,-73.72852,20.0,1.0,SKT-4016,1,1,GYYR
10/08/2025,01:26:03,45.48298,-73.72851,19.0,1.0,SKT-4016,1,1,GYYR
10/08/2025,01:26:10,45.48298,-73.72849,18.0,1.0,SKT-4016,1,1,GYYR
10/08/2025,01:26:17,45.48298,-73.72848,18.0,1.0,SKT-4016,1,1,GYYR
10/08/2025,01:26:25,45.48298,-73.72848,18.0,1.0,SKT-4016,1,1,GYYR
10/08/2025,01:26:33,45.48297,-73.72847,18.0,1.0,SKT-4016,1,1,GYYR
10/08/2025,01:26:40,45.48297,-73.72847,18.0,1.0,SKT-4016,1,1,GYYR
10/08/2025,01:26:47,45.48297,-73.72846,18.0,1.0,SKT-4016,1,1,GYYR
10/08/2025,01:26:55,45.48296,-73.72845,16.0,1.0,SKT-4016,1,1,GYYR
10/08/2025,01:27:02,45.48296,-73.72842,12.0,1.0,SKT-4016,1,1,GYYR
10/08/2025,01:27:10,45.48295,-73.72837,8.0,1.0,SKT-4016,1,1,GYYR
10/08/2025,01:27:17,45.48295,-73.72835,6.0,1.0,SKT-4016,1,1,GYYR
10/08/2025,01:27:24,45.48295,-73.72835,4.0,1.0,SKT-4016,1,1,GYYR
10/08/2025,01:27:32,45.48296,-73.72832,1.0,1.0,SKT-4016,1,1,GYYR
10/08/2025,01:27:39,45.48296,-73.72835,4.0,1.0,SKT-4016,1,1,GYYR
10/08/2025,01:27:46,45.48296,-73.72837,7.0,1.0,SKT-4016,1,1,GYYR
10/08/2025,01:27:53,45.48296,-73.72839,8.0,1.0,SKT-4016,1,1,GYYR
10/08/2025,01:28:01,45.48296,-73.72843,9.0,1.0,SKT-4016,1,1,GYYR
10/08/2025,01:28:08,45.48297,-73.72845,10.0,1.0,SKT-4016,1,1,GYYR
10/08/2025,01:28:16,45.48296,-73.72845,9.0,1.0,SKT-4016,1,1,GYYR
10/08/2025,01:28:23,45.48292,-73.7284,2.0,1.0,SKT-4016,1,1,GYYR
10/08/2025,01:28:30,45.48289,-73.72838,0.0,1.0,SKT-4016,1,1,GYYR
10/08/2025,01:28:38,45.48289,-73.72839,0.0,1.0,SKT-4016,1,1,GYYR
10/08/2025,01:28:45,45.4829,-73.7284,1.0,1.0,SKT-4016,1,1,GYYR
10/08/2025,01:28:52,45.4829,-73.72842,4.0,1.0,SKT-4016,1,1,GYYR
10/08/2025,01:29:00,45.48291,-73.72842,7.0,1.0,SKT-4016,1,1,GYYR
10/08/2025,01:29:07,45.48291,-73.72842,9.0,1.0,SKT-4016,1,1,GYYR
10/08/2025,01:29:14,45.48291,-73.72843,10.0,1.0,SKT-4016,1,1,GYYR
10/08/2025,01:29:22,45.48292,-73.72844,11.0,1.0,SKT-4016,1,1,GYYR
10/08/2025,01:29:29,45.48293,-73.72844,12.0,1.0,SKT-4016,1,1,GYYR
10/08/2025,01:29:36,45.48293,-73.72844,15.0,1.0,SKT-4016,1,1,GYYR
10/08/2025,01:29:43,45.48293,-73.72844,16.0,1.0,SKT-4016,1,1,GYYR
10/08/2025,01:29:51,45.48294,-73.72845,15.0,1.0,SKT-4016,1,1,GYYR
10/08/2025,01:29:58,45.48294,-73.72845,15.0,1.0,SKT-4016,1,1,GYYR
10/08/2025,01:30:05,45.48294,-73.72845,16.0,1.0,SKT-4016,1,1,GYYR
10/08/2025,01:30:13,45.48294,-73.72845,17.0,1.0,SKT-4016,1,1,GYYR
10/08/2025,01:30:20,45.48295,-73.72845,17.0,1.0,SKT-4016,1,1,GYYR
10/08/2025,01:30:27,45.48295,-73.72846,16.0,1.0,SKT-4016,1,1,GYYR
10/08/2025,01:30:34,45.48295,-73.72846,16.0,1.0,SKT-4016,1,1,GYYR
10/08/2025,01:30:42,45.48295,-73.72846,17.0,1.0,SKT-4016,1,1,GYYR
10/08/2025,01:30:49,45.48295,-73.72847,17.0,1.0,SKT-4016,1,1,GYYR
10/08/2025,01:30:56,45.48295,-73.72848,16.0,1.0,SKT-4016,1,1,GYYR
10/08/2025,01:31:04,45.48296,-73.72848,17.0,1.0,SKT-4016,1,1,GYYR
10/08/2025,01:31:11,45.48296,-73.72849,16.0,1.0,SKT-4016,1,1,GYYR
10/08/2025,01:31:18,45.48296,-73.72846,13.0,1.0,SKT-4016,1,1,GYYR
10/08/2025,01:31:25,45.48296,-73.72846,13.0,1.0,SKT-4016,1,1,GYYR
10/08/2025,01:31:33,45.48296,-73.72848,13.0,1.0,SKT-4016,1,1,GYYR
10/08/2025,01:31:40,45.48296,-73.72849,14.0,1.0,SKT-4016,1,1,GYYR
10/08/2025,01:31:47,45.48297,-73.7285,15.0,1.0,SKT-4016,1,1,GYYR
10/08/2025,01:31:55,45.48298,-73.72852,16.0,1.0,SKT-4016,1,1,GYYR
10/08/2025,01:32:02,45.48298,-73.72852,16.0,1.0,SKT-4016,1,1,GYYR
10/08/2025,01:32:09,45.48298,-73.72852,14.0,1.0,SKT-4016,1,1,GYYR
10/08/2025,01:32:17,45.48299,-73.72852,12.0,1.0,SKT-4016,1,1,GYYR
10/08/2025,01:32:24,45.48298,-73.72843,-2.0,1.0,SKT-4016,1,1,GYYR
10/08/2025,01:32:31,45.48299,-73.72839,-8.0,1.0,SKT-4016,1,1,GYYR
10/08/2025,01:32:39,45.48301,-73.72836,-6.0,1.0,SKT-4016,1,1,GYYR
10/08/2025,01:32:46,45.48302,-73.72836,-4.0,1.0,SKT-4016,1,1,GYYR
10/08/2025,01:32:53,45.48302,-73.72838,0.0,1.0,SKT-4016,1,1,GYYR
10/08/2025,01:33:00,45.48302,-73.72838,3.0,1.0,SKT-4016,1,1,GYYR
10/08/2025,01:33:08,45.48301,-73.72839,3.0,1.0,SKT-4016,1,1,GYYR
10/08/2025,01:33:16,45.48301,-73.72842,5.0,1.0,SKT-4016,1,1,GYYR
10/08/2025,01:33:23,45.483,-73.72842,5.0,1.0,SKT-4016,1,1,GYYR
10/08/2025,01:33:30,45.483,-73.72842,6.0,1.0,SKT-4016,1,1,GYYR
10/08/2025,01:33:38,45.48299,-73.72844,7.0,1.0,SKT-4016,1,1,GYYR
10/08/2025,01:33:45,45.48299,-73.72844,7.0,1.0,SKT-4016,1,1,GYYR
10/08/2025,01:33:52,45.48299,-73.72845,7.0,1.0,SKT-4016,1,1,GYYR
10/08/2025,01:34:00,45.48299,-73.72846,8.0,1.0,SKT-4016,1,1,GYYR
10/08/2025,01:34:07,45.48299,-73.72847,8.0,1.0,SKT-4016,1,1,GYYR
10/08/2025,01:34:14,45.48299,-73.72848,8.0,1.0,SKT-4016,1,1,GYYR
10/08/2025,01:34:21,45.48299,-73.72849,8.0,1.0,SKT-4016,1,1,GYYR
10/08/2025,01:34:29,45.48299,-73.72848,5.0,1.0,SKT-4016,1,1,GYYR
10/08/2025,01:34:36,45.48299,-73.72847,2.0,1.0,SKT-4016,1,1,GYYR
10/08/2025,01:34:43,45.483,-73.72842,-9.0,1.0,SKT-4016,1,1,GYYR
10/08/2025,01:34:51,45.48301,-73.72838,-15.0,1.0,SKT-4016,1,1,GYYR
10/08/2025,01:34:58,45.483,-73.7284,-8.0,1.0,SKT-4016,1,1,GYYR
10/08/2025,01:35:06,45.483,-73.72842,-2.0,1.0,SKT-4016,1,1,GYYR
10/08/2025,01:35:14,45.48299,-73.72842,3.0,1.0,SKT-4016,1,1,GYYR
10/08/2025,01:35:21,45.48299,-73.72844,5.0,1.0,SKT-4016,1,1,GYYR
10/08/2025,01:35:28,45.48298,-73.72845,7.0,1.0,SKT-4016,1,1,GYYR
10/08/2025,01:35:35,45.48298,-73.72845,7.0,1.0,SKT-4016,1,1,GYYR
10/08/2025,01:35:43,45.48297,-73.72845,8.0,1.0,SKT-4016,1,1,GYYR
10/08/2025,01:35:50,45.48294,-73.72842,-3.0,1.0,SKT-4016,1,1,GYYR
10/08/2025,01:35:57,45.48289,-73.72833,-23.0,1.0,SKT-4016,1,1,GYYR
10/08/2025,01:36:05,45.48285,-73.72831,-23.0,1.0,SKT-4016,1,1,GYYR
10/08/2025,01:36:12,45.48286,-73.72836,-20.0,1.0,SKT-4016,1,1,GYYR
10/08/2025,01:36:19,45.48285,-73.72838,-13.0,1.0,SKT-4016,1,1,GYYR
10/08/2025,01:36:27,45.48286,-73.72841,-6.0,1.0,SKT-4016,1,1,GYYR
10/08/2025,01:36:34,45.48288,-73.72843,-1.0,1.0,SKT-4016,1,1,GYYR
10/08/2025,01:36:41,45.48288,-73.72844,2.0,1.0,SKT-4016,1,1,GYYR
10/08/2025,01:36:48,45.48289,-73.72845,6.0,1.0,SKT-4016,1,1,GYYR
10/08/2025,01:36:56,45.48291,-73.72848,10.0,1.0,SKT-4016,1,1,GYYR
10/08/2025,01:37:03,45.48292,-73.72849,12.0,1.0,SKT-4016,1,1,GYYR
10/08/2025,01:37:10,45.48293,-73.72849,13.0,1.0,SKT-4016,1,1,GYYR
10/08/2025,01:37:18,45.48293,-73.72849,14.0,1.0,SKT-4016,1,1,GYYR
10/08/2025,01:37:25,45.48294,-73.7285,14.0,1.0,SKT-4016,1,1,GYYR
10/08/2025,01:37:32,45.48295,-73.7285,15.0,1.0,SKT-4016,1,1,GYYR
10/08/2025,01:37:39,45.48295,-73.7285,15.0,1.0,SKT-4016,1,1,GYYR
10/08/2025,01:37:47,45.48295,-73.7285,15.0,1.0,SKT-4016,1,1,GYYR
10/08/2025,01:37:54,45.48295,-73.72849,15.0,1.0,SKT-4016,1,1,GYYR
10/08/2025,01:38:01,45.48296,-73.72849,15.0,1.0,SKT-4016,1,1,GYYR
10/08/2025,01:38:09,45.48297,-73.72849,16.0,1.0,SKT-4016,1,1,GYYR
10/08/2025,01:38:16,45.48298,-73.72849,16.0,1.0,SKT-4016,1,1,GYYR
10/08/2025,01:38:23,45.48298,-73.72849,16.0,1.0,SKT-4016,1,1,GYYR
10/08/2025,01:38:30,45.48298,-73.72847,15.0,1.0,SKT-4016,1,1,GYYR
10/08/2025,01:38:38,45.48297,-73.72844,11.0,1.0,SKT-4016,1,1,GYYR
10/08/2025,01:38:45,45.48296,-73.72839,5.0,1.0,SKT-4016,1,1,GYYR
10/08/2025,01:38:52,45.48295,-73.72836,0.0,1.0,SKT-4016,1,1,GYYR
10/08/2025,01:39:00,45.48294,-73.72836,4.0,1.0,SKT-4016,1,1,GYYR
10/08/2025,01:39:07,45.48294,-73.72837,8.0,1.0,SKT-4016,1,1,GYYR
10/08/2025,01:39:14,45.48294,-73.72839,12.0,1.0,SKT-4016,1,1,GYYR
10/08/2025,01:39:21,45.48294,-73.72841,14.0,1.0,SKT-4016,1,1,GYYR
10/08/2025,01:39:29,45.48294,-73.72841,16.0,1.0,SKT-4016,1,1,GYYR
10/08/2025,01:39:36,45.48294,-73.72842,15.0,1.0,SKT-4016,1,1,GYYR
10/08/2025,01:39:43,45.48293,-73.7284,12.0,1.0,SKT-4016,1,1,GYYR
10/08/2025,01:39:51,45.4829,-73.72836,7.0,1.0,SKT-4016,1,1,GYYR
10/08/2025,01:39:58,45.48289,-73.72836,6.0,1.0,SKT-4016,1,1,GYYR
10/08/2025,01:40:05,45.48289,-73.72838,8.0,1.0,SKT-4016,1,1,GYYR
10/08/2025,01:40:13,45.4829,-73.72839,12.0,1.0,SKT-4016,1,1,GYYR
10/08/2025,01:40:20,45.48291,-73.7284,13.0,1.0,SKT-4016,1,1,GYYR
10/08/2025,01:40:27,45.48292,-73.72842,13.0,1.0,SKT-4016,1,1,GYYR
10/08/2025,01:40:35,45.48293,-73.72842,13.0,1.0,SKT-4016,1,1,GYYR
10/08/2025,01:40:42,45.48293,-73.72844,13.0,1.0,SKT-4016,1,1,GYYR
10/08/2025,01:40:49,45.48294,-73.72845,13.0,1.0,SKT-4016,1,1,GYYR
10/08/2025,01:40:57,45.48294,-73.72845,13.0,1.0,SKT-4016,1,1,GYYR
10/08/2025,01:41:04,45.48294,-73.72845,13.0,1.0,SKT-4016,1,1,GYYR
10/08/2025,01:41:11,45.48294,-73.72847,13.0,1.0,SKT-4016,1,1,GYYR
10/08/2025,01:41:18,45.48294,-73.72848,14.0,1.0,SKT-4016,1,1,GYYR
10/08/2025,01:41:26,45.48294,-73.72849,13.0,1.0,SKT-4016,1,1,GYYR
10/08/2025,01:41:33,45.48294,-73.72849,13.0,1.0,SKT-4016,1,1,GYYR
10/08/2025,01:41:40,45.48295,-73.7285,13.0,1.0,SKT-4016,1,1,GYYR
10/08/2025,01:41:48,45.48295,-73.72851,13.0,1.0,SKT-4016,1,1,GYYR
10/08/2025,01:41:55,45.48296,-73.72851,14.0,1.0,SKT-4016,1,1,GYYR
10/08/2025,01:42:02,45.48296,-73.72852,16.0,1.0,SKT-4016,1,1,GYYR
10/08/2025,01:42:10,45.48297,-73.72851,17.0,1.0,SKT-4016,1,1,GYYR
10/08/2025,01:42:17,45.48297,-73.7285,17.0,1.0,SKT-4016,1,1,GYYR
10/08/2025,01:42:24,45.48297,-73.7285,17.0,1.0,SKT-4016,1,1,GYYR
10/08/2025,01:42:32,45.48297,-73.7285,18.0,1.0,SKT-4016,1,1,GYYR
10/08/2025,01:42:39,45.48297,-73.7285,18.0,1.0,SKT-4016,1,1,GYYR
10/08/2025,01:42:46,45.48297,-73.7285,18.0,1.0,SKT-4016,1,1,GYYR
10/08/2025,01:42:54,45.48297,-73.7285,17.0,1.0,SKT-4016,1,1,GYYR
10/08/2025,01:43:01,45.48297,-73.72849,17.0,1.0,SKT-4016,1,1,GYYR
10/08/2025,01:43:08,45.48297,-73.72849,16.0,1.0,SKT-4016,1,1,GYYR
10/08/2025,01:43:16,45.48297,-73.72848,15.0,1.0,SKT-4016,1,1,GYYR
10/08/2025,01:43:24,45.48298,-73.72848,15.0,1.0,SKT-4016,1,1,GYYR
10/08/2025,01:43:31,45.48298,-73.72847,16.0,1.0,SKT-4016,1,1,GYYR
10/08/2025,01:43:38,45.48298,-73.72847,17.0,1.0,SKT-4016,1,1,GYYR
10/08/2025,01:43:46,45.48299,-73.72848,18.0,1.0,SKT-4016,1,1,GYYR
10/08/2025,01:43:54,45.48299,-73.72848,19.0,1.0,SKT-4016,1,1,GYYR
10/08/2025,01:44:01,45.483,-73.72849,19.0,1.0,SKT-4016,1,1,GYYR
10/08/2025,01:44:08,45.483,-73.7285,20.0,1.0,SKT-4016,1,1,GYYR
10/08/2025,01:44:15,45.48301,-73.7285,21.0,1.0,SKT-4016,1,1,GYYR
10/08/2025,01:44:23,45.48301,-73.72852,22.0,1.0,SKT-4016,1,1,GYYR
10/08/2025,01:44:30,45.48301,-73.72852,21.0,1.0,SKT-4016,1,1,GYYR
10/08/2025,01:44:37,45.48301,-73.72852,21.0,1.0,SKT-4016,1,1,GYYR
10/08/2025,01:44:45,45.48301,-73.72852,20.0,1.0,SKT-4016,1,1,GYYR
10/08/2025,01:44:52,45.483,-73.72852,19.0,1.0,SKT-4016,1,1,GYYR
10/08/2025,01:44:59,45.48299,-73.72852,20.0,1.0,SKT-4016,1,1,GYYR
10/08/2025,01:45:07,45.48299,-73.72852,20.0,1.0,SKT-4016,1,1,GYYR
10/08/2025,01:45:14,45.48299,-73.72853,20.0,1.0,SKT-4016,1,1,GYYR
10/08/2025,01:45:21,45.48299,-73.72854,19.0,1.0,SKT-4016,1,1,GYYR
10/08/2025,01:45:28,45.48299,-73.72854,19.0,1.0,SKT-4016,1,1,GYYR
10/08/2025,01:45:36,45.483,-73.72855,18.0,1.0,SKT-4016,1,1,GYYR
10/08/2025,01:45:43,45.483,-73.72854,18.0,1.0,SKT-4016,1,1,GYYR
10/08/2025,01:45:50,45.48301,-73.72854,17.0,1.0,SKT-4016,1,1,GYYR
10/08/2025,01:45:58,45.483,-73.72854,18.0,1.0,SKT-4016,1,1,GYYR
10/08/2025,01:46:05,45.48299,-73.72854,18.0,1.0,SKT-4016,1,1,GYYR
10/08/2025,01:46:12,45.48299,-73.72855,18.0,1.0,SKT-4016,1,1,GYYR
10/08/2025,01:46:20,45.48299,-73.72855,17.0,1.0,SKT-4016,1,1,GYYR
10/08/2025,01:46:27,45.48299,-73.72855,16.0,1.0,SKT-4016,1,1,GYYR
10/08/2025,01:46:34,45.48299,-73.72854,16.0,1.0,SKT-4016,1,1,GYYR
10/08/2025,01:46:42,45.48298,-73.72854,16.0,1.0,SKT-4016,1,1,GYYR
10/08/2025,01:46:49,45.48297,-73.72853,14.0,1.0,SKT-4016,1,1,GYYR
10/08/2025,01:46:56,45.48293,-73.7285,8.0,1.0,SKT-4016,1,1,GYYR
10/08/2025,01:47:03,45.48286,-73.72844,-5.0,1.0,SKT-4016,1,1,GYYR
10/08/2025,01:47:11,45.48283,-73.72839,-10.0,1.0,SKT-4016,1,1,GYYR
10/08/2025,01:47:18,45.48281,-73.72836,-15.0,1.0,SKT-4016,1,1,GYYR
10/08/2025,01:47:25,45.48279,-73.72836,-19.0,1.0,SKT-4016,1,1,GYYR
10/08/2025,01:47:33,45.48278,-73.72836,-21.0,1.0,SKT-4016,1,1,GYYR
10/08/2025,01:47:40,45.48278,-73.72835,-25.0,1.0,SKT-4016,1,1,GYYR
10/08/2025,01:47:47,45.48278,-73.72835,-27.0,1.0,SKT-4016,1,1,GYYR
10/08/2025,01:47:54,45.4828,-73.72835,-27.0,1.0,SKT-4016,1,1,GYYR
10/08/2025,01:48:02,45.48286,-73.72833,-24.0,1.0,SKT-4016,1,1,GYYR
10/08/2025,01:48:09,45.48292,-73.72832,-18.0,1.0,SKT-4016,1,1,GYYR
10/08/2025,01:48:16,45.48294,-73.72834,-15.0,1.0,SKT-4016,1,1,GYYR
10/08/2025,01:48:24,45.48296,-73.72837,-9.0,1.0,SKT-4016,1,1,GYYR
10/08/2025,01:48:31,45.48296,-73.72839,-4.0,1.0,SKT-4016,1,1,GYYR
10/08/2025,01:48:38,45.48296,-73.72842,1.0,1.0,SKT-4016,1,1,GYYR
10/08/2025,01:48:45,45.48297,-73.72844,4.0,1.0,SKT-4016,1,1,GYYR
10/08/2025,01:48:53,45.48297,-73.72846,7.0,1.0,SKT-4016,1,1,GYYR
10/08/2025,01:49:00,45.48297,-73.72847,8.0,1.0,SKT-4016,1,1,GYYR
10/08/2025,01:49:07,45.48298,-73.72847,8.0,1.0,SKT-4016,1,1,GYYR
10/08/2025,01:49:15,45.48298,-73.72848,9.0,1.0,SKT-4016,1,1,GYYR
10/08/2025,01:49:22,45.48298,-73.72848,9.0,1.0,SKT-4016,1,1,GYYR
10/08/2025,01:49:30,45.48298,-73.72849,12.0,1.0,SKT-4016,1,1,GYYR
10/08/2025,01:49:37,45.48298,-73.72849,14.0,1.0,SKT-4016,1,1,GYYR
10/08/2025,01:49:44,45.48297,-73.7285,17.0,1.0,SKT-4016,1,1,GYYR
10/08/2025,01:49:51,45.48297,-73.7285,14.0,1.0,SKT-4016,1,1,GYYR
10/08/2025,01:49:59,45.48297,-73.7285,13.0,1.0,SKT-4016,1,1,GYYR
10/08/2025,01:50:06,45.48297,-73.7285,14.0,1.0,SKT-4016,1,1,GYYR
10/08/2025,01:50:13,45.48297,-73.7285,14.0,1.0,SKT-4016,1,1,GYYR
10/08/2025,01:50:21,45.48297,-73.72851,15.0,1.0,SKT-4016,1,1,GYYR
10/08/2025,01:50:28,45.48296,-73.72852,16.0,1.0,SKT-4016,1,1,GYYR
10/08/2025,01:50:35,45.48296,-73.72852,17.0,1.0,SKT-4016,1,1,GYYR
10/08/2025,01:50:43,45.48295,-73.72852,18.0,1.0,SKT-4016,1,1,GYYR
10/08/2025,01:50:50,45.48294,-73.72852,19.0,1.0,SKT-4016,1,1,GYYR
10/08/2025,01:50:57,45.48294,-73.72852,19.0,1.0,SKT-4016,1,1,GYYR
10/08/2025,01:51:04,45.48294,-73.72852,19.0,1.0,SKT-4016,1,1,GYYR
10/08/2025,01:51:12,45.48294,-73.72852,19.0,1.0,SKT-4016,1,1,GYYR
10/08/2025,01:51:19,45.48294,-73.72852,19.0,1.0,SKT-4016,1,1,GYYR
10/08/2025,01:51:26,45.48296,-73.72852,19.0,1.0,SKT-4016,1,1,GYYR
10/08/2025,01:51:34,45.48296,-73.72852,18.0,1.0,SKT-4016,1,1,GYYR
10/08/2025,01:51:41,45.48297,-73.72852,18.0,1.0,SKT-4016,1,1,GYYR
10/08/2025,01:51:48,45.48297,-73.72851,18.0,1.0,SKT-4016,1,1,GYYR
10/08/2025,01:51:56,45.48297,-73.72851,18.0,1.0,SKT-4016,1,1,GYYR
10/08/2025,01:52:03,45.48297,-73.7285,17.0,1.0,SKT-4016,1,1,GYYR
10/08/2025,01:52:10,45.48297,-73.7285,17.0,1.0,SKT-4016,1,1,GYYR
10/08/2025,01:52:17,45.48297,-73.7285,17.0,1.0,SKT-4016,1,1,GYYR
10/08/2025,01:52:25,45.48297,-73.72849,16.0,1.0,SKT-4016,1,1,GYYR
10/08/2025,01:52:32,45.48297,-73.72849,16.0,1.0,SKT-4016,1,1,GYYR
10/08/2025,01:52:39,45.48297,-73.72849,17.0,1.0,SKT-4016,1,1,GYYR
10/08/2025,01:52:47,45.48297,-73.72849,17.0,1.0,SKT-4016,1,1,GYYR
10/08/2025,01:52:54,45.48297,-73.72849,16.0,1.0,SKT-4016,1,1,GYYR
10/08/2025,01:53:01,45.48297,-73.72849,16.0,1.0,SKT-4016,1,1,GYYR
10/08/2025,01:53:08,45.48297,-73.72849,16.0,1.0,SKT-4016,1,1,GYYR
10/08/2025,01:53:16,45.48298,-73.72849,16.0,1.0,SKT-4016,1,1,GYYR
10/08/2025,01:53:24,45.48298,-73.72849,16.0,1.0,SKT-4016,1,1,GYYR
10/08/2025,01:53:31,45.48298,-73.72849,16.0,1.0,SKT-4016,1,1,GYYR
10/08/2025,01:53:39,45.48298,-73.72849,15.0,1.0,SKT-4016,1,1,GYYR
10/08/2025,01:53:46,45.48298,-73.72849,13.0,1.0,SKT-4016,1,1,GYYR
10/08/2025,01:53:53,45.48296,-73.72849,11.0,1.0,SKT-4016,1,1,GYYR
10/08/2025,01:54:01,45.48295,-73.72845,6.0,1.0,SKT-4016,1,1,GYYR
10/08/2025,01:54:08,45.48294,-73.72843,2.0,1.0,SKT-4016,1,1,GYYR
10/08/2025,01:54:15,45.48294,-73.72843,3.0,1.0,SKT-4016,1,1,GYYR
10/08/2025,01:54:23,45.48295,-73.72845,6.0,1.0,SKT-4016,1,1,GYYR
10/08/2025,01:54:30,45.48296,-73.72845,7.0,1.0,SKT-4016,1,1,GYYR
10/08/2025,01:54:37,45.48296,-73.72845,9.0,1.0,SKT-4016,1,1,GYYR
10/08/2025,01:54:45,45.48297,-73.72846,11.0,1.0,SKT-4016,1,1,GYYR
10/08/2025,01:54:52,45.48299,-73.72846,12.0,1.0,SKT-4016,1,1,GYYR
10/08/2025,01:54:59,45.48299,-73.72846,12.0,1.0,SKT-4016,1,1,GYYR
10/08/2025,01:55:06,45.48299,-73.72847,14.0,1.0,SKT-4016,1,1,GYYR
10/08/2025,01:55:14,45.48299,-73.72849,17.0,1.0,SKT-4016,1,1,GYYR
10/08/2025,01:55:21,45.48299,-73.72849,16.0,1.0,SKT-4016,1,1,GYYR
10/08/2025,01:55:28,45.48299,-73.72849,14.0,1.0,SKT-4016,1,1,GYYR
10/08/2025,01:55:36,45.483,-73.72848,13.0,1.0,SKT-4016,1,1,GYYR
10/08/2025,01:55:43,45.48299,-73.72845,7.0,1.0,SKT-4016,1,1,GYYR
10/08/2025,01:55:50,45.483,-73.72845,3.0,1.0,SKT-4016,1,1,GYYR
10/08/2025,01:55:58,45.483,-73.72844,-2.0,1.0,SKT-4016,1,1,GYYR
10/08/2025,01:56:05,45.48301,-73.72844,-5.0,1.0,SKT-4016,1,1,GYYR
10/08/2025,01:56:12,45.48301,-73.72842,-5.0,1.0,SKT-4016,1,1,GYYR
10/08/2025,01:56:19,45.48301,-73.72842,-5.0,1.0,SKT-4016,1,1,GYYR
10/08/2025,01:56:27,45.48301,-73.72842,-4.0,1.0,SKT-4016,1,1,GYYR
10/08/2025,01:56:34,45.48301,-73.72841,-4.0,1.0,SKT-4016,1,1,GYYR
10/08/2025,01:56:41,45.48301,-73.72839,-10.0,1.0,SKT-4016,1,1,GYYR
10/08/2025,01:56:49,45.48302,-73.72834,-15.0,1.0,SKT-4016,1,1,GYYR
10/08/2025,01:56:56,45.48302,-73.72833,-18.0,1.0,SKT-4016,1,1,GYYR
10/08/2025,01:57:03,45.48301,-73.72834,-18.0,1.0,SKT-4016,1,1,GYYR
10/08/2025,01:57:10,45.48301,-73.72836,-14.0,1.0,SKT-4016,1,1,GYYR
10/08/2025,01:57:18,45.48301,-73.72839,-9.0,1.0,SKT-4016,1,1,GYYR
10/08/2025,01:57:25,45.483,-73.72841,-5.0,1.0,SKT-4016,1,1,GYYR
10/08/2025,01:57:32,45.483,-73.72842,-3.0,1.0,SKT-4016,1,1,GYYR
10/08/2025,01:57:40,45.48301,-73.72842,-5.0,1.0,SKT-4016,1,1,GYYR
10/08/2025,01:57:47,45.48302,-73.72841,-5.0,1.0,SKT-4016,1,1,GYYR
10/08/2025,01:57:55,45.48301,-73.72841,-6.0,1.0,SKT-4016,1,1,GYYR
10/08/2025,01:58:02,45.48301,-73.72841,-6.0,1.0,SKT-4016,1,1,GYYR
10/08/2025,01:58:09,45.48301,-73.7284,-6.0,1.0,SKT-4016,1,1,GYYR
10/08/2025,01:58:16,45.483,-73.72841,-3.0,1.0,SKT-4016,1,1,GYYR
10/08/2025,01:58:24,45.483,-73.7284,0.0,1.0,SKT-4016,1,1,GYYR
10/08/2025,01:58:31,45.483,-73.72842,1.0,1.0,SKT-4016,1,1,GYYR
10/08/2025,01:58:38,45.48301,-73.72842,3.0,1.0,SKT-4016,1,1,GYYR
10/08/2025,01:58:46,45.48301,-73.72844,5.0,1.0,SKT-4016,1,1,GYYR
10/08/2025,01:58:53,45.48301,-73.72844,7.0,1.0,SKT-4016,1,1,GYYR
10/08/2025,01:59:00,45.48301,-73.72844,8.0,1.0,SKT-4016,1,1,GYYR
10/08/2025,01:59:07,45.48301,-73.72845,8.0,1.0,SKT-4016,1,1,GYYR
10/08/2025,01:59:15,45.48301,-73.72846,7.0,1.0,SKT-4016,1,1,GYYR
10/08/2025,01:59:22,45.48301,-73.72846,6.0,1.0,SKT-4016,1,1,GYYR
10/08/2025,01:59:29,45.48301,-73.72845,5.0,1.0,SKT-4016,1,1,GYYR
10/08/2025,01:59:37,45.48301,-73.72845,4.0,1.0,SKT-4016,1,1,GYYR
10/08/2025,01:59:44,45.48301,-73.72844,5.0,1.0,SKT-4016,1,1,GYYR
10/08/2025,01:59:51,45.483,-73.72844,6.0,1.0,SKT-4016,1,1,GYYR
10/08/2025,01:59:59,45.48299,-73.72845,7.0,1.0,SKT-4016,1,1,GYYR
